8
128
2.4.4.4
No PMIx server was reachable, but a PMI1/2 was detected.
If srun is being used to launch application,  128 singletons will be started.
SharedMemoryMpi:  World communicator of size 1
SharedMemoryMpi:  Node  communicator of size 1
SharedMemoryMpi: SharedMemoryAllocate 17179869184 SHMOPEN implementation 
SharedMemoryMpi:  World communicator of size 1
SharedMemoryMpi:  Node  communicator of size 1
SharedMemoryMpi: SharedMemoryAllocate 17179869184 SHMOPEN implementation 
SharedMemoryMpi:  World communicator of size 1
SharedMemoryMpi:  Node  communicator of size 1
SharedMemoryMpi: SharedMemoryAllocate 17179869184 SHMOPEN implementation 
SharedMemoryMpi:  World communicator of size 1
SharedMemoryMpi:  Node  communicator of size 1
SharedMemoryMpi: SharedMemoryAllocate 17179869184 SHMOPEN implementation 
SharedMemoryMpi:  World communicator of size 1
SharedMemoryMpi:  Node  communicator of size 1
SharedMemoryMpi: SharedMemoryAllocate 17179869184 SHMOPEN implementation 
SharedMemoryMpi:  World communicator of size 1
SharedMemoryMpi:  Node  communicator of size 1
SharedMemoryMpi: SharedMemoryAllocate 17179869184 SHMOPEN implementation 
SharedMemoryMpi:  World communicator of size 1
SharedMemoryMpi:  Node  communicator of size 1
SharedMemoryMpi: SharedMemoryAllocate 17179869184 SHMOPEN implementation 
SharedMemoryMpi:  World communicator of size 1
SharedMemoryMpi:  Node  communicator of size 1
SharedMemoryMpi: SharedMemoryAllocate 17179869184 SHMOPEN implementation 
SharedMemoryMpi:  World communicator of size 1
SharedMemoryMpi:  Node  communicator of size 1
SharedMemoryMpi: SharedMemoryAllocate 17179869184 SHMOPEN implementation 
SharedMemoryMpi:  World communicator of size 1
SharedMemoryMpi:  Node  communicator of size 1
SharedMemoryMpi: SharedMemoryAllocate 17179869184 SHMOPEN implementation 
SharedMemoryMpi:  World communicator of size 1
SharedMemoryMpi:  Node  communicator of size 1
SharedMemoryMpi: SharedMemoryAllocate 17179869184 SHMOPEN implementation 
SharedMemoryMpi:  World communicator of size 1
SharedMemoryMpi:  Node  communicator of size 1
SharedMemoryMpi: SharedMemoryAllocate 17179869184 SHMOPEN implementation 
SharedMemoryMpi:  World communicator of size 1
SharedMemoryMpi:  Node  communicator of size 1
SharedMemoryMpi: SharedMemoryAllocate 17179869184 SHMOPEN implementation 
SharedMemoryMpi:  World communicator of size 1
SharedMemoryMpi:  Node  communicator of size 1
SharedMemoryMpi: SharedMemoryAllocate 17179869184 SHMOPEN implementation 
SharedMemoryMpi:  World communicator of size 1
SharedMemoryMpi:  Node  communicator of size 1
SharedMemoryMpi: SharedMemoryAllocate 17179869184 SHMOPEN implementation 
SharedMemoryMpi:  World communicator of size 1
SharedMemoryMpi:  Node  communicator of size 1
SharedMemoryMpi: SharedMemoryAllocate 17179869184 SHMOPEN implementation 
SharedMemoryMpi:  World communicator of size 1
SharedMemoryMpi:  Node  communicator of size 1
SharedMemoryMpi: SharedMemoryAllocate 17179869184 SHMOPEN implementation 
SharedMemoryMpi:  World communicator of size 1
SharedMemoryMpi:  Node  communicator of size 1
SharedMemoryMpi: SharedMemoryAllocate 17179869184 SHMOPEN implementation 
SharedMemoryMpi:  World communicator of size 1
SharedMemoryMpi:  Node  communicator of size 1
SharedMemoryMpi: SharedMemoryAllocate 17179869184 SHMOPEN implementation 
SharedMemoryMpi:  World communicator of size 1
SharedMemoryMpi:  Node  communicator of size 1
SharedMemoryMpi: SharedMemoryAllocate 17179869184 SHMOPEN implementation 
SharedMemoryMpi:  World communicator of size 1
SharedMemoryMpi:  Node  communicator of size 1
SharedMemoryMpi: SharedMemoryAllocate 17179869184 SHMOPEN implementation 
SharedMemoryMpi:  World communicator of size 1
SharedMemoryMpi:  Node  communicator of size 1
SharedMemoryMpi: SharedMemoryAllocate 17179869184 SHMOPEN implementation 
SharedMemoryMpi:  World communicator of size 1
SharedMemoryMpi:  Node  communicator of size 1
SharedMemoryMpi: SharedMemoryAllocate 17179869184 SHMOPEN implementation 
SharedMemoryMpi:  World communicator of size 1
SharedMemoryMpi:  Node  communicator of size 1
SharedMemoryMpi: SharedMemoryAllocate 17179869184 SHMOPEN implementation 
SharedMemoryMpi:  World communicator of size 1
SharedMemoryMpi:  Node  communicator of size 1
SharedMemoryMpi: SharedMemoryAllocate 17179869184 SHMOPEN implementation 
SharedMemoryMpi:  World communicator of size 1
SharedMemoryMpi:  Node  communicator of size 1
SharedMemoryMpi: SharedMemoryAllocate 17179869184 SHMOPEN implementation 
SharedMemoryMpi:  World communicator of size 1
SharedMemoryMpi:  Node  communicator of size 1
SharedMemoryMpi: SharedMemoryAllocate 17179869184 SHMOPEN implementation 
SharedMemoryMpi:  World communicator of size 1
SharedMemoryMpi:  Node  communicator of size 1
SharedMemoryMpi: SharedMemoryAllocate 17179869184 SHMOPEN implementation 
SharedMemoryMpi:  World communicator of size 1
SharedMemoryMpi:  Node  communicator of size 1
SharedMemoryMpi: SharedMemoryAllocate 17179869184 SHMOPEN implementation 
SharedMemoryMpi:  World communicator of size 1
SharedMemoryMpi:  Node  communicator of size 1
SharedMemoryMpi: SharedMemoryAllocate 17179869184 SHMOPEN implementation 
SharedMemoryMpi:  World communicator of size 1
SharedMemoryMpi:  Node  communicator of size 1
SharedMemoryMpi: SharedMemoryAllocate 17179869184 SHMOPEN implementation 
SharedMemoryMpi:  World communicator of size 1
SharedMemoryMpi:  Node  communicator of size 1
SharedMemoryMpi: SharedMemoryAllocate 17179869184 SHMOPEN implementation 
SharedMemoryMpi:  World communicator of size 1
SharedMemoryMpi:  Node  communicator of size 1
SharedMemoryMpi: SharedMemoryAllocate 17179869184 SHMOPEN implementation 
SharedMemoryMpi:  World communicator of size 1
SharedMemoryMpi:  Node  communicator of size 1
SharedMemoryMpi: SharedMemoryAllocate 17179869184 SHMOPEN implementation 
SharedMemoryMpi:  World communicator of size 1
SharedMemoryMpi:  Node  communicator of size 1
SharedMemoryMpi: SharedMemoryAllocate 17179869184 SHMOPEN implementation 
SharedMemoryMpi:  World communicator of size 1
SharedMemoryMpi:  Node  communicator of size 1
SharedMemoryMpi: SharedMemoryAllocate 17179869184 SHMOPEN implementation 
SharedMemoryMpi:  World communicator of size 1
SharedMemoryMpi:  Node  communicator of size 1
SharedMemoryMpi: SharedMemoryAllocate 17179869184 SHMOPEN implementation 
SharedMemoryMpi:  World communicator of size 1
SharedMemoryMpi:  Node  communicator of size 1
SharedMemoryMpi: SharedMemoryAllocate 17179869184 SHMOPEN implementation 
SharedMemoryMpi:  World communicator of size 1
SharedMemoryMpi:  Node  communicator of size 1
SharedMemoryMpi: SharedMemoryAllocate 17179869184 SHMOPEN implementation 
SharedMemoryMpi:  World communicator of size 1
SharedMemoryMpi:  Node  communicator of size 1
SharedMemoryMpi: SharedMemoryAllocate 17179869184 SHMOPEN implementation 
SharedMemoryMpi:  World communicator of size 1
SharedMemoryMpi:  Node  communicator of size 1
SharedMemoryMpi: SharedMemoryAllocate 17179869184 SHMOPEN implementation 
SharedMemoryMpi:  World communicator of size 1
SharedMemoryMpi:  Node  communicator of size 1
SharedMemoryMpi: SharedMemoryAllocate 17179869184 SHMOPEN implementation 
SharedMemoryMpi:  World communicator of size 1
SharedMemoryMpi:  Node  communicator of size 1
SharedMemoryMpi: SharedMemoryAllocate 17179869184 SHMOPEN implementation 
SharedMemoryMpi:  World communicator of size 1
SharedMemoryMpi:  Node  communicator of size 1
SharedMemoryMpi: SharedMemoryAllocate 17179869184 SHMOPEN implementation 
SharedMemoryMpi:  World communicator of size 1
SharedMemoryMpi:  Node  communicator of size 1
SharedMemoryMpi: SharedMemoryAllocate 17179869184 SHMOPEN implementation 
SharedMemoryMpi:  World communicator of size 1
SharedMemoryMpi:  Node  communicator of size 1
SharedMemoryMpi: SharedMemoryAllocate 17179869184 SHMOPEN implementation 
SharedMemoryMpi:  World communicator of size 1
SharedMemoryMpi:  Node  communicator of size 1
SharedMemoryMpi: SharedMemoryAllocate 17179869184 SHMOPEN implementation 
SharedMemoryMpi:  World communicator of size 1
SharedMemoryMpi:  Node  communicator of size 1
SharedMemoryMpi: SharedMemoryAllocate 17179869184 SHMOPEN implementation 
SharedMemoryMpi:  World communicator of size 1
SharedMemoryMpi:  Node  communicator of size 1
SharedMemoryMpi: SharedMemoryAllocate 17179869184 SHMOPEN implementation 
SharedMemoryMpi:  World communicator of size 1
SharedMemoryMpi:  Node  communicator of size 1
SharedMemoryMpi: SharedMemoryAllocate 17179869184 SHMOPEN implementation 
SharedMemoryMpi:  World communicator of size 1
SharedMemoryMpi:  Node  communicator of size 1
SharedMemoryMpi: SharedMemoryAllocate 17179869184 SHMOPEN implementation 
SharedMemoryMpi:  World communicator of size 1
SharedMemoryMpi:  Node  communicator of size 1
SharedMemoryMpi: SharedMemoryAllocate 17179869184 SHMOPEN implementation 
SharedMemoryMpi:  World communicator of size 1
SharedMemoryMpi:  Node  communicator of size 1
SharedMemoryMpi: SharedMemoryAllocate 17179869184 SHMOPEN implementation 
SharedMemoryMpi:  World communicator of size 1
SharedMemoryMpi:  Node  communicator of size 1
SharedMemoryMpi: SharedMemoryAllocate 17179869184 SHMOPEN implementation 
SharedMemoryMpi:  World communicator of size 1
SharedMemoryMpi:  Node  communicator of size 1
SharedMemoryMpi: SharedMemoryAllocate 17179869184 SHMOPEN implementation 
SharedMemoryMpi:  World communicator of size 1
SharedMemoryMpi:  Node  communicator of size 1
SharedMemoryMpi: SharedMemoryAllocate 17179869184 SHMOPEN implementation 
SharedMemoryMpi:  World communicator of size 1
SharedMemoryMpi:  Node  communicator of size 1
SharedMemoryMpi: SharedMemoryAllocate 17179869184 SHMOPEN implementation 
SharedMemoryMpi:  World communicator of size 1
SharedMemoryMpi:  Node  communicator of size 1
SharedMemoryMpi: SharedMemoryAllocate 17179869184 SHMOPEN implementation 
SharedMemoryMpi:  World communicator of size 1
SharedMemoryMpi:  Node  communicator of size 1
SharedMemoryMpi: SharedMemoryAllocate 17179869184 SHMOPEN implementation 
SharedMemoryMpi:  World communicator of size 1
SharedMemoryMpi:  Node  communicator of size 1
SharedMemoryMpi: SharedMemoryAllocate 17179869184 SHMOPEN implementation 
SharedMemoryMpi:  World communicator of size 1
SharedMemoryMpi:  Node  communicator of size 1
SharedMemoryMpi: SharedMemoryAllocate 17179869184 SHMOPEN implementation 
SharedMemoryMpi:  World communicator of size 1
SharedMemoryMpi:  Node  communicator of size 1
SharedMemoryMpi: SharedMemoryAllocate 17179869184 SHMOPEN implementation 
SharedMemoryMpi:  World communicator of size 1
SharedMemoryMpi:  Node  communicator of size 1
SharedMemoryMpi: SharedMemoryAllocate 17179869184 SHMOPEN implementation 
SharedMemoryMpi:  World communicator of size 1
SharedMemoryMpi:  Node  communicator of size 1
SharedMemoryMpi: SharedMemoryAllocate 17179869184 SHMOPEN implementation 
SharedMemoryMpi:  World communicator of size 1
SharedMemoryMpi:  Node  communicator of size 1
SharedMemoryMpi: SharedMemoryAllocate 17179869184 SHMOPEN implementation 
SharedMemoryMpi:  World communicator of size 1
SharedMemoryMpi:  Node  communicator of size 1
SharedMemoryMpi: SharedMemoryAllocate 17179869184 SHMOPEN implementation 
SharedMemoryMpi:  World communicator of size 1
SharedMemoryMpi:  Node  communicator of size 1
SharedMemoryMpi: SharedMemoryAllocate 17179869184 SHMOPEN implementation 
SharedMemoryMpi:  World communicator of size 1
SharedMemoryMpi:  Node  communicator of size 1
SharedMemoryMpi: SharedMemoryAllocate 17179869184 SHMOPEN implementation 
SharedMemoryMpi:  World communicator of size 1
SharedMemoryMpi:  Node  communicator of size 1
SharedMemoryMpi: SharedMemoryAllocate 17179869184 SHMOPEN implementation 
SharedMemoryMpi:  World communicator of size 1
SharedMemoryMpi:  Node  communicator of size 1
SharedMemoryMpi: SharedMemoryAllocate 17179869184 SHMOPEN implementation 
SharedMemoryMpi:  World communicator of size 1
SharedMemoryMpi:  Node  communicator of size 1
SharedMemoryMpi: SharedMemoryAllocate 17179869184 SHMOPEN implementation 
SharedMemoryMpi:  World communicator of size 1
SharedMemoryMpi:  Node  communicator of size 1
SharedMemoryMpi: SharedMemoryAllocate 17179869184 SHMOPEN implementation 
SharedMemoryMpi:  World communicator of size 1
SharedMemoryMpi:  Node  communicator of size 1
SharedMemoryMpi: SharedMemoryAllocate 17179869184 SHMOPEN implementation 
SharedMemoryMpi:  World communicator of size 1
SharedMemoryMpi:  Node  communicator of size 1
SharedMemoryMpi: SharedMemoryAllocate 17179869184 SHMOPEN implementation 
SharedMemoryMpi:  World communicator of size 1
SharedMemoryMpi:  Node  communicator of size 1
SharedMemoryMpi: SharedMemoryAllocate 17179869184 SHMOPEN implementation 
SharedMemoryMpi:  World communicator of size 1
SharedMemoryMpi:  Node  communicator of size 1
SharedMemoryMpi: SharedMemoryAllocate 17179869184 SHMOPEN implementation 
SharedMemoryMpi:  World communicator of size 1
SharedMemoryMpi:  Node  communicator of size 1
SharedMemoryMpi: SharedMemoryAllocate 17179869184 SHMOPEN implementation 
SharedMemoryMpi:  World communicator of size 1
SharedMemoryMpi:  Node  communicator of size 1
SharedMemoryMpi: SharedMemoryAllocate 17179869184 SHMOPEN implementation 
SharedMemoryMpi:  World communicator of size 1
SharedMemoryMpi:  Node  communicator of size 1
SharedMemoryMpi: SharedMemoryAllocate 17179869184 SHMOPEN implementation 
SharedMemoryMpi:  World communicator of size 1
SharedMemoryMpi:  Node  communicator of size 1
SharedMemoryMpi: SharedMemoryAllocate 17179869184 SHMOPEN implementation 
SharedMemoryMpi:  World communicator of size 1
SharedMemoryMpi:  Node  communicator of size 1
SharedMemoryMpi: SharedMemoryAllocate 17179869184 SHMOPEN implementation 
SharedMemoryMpi:  World communicator of size 1
SharedMemoryMpi:  Node  communicator of size 1
SharedMemoryMpi: SharedMemoryAllocate 17179869184 SHMOPEN implementation 
SharedMemoryMpi:  World communicator of size 1
SharedMemoryMpi:  Node  communicator of size 1
SharedMemoryMpi: SharedMemoryAllocate 17179869184 SHMOPEN implementation 
SharedMemoryMpi:  World communicator of size 1
SharedMemoryMpi:  Node  communicator of size 1
SharedMemoryMpi: SharedMemoryAllocate 17179869184 SHMOPEN implementation 
SharedMemoryMpi:  World communicator of size 1
SharedMemoryMpi:  Node  communicator of size 1
SharedMemoryMpi: SharedMemoryAllocate 17179869184 SHMOPEN implementation 
SharedMemoryMpi:  World communicator of size 1
SharedMemoryMpi:  Node  communicator of size 1
SharedMemoryMpi: SharedMemoryAllocate 17179869184 SHMOPEN implementation 
SharedMemoryMpi:  World communicator of size 1
SharedMemoryMpi:  Node  communicator of size 1
SharedMemoryMpi: SharedMemoryAllocate 17179869184 SHMOPEN implementation 
SharedMemoryMpi:  World communicator of size 1
SharedMemoryMpi:  Node  communicator of size 1
SharedMemoryMpi: SharedMemoryAllocate 17179869184 SHMOPEN implementation 
SharedMemoryMpi:  World communicator of size 1
SharedMemoryMpi:  Node  communicator of size 1
SharedMemoryMpi: SharedMemoryAllocate 17179869184 SHMOPEN implementation 
SharedMemoryMpi:  World communicator of size 1
SharedMemoryMpi:  Node  communicator of size 1
SharedMemoryMpi: SharedMemoryAllocate 17179869184 SHMOPEN implementation 
SharedMemoryMpi:  World communicator of size 1
SharedMemoryMpi:  Node  communicator of size 1
SharedMemoryMpi: SharedMemoryAllocate 17179869184 SHMOPEN implementation 
SharedMemoryMpi:  World communicator of size 1
SharedMemoryMpi:  Node  communicator of size 1
SharedMemoryMpi: SharedMemoryAllocate 17179869184 SHMOPEN implementation 
SharedMemoryMpi:  World communicator of size 1
SharedMemoryMpi:  Node  communicator of size 1
SharedMemoryMpi: SharedMemoryAllocate 17179869184 SHMOPEN implementation 
SharedMemoryMpi:  World communicator of size 1
SharedMemoryMpi:  Node  communicator of size 1
SharedMemoryMpi: SharedMemoryAllocate 17179869184 SHMOPEN implementation 
SharedMemoryMpi:  World communicator of size 1
SharedMemoryMpi:  Node  communicator of size 1
SharedMemoryMpi: SharedMemoryAllocate 17179869184 SHMOPEN implementation 
SharedMemoryMpi:  World communicator of size 1
SharedMemoryMpi:  Node  communicator of size 1
SharedMemoryMpi: SharedMemoryAllocate 17179869184 SHMOPEN implementation 
SharedMemoryMpi:  World communicator of size 1
SharedMemoryMpi:  Node  communicator of size 1
SharedMemoryMpi: SharedMemoryAllocate 17179869184 SHMOPEN implementation 
SharedMemoryMpi:  World communicator of size 1
SharedMemoryMpi:  Node  communicator of size 1
SharedMemoryMpi: SharedMemoryAllocate 17179869184 SHMOPEN implementation 
SharedMemoryMpi:  World communicator of size 1
SharedMemoryMpi:  Node  communicator of size 1
SharedMemoryMpi: SharedMemoryAllocate 17179869184 SHMOPEN implementation 
SharedMemoryMpi:  World communicator of size 1
SharedMemoryMpi:  Node  communicator of size 1
SharedMemoryMpi: SharedMemoryAllocate 17179869184 SHMOPEN implementation 
SharedMemoryMpi:  World communicator of size 1
SharedMemoryMpi:  Node  communicator of size 1
SharedMemoryMpi: SharedMemoryAllocate 17179869184 SHMOPEN implementation 
SharedMemoryMpi:  World communicator of size 1
SharedMemoryMpi:  Node  communicator of size 1
SharedMemoryMpi: SharedMemoryAllocate 17179869184 SHMOPEN implementation 
SharedMemoryMpi:  World communicator of size 1
SharedMemoryMpi:  Node  communicator of size 1
SharedMemoryMpi: SharedMemoryAllocate 17179869184 SHMOPEN implementation 
SharedMemoryMpi:  World communicator of size 1
SharedMemoryMpi:  Node  communicator of size 1
SharedMemoryMpi: SharedMemoryAllocate 17179869184 SHMOPEN implementation 
SharedMemoryMpi:  World communicator of size 1
SharedMemoryMpi:  Node  communicator of size 1
SharedMemoryMpi: SharedMemoryAllocate 17179869184 SHMOPEN implementation 
SharedMemoryMpi:  World communicator of size 1
SharedMemoryMpi:  Node  communicator of size 1
SharedMemoryMpi: SharedMemoryAllocate 17179869184 SHMOPEN implementation 
SharedMemoryMpi:  World communicator of size 1
SharedMemoryMpi:  Node  communicator of size 1
SharedMemoryMpi: SharedMemoryAllocate 17179869184 SHMOPEN implementation 
SharedMemoryMpi:  World communicator of size 1
SharedMemoryMpi:  Node  communicator of size 1
SharedMemoryMpi: SharedMemoryAllocate 17179869184 SHMOPEN implementation 
SharedMemoryMpi:  World communicator of size 1
SharedMemoryMpi:  Node  communicator of size 1
SharedMemoryMpi: SharedMemoryAllocate 17179869184 SHMOPEN implementation 
SharedMemoryMpi:  World communicator of size 1
SharedMemoryMpi:  Node  communicator of size 1
SharedMemoryMpi: SharedMemoryAllocate 17179869184 SHMOPEN implementation 
SharedMemoryMpi:  World communicator of size 1
SharedMemoryMpi:  Node  communicator of size 1
SharedMemoryMpi: SharedMemoryAllocate 17179869184 SHMOPEN implementation 
SharedMemoryMpi:  World communicator of size 1
SharedMemoryMpi:  Node  communicator of size 1
SharedMemoryMpi: SharedMemoryAllocate 17179869184 SHMOPEN implementation 
SharedMemoryMpi:  World communicator of size 1
SharedMemoryMpi:  Node  communicator of size 1
SharedMemoryMpi: SharedMemoryAllocate 17179869184 SHMOPEN implementation 
SharedMemoryMpi:  World communicator of size 1
SharedMemoryMpi:  Node  communicator of size 1
SharedMemoryMpi: SharedMemoryAllocate 17179869184 SHMOPEN implementation 
SharedMemoryMpi:  World communicator of size 1
SharedMemoryMpi:  Node  communicator of size 1
SharedMemoryMpi: SharedMemoryAllocate 17179869184 SHMOPEN implementation 
SharedMemoryMpi:  World communicator of size 1
SharedMemoryMpi:  Node  communicator of size 1
SharedMemoryMpi: SharedMemoryAllocate 17179869184 SHMOPEN implementation 
SharedMemoryMpi:  World communicator of size 1
SharedMemoryMpi:  Node  communicator of size 1
SharedMemoryMpi: SharedMemoryAllocate 17179869184 SHMOPEN implementation 
SharedMemoryMpi:  World communicator of size 1
SharedMemoryMpi:  Node  communicator of size 1
SharedMemoryMpi: SharedMemoryAllocate 17179869184 SHMOPEN implementation 
SharedMemoryMpi:  World communicator of size 1
SharedMemoryMpi:  Node  communicator of size 1
SharedMemoryMpi: SharedMemoryAllocate 17179869184 SHMOPEN implementation 
SharedMemoryMpi:  World communicator of size 1
SharedMemoryMpi:  Node  communicator of size 1
SharedMemoryMpi: SharedMemoryAllocate 17179869184 SHMOPEN implementation 
SharedMemoryMpi:  World communicator of size 1
SharedMemoryMpi:  Node  communicator of size 1
SharedMemoryMpi: SharedMemoryAllocate 17179869184 SHMOPEN implementation 
SharedMemoryMpi:  World communicator of size 1
SharedMemoryMpi:  Node  communicator of size 1
SharedMemoryMpi: SharedMemoryAllocate 17179869184 SHMOPEN implementation 
SharedMemoryMpi:  World communicator of size 1
SharedMemoryMpi:  Node  communicator of size 1
SharedMemoryMpi: SharedMemoryAllocate 17179869184 SHMOPEN implementation 
SharedMemoryMpi:  World communicator of size 1
SharedMemoryMpi:  Node  communicator of size 1
SharedMemoryMpi: SharedMemoryAllocate 17179869184 SHMOPEN implementation 
SharedMemoryMpi:  World communicator of size 1
SharedMemoryMpi:  Node  communicator of size 1
SharedMemoryMpi: SharedMemoryAllocate 17179869184 SHMOPEN implementation 
SharedMemoryMpi:  World communicator of size 1
SharedMemoryMpi:  Node  communicator of size 1
SharedMemoryMpi: SharedMemoryAllocate 17179869184 SHMOPEN implementation 

__|__|__|__|__|__|__|__|__|__|__|__|__|__|__
__|__|__|__|__|__|__|__|__|__|__|__|__|__|__
__|_ |  |  |  |  |  |  |  |  |  |  |  | _|__
__|_                                    _|__
__|_   GGGG    RRRR    III    DDDD      _|__
__|_  G        R   R    I     D   D     _|__
__|_  G        R   R    I     D    D    _|__
__|_  G  GG    RRRR     I     D    D    _|__
__|_  G   G    R  R     I     D   D     _|__
__|_   GGGG    R   R   III    DDDD      _|__
__|_                                    _|__
__|__|__|__|__|__|__|__|__|__|__|__|__|__|__
__|__|__|__|__|__|__|__|__|__|__|__|__|__|__
  |  |  |  |  |  |  |  |  |  |  |  |  |  |  


Copyright (C) 2015 Peter Boyle, Azusa Yamaguchi, Guido Cossu, Antonin Portelli and other authors

This program is free software; you can redistribute it and/or modify
it under the terms of the GNU General Public License as published by
the Free Software Foundation; either version 2 of the License, or
(at your option) any later version.

This program is distributed in the hope that it will be useful,
but WITHOUT ANY WARRANTY; without even the implied warranty of
MERCHANTABILITY or FITNESS FOR A PARTICULAR PURPOSE.  See the
GNU General Public License for more details.
Current Grid git commit hash=82d411ca7bb8ec4a5b5c3815df23674cfd291070: (HEAD -> develop, origin/develop, origin/HEAD) clean

Grid : Message : ================================================ 
Grid : Message : MPI is initialised and logging filters activated 
Grid : Message : ================================================ 
Grid : Message : This rank is running on host genoahost095.sdcc.bnl.local at local time 2026-03-04 12:39:03
Grid : Message : Requested 17179869184 byte stencil comms buffers 
Grid : Message : MemoryManager::Init() setting up
Grid : Message : MemoryManager::Init() cache pool for recent host   allocations: SMALL 8 LARGE 2 HUGE 0
Grid : Message : MemoryManager::Init() cache pool for recent device allocations: SMALL 16 LARGE 8 Huge 0
Grid : Message : MemoryManager::Init() cache pool for recent shared allocations: SMALL 16 LARGE 8 Huge 0
Grid : Message : MemoryManager::Init() Unified memory space
Sorting eigenvalues using EvalReSmall
Grid : Message : 0.639000 s : Lattice size: [32 32 32 32]
Example_spec_kryschur: ../../Grid/communicator/SharedMemoryMPI.cc:434: static void Grid::GlobalSharedMemory::OptimalCommunicatorSharedMemory(const Coordinate&, ompi_communicator_t*&, Grid::Coordinate&): Assertion `WorldSize==Nprocessors' failed.
[genoahost095:2398018] *** Process received signal ***
[genoahost095:2398018] Signal: Aborted (6)
[genoahost095:2398018] Signal code:  (-6)
[genoahost095:2398018] [ 0] /lib64/libc.so.6(+0x3fc30)[0x14908d83fc30]
[genoahost095:2398018] [ 1] /lib64/libc.so.6(+0x8d02c)[0x14908d88d02c]
[genoahost095:2398018] [ 2] /lib64/libc.so.6(raise+0x16)[0x14908d83fb86]
[genoahost095:2398018] [ 3] /lib64/libc.so.6(abort+0xd3)[0x14908d829873]
[genoahost095:2398018] [ 4] /lib64/libc.so.6(+0x2979b)[0x14908d82979b]
[genoahost095:2398018] [ 5] /lib64/libc.so.6(+0x388c6)[0x14908d8388c6]
[genoahost095:2398018] [ 6] /direct/sdcc+u/poare/Grid/build/examples/./Example_spec_kryschur[0x4cc186]
[genoahost095:2398018] [ 7] /direct/sdcc+u/poare/Grid/build/examples/./Example_spec_kryschur[0x4cc271]
[genoahost095:2398018] [ 8] /direct/sdcc+u/poare/Grid/build/examples/./Example_spec_kryschur[0x4c7e15]
[genoahost095:2398018] [ 9] /direct/sdcc+u/poare/Grid/build/examples/./Example_spec_kryschur[0x4b5ecf]
[genoahost095:2398018] [10] /direct/sdcc+u/poare/Grid/build/examples/./Example_spec_kryschur[0x41171f]
[genoahost095:2398018] [11] /lib64/libc.so.6(+0x2a610)[0x14908d82a610]
[genoahost095:2398018] [12] /lib64/libc.so.6(__libc_start_main+0x80)[0x14908d82a6c0]
[genoahost095:2398018] [13] /direct/sdcc+u/poare/Grid/build/examples/./Example_spec_kryschur[0x414705]
[genoahost095:2398018] *** End of error message ***

__|__|__|__|__|__|__|__|__|__|__|__|__|__|__
__|__|__|__|__|__|__|__|__|__|__|__|__|__|__
__|_ |  |  |  |  |  |  |  |  |  |  |  | _|__
__|_                                    _|__
__|_   GGGG    RRRR    III    DDDD      _|__
__|_  G        R   R    I     D   D     _|__
__|_  G        R   R    I     D    D    _|__
__|_  G  GG    RRRR     I     D    D    _|__
__|_  G   G    R  R     I     D   D     _|__
__|_   GGGG    R   R   III    DDDD      _|__
__|_                                    _|__
__|__|__|__|__|__|__|__|__|__|__|__|__|__|__
__|__|__|__|__|__|__|__|__|__|__|__|__|__|__
  |  |  |  |  |  |  |  |  |  |  |  |  |  |  


Copyright (C) 2015 Peter Boyle, Azusa Yamaguchi, Guido Cossu, Antonin Portelli and other authors

This program is free software; you can redistribute it and/or modify
it under the terms of the GNU General Public License as published by
the Free Software Foundation; either version 2 of the License, or
(at your option) any later version.

This program is distributed in the hope that it will be useful,
but WITHOUT ANY WARRANTY; without even the implied warranty of
MERCHANTABILITY or FITNESS FOR A PARTICULAR PURPOSE.  See the
GNU General Public License for more details.
Current Grid git commit hash=82d411ca7bb8ec4a5b5c3815df23674cfd291070: (HEAD -> develop, origin/develop, origin/HEAD) clean

Grid : Message : ================================================ 
Grid : Message : MPI is initialised and logging filters activated 
Grid : Message : ================================================ 
Grid : Message : This rank is running on host genoahost095.sdcc.bnl.local at local time 2026-03-04 12:39:03
Grid : Message : Requested 17179869184 byte stencil comms buffers 
Grid : Message : MemoryManager::Init() setting up
Grid : Message : MemoryManager::Init() cache pool for recent host   allocations: SMALL 8 LARGE 2 HUGE 0
Grid : Message : MemoryManager::Init() cache pool for recent device allocations: SMALL 16 LARGE 8 Huge 0
Grid : Message : MemoryManager::Init() cache pool for recent shared allocations: SMALL 16 LARGE 8 Huge 0
Grid : Message : MemoryManager::Init() Unified memory space
Sorting eigenvalues using EvalReSmall
Grid : Message : 0.565000 s : Lattice size: [32 32 32 32]
Example_spec_kryschur: ../../Grid/communicator/SharedMemoryMPI.cc:434: static void Grid::GlobalSharedMemory::OptimalCommunicatorSharedMemory(const Coordinate&, ompi_communicator_t*&, Grid::Coordinate&): Assertion `WorldSize==Nprocessors' failed.
[genoahost095:2398005] *** Process received signal ***
[genoahost095:2398005] Signal: Aborted (6)
[genoahost095:2398005] Signal code:  (-6)
[genoahost095:2398005] [ 0] /lib64/libc.so.6(+0x3fc30)[0x14ba7083fc30]
[genoahost095:2398005] [ 1] /lib64/libc.so.6(+0x8d02c)[0x14ba7088d02c]
[genoahost095:2398005] [ 2] /lib64/libc.so.6(raise+0x16)[0x14ba7083fb86]
[genoahost095:2398005] [ 3] /lib64/libc.so.6(abort+0xd3)[0x14ba70829873]
[genoahost095:2398005] [ 4] /lib64/libc.so.6(+0x2979b)[0x14ba7082979b]
[genoahost095:2398005] [ 5] /lib64/libc.so.6(+0x388c6)[0x14ba708388c6]
[genoahost095:2398005] [ 6] /direct/sdcc+u/poare/Grid/build/examples/./Example_spec_kryschur[0x4cc186]
[genoahost095:2398005] [ 7] /direct/sdcc+u/poare/Grid/build/examples/./Example_spec_kryschur[0x4cc271]
[genoahost095:2398005] [ 8] /direct/sdcc+u/poare/Grid/build/examples/./Example_spec_kryschur[0x4c7e15]
[genoahost095:2398005] [ 9] /direct/sdcc+u/poare/Grid/build/examples/./Example_spec_kryschur[0x4b5ecf]
[genoahost095:2398005] [10] /direct/sdcc+u/poare/Grid/build/examples/./Example_spec_kryschur[0x41171f]
[genoahost095:2398005] [11] /lib64/libc.so.6(+0x2a610)[0x14ba7082a610]
[genoahost095:2398005] [12] /lib64/libc.so.6(__libc_start_main+0x80)[0x14ba7082a6c0]
[genoahost095:2398005] [13] /direct/sdcc+u/poare/Grid/build/examples/./Example_spec_kryschur[0x414705]
[genoahost095:2398005] *** End of error message ***
SharedMemoryMpi:  World communicator of size 1
SharedMemoryMpi:  Node  communicator of size 1
SharedMemoryMpi: SharedMemoryAllocate 17179869184 SHMOPEN implementation 

__|__|__|__|__|__|__|__|__|__|__|__|__|__|__
__|__|__|__|__|__|__|__|__|__|__|__|__|__|__
__|_ |  |  |  |  |  |  |  |  |  |  |  | _|__
__|_                                    _|__
__|_   GGGG    RRRR    III    DDDD      _|__
__|_  G        R   R    I     D   D     _|__
__|_  G        R   R    I     D    D    _|__
__|_  G  GG    RRRR     I     D    D    _|__
__|_  G   G    R  R     I     D   D     _|__
__|_   GGGG    R   R   III    DDDD      _|__
__|_                                    _|__
__|__|__|__|__|__|__|__|__|__|__|__|__|__|__
__|__|__|__|__|__|__|__|__|__|__|__|__|__|__
  |  |  |  |  |  |  |  |  |  |  |  |  |  |  


Copyright (C) 2015 Peter Boyle, Azusa Yamaguchi, Guido Cossu, Antonin Portelli and other authors

This program is free software; you can redistribute it and/or modify
it under the terms of the GNU General Public License as published by
the Free Software Foundation; either version 2 of the License, or
(at your option) any later version.

This program is distributed in the hope that it will be useful,
but WITHOUT ANY WARRANTY; without even the implied warranty of
MERCHANTABILITY or FITNESS FOR A PARTICULAR PURPOSE.  See the
GNU General Public License for more details.
Current Grid git commit hash=82d411ca7bb8ec4a5b5c3815df23674cfd291070: (HEAD -> develop, origin/develop, origin/HEAD) clean

Grid : Message : ================================================ 
Grid : Message : MPI is initialised and logging filters activated 
Grid : Message : ================================================ 
Grid : Message : This rank is running on host genoahost094.sdcc.bnl.local at local time 2026-03-04 12:39:10
Grid : Message : Requested 17179869184 byte stencil comms buffers 
Grid : Message : MemoryManager::Init() setting up
Grid : Message : MemoryManager::Init() cache pool for recent host   allocations: SMALL 8 LARGE 2 HUGE 0
Grid : Message : MemoryManager::Init() cache pool for recent device allocations: SMALL 16 LARGE 8 Huge 0
Grid : Message : MemoryManager::Init() cache pool for recent shared allocations: SMALL 16 LARGE 8 Huge 0
Grid : Message : MemoryManager::Init() Unified memory space
Sorting eigenvalues using EvalReSmall
Grid : Message : 0.673000 s : Lattice size: [32 32 32 32]
Example_spec_kryschur: ../../Grid/communicator/SharedMemoryMPI.cc:434: static void Grid::GlobalSharedMemory::OptimalCommunicatorSharedMemory(const Coordinate&, ompi_communicator_t*&, Grid::Coordinate&): Assertion `WorldSize==Nprocessors' failed.
[genoahost094:2385590] *** Process received signal ***
[genoahost094:2385590] Signal: Aborted (6)
[genoahost094:2385590] Signal code:  (-6)
[genoahost094:2385590] [ 0] /lib64/libc.so.6(+0x3fc30)[0x148590c3fc30]
[genoahost094:2385590] [ 1] /lib64/libc.so.6(+0x8d02c)[0x148590c8d02c]
[genoahost094:2385590] [ 2] /lib64/libc.so.6(raise+0x16)[0x148590c3fb86]
[genoahost094:2385590] [ 3] /lib64/libc.so.6(abort+0xd3)[0x148590c29873]
[genoahost094:2385590] [ 4] /lib64/libc.so.6(+0x2979b)[0x148590c2979b]
[genoahost094:2385590] [ 5] /lib64/libc.so.6(+0x388c6)[0x148590c388c6]
[genoahost094:2385590] [ 6] /direct/sdcc+u/poare/Grid/build/examples/./Example_spec_kryschur[0x4cc186]
[genoahost094:2385590] [ 7] /direct/sdcc+u/poare/Grid/build/examples/./Example_spec_kryschur[0x4cc271]
[genoahost094:2385590] [ 8] /direct/sdcc+u/poare/Grid/build/examples/./Example_spec_kryschur[0x4c7e15]
[genoahost094:2385590] [ 9] /direct/sdcc+u/poare/Grid/build/examples/./Example_spec_kryschur[0x4b5ecf]
[genoahost094:2385590] [10] /direct/sdcc+u/poare/Grid/build/examples/./Example_spec_kryschur[0x41171f]
[genoahost094:2385590] [11] /lib64/libc.so.6(+0x2a610)[0x148590c2a610]
[genoahost094:2385590] [12] /lib64/libc.so.6(__libc_start_main+0x80)[0x148590c2a6c0]
[genoahost094:2385590] [13] /direct/sdcc+u/poare/Grid/build/examples/./Example_spec_kryschur[0x414705]
[genoahost094:2385590] *** End of error message ***
SharedMemoryMpi:  World communicator of size 1
SharedMemoryMpi:  Node  communicator of size 1
SharedMemoryMpi: SharedMemoryAllocate 17179869184 SHMOPEN implementation 
srun: error: genoahost095: task 98: Aborted (core dumped)

__|__|__|__|__|__|__|__|__|__|__|__|__|__|__
__|__|__|__|__|__|__|__|__|__|__|__|__|__|__
__|_ |  |  |  |  |  |  |  |  |  |  |  | _|__
__|_                                    _|__
__|_   GGGG    RRRR    III    DDDD      _|__
__|_  G        R   R    I     D   D     _|__
__|_  G        R   R    I     D    D    _|__
__|_  G  GG    RRRR     I     D    D    _|__
__|_  G   G    R  R     I     D   D     _|__
__|_   GGGG    R   R   III    DDDD      _|__
__|_                                    _|__
__|__|__|__|__|__|__|__|__|__|__|__|__|__|__
__|__|__|__|__|__|__|__|__|__|__|__|__|__|__
  |  |  |  |  |  |  |  |  |  |  |  |  |  |  


Copyright (C) 2015 Peter Boyle, Azusa Yamaguchi, Guido Cossu, Antonin Portelli and other authors

This program is free software; you can redistribute it and/or modify
it under the terms of the GNU General Public License as published by
the Free Software Foundation; either version 2 of the License, or
(at your option) any later version.

This program is distributed in the hope that it will be useful,
but WITHOUT ANY WARRANTY; without even the implied warranty of
MERCHANTABILITY or FITNESS FOR A PARTICULAR PURPOSE.  See the
GNU General Public License for more details.
Current Grid git commit hash=82d411ca7bb8ec4a5b5c3815df23674cfd291070: (HEAD -> develop, origin/develop, origin/HEAD) clean

Grid : Message : ================================================ 
Grid : Message : MPI is initialised and logging filters activated 
Grid : Message : ================================================ 
Grid : Message : This rank is running on host genoahost090.sdcc.bnl.local at local time 2026-03-04 12:39:14
Grid : Message : Requested 17179869184 byte stencil comms buffers 
Grid : Message : MemoryManager::Init() setting up
Grid : Message : MemoryManager::Init() cache pool for recent host   allocations: SMALL 8 LARGE 2 HUGE 0
Grid : Message : MemoryManager::Init() cache pool for recent device allocations: SMALL 16 LARGE 8 Huge 0
Grid : Message : MemoryManager::Init() cache pool for recent shared allocations: SMALL 16 LARGE 8 Huge 0
Grid : Message : MemoryManager::Init() Unified memory space
Sorting eigenvalues using EvalReSmall
Grid : Message : 0.407220 s : Lattice size: [32 32 32 32]
Example_spec_kryschur: ../../Grid/communicator/SharedMemoryMPI.cc:434: static void Grid::GlobalSharedMemory::OptimalCommunicatorSharedMemory(const Coordinate&, ompi_communicator_t*&, Grid::Coordinate&): Assertion `WorldSize==Nprocessors' failed.
[genoahost090:2328910] *** Process received signal ***
[genoahost090:2328910] Signal: Aborted (6)
[genoahost090:2328910] Signal code:  (-6)
[genoahost090:2328910] [ 0] /lib64/libc.so.6(+0x3fc30)[0x1554c7c3fc30]
[genoahost090:2328910] [ 1] /lib64/libc.so.6(+0x8d02c)[0x1554c7c8d02c]
[genoahost090:2328910] [ 2] /lib64/libc.so.6(raise+0x16)[0x1554c7c3fb86]
[genoahost090:2328910] [ 3] /lib64/libc.so.6(abort+0xd3)[0x1554c7c29873]
[genoahost090:2328910] [ 4] /lib64/libc.so.6(+0x2979b)[0x1554c7c2979b]
[genoahost090:2328910] [ 5] /lib64/libc.so.6(+0x388c6)[0x1554c7c388c6]
[genoahost090:2328910] [ 6] /direct/sdcc+u/poare/Grid/build/examples/./Example_spec_kryschur[0x4cc186]
[genoahost090:2328910] [ 7] /direct/sdcc+u/poare/Grid/build/examples/./Example_spec_kryschur[0x4cc271]
[genoahost090:2328910] [ 8] /direct/sdcc+u/poare/Grid/build/examples/./Example_spec_kryschur[0x4c7e15]
[genoahost090:2328910] [ 9] /direct/sdcc+u/poare/Grid/build/examples/./Example_spec_kryschur[0x4b5ecf]
[genoahost090:2328910] [10] /direct/sdcc+u/poare/Grid/build/examples/./Example_spec_kryschur[0x41171f]
[genoahost090:2328910] [11] /lib64/libc.so.6(+0x2a610)[0x1554c7c2a610]
[genoahost090:2328910] [12] /lib64/libc.so.6(__libc_start_main+0x80)[0x1554c7c2a6c0]
[genoahost090:2328910] [13] /direct/sdcc+u/poare/Grid/build/examples/./Example_spec_kryschur[0x414705]
[genoahost090:2328910] *** End of error message ***

__|__|__|__|__|__|__|__|__|__|__|__|__|__|__
__|__|__|__|__|__|__|__|__|__|__|__|__|__|__
__|_ |  |  |  |  |  |  |  |  |  |  |  | _|__
__|_                                    _|__
__|_   GGGG    RRRR    III    DDDD      _|__
__|_  G        R   R    I     D   D     _|__
__|_  G        R   R    I     D    D    _|__
__|_  G  GG    RRRR     I     D    D    _|__
__|_  G   G    R  R     I     D   D     _|__
__|_   GGGG    R   R   III    DDDD      _|__
__|_                                    _|__
__|__|__|__|__|__|__|__|__|__|__|__|__|__|__
__|__|__|__|__|__|__|__|__|__|__|__|__|__|__
  |  |  |  |  |  |  |  |  |  |  |  |  |  |  


Copyright (C) 2015 Peter Boyle, Azusa Yamaguchi, Guido Cossu, Antonin Portelli and other authors

This program is free software; you can redistribute it and/or modify
it under the terms of the GNU General Public License as published by
the Free Software Foundation; either version 2 of the License, or
(at your option) any later version.

This program is distributed in the hope that it will be useful,
but WITHOUT ANY WARRANTY; without even the implied warranty of
MERCHANTABILITY or FITNESS FOR A PARTICULAR PURPOSE.  See the
GNU General Public License for more details.
Current Grid git commit hash=82d411ca7bb8ec4a5b5c3815df23674cfd291070: (HEAD -> develop, origin/develop, origin/HEAD) clean


__|__|__|__|__|__|__|__|__|__|__|__|__|__|__
__|__|__|__|__|__|__|__|__|__|__|__|__|__|__
__|_ |  |  |  |  |  |  |  |  |  |  |  | _|__
__|_                                    _|__
__|_   GGGG    RRRR    III    DDDD      _|__
__|_  G        R   R    I     D   D     _|__
__|_  G        R   R    I     D    D    _|__
__|_  G  GG    RRRR     I     D    D    _|__
__|_  G   G    R  R     I     D   D     _|__
__|_   GGGG    R   R   III    DDDD      _|__
__|_                                    _|__
__|__|__|__|__|__|__|__|__|__|__|__|__|__|__
__|__|__|__|__|__|__|__|__|__|__|__|__|__|__
  |  |  |  |  |  |  |  |  |  |  |  |  |  |  


Copyright (C) 2015 Peter Boyle, Azusa Yamaguchi, Guido Cossu, Antonin Portelli and other authors

This program is free software; you can redistribute it and/or modify
it under the terms of the GNU General Public License as published by
the Free Software Foundation; either version 2 of the License, or
(at your option) any later version.

This program is distributed in the hope that it will be useful,
but WITHOUT ANY WARRANTY; without even the implied warranty of
MERCHANTABILITY or FITNESS FOR A PARTICULAR PURPOSE.  See the
GNU General Public License for more details.
Current Grid git commit hash=82d411ca7bb8ec4a5b5c3815df23674cfd291070: (HEAD -> develop, origin/develop, origin/HEAD) clean

Grid : Message : ================================================ 
Grid : Message : MPI is initialised and logging filters activated 
Grid : Message : ================================================ 
Grid : Message : This rank is running on host genoahost091.sdcc.bnl.local at local time 2026-03-04 12:39:17
Grid : Message : Requested 17179869184 byte stencil comms buffers 
Grid : Message : MemoryManager::Init() setting up
Grid : Message : MemoryManager::Init() cache pool for recent host   allocations: SMALL 8 LARGE 2 HUGE 0
Grid : Message : MemoryManager::Init() cache pool for recent device allocations: SMALL 16 LARGE 8 Huge 0
Grid : Message : MemoryManager::Init() cache pool for recent shared allocations: SMALL 16 LARGE 8 Huge 0
Grid : Message : MemoryManager::Init() Unified memory space
Sorting eigenvalues using EvalReSmall
Grid : Message : 0.612000 s : Lattice size: [32 32 32 32]
Example_spec_kryschur: ../../Grid/communicator/SharedMemoryMPI.cc:434: static void Grid::GlobalSharedMemory::OptimalCommunicatorSharedMemory(const Coordinate&, ompi_communicator_t*&, Grid::Coordinate&): Assertion `WorldSize==Nprocessors' failed.
[genoahost091:2340672] *** Process received signal ***
[genoahost091:2340672] Signal: Aborted (6)
[genoahost091:2340672] Signal code:  (-6)
[genoahost091:2340672] [ 0] /lib64/libc.so.6(+0x3fc30)[0x1517ef83fc30]
[genoahost091:2340672] [ 1] /lib64/libc.so.6(+0x8d02c)[0x1517ef88d02c]
[genoahost091:2340672] [ 2] /lib64/libc.so.6(raise+0x16)[0x1517ef83fb86]
[genoahost091:2340672] [ 3] /lib64/libc.so.6(abort+0xd3)[0x1517ef829873]
[genoahost091:2340672] [ 4] /lib64/libc.so.6(+0x2979b)[0x1517ef82979b]
[genoahost091:2340672] [ 5] /lib64/libc.so.6(+0x388c6)[0x1517ef8388c6]
[genoahost091:2340672] [ 6] /direct/sdcc+u/poare/Grid/build/examples/./Example_spec_kryschur[0x4cc186]
[genoahost091:2340672] [ 7] /direct/sdcc+u/poare/Grid/build/examples/./Example_spec_kryschur[0x4cc271]
[genoahost091:2340672] [ 8] /direct/sdcc+u/poare/Grid/build/examples/./Example_spec_kryschur[0x4c7e15]
[genoahost091:2340672] [ 9] /direct/sdcc+u/poare/Grid/build/examples/./Example_spec_kryschur[0x4b5ecf]
[genoahost091:2340672] [10] /direct/sdcc+u/poare/Grid/build/examples/./Example_spec_kryschur[0x41171f]
[genoahost091:2340672] [11] /lib64/libc.so.6(+0x2a610)[0x1517ef82a610]
[genoahost091:2340672] [12] /lib64/libc.so.6(__libc_start_main+0x80)[0x1517ef82a6c0]
[genoahost091:2340672] [13] /direct/sdcc+u/poare/Grid/build/examples/./Example_spec_kryschur[0x414705]
[genoahost091:2340672] *** End of error message ***
Grid : Message : ================================================ 
Grid : Message : MPI is initialised and logging filters activated 
Grid : Message : ================================================ 
Grid : Message : This rank is running on host genoahost091.sdcc.bnl.local at local time 2026-03-04 12:39:17
Grid : Message : Requested 17179869184 byte stencil comms buffers 
Grid : Message : MemoryManager::Init() setting up
Grid : Message : MemoryManager::Init() cache pool for recent host   allocations: SMALL 8 LARGE 2 HUGE 0
Grid : Message : MemoryManager::Init() cache pool for recent device allocations: SMALL 16 LARGE 8 Huge 0
Grid : Message : MemoryManager::Init() cache pool for recent shared allocations: SMALL 16 LARGE 8 Huge 0
Grid : Message : MemoryManager::Init() Unified memory space
Sorting eigenvalues using EvalReSmall
Grid : Message : 0.692640 s : Lattice size: [32 32 32 32]
Example_spec_kryschur: ../../Grid/communicator/SharedMemoryMPI.cc:434: static void Grid::GlobalSharedMemory::OptimalCommunicatorSharedMemory(const Coordinate&, ompi_communicator_t*&, Grid::Coordinate&): Assertion `WorldSize==Nprocessors' failed.
[genoahost091:2340684] *** Process received signal ***
[genoahost091:2340684] Signal: Aborted (6)
[genoahost091:2340684] Signal code:  (-6)
[genoahost091:2340684] [ 0] /lib64/libc.so.6(+0x3fc30)[0x14c836a3fc30]
[genoahost091:2340684] [ 1] /lib64/libc.so.6(+0x8d02c)[0x14c836a8d02c]
[genoahost091:2340684] [ 2] /lib64/libc.so.6(raise+0x16)[0x14c836a3fb86]
[genoahost091:2340684] [ 3] /lib64/libc.so.6(abort+0xd3)[0x14c836a29873]
[genoahost091:2340684] [ 4] /lib64/libc.so.6(+0x2979b)[0x14c836a2979b]
[genoahost091:2340684] [ 5] /lib64/libc.so.6(+0x388c6)[0x14c836a388c6]
[genoahost091:2340684] [ 6] /direct/sdcc+u/poare/Grid/build/examples/./Example_spec_kryschur[0x4cc186]
[genoahost091:2340684] [ 7] /direct/sdcc+u/poare/Grid/build/examples/./Example_spec_kryschur[0x4cc271]
[genoahost091:2340684] [ 8] /direct/sdcc+u/poare/Grid/build/examples/./Example_spec_kryschur[0x4c7e15]
[genoahost091:2340684] [ 9] /direct/sdcc+u/poare/Grid/build/examples/./Example_spec_kryschur[0x4b5ecf]
[genoahost091:2340684] [10] /direct/sdcc+u/poare/Grid/build/examples/./Example_spec_kryschur[0x41171f]
[genoahost091:2340684] [11] /lib64/libc.so.6(+0x2a610)[0x14c836a2a610]
[genoahost091:2340684] [12] /lib64/libc.so.6(__libc_start_main+0x80)[0x14c836a2a6c0]
[genoahost091:2340684] [13] /direct/sdcc+u/poare/Grid/build/examples/./Example_spec_kryschur[0x414705]
[genoahost091:2340684] *** End of error message ***

__|__|__|__|__|__|__|__|__|__|__|__|__|__|__
__|__|__|__|__|__|__|__|__|__|__|__|__|__|__
__|_ |  |  |  |  |  |  |  |  |  |  |  | _|__
__|_                                    _|__
__|_   GGGG    RRRR    III    DDDD      _|__
__|_  G        R   R    I     D   D     _|__
__|_  G        R   R    I     D    D    _|__
__|_  G  GG    RRRR     I     D    D    _|__
__|_  G   G    R  R     I     D   D     _|__
__|_   GGGG    R   R   III    DDDD      _|__
__|_                                    _|__
__|__|__|__|__|__|__|__|__|__|__|__|__|__|__
__|__|__|__|__|__|__|__|__|__|__|__|__|__|__
  |  |  |  |  |  |  |  |  |  |  |  |  |  |  


Copyright (C) 2015 Peter Boyle, Azusa Yamaguchi, Guido Cossu, Antonin Portelli and other authors

This program is free software; you can redistribute it and/or modify
it under the terms of the GNU General Public License as published by
the Free Software Foundation; either version 2 of the License, or
(at your option) any later version.

This program is distributed in the hope that it will be useful,
but WITHOUT ANY WARRANTY; without even the implied warranty of
MERCHANTABILITY or FITNESS FOR A PARTICULAR PURPOSE.  See the
GNU General Public License for more details.
Current Grid git commit hash=82d411ca7bb8ec4a5b5c3815df23674cfd291070: (HEAD -> develop, origin/develop, origin/HEAD) clean

Grid : Message : ================================================ 
Grid : Message : MPI is initialised and logging filters activated 
Grid : Message : ================================================ 
Grid : Message : This rank is running on host genoahost096.sdcc.bnl.local at local time 2026-03-04 12:39:18
Grid : Message : Requested 17179869184 byte stencil comms buffers 
Grid : Message : MemoryManager::Init() setting up
Grid : Message : MemoryManager::Init() cache pool for recent host   allocations: SMALL 8 LARGE 2 HUGE 0
Grid : Message : MemoryManager::Init() cache pool for recent device allocations: SMALL 16 LARGE 8 Huge 0
Grid : Message : MemoryManager::Init() cache pool for recent shared allocations: SMALL 16 LARGE 8 Huge 0
Grid : Message : MemoryManager::Init() Unified memory space
Sorting eigenvalues using EvalReSmall
Grid : Message : 0.649000 s : Lattice size: [32 32 32 32]
Example_spec_kryschur: ../../Grid/communicator/SharedMemoryMPI.cc:434: static void Grid::GlobalSharedMemory::OptimalCommunicatorSharedMemory(const Coordinate&, ompi_communicator_t*&, Grid::Coordinate&): Assertion `WorldSize==Nprocessors' failed.
[genoahost096:2315053] *** Process received signal ***
[genoahost096:2315053] Signal: Aborted (6)
[genoahost096:2315053] Signal code:  (-6)
[genoahost096:2315053] [ 0] /lib64/libc.so.6(+0x3fc30)[0x14f9ed43fc30]
[genoahost096:2315053] [ 1] /lib64/libc.so.6(+0x8d02c)[0x14f9ed48d02c]
[genoahost096:2315053] [ 2] /lib64/libc.so.6(raise+0x16)[0x14f9ed43fb86]
[genoahost096:2315053] [ 3] /lib64/libc.so.6(abort+0xd3)[0x14f9ed429873]
[genoahost096:2315053] [ 4] /lib64/libc.so.6(+0x2979b)[0x14f9ed42979b]
[genoahost096:2315053] [ 5] /lib64/libc.so.6(+0x388c6)[0x14f9ed4388c6]
[genoahost096:2315053] [ 6] /direct/sdcc+u/poare/Grid/build/examples/./Example_spec_kryschur[0x4cc186]
[genoahost096:2315053] [ 7] /direct/sdcc+u/poare/Grid/build/examples/./Example_spec_kryschur[0x4cc271]
[genoahost096:2315053] [ 8] /direct/sdcc+u/poare/Grid/build/examples/./Example_spec_kryschur[0x4c7e15]
[genoahost096:2315053] [ 9] /direct/sdcc+u/poare/Grid/build/examples/./Example_spec_kryschur[0x4b5ecf]
[genoahost096:2315053] [10] /direct/sdcc+u/poare/Grid/build/examples/./Example_spec_kryschur[0x41171f]
[genoahost096:2315053] [11] /lib64/libc.so.6(+0x2a610)[0x14f9ed42a610]
[genoahost096:2315053] [12] /lib64/libc.so.6(__libc_start_main+0x80)[0x14f9ed42a6c0]
[genoahost096:2315053] [13] /direct/sdcc+u/poare/Grid/build/examples/./Example_spec_kryschur[0x414705]
[genoahost096:2315053] *** End of error message ***

__|__|__|__|__|__|__|__|__|__|__|__|__|__|__
__|__|__|__|__|__|__|__|__|__|__|__|__|__|__
__|_ |  |  |  |  |  |  |  |  |  |  |  | _|__
__|_                                    _|__
__|_   GGGG    RRRR    III    DDDD      _|__
__|_  G        R   R    I     D   D     _|__
__|_  G        R   R    I     D    D    _|__
__|_  G  GG    RRRR     I     D    D    _|__
__|_  G   G    R  R     I     D   D     _|__
__|_   GGGG    R   R   III    DDDD      _|__
__|_                                    _|__
__|__|__|__|__|__|__|__|__|__|__|__|__|__|__
__|__|__|__|__|__|__|__|__|__|__|__|__|__|__
  |  |  |  |  |  |  |  |  |  |  |  |  |  |  


Copyright (C) 2015 Peter Boyle, Azusa Yamaguchi, Guido Cossu, Antonin Portelli and other authors

This program is free software; you can redistribute it and/or modify
it under the terms of the GNU General Public License as published by
the Free Software Foundation; either version 2 of the License, or
(at your option) any later version.

This program is distributed in the hope that it will be useful,
but WITHOUT ANY WARRANTY; without even the implied warranty of
MERCHANTABILITY or FITNESS FOR A PARTICULAR PURPOSE.  See the
GNU General Public License for more details.
Current Grid git commit hash=82d411ca7bb8ec4a5b5c3815df23674cfd291070: (HEAD -> develop, origin/develop, origin/HEAD) clean

Grid : Message : ================================================ 
Grid : Message : MPI is initialised and logging filters activated 
Grid : Message : ================================================ 
Grid : Message : This rank is running on host genoahost094.sdcc.bnl.local at local time 2026-03-04 12:39:20
Grid : Message : Requested 17179869184 byte stencil comms buffers 
Grid : Message : MemoryManager::Init() setting up
Grid : Message : MemoryManager::Init() cache pool for recent host   allocations: SMALL 8 LARGE 2 HUGE 0
Grid : Message : MemoryManager::Init() cache pool for recent device allocations: SMALL 16 LARGE 8 Huge 0
Grid : Message : MemoryManager::Init() cache pool for recent shared allocations: SMALL 16 LARGE 8 Huge 0
Grid : Message : MemoryManager::Init() Unified memory space
Sorting eigenvalues using EvalReSmall
Grid : Message : 0.679000 s : Lattice size: [32 32 32 32]
Example_spec_kryschur: ../../Grid/communicator/SharedMemoryMPI.cc:434: static void Grid::GlobalSharedMemory::OptimalCommunicatorSharedMemory(const Coordinate&, ompi_communicator_t*&, Grid::Coordinate&): Assertion `WorldSize==Nprocessors' failed.
[genoahost094:2385576] *** Process received signal ***
[genoahost094:2385576] Signal: Aborted (6)
[genoahost094:2385576] Signal code:  (-6)
[genoahost094:2385576] [ 0] /lib64/libc.so.6(+0x3fc30)[0x15210143fc30]
[genoahost094:2385576] [ 1] /lib64/libc.so.6(+0x8d02c)[0x15210148d02c]
[genoahost094:2385576] [ 2] /lib64/libc.so.6(raise+0x16)[0x15210143fb86]
[genoahost094:2385576] [ 3] /lib64/libc.so.6(abort+0xd3)[0x152101429873]
[genoahost094:2385576] [ 4] /lib64/libc.so.6(+0x2979b)[0x15210142979b]
[genoahost094:2385576] [ 5] /lib64/libc.so.6(+0x388c6)[0x1521014388c6]
[genoahost094:2385576] [ 6] /direct/sdcc+u/poare/Grid/build/examples/./Example_spec_kryschur[0x4cc186]
[genoahost094:2385576] [ 7] /direct/sdcc+u/poare/Grid/build/examples/./Example_spec_kryschur[0x4cc271]
[genoahost094:2385576] [ 8] /direct/sdcc+u/poare/Grid/build/examples/./Example_spec_kryschur[0x4c7e15]
[genoahost094:2385576] [ 9] /direct/sdcc+u/poare/Grid/build/examples/./Example_spec_kryschur[0x4b5ecf]
[genoahost094:2385576] [10] /direct/sdcc+u/poare/Grid/build/examples/./Example_spec_kryschur[0x41171f]
[genoahost094:2385576] [11] /lib64/libc.so.6(+0x2a610)[0x15210142a610]
[genoahost094:2385576] [12] /lib64/libc.so.6(__libc_start_main+0x80)[0x15210142a6c0]
[genoahost094:2385576] [13] /direct/sdcc+u/poare/Grid/build/examples/./Example_spec_kryschur[0x414705]
[genoahost094:2385576] *** End of error message ***

__|__|__|__|__|__|__|__|__|__|__|__|__|__|__
__|__|__|__|__|__|__|__|__|__|__|__|__|__|__
__|_ |  |  |  |  |  |  |  |  |  |  |  | _|__
__|_                                    _|__
__|_   GGGG    RRRR    III    DDDD      _|__
__|_  G        R   R    I     D   D     _|__
__|_  G        R   R    I     D    D    _|__
__|_  G  GG    RRRR     I     D    D    _|__
__|_  G   G    R  R     I     D   D     _|__
__|_   GGGG    R   R   III    DDDD      _|__
__|_                                    _|__
__|__|__|__|__|__|__|__|__|__|__|__|__|__|__
__|__|__|__|__|__|__|__|__|__|__|__|__|__|__
  |  |  |  |  |  |  |  |  |  |  |  |  |  |  


Copyright (C) 2015 Peter Boyle, Azusa Yamaguchi, Guido Cossu, Antonin Portelli and other authors

This program is free software; you can redistribute it and/or modify
it under the terms of the GNU General Public License as published by
the Free Software Foundation; either version 2 of the License, or
(at your option) any later version.

This program is distributed in the hope that it will be useful,
but WITHOUT ANY WARRANTY; without even the implied warranty of
MERCHANTABILITY or FITNESS FOR A PARTICULAR PURPOSE.  See the
GNU General Public License for more details.
Current Grid git commit hash=82d411ca7bb8ec4a5b5c3815df23674cfd291070: (HEAD -> develop, origin/develop, origin/HEAD) clean

Grid : Message : ================================================ 
Grid : Message : MPI is initialised and logging filters activated 
Grid : Message : ================================================ 
Grid : Message : This rank is running on host genoahost094.sdcc.bnl.local at local time 2026-03-04 12:39:20
Grid : Message : Requested 17179869184 byte stencil comms buffers 
Grid : Message : MemoryManager::Init() setting up
Grid : Message : MemoryManager::Init() cache pool for recent host   allocations: SMALL 8 LARGE 2 HUGE 0
Grid : Message : MemoryManager::Init() cache pool for recent device allocations: SMALL 16 LARGE 8 Huge 0
Grid : Message : MemoryManager::Init() cache pool for recent shared allocations: SMALL 16 LARGE 8 Huge 0
Grid : Message : MemoryManager::Init() Unified memory space
Sorting eigenvalues using EvalReSmall
Grid : Message : 0.651000 s : Lattice size: [32 32 32 32]
Example_spec_kryschur: ../../Grid/communicator/SharedMemoryMPI.cc:434: static void Grid::GlobalSharedMemory::OptimalCommunicatorSharedMemory(const Coordinate&, ompi_communicator_t*&, Grid::Coordinate&): Assertion `WorldSize==Nprocessors' failed.
[genoahost094:2385578] *** Process received signal ***
[genoahost094:2385578] Signal: Aborted (6)
[genoahost094:2385578] Signal code:  (-6)
[genoahost094:2385578] [ 0] /lib64/libc.so.6(+0x3fc30)[0x14cc1aa3fc30]
[genoahost094:2385578] [ 1] /lib64/libc.so.6(+0x8d02c)[0x14cc1aa8d02c]
[genoahost094:2385578] [ 2] /lib64/libc.so.6(raise+0x16)[0x14cc1aa3fb86]
[genoahost094:2385578] [ 3] /lib64/libc.so.6(abort+0xd3)[0x14cc1aa29873]
[genoahost094:2385578] [ 4] /lib64/libc.so.6(+0x2979b)[0x14cc1aa2979b]
[genoahost094:2385578] [ 5] /lib64/libc.so.6(+0x388c6)[0x14cc1aa388c6]
[genoahost094:2385578] [ 6] /direct/sdcc+u/poare/Grid/build/examples/./Example_spec_kryschur[0x4cc186]
[genoahost094:2385578] [ 7] /direct/sdcc+u/poare/Grid/build/examples/./Example_spec_kryschur[0x4cc271]
[genoahost094:2385578] [ 8] /direct/sdcc+u/poare/Grid/build/examples/./Example_spec_kryschur[0x4c7e15]
[genoahost094:2385578] [ 9] /direct/sdcc+u/poare/Grid/build/examples/./Example_spec_kryschur[0x4b5ecf]
[genoahost094:2385578] [10] /direct/sdcc+u/poare/Grid/build/examples/./Example_spec_kryschur[0x41171f]
[genoahost094:2385578] [11] /lib64/libc.so.6(+0x2a610)[0x14cc1aa2a610]
[genoahost094:2385578] [12] /lib64/libc.so.6(__libc_start_main+0x80)[0x14cc1aa2a6c0]
[genoahost094:2385578] [13] /direct/sdcc+u/poare/Grid/build/examples/./Example_spec_kryschur[0x414705]
[genoahost094:2385578] *** End of error message ***

__|__|__|__|__|__|__|__|__|__|__|__|__|__|__
__|__|__|__|__|__|__|__|__|__|__|__|__|__|__
__|_ |  |  |  |  |  |  |  |  |  |  |  | _|__
__|_                                    _|__
__|_   GGGG    RRRR    III    DDDD      _|__
__|_  G        R   R    I     D   D     _|__
__|_  G        R   R    I     D    D    _|__
__|_  G  GG    RRRR     I     D    D    _|__
__|_  G   G    R  R     I     D   D     _|__
__|_   GGGG    R   R   III    DDDD      _|__
__|_                                    _|__
__|__|__|__|__|__|__|__|__|__|__|__|__|__|__
__|__|__|__|__|__|__|__|__|__|__|__|__|__|__
  |  |  |  |  |  |  |  |  |  |  |  |  |  |  


Copyright (C) 2015 Peter Boyle, Azusa Yamaguchi, Guido Cossu, Antonin Portelli and other authors

This program is free software; you can redistribute it and/or modify
it under the terms of the GNU General Public License as published by
the Free Software Foundation; either version 2 of the License, or
(at your option) any later version.

This program is distributed in the hope that it will be useful,
but WITHOUT ANY WARRANTY; without even the implied warranty of
MERCHANTABILITY or FITNESS FOR A PARTICULAR PURPOSE.  See the
GNU General Public License for more details.
Current Grid git commit hash=82d411ca7bb8ec4a5b5c3815df23674cfd291070: (HEAD -> develop, origin/develop, origin/HEAD) clean

Grid : Message : ================================================ 
Grid : Message : MPI is initialised and logging filters activated 
Grid : Message : ================================================ 
Grid : Message : This rank is running on host genoahost092.sdcc.bnl.local at local time 2026-03-04 12:39:26
Grid : Message : Requested 17179869184 byte stencil comms buffers 
Grid : Message : MemoryManager::Init() setting up
Grid : Message : MemoryManager::Init() cache pool for recent host   allocations: SMALL 8 LARGE 2 HUGE 0
Grid : Message : MemoryManager::Init() cache pool for recent device allocations: SMALL 16 LARGE 8 Huge 0
Grid : Message : MemoryManager::Init() cache pool for recent shared allocations: SMALL 16 LARGE 8 Huge 0
Grid : Message : MemoryManager::Init() Unified memory space
Sorting eigenvalues using EvalReSmall
Grid : Message : 0.642000 s : Lattice size: [32 32 32 32]
Example_spec_kryschur: ../../Grid/communicator/SharedMemoryMPI.cc:434: static void Grid::GlobalSharedMemory::OptimalCommunicatorSharedMemory(const Coordinate&, ompi_communicator_t*&, Grid::Coordinate&): Assertion `WorldSize==Nprocessors' failed.
[genoahost092:2288502] *** Process received signal ***
[genoahost092:2288502] Signal: Aborted (6)
[genoahost092:2288502] Signal code:  (-6)
[genoahost092:2288502] [ 0] /lib64/libc.so.6(+0x3fc30)[0x153e0963fc30]
[genoahost092:2288502] [ 1] /lib64/libc.so.6(+0x8d02c)[0x153e0968d02c]
[genoahost092:2288502] [ 2] /lib64/libc.so.6(raise+0x16)[0x153e0963fb86]
[genoahost092:2288502] [ 3] /lib64/libc.so.6(abort+0xd3)[0x153e09629873]
[genoahost092:2288502] [ 4] /lib64/libc.so.6(+0x2979b)[0x153e0962979b]
[genoahost092:2288502] [ 5] /lib64/libc.so.6(+0x388c6)[0x153e096388c6]
[genoahost092:2288502] [ 6] /direct/sdcc+u/poare/Grid/build/examples/./Example_spec_kryschur[0x4cc186]
[genoahost092:2288502] [ 7] /direct/sdcc+u/poare/Grid/build/examples/./Example_spec_kryschur[0x4cc271]
[genoahost092:2288502] [ 8] /direct/sdcc+u/poare/Grid/build/examples/./Example_spec_kryschur[0x4c7e15]
[genoahost092:2288502] [ 9] /direct/sdcc+u/poare/Grid/build/examples/./Example_spec_kryschur[0x4b5ecf]
[genoahost092:2288502] [10] /direct/sdcc+u/poare/Grid/build/examples/./Example_spec_kryschur[0x41171f]
[genoahost092:2288502] [11] /lib64/libc.so.6(+0x2a610)[0x153e0962a610]
[genoahost092:2288502] [12] /lib64/libc.so.6(__libc_start_main+0x80)[0x153e0962a6c0]
[genoahost092:2288502] [13] /direct/sdcc+u/poare/Grid/build/examples/./Example_spec_kryschur[0x414705]
[genoahost092:2288502] *** End of error message ***

__|__|__|__|__|__|__|__|__|__|__|__|__|__|__
__|__|__|__|__|__|__|__|__|__|__|__|__|__|__
__|_ |  |  |  |  |  |  |  |  |  |  |  | _|__
__|_                                    _|__
__|_   GGGG    RRRR    III    DDDD      _|__
__|_  G        R   R    I     D   D     _|__
__|_  G        R   R    I     D    D    _|__
__|_  G  GG    RRRR     I     D    D    _|__
__|_  G   G    R  R     I     D   D     _|__
__|_   GGGG    R   R   III    DDDD      _|__
__|_                                    _|__
__|__|__|__|__|__|__|__|__|__|__|__|__|__|__
__|__|__|__|__|__|__|__|__|__|__|__|__|__|__
  |  |  |  |  |  |  |  |  |  |  |  |  |  |  


Copyright (C) 2015 Peter Boyle, Azusa Yamaguchi, Guido Cossu, Antonin Portelli and other authors

This program is free software; you can redistribute it and/or modify
it under the terms of the GNU General Public License as published by
the Free Software Foundation; either version 2 of the License, or
(at your option) any later version.

This program is distributed in the hope that it will be useful,
but WITHOUT ANY WARRANTY; without even the implied warranty of
MERCHANTABILITY or FITNESS FOR A PARTICULAR PURPOSE.  See the
GNU General Public License for more details.
Current Grid git commit hash=82d411ca7bb8ec4a5b5c3815df23674cfd291070: (HEAD -> develop, origin/develop, origin/HEAD) clean

Grid : Message : ================================================ 
Grid : Message : MPI is initialised and logging filters activated 
Grid : Message : ================================================ 
Grid : Message : This rank is running on host genoahost092.sdcc.bnl.local at local time 2026-03-04 12:39:26
Grid : Message : Requested 17179869184 byte stencil comms buffers 
Grid : Message : MemoryManager::Init() setting up
Grid : Message : MemoryManager::Init() cache pool for recent host   allocations: SMALL 8 LARGE 2 HUGE 0
Grid : Message : MemoryManager::Init() cache pool for recent device allocations: SMALL 16 LARGE 8 Huge 0
Grid : Message : MemoryManager::Init() cache pool for recent shared allocations: SMALL 16 LARGE 8 Huge 0
Grid : Message : MemoryManager::Init() Unified memory space
Sorting eigenvalues using EvalReSmall
Grid : Message : 0.639000 s : Lattice size: [32 32 32 32]
Example_spec_kryschur: ../../Grid/communicator/SharedMemoryMPI.cc:434: static void Grid::GlobalSharedMemory::OptimalCommunicatorSharedMemory(const Coordinate&, ompi_communicator_t*&, Grid::Coordinate&): Assertion `WorldSize==Nprocessors' failed.
[genoahost092:2288501] *** Process received signal ***
[genoahost092:2288501] Signal: Aborted (6)
[genoahost092:2288501] Signal code:  (-6)
[genoahost092:2288501] [ 0] /lib64/libc.so.6(+0x3fc30)[0x14855ea3fc30]
[genoahost092:2288501] [ 1] /lib64/libc.so.6(+0x8d02c)[0x14855ea8d02c]
[genoahost092:2288501] [ 2] /lib64/libc.so.6(raise+0x16)[0x14855ea3fb86]
[genoahost092:2288501] [ 3] /lib64/libc.so.6(abort+0xd3)[0x14855ea29873]
[genoahost092:2288501] [ 4] /lib64/libc.so.6(+0x2979b)[0x14855ea2979b]
[genoahost092:2288501] [ 5] /lib64/libc.so.6(+0x388c6)[0x14855ea388c6]
[genoahost092:2288501] [ 6] /direct/sdcc+u/poare/Grid/build/examples/./Example_spec_kryschur[0x4cc186]
[genoahost092:2288501] [ 7] /direct/sdcc+u/poare/Grid/build/examples/./Example_spec_kryschur[0x4cc271]
[genoahost092:2288501] [ 8] /direct/sdcc+u/poare/Grid/build/examples/./Example_spec_kryschur[0x4c7e15]
[genoahost092:2288501] [ 9] /direct/sdcc+u/poare/Grid/build/examples/./Example_spec_kryschur[0x4b5ecf]
[genoahost092:2288501] [10] /direct/sdcc+u/poare/Grid/build/examples/./Example_spec_kryschur[0x41171f]
[genoahost092:2288501] [11] /lib64/libc.so.6(+0x2a610)[0x14855ea2a610]
[genoahost092:2288501] [12] /lib64/libc.so.6(__libc_start_main+0x80)[0x14855ea2a6c0]
[genoahost092:2288501] [13] /direct/sdcc+u/poare/Grid/build/examples/./Example_spec_kryschur[0x414705]
[genoahost092:2288501] *** End of error message ***

__|__|__|__|__|__|__|__|__|__|__|__|__|__|__
__|__|__|__|__|__|__|__|__|__|__|__|__|__|__
__|_ |  |  |  |  |  |  |  |  |  |  |  | _|__
__|_                                    _|__
__|_   GGGG    RRRR    III    DDDD      _|__
__|_  G        R   R    I     D   D     _|__
__|_  G        R   R    I     D    D    _|__
__|_  G  GG    RRRR     I     D    D    _|__
__|_  G   G    R  R     I     D   D     _|__
__|_   GGGG    R   R   III    DDDD      _|__
__|_                                    _|__
__|__|__|__|__|__|__|__|__|__|__|__|__|__|__
__|__|__|__|__|__|__|__|__|__|__|__|__|__|__
  |  |  |  |  |  |  |  |  |  |  |  |  |  |  


Copyright (C) 2015 Peter Boyle, Azusa Yamaguchi, Guido Cossu, Antonin Portelli and other authors

This program is free software; you can redistribute it and/or modify
it under the terms of the GNU General Public License as published by
the Free Software Foundation; either version 2 of the License, or
(at your option) any later version.

This program is distributed in the hope that it will be useful,
but WITHOUT ANY WARRANTY; without even the implied warranty of
MERCHANTABILITY or FITNESS FOR A PARTICULAR PURPOSE.  See the
GNU General Public License for more details.
Current Grid git commit hash=82d411ca7bb8ec4a5b5c3815df23674cfd291070: (HEAD -> develop, origin/develop, origin/HEAD) clean

Grid : Message : ================================================ 
Grid : Message : MPI is initialised and logging filters activated 
Grid : Message : ================================================ 
Grid : Message : This rank is running on host genoahost093.sdcc.bnl.local at local time 2026-03-04 12:39:27
Grid : Message : Requested 17179869184 byte stencil comms buffers 
Grid : Message : MemoryManager::Init() setting up
Grid : Message : MemoryManager::Init() cache pool for recent host   allocations: SMALL 8 LARGE 2 HUGE 0
Grid : Message : MemoryManager::Init() cache pool for recent device allocations: SMALL 16 LARGE 8 Huge 0
Grid : Message : MemoryManager::Init() cache pool for recent shared allocations: SMALL 16 LARGE 8 Huge 0
Grid : Message : MemoryManager::Init() Unified memory space
Sorting eigenvalues using EvalReSmall
Grid : Message : 0.666000 s : Lattice size: [32 32 32 32]
Example_spec_kryschur: ../../Grid/communicator/SharedMemoryMPI.cc:434: static void Grid::GlobalSharedMemory::OptimalCommunicatorSharedMemory(const Coordinate&, ompi_communicator_t*&, Grid::Coordinate&): Assertion `WorldSize==Nprocessors' failed.
[genoahost093:2344170] *** Process received signal ***
[genoahost093:2344170] Signal: Aborted (6)
[genoahost093:2344170] Signal code:  (-6)
[genoahost093:2344170] [ 0] /lib64/libc.so.6(+0x3fc30)[0x151cfe03fc30]
[genoahost093:2344170] [ 1] /lib64/libc.so.6(+0x8d02c)[0x151cfe08d02c]
[genoahost093:2344170] [ 2] /lib64/libc.so.6(raise+0x16)[0x151cfe03fb86]
[genoahost093:2344170] [ 3] /lib64/libc.so.6(abort+0xd3)[0x151cfe029873]
[genoahost093:2344170] [ 4] /lib64/libc.so.6(+0x2979b)[0x151cfe02979b]
[genoahost093:2344170] [ 5] /lib64/libc.so.6(+0x388c6)[0x151cfe0388c6]
[genoahost093:2344170] [ 6] /direct/sdcc+u/poare/Grid/build/examples/./Example_spec_kryschur[0x4cc186]
[genoahost093:2344170] [ 7] /direct/sdcc+u/poare/Grid/build/examples/./Example_spec_kryschur[0x4cc271]
[genoahost093:2344170] [ 8] /direct/sdcc+u/poare/Grid/build/examples/./Example_spec_kryschur[0x4c7e15]
[genoahost093:2344170] [ 9] /direct/sdcc+u/poare/Grid/build/examples/./Example_spec_kryschur[0x4b5ecf]
[genoahost093:2344170] [10] /direct/sdcc+u/poare/Grid/build/examples/./Example_spec_kryschur[0x41171f]
[genoahost093:2344170] [11] /lib64/libc.so.6(+0x2a610)[0x151cfe02a610]
[genoahost093:2344170] [12] /lib64/libc.so.6(__libc_start_main+0x80)[0x151cfe02a6c0]
[genoahost093:2344170] [13] /direct/sdcc+u/poare/Grid/build/examples/./Example_spec_kryschur[0x414705]
[genoahost093:2344170] *** End of error message ***

__|__|__|__|__|__|__|__|__|__|__|__|__|__|__
__|__|__|__|__|__|__|__|__|__|__|__|__|__|__
__|_ |  |  |  |  |  |  |  |  |  |  |  | _|__
__|_                                    _|__
__|_   GGGG    RRRR    III    DDDD      _|__
__|_  G        R   R    I     D   D     _|__
__|_  G        R   R    I     D    D    _|__
__|_  G  GG    RRRR     I     D    D    _|__
__|_  G   G    R  R     I     D   D     _|__
__|_   GGGG    R   R   III    DDDD      _|__
__|_                                    _|__
__|__|__|__|__|__|__|__|__|__|__|__|__|__|__
__|__|__|__|__|__|__|__|__|__|__|__|__|__|__
  |  |  |  |  |  |  |  |  |  |  |  |  |  |  


Copyright (C) 2015 Peter Boyle, Azusa Yamaguchi, Guido Cossu, Antonin Portelli and other authors

This program is free software; you can redistribute it and/or modify
it under the terms of the GNU General Public License as published by
the Free Software Foundation; either version 2 of the License, or
(at your option) any later version.

This program is distributed in the hope that it will be useful,
but WITHOUT ANY WARRANTY; without even the implied warranty of
MERCHANTABILITY or FITNESS FOR A PARTICULAR PURPOSE.  See the
GNU General Public License for more details.
Current Grid git commit hash=82d411ca7bb8ec4a5b5c3815df23674cfd291070: (HEAD -> develop, origin/develop, origin/HEAD) clean

Grid : Message : ================================================ 
Grid : Message : MPI is initialised and logging filters activated 
Grid : Message : ================================================ 
Grid : Message : This rank is running on host genoahost093.sdcc.bnl.local at local time 2026-03-04 12:39:27
Grid : Message : Requested 17179869184 byte stencil comms buffers 
Grid : Message : MemoryManager::Init() setting up
Grid : Message : MemoryManager::Init() cache pool for recent host   allocations: SMALL 8 LARGE 2 HUGE 0
Grid : Message : MemoryManager::Init() cache pool for recent device allocations: SMALL 16 LARGE 8 Huge 0
Grid : Message : MemoryManager::Init() cache pool for recent shared allocations: SMALL 16 LARGE 8 Huge 0
Grid : Message : MemoryManager::Init() Unified memory space
Sorting eigenvalues using EvalReSmall
Grid : Message : 0.663000 s : Lattice size: [32 32 32 32]
Example_spec_kryschur: ../../Grid/communicator/SharedMemoryMPI.cc:434: static void Grid::GlobalSharedMemory::OptimalCommunicatorSharedMemory(const Coordinate&, ompi_communicator_t*&, Grid::Coordinate&): Assertion `WorldSize==Nprocessors' failed.
[genoahost093:2344167] *** Process received signal ***
[genoahost093:2344167] Signal: Aborted (6)
[genoahost093:2344167] Signal code:  (-6)
[genoahost093:2344167] [ 0] /lib64/libc.so.6(+0x3fc30)[0x14be39e3fc30]
[genoahost093:2344167] [ 1] /lib64/libc.so.6(+0x8d02c)[0x14be39e8d02c]
[genoahost093:2344167] [ 2] /lib64/libc.so.6(raise+0x16)[0x14be39e3fb86]
[genoahost093:2344167] [ 3] /lib64/libc.so.6(abort+0xd3)[0x14be39e29873]
[genoahost093:2344167] [ 4] /lib64/libc.so.6(+0x2979b)[0x14be39e2979b]
[genoahost093:2344167] [ 5] /lib64/libc.so.6(+0x388c6)[0x14be39e388c6]
[genoahost093:2344167] [ 6] /direct/sdcc+u/poare/Grid/build/examples/./Example_spec_kryschur[0x4cc186]
[genoahost093:2344167] [ 7] /direct/sdcc+u/poare/Grid/build/examples/./Example_spec_kryschur[0x4cc271]
[genoahost093:2344167] [ 8] /direct/sdcc+u/poare/Grid/build/examples/./Example_spec_kryschur[0x4c7e15]
[genoahost093:2344167] [ 9] /direct/sdcc+u/poare/Grid/build/examples/./Example_spec_kryschur[0x4b5ecf]
[genoahost093:2344167] [10] /direct/sdcc+u/poare/Grid/build/examples/./Example_spec_kryschur[0x41171f]
[genoahost093:2344167] [11] /lib64/libc.so.6(+0x2a610)[0x14be39e2a610]
[genoahost093:2344167] [12] /lib64/libc.so.6(__libc_start_main+0x80)[0x14be39e2a6c0]
[genoahost093:2344167] [13] /direct/sdcc+u/poare/Grid/build/examples/./Example_spec_kryschur[0x414705]
[genoahost093:2344167] *** End of error message ***

__|__|__|__|__|__|__|__|__|__|__|__|__|__|__
__|__|__|__|__|__|__|__|__|__|__|__|__|__|__
__|_ |  |  |  |  |  |  |  |  |  |  |  | _|__
__|_                                    _|__
__|_   GGGG    RRRR    III    DDDD      _|__
__|_  G        R   R    I     D   D     _|__
__|_  G        R   R    I     D    D    _|__
__|_  G  GG    RRRR     I     D    D    _|__
__|_  G   G    R  R     I     D   D     _|__
__|_   GGGG    R   R   III    DDDD      _|__
__|_                                    _|__
__|__|__|__|__|__|__|__|__|__|__|__|__|__|__
__|__|__|__|__|__|__|__|__|__|__|__|__|__|__
  |  |  |  |  |  |  |  |  |  |  |  |  |  |  


Copyright (C) 2015 Peter Boyle, Azusa Yamaguchi, Guido Cossu, Antonin Portelli and other authors

This program is free software; you can redistribute it and/or modify
it under the terms of the GNU General Public License as published by
the Free Software Foundation; either version 2 of the License, or
(at your option) any later version.

This program is distributed in the hope that it will be useful,
but WITHOUT ANY WARRANTY; without even the implied warranty of
MERCHANTABILITY or FITNESS FOR A PARTICULAR PURPOSE.  See the
GNU General Public License for more details.
Current Grid git commit hash=82d411ca7bb8ec4a5b5c3815df23674cfd291070: (HEAD -> develop, origin/develop, origin/HEAD) clean

Grid : Message : ================================================ 
Grid : Message : MPI is initialised and logging filters activated 
Grid : Message : ================================================ 
Grid : Message : This rank is running on host genoahost094.sdcc.bnl.local at local time 2026-03-04 12:39:27
Grid : Message : Requested 17179869184 byte stencil comms buffers 
Grid : Message : MemoryManager::Init() setting up
Grid : Message : MemoryManager::Init() cache pool for recent host   allocations: SMALL 8 LARGE 2 HUGE 0
Grid : Message : MemoryManager::Init() cache pool for recent device allocations: SMALL 16 LARGE 8 Huge 0
Grid : Message : MemoryManager::Init() cache pool for recent shared allocations: SMALL 16 LARGE 8 Huge 0
Grid : Message : MemoryManager::Init() Unified memory space
Sorting eigenvalues using EvalReSmall
Grid : Message : 0.666000 s : Lattice size: [32 32 32 32]
Example_spec_kryschur: ../../Grid/communicator/SharedMemoryMPI.cc:434: static void Grid::GlobalSharedMemory::OptimalCommunicatorSharedMemory(const Coordinate&, ompi_communicator_t*&, Grid::Coordinate&): Assertion `WorldSize==Nprocessors' failed.
[genoahost094:2385585] *** Process received signal ***
[genoahost094:2385585] Signal: Aborted (6)
[genoahost094:2385585] Signal code:  (-6)
[genoahost094:2385585] [ 0] /lib64/libc.so.6(+0x3fc30)[0x14af5203fc30]
[genoahost094:2385585] [ 1] /lib64/libc.so.6(+0x8d02c)[0x14af5208d02c]
[genoahost094:2385585] [ 2] /lib64/libc.so.6(raise+0x16)[0x14af5203fb86]
[genoahost094:2385585] [ 3] /lib64/libc.so.6(abort+0xd3)[0x14af52029873]
[genoahost094:2385585] [ 4] /lib64/libc.so.6(+0x2979b)[0x14af5202979b]
[genoahost094:2385585] [ 5] /lib64/libc.so.6(+0x388c6)[0x14af520388c6]
[genoahost094:2385585] [ 6] /direct/sdcc+u/poare/Grid/build/examples/./Example_spec_kryschur[0x4cc186]
[genoahost094:2385585] [ 7] /direct/sdcc+u/poare/Grid/build/examples/./Example_spec_kryschur[0x4cc271]
[genoahost094:2385585] [ 8] /direct/sdcc+u/poare/Grid/build/examples/./Example_spec_kryschur[0x4c7e15]
[genoahost094:2385585] [ 9] /direct/sdcc+u/poare/Grid/build/examples/./Example_spec_kryschur[0x4b5ecf]
[genoahost094:2385585] [10] /direct/sdcc+u/poare/Grid/build/examples/./Example_spec_kryschur[0x41171f]
[genoahost094:2385585] [11] /lib64/libc.so.6(+0x2a610)[0x14af5202a610]
[genoahost094:2385585] [12] /lib64/libc.so.6(__libc_start_main+0x80)[0x14af5202a6c0]
[genoahost094:2385585] [13] /direct/sdcc+u/poare/Grid/build/examples/./Example_spec_kryschur[0x414705]
[genoahost094:2385585] *** End of error message ***
srun: error: genoahost091: task 35: Aborted (core dumped)
srun: error: genoahost094: task 95: Aborted (core dumped)

__|__|__|__|__|__|__|__|__|__|__|__|__|__|__
__|__|__|__|__|__|__|__|__|__|__|__|__|__|__
__|_ |  |  |  |  |  |  |  |  |  |  |  | _|__
__|_                                    _|__
__|_   GGGG    RRRR    III    DDDD      _|__
__|_  G        R   R    I     D   D     _|__
__|_  G        R   R    I     D    D    _|__
__|_  G  GG    RRRR     I     D    D    _|__
__|_  G   G    R  R     I     D   D     _|__
__|_   GGGG    R   R   III    DDDD      _|__
__|_                                    _|__
__|__|__|__|__|__|__|__|__|__|__|__|__|__|__
__|__|__|__|__|__|__|__|__|__|__|__|__|__|__
  |  |  |  |  |  |  |  |  |  |  |  |  |  |  


Copyright (C) 2015 Peter Boyle, Azusa Yamaguchi, Guido Cossu, Antonin Portelli and other authors

This program is free software; you can redistribute it and/or modify
it under the terms of the GNU General Public License as published by
the Free Software Foundation; either version 2 of the License, or
(at your option) any later version.

This program is distributed in the hope that it will be useful,
but WITHOUT ANY WARRANTY; without even the implied warranty of
MERCHANTABILITY or FITNESS FOR A PARTICULAR PURPOSE.  See the
GNU General Public License for more details.
Current Grid git commit hash=82d411ca7bb8ec4a5b5c3815df23674cfd291070: (HEAD -> develop, origin/develop, origin/HEAD) clean

Grid : Message : ================================================ 
Grid : Message : MPI is initialised and logging filters activated 
Grid : Message : ================================================ 
Grid : Message : This rank is running on host genoahost093.sdcc.bnl.local at local time 2026-03-04 12:39:31
Grid : Message : Requested 17179869184 byte stencil comms buffers 
Grid : Message : MemoryManager::Init() setting up
Grid : Message : MemoryManager::Init() cache pool for recent host   allocations: SMALL 8 LARGE 2 HUGE 0
Grid : Message : MemoryManager::Init() cache pool for recent device allocations: SMALL 16 LARGE 8 Huge 0
Grid : Message : MemoryManager::Init() cache pool for recent shared allocations: SMALL 16 LARGE 8 Huge 0
Grid : Message : MemoryManager::Init() Unified memory space
Sorting eigenvalues using EvalReSmall
Grid : Message : 0.660000 s : Lattice size: [32 32 32 32]
Example_spec_kryschur: ../../Grid/communicator/SharedMemoryMPI.cc:434: static void Grid::GlobalSharedMemory::OptimalCommunicatorSharedMemory(const Coordinate&, ompi_communicator_t*&, Grid::Coordinate&): Assertion `WorldSize==Nprocessors' failed.
[genoahost093:2344164] *** Process received signal ***
[genoahost093:2344164] Signal: Aborted (6)
[genoahost093:2344164] Signal code:  (-6)
[genoahost093:2344164] [ 0] /lib64/libc.so.6(+0x3fc30)[0x14cf7463fc30]
[genoahost093:2344164] [ 1] /lib64/libc.so.6(+0x8d02c)[0x14cf7468d02c]
[genoahost093:2344164] [ 2] /lib64/libc.so.6(raise+0x16)[0x14cf7463fb86]
[genoahost093:2344164] [ 3] /lib64/libc.so.6(abort+0xd3)[0x14cf74629873]
[genoahost093:2344164] [ 4] /lib64/libc.so.6(+0x2979b)[0x14cf7462979b]
[genoahost093:2344164] [ 5] /lib64/libc.so.6(+0x388c6)[0x14cf746388c6]
[genoahost093:2344164] [ 6] /direct/sdcc+u/poare/Grid/build/examples/./Example_spec_kryschur[0x4cc186]
[genoahost093:2344164] [ 7] /direct/sdcc+u/poare/Grid/build/examples/./Example_spec_kryschur[0x4cc271]
[genoahost093:2344164] [ 8] /direct/sdcc+u/poare/Grid/build/examples/./Example_spec_kryschur[0x4c7e15]
[genoahost093:2344164] [ 9] /direct/sdcc+u/poare/Grid/build/examples/./Example_spec_kryschur[0x4b5ecf]
[genoahost093:2344164] [10] /direct/sdcc+u/poare/Grid/build/examples/./Example_spec_kryschur[0x41171f]
[genoahost093:2344164] [11] /lib64/libc.so.6(+0x2a610)[0x14cf7462a610]
[genoahost093:2344164] [12] /lib64/libc.so.6(__libc_start_main+0x80)[0x14cf7462a6c0]
[genoahost093:2344164] [13] /direct/sdcc+u/poare/Grid/build/examples/./Example_spec_kryschur[0x414705]
[genoahost093:2344164] *** End of error message ***

__|__|__|__|__|__|__|__|__|__|__|__|__|__|__
__|__|__|__|__|__|__|__|__|__|__|__|__|__|__
__|_ |  |  |  |  |  |  |  |  |  |  |  | _|__
__|_                                    _|__
__|_   GGGG    RRRR    III    DDDD      _|__
__|_  G        R   R    I     D   D     _|__
__|_  G        R   R    I     D    D    _|__
__|_  G  GG    RRRR     I     D    D    _|__
__|_  G   G    R  R     I     D   D     _|__
__|_   GGGG    R   R   III    DDDD      _|__
__|_                                    _|__
__|__|__|__|__|__|__|__|__|__|__|__|__|__|__
__|__|__|__|__|__|__|__|__|__|__|__|__|__|__
  |  |  |  |  |  |  |  |  |  |  |  |  |  |  


Copyright (C) 2015 Peter Boyle, Azusa Yamaguchi, Guido Cossu, Antonin Portelli and other authors

This program is free software; you can redistribute it and/or modify
it under the terms of the GNU General Public License as published by
the Free Software Foundation; either version 2 of the License, or
(at your option) any later version.

This program is distributed in the hope that it will be useful,
but WITHOUT ANY WARRANTY; without even the implied warranty of
MERCHANTABILITY or FITNESS FOR A PARTICULAR PURPOSE.  See the
GNU General Public License for more details.
Current Grid git commit hash=82d411ca7bb8ec4a5b5c3815df23674cfd291070: (HEAD -> develop, origin/develop, origin/HEAD) clean

Grid : Message : ================================================ 
Grid : Message : MPI is initialised and logging filters activated 
Grid : Message : ================================================ 
Grid : Message : This rank is running on host genoahost093.sdcc.bnl.local at local time 2026-03-04 12:39:31
Grid : Message : Requested 17179869184 byte stencil comms buffers 
Grid : Message : MemoryManager::Init() setting up
Grid : Message : MemoryManager::Init() cache pool for recent host   allocations: SMALL 8 LARGE 2 HUGE 0
Grid : Message : MemoryManager::Init() cache pool for recent device allocations: SMALL 16 LARGE 8 Huge 0
Grid : Message : MemoryManager::Init() cache pool for recent shared allocations: SMALL 16 LARGE 8 Huge 0
Grid : Message : MemoryManager::Init() Unified memory space
Sorting eigenvalues using EvalReSmall
Grid : Message : 0.507000 s : Lattice size: [32 32 32 32]
Example_spec_kryschur: ../../Grid/communicator/SharedMemoryMPI.cc:434: static void Grid::GlobalSharedMemory::OptimalCommunicatorSharedMemory(const Coordinate&, ompi_communicator_t*&, Grid::Coordinate&): Assertion `WorldSize==Nprocessors' failed.
[genoahost093:2344165] *** Process received signal ***
[genoahost093:2344165] Signal: Aborted (6)
[genoahost093:2344165] Signal code:  (-6)
[genoahost093:2344165] [ 0] /lib64/libc.so.6(+0x3fc30)[0x14ca9743fc30]
[genoahost093:2344165] [ 1] /lib64/libc.so.6(+0x8d02c)[0x14ca9748d02c]
[genoahost093:2344165] [ 2] /lib64/libc.so.6(raise+0x16)[0x14ca9743fb86]
[genoahost093:2344165] [ 3] /lib64/libc.so.6(abort+0xd3)[0x14ca97429873]
[genoahost093:2344165] [ 4] /lib64/libc.so.6(+0x2979b)[0x14ca9742979b]
[genoahost093:2344165] [ 5] /lib64/libc.so.6(+0x388c6)[0x14ca974388c6]
[genoahost093:2344165] [ 6] /direct/sdcc+u/poare/Grid/build/examples/./Example_spec_kryschur[0x4cc186]
[genoahost093:2344165] [ 7] /direct/sdcc+u/poare/Grid/build/examples/./Example_spec_kryschur[0x4cc271]
[genoahost093:2344165] [ 8] /direct/sdcc+u/poare/Grid/build/examples/./Example_spec_kryschur[0x4c7e15]
[genoahost093:2344165] [ 9] /direct/sdcc+u/poare/Grid/build/examples/./Example_spec_kryschur[0x4b5ecf]
[genoahost093:2344165] [10] /direct/sdcc+u/poare/Grid/build/examples/./Example_spec_kryschur[0x41171f]
[genoahost093:2344165] [11] /lib64/libc.so.6(+0x2a610)[0x14ca9742a610]
[genoahost093:2344165] [12] /lib64/libc.so.6(__libc_start_main+0x80)[0x14ca9742a6c0]
[genoahost093:2344165] [13] /direct/sdcc+u/poare/Grid/build/examples/./Example_spec_kryschur[0x414705]
[genoahost093:2344165] *** End of error message ***
srun: error: genoahost094: task 81: Aborted (core dumped)

__|__|__|__|__|__|__|__|__|__|__|__|__|__|__
__|__|__|__|__|__|__|__|__|__|__|__|__|__|__
__|_ |  |  |  |  |  |  |  |  |  |  |  | _|__
__|_                                    _|__
__|_   GGGG    RRRR    III    DDDD      _|__
__|_  G        R   R    I     D   D     _|__
__|_  G        R   R    I     D    D    _|__
__|_  G  GG    RRRR     I     D    D    _|__
__|_  G   G    R  R     I     D   D     _|__
__|_   GGGG    R   R   III    DDDD      _|__
__|_                                    _|__
__|__|__|__|__|__|__|__|__|__|__|__|__|__|__
__|__|__|__|__|__|__|__|__|__|__|__|__|__|__
  |  |  |  |  |  |  |  |  |  |  |  |  |  |  


Copyright (C) 2015 Peter Boyle, Azusa Yamaguchi, Guido Cossu, Antonin Portelli and other authors

This program is free software; you can redistribute it and/or modify
it under the terms of the GNU General Public License as published by
the Free Software Foundation; either version 2 of the License, or
(at your option) any later version.

This program is distributed in the hope that it will be useful,
but WITHOUT ANY WARRANTY; without even the implied warranty of
MERCHANTABILITY or FITNESS FOR A PARTICULAR PURPOSE.  See the
GNU General Public License for more details.
Current Grid git commit hash=82d411ca7bb8ec4a5b5c3815df23674cfd291070: (HEAD -> develop, origin/develop, origin/HEAD) clean

Grid : Message : ================================================ 
Grid : Message : MPI is initialised and logging filters activated 
Grid : Message : ================================================ 
Grid : Message : This rank is running on host genoahost095.sdcc.bnl.local at local time 2026-03-04 12:39:32
Grid : Message : Requested 17179869184 byte stencil comms buffers 
Grid : Message : MemoryManager::Init() setting up
Grid : Message : MemoryManager::Init() cache pool for recent host   allocations: SMALL 8 LARGE 2 HUGE 0
Grid : Message : MemoryManager::Init() cache pool for recent device allocations: SMALL 16 LARGE 8 Huge 0
Grid : Message : MemoryManager::Init() cache pool for recent shared allocations: SMALL 16 LARGE 8 Huge 0
Grid : Message : MemoryManager::Init() Unified memory space
Sorting eigenvalues using EvalReSmall
Grid : Message : 0.633000 s : Lattice size: [32 32 32 32]
Example_spec_kryschur: ../../Grid/communicator/SharedMemoryMPI.cc:434: static void Grid::GlobalSharedMemory::OptimalCommunicatorSharedMemory(const Coordinate&, ompi_communicator_t*&, Grid::Coordinate&): Assertion `WorldSize==Nprocessors' failed.
[genoahost095:2398003] *** Process received signal ***
[genoahost095:2398003] Signal: Aborted (6)
[genoahost095:2398003] Signal code:  (-6)
[genoahost095:2398003] [ 0] /lib64/libc.so.6(+0x3fc30)[0x153717e3fc30]
[genoahost095:2398003] [ 1] /lib64/libc.so.6(+0x8d02c)[0x153717e8d02c]
[genoahost095:2398003] [ 2] /lib64/libc.so.6(raise+0x16)[0x153717e3fb86]
[genoahost095:2398003] [ 3] /lib64/libc.so.6(abort+0xd3)[0x153717e29873]
[genoahost095:2398003] [ 4] /lib64/libc.so.6(+0x2979b)[0x153717e2979b]
[genoahost095:2398003] [ 5] /lib64/libc.so.6(+0x388c6)[0x153717e388c6]
[genoahost095:2398003] [ 6] /direct/sdcc+u/poare/Grid/build/examples/./Example_spec_kryschur[0x4cc186]
[genoahost095:2398003] [ 7] /direct/sdcc+u/poare/Grid/build/examples/./Example_spec_kryschur[0x4cc271]
[genoahost095:2398003] [ 8] /direct/sdcc+u/poare/Grid/build/examples/./Example_spec_kryschur[0x4c7e15]
[genoahost095:2398003] [ 9] /direct/sdcc+u/poare/Grid/build/examples/./Example_spec_kryschur[0x4b5ecf]
[genoahost095:2398003] [10] /direct/sdcc+u/poare/Grid/build/examples/./Example_spec_kryschur[0x41171f]
[genoahost095:2398003] [11] /lib64/libc.so.6(+0x2a610)[0x153717e2a610]
[genoahost095:2398003] [12] /lib64/libc.so.6(__libc_start_main+0x80)[0x153717e2a6c0]
[genoahost095:2398003] [13] /direct/sdcc+u/poare/Grid/build/examples/./Example_spec_kryschur[0x414705]
[genoahost095:2398003] *** End of error message ***

__|__|__|__|__|__|__|__|__|__|__|__|__|__|__
__|__|__|__|__|__|__|__|__|__|__|__|__|__|__
__|_ |  |  |  |  |  |  |  |  |  |  |  | _|__
__|_                                    _|__
__|_   GGGG    RRRR    III    DDDD      _|__
__|_  G        R   R    I     D   D     _|__
__|_  G        R   R    I     D    D    _|__
__|_  G  GG    RRRR     I     D    D    _|__
__|_  G   G    R  R     I     D   D     _|__
__|_   GGGG    R   R   III    DDDD      _|__
__|_                                    _|__
__|__|__|__|__|__|__|__|__|__|__|__|__|__|__
__|__|__|__|__|__|__|__|__|__|__|__|__|__|__
  |  |  |  |  |  |  |  |  |  |  |  |  |  |  


Copyright (C) 2015 Peter Boyle, Azusa Yamaguchi, Guido Cossu, Antonin Portelli and other authors

This program is free software; you can redistribute it and/or modify
it under the terms of the GNU General Public License as published by
the Free Software Foundation; either version 2 of the License, or
(at your option) any later version.

This program is distributed in the hope that it will be useful,
but WITHOUT ANY WARRANTY; without even the implied warranty of
MERCHANTABILITY or FITNESS FOR A PARTICULAR PURPOSE.  See the
GNU General Public License for more details.
Current Grid git commit hash=82d411ca7bb8ec4a5b5c3815df23674cfd291070: (HEAD -> develop, origin/develop, origin/HEAD) clean

Grid : Message : ================================================ 
Grid : Message : MPI is initialised and logging filters activated 
Grid : Message : ================================================ 
Grid : Message : This rank is running on host genoahost089.sdcc.bnl.local at local time 2026-03-04 12:39:35
Grid : Message : Requested 17179869184 byte stencil comms buffers 
Grid : Message : MemoryManager::Init() setting up
Grid : Message : MemoryManager::Init() cache pool for recent host   allocations: SMALL 8 LARGE 2 HUGE 0
Grid : Message : MemoryManager::Init() cache pool for recent device allocations: SMALL 16 LARGE 8 Huge 0
Grid : Message : MemoryManager::Init() cache pool for recent shared allocations: SMALL 16 LARGE 8 Huge 0
Grid : Message : MemoryManager::Init() Unified memory space
Sorting eigenvalues using EvalReSmall
Grid : Message : 0.642000 s : Lattice size: [32 32 32 32]
Example_spec_kryschur: ../../Grid/communicator/SharedMemoryMPI.cc:434: static void Grid::GlobalSharedMemory::OptimalCommunicatorSharedMemory(const Coordinate&, ompi_communicator_t*&, Grid::Coordinate&): Assertion `WorldSize==Nprocessors' failed.
[genoahost089:583357] *** Process received signal ***
[genoahost089:583357] Signal: Aborted (6)
[genoahost089:583357] Signal code:  (-6)
[genoahost089:583357] [ 0] /lib64/libc.so.6(+0x3fc30)[0x1501e283fc30]
[genoahost089:583357] [ 1] /lib64/libc.so.6(+0x8d02c)[0x1501e288d02c]
[genoahost089:583357] [ 2] /lib64/libc.so.6(raise+0x16)[0x1501e283fb86]
[genoahost089:583357] [ 3] /lib64/libc.so.6(abort+0xd3)[0x1501e2829873]
[genoahost089:583357] [ 4] /lib64/libc.so.6(+0x2979b)[0x1501e282979b]
[genoahost089:583357] [ 5] /lib64/libc.so.6(+0x388c6)[0x1501e28388c6]
[genoahost089:583357] [ 6] /direct/sdcc+u/poare/Grid/build/examples/./Example_spec_kryschur[0x4cc186]
[genoahost089:583357] [ 7] /direct/sdcc+u/poare/Grid/build/examples/./Example_spec_kryschur[0x4cc271]
[genoahost089:583357] [ 8] /direct/sdcc+u/poare/Grid/build/examples/./Example_spec_kryschur[0x4c7e15]
[genoahost089:583357] [ 9] /direct/sdcc+u/poare/Grid/build/examples/./Example_spec_kryschur[0x4b5ecf]
[genoahost089:583357] [10] /direct/sdcc+u/poare/Grid/build/examples/./Example_spec_kryschur[0x41171f]
[genoahost089:583357] [11] /lib64/libc.so.6(+0x2a610)[0x1501e282a610]
[genoahost089:583357] [12] /lib64/libc.so.6(__libc_start_main+0x80)[0x1501e282a6c0]
[genoahost089:583357] [13] /direct/sdcc+u/poare/Grid/build/examples/./Example_spec_kryschur[0x414705]
[genoahost089:583357] *** End of error message ***

__|__|__|__|__|__|__|__|__|__|__|__|__|__|__
__|__|__|__|__|__|__|__|__|__|__|__|__|__|__
__|_ |  |  |  |  |  |  |  |  |  |  |  | _|__
__|_                                    _|__
__|_   GGGG    RRRR    III    DDDD      _|__
__|_  G        R   R    I     D   D     _|__
__|_  G        R   R    I     D    D    _|__
__|_  G  GG    RRRR     I     D    D    _|__
__|_  G   G    R  R     I     D   D     _|__
__|_   GGGG    R   R   III    DDDD      _|__
__|_                                    _|__
__|__|__|__|__|__|__|__|__|__|__|__|__|__|__
__|__|__|__|__|__|__|__|__|__|__|__|__|__|__
  |  |  |  |  |  |  |  |  |  |  |  |  |  |  


Copyright (C) 2015 Peter Boyle, Azusa Yamaguchi, Guido Cossu, Antonin Portelli and other authors

This program is free software; you can redistribute it and/or modify
it under the terms of the GNU General Public License as published by
the Free Software Foundation; either version 2 of the License, or
(at your option) any later version.

This program is distributed in the hope that it will be useful,
but WITHOUT ANY WARRANTY; without even the implied warranty of
MERCHANTABILITY or FITNESS FOR A PARTICULAR PURPOSE.  See the
GNU General Public License for more details.
Current Grid git commit hash=82d411ca7bb8ec4a5b5c3815df23674cfd291070: (HEAD -> develop, origin/develop, origin/HEAD) clean

Grid : Message : ================================================ 
Grid : Message : MPI is initialised and logging filters activated 
Grid : Message : ================================================ 
Grid : Message : This rank is running on host genoahost089.sdcc.bnl.local at local time 2026-03-04 12:39:35
Grid : Message : Requested 17179869184 byte stencil comms buffers 
Grid : Message : MemoryManager::Init() setting up
Grid : Message : MemoryManager::Init() cache pool for recent host   allocations: SMALL 8 LARGE 2 HUGE 0
Grid : Message : MemoryManager::Init() cache pool for recent device allocations: SMALL 16 LARGE 8 Huge 0
Grid : Message : MemoryManager::Init() cache pool for recent shared allocations: SMALL 16 LARGE 8 Huge 0
Grid : Message : MemoryManager::Init() Unified memory space
Sorting eigenvalues using EvalReSmall
Grid : Message : 0.564000 s : Lattice size: [32 32 32 32]
Example_spec_kryschur: ../../Grid/communicator/SharedMemoryMPI.cc:434: static void Grid::GlobalSharedMemory::OptimalCommunicatorSharedMemory(const Coordinate&, ompi_communicator_t*&, Grid::Coordinate&): Assertion `WorldSize==Nprocessors' failed.
[genoahost089:583358] *** Process received signal ***
[genoahost089:583358] Signal: Aborted (6)
[genoahost089:583358] Signal code:  (-6)
[genoahost089:583358] [ 0] /lib64/libc.so.6(+0x3fc30)[0x148ec023fc30]
[genoahost089:583358] [ 1] /lib64/libc.so.6(+0x8d02c)[0x148ec028d02c]
[genoahost089:583358] [ 2] /lib64/libc.so.6(raise+0x16)[0x148ec023fb86]
[genoahost089:583358] [ 3] /lib64/libc.so.6(abort+0xd3)[0x148ec0229873]
[genoahost089:583358] [ 4] /lib64/libc.so.6(+0x2979b)[0x148ec022979b]
[genoahost089:583358] [ 5] /lib64/libc.so.6(+0x388c6)[0x148ec02388c6]
[genoahost089:583358] [ 6] /direct/sdcc+u/poare/Grid/build/examples/./Example_spec_kryschur[0x4cc186]
[genoahost089:583358] [ 7] /direct/sdcc+u/poare/Grid/build/examples/./Example_spec_kryschur[0x4cc271]
[genoahost089:583358] [ 8] /direct/sdcc+u/poare/Grid/build/examples/./Example_spec_kryschur[0x4c7e15]
[genoahost089:583358] [ 9] /direct/sdcc+u/poare/Grid/build/examples/./Example_spec_kryschur[0x4b5ecf]
[genoahost089:583358] [10] /direct/sdcc+u/poare/Grid/build/examples/./Example_spec_kryschur[0x41171f]
[genoahost089:583358] [11] /lib64/libc.so.6(+0x2a610)[0x148ec022a610]
[genoahost089:583358] [12] /lib64/libc.so.6(__libc_start_main+0x80)[0x148ec022a6c0]
[genoahost089:583358] [13] /direct/sdcc+u/poare/Grid/build/examples/./Example_spec_kryschur[0x414705]
[genoahost089:583358] *** End of error message ***

__|__|__|__|__|__|__|__|__|__|__|__|__|__|__
__|__|__|__|__|__|__|__|__|__|__|__|__|__|__
__|_ |  |  |  |  |  |  |  |  |  |  |  | _|__
__|_                                    _|__
__|_   GGGG    RRRR    III    DDDD      _|__
__|_  G        R   R    I     D   D     _|__
__|_  G        R   R    I     D    D    _|__
__|_  G  GG    RRRR     I     D    D    _|__
__|_  G   G    R  R     I     D   D     _|__
__|_   GGGG    R   R   III    DDDD      _|__
__|_                                    _|__
__|__|__|__|__|__|__|__|__|__|__|__|__|__|__
__|__|__|__|__|__|__|__|__|__|__|__|__|__|__
  |  |  |  |  |  |  |  |  |  |  |  |  |  |  


Copyright (C) 2015 Peter Boyle, Azusa Yamaguchi, Guido Cossu, Antonin Portelli and other authors

This program is free software; you can redistribute it and/or modify
it under the terms of the GNU General Public License as published by
the Free Software Foundation; either version 2 of the License, or
(at your option) any later version.

This program is distributed in the hope that it will be useful,
but WITHOUT ANY WARRANTY; without even the implied warranty of
MERCHANTABILITY or FITNESS FOR A PARTICULAR PURPOSE.  See the
GNU General Public License for more details.
Current Grid git commit hash=82d411ca7bb8ec4a5b5c3815df23674cfd291070: (HEAD -> develop, origin/develop, origin/HEAD) clean

Grid : Message : ================================================ 
Grid : Message : MPI is initialised and logging filters activated 
Grid : Message : ================================================ 
Grid : Message : This rank is running on host genoahost095.sdcc.bnl.local at local time 2026-03-04 12:39:35
Grid : Message : Requested 17179869184 byte stencil comms buffers 
Grid : Message : MemoryManager::Init() setting up
Grid : Message : MemoryManager::Init() cache pool for recent host   allocations: SMALL 8 LARGE 2 HUGE 0
Grid : Message : MemoryManager::Init() cache pool for recent device allocations: SMALL 16 LARGE 8 Huge 0
Grid : Message : MemoryManager::Init() cache pool for recent shared allocations: SMALL 16 LARGE 8 Huge 0
Grid : Message : MemoryManager::Init() Unified memory space
Sorting eigenvalues using EvalReSmall
Grid : Message : 0.647000 s : Lattice size: [32 32 32 32]
Example_spec_kryschur: ../../Grid/communicator/SharedMemoryMPI.cc:434: static void Grid::GlobalSharedMemory::OptimalCommunicatorSharedMemory(const Coordinate&, ompi_communicator_t*&, Grid::Coordinate&): Assertion `WorldSize==Nprocessors' failed.
[genoahost095:2398007] *** Process received signal ***
[genoahost095:2398007] Signal: Aborted (6)
[genoahost095:2398007] Signal code:  (-6)
[genoahost095:2398007] [ 0] /lib64/libc.so.6(+0x3fc30)[0x14f834c3fc30]
[genoahost095:2398007] [ 1] /lib64/libc.so.6(+0x8d02c)[0x14f834c8d02c]
[genoahost095:2398007] [ 2] /lib64/libc.so.6(raise+0x16)[0x14f834c3fb86]
[genoahost095:2398007] [ 3] /lib64/libc.so.6(abort+0xd3)[0x14f834c29873]
[genoahost095:2398007] [ 4] /lib64/libc.so.6(+0x2979b)[0x14f834c2979b]
[genoahost095:2398007] [ 5] /lib64/libc.so.6(+0x388c6)[0x14f834c388c6]
[genoahost095:2398007] [ 6] /direct/sdcc+u/poare/Grid/build/examples/./Example_spec_kryschur[0x4cc186]
[genoahost095:2398007] [ 7] /direct/sdcc+u/poare/Grid/build/examples/./Example_spec_kryschur[0x4cc271]
[genoahost095:2398007] [ 8] /direct/sdcc+u/poare/Grid/build/examples/./Example_spec_kryschur[0x4c7e15]
[genoahost095:2398007] [ 9] /direct/sdcc+u/poare/Grid/build/examples/./Example_spec_kryschur[0x4b5ecf]
[genoahost095:2398007] [10] /direct/sdcc+u/poare/Grid/build/examples/./Example_spec_kryschur[0x41171f]
[genoahost095:2398007] [11] /lib64/libc.so.6(+0x2a610)[0x14f834c2a610]
[genoahost095:2398007] [12] /lib64/libc.so.6(__libc_start_main+0x80)[0x14f834c2a6c0]
[genoahost095:2398007] [13] /direct/sdcc+u/poare/Grid/build/examples/./Example_spec_kryschur[0x414705]
[genoahost095:2398007] *** End of error message ***
srun: error: genoahost090: task 24: Aborted (core dumped)

__|__|__|__|__|__|__|__|__|__|__|__|__|__|__
__|__|__|__|__|__|__|__|__|__|__|__|__|__|__
__|_ |  |  |  |  |  |  |  |  |  |  |  | _|__
__|_                                    _|__
__|_   GGGG    RRRR    III    DDDD      _|__
__|_  G        R   R    I     D   D     _|__
__|_  G        R   R    I     D    D    _|__
__|_  G  GG    RRRR     I     D    D    _|__
__|_  G   G    R  R     I     D   D     _|__
__|_   GGGG    R   R   III    DDDD      _|__
__|_                                    _|__
__|__|__|__|__|__|__|__|__|__|__|__|__|__|__
__|__|__|__|__|__|__|__|__|__|__|__|__|__|__
  |  |  |  |  |  |  |  |  |  |  |  |  |  |  


Copyright (C) 2015 Peter Boyle, Azusa Yamaguchi, Guido Cossu, Antonin Portelli and other authors

This program is free software; you can redistribute it and/or modify
it under the terms of the GNU General Public License as published by
the Free Software Foundation; either version 2 of the License, or
(at your option) any later version.

This program is distributed in the hope that it will be useful,
but WITHOUT ANY WARRANTY; without even the implied warranty of
MERCHANTABILITY or FITNESS FOR A PARTICULAR PURPOSE.  See the
GNU General Public License for more details.
Current Grid git commit hash=82d411ca7bb8ec4a5b5c3815df23674cfd291070: (HEAD -> develop, origin/develop, origin/HEAD) clean

Grid : Message : ================================================ 
Grid : Message : MPI is initialised and logging filters activated 
Grid : Message : ================================================ 
Grid : Message : This rank is running on host genoahost089.sdcc.bnl.local at local time 2026-03-04 12:39:38
Grid : Message : Requested 17179869184 byte stencil comms buffers 
Grid : Message : MemoryManager::Init() setting up
Grid : Message : MemoryManager::Init() cache pool for recent host   allocations: SMALL 8 LARGE 2 HUGE 0
Grid : Message : MemoryManager::Init() cache pool for recent device allocations: SMALL 16 LARGE 8 Huge 0
Grid : Message : MemoryManager::Init() cache pool for recent shared allocations: SMALL 16 LARGE 8 Huge 0
Grid : Message : MemoryManager::Init() Unified memory space
Sorting eigenvalues using EvalReSmall
Grid : Message : 0.654000 s : Lattice size: [32 32 32 32]
Example_spec_kryschur: ../../Grid/communicator/SharedMemoryMPI.cc:434: static void Grid::GlobalSharedMemory::OptimalCommunicatorSharedMemory(const Coordinate&, ompi_communicator_t*&, Grid::Coordinate&): Assertion `WorldSize==Nprocessors' failed.
[genoahost089:583370] *** Process received signal ***
[genoahost089:583370] Signal: Aborted (6)
[genoahost089:583370] Signal code:  (-6)
[genoahost089:583370] [ 0] /lib64/libc.so.6(+0x3fc30)[0x1542eaa3fc30]
[genoahost089:583370] [ 1] /lib64/libc.so.6(+0x8d02c)[0x1542eaa8d02c]
[genoahost089:583370] [ 2] /lib64/libc.so.6(raise+0x16)[0x1542eaa3fb86]
[genoahost089:583370] [ 3] /lib64/libc.so.6(abort+0xd3)[0x1542eaa29873]
[genoahost089:583370] [ 4] /lib64/libc.so.6(+0x2979b)[0x1542eaa2979b]
[genoahost089:583370] [ 5] /lib64/libc.so.6(+0x388c6)[0x1542eaa388c6]
[genoahost089:583370] [ 6] /direct/sdcc+u/poare/Grid/build/examples/./Example_spec_kryschur[0x4cc186]
[genoahost089:583370] [ 7] /direct/sdcc+u/poare/Grid/build/examples/./Example_spec_kryschur[0x4cc271]
[genoahost089:583370] [ 8] /direct/sdcc+u/poare/Grid/build/examples/./Example_spec_kryschur[0x4c7e15]
[genoahost089:583370] [ 9] /direct/sdcc+u/poare/Grid/build/examples/./Example_spec_kryschur[0x4b5ecf]
[genoahost089:583370] [10] /direct/sdcc+u/poare/Grid/build/examples/./Example_spec_kryschur[0x41171f]
[genoahost089:583370] [11] /lib64/libc.so.6(+0x2a610)[0x1542eaa2a610]
[genoahost089:583370] [12] /lib64/libc.so.6(__libc_start_main+0x80)[0x1542eaa2a6c0]
[genoahost089:583370] [13] /direct/sdcc+u/poare/Grid/build/examples/./Example_spec_kryschur[0x414705]
[genoahost089:583370] *** End of error message ***

__|__|__|__|__|__|__|__|__|__|__|__|__|__|__
__|__|__|__|__|__|__|__|__|__|__|__|__|__|__
__|_ |  |  |  |  |  |  |  |  |  |  |  | _|__
__|_                                    _|__
__|_   GGGG    RRRR    III    DDDD      _|__
__|_  G        R   R    I     D   D     _|__
__|_  G        R   R    I     D    D    _|__
__|_  G  GG    RRRR     I     D    D    _|__
__|_  G   G    R  R     I     D   D     _|__
__|_   GGGG    R   R   III    DDDD      _|__
__|_                                    _|__
__|__|__|__|__|__|__|__|__|__|__|__|__|__|__
__|__|__|__|__|__|__|__|__|__|__|__|__|__|__
  |  |  |  |  |  |  |  |  |  |  |  |  |  |  


Copyright (C) 2015 Peter Boyle, Azusa Yamaguchi, Guido Cossu, Antonin Portelli and other authors

This program is free software; you can redistribute it and/or modify
it under the terms of the GNU General Public License as published by
the Free Software Foundation; either version 2 of the License, or
(at your option) any later version.

This program is distributed in the hope that it will be useful,
but WITHOUT ANY WARRANTY; without even the implied warranty of
MERCHANTABILITY or FITNESS FOR A PARTICULAR PURPOSE.  See the
GNU General Public License for more details.
Current Grid git commit hash=82d411ca7bb8ec4a5b5c3815df23674cfd291070: (HEAD -> develop, origin/develop, origin/HEAD) clean

Grid : Message : ================================================ 
Grid : Message : MPI is initialised and logging filters activated 
Grid : Message : ================================================ 
Grid : Message : This rank is running on host genoahost094.sdcc.bnl.local at local time 2026-03-04 12:39:39
Grid : Message : Requested 17179869184 byte stencil comms buffers 
Grid : Message : MemoryManager::Init() setting up
Grid : Message : MemoryManager::Init() cache pool for recent host   allocations: SMALL 8 LARGE 2 HUGE 0
Grid : Message : MemoryManager::Init() cache pool for recent device allocations: SMALL 16 LARGE 8 Huge 0
Grid : Message : MemoryManager::Init() cache pool for recent shared allocations: SMALL 16 LARGE 8 Huge 0
Grid : Message : MemoryManager::Init() Unified memory space
Sorting eigenvalues using EvalReSmall
Grid : Message : 0.644000 s : Lattice size: [32 32 32 32]
Example_spec_kryschur: ../../Grid/communicator/SharedMemoryMPI.cc:434: static void Grid::GlobalSharedMemory::OptimalCommunicatorSharedMemory(const Coordinate&, ompi_communicator_t*&, Grid::Coordinate&): Assertion `WorldSize==Nprocessors' failed.
[genoahost094:2385586] *** Process received signal ***
[genoahost094:2385586] Signal: Aborted (6)
[genoahost094:2385586] Signal code:  (-6)
[genoahost094:2385586] [ 0] /lib64/libc.so.6(+0x3fc30)[0x14c210e3fc30]
[genoahost094:2385586] [ 1] /lib64/libc.so.6(+0x8d02c)[0x14c210e8d02c]
[genoahost094:2385586] [ 2] /lib64/libc.so.6(raise+0x16)[0x14c210e3fb86]
[genoahost094:2385586] [ 3] /lib64/libc.so.6(abort+0xd3)[0x14c210e29873]
[genoahost094:2385586] [ 4] /lib64/libc.so.6(+0x2979b)[0x14c210e2979b]
[genoahost094:2385586] [ 5] /lib64/libc.so.6(+0x388c6)[0x14c210e388c6]
[genoahost094:2385586] [ 6] /direct/sdcc+u/poare/Grid/build/examples/./Example_spec_kryschur[0x4cc186]
[genoahost094:2385586] [ 7] /direct/sdcc+u/poare/Grid/build/examples/./Example_spec_kryschur[0x4cc271]
[genoahost094:2385586] [ 8] /direct/sdcc+u/poare/Grid/build/examples/./Example_spec_kryschur[0x4c7e15]
[genoahost094:2385586] [ 9] /direct/sdcc+u/poare/Grid/build/examples/./Example_spec_kryschur[0x4b5ecf]
[genoahost094:2385586] [10] /direct/sdcc+u/poare/Grid/build/examples/./Example_spec_kryschur[0x41171f]
[genoahost094:2385586] [11] /lib64/libc.so.6(+0x2a610)[0x14c210e2a610]
[genoahost094:2385586] [12] /lib64/libc.so.6(__libc_start_main+0x80)[0x14c210e2a6c0]
[genoahost094:2385586] [13] /direct/sdcc+u/poare/Grid/build/examples/./Example_spec_kryschur[0x414705]
[genoahost094:2385586] *** End of error message ***

__|__|__|__|__|__|__|__|__|__|__|__|__|__|__
__|__|__|__|__|__|__|__|__|__|__|__|__|__|__
__|_ |  |  |  |  |  |  |  |  |  |  |  | _|__
__|_                                    _|__
__|_   GGGG    RRRR    III    DDDD      _|__
__|_  G        R   R    I     D   D     _|__
__|_  G        R   R    I     D    D    _|__
__|_  G  GG    RRRR     I     D    D    _|__
__|_  G   G    R  R     I     D   D     _|__
__|_   GGGG    R   R   III    DDDD      _|__
__|_                                    _|__
__|__|__|__|__|__|__|__|__|__|__|__|__|__|__
__|__|__|__|__|__|__|__|__|__|__|__|__|__|__
  |  |  |  |  |  |  |  |  |  |  |  |  |  |  


Copyright (C) 2015 Peter Boyle, Azusa Yamaguchi, Guido Cossu, Antonin Portelli and other authors

This program is free software; you can redistribute it and/or modify
it under the terms of the GNU General Public License as published by
the Free Software Foundation; either version 2 of the License, or
(at your option) any later version.

This program is distributed in the hope that it will be useful,
but WITHOUT ANY WARRANTY; without even the implied warranty of
MERCHANTABILITY or FITNESS FOR A PARTICULAR PURPOSE.  See the
GNU General Public License for more details.
Current Grid git commit hash=82d411ca7bb8ec4a5b5c3815df23674cfd291070: (HEAD -> develop, origin/develop, origin/HEAD) clean

Grid : Message : ================================================ 
Grid : Message : MPI is initialised and logging filters activated 
Grid : Message : ================================================ 
Grid : Message : This rank is running on host genoahost089.sdcc.bnl.local at local time 2026-03-04 12:39:39
Grid : Message : Requested 17179869184 byte stencil comms buffers 
Grid : Message : MemoryManager::Init() setting up
Grid : Message : MemoryManager::Init() cache pool for recent host   allocations: SMALL 8 LARGE 2 HUGE 0
Grid : Message : MemoryManager::Init() cache pool for recent device allocations: SMALL 16 LARGE 8 Huge 0
Grid : Message : MemoryManager::Init() cache pool for recent shared allocations: SMALL 16 LARGE 8 Huge 0
Grid : Message : MemoryManager::Init() Unified memory space
Sorting eigenvalues using EvalReSmall
Grid : Message : 0.644000 s : Lattice size: [32 32 32 32]
Example_spec_kryschur: ../../Grid/communicator/SharedMemoryMPI.cc:434: static void Grid::GlobalSharedMemory::OptimalCommunicatorSharedMemory(const Coordinate&, ompi_communicator_t*&, Grid::Coordinate&): Assertion `WorldSize==Nprocessors' failed.
[genoahost089:583359] *** Process received signal ***
[genoahost089:583359] Signal: Aborted (6)
[genoahost089:583359] Signal code:  (-6)
[genoahost089:583359] [ 0] /lib64/libc.so.6(+0x3fc30)[0x14fe7e03fc30]
[genoahost089:583359] [ 1] /lib64/libc.so.6(+0x8d02c)[0x14fe7e08d02c]
[genoahost089:583359] [ 2] /lib64/libc.so.6(raise+0x16)[0x14fe7e03fb86]
[genoahost089:583359] [ 3] /lib64/libc.so.6(abort+0xd3)[0x14fe7e029873]
[genoahost089:583359] [ 4] /lib64/libc.so.6(+0x2979b)[0x14fe7e02979b]
[genoahost089:583359] [ 5] /lib64/libc.so.6(+0x388c6)[0x14fe7e0388c6]
[genoahost089:583359] [ 6] /direct/sdcc+u/poare/Grid/build/examples/./Example_spec_kryschur[0x4cc186]
[genoahost089:583359] [ 7] /direct/sdcc+u/poare/Grid/build/examples/./Example_spec_kryschur[0x4cc271]
[genoahost089:583359] [ 8] /direct/sdcc+u/poare/Grid/build/examples/./Example_spec_kryschur[0x4c7e15]
[genoahost089:583359] [ 9] /direct/sdcc+u/poare/Grid/build/examples/./Example_spec_kryschur[0x4b5ecf]
[genoahost089:583359] [10] /direct/sdcc+u/poare/Grid/build/examples/./Example_spec_kryschur[0x41171f]
[genoahost089:583359] [11] /lib64/libc.so.6(+0x2a610)[0x14fe7e02a610]
[genoahost089:583359] [12] /lib64/libc.so.6(__libc_start_main+0x80)[0x14fe7e02a6c0]
[genoahost089:583359] [13] /direct/sdcc+u/poare/Grid/build/examples/./Example_spec_kryschur[0x414705]
[genoahost089:583359] *** End of error message ***

__|__|__|__|__|__|__|__|__|__|__|__|__|__|__
__|__|__|__|__|__|__|__|__|__|__|__|__|__|__
__|_ |  |  |  |  |  |  |  |  |  |  |  | _|__
__|_                                    _|__
__|_   GGGG    RRRR    III    DDDD      _|__
__|_  G        R   R    I     D   D     _|__
__|_  G        R   R    I     D    D    _|__
__|_  G  GG    RRRR     I     D    D    _|__
__|_  G   G    R  R     I     D   D     _|__
__|_   GGGG    R   R   III    DDDD      _|__
__|_                                    _|__
__|__|__|__|__|__|__|__|__|__|__|__|__|__|__
__|__|__|__|__|__|__|__|__|__|__|__|__|__|__
  |  |  |  |  |  |  |  |  |  |  |  |  |  |  


Copyright (C) 2015 Peter Boyle, Azusa Yamaguchi, Guido Cossu, Antonin Portelli and other authors

This program is free software; you can redistribute it and/or modify
it under the terms of the GNU General Public License as published by
the Free Software Foundation; either version 2 of the License, or
(at your option) any later version.

This program is distributed in the hope that it will be useful,
but WITHOUT ANY WARRANTY; without even the implied warranty of
MERCHANTABILITY or FITNESS FOR A PARTICULAR PURPOSE.  See the
GNU General Public License for more details.
Current Grid git commit hash=82d411ca7bb8ec4a5b5c3815df23674cfd291070: (HEAD -> develop, origin/develop, origin/HEAD) clean

Grid : Message : ================================================ 
Grid : Message : MPI is initialised and logging filters activated 
Grid : Message : ================================================ 
Grid : Message : This rank is running on host genoahost089.sdcc.bnl.local at local time 2026-03-04 12:39:39
Grid : Message : Requested 17179869184 byte stencil comms buffers 
Grid : Message : MemoryManager::Init() setting up
Grid : Message : MemoryManager::Init() cache pool for recent host   allocations: SMALL 8 LARGE 2 HUGE 0
Grid : Message : MemoryManager::Init() cache pool for recent device allocations: SMALL 16 LARGE 8 Huge 0
Grid : Message : MemoryManager::Init() cache pool for recent shared allocations: SMALL 16 LARGE 8 Huge 0
Grid : Message : MemoryManager::Init() Unified memory space
Sorting eigenvalues using EvalReSmall
Grid : Message : 0.595000 s : Lattice size: [32 32 32 32]
Example_spec_kryschur: ../../Grid/communicator/SharedMemoryMPI.cc:434: static void Grid::GlobalSharedMemory::OptimalCommunicatorSharedMemory(const Coordinate&, ompi_communicator_t*&, Grid::Coordinate&): Assertion `WorldSize==Nprocessors' failed.
[genoahost089:583355] *** Process received signal ***
[genoahost089:583355] Signal: Aborted (6)
[genoahost089:583355] Signal code:  (-6)
[genoahost089:583355] [ 0] /lib64/libc.so.6(+0x3fc30)[0x14fc6ba3fc30]
[genoahost089:583355] [ 1] /lib64/libc.so.6(+0x8d02c)[0x14fc6ba8d02c]
[genoahost089:583355] [ 2] /lib64/libc.so.6(raise+0x16)[0x14fc6ba3fb86]
[genoahost089:583355] [ 3] /lib64/libc.so.6(abort+0xd3)[0x14fc6ba29873]
[genoahost089:583355] [ 4] /lib64/libc.so.6(+0x2979b)[0x14fc6ba2979b]
[genoahost089:583355] [ 5] /lib64/libc.so.6(+0x388c6)[0x14fc6ba388c6]
[genoahost089:583355] [ 6] /direct/sdcc+u/poare/Grid/build/examples/./Example_spec_kryschur[0x4cc186]
[genoahost089:583355] [ 7] /direct/sdcc+u/poare/Grid/build/examples/./Example_spec_kryschur[0x4cc271]
[genoahost089:583355] [ 8] /direct/sdcc+u/poare/Grid/build/examples/./Example_spec_kryschur[0x4c7e15]
[genoahost089:583355] [ 9] /direct/sdcc+u/poare/Grid/build/examples/./Example_spec_kryschur[0x4b5ecf]
[genoahost089:583355] [10] /direct/sdcc+u/poare/Grid/build/examples/./Example_spec_kryschur[0x41171f]
[genoahost089:583355] [11] /lib64/libc.so.6(+0x2a610)[0x14fc6ba2a610]
[genoahost089:583355] [12] /lib64/libc.so.6(__libc_start_main+0x80)[0x14fc6ba2a6c0]
[genoahost089:583355] [13] /direct/sdcc+u/poare/Grid/build/examples/./Example_spec_kryschur[0x414705]
[genoahost089:583355] *** End of error message ***

__|__|__|__|__|__|__|__|__|__|__|__|__|__|__
__|__|__|__|__|__|__|__|__|__|__|__|__|__|__
__|_ |  |  |  |  |  |  |  |  |  |  |  | _|__
__|_                                    _|__
__|_   GGGG    RRRR    III    DDDD      _|__
__|_  G        R   R    I     D   D     _|__
__|_  G        R   R    I     D    D    _|__
__|_  G  GG    RRRR     I     D    D    _|__
__|_  G   G    R  R     I     D   D     _|__
__|_   GGGG    R   R   III    DDDD      _|__
__|_                                    _|__
__|__|__|__|__|__|__|__|__|__|__|__|__|__|__
__|__|__|__|__|__|__|__|__|__|__|__|__|__|__
  |  |  |  |  |  |  |  |  |  |  |  |  |  |  


Copyright (C) 2015 Peter Boyle, Azusa Yamaguchi, Guido Cossu, Antonin Portelli and other authors

This program is free software; you can redistribute it and/or modify
it under the terms of the GNU General Public License as published by
the Free Software Foundation; either version 2 of the License, or
(at your option) any later version.

This program is distributed in the hope that it will be useful,
but WITHOUT ANY WARRANTY; without even the implied warranty of
MERCHANTABILITY or FITNESS FOR A PARTICULAR PURPOSE.  See the
GNU General Public License for more details.
Current Grid git commit hash=82d411ca7bb8ec4a5b5c3815df23674cfd291070: (HEAD -> develop, origin/develop, origin/HEAD) clean

Grid : Message : ================================================ 
Grid : Message : MPI is initialised and logging filters activated 
Grid : Message : ================================================ 
Grid : Message : This rank is running on host genoahost094.sdcc.bnl.local at local time 2026-03-04 12:39:39
Grid : Message : Requested 17179869184 byte stencil comms buffers 
Grid : Message : MemoryManager::Init() setting up
Grid : Message : MemoryManager::Init() cache pool for recent host   allocations: SMALL 8 LARGE 2 HUGE 0
Grid : Message : MemoryManager::Init() cache pool for recent device allocations: SMALL 16 LARGE 8 Huge 0
Grid : Message : MemoryManager::Init() cache pool for recent shared allocations: SMALL 16 LARGE 8 Huge 0
Grid : Message : MemoryManager::Init() Unified memory space
Sorting eigenvalues using EvalReSmall
Grid : Message : 0.632000 s : Lattice size: [32 32 32 32]
Example_spec_kryschur: ../../Grid/communicator/SharedMemoryMPI.cc:434: static void Grid::GlobalSharedMemory::OptimalCommunicatorSharedMemory(const Coordinate&, ompi_communicator_t*&, Grid::Coordinate&): Assertion `WorldSize==Nprocessors' failed.
[genoahost094:2385579] *** Process received signal ***
[genoahost094:2385579] Signal: Aborted (6)
[genoahost094:2385579] Signal code:  (-6)
[genoahost094:2385579] [ 0] /lib64/libc.so.6(+0x3fc30)[0x14eaaaa3fc30]
[genoahost094:2385579] [ 1] /lib64/libc.so.6(+0x8d02c)[0x14eaaaa8d02c]
[genoahost094:2385579] [ 2] /lib64/libc.so.6(raise+0x16)[0x14eaaaa3fb86]
[genoahost094:2385579] [ 3] /lib64/libc.so.6(abort+0xd3)[0x14eaaaa29873]
[genoahost094:2385579] [ 4] /lib64/libc.so.6(+0x2979b)[0x14eaaaa2979b]
[genoahost094:2385579] [ 5] /lib64/libc.so.6(+0x388c6)[0x14eaaaa388c6]
[genoahost094:2385579] [ 6] /direct/sdcc+u/poare/Grid/build/examples/./Example_spec_kryschur[0x4cc186]
[genoahost094:2385579] [ 7] /direct/sdcc+u/poare/Grid/build/examples/./Example_spec_kryschur[0x4cc271]
[genoahost094:2385579] [ 8] /direct/sdcc+u/poare/Grid/build/examples/./Example_spec_kryschur[0x4c7e15]
[genoahost094:2385579] [ 9] /direct/sdcc+u/poare/Grid/build/examples/./Example_spec_kryschur[0x4b5ecf]
[genoahost094:2385579] [10] /direct/sdcc+u/poare/Grid/build/examples/./Example_spec_kryschur[0x41171f]
[genoahost094:2385579] [11] /lib64/libc.so.6(+0x2a610)[0x14eaaaa2a610]
[genoahost094:2385579] [12] /lib64/libc.so.6(__libc_start_main+0x80)[0x14eaaaa2a6c0]
[genoahost094:2385579] [13] /direct/sdcc+u/poare/Grid/build/examples/./Example_spec_kryschur[0x414705]
[genoahost094:2385579] *** End of error message ***

__|__|__|__|__|__|__|__|__|__|__|__|__|__|__
__|__|__|__|__|__|__|__|__|__|__|__|__|__|__
__|_ |  |  |  |  |  |  |  |  |  |  |  | _|__
__|_                                    _|__
__|_   GGGG    RRRR    III    DDDD      _|__
__|_  G        R   R    I     D   D     _|__
__|_  G        R   R    I     D    D    _|__
__|_  G  GG    RRRR     I     D    D    _|__
__|_  G   G    R  R     I     D   D     _|__
__|_   GGGG    R   R   III    DDDD      _|__
__|_                                    _|__
__|__|__|__|__|__|__|__|__|__|__|__|__|__|__
__|__|__|__|__|__|__|__|__|__|__|__|__|__|__
  |  |  |  |  |  |  |  |  |  |  |  |  |  |  


Copyright (C) 2015 Peter Boyle, Azusa Yamaguchi, Guido Cossu, Antonin Portelli and other authors

This program is free software; you can redistribute it and/or modify
it under the terms of the GNU General Public License as published by
the Free Software Foundation; either version 2 of the License, or
(at your option) any later version.

This program is distributed in the hope that it will be useful,
but WITHOUT ANY WARRANTY; without even the implied warranty of
MERCHANTABILITY or FITNESS FOR A PARTICULAR PURPOSE.  See the
GNU General Public License for more details.
Current Grid git commit hash=82d411ca7bb8ec4a5b5c3815df23674cfd291070: (HEAD -> develop, origin/develop, origin/HEAD) clean

Grid : Message : ================================================ 
Grid : Message : MPI is initialised and logging filters activated 
Grid : Message : ================================================ 
Grid : Message : This rank is running on host genoahost091.sdcc.bnl.local at local time 2026-03-04 12:39:41
Grid : Message : Requested 17179869184 byte stencil comms buffers 
Grid : Message : MemoryManager::Init() setting up
Grid : Message : MemoryManager::Init() cache pool for recent host   allocations: SMALL 8 LARGE 2 HUGE 0
Grid : Message : MemoryManager::Init() cache pool for recent device allocations: SMALL 16 LARGE 8 Huge 0
Grid : Message : MemoryManager::Init() cache pool for recent shared allocations: SMALL 16 LARGE 8 Huge 0
Grid : Message : MemoryManager::Init() Unified memory space
Sorting eigenvalues using EvalReSmall
Grid : Message : 0.600000 s : Lattice size: [32 32 32 32]
Example_spec_kryschur: ../../Grid/communicator/SharedMemoryMPI.cc:434: static void Grid::GlobalSharedMemory::OptimalCommunicatorSharedMemory(const Coordinate&, ompi_communicator_t*&, Grid::Coordinate&): Assertion `WorldSize==Nprocessors' failed.
[genoahost091:2340669] *** Process received signal ***
[genoahost091:2340669] Signal: Aborted (6)
[genoahost091:2340669] Signal code:  (-6)
[genoahost091:2340669] [ 0] /lib64/libc.so.6(+0x3fc30)[0x145f5aa3fc30]
[genoahost091:2340669] [ 1] /lib64/libc.so.6(+0x8d02c)[0x145f5aa8d02c]
[genoahost091:2340669] [ 2] /lib64/libc.so.6(raise+0x16)[0x145f5aa3fb86]
[genoahost091:2340669] [ 3] /lib64/libc.so.6(abort+0xd3)[0x145f5aa29873]
[genoahost091:2340669] [ 4] /lib64/libc.so.6(+0x2979b)[0x145f5aa2979b]
[genoahost091:2340669] [ 5] /lib64/libc.so.6(+0x388c6)[0x145f5aa388c6]
[genoahost091:2340669] [ 6] /direct/sdcc+u/poare/Grid/build/examples/./Example_spec_kryschur[0x4cc186]
[genoahost091:2340669] [ 7] /direct/sdcc+u/poare/Grid/build/examples/./Example_spec_kryschur[0x4cc271]
[genoahost091:2340669] [ 8] /direct/sdcc+u/poare/Grid/build/examples/./Example_spec_kryschur[0x4c7e15]
[genoahost091:2340669] [ 9] /direct/sdcc+u/poare/Grid/build/examples/./Example_spec_kryschur[0x4b5ecf]
[genoahost091:2340669] [10] /direct/sdcc+u/poare/Grid/build/examples/./Example_spec_kryschur[0x41171f]
[genoahost091:2340669] [11] /lib64/libc.so.6(+0x2a610)[0x145f5aa2a610]
[genoahost091:2340669] [12] /lib64/libc.so.6(__libc_start_main+0x80)[0x145f5aa2a6c0]
[genoahost091:2340669] [13] /direct/sdcc+u/poare/Grid/build/examples/./Example_spec_kryschur[0x414705]
[genoahost091:2340669] *** End of error message ***
srun: error: genoahost096: task 127: Aborted (core dumped)

__|__|__|__|__|__|__|__|__|__|__|__|__|__|__
__|__|__|__|__|__|__|__|__|__|__|__|__|__|__
__|_ |  |  |  |  |  |  |  |  |  |  |  | _|__
__|_                                    _|__
__|_   GGGG    RRRR    III    DDDD      _|__
__|_  G        R   R    I     D   D     _|__
__|_  G        R   R    I     D    D    _|__
__|_  G  GG    RRRR     I     D    D    _|__
__|_  G   G    R  R     I     D   D     _|__
__|_   GGGG    R   R   III    DDDD      _|__
__|_                                    _|__
__|__|__|__|__|__|__|__|__|__|__|__|__|__|__
__|__|__|__|__|__|__|__|__|__|__|__|__|__|__
  |  |  |  |  |  |  |  |  |  |  |  |  |  |  


Copyright (C) 2015 Peter Boyle, Azusa Yamaguchi, Guido Cossu, Antonin Portelli and other authors

This program is free software; you can redistribute it and/or modify
it under the terms of the GNU General Public License as published by
the Free Software Foundation; either version 2 of the License, or
(at your option) any later version.

This program is distributed in the hope that it will be useful,
but WITHOUT ANY WARRANTY; without even the implied warranty of
MERCHANTABILITY or FITNESS FOR A PARTICULAR PURPOSE.  See the
GNU General Public License for more details.
Current Grid git commit hash=82d411ca7bb8ec4a5b5c3815df23674cfd291070: (HEAD -> develop, origin/develop, origin/HEAD) clean

Grid : Message : ================================================ 
Grid : Message : MPI is initialised and logging filters activated 
Grid : Message : ================================================ 
Grid : Message : This rank is running on host genoahost096.sdcc.bnl.local at local time 2026-03-04 12:39:44
Grid : Message : Requested 17179869184 byte stencil comms buffers 
Grid : Message : MemoryManager::Init() setting up
Grid : Message : MemoryManager::Init() cache pool for recent host   allocations: SMALL 8 LARGE 2 HUGE 0
Grid : Message : MemoryManager::Init() cache pool for recent device allocations: SMALL 16 LARGE 8 Huge 0
Grid : Message : MemoryManager::Init() cache pool for recent shared allocations: SMALL 16 LARGE 8 Huge 0
Grid : Message : MemoryManager::Init() Unified memory space
Sorting eigenvalues using EvalReSmall
Grid : Message : 0.617000 s : Lattice size: [32 32 32 32]
Example_spec_kryschur: ../../Grid/communicator/SharedMemoryMPI.cc:434: static void Grid::GlobalSharedMemory::OptimalCommunicatorSharedMemory(const Coordinate&, ompi_communicator_t*&, Grid::Coordinate&): Assertion `WorldSize==Nprocessors' failed.
[genoahost096:2315050] *** Process received signal ***
[genoahost096:2315050] Signal: Aborted (6)
[genoahost096:2315050] Signal code:  (-6)

__|__|__|__|__|__|__|__|__|__|__|__|__|__|__
__|__|__|__|__|__|__|__|__|__|__|__|__|__|__
__|_ |  |  |  |  |  |  |  |  |  |  |  | _|__
__|_                                    _|__
__|_   GGGG    RRRR    III    DDDD      _|__
__|_  G        R   R    I     D   D     _|__
__|_  G        R   R    I     D    D    _|__
__|_  G  GG    RRRR     I     D    D    _|__
__|_  G   G    R  R     I     D   D     _|__
__|_   GGGG    R   R   III    DDDD      _|__
__|_                                    _|__
__|__|__|__|__|__|__|__|__|__|__|__|__|__|__
__|__|__|__|__|__|__|__|__|__|__|__|__|__|__
  |  |  |  |  |  |  |  |  |  |  |  |  |  |  


Copyright (C) 2015 Peter Boyle, Azusa Yamaguchi, Guido Cossu, Antonin Portelli and other authors

This program is free software; you can redistribute it and/or modify
it under the terms of the GNU General Public License as published by
the Free Software Foundation; either version 2 of the License, or
(at your option) any later version.

This program is distributed in the hope that it will be useful,
but WITHOUT ANY WARRANTY; without even the implied warranty of
MERCHANTABILITY or FITNESS FOR A PARTICULAR PURPOSE.  See the
GNU General Public License for more details.
Current Grid git commit hash=82d411ca7bb8ec4a5b5c3815df23674cfd291070: (HEAD -> develop, origin/develop, origin/HEAD) clean

Grid : Message : ================================================ 
Grid : Message : MPI is initialised and logging filters activated 
Grid : Message : ================================================ 
Grid : Message : This rank is running on host genoahost096.sdcc.bnl.local at local time 2026-03-04 12:39:44
Grid : Message : Requested 17179869184 byte stencil comms buffers 
Grid : Message : MemoryManager::Init() setting up
Grid : Message : MemoryManager::Init() cache pool for recent host   allocations: SMALL 8 LARGE 2 HUGE 0
Grid : Message : MemoryManager::Init() cache pool for recent device allocations: SMALL 16 LARGE 8 Huge 0
Grid : Message : MemoryManager::Init() cache pool for recent shared allocations: SMALL 16 LARGE 8 Huge 0
Grid : Message : MemoryManager::Init() Unified memory space
Sorting eigenvalues using EvalReSmall
Grid : Message : 0.524000 s : Lattice size: [32 32 32 32]
Example_spec_kryschur: ../../Grid/communicator/SharedMemoryMPI.cc:434: static void Grid::GlobalSharedMemory::OptimalCommunicatorSharedMemory(const Coordinate&, ompi_communicator_t*&, Grid::Coordinate&): Assertion `WorldSize==Nprocessors' failed.
[genoahost096:2315048] *** Process received signal ***
[genoahost096:2315048] Signal: Aborted (6)
[genoahost096:2315048] Signal code:  (-6)
[genoahost096:2315048] [ 0] /lib64/libc.so.6(+0x3fc30)[0x14db6443fc30]
[genoahost096:2315048] [ 1] /lib64/libc.so.6(+0x8d02c)[0x14db6448d02c]
[genoahost096:2315048] [ 2] /lib64/libc.so.6(raise+0x16)[0x14db6443fb86]
[genoahost096:2315048] [ 3] /lib64/libc.so.6(abort+0xd3)[0x14db64429873]
[genoahost096:2315048] [ 4] /lib64/libc.so.6(+0x2979b)[0x14db6442979b]
[genoahost096:2315048] [ 5] /lib64/libc.so.6(+0x388c6)[0x14db644388c6]
[genoahost096:2315048] [ 6] /direct/sdcc+u/poare/Grid/build/examples/./Example_spec_kryschur[0x4cc186]
[genoahost096:2315048] [ 7] /direct/sdcc+u/poare/Grid/build/examples/./Example_spec_kryschur[0x4cc271]
[genoahost096:2315048] [ 8] /direct/sdcc+u/poare/Grid/build/examples/./Example_spec_kryschur[0x4c7e15]
[genoahost096:2315048] [ 9] /direct/sdcc+u/poare/Grid/build/examples/./Example_spec_kryschur[0x4b5ecf]
[genoahost096:2315048] [10] /direct/sdcc+u/poare/Grid/build/examples/./Example_spec_kryschur[0x41171f]
[genoahost096:2315048] [11] /lib64/libc.so.6(+0x2a610)[0x14db6442a610]
[genoahost096:2315048] [12] /lib64/libc.so.6(__libc_start_main+0x80)[0x14db6442a6c0]
[genoahost096:2315048] [13] /direct/sdcc+u/poare/Grid/build/examples/./Example_spec_kryschur[0x414705]
[genoahost096:2315048] *** End of error message ***
[genoahost096:2315050] [ 0] /lib64/libc.so.6(+0x3fc30)[0x154a4723fc30]
[genoahost096:2315050] [ 1] /lib64/libc.so.6(+0x8d02c)[0x154a4728d02c]
[genoahost096:2315050] [ 2] /lib64/libc.so.6(raise+0x16)[0x154a4723fb86]
[genoahost096:2315050] [ 3] /lib64/libc.so.6(abort+0xd3)[0x154a47229873]
[genoahost096:2315050] [ 4] /lib64/libc.so.6(+0x2979b)[0x154a4722979b]
[genoahost096:2315050] [ 5] /lib64/libc.so.6(+0x388c6)[0x154a472388c6]
[genoahost096:2315050] [ 6] /direct/sdcc+u/poare/Grid/build/examples/./Example_spec_kryschur[0x4cc186]
[genoahost096:2315050] [ 7] /direct/sdcc+u/poare/Grid/build/examples/./Example_spec_kryschur[0x4cc271]
[genoahost096:2315050] [ 8] /direct/sdcc+u/poare/Grid/build/examples/./Example_spec_kryschur[0x4c7e15]
[genoahost096:2315050] [ 9] /direct/sdcc+u/poare/Grid/build/examples/./Example_spec_kryschur[0x4b5ecf]
[genoahost096:2315050] [10] /direct/sdcc+u/poare/Grid/build/examples/./Example_spec_kryschur[0x41171f]
[genoahost096:2315050] [11] /lib64/libc.so.6(+0x2a610)[0x154a4722a610]
[genoahost096:2315050] [12] /lib64/libc.so.6(__libc_start_main+0x80)[0x154a4722a6c0]
[genoahost096:2315050] [13] /direct/sdcc+u/poare/Grid/build/examples/./Example_spec_kryschur[0x414705]
[genoahost096:2315050] *** End of error message ***
srun: error: genoahost095: task 111: Aborted (core dumped)
srun: error: genoahost094: task 90: Aborted (core dumped)
srun: error: genoahost093: task 69: Aborted (core dumped)

__|__|__|__|__|__|__|__|__|__|__|__|__|__|__
__|__|__|__|__|__|__|__|__|__|__|__|__|__|__
__|_ |  |  |  |  |  |  |  |  |  |  |  | _|__
__|_                                    _|__
__|_   GGGG    RRRR    III    DDDD      _|__
__|_  G        R   R    I     D   D     _|__
__|_  G        R   R    I     D    D    _|__
__|_  G  GG    RRRR     I     D    D    _|__
__|_  G   G    R  R     I     D   D     _|__
__|_   GGGG    R   R   III    DDDD      _|__
__|_                                    _|__
__|__|__|__|__|__|__|__|__|__|__|__|__|__|__
__|__|__|__|__|__|__|__|__|__|__|__|__|__|__
  |  |  |  |  |  |  |  |  |  |  |  |  |  |  


Copyright (C) 2015 Peter Boyle, Azusa Yamaguchi, Guido Cossu, Antonin Portelli and other authors

This program is free software; you can redistribute it and/or modify
it under the terms of the GNU General Public License as published by
the Free Software Foundation; either version 2 of the License, or
(at your option) any later version.

This program is distributed in the hope that it will be useful,
but WITHOUT ANY WARRANTY; without even the implied warranty of
MERCHANTABILITY or FITNESS FOR A PARTICULAR PURPOSE.  See the
GNU General Public License for more details.
Current Grid git commit hash=82d411ca7bb8ec4a5b5c3815df23674cfd291070: (HEAD -> develop, origin/develop, origin/HEAD) clean

Grid : Message : ================================================ 
Grid : Message : MPI is initialised and logging filters activated 
Grid : Message : ================================================ 
Grid : Message : This rank is running on host genoahost094.sdcc.bnl.local at local time 2026-03-04 12:39:48
Grid : Message : Requested 17179869184 byte stencil comms buffers 
Grid : Message : MemoryManager::Init() setting up
Grid : Message : MemoryManager::Init() cache pool for recent host   allocations: SMALL 8 LARGE 2 HUGE 0
Grid : Message : MemoryManager::Init() cache pool for recent device allocations: SMALL 16 LARGE 8 Huge 0
Grid : Message : MemoryManager::Init() cache pool for recent shared allocations: SMALL 16 LARGE 8 Huge 0
Grid : Message : MemoryManager::Init() Unified memory space
Sorting eigenvalues using EvalReSmall
Grid : Message : 0.703000 s : Lattice size: [32 32 32 32]
Example_spec_kryschur: ../../Grid/communicator/SharedMemoryMPI.cc:434: static void Grid::GlobalSharedMemory::OptimalCommunicatorSharedMemory(const Coordinate&, ompi_communicator_t*&, Grid::Coordinate&): Assertion `WorldSize==Nprocessors' failed.
[genoahost094:2385587] *** Process received signal ***
[genoahost094:2385587] Signal: Aborted (6)
[genoahost094:2385587] Signal code:  (-6)
[genoahost094:2385587] [ 0] /lib64/libc.so.6(+0x3fc30)[0x14ef2483fc30]
[genoahost094:2385587] [ 1] /lib64/libc.so.6(+0x8d02c)[0x14ef2488d02c]
[genoahost094:2385587] [ 2] /lib64/libc.so.6(raise+0x16)[0x14ef2483fb86]
[genoahost094:2385587] [ 3] /lib64/libc.so.6(abort+0xd3)[0x14ef24829873]
[genoahost094:2385587] [ 4] /lib64/libc.so.6(+0x2979b)[0x14ef2482979b]
[genoahost094:2385587] [ 5] /lib64/libc.so.6(+0x388c6)[0x14ef248388c6]
[genoahost094:2385587] [ 6] /direct/sdcc+u/poare/Grid/build/examples/./Example_spec_kryschur[0x4cc186]
[genoahost094:2385587] [ 7] /direct/sdcc+u/poare/Grid/build/examples/./Example_spec_kryschur[0x4cc271]
[genoahost094:2385587] [ 8] /direct/sdcc+u/poare/Grid/build/examples/./Example_spec_kryschur[0x4c7e15]
[genoahost094:2385587] [ 9] /direct/sdcc+u/poare/Grid/build/examples/./Example_spec_kryschur[0x4b5ecf]
[genoahost094:2385587] [10] /direct/sdcc+u/poare/Grid/build/examples/./Example_spec_kryschur[0x41171f]
[genoahost094:2385587] [11] /lib64/libc.so.6(+0x2a610)[0x14ef2482a610]
[genoahost094:2385587] [12] /lib64/libc.so.6(__libc_start_main+0x80)[0x14ef2482a6c0]
[genoahost094:2385587] [13] /direct/sdcc+u/poare/Grid/build/examples/./Example_spec_kryschur[0x414705]
[genoahost094:2385587] *** End of error message ***
srun: error: genoahost096: task 122: Aborted (core dumped)

__|__|__|__|__|__|__|__|__|__|__|__|__|__|__
__|__|__|__|__|__|__|__|__|__|__|__|__|__|__
__|_ |  |  |  |  |  |  |  |  |  |  |  | _|__
__|_                                    _|__
__|_   GGGG    RRRR    III    DDDD      _|__
__|_  G        R   R    I     D   D     _|__
__|_  G        R   R    I     D    D    _|__
__|_  G  GG    RRRR     I     D    D    _|__
__|_  G   G    R  R     I     D   D     _|__
__|_   GGGG    R   R   III    DDDD      _|__
__|_                                    _|__
__|__|__|__|__|__|__|__|__|__|__|__|__|__|__
__|__|__|__|__|__|__|__|__|__|__|__|__|__|__
  |  |  |  |  |  |  |  |  |  |  |  |  |  |  


Copyright (C) 2015 Peter Boyle, Azusa Yamaguchi, Guido Cossu, Antonin Portelli and other authors

This program is free software; you can redistribute it and/or modify
it under the terms of the GNU General Public License as published by
the Free Software Foundation; either version 2 of the License, or
(at your option) any later version.

This program is distributed in the hope that it will be useful,
but WITHOUT ANY WARRANTY; without even the implied warranty of
MERCHANTABILITY or FITNESS FOR A PARTICULAR PURPOSE.  See the
GNU General Public License for more details.
Current Grid git commit hash=82d411ca7bb8ec4a5b5c3815df23674cfd291070: (HEAD -> develop, origin/develop, origin/HEAD) clean

Grid : Message : ================================================ 
Grid : Message : MPI is initialised and logging filters activated 
Grid : Message : ================================================ 
Grid : Message : This rank is running on host genoahost090.sdcc.bnl.local at local time 2026-03-04 12:39:50
Grid : Message : Requested 17179869184 byte stencil comms buffers 
Grid : Message : MemoryManager::Init() setting up
Grid : Message : MemoryManager::Init() cache pool for recent host   allocations: SMALL 8 LARGE 2 HUGE 0
Grid : Message : MemoryManager::Init() cache pool for recent device allocations: SMALL 16 LARGE 8 Huge 0
Grid : Message : MemoryManager::Init() cache pool for recent shared allocations: SMALL 16 LARGE 8 Huge 0
Grid : Message : MemoryManager::Init() Unified memory space
Sorting eigenvalues using EvalReSmall
Grid : Message : 0.728000 s : Lattice size: [32 32 32 32]
Example_spec_kryschur: ../../Grid/communicator/SharedMemoryMPI.cc:434: static void Grid::GlobalSharedMemory::OptimalCommunicatorSharedMemory(const Coordinate&, ompi_communicator_t*&, Grid::Coordinate&): Assertion `WorldSize==Nprocessors' failed.
[genoahost090:2328913] *** Process received signal ***
[genoahost090:2328913] Signal: Aborted (6)
[genoahost090:2328913] Signal code:  (-6)
[genoahost090:2328913] [ 0] /lib64/libc.so.6(+0x3fc30)[0x14be6003fc30]
[genoahost090:2328913] [ 1] /lib64/libc.so.6(+0x8d02c)[0x14be6008d02c]
[genoahost090:2328913] [ 2] /lib64/libc.so.6(raise+0x16)[0x14be6003fb86]
[genoahost090:2328913] [ 3] /lib64/libc.so.6(abort+0xd3)[0x14be60029873]
[genoahost090:2328913] [ 4] /lib64/libc.so.6(+0x2979b)[0x14be6002979b]
[genoahost090:2328913] [ 5] /lib64/libc.so.6(+0x388c6)[0x14be600388c6]
[genoahost090:2328913] [ 6] /direct/sdcc+u/poare/Grid/build/examples/./Example_spec_kryschur[0x4cc186]
[genoahost090:2328913] [ 7] /direct/sdcc+u/poare/Grid/build/examples/./Example_spec_kryschur[0x4cc271]
[genoahost090:2328913] [ 8] /direct/sdcc+u/poare/Grid/build/examples/./Example_spec_kryschur[0x4c7e15]
[genoahost090:2328913] [ 9] /direct/sdcc+u/poare/Grid/build/examples/./Example_spec_kryschur[0x4b5ecf]
[genoahost090:2328913] [10] /direct/sdcc+u/poare/Grid/build/examples/./Example_spec_kryschur[0x41171f]
[genoahost090:2328913] [11] /lib64/libc.so.6(+0x2a610)[0x14be6002a610]
[genoahost090:2328913] [12] /lib64/libc.so.6(__libc_start_main+0x80)[0x14be6002a6c0]
[genoahost090:2328913] [13] /direct/sdcc+u/poare/Grid/build/examples/./Example_spec_kryschur[0x414705]
[genoahost090:2328913] *** End of error message ***
srun: error: genoahost092: task 54: Aborted (core dumped)
srun: error: genoahost096: task 124: Aborted (core dumped)
srun: error: genoahost089: task 2: Aborted (core dumped)

__|__|__|__|__|__|__|__|__|__|__|__|__|__|__
__|__|__|__|__|__|__|__|__|__|__|__|__|__|__
__|_ |  |  |  |  |  |  |  |  |  |  |  | _|__
__|_                                    _|__
__|_   GGGG    RRRR    III    DDDD      _|__
__|_  G        R   R    I     D   D     _|__
__|_  G        R   R    I     D    D    _|__
__|_  G  GG    RRRR     I     D    D    _|__
__|_  G   G    R  R     I     D   D     _|__
__|_   GGGG    R   R   III    DDDD      _|__
__|_                                    _|__
__|__|__|__|__|__|__|__|__|__|__|__|__|__|__
__|__|__|__|__|__|__|__|__|__|__|__|__|__|__
  |  |  |  |  |  |  |  |  |  |  |  |  |  |  


Copyright (C) 2015 Peter Boyle, Azusa Yamaguchi, Guido Cossu, Antonin Portelli and other authors

This program is free software; you can redistribute it and/or modify
it under the terms of the GNU General Public License as published by
the Free Software Foundation; either version 2 of the License, or
(at your option) any later version.

This program is distributed in the hope that it will be useful,
but WITHOUT ANY WARRANTY; without even the implied warranty of
MERCHANTABILITY or FITNESS FOR A PARTICULAR PURPOSE.  See the
GNU General Public License for more details.
Current Grid git commit hash=82d411ca7bb8ec4a5b5c3815df23674cfd291070: (HEAD -> develop, origin/develop, origin/HEAD) clean

Grid : Message : ================================================ 
Grid : Message : MPI is initialised and logging filters activated 
Grid : Message : ================================================ 
Grid : Message : This rank is running on host genoahost090.sdcc.bnl.local at local time 2026-03-04 12:39:54
Grid : Message : Requested 17179869184 byte stencil comms buffers 
Grid : Message : MemoryManager::Init() setting up
Grid : Message : MemoryManager::Init() cache pool for recent host   allocations: SMALL 8 LARGE 2 HUGE 0
Grid : Message : MemoryManager::Init() cache pool for recent device allocations: SMALL 16 LARGE 8 Huge 0
Grid : Message : MemoryManager::Init() cache pool for recent shared allocations: SMALL 16 LARGE 8 Huge 0
Grid : Message : MemoryManager::Init() Unified memory space
Sorting eigenvalues using EvalReSmall
Grid : Message : 0.615000 s : Lattice size: [32 32 32 32]
Example_spec_kryschur: ../../Grid/communicator/SharedMemoryMPI.cc:434: static void Grid::GlobalSharedMemory::OptimalCommunicatorSharedMemory(const Coordinate&, ompi_communicator_t*&, Grid::Coordinate&): Assertion `WorldSize==Nprocessors' failed.
[genoahost090:2328912] *** Process received signal ***
[genoahost090:2328912] Signal: Aborted (6)
[genoahost090:2328912] Signal code:  (-6)
[genoahost090:2328912] [ 0] /lib64/libc.so.6(+0x3fc30)[0x148d29c3fc30]
[genoahost090:2328912] [ 1] /lib64/libc.so.6(+0x8d02c)[0x148d29c8d02c]
[genoahost090:2328912] [ 2] /lib64/libc.so.6(raise+0x16)[0x148d29c3fb86]
[genoahost090:2328912] [ 3] /lib64/libc.so.6(abort+0xd3)[0x148d29c29873]
[genoahost090:2328912] [ 4] /lib64/libc.so.6(+0x2979b)[0x148d29c2979b]
[genoahost090:2328912] [ 5] /lib64/libc.so.6(+0x388c6)[0x148d29c388c6]
[genoahost090:2328912] [ 6] /direct/sdcc+u/poare/Grid/build/examples/./Example_spec_kryschur[0x4cc186]
[genoahost090:2328912] [ 7] /direct/sdcc+u/poare/Grid/build/examples/./Example_spec_kryschur[0x4cc271]
[genoahost090:2328912] [ 8] /direct/sdcc+u/poare/Grid/build/examples/./Example_spec_kryschur[0x4c7e15]
[genoahost090:2328912] [ 9] /direct/sdcc+u/poare/Grid/build/examples/./Example_spec_kryschur[0x4b5ecf]
[genoahost090:2328912] [10] /direct/sdcc+u/poare/Grid/build/examples/./Example_spec_kryschur[0x41171f]
[genoahost090:2328912] [11] /lib64/libc.so.6(+0x2a610)[0x148d29c2a610]
[genoahost090:2328912] [12] /lib64/libc.so.6(__libc_start_main+0x80)[0x148d29c2a6c0]
[genoahost090:2328912] [13] /direct/sdcc+u/poare/Grid/build/examples/./Example_spec_kryschur[0x414705]
[genoahost090:2328912] *** End of error message ***

__|__|__|__|__|__|__|__|__|__|__|__|__|__|__
__|__|__|__|__|__|__|__|__|__|__|__|__|__|__
__|_ |  |  |  |  |  |  |  |  |  |  |  | _|__
__|_                                    _|__
__|_   GGGG    RRRR    III    DDDD      _|__
__|_  G        R   R    I     D   D     _|__
__|_  G        R   R    I     D    D    _|__
__|_  G  GG    RRRR     I     D    D    _|__
__|_  G   G    R  R     I     D   D     _|__
__|_   GGGG    R   R   III    DDDD      _|__
__|_                                    _|__
__|__|__|__|__|__|__|__|__|__|__|__|__|__|__
__|__|__|__|__|__|__|__|__|__|__|__|__|__|__
  |  |  |  |  |  |  |  |  |  |  |  |  |  |  


Copyright (C) 2015 Peter Boyle, Azusa Yamaguchi, Guido Cossu, Antonin Portelli and other authors

This program is free software; you can redistribute it and/or modify
it under the terms of the GNU General Public License as published by
the Free Software Foundation; either version 2 of the License, or
(at your option) any later version.

This program is distributed in the hope that it will be useful,
but WITHOUT ANY WARRANTY; without even the implied warranty of
MERCHANTABILITY or FITNESS FOR A PARTICULAR PURPOSE.  See the
GNU General Public License for more details.
Current Grid git commit hash=82d411ca7bb8ec4a5b5c3815df23674cfd291070: (HEAD -> develop, origin/develop, origin/HEAD) clean

Grid : Message : ================================================ 
Grid : Message : MPI is initialised and logging filters activated 
Grid : Message : ================================================ 
Grid : Message : This rank is running on host genoahost090.sdcc.bnl.local at local time 2026-03-04 12:39:54
Grid : Message : Requested 17179869184 byte stencil comms buffers 
Grid : Message : MemoryManager::Init() setting up
Grid : Message : MemoryManager::Init() cache pool for recent host   allocations: SMALL 8 LARGE 2 HUGE 0
Grid : Message : MemoryManager::Init() cache pool for recent device allocations: SMALL 16 LARGE 8 Huge 0
Grid : Message : MemoryManager::Init() cache pool for recent shared allocations: SMALL 16 LARGE 8 Huge 0
Grid : Message : MemoryManager::Init() Unified memory space
Sorting eigenvalues using EvalReSmall
Grid : Message : 0.521000 s : Lattice size: [32 32 32 32]
Example_spec_kryschur: ../../Grid/communicator/SharedMemoryMPI.cc:434: static void Grid::GlobalSharedMemory::OptimalCommunicatorSharedMemory(const Coordinate&, ompi_communicator_t*&, Grid::Coordinate&): Assertion `WorldSize==Nprocessors' failed.
[genoahost090:2328904] *** Process received signal ***
[genoahost090:2328904] Signal: Aborted (6)
[genoahost090:2328904] Signal code:  (-6)
[genoahost090:2328904] [ 0] /lib64/libc.so.6(+0x3fc30)[0x147d7c83fc30]
[genoahost090:2328904] [ 1] /lib64/libc.so.6(+0x8d02c)[0x147d7c88d02c]
[genoahost090:2328904] [ 2] /lib64/libc.so.6(raise+0x16)[0x147d7c83fb86]
[genoahost090:2328904] [ 3] /lib64/libc.so.6(abort+0xd3)[0x147d7c829873]
[genoahost090:2328904] [ 4] /lib64/libc.so.6(+0x2979b)[0x147d7c82979b]
[genoahost090:2328904] [ 5] /lib64/libc.so.6(+0x388c6)[0x147d7c8388c6]
[genoahost090:2328904] [ 6] /direct/sdcc+u/poare/Grid/build/examples/./Example_spec_kryschur[0x4cc186]
[genoahost090:2328904] [ 7] /direct/sdcc+u/poare/Grid/build/examples/./Example_spec_kryschur[0x4cc271]
[genoahost090:2328904] [ 8] /direct/sdcc+u/poare/Grid/build/examples/./Example_spec_kryschur[0x4c7e15]
[genoahost090:2328904] [ 9] /direct/sdcc+u/poare/Grid/build/examples/./Example_spec_kryschur[0x4b5ecf]
[genoahost090:2328904] [10] /direct/sdcc+u/poare/Grid/build/examples/./Example_spec_kryschur[0x41171f]
[genoahost090:2328904] [11] /lib64/libc.so.6(+0x2a610)[0x147d7c82a610]
[genoahost090:2328904] [12] /lib64/libc.so.6(__libc_start_main+0x80)[0x147d7c82a6c0]
[genoahost090:2328904] [13] /direct/sdcc+u/poare/Grid/build/examples/./Example_spec_kryschur[0x414705]
[genoahost090:2328904] *** End of error message ***

__|__|__|__|__|__|__|__|__|__|__|__|__|__|__
__|__|__|__|__|__|__|__|__|__|__|__|__|__|__
__|_ |  |  |  |  |  |  |  |  |  |  |  | _|__
__|_                                    _|__
__|_   GGGG    RRRR    III    DDDD      _|__
__|_  G        R   R    I     D   D     _|__
__|_  G        R   R    I     D    D    _|__
__|_  G  GG    RRRR     I     D    D    _|__
__|_  G   G    R  R     I     D   D     _|__
__|_   GGGG    R   R   III    DDDD      _|__
__|_                                    _|__
__|__|__|__|__|__|__|__|__|__|__|__|__|__|__
__|__|__|__|__|__|__|__|__|__|__|__|__|__|__
  |  |  |  |  |  |  |  |  |  |  |  |  |  |  


Copyright (C) 2015 Peter Boyle, Azusa Yamaguchi, Guido Cossu, Antonin Portelli and other authors

This program is free software; you can redistribute it and/or modify
it under the terms of the GNU General Public License as published by
the Free Software Foundation; either version 2 of the License, or
(at your option) any later version.

This program is distributed in the hope that it will be useful,
but WITHOUT ANY WARRANTY; without even the implied warranty of
MERCHANTABILITY or FITNESS FOR A PARTICULAR PURPOSE.  See the
GNU General Public License for more details.
Current Grid git commit hash=82d411ca7bb8ec4a5b5c3815df23674cfd291070: (HEAD -> develop, origin/develop, origin/HEAD) clean

Grid : Message : ================================================ 
Grid : Message : MPI is initialised and logging filters activated 
Grid : Message : ================================================ 
Grid : Message : This rank is running on host genoahost095.sdcc.bnl.local at local time 2026-03-04 12:39:54
Grid : Message : Requested 17179869184 byte stencil comms buffers 
Grid : Message : MemoryManager::Init() setting up
Grid : Message : MemoryManager::Init() cache pool for recent host   allocations: SMALL 8 LARGE 2 HUGE 0
Grid : Message : MemoryManager::Init() cache pool for recent device allocations: SMALL 16 LARGE 8 Huge 0
Grid : Message : MemoryManager::Init() cache pool for recent shared allocations: SMALL 16 LARGE 8 Huge 0
Grid : Message : MemoryManager::Init() Unified memory space
Sorting eigenvalues using EvalReSmall
Grid : Message : 0.628000 s : Lattice size: [32 32 32 32]
Example_spec_kryschur: ../../Grid/communicator/SharedMemoryMPI.cc:434: static void Grid::GlobalSharedMemory::OptimalCommunicatorSharedMemory(const Coordinate&, ompi_communicator_t*&, Grid::Coordinate&): Assertion `WorldSize==Nprocessors' failed.
[genoahost095:2398011] *** Process received signal ***
[genoahost095:2398011] Signal: Aborted (6)
[genoahost095:2398011] Signal code:  (-6)
[genoahost095:2398011] [ 0] /lib64/libc.so.6(+0x3fc30)[0x15311de3fc30]
[genoahost095:2398011] [ 1] /lib64/libc.so.6(+0x8d02c)[0x15311de8d02c]
[genoahost095:2398011] [ 2] /lib64/libc.so.6(raise+0x16)[0x15311de3fb86]
[genoahost095:2398011] [ 3] /lib64/libc.so.6(abort+0xd3)[0x15311de29873]
[genoahost095:2398011] [ 4] /lib64/libc.so.6(+0x2979b)[0x15311de2979b]
[genoahost095:2398011] [ 5] /lib64/libc.so.6(+0x388c6)[0x15311de388c6]
[genoahost095:2398011] [ 6] /direct/sdcc+u/poare/Grid/build/examples/./Example_spec_kryschur[0x4cc186]
[genoahost095:2398011] [ 7] /direct/sdcc+u/poare/Grid/build/examples/./Example_spec_kryschur[0x4cc271]
[genoahost095:2398011] [ 8] /direct/sdcc+u/poare/Grid/build/examples/./Example_spec_kryschur[0x4c7e15]
[genoahost095:2398011] [ 9] /direct/sdcc+u/poare/Grid/build/examples/./Example_spec_kryschur[0x4b5ecf]
[genoahost095:2398011] [10] /direct/sdcc+u/poare/Grid/build/examples/./Example_spec_kryschur[0x41171f]
[genoahost095:2398011] [11] /lib64/libc.so.6(+0x2a610)[0x15311de2a610]
[genoahost095:2398011] [12] /lib64/libc.so.6(__libc_start_main+0x80)[0x15311de2a6c0]
[genoahost095:2398011] [13] /direct/sdcc+u/poare/Grid/build/examples/./Example_spec_kryschur[0x414705]
[genoahost095:2398011] *** End of error message ***
srun: error: genoahost092: task 53: Aborted (core dumped)
srun: error: genoahost093: tasks 72,75: Aborted (core dumped)

__|__|__|__|__|__|__|__|__|__|__|__|__|__|__
__|__|__|__|__|__|__|__|__|__|__|__|__|__|__
__|_ |  |  |  |  |  |  |  |  |  |  |  | _|__
__|_                                    _|__
__|_   GGGG    RRRR    III    DDDD      _|__
__|_  G        R   R    I     D   D     _|__
__|_  G        R   R    I     D    D    _|__
__|_  G  GG    RRRR     I     D    D    _|__
__|_  G   G    R  R     I     D   D     _|__
__|_   GGGG    R   R   III    DDDD      _|__
__|_                                    _|__
__|__|__|__|__|__|__|__|__|__|__|__|__|__|__
__|__|__|__|__|__|__|__|__|__|__|__|__|__|__
  |  |  |  |  |  |  |  |  |  |  |  |  |  |  


Copyright (C) 2015 Peter Boyle, Azusa Yamaguchi, Guido Cossu, Antonin Portelli and other authors

This program is free software; you can redistribute it and/or modify
it under the terms of the GNU General Public License as published by
the Free Software Foundation; either version 2 of the License, or
(at your option) any later version.

This program is distributed in the hope that it will be useful,
but WITHOUT ANY WARRANTY; without even the implied warranty of
MERCHANTABILITY or FITNESS FOR A PARTICULAR PURPOSE.  See the
GNU General Public License for more details.
Current Grid git commit hash=82d411ca7bb8ec4a5b5c3815df23674cfd291070: (HEAD -> develop, origin/develop, origin/HEAD) clean

Grid : Message : ================================================ 
Grid : Message : MPI is initialised and logging filters activated 
Grid : Message : ================================================ 
Grid : Message : This rank is running on host genoahost095.sdcc.bnl.local at local time 2026-03-04 12:39:55
Grid : Message : Requested 17179869184 byte stencil comms buffers 
Grid : Message : MemoryManager::Init() setting up
Grid : Message : MemoryManager::Init() cache pool for recent host   allocations: SMALL 8 LARGE 2 HUGE 0
Grid : Message : MemoryManager::Init() cache pool for recent device allocations: SMALL 16 LARGE 8 Huge 0
Grid : Message : MemoryManager::Init() cache pool for recent shared allocations: SMALL 16 LARGE 8 Huge 0
Grid : Message : MemoryManager::Init() Unified memory space
Sorting eigenvalues using EvalReSmall
Grid : Message : 0.317180 s : Lattice size: [32 32 32 32]
Example_spec_kryschur: ../../Grid/communicator/SharedMemoryMPI.cc:434: static void Grid::GlobalSharedMemory::OptimalCommunicatorSharedMemory(const Coordinate&, ompi_communicator_t*&, Grid::Coordinate&): Assertion `WorldSize==Nprocessors' failed.
[genoahost095:2398006] *** Process received signal ***
[genoahost095:2398006] Signal: Aborted (6)
[genoahost095:2398006] Signal code:  (-6)
[genoahost095:2398006] [ 0] /lib64/libc.so.6(+0x3fc30)[0x14ea6a43fc30]
[genoahost095:2398006] [ 1] /lib64/libc.so.6(+0x8d02c)[0x14ea6a48d02c]
[genoahost095:2398006] [ 2] /lib64/libc.so.6(raise+0x16)[0x14ea6a43fb86]
[genoahost095:2398006] [ 3] /lib64/libc.so.6(abort+0xd3)[0x14ea6a429873]
[genoahost095:2398006] [ 4] /lib64/libc.so.6(+0x2979b)[0x14ea6a42979b]
[genoahost095:2398006] [ 5] /lib64/libc.so.6(+0x388c6)[0x14ea6a4388c6]
[genoahost095:2398006] [ 6] /direct/sdcc+u/poare/Grid/build/examples/./Example_spec_kryschur[0x4cc186]
[genoahost095:2398006] [ 7] /direct/sdcc+u/poare/Grid/build/examples/./Example_spec_kryschur[0x4cc271]
[genoahost095:2398006] [ 8] /direct/sdcc+u/poare/Grid/build/examples/./Example_spec_kryschur[0x4c7e15]
[genoahost095:2398006] [ 9] /direct/sdcc+u/poare/Grid/build/examples/./Example_spec_kryschur[0x4b5ecf]
[genoahost095:2398006] [10] /direct/sdcc+u/poare/Grid/build/examples/./Example_spec_kryschur[0x41171f]
[genoahost095:2398006] [11] /lib64/libc.so.6(+0x2a610)[0x14ea6a42a610]
[genoahost095:2398006] [12] /lib64/libc.so.6(__libc_start_main+0x80)[0x14ea6a42a6c0]
[genoahost095:2398006] [13] /direct/sdcc+u/poare/Grid/build/examples/./Example_spec_kryschur[0x414705]
[genoahost095:2398006] *** End of error message ***

__|__|__|__|__|__|__|__|__|__|__|__|__|__|__
__|__|__|__|__|__|__|__|__|__|__|__|__|__|__
__|_ |  |  |  |  |  |  |  |  |  |  |  | _|__
__|_                                    _|__
__|_   GGGG    RRRR    III    DDDD      _|__
__|_  G        R   R    I     D   D     _|__
__|_  G        R   R    I     D    D    _|__
__|_  G  GG    RRRR     I     D    D    _|__
__|_  G   G    R  R     I     D   D     _|__
__|_   GGGG    R   R   III    DDDD      _|__
__|_                                    _|__
__|__|__|__|__|__|__|__|__|__|__|__|__|__|__
__|__|__|__|__|__|__|__|__|__|__|__|__|__|__
  |  |  |  |  |  |  |  |  |  |  |  |  |  |  


Copyright (C) 2015 Peter Boyle, Azusa Yamaguchi, Guido Cossu, Antonin Portelli and other authors

This program is free software; you can redistribute it and/or modify
it under the terms of the GNU General Public License as published by
the Free Software Foundation; either version 2 of the License, or
(at your option) any later version.

This program is distributed in the hope that it will be useful,
but WITHOUT ANY WARRANTY; without even the implied warranty of
MERCHANTABILITY or FITNESS FOR A PARTICULAR PURPOSE.  See the
GNU General Public License for more details.
Current Grid git commit hash=82d411ca7bb8ec4a5b5c3815df23674cfd291070: (HEAD -> develop, origin/develop, origin/HEAD) clean

Grid : Message : ================================================ 
Grid : Message : MPI is initialised and logging filters activated 
Grid : Message : ================================================ 
Grid : Message : This rank is running on host genoahost095.sdcc.bnl.local at local time 2026-03-04 12:39:56
Grid : Message : Requested 17179869184 byte stencil comms buffers 
Grid : Message : MemoryManager::Init() setting up
Grid : Message : MemoryManager::Init() cache pool for recent host   allocations: SMALL 8 LARGE 2 HUGE 0
Grid : Message : MemoryManager::Init() cache pool for recent device allocations: SMALL 16 LARGE 8 Huge 0
Grid : Message : MemoryManager::Init() cache pool for recent shared allocations: SMALL 16 LARGE 8 Huge 0
Grid : Message : MemoryManager::Init() Unified memory space
Sorting eigenvalues using EvalReSmall
Grid : Message : 0.656000 s : Lattice size: [32 32 32 32]
Example_spec_kryschur: ../../Grid/communicator/SharedMemoryMPI.cc:434: static void Grid::GlobalSharedMemory::OptimalCommunicatorSharedMemory(const Coordinate&, ompi_communicator_t*&, Grid::Coordinate&): Assertion `WorldSize==Nprocessors' failed.
[genoahost095:2398008] *** Process received signal ***
[genoahost095:2398008] Signal: Aborted (6)
[genoahost095:2398008] Signal code:  (-6)
[genoahost095:2398008] [ 0] /lib64/libc.so.6(+0x3fc30)[0x150bff43fc30]
[genoahost095:2398008] [ 1] /lib64/libc.so.6(+0x8d02c)[0x150bff48d02c]
[genoahost095:2398008] [ 2] /lib64/libc.so.6(raise+0x16)[0x150bff43fb86]
[genoahost095:2398008] [ 3] /lib64/libc.so.6(abort+0xd3)[0x150bff429873]
[genoahost095:2398008] [ 4] /lib64/libc.so.6(+0x2979b)[0x150bff42979b]
[genoahost095:2398008] [ 5] /lib64/libc.so.6(+0x388c6)[0x150bff4388c6]
[genoahost095:2398008] [ 6] /direct/sdcc+u/poare/Grid/build/examples/./Example_spec_kryschur[0x4cc186]
[genoahost095:2398008] [ 7] /direct/sdcc+u/poare/Grid/build/examples/./Example_spec_kryschur[0x4cc271]
[genoahost095:2398008] [ 8] /direct/sdcc+u/poare/Grid/build/examples/./Example_spec_kryschur[0x4c7e15]
[genoahost095:2398008] [ 9] /direct/sdcc+u/poare/Grid/build/examples/./Example_spec_kryschur[0x4b5ecf]
[genoahost095:2398008] [10] /direct/sdcc+u/poare/Grid/build/examples/./Example_spec_kryschur[0x41171f]
[genoahost095:2398008] [11] /lib64/libc.so.6(+0x2a610)[0x150bff42a610]
[genoahost095:2398008] [12] /lib64/libc.so.6(__libc_start_main+0x80)[0x150bff42a6c0]
[genoahost095:2398008] [13] /direct/sdcc+u/poare/Grid/build/examples/./Example_spec_kryschur[0x414705]
[genoahost095:2398008] *** End of error message ***
srun: error: genoahost095: task 96: Aborted (core dumped)
srun: error: genoahost094: task 91: Aborted (core dumped)
srun: error: genoahost094: task 84: Aborted (core dumped)
srun: error: genoahost095: task 100: Aborted (core dumped)
srun: error: genoahost090: task 26: Aborted (core dumped)
srun: error: genoahost094: task 92: Aborted (core dumped)
srun: error: genoahost090: task 18: Aborted (core dumped)
srun: error: genoahost094: task 83: Aborted (core dumped)

__|__|__|__|__|__|__|__|__|__|__|__|__|__|__
__|__|__|__|__|__|__|__|__|__|__|__|__|__|__
__|_ |  |  |  |  |  |  |  |  |  |  |  | _|__
__|_                                    _|__
__|_   GGGG    RRRR    III    DDDD      _|__
__|_  G        R   R    I     D   D     _|__
__|_  G        R   R    I     D    D    _|__
__|_  G  GG    RRRR     I     D    D    _|__
__|_  G   G    R  R     I     D   D     _|__
__|_   GGGG    R   R   III    DDDD      _|__
__|_                                    _|__
__|__|__|__|__|__|__|__|__|__|__|__|__|__|__
__|__|__|__|__|__|__|__|__|__|__|__|__|__|__
  |  |  |  |  |  |  |  |  |  |  |  |  |  |  


Copyright (C) 2015 Peter Boyle, Azusa Yamaguchi, Guido Cossu, Antonin Portelli and other authors

This program is free software; you can redistribute it and/or modify
it under the terms of the GNU General Public License as published by
the Free Software Foundation; either version 2 of the License, or
(at your option) any later version.

This program is distributed in the hope that it will be useful,
but WITHOUT ANY WARRANTY; without even the implied warranty of
MERCHANTABILITY or FITNESS FOR A PARTICULAR PURPOSE.  See the
GNU General Public License for more details.
Current Grid git commit hash=82d411ca7bb8ec4a5b5c3815df23674cfd291070: (HEAD -> develop, origin/develop, origin/HEAD) clean

Grid : Message : ================================================ 
Grid : Message : MPI is initialised and logging filters activated 
Grid : Message : ================================================ 
Grid : Message : This rank is running on host genoahost093.sdcc.bnl.local at local time 2026-03-04 12:40:07
Grid : Message : Requested 17179869184 byte stencil comms buffers 
Grid : Message : MemoryManager::Init() setting up
Grid : Message : MemoryManager::Init() cache pool for recent host   allocations: SMALL 8 LARGE 2 HUGE 0
Grid : Message : MemoryManager::Init() cache pool for recent device allocations: SMALL 16 LARGE 8 Huge 0
Grid : Message : MemoryManager::Init() cache pool for recent shared allocations: SMALL 16 LARGE 8 Huge 0
Grid : Message : MemoryManager::Init() Unified memory space
Sorting eigenvalues using EvalReSmall
Grid : Message : 0.671000 s : Lattice size: [32 32 32 32]
Example_spec_kryschur: ../../Grid/communicator/SharedMemoryMPI.cc:434: static void Grid::GlobalSharedMemory::OptimalCommunicatorSharedMemory(const Coordinate&, ompi_communicator_t*&, Grid::Coordinate&): Assertion `WorldSize==Nprocessors' failed.
[genoahost093:2344174] *** Process received signal ***
[genoahost093:2344174] Signal: Aborted (6)
[genoahost093:2344174] Signal code:  (-6)
[genoahost093:2344174] [ 0] /lib64/libc.so.6(+0x3fc30)[0x149cb063fc30]
[genoahost093:2344174] [ 1] /lib64/libc.so.6(+0x8d02c)[0x149cb068d02c]
[genoahost093:2344174] [ 2] /lib64/libc.so.6(raise+0x16)[0x149cb063fb86]
[genoahost093:2344174] [ 3] /lib64/libc.so.6(abort+0xd3)[0x149cb0629873]
[genoahost093:2344174] [ 4] /lib64/libc.so.6(+0x2979b)[0x149cb062979b]
[genoahost093:2344174] [ 5] /lib64/libc.so.6(+0x388c6)[0x149cb06388c6]
[genoahost093:2344174] [ 6] /direct/sdcc+u/poare/Grid/build/examples/./Example_spec_kryschur[0x4cc186]
[genoahost093:2344174] [ 7] /direct/sdcc+u/poare/Grid/build/examples/./Example_spec_kryschur[0x4cc271]
[genoahost093:2344174] [ 8] /direct/sdcc+u/poare/Grid/build/examples/./Example_spec_kryschur[0x4c7e15]
[genoahost093:2344174] [ 9] /direct/sdcc+u/poare/Grid/build/examples/./Example_spec_kryschur[0x4b5ecf]
[genoahost093:2344174] [10] /direct/sdcc+u/poare/Grid/build/examples/./Example_spec_kryschur[0x41171f]
[genoahost093:2344174] [11] /lib64/libc.so.6(+0x2a610)[0x149cb062a610]
[genoahost093:2344174] [12] /lib64/libc.so.6(__libc_start_main+0x80)[0x149cb062a6c0]
[genoahost093:2344174] [13] /direct/sdcc+u/poare/Grid/build/examples/./Example_spec_kryschur[0x414705]
[genoahost093:2344174] *** End of error message ***

__|__|__|__|__|__|__|__|__|__|__|__|__|__|__
__|__|__|__|__|__|__|__|__|__|__|__|__|__|__
__|_ |  |  |  |  |  |  |  |  |  |  |  | _|__
__|_                                    _|__
__|_   GGGG    RRRR    III    DDDD      _|__
__|_  G        R   R    I     D   D     _|__
__|_  G        R   R    I     D    D    _|__
__|_  G  GG    RRRR     I     D    D    _|__
__|_  G   G    R  R     I     D   D     _|__
__|_   GGGG    R   R   III    DDDD      _|__
__|_                                    _|__
__|__|__|__|__|__|__|__|__|__|__|__|__|__|__
__|__|__|__|__|__|__|__|__|__|__|__|__|__|__
  |  |  |  |  |  |  |  |  |  |  |  |  |  |  


Copyright (C) 2015 Peter Boyle, Azusa Yamaguchi, Guido Cossu, Antonin Portelli and other authors

This program is free software; you can redistribute it and/or modify
it under the terms of the GNU General Public License as published by
the Free Software Foundation; either version 2 of the License, or
(at your option) any later version.

This program is distributed in the hope that it will be useful,
but WITHOUT ANY WARRANTY; without even the implied warranty of
MERCHANTABILITY or FITNESS FOR A PARTICULAR PURPOSE.  See the
GNU General Public License for more details.
Current Grid git commit hash=82d411ca7bb8ec4a5b5c3815df23674cfd291070: (HEAD -> develop, origin/develop, origin/HEAD) clean

Grid : Message : ================================================ 
Grid : Message : MPI is initialised and logging filters activated 
Grid : Message : ================================================ 
Grid : Message : This rank is running on host genoahost092.sdcc.bnl.local at local time 2026-03-04 12:40:07
Grid : Message : Requested 17179869184 byte stencil comms buffers 
Grid : Message : MemoryManager::Init() setting up
Grid : Message : MemoryManager::Init() cache pool for recent host   allocations: SMALL 8 LARGE 2 HUGE 0
Grid : Message : MemoryManager::Init() cache pool for recent device allocations: SMALL 16 LARGE 8 Huge 0
Grid : Message : MemoryManager::Init() cache pool for recent shared allocations: SMALL 16 LARGE 8 Huge 0
Grid : Message : MemoryManager::Init() Unified memory space
Sorting eigenvalues using EvalReSmall
Grid : Message : 0.656000 s : Lattice size: [32 32 32 32]
Example_spec_kryschur: ../../Grid/communicator/SharedMemoryMPI.cc:434: static void Grid::GlobalSharedMemory::OptimalCommunicatorSharedMemory(const Coordinate&, ompi_communicator_t*&, Grid::Coordinate&): Assertion `WorldSize==Nprocessors' failed.
[genoahost092:2288511] *** Process received signal ***
[genoahost092:2288511] Signal: Aborted (6)
[genoahost092:2288511] Signal code:  (-6)
[genoahost092:2288511] [ 0] /lib64/libc.so.6(+0x3fc30)[0x1479fd83fc30]
[genoahost092:2288511] [ 1] /lib64/libc.so.6(+0x8d02c)[0x1479fd88d02c]
[genoahost092:2288511] [ 2] /lib64/libc.so.6(raise+0x16)[0x1479fd83fb86]
[genoahost092:2288511] [ 3] /lib64/libc.so.6(abort+0xd3)[0x1479fd829873]
[genoahost092:2288511] [ 4] /lib64/libc.so.6(+0x2979b)[0x1479fd82979b]
[genoahost092:2288511] [ 5] /lib64/libc.so.6(+0x388c6)[0x1479fd8388c6]
[genoahost092:2288511] [ 6] /direct/sdcc+u/poare/Grid/build/examples/./Example_spec_kryschur[0x4cc186]
[genoahost092:2288511] [ 7] /direct/sdcc+u/poare/Grid/build/examples/./Example_spec_kryschur[0x4cc271]
[genoahost092:2288511] [ 8] /direct/sdcc+u/poare/Grid/build/examples/./Example_spec_kryschur[0x4c7e15]
[genoahost092:2288511] [ 9] /direct/sdcc+u/poare/Grid/build/examples/./Example_spec_kryschur[0x4b5ecf]
[genoahost092:2288511] [10] /direct/sdcc+u/poare/Grid/build/examples/./Example_spec_kryschur[0x41171f]
[genoahost092:2288511] [11] /lib64/libc.so.6(+0x2a610)[0x1479fd82a610]
[genoahost092:2288511] [12] /lib64/libc.so.6(__libc_start_main+0x80)[0x1479fd82a6c0]
[genoahost092:2288511] [13] /direct/sdcc+u/poare/Grid/build/examples/./Example_spec_kryschur[0x414705]
[genoahost092:2288511] *** End of error message ***

__|__|__|__|__|__|__|__|__|__|__|__|__|__|__
__|__|__|__|__|__|__|__|__|__|__|__|__|__|__
__|_ |  |  |  |  |  |  |  |  |  |  |  | _|__
__|_                                    _|__
__|_   GGGG    RRRR    III    DDDD      _|__
__|_  G        R   R    I     D   D     _|__
__|_  G        R   R    I     D    D    _|__
__|_  G  GG    RRRR     I     D    D    _|__
__|_  G   G    R  R     I     D   D     _|__
__|_   GGGG    R   R   III    DDDD      _|__
__|_                                    _|__
__|__|__|__|__|__|__|__|__|__|__|__|__|__|__
__|__|__|__|__|__|__|__|__|__|__|__|__|__|__
  |  |  |  |  |  |  |  |  |  |  |  |  |  |  


Copyright (C) 2015 Peter Boyle, Azusa Yamaguchi, Guido Cossu, Antonin Portelli and other authors

This program is free software; you can redistribute it and/or modify
it under the terms of the GNU General Public License as published by
the Free Software Foundation; either version 2 of the License, or
(at your option) any later version.

This program is distributed in the hope that it will be useful,
but WITHOUT ANY WARRANTY; without even the implied warranty of
MERCHANTABILITY or FITNESS FOR A PARTICULAR PURPOSE.  See the
GNU General Public License for more details.
Current Grid git commit hash=82d411ca7bb8ec4a5b5c3815df23674cfd291070: (HEAD -> develop, origin/develop, origin/HEAD) clean

Grid : Message : ================================================ 
Grid : Message : MPI is initialised and logging filters activated 
Grid : Message : ================================================ 
Grid : Message : This rank is running on host genoahost092.sdcc.bnl.local at local time 2026-03-04 12:40:07
Grid : Message : Requested 17179869184 byte stencil comms buffers 
Grid : Message : MemoryManager::Init() setting up
Grid : Message : MemoryManager::Init() cache pool for recent host   allocations: SMALL 8 LARGE 2 HUGE 0
Grid : Message : MemoryManager::Init() cache pool for recent device allocations: SMALL 16 LARGE 8 Huge 0
Grid : Message : MemoryManager::Init() cache pool for recent shared allocations: SMALL 16 LARGE 8 Huge 0
Grid : Message : MemoryManager::Init() Unified memory space
Sorting eigenvalues using EvalReSmall
Grid : Message : 0.525000 s : Lattice size: [32 32 32 32]
Example_spec_kryschur: ../../Grid/communicator/SharedMemoryMPI.cc:434: static void Grid::GlobalSharedMemory::OptimalCommunicatorSharedMemory(const Coordinate&, ompi_communicator_t*&, Grid::Coordinate&): Assertion `WorldSize==Nprocessors' failed.
[genoahost092:2288505] *** Process received signal ***
[genoahost092:2288505] Signal: Aborted (6)
[genoahost092:2288505] Signal code:  (-6)
[genoahost092:2288505] [ 0] /lib64/libc.so.6(+0x3fc30)[0x14f10223fc30]
[genoahost092:2288505] [ 1] /lib64/libc.so.6(+0x8d02c)[0x14f10228d02c]
[genoahost092:2288505] [ 2] /lib64/libc.so.6(raise+0x16)[0x14f10223fb86]
[genoahost092:2288505] [ 3] /lib64/libc.so.6(abort+0xd3)[0x14f102229873]
[genoahost092:2288505] [ 4] /lib64/libc.so.6(+0x2979b)[0x14f10222979b]
[genoahost092:2288505] [ 5] /lib64/libc.so.6(+0x388c6)[0x14f1022388c6]
[genoahost092:2288505] [ 6] /direct/sdcc+u/poare/Grid/build/examples/./Example_spec_kryschur[0x4cc186]
[genoahost092:2288505] [ 7] /direct/sdcc+u/poare/Grid/build/examples/./Example_spec_kryschur[0x4cc271]
[genoahost092:2288505] [ 8] /direct/sdcc+u/poare/Grid/build/examples/./Example_spec_kryschur[0x4c7e15]
[genoahost092:2288505] [ 9] /direct/sdcc+u/poare/Grid/build/examples/./Example_spec_kryschur[0x4b5ecf]
[genoahost092:2288505] [10] /direct/sdcc+u/poare/Grid/build/examples/./Example_spec_kryschur[0x41171f]
[genoahost092:2288505] [11] /lib64/libc.so.6(+0x2a610)[0x14f10222a610]
[genoahost092:2288505] [12] /lib64/libc.so.6(__libc_start_main+0x80)[0x14f10222a6c0]
[genoahost092:2288505] [13] /direct/sdcc+u/poare/Grid/build/examples/./Example_spec_kryschur[0x414705]
[genoahost092:2288505] *** End of error message ***

__|__|__|__|__|__|__|__|__|__|__|__|__|__|__
__|__|__|__|__|__|__|__|__|__|__|__|__|__|__
__|_ |  |  |  |  |  |  |  |  |  |  |  | _|__
__|_                                    _|__
__|_   GGGG    RRRR    III    DDDD      _|__
__|_  G        R   R    I     D   D     _|__
__|_  G        R   R    I     D    D    _|__
__|_  G  GG    RRRR     I     D    D    _|__
__|_  G   G    R  R     I     D   D     _|__
__|_   GGGG    R   R   III    DDDD      _|__
__|_                                    _|__
__|__|__|__|__|__|__|__|__|__|__|__|__|__|__
__|__|__|__|__|__|__|__|__|__|__|__|__|__|__
  |  |  |  |  |  |  |  |  |  |  |  |  |  |  


Copyright (C) 2015 Peter Boyle, Azusa Yamaguchi, Guido Cossu, Antonin Portelli and other authors

This program is free software; you can redistribute it and/or modify
it under the terms of the GNU General Public License as published by
the Free Software Foundation; either version 2 of the License, or
(at your option) any later version.

This program is distributed in the hope that it will be useful,
but WITHOUT ANY WARRANTY; without even the implied warranty of
MERCHANTABILITY or FITNESS FOR A PARTICULAR PURPOSE.  See the
GNU General Public License for more details.
Current Grid git commit hash=82d411ca7bb8ec4a5b5c3815df23674cfd291070: (HEAD -> develop, origin/develop, origin/HEAD) clean

Grid : Message : ================================================ 
Grid : Message : MPI is initialised and logging filters activated 
Grid : Message : ================================================ 
Grid : Message : This rank is running on host genoahost093.sdcc.bnl.local at local time 2026-03-04 12:40:08
Grid : Message : Requested 17179869184 byte stencil comms buffers 
Grid : Message : MemoryManager::Init() setting up
Grid : Message : MemoryManager::Init() cache pool for recent host   allocations: SMALL 8 LARGE 2 HUGE 0
Grid : Message : MemoryManager::Init() cache pool for recent device allocations: SMALL 16 LARGE 8 Huge 0
Grid : Message : MemoryManager::Init() cache pool for recent shared allocations: SMALL 16 LARGE 8 Huge 0
Grid : Message : MemoryManager::Init() Unified memory space
Sorting eigenvalues using EvalReSmall
Grid : Message : 0.646000 s : Lattice size: [32 32 32 32]
Example_spec_kryschur: ../../Grid/communicator/SharedMemoryMPI.cc:434: static void Grid::GlobalSharedMemory::OptimalCommunicatorSharedMemory(const Coordinate&, ompi_communicator_t*&, Grid::Coordinate&): Assertion `WorldSize==Nprocessors' failed.
[genoahost093:2344171] *** Process received signal ***
[genoahost093:2344171] Signal: Aborted (6)
[genoahost093:2344171] Signal code:  (-6)
[genoahost093:2344171] [ 0] /lib64/libc.so.6(+0x3fc30)[0x14c43e43fc30]
[genoahost093:2344171] [ 1] /lib64/libc.so.6(+0x8d02c)[0x14c43e48d02c]
[genoahost093:2344171] [ 2] /lib64/libc.so.6(raise+0x16)[0x14c43e43fb86]
[genoahost093:2344171] [ 3] /lib64/libc.so.6(abort+0xd3)[0x14c43e429873]
[genoahost093:2344171] [ 4] /lib64/libc.so.6(+0x2979b)[0x14c43e42979b]
[genoahost093:2344171] [ 5] /lib64/libc.so.6(+0x388c6)[0x14c43e4388c6]
[genoahost093:2344171] [ 6] /direct/sdcc+u/poare/Grid/build/examples/./Example_spec_kryschur[0x4cc186]
[genoahost093:2344171] [ 7] /direct/sdcc+u/poare/Grid/build/examples/./Example_spec_kryschur[0x4cc271]
[genoahost093:2344171] [ 8] /direct/sdcc+u/poare/Grid/build/examples/./Example_spec_kryschur[0x4c7e15]
[genoahost093:2344171] [ 9] /direct/sdcc+u/poare/Grid/build/examples/./Example_spec_kryschur[0x4b5ecf]
[genoahost093:2344171] [10] /direct/sdcc+u/poare/Grid/build/examples/./Example_spec_kryschur[0x41171f]
[genoahost093:2344171] [11] /lib64/libc.so.6(+0x2a610)[0x14c43e42a610]
[genoahost093:2344171] [12] /lib64/libc.so.6(__libc_start_main+0x80)[0x14c43e42a6c0]
[genoahost093:2344171] [13] /direct/sdcc+u/poare/Grid/build/examples/./Example_spec_kryschur[0x414705]
[genoahost093:2344171] *** End of error message ***

__|__|__|__|__|__|__|__|__|__|__|__|__|__|__
__|__|__|__|__|__|__|__|__|__|__|__|__|__|__
__|_ |  |  |  |  |  |  |  |  |  |  |  | _|__
__|_                                    _|__
__|_   GGGG    RRRR    III    DDDD      _|__
__|_  G        R   R    I     D   D     _|__
__|_  G        R   R    I     D    D    _|__
__|_  G  GG    RRRR     I     D    D    _|__
__|_  G   G    R  R     I     D   D     _|__
__|_   GGGG    R   R   III    DDDD      _|__
__|_                                    _|__
__|__|__|__|__|__|__|__|__|__|__|__|__|__|__
__|__|__|__|__|__|__|__|__|__|__|__|__|__|__
  |  |  |  |  |  |  |  |  |  |  |  |  |  |  


Copyright (C) 2015 Peter Boyle, Azusa Yamaguchi, Guido Cossu, Antonin Portelli and other authors

This program is free software; you can redistribute it and/or modify
it under the terms of the GNU General Public License as published by
the Free Software Foundation; either version 2 of the License, or
(at your option) any later version.

This program is distributed in the hope that it will be useful,
but WITHOUT ANY WARRANTY; without even the implied warranty of
MERCHANTABILITY or FITNESS FOR A PARTICULAR PURPOSE.  See the
GNU General Public License for more details.
Current Grid git commit hash=82d411ca7bb8ec4a5b5c3815df23674cfd291070: (HEAD -> develop, origin/develop, origin/HEAD) clean

Grid : Message : ================================================ 
Grid : Message : MPI is initialised and logging filters activated 
Grid : Message : ================================================ 
Grid : Message : This rank is running on host genoahost095.sdcc.bnl.local at local time 2026-03-04 12:40:08
Grid : Message : Requested 17179869184 byte stencil comms buffers 
Grid : Message : MemoryManager::Init() setting up
Grid : Message : MemoryManager::Init() cache pool for recent host   allocations: SMALL 8 LARGE 2 HUGE 0
Grid : Message : MemoryManager::Init() cache pool for recent device allocations: SMALL 16 LARGE 8 Huge 0
Grid : Message : MemoryManager::Init() cache pool for recent shared allocations: SMALL 16 LARGE 8 Huge 0
Grid : Message : MemoryManager::Init() Unified memory space
Sorting eigenvalues using EvalReSmall
Grid : Message : 0.707000 s : Lattice size: [32 32 32 32]
Example_spec_kryschur: ../../Grid/communicator/SharedMemoryMPI.cc:434: static void Grid::GlobalSharedMemory::OptimalCommunicatorSharedMemory(const Coordinate&, ompi_communicator_t*&, Grid::Coordinate&): Assertion `WorldSize==Nprocessors' failed.
[genoahost095:2398016] *** Process received signal ***
[genoahost095:2398016] Signal: Aborted (6)
[genoahost095:2398016] Signal code:  (-6)
[genoahost095:2398016] [ 0] /lib64/libc.so.6(+0x3fc30)[0x14cb3503fc30]
[genoahost095:2398016] [ 1] /lib64/libc.so.6(+0x8d02c)[0x14cb3508d02c]
[genoahost095:2398016] [ 2] /lib64/libc.so.6(raise+0x16)[0x14cb3503fb86]
[genoahost095:2398016] [ 3] /lib64/libc.so.6(abort+0xd3)[0x14cb35029873]
[genoahost095:2398016] [ 4] /lib64/libc.so.6(+0x2979b)[0x14cb3502979b]
[genoahost095:2398016] [ 5] /lib64/libc.so.6(+0x388c6)[0x14cb350388c6]
[genoahost095:2398016] [ 6] /direct/sdcc+u/poare/Grid/build/examples/./Example_spec_kryschur[0x4cc186]
[genoahost095:2398016] [ 7] /direct/sdcc+u/poare/Grid/build/examples/./Example_spec_kryschur[0x4cc271]
[genoahost095:2398016] [ 8] /direct/sdcc+u/poare/Grid/build/examples/./Example_spec_kryschur[0x4c7e15]
[genoahost095:2398016] [ 9] /direct/sdcc+u/poare/Grid/build/examples/./Example_spec_kryschur[0x4b5ecf]
[genoahost095:2398016] [10] /direct/sdcc+u/poare/Grid/build/examples/./Example_spec_kryschur[0x41171f]
[genoahost095:2398016] [11] /lib64/libc.so.6(+0x2a610)[0x14cb3502a610]
[genoahost095:2398016] [12] /lib64/libc.so.6(__libc_start_main+0x80)[0x14cb3502a6c0]
[genoahost095:2398016] [13] /direct/sdcc+u/poare/Grid/build/examples/./Example_spec_kryschur[0x414705]
[genoahost095:2398016] *** End of error message ***

__|__|__|__|__|__|__|__|__|__|__|__|__|__|__
__|__|__|__|__|__|__|__|__|__|__|__|__|__|__
__|_ |  |  |  |  |  |  |  |  |  |  |  | _|__
__|_                                    _|__
__|_   GGGG    RRRR    III    DDDD      _|__
__|_  G        R   R    I     D   D     _|__
__|_  G        R   R    I     D    D    _|__
__|_  G  GG    RRRR     I     D    D    _|__
__|_  G   G    R  R     I     D   D     _|__
__|_   GGGG    R   R   III    DDDD      _|__
__|_                                    _|__
__|__|__|__|__|__|__|__|__|__|__|__|__|__|__
__|__|__|__|__|__|__|__|__|__|__|__|__|__|__
  |  |  |  |  |  |  |  |  |  |  |  |  |  |  


Copyright (C) 2015 Peter Boyle, Azusa Yamaguchi, Guido Cossu, Antonin Portelli and other authors

This program is free software; you can redistribute it and/or modify
it under the terms of the GNU General Public License as published by
the Free Software Foundation; either version 2 of the License, or
(at your option) any later version.

This program is distributed in the hope that it will be useful,
but WITHOUT ANY WARRANTY; without even the implied warranty of
MERCHANTABILITY or FITNESS FOR A PARTICULAR PURPOSE.  See the
GNU General Public License for more details.
Current Grid git commit hash=82d411ca7bb8ec4a5b5c3815df23674cfd291070: (HEAD -> develop, origin/develop, origin/HEAD) clean

Grid : Message : ================================================ 
Grid : Message : MPI is initialised and logging filters activated 
Grid : Message : ================================================ 
Grid : Message : This rank is running on host genoahost091.sdcc.bnl.local at local time 2026-03-04 12:40:09
Grid : Message : Requested 17179869184 byte stencil comms buffers 
Grid : Message : MemoryManager::Init() setting up
Grid : Message : MemoryManager::Init() cache pool for recent host   allocations: SMALL 8 LARGE 2 HUGE 0
Grid : Message : MemoryManager::Init() cache pool for recent device allocations: SMALL 16 LARGE 8 Huge 0
Grid : Message : MemoryManager::Init() cache pool for recent shared allocations: SMALL 16 LARGE 8 Huge 0
Grid : Message : MemoryManager::Init() Unified memory space
Sorting eigenvalues using EvalReSmall
Grid : Message : 0.607000 s : Lattice size: [32 32 32 32]
Example_spec_kryschur: ../../Grid/communicator/SharedMemoryMPI.cc:434: static void Grid::GlobalSharedMemory::OptimalCommunicatorSharedMemory(const Coordinate&, ompi_communicator_t*&, Grid::Coordinate&): Assertion `WorldSize==Nprocessors' failed.
[genoahost091:2340679] *** Process received signal ***
[genoahost091:2340679] Signal: Aborted (6)
[genoahost091:2340679] Signal code:  (-6)
[genoahost091:2340679] [ 0] /lib64/libc.so.6(+0x3fc30)[0x14d32d63fc30]
[genoahost091:2340679] [ 1] /lib64/libc.so.6(+0x8d02c)[0x14d32d68d02c]
[genoahost091:2340679] [ 2] /lib64/libc.so.6(raise+0x16)[0x14d32d63fb86]
[genoahost091:2340679] [ 3] /lib64/libc.so.6(abort+0xd3)[0x14d32d629873]
[genoahost091:2340679] [ 4] /lib64/libc.so.6(+0x2979b)[0x14d32d62979b]
[genoahost091:2340679] [ 5] /lib64/libc.so.6(+0x388c6)[0x14d32d6388c6]
[genoahost091:2340679] [ 6] /direct/sdcc+u/poare/Grid/build/examples/./Example_spec_kryschur[0x4cc186]
[genoahost091:2340679] [ 7] /direct/sdcc+u/poare/Grid/build/examples/./Example_spec_kryschur[0x4cc271]
[genoahost091:2340679] [ 8] /direct/sdcc+u/poare/Grid/build/examples/./Example_spec_kryschur[0x4c7e15]
[genoahost091:2340679] [ 9] /direct/sdcc+u/poare/Grid/build/examples/./Example_spec_kryschur[0x4b5ecf]
[genoahost091:2340679] [10] /direct/sdcc+u/poare/Grid/build/examples/./Example_spec_kryschur[0x41171f]
[genoahost091:2340679] [11] /lib64/libc.so.6(+0x2a610)[0x14d32d62a610]
[genoahost091:2340679] [12] /lib64/libc.so.6(__libc_start_main+0x80)[0x14d32d62a6c0]
[genoahost091:2340679] [13] /direct/sdcc+u/poare/Grid/build/examples/./Example_spec_kryschur[0x414705]
[genoahost091:2340679] *** End of error message ***

__|__|__|__|__|__|__|__|__|__|__|__|__|__|__
__|__|__|__|__|__|__|__|__|__|__|__|__|__|__
__|_ |  |  |  |  |  |  |  |  |  |  |  | _|__
__|_                                    _|__
__|_   GGGG    RRRR    III    DDDD      _|__
__|_  G        R   R    I     D   D     _|__
__|_  G        R   R    I     D    D    _|__
__|_  G  GG    RRRR     I     D    D    _|__
__|_  G   G    R  R     I     D   D     _|__
__|_   GGGG    R   R   III    DDDD      _|__
__|_                                    _|__
__|__|__|__|__|__|__|__|__|__|__|__|__|__|__
__|__|__|__|__|__|__|__|__|__|__|__|__|__|__
  |  |  |  |  |  |  |  |  |  |  |  |  |  |  


Copyright (C) 2015 Peter Boyle, Azusa Yamaguchi, Guido Cossu, Antonin Portelli and other authors

This program is free software; you can redistribute it and/or modify
it under the terms of the GNU General Public License as published by
the Free Software Foundation; either version 2 of the License, or
(at your option) any later version.

This program is distributed in the hope that it will be useful,
but WITHOUT ANY WARRANTY; without even the implied warranty of
MERCHANTABILITY or FITNESS FOR A PARTICULAR PURPOSE.  See the
GNU General Public License for more details.
Current Grid git commit hash=82d411ca7bb8ec4a5b5c3815df23674cfd291070: (HEAD -> develop, origin/develop, origin/HEAD) clean

Grid : Message : ================================================ 
Grid : Message : MPI is initialised and logging filters activated 
Grid : Message : ================================================ 
Grid : Message : This rank is running on host genoahost091.sdcc.bnl.local at local time 2026-03-04 12:40:09
Grid : Message : Requested 17179869184 byte stencil comms buffers 
Grid : Message : MemoryManager::Init() setting up
Grid : Message : MemoryManager::Init() cache pool for recent host   allocations: SMALL 8 LARGE 2 HUGE 0
Grid : Message : MemoryManager::Init() cache pool for recent device allocations: SMALL 16 LARGE 8 Huge 0
Grid : Message : MemoryManager::Init() cache pool for recent shared allocations: SMALL 16 LARGE 8 Huge 0
Grid : Message : MemoryManager::Init() Unified memory space
Sorting eigenvalues using EvalReSmall
Grid : Message : 0.624000 s : Lattice size: [32 32 32 32]
Example_spec_kryschur: ../../Grid/communicator/SharedMemoryMPI.cc:434: static void Grid::GlobalSharedMemory::OptimalCommunicatorSharedMemory(const Coordinate&, ompi_communicator_t*&, Grid::Coordinate&): Assertion `WorldSize==Nprocessors' failed.
[genoahost091:2340675] *** Process received signal ***
[genoahost091:2340675] Signal: Aborted (6)
[genoahost091:2340675] Signal code:  (-6)
[genoahost091:2340675] [ 0] /lib64/libc.so.6(+0x3fc30)[0x14f19483fc30]
[genoahost091:2340675] [ 1] /lib64/libc.so.6(+0x8d02c)[0x14f19488d02c]
[genoahost091:2340675] [ 2] /lib64/libc.so.6(raise+0x16)[0x14f19483fb86]
[genoahost091:2340675] [ 3] /lib64/libc.so.6(abort+0xd3)[0x14f194829873]
[genoahost091:2340675] [ 4] /lib64/libc.so.6(+0x2979b)[0x14f19482979b]
[genoahost091:2340675] [ 5] /lib64/libc.so.6(+0x388c6)[0x14f1948388c6]
[genoahost091:2340675] [ 6] /direct/sdcc+u/poare/Grid/build/examples/./Example_spec_kryschur[0x4cc186]
[genoahost091:2340675] [ 7] /direct/sdcc+u/poare/Grid/build/examples/./Example_spec_kryschur[0x4cc271]
[genoahost091:2340675] [ 8] /direct/sdcc+u/poare/Grid/build/examples/./Example_spec_kryschur[0x4c7e15]
[genoahost091:2340675] [ 9] /direct/sdcc+u/poare/Grid/build/examples/./Example_spec_kryschur[0x4b5ecf]
[genoahost091:2340675] [10] /direct/sdcc+u/poare/Grid/build/examples/./Example_spec_kryschur[0x41171f]
[genoahost091:2340675] [11] /lib64/libc.so.6(+0x2a610)[0x14f19482a610]
[genoahost091:2340675] [12] /lib64/libc.so.6(__libc_start_main+0x80)[0x14f19482a6c0]
[genoahost091:2340675] [13] /direct/sdcc+u/poare/Grid/build/examples/./Example_spec_kryschur[0x414705]
[genoahost091:2340675] *** End of error message ***
srun: error: genoahost091: task 32: Aborted (core dumped)
srun: error: genoahost089: task 15: Aborted (core dumped)

__|__|__|__|__|__|__|__|__|__|__|__|__|__|__
__|__|__|__|__|__|__|__|__|__|__|__|__|__|__
__|_ |  |  |  |  |  |  |  |  |  |  |  | _|__
__|_                                    _|__
__|_   GGGG    RRRR    III    DDDD      _|__
__|_  G        R   R    I     D   D     _|__
__|_  G        R   R    I     D    D    _|__
__|_  G  GG    RRRR     I     D    D    _|__
__|_  G   G    R  R     I     D   D     _|__
__|_   GGGG    R   R   III    DDDD      _|__
__|_                                    _|__
__|__|__|__|__|__|__|__|__|__|__|__|__|__|__
__|__|__|__|__|__|__|__|__|__|__|__|__|__|__
  |  |  |  |  |  |  |  |  |  |  |  |  |  |  


Copyright (C) 2015 Peter Boyle, Azusa Yamaguchi, Guido Cossu, Antonin Portelli and other authors

This program is free software; you can redistribute it and/or modify
it under the terms of the GNU General Public License as published by
the Free Software Foundation; either version 2 of the License, or
(at your option) any later version.

This program is distributed in the hope that it will be useful,
but WITHOUT ANY WARRANTY; without even the implied warranty of
MERCHANTABILITY or FITNESS FOR A PARTICULAR PURPOSE.  See the
GNU General Public License for more details.
Current Grid git commit hash=82d411ca7bb8ec4a5b5c3815df23674cfd291070: (HEAD -> develop, origin/develop, origin/HEAD) clean

Grid : Message : ================================================ 
Grid : Message : MPI is initialised and logging filters activated 
Grid : Message : ================================================ 
Grid : Message : This rank is running on host genoahost092.sdcc.bnl.local at local time 2026-03-04 12:40:11
Grid : Message : Requested 17179869184 byte stencil comms buffers 
Grid : Message : MemoryManager::Init() setting up
Grid : Message : MemoryManager::Init() cache pool for recent host   allocations: SMALL 8 LARGE 2 HUGE 0
Grid : Message : MemoryManager::Init() cache pool for recent device allocations: SMALL 16 LARGE 8 Huge 0
Grid : Message : MemoryManager::Init() cache pool for recent shared allocations: SMALL 16 LARGE 8 Huge 0
Grid : Message : MemoryManager::Init() Unified memory space

__|__|__|__|__|__|__|__|__|__|__|__|__|__|__
__|__|__|__|__|__|__|__|__|__|__|__|__|__|__
__|_ |  |  |  |  |  |  |  |  |  |  |  | _|__
__|_                                    _|__
__|_   GGGG    RRRR    III    DDDD      _|__
__|_  G        R   R    I     D   D     _|__
__|_  G        R   R    I     D    D    _|__
__|_  G  GG    RRRR     I     D    D    _|__
__|_  G   G    R  R     I     D   D     _|__
__|_   GGGG    R   R   III    DDDD      _|__
__|_                                    _|__
__|__|__|__|__|__|__|__|__|__|__|__|__|__|__
__|__|__|__|__|__|__|__|__|__|__|__|__|__|__
  |  |  |  |  |  |  |  |  |  |  |  |  |  |  


Copyright (C) 2015 Peter Boyle, Azusa Yamaguchi, Guido Cossu, Antonin Portelli and other authors

This program is free software; you can redistribute it and/or modify
it under the terms of the GNU General Public License as published by
the Free Software Foundation; either version 2 of the License, or
(at your option) any later version.

This program is distributed in the hope that it will be useful,
but WITHOUT ANY WARRANTY; without even the implied warranty of
MERCHANTABILITY or FITNESS FOR A PARTICULAR PURPOSE.  See the
GNU General Public License for more details.
Current Grid git commit hash=82d411ca7bb8ec4a5b5c3815df23674cfd291070: (HEAD -> develop, origin/develop, origin/HEAD) clean

Grid : Message : ================================================ 
Grid : Message : MPI is initialised and logging filters activated 
Grid : Message : ================================================ 
Grid : Message : This rank is running on host genoahost092.sdcc.bnl.local at local time 2026-03-04 12:40:11
Grid : Message : Requested 17179869184 byte stencil comms buffers 
Grid : Message : MemoryManager::Init() setting up
Grid : Message : MemoryManager::Init() cache pool for recent host   allocations: SMALL 8 LARGE 2 HUGE 0
Grid : Message : MemoryManager::Init() cache pool for recent device allocations: SMALL 16 LARGE 8 Huge 0
Grid : Message : MemoryManager::Init() cache pool for recent shared allocations: SMALL 16 LARGE 8 Huge 0
Grid : Message : MemoryManager::Init() Unified memory space
Sorting eigenvalues using EvalReSmall
Grid : Message : 0.567000 s : Lattice size: [32 32 32 32]
Example_spec_kryschur: ../../Grid/communicator/SharedMemoryMPI.cc:434: static void Grid::GlobalSharedMemory::OptimalCommunicatorSharedMemory(const Coordinate&, ompi_communicator_t*&, Grid::Coordinate&): Assertion `WorldSize==Nprocessors' failed.
[genoahost092:2288504] *** Process received signal ***
[genoahost092:2288504] Signal: Aborted (6)
[genoahost092:2288504] Signal code:  (-6)
Sorting eigenvalues using EvalReSmall
Grid : Message : 0.267170 s : Lattice size: [32 32 32 32]
Example_spec_kryschur: ../../Grid/communicator/SharedMemoryMPI.cc:434: static void Grid::GlobalSharedMemory::OptimalCommunicatorSharedMemory(const Coordinate&, ompi_communicator_t*&, Grid::Coordinate&): Assertion `WorldSize==Nprocessors' failed.
[genoahost092:2288507] *** Process received signal ***
[genoahost092:2288507] Signal: Aborted (6)
[genoahost092:2288507] Signal code:  (-6)
[genoahost092:2288507] [ 0] /lib64/libc.so.6(+0x3fc30)[0x150ef363fc30]
[genoahost092:2288507] [ 1] /lib64/libc.so.6(+0x8d02c)[0x150ef368d02c]
[genoahost092:2288507] [ 2] /lib64/libc.so.6(raise+0x16)[0x150ef363fb86]
[genoahost092:2288507] [ 3] /lib64/libc.so.6(abort+0xd3)[0x150ef3629873]
[genoahost092:2288507] [ 4] /lib64/libc.so.6(+0x2979b)[0x150ef362979b]
[genoahost092:2288507] [ 5] /lib64/libc.so.6(+0x388c6)[0x150ef36388c6]
[genoahost092:2288507] [ 6] /direct/sdcc+u/poare/Grid/build/examples/./Example_spec_kryschur[0x4cc186]
[genoahost092:2288507] [ 7] /direct/sdcc+u/poare/Grid/build/examples/./Example_spec_kryschur[0x4cc271]
[genoahost092:2288507] [ 8] /direct/sdcc+u/poare/Grid/build/examples/./Example_spec_kryschur[0x4c7e15]
[genoahost092:2288507] [ 9] /direct/sdcc+u/poare/Grid/build/examples/./Example_spec_kryschur[0x4b5ecf]
[genoahost092:2288507] [10] /direct/sdcc+u/poare/Grid/build/examples/./Example_spec_kryschur[0x41171f]
[genoahost092:2288507] [11] /lib64/libc.so.6(+0x2a610)[0x150ef362a610]
[genoahost092:2288507] [12] /lib64/libc.so.6(__libc_start_main+0x80)[0x150ef362a6c0]
[genoahost092:2288507] [13] /direct/sdcc+u/poare/Grid/build/examples/./Example_spec_kryschur[0x414705]
[genoahost092:2288507] *** End of error message ***
[genoahost092:2288504] [ 0] /lib64/libc.so.6(+0x3fc30)[0x148de7a3fc30]
[genoahost092:2288504] [ 1] /lib64/libc.so.6(+0x8d02c)[0x148de7a8d02c]
[genoahost092:2288504] [ 2] /lib64/libc.so.6(raise+0x16)[0x148de7a3fb86]
[genoahost092:2288504] [ 3] /lib64/libc.so.6(abort+0xd3)[0x148de7a29873]
[genoahost092:2288504] [ 4] /lib64/libc.so.6(+0x2979b)[0x148de7a2979b]
[genoahost092:2288504] [ 5] /lib64/libc.so.6(+0x388c6)[0x148de7a388c6]
[genoahost092:2288504] [ 6] /direct/sdcc+u/poare/Grid/build/examples/./Example_spec_kryschur[0x4cc186]
[genoahost092:2288504] [ 7] /direct/sdcc+u/poare/Grid/build/examples/./Example_spec_kryschur[0x4cc271]
[genoahost092:2288504] [ 8] /direct/sdcc+u/poare/Grid/build/examples/./Example_spec_kryschur[0x4c7e15]
[genoahost092:2288504] [ 9] /direct/sdcc+u/poare/Grid/build/examples/./Example_spec_kryschur[0x4b5ecf]
[genoahost092:2288504] [10] /direct/sdcc+u/poare/Grid/build/examples/./Example_spec_kryschur[0x41171f]
[genoahost092:2288504] [11] /lib64/libc.so.6(+0x2a610)[0x148de7a2a610]
[genoahost092:2288504] [12] /lib64/libc.so.6(__libc_start_main+0x80)[0x148de7a2a6c0]
[genoahost092:2288504] [13] /direct/sdcc+u/poare/Grid/build/examples/./Example_spec_kryschur[0x414705]
[genoahost092:2288504] *** End of error message ***

__|__|__|__|__|__|__|__|__|__|__|__|__|__|__
__|__|__|__|__|__|__|__|__|__|__|__|__|__|__
__|_ |  |  |  |  |  |  |  |  |  |  |  | _|__
__|_                                    _|__
__|_   GGGG    RRRR    III    DDDD      _|__
__|_  G        R   R    I     D   D     _|__
__|_  G        R   R    I     D    D    _|__
__|_  G  GG    RRRR     I     D    D    _|__
__|_  G   G    R  R     I     D   D     _|__
__|_   GGGG    R   R   III    DDDD      _|__
__|_                                    _|__
__|__|__|__|__|__|__|__|__|__|__|__|__|__|__
__|__|__|__|__|__|__|__|__|__|__|__|__|__|__
  |  |  |  |  |  |  |  |  |  |  |  |  |  |  


Copyright (C) 2015 Peter Boyle, Azusa Yamaguchi, Guido Cossu, Antonin Portelli and other authors

This program is free software; you can redistribute it and/or modify
it under the terms of the GNU General Public License as published by
the Free Software Foundation; either version 2 of the License, or
(at your option) any later version.

This program is distributed in the hope that it will be useful,
but WITHOUT ANY WARRANTY; without even the implied warranty of
MERCHANTABILITY or FITNESS FOR A PARTICULAR PURPOSE.  See the
GNU General Public License for more details.
Current Grid git commit hash=82d411ca7bb8ec4a5b5c3815df23674cfd291070: (HEAD -> develop, origin/develop, origin/HEAD) clean

Grid : Message : ================================================ 
Grid : Message : MPI is initialised and logging filters activated 
Grid : Message : ================================================ 
Grid : Message : This rank is running on host genoahost092.sdcc.bnl.local at local time 2026-03-04 12:40:11
Grid : Message : Requested 17179869184 byte stencil comms buffers 
Grid : Message : MemoryManager::Init() setting up
Grid : Message : MemoryManager::Init() cache pool for recent host   allocations: SMALL 8 LARGE 2 HUGE 0
Grid : Message : MemoryManager::Init() cache pool for recent device allocations: SMALL 16 LARGE 8 Huge 0
Grid : Message : MemoryManager::Init() cache pool for recent shared allocations: SMALL 16 LARGE 8 Huge 0
Grid : Message : MemoryManager::Init() Unified memory space
Sorting eigenvalues using EvalReSmall
Grid : Message : 0.628000 s : Lattice size: [32 32 32 32]
Example_spec_kryschur: ../../Grid/communicator/SharedMemoryMPI.cc:434: static void Grid::GlobalSharedMemory::OptimalCommunicatorSharedMemory(const Coordinate&, ompi_communicator_t*&, Grid::Coordinate&): Assertion `WorldSize==Nprocessors' failed.
[genoahost092:2288498] *** Process received signal ***
[genoahost092:2288498] Signal: Aborted (6)
[genoahost092:2288498] Signal code:  (-6)
[genoahost092:2288498] [ 0] /lib64/libc.so.6(+0x3fc30)[0x147125a3fc30]
[genoahost092:2288498] [ 1] /lib64/libc.so.6(+0x8d02c)[0x147125a8d02c]
[genoahost092:2288498] [ 2] /lib64/libc.so.6(raise+0x16)[0x147125a3fb86]
[genoahost092:2288498] [ 3] /lib64/libc.so.6(abort+0xd3)[0x147125a29873]
[genoahost092:2288498] [ 4] /lib64/libc.so.6(+0x2979b)[0x147125a2979b]
[genoahost092:2288498] [ 5] /lib64/libc.so.6(+0x388c6)[0x147125a388c6]
[genoahost092:2288498] [ 6] /direct/sdcc+u/poare/Grid/build/examples/./Example_spec_kryschur[0x4cc186]
[genoahost092:2288498] [ 7] /direct/sdcc+u/poare/Grid/build/examples/./Example_spec_kryschur[0x4cc271]
[genoahost092:2288498] [ 8] /direct/sdcc+u/poare/Grid/build/examples/./Example_spec_kryschur[0x4c7e15]
[genoahost092:2288498] [ 9] /direct/sdcc+u/poare/Grid/build/examples/./Example_spec_kryschur[0x4b5ecf]
[genoahost092:2288498] [10] /direct/sdcc+u/poare/Grid/build/examples/./Example_spec_kryschur[0x41171f]
[genoahost092:2288498] [11] /lib64/libc.so.6(+0x2a610)[0x147125a2a610]
[genoahost092:2288498] [12] /lib64/libc.so.6(__libc_start_main+0x80)[0x147125a2a6c0]
[genoahost092:2288498] [13] /direct/sdcc+u/poare/Grid/build/examples/./Example_spec_kryschur[0x414705]
[genoahost092:2288498] *** End of error message ***
srun: error: genoahost089: tasks 0,4: Aborted (core dumped)
srun: error: genoahost092: task 57: Aborted (core dumped)
srun: error: genoahost095: task 104: Aborted (core dumped)
srun: error: genoahost095: tasks 99,101: Aborted (core dumped)

__|__|__|__|__|__|__|__|__|__|__|__|__|__|__
__|__|__|__|__|__|__|__|__|__|__|__|__|__|__
__|_ |  |  |  |  |  |  |  |  |  |  |  | _|__
__|_                                    _|__
__|_   GGGG    RRRR    III    DDDD      _|__
__|_  G        R   R    I     D   D     _|__
__|_  G        R   R    I     D    D    _|__
__|_  G  GG    RRRR     I     D    D    _|__
__|_  G   G    R  R     I     D   D     _|__
__|_   GGGG    R   R   III    DDDD      _|__
__|_                                    _|__
__|__|__|__|__|__|__|__|__|__|__|__|__|__|__
__|__|__|__|__|__|__|__|__|__|__|__|__|__|__
  |  |  |  |  |  |  |  |  |  |  |  |  |  |  


Copyright (C) 2015 Peter Boyle, Azusa Yamaguchi, Guido Cossu, Antonin Portelli and other authors

This program is free software; you can redistribute it and/or modify
it under the terms of the GNU General Public License as published by
the Free Software Foundation; either version 2 of the License, or
(at your option) any later version.

This program is distributed in the hope that it will be useful,
but WITHOUT ANY WARRANTY; without even the implied warranty of
MERCHANTABILITY or FITNESS FOR A PARTICULAR PURPOSE.  See the
GNU General Public License for more details.
Current Grid git commit hash=82d411ca7bb8ec4a5b5c3815df23674cfd291070: (HEAD -> develop, origin/develop, origin/HEAD) clean

Grid : Message : ================================================ 
Grid : Message : MPI is initialised and logging filters activated 
Grid : Message : ================================================ 
Grid : Message : This rank is running on host genoahost090.sdcc.bnl.local at local time 2026-03-04 12:40:20
Grid : Message : Requested 17179869184 byte stencil comms buffers 
Grid : Message : MemoryManager::Init() setting up
Grid : Message : MemoryManager::Init() cache pool for recent host   allocations: SMALL 8 LARGE 2 HUGE 0
Grid : Message : MemoryManager::Init() cache pool for recent device allocations: SMALL 16 LARGE 8 Huge 0
Grid : Message : MemoryManager::Init() cache pool for recent shared allocations: SMALL 16 LARGE 8 Huge 0
Grid : Message : MemoryManager::Init() Unified memory space
Sorting eigenvalues using EvalReSmall
Grid : Message : 0.633000 s : Lattice size: [32 32 32 32]
Example_spec_kryschur: ../../Grid/communicator/SharedMemoryMPI.cc:434: static void Grid::GlobalSharedMemory::OptimalCommunicatorSharedMemory(const Coordinate&, ompi_communicator_t*&, Grid::Coordinate&): Assertion `WorldSize==Nprocessors' failed.
[genoahost090:2328914] *** Process received signal ***
[genoahost090:2328914] Signal: Aborted (6)
[genoahost090:2328914] Signal code:  (-6)
[genoahost090:2328914] [ 0] /lib64/libc.so.6(+0x3fc30)[0x148a3803fc30]
[genoahost090:2328914] [ 1] /lib64/libc.so.6(+0x8d02c)[0x148a3808d02c]
[genoahost090:2328914] [ 2] /lib64/libc.so.6(raise+0x16)[0x148a3803fb86]
[genoahost090:2328914] [ 3] /lib64/libc.so.6(abort+0xd3)[0x148a38029873]
[genoahost090:2328914] [ 4] /lib64/libc.so.6(+0x2979b)[0x148a3802979b]
[genoahost090:2328914] [ 5] /lib64/libc.so.6(+0x388c6)[0x148a380388c6]
[genoahost090:2328914] [ 6] /direct/sdcc+u/poare/Grid/build/examples/./Example_spec_kryschur[0x4cc186]
[genoahost090:2328914] [ 7] /direct/sdcc+u/poare/Grid/build/examples/./Example_spec_kryschur[0x4cc271]
[genoahost090:2328914] [ 8] /direct/sdcc+u/poare/Grid/build/examples/./Example_spec_kryschur[0x4c7e15]
[genoahost090:2328914] [ 9] /direct/sdcc+u/poare/Grid/build/examples/./Example_spec_kryschur[0x4b5ecf]
[genoahost090:2328914] [10] /direct/sdcc+u/poare/Grid/build/examples/./Example_spec_kryschur[0x41171f]
[genoahost090:2328914] [11] /lib64/libc.so.6(+0x2a610)[0x148a3802a610]
[genoahost090:2328914] [12] /lib64/libc.so.6(__libc_start_main+0x80)[0x148a3802a6c0]
[genoahost090:2328914] [13] /direct/sdcc+u/poare/Grid/build/examples/./Example_spec_kryschur[0x414705]
[genoahost090:2328914] *** End of error message ***

__|__|__|__|__|__|__|__|__|__|__|__|__|__|__
__|__|__|__|__|__|__|__|__|__|__|__|__|__|__
__|_ |  |  |  |  |  |  |  |  |  |  |  | _|__
__|_                                    _|__
__|_   GGGG    RRRR    III    DDDD      _|__
__|_  G        R   R    I     D   D     _|__
__|_  G        R   R    I     D    D    _|__
__|_  G  GG    RRRR     I     D    D    _|__
__|_  G   G    R  R     I     D   D     _|__
__|_   GGGG    R   R   III    DDDD      _|__
__|_                                    _|__
__|__|__|__|__|__|__|__|__|__|__|__|__|__|__
__|__|__|__|__|__|__|__|__|__|__|__|__|__|__
  |  |  |  |  |  |  |  |  |  |  |  |  |  |  


Copyright (C) 2015 Peter Boyle, Azusa Yamaguchi, Guido Cossu, Antonin Portelli and other authors

This program is free software; you can redistribute it and/or modify
it under the terms of the GNU General Public License as published by
the Free Software Foundation; either version 2 of the License, or
(at your option) any later version.

This program is distributed in the hope that it will be useful,
but WITHOUT ANY WARRANTY; without even the implied warranty of
MERCHANTABILITY or FITNESS FOR A PARTICULAR PURPOSE.  See the
GNU General Public License for more details.
Current Grid git commit hash=82d411ca7bb8ec4a5b5c3815df23674cfd291070: (HEAD -> develop, origin/develop, origin/HEAD) clean

Grid : Message : ================================================ 
Grid : Message : MPI is initialised and logging filters activated 
Grid : Message : ================================================ 
Grid : Message : This rank is running on host genoahost095.sdcc.bnl.local at local time 2026-03-04 12:40:22
Grid : Message : Requested 17179869184 byte stencil comms buffers 
Grid : Message : MemoryManager::Init() setting up
Grid : Message : MemoryManager::Init() cache pool for recent host   allocations: SMALL 8 LARGE 2 HUGE 0
Grid : Message : MemoryManager::Init() cache pool for recent device allocations: SMALL 16 LARGE 8 Huge 0
Grid : Message : MemoryManager::Init() cache pool for recent shared allocations: SMALL 16 LARGE 8 Huge 0
Grid : Message : MemoryManager::Init() Unified memory space
Sorting eigenvalues using EvalReSmall
Grid : Message : 0.664000 s : Lattice size: [32 32 32 32]
Example_spec_kryschur: ../../Grid/communicator/SharedMemoryMPI.cc:434: static void Grid::GlobalSharedMemory::OptimalCommunicatorSharedMemory(const Coordinate&, ompi_communicator_t*&, Grid::Coordinate&): Assertion `WorldSize==Nprocessors' failed.
[genoahost095:2398017] *** Process received signal ***
[genoahost095:2398017] Signal: Aborted (6)
[genoahost095:2398017] Signal code:  (-6)
[genoahost095:2398017] [ 0] /lib64/libc.so.6(+0x3fc30)[0x14e53a63fc30]
[genoahost095:2398017] [ 1] /lib64/libc.so.6(+0x8d02c)[0x14e53a68d02c]
[genoahost095:2398017] [ 2] /lib64/libc.so.6(raise+0x16)[0x14e53a63fb86]
[genoahost095:2398017] [ 3] /lib64/libc.so.6(abort+0xd3)[0x14e53a629873]
[genoahost095:2398017] [ 4] /lib64/libc.so.6(+0x2979b)[0x14e53a62979b]
[genoahost095:2398017] [ 5] /lib64/libc.so.6(+0x388c6)[0x14e53a6388c6]
[genoahost095:2398017] [ 6] /direct/sdcc+u/poare/Grid/build/examples/./Example_spec_kryschur[0x4cc186]
[genoahost095:2398017] [ 7] /direct/sdcc+u/poare/Grid/build/examples/./Example_spec_kryschur[0x4cc271]
[genoahost095:2398017] [ 8] /direct/sdcc+u/poare/Grid/build/examples/./Example_spec_kryschur[0x4c7e15]
[genoahost095:2398017] [ 9] /direct/sdcc+u/poare/Grid/build/examples/./Example_spec_kryschur[0x4b5ecf]
[genoahost095:2398017] [10] /direct/sdcc+u/poare/Grid/build/examples/./Example_spec_kryschur[0x41171f]
[genoahost095:2398017] [11] /lib64/libc.so.6(+0x2a610)[0x14e53a62a610]
[genoahost095:2398017] [12] /lib64/libc.so.6(__libc_start_main+0x80)[0x14e53a62a6c0]
[genoahost095:2398017] [13] /direct/sdcc+u/poare/Grid/build/examples/./Example_spec_kryschur[0x414705]
[genoahost095:2398017] *** End of error message ***
srun: error: genoahost090: task 27: Aborted (core dumped)
srun: error: genoahost095: task 109: Aborted (core dumped)

__|__|__|__|__|__|__|__|__|__|__|__|__|__|__
__|__|__|__|__|__|__|__|__|__|__|__|__|__|__
__|_ |  |  |  |  |  |  |  |  |  |  |  | _|__
__|_                                    _|__
__|_   GGGG    RRRR    III    DDDD      _|__
__|_  G        R   R    I     D   D     _|__
__|_  G        R   R    I     D    D    _|__
__|_  G  GG    RRRR     I     D    D    _|__
__|_  G   G    R  R     I     D   D     _|__
__|_   GGGG    R   R   III    DDDD      _|__
__|_                                    _|__
__|__|__|__|__|__|__|__|__|__|__|__|__|__|__
__|__|__|__|__|__|__|__|__|__|__|__|__|__|__
  |  |  |  |  |  |  |  |  |  |  |  |  |  |  


Copyright (C) 2015 Peter Boyle, Azusa Yamaguchi, Guido Cossu, Antonin Portelli and other authors

This program is free software; you can redistribute it and/or modify
it under the terms of the GNU General Public License as published by
the Free Software Foundation; either version 2 of the License, or
(at your option) any later version.

This program is distributed in the hope that it will be useful,
but WITHOUT ANY WARRANTY; without even the implied warranty of
MERCHANTABILITY or FITNESS FOR A PARTICULAR PURPOSE.  See the
GNU General Public License for more details.
Current Grid git commit hash=82d411ca7bb8ec4a5b5c3815df23674cfd291070: (HEAD -> develop, origin/develop, origin/HEAD) clean

Grid : Message : ================================================ 
Grid : Message : MPI is initialised and logging filters activated 
Grid : Message : ================================================ 
Grid : Message : This rank is running on host genoahost096.sdcc.bnl.local at local time 2026-03-04 12:40:25
Grid : Message : Requested 17179869184 byte stencil comms buffers 
Grid : Message : MemoryManager::Init() setting up
Grid : Message : MemoryManager::Init() cache pool for recent host   allocations: SMALL 8 LARGE 2 HUGE 0
Grid : Message : MemoryManager::Init() cache pool for recent device allocations: SMALL 16 LARGE 8 Huge 0
Grid : Message : MemoryManager::Init() cache pool for recent shared allocations: SMALL 16 LARGE 8 Huge 0
Grid : Message : MemoryManager::Init() Unified memory space
Sorting eigenvalues using EvalReSmall
Grid : Message : 0.666000 s : Lattice size: [32 32 32 32]
Example_spec_kryschur: ../../Grid/communicator/SharedMemoryMPI.cc:434: static void Grid::GlobalSharedMemory::OptimalCommunicatorSharedMemory(const Coordinate&, ompi_communicator_t*&, Grid::Coordinate&): Assertion `WorldSize==Nprocessors' failed.
[genoahost096:2315043] *** Process received signal ***
[genoahost096:2315043] Signal: Aborted (6)
[genoahost096:2315043] Signal code:  (-6)
[genoahost096:2315043] [ 0] /lib64/libc.so.6(+0x3fc30)[0x14d9b283fc30]
[genoahost096:2315043] [ 1] /lib64/libc.so.6(+0x8d02c)[0x14d9b288d02c]
[genoahost096:2315043] [ 2] /lib64/libc.so.6(raise+0x16)[0x14d9b283fb86]
[genoahost096:2315043] [ 3] /lib64/libc.so.6(abort+0xd3)[0x14d9b2829873]
[genoahost096:2315043] [ 4] /lib64/libc.so.6(+0x2979b)[0x14d9b282979b]
[genoahost096:2315043] [ 5] /lib64/libc.so.6(+0x388c6)[0x14d9b28388c6]
[genoahost096:2315043] [ 6] /direct/sdcc+u/poare/Grid/build/examples/./Example_spec_kryschur[0x4cc186]
[genoahost096:2315043] [ 7] /direct/sdcc+u/poare/Grid/build/examples/./Example_spec_kryschur[0x4cc271]
[genoahost096:2315043] [ 8] /direct/sdcc+u/poare/Grid/build/examples/./Example_spec_kryschur[0x4c7e15]
[genoahost096:2315043] [ 9] /direct/sdcc+u/poare/Grid/build/examples/./Example_spec_kryschur[0x4b5ecf]
[genoahost096:2315043] [10] /direct/sdcc+u/poare/Grid/build/examples/./Example_spec_kryschur[0x41171f]
[genoahost096:2315043] [11] /lib64/libc.so.6(+0x2a610)[0x14d9b282a610]
[genoahost096:2315043] [12] /lib64/libc.so.6(__libc_start_main+0x80)[0x14d9b282a6c0]
[genoahost096:2315043] [13] /direct/sdcc+u/poare/Grid/build/examples/./Example_spec_kryschur[0x414705]
[genoahost096:2315043] *** End of error message ***

__|__|__|__|__|__|__|__|__|__|__|__|__|__|__
__|__|__|__|__|__|__|__|__|__|__|__|__|__|__
__|_ |  |  |  |  |  |  |  |  |  |  |  | _|__
__|_                                    _|__
__|_   GGGG    RRRR    III    DDDD      _|__
__|_  G        R   R    I     D   D     _|__
__|_  G        R   R    I     D    D    _|__
__|_  G  GG    RRRR     I     D    D    _|__
__|_  G   G    R  R     I     D   D     _|__
__|_   GGGG    R   R   III    DDDD      _|__
__|_                                    _|__
__|__|__|__|__|__|__|__|__|__|__|__|__|__|__
__|__|__|__|__|__|__|__|__|__|__|__|__|__|__
  |  |  |  |  |  |  |  |  |  |  |  |  |  |  


Copyright (C) 2015 Peter Boyle, Azusa Yamaguchi, Guido Cossu, Antonin Portelli and other authors

This program is free software; you can redistribute it and/or modify
it under the terms of the GNU General Public License as published by
the Free Software Foundation; either version 2 of the License, or
(at your option) any later version.

This program is distributed in the hope that it will be useful,
but WITHOUT ANY WARRANTY; without even the implied warranty of
MERCHANTABILITY or FITNESS FOR A PARTICULAR PURPOSE.  See the
GNU General Public License for more details.
Current Grid git commit hash=82d411ca7bb8ec4a5b5c3815df23674cfd291070: (HEAD -> develop, origin/develop, origin/HEAD) clean

Grid : Message : ================================================ 
Grid : Message : MPI is initialised and logging filters activated 
Grid : Message : ================================================ 
Grid : Message : This rank is running on host genoahost096.sdcc.bnl.local at local time 2026-03-04 12:40:26
Grid : Message : Requested 17179869184 byte stencil comms buffers 
Grid : Message : MemoryManager::Init() setting up
Grid : Message : MemoryManager::Init() cache pool for recent host   allocations: SMALL 8 LARGE 2 HUGE 0
Grid : Message : MemoryManager::Init() cache pool for recent device allocations: SMALL 16 LARGE 8 Huge 0
Grid : Message : MemoryManager::Init() cache pool for recent shared allocations: SMALL 16 LARGE 8 Huge 0
Grid : Message : MemoryManager::Init() Unified memory space
Sorting eigenvalues using EvalReSmall
Grid : Message : 0.617000 s : Lattice size: [32 32 32 32]
Example_spec_kryschur: ../../Grid/communicator/SharedMemoryMPI.cc:434: static void Grid::GlobalSharedMemory::OptimalCommunicatorSharedMemory(const Coordinate&, ompi_communicator_t*&, Grid::Coordinate&): Assertion `WorldSize==Nprocessors' failed.
[genoahost096:2315047] *** Process received signal ***
[genoahost096:2315047] Signal: Aborted (6)
[genoahost096:2315047] Signal code:  (-6)
[genoahost096:2315047] [ 0] /lib64/libc.so.6(+0x3fc30)[0x1472f6e3fc30]
[genoahost096:2315047] [ 1] /lib64/libc.so.6(+0x8d02c)[0x1472f6e8d02c]
[genoahost096:2315047] [ 2] /lib64/libc.so.6(raise+0x16)[0x1472f6e3fb86]
[genoahost096:2315047] [ 3] /lib64/libc.so.6(abort+0xd3)[0x1472f6e29873]
[genoahost096:2315047] [ 4] /lib64/libc.so.6(+0x2979b)[0x1472f6e2979b]
[genoahost096:2315047] [ 5] /lib64/libc.so.6(+0x388c6)[0x1472f6e388c6]
[genoahost096:2315047] [ 6] /direct/sdcc+u/poare/Grid/build/examples/./Example_spec_kryschur[0x4cc186]
[genoahost096:2315047] [ 7] /direct/sdcc+u/poare/Grid/build/examples/./Example_spec_kryschur[0x4cc271]
[genoahost096:2315047] [ 8] /direct/sdcc+u/poare/Grid/build/examples/./Example_spec_kryschur[0x4c7e15]
[genoahost096:2315047] [ 9] /direct/sdcc+u/poare/Grid/build/examples/./Example_spec_kryschur[0x4b5ecf]
[genoahost096:2315047] [10] /direct/sdcc+u/poare/Grid/build/examples/./Example_spec_kryschur[0x41171f]
[genoahost096:2315047] [11] /lib64/libc.so.6(+0x2a610)[0x1472f6e2a610]
[genoahost096:2315047] [12] /lib64/libc.so.6(__libc_start_main+0x80)[0x1472f6e2a6c0]
[genoahost096:2315047] [13] /direct/sdcc+u/poare/Grid/build/examples/./Example_spec_kryschur[0x414705]
[genoahost096:2315047] *** End of error message ***

__|__|__|__|__|__|__|__|__|__|__|__|__|__|__
__|__|__|__|__|__|__|__|__|__|__|__|__|__|__
__|_ |  |  |  |  |  |  |  |  |  |  |  | _|__
__|_                                    _|__
__|_   GGGG    RRRR    III    DDDD      _|__
__|_  G        R   R    I     D   D     _|__
__|_  G        R   R    I     D    D    _|__
__|_  G  GG    RRRR     I     D    D    _|__
__|_  G   G    R  R     I     D   D     _|__
__|_   GGGG    R   R   III    DDDD      _|__
__|_                                    _|__
__|__|__|__|__|__|__|__|__|__|__|__|__|__|__
__|__|__|__|__|__|__|__|__|__|__|__|__|__|__
  |  |  |  |  |  |  |  |  |  |  |  |  |  |  


Copyright (C) 2015 Peter Boyle, Azusa Yamaguchi, Guido Cossu, Antonin Portelli and other authors

This program is free software; you can redistribute it and/or modify
it under the terms of the GNU General Public License as published by
the Free Software Foundation; either version 2 of the License, or
(at your option) any later version.

This program is distributed in the hope that it will be useful,
but WITHOUT ANY WARRANTY; without even the implied warranty of
MERCHANTABILITY or FITNESS FOR A PARTICULAR PURPOSE.  See the
GNU General Public License for more details.
Current Grid git commit hash=82d411ca7bb8ec4a5b5c3815df23674cfd291070: (HEAD -> develop, origin/develop, origin/HEAD) clean

Grid : Message : ================================================ 
Grid : Message : MPI is initialised and logging filters activated 
Grid : Message : ================================================ 
Grid : Message : This rank is running on host genoahost089.sdcc.bnl.local at local time 2026-03-04 12:40:26
Grid : Message : Requested 17179869184 byte stencil comms buffers 
Grid : Message : MemoryManager::Init() setting up
Grid : Message : MemoryManager::Init() cache pool for recent host   allocations: SMALL 8 LARGE 2 HUGE 0
Grid : Message : MemoryManager::Init() cache pool for recent device allocations: SMALL 16 LARGE 8 Huge 0
Grid : Message : MemoryManager::Init() cache pool for recent shared allocations: SMALL 16 LARGE 8 Huge 0
Grid : Message : MemoryManager::Init() Unified memory space
Sorting eigenvalues using EvalReSmall
Grid : Message : 0.622000 s : Lattice size: [32 32 32 32]
Example_spec_kryschur: ../../Grid/communicator/SharedMemoryMPI.cc:434: static void Grid::GlobalSharedMemory::OptimalCommunicatorSharedMemory(const Coordinate&, ompi_communicator_t*&, Grid::Coordinate&): Assertion `WorldSize==Nprocessors' failed.
[genoahost089:583368] *** Process received signal ***
[genoahost089:583368] Signal: Aborted (6)
[genoahost089:583368] Signal code:  (-6)
[genoahost089:583368] [ 0] /lib64/libc.so.6(+0x3fc30)[0x1541b583fc30]
[genoahost089:583368] [ 1] /lib64/libc.so.6(+0x8d02c)[0x1541b588d02c]
[genoahost089:583368] [ 2] /lib64/libc.so.6(raise+0x16)[0x1541b583fb86]
[genoahost089:583368] [ 3] /lib64/libc.so.6(abort+0xd3)[0x1541b5829873]
[genoahost089:583368] [ 4] /lib64/libc.so.6(+0x2979b)[0x1541b582979b]
[genoahost089:583368] [ 5] /lib64/libc.so.6(+0x388c6)[0x1541b58388c6]
[genoahost089:583368] [ 6] /direct/sdcc+u/poare/Grid/build/examples/./Example_spec_kryschur[0x4cc186]
[genoahost089:583368] [ 7] /direct/sdcc+u/poare/Grid/build/examples/./Example_spec_kryschur[0x4cc271]
[genoahost089:583368] [ 8] /direct/sdcc+u/poare/Grid/build/examples/./Example_spec_kryschur[0x4c7e15]
[genoahost089:583368] [ 9] /direct/sdcc+u/poare/Grid/build/examples/./Example_spec_kryschur[0x4b5ecf]
[genoahost089:583368] [10] /direct/sdcc+u/poare/Grid/build/examples/./Example_spec_kryschur[0x41171f]
[genoahost089:583368] [11] /lib64/libc.so.6(+0x2a610)[0x1541b582a610]
[genoahost089:583368] [12] /lib64/libc.so.6(__libc_start_main+0x80)[0x1541b582a6c0]
[genoahost089:583368] [13] /direct/sdcc+u/poare/Grid/build/examples/./Example_spec_kryschur[0x414705]
[genoahost089:583368] *** End of error message ***

__|__|__|__|__|__|__|__|__|__|__|__|__|__|__
__|__|__|__|__|__|__|__|__|__|__|__|__|__|__
__|_ |  |  |  |  |  |  |  |  |  |  |  | _|__
__|_                                    _|__
__|_   GGGG    RRRR    III    DDDD      _|__
__|_  G        R   R    I     D   D     _|__
__|_  G        R   R    I     D    D    _|__
__|_  G  GG    RRRR     I     D    D    _|__
__|_  G   G    R  R     I     D   D     _|__
__|_   GGGG    R   R   III    DDDD      _|__
__|_                                    _|__
__|__|__|__|__|__|__|__|__|__|__|__|__|__|__
__|__|__|__|__|__|__|__|__|__|__|__|__|__|__
  |  |  |  |  |  |  |  |  |  |  |  |  |  |  


Copyright (C) 2015 Peter Boyle, Azusa Yamaguchi, Guido Cossu, Antonin Portelli and other authors

This program is free software; you can redistribute it and/or modify
it under the terms of the GNU General Public License as published by
the Free Software Foundation; either version 2 of the License, or
(at your option) any later version.

This program is distributed in the hope that it will be useful,
but WITHOUT ANY WARRANTY; without even the implied warranty of
MERCHANTABILITY or FITNESS FOR A PARTICULAR PURPOSE.  See the
GNU General Public License for more details.
Current Grid git commit hash=82d411ca7bb8ec4a5b5c3815df23674cfd291070: (HEAD -> develop, origin/develop, origin/HEAD) clean

Grid : Message : ================================================ 
Grid : Message : MPI is initialised and logging filters activated 
Grid : Message : ================================================ 
Grid : Message : This rank is running on host genoahost096.sdcc.bnl.local at local time 2026-03-04 12:40:26
Grid : Message : Requested 17179869184 byte stencil comms buffers 
Grid : Message : MemoryManager::Init() setting up
Grid : Message : MemoryManager::Init() cache pool for recent host   allocations: SMALL 8 LARGE 2 HUGE 0
Grid : Message : MemoryManager::Init() cache pool for recent device allocations: SMALL 16 LARGE 8 Huge 0
Grid : Message : MemoryManager::Init() cache pool for recent shared allocations: SMALL 16 LARGE 8 Huge 0

__|__|__|__|__|__|__|__|__|__|__|__|__|__|__
__|__|__|__|__|__|__|__|__|__|__|__|__|__|__
__|_ |  |  |  |  |  |  |  |  |  |  |  | _|__
__|_                                    _|__
__|_   GGGG    RRRR    III    DDDD      _|__
__|_  G        R   R    I     D   D     _|__
__|_  G        R   R    I     D    D    _|__
__|_  G  GG    RRRR     I     D    D    _|__
__|_  G   G    R  R     I     D   D     _|__
__|_   GGGG    R   R   III    DDDD      _|__
__|_                                    _|__
__|__|__|__|__|__|__|__|__|__|__|__|__|__|__
__|__|__|__|__|__|__|__|__|__|__|__|__|__|__
  |  |  |  |  |  |  |  |  |  |  |  |  |  |  


Copyright (C) 2015 Peter Boyle, Azusa Yamaguchi, Guido Cossu, Antonin Portelli and other authors

This program is free software; you can redistribute it and/or modify
it under the terms of the GNU General Public License as published by
the Free Software Foundation; either version 2 of the License, or
(at your option) any later version.

This program is distributed in the hope that it will be useful,
but WITHOUT ANY WARRANTY; without even the implied warranty of
MERCHANTABILITY or FITNESS FOR A PARTICULAR PURPOSE.  See the
GNU General Public License for more details.
Current Grid git commit hash=82d411ca7bb8ec4a5b5c3815df23674cfd291070: (HEAD -> develop, origin/develop, origin/HEAD) clean

Grid : Message : ================================================ 
Grid : Message : MPI is initialised and logging filters activated 
Grid : Message : ================================================ 
Grid : Message : This rank is running on host genoahost096.sdcc.bnl.local at local time 2026-03-04 12:40:26
Grid : Message : Requested 17179869184 byte stencil comms buffers 
Grid : Message : MemoryManager::Init() setting up
Grid : Message : MemoryManager::Init() cache pool for recent host   allocations: SMALL 8 LARGE 2 HUGE 0
Grid : Message : MemoryManager::Init() cache pool for recent device allocations: SMALL 16 LARGE 8 Huge 0
Grid : Message : MemoryManager::Init() cache pool for recent shared allocations: SMALL 16 LARGE 8 Huge 0
Grid : Message : MemoryManager::Init() Unified memory space
Sorting eigenvalues using EvalReSmall
Grid : Message : 0.572000 s : Lattice size: [32 32 32 32]
Example_spec_kryschur: ../../Grid/communicator/SharedMemoryMPI.cc:434: static void Grid::GlobalSharedMemory::OptimalCommunicatorSharedMemory(const Coordinate&, ompi_communicator_t*&, Grid::Coordinate&): Assertion `WorldSize==Nprocessors' failed.
[genoahost096:2315042] *** Process received signal ***
[genoahost096:2315042] Signal: Aborted (6)
[genoahost096:2315042] Signal code:  (-6)
[genoahost096:2315042] [ 0] /lib64/libc.so.6(+0x3fc30)[0x14f22c23fc30]
[genoahost096:2315042] [ 1] /lib64/libc.so.6(+0x8d02c)[0x14f22c28d02c]
[genoahost096:2315042] [ 2] /lib64/libc.so.6(raise+0x16)[0x14f22c23fb86]
[genoahost096:2315042] [ 3] /lib64/libc.so.6(abort+0xd3)[0x14f22c229873]
[genoahost096:2315042] [ 4] /lib64/libc.so.6(+0x2979b)[0x14f22c22979b]
[genoahost096:2315042] [ 5] /lib64/libc.so.6(+0x388c6)[0x14f22c2388c6]
[genoahost096:2315042] [ 6] /direct/sdcc+u/poare/Grid/build/examples/./Example_spec_kryschur[0x4cc186]
[genoahost096:2315042] [ 7] /direct/sdcc+u/poare/Grid/build/examples/./Example_spec_kryschur[0x4cc271]
[genoahost096:2315042] [ 8] /direct/sdcc+u/poare/Grid/build/examples/./Example_spec_kryschur[0x4c7e15]
[genoahost096:2315042] [ 9] /direct/sdcc+u/poare/Grid/build/examples/./Example_spec_kryschur[0x4b5ecf]
[genoahost096:2315042] [10] /direct/sdcc+u/poare/Grid/build/examples/./Example_spec_kryschur[0x41171f]
[genoahost096:2315042] [11] /lib64/libc.so.6(+0x2a610)[0x14f22c22a610]
[genoahost096:2315042] [12] /lib64/libc.so.6(__libc_start_main+0x80)[0x14f22c22a6c0]
[genoahost096:2315042] [13] /direct/sdcc+u/poare/Grid/build/examples/./Example_spec_kryschur[0x414705]
[genoahost096:2315042] *** End of error message ***

__|__|__|__|__|__|__|__|__|__|__|__|__|__|__
__|__|__|__|__|__|__|__|__|__|__|__|__|__|__
__|_ |  |  |  |  |  |  |  |  |  |  |  | _|__
__|_                                    _|__
__|_   GGGG    RRRR    III    DDDD      _|__
__|_  G        R   R    I     D   D     _|__
__|_  G        R   R    I     D    D    _|__
__|_  G  GG    RRRR     I     D    D    _|__
__|_  G   G    R  R     I     D   D     _|__
__|_   GGGG    R   R   III    DDDD      _|__
__|_                                    _|__
__|__|__|__|__|__|__|__|__|__|__|__|__|__|__
__|__|__|__|__|__|__|__|__|__|__|__|__|__|__
  |  |  |  |  |  |  |  |  |  |  |  |  |  |  


Copyright (C) 2015 Peter Boyle, Azusa Yamaguchi, Guido Cossu, Antonin Portelli and other authors

This program is free software; you can redistribute it and/or modify
it under the terms of the GNU General Public License as published by
the Free Software Foundation; either version 2 of the License, or
(at your option) any later version.

This program is distributed in the hope that it will be useful,
but WITHOUT ANY WARRANTY; without even the implied warranty of
MERCHANTABILITY or FITNESS FOR A PARTICULAR PURPOSE.  See the
GNU General Public License for more details.
Current Grid git commit hash=82d411ca7bb8ec4a5b5c3815df23674cfd291070: (HEAD -> develop, origin/develop, origin/HEAD) clean

Grid : Message : ================================================ 
Grid : Message : MPI is initialised and logging filters activated 
Grid : Message : ================================================ 
Grid : Message : This rank is running on host genoahost096.sdcc.bnl.local at local time 2026-03-04 12:40:26
Grid : Message : Requested 17179869184 byte stencil comms buffers 
Grid : Message : MemoryManager::Init() setting up
Grid : Message : MemoryManager::Init() cache pool for recent host   allocations: SMALL 8 LARGE 2 HUGE 0
Grid : Message : MemoryManager::Init() cache pool for recent device allocations: SMALL 16 LARGE 8 Huge 0
Grid : Message : MemoryManager::Init() cache pool for recent shared allocations: SMALL 16 LARGE 8 Huge 0
Grid : Message : MemoryManager::Init() Unified memory space
Grid : Message : MemoryManager::Init() Unified memory space
Sorting eigenvalues using EvalReSmall
Grid : Message : 0.197140 s : Lattice size: [32 32 32 32]
Example_spec_kryschur: ../../Grid/communicator/SharedMemoryMPI.cc:434: static void Grid::GlobalSharedMemory::OptimalCommunicatorSharedMemory(const Coordinate&, ompi_communicator_t*&, Grid::Coordinate&): Assertion `WorldSize==Nprocessors' failed.
[genoahost096:2315051] *** Process received signal ***
[genoahost096:2315051] Signal: Aborted (6)
[genoahost096:2315051] Signal code:  (-6)
[genoahost096:2315051] [ 0] /lib64/libc.so.6(+0x3fc30)[0x14f44923fc30]
[genoahost096:2315051] [ 1] /lib64/libc.so.6(+0x8d02c)[0x14f44928d02c]
[genoahost096:2315051] [ 2] /lib64/libc.so.6(raise+0x16)[0x14f44923fb86]
[genoahost096:2315051] [ 3] /lib64/libc.so.6(abort+0xd3)[0x14f449229873]
[genoahost096:2315051] [ 4] /lib64/libc.so.6(+0x2979b)[0x14f44922979b]
[genoahost096:2315051] [ 5] /lib64/libc.so.6(+0x388c6)[0x14f4492388c6]
[genoahost096:2315051] [ 6] /direct/sdcc+u/poare/Grid/build/examples/./Example_spec_kryschur[0x4cc186]
[genoahost096:2315051] [ 7] /direct/sdcc+u/poare/Grid/build/examples/./Example_spec_kryschur[0x4cc271]
[genoahost096:2315051] [ 8] /direct/sdcc+u/poare/Grid/build/examples/./Example_spec_kryschur[0x4c7e15]
[genoahost096:2315051] [ 9] /direct/sdcc+u/poare/Grid/build/examples/./Example_spec_kryschur[0x4b5ecf]
[genoahost096:2315051] [10] /direct/sdcc+u/poare/Grid/build/examples/./Example_spec_kryschur[0x41171f]
[genoahost096:2315051] [11] /lib64/libc.so.6(+0x2a610)[0x14f44922a610]
[genoahost096:2315051] [12] /lib64/libc.so.6(__libc_start_main+0x80)[0x14f44922a6c0]
[genoahost096:2315051] [13] /direct/sdcc+u/poare/Grid/build/examples/./Example_spec_kryschur[0x414705]
[genoahost096:2315051] *** End of error message ***
Sorting eigenvalues using EvalReSmall
Grid : Message : 0.238710 s : Lattice size: [32 32 32 32]
Example_spec_kryschur: ../../Grid/communicator/SharedMemoryMPI.cc:434: static void Grid::GlobalSharedMemory::OptimalCommunicatorSharedMemory(const Coordinate&, ompi_communicator_t*&, Grid::Coordinate&): Assertion `WorldSize==Nprocessors' failed.
[genoahost096:2315041] *** Process received signal ***
[genoahost096:2315041] Signal: Aborted (6)
[genoahost096:2315041] Signal code:  (-6)
[genoahost096:2315041] [ 0] /lib64/libc.so.6(+0x3fc30)[0x15132aa3fc30]
[genoahost096:2315041] [ 1] /lib64/libc.so.6(+0x8d02c)[0x15132aa8d02c]
[genoahost096:2315041] [ 2] /lib64/libc.so.6(raise+0x16)[0x15132aa3fb86]
[genoahost096:2315041] [ 3] /lib64/libc.so.6(abort+0xd3)[0x15132aa29873]
[genoahost096:2315041] [ 4] /lib64/libc.so.6(+0x2979b)[0x15132aa2979b]
[genoahost096:2315041] [ 5] /lib64/libc.so.6(+0x388c6)[0x15132aa388c6]
[genoahost096:2315041] [ 6] /direct/sdcc+u/poare/Grid/build/examples/./Example_spec_kryschur[0x4cc186]
[genoahost096:2315041] [ 7] /direct/sdcc+u/poare/Grid/build/examples/./Example_spec_kryschur[0x4cc271]
[genoahost096:2315041] [ 8] /direct/sdcc+u/poare/Grid/build/examples/./Example_spec_kryschur[0x4c7e15]
[genoahost096:2315041] [ 9] /direct/sdcc+u/poare/Grid/build/examples/./Example_spec_kryschur[0x4b5ecf]
[genoahost096:2315041] [10] /direct/sdcc+u/poare/Grid/build/examples/./Example_spec_kryschur[0x41171f]
[genoahost096:2315041] [11] /lib64/libc.so.6(+0x2a610)[0x15132aa2a610]
[genoahost096:2315041] [12] /lib64/libc.so.6(__libc_start_main+0x80)[0x15132aa2a6c0]
[genoahost096:2315041] [13] /direct/sdcc+u/poare/Grid/build/examples/./Example_spec_kryschur[0x414705]
[genoahost096:2315041] *** End of error message ***

__|__|__|__|__|__|__|__|__|__|__|__|__|__|__
__|__|__|__|__|__|__|__|__|__|__|__|__|__|__
__|_ |  |  |  |  |  |  |  |  |  |  |  | _|__
__|_                                    _|__
__|_   GGGG    RRRR    III    DDDD      _|__
__|_  G        R   R    I     D   D     _|__
__|_  G        R   R    I     D    D    _|__
__|_  G  GG    RRRR     I     D    D    _|__
__|_  G   G    R  R     I     D   D     _|__
__|_   GGGG    R   R   III    DDDD      _|__
__|_                                    _|__
__|__|__|__|__|__|__|__|__|__|__|__|__|__|__
__|__|__|__|__|__|__|__|__|__|__|__|__|__|__
  |  |  |  |  |  |  |  |  |  |  |  |  |  |  


Copyright (C) 2015 Peter Boyle, Azusa Yamaguchi, Guido Cossu, Antonin Portelli and other authors

This program is free software; you can redistribute it and/or modify
it under the terms of the GNU General Public License as published by
the Free Software Foundation; either version 2 of the License, or
(at your option) any later version.

This program is distributed in the hope that it will be useful,
but WITHOUT ANY WARRANTY; without even the implied warranty of
MERCHANTABILITY or FITNESS FOR A PARTICULAR PURPOSE.  See the
GNU General Public License for more details.
Current Grid git commit hash=82d411ca7bb8ec4a5b5c3815df23674cfd291070: (HEAD -> develop, origin/develop, origin/HEAD) clean

Grid : Message : ================================================ 
Grid : Message : MPI is initialised and logging filters activated 
Grid : Message : ================================================ 
Grid : Message : This rank is running on host genoahost089.sdcc.bnl.local at local time 2026-03-04 12:40:26
Grid : Message : Requested 17179869184 byte stencil comms buffers 
Grid : Message : MemoryManager::Init() setting up
Grid : Message : MemoryManager::Init() cache pool for recent host   allocations: SMALL 8 LARGE 2 HUGE 0
Grid : Message : MemoryManager::Init() cache pool for recent device allocations: SMALL 16 LARGE 8 Huge 0
Grid : Message : MemoryManager::Init() cache pool for recent shared allocations: SMALL 16 LARGE 8 Huge 0
Grid : Message : MemoryManager::Init() Unified memory space
Sorting eigenvalues using EvalReSmall
Grid : Message : 0.611000 s : Lattice size: [32 32 32 32]
Example_spec_kryschur: ../../Grid/communicator/SharedMemoryMPI.cc:434: static void Grid::GlobalSharedMemory::OptimalCommunicatorSharedMemory(const Coordinate&, ompi_communicator_t*&, Grid::Coordinate&): Assertion `WorldSize==Nprocessors' failed.
[genoahost089:583363] *** Process received signal ***
[genoahost089:583363] Signal: Aborted (6)
[genoahost089:583363] Signal code:  (-6)
[genoahost089:583363] [ 0] /lib64/libc.so.6(+0x3fc30)[0x153788c3fc30]
[genoahost089:583363] [ 1] /lib64/libc.so.6(+0x8d02c)[0x153788c8d02c]
[genoahost089:583363] [ 2] /lib64/libc.so.6(raise+0x16)[0x153788c3fb86]
[genoahost089:583363] [ 3] /lib64/libc.so.6(abort+0xd3)[0x153788c29873]
[genoahost089:583363] [ 4] /lib64/libc.so.6(+0x2979b)[0x153788c2979b]
[genoahost089:583363] [ 5] /lib64/libc.so.6(+0x388c6)[0x153788c388c6]
[genoahost089:583363] [ 6] /direct/sdcc+u/poare/Grid/build/examples/./Example_spec_kryschur[0x4cc186]
[genoahost089:583363] [ 7] /direct/sdcc+u/poare/Grid/build/examples/./Example_spec_kryschur[0x4cc271]
[genoahost089:583363] [ 8] /direct/sdcc+u/poare/Grid/build/examples/./Example_spec_kryschur[0x4c7e15]
[genoahost089:583363] [ 9] /direct/sdcc+u/poare/Grid/build/examples/./Example_spec_kryschur[0x4b5ecf]
[genoahost089:583363] [10] /direct/sdcc+u/poare/Grid/build/examples/./Example_spec_kryschur[0x41171f]
[genoahost089:583363] [11] /lib64/libc.so.6(+0x2a610)[0x153788c2a610]
[genoahost089:583363] [12] /lib64/libc.so.6(__libc_start_main+0x80)[0x153788c2a6c0]
[genoahost089:583363] [13] /direct/sdcc+u/poare/Grid/build/examples/./Example_spec_kryschur[0x414705]
[genoahost089:583363] *** End of error message ***
srun: error: genoahost092: task 63: Aborted (core dumped)

__|__|__|__|__|__|__|__|__|__|__|__|__|__|__
__|__|__|__|__|__|__|__|__|__|__|__|__|__|__
__|_ |  |  |  |  |  |  |  |  |  |  |  | _|__
__|_                                    _|__
__|_   GGGG    RRRR    III    DDDD      _|__
__|_  G        R   R    I     D   D     _|__
__|_  G        R   R    I     D    D    _|__
__|_  G  GG    RRRR     I     D    D    _|__
__|_  G   G    R  R     I     D   D     _|__
__|_   GGGG    R   R   III    DDDD      _|__
__|_                                    _|__
__|__|__|__|__|__|__|__|__|__|__|__|__|__|__
__|__|__|__|__|__|__|__|__|__|__|__|__|__|__
  |  |  |  |  |  |  |  |  |  |  |  |  |  |  


Copyright (C) 2015 Peter Boyle, Azusa Yamaguchi, Guido Cossu, Antonin Portelli and other authors

This program is free software; you can redistribute it and/or modify
it under the terms of the GNU General Public License as published by
the Free Software Foundation; either version 2 of the License, or
(at your option) any later version.

This program is distributed in the hope that it will be useful,
but WITHOUT ANY WARRANTY; without even the implied warranty of
MERCHANTABILITY or FITNESS FOR A PARTICULAR PURPOSE.  See the
GNU General Public License for more details.
Current Grid git commit hash=82d411ca7bb8ec4a5b5c3815df23674cfd291070: (HEAD -> develop, origin/develop, origin/HEAD) clean

Grid : Message : ================================================ 
Grid : Message : MPI is initialised and logging filters activated 
Grid : Message : ================================================ 
Grid : Message : This rank is running on host genoahost089.sdcc.bnl.local at local time 2026-03-04 12:40:27
Grid : Message : Requested 17179869184 byte stencil comms buffers 
Grid : Message : MemoryManager::Init() setting up
Grid : Message : MemoryManager::Init() cache pool for recent host   allocations: SMALL 8 LARGE 2 HUGE 0
Grid : Message : MemoryManager::Init() cache pool for recent device allocations: SMALL 16 LARGE 8 Huge 0
Grid : Message : MemoryManager::Init() cache pool for recent shared allocations: SMALL 16 LARGE 8 Huge 0
Grid : Message : MemoryManager::Init() Unified memory space
Sorting eigenvalues using EvalReSmall
Grid : Message : 0.640000 s : Lattice size: [32 32 32 32]
Example_spec_kryschur: ../../Grid/communicator/SharedMemoryMPI.cc:434: static void Grid::GlobalSharedMemory::OptimalCommunicatorSharedMemory(const Coordinate&, ompi_communicator_t*&, Grid::Coordinate&): Assertion `WorldSize==Nprocessors' failed.
[genoahost089:583362] *** Process received signal ***
[genoahost089:583362] Signal: Aborted (6)
[genoahost089:583362] Signal code:  (-6)
[genoahost089:583362] [ 0] /lib64/libc.so.6(+0x3fc30)[0x14891183fc30]
[genoahost089:583362] [ 1] /lib64/libc.so.6(+0x8d02c)[0x14891188d02c]
[genoahost089:583362] [ 2] /lib64/libc.so.6(raise+0x16)[0x14891183fb86]
[genoahost089:583362] [ 3] /lib64/libc.so.6(abort+0xd3)[0x148911829873]
[genoahost089:583362] [ 4] /lib64/libc.so.6(+0x2979b)[0x14891182979b]
[genoahost089:583362] [ 5] /lib64/libc.so.6(+0x388c6)[0x1489118388c6]
[genoahost089:583362] [ 6] /direct/sdcc+u/poare/Grid/build/examples/./Example_spec_kryschur[0x4cc186]
[genoahost089:583362] [ 7] /direct/sdcc+u/poare/Grid/build/examples/./Example_spec_kryschur[0x4cc271]
[genoahost089:583362] [ 8] /direct/sdcc+u/poare/Grid/build/examples/./Example_spec_kryschur[0x4c7e15]
[genoahost089:583362] [ 9] /direct/sdcc+u/poare/Grid/build/examples/./Example_spec_kryschur[0x4b5ecf]
[genoahost089:583362] [10] /direct/sdcc+u/poare/Grid/build/examples/./Example_spec_kryschur[0x41171f]
[genoahost089:583362] [11] /lib64/libc.so.6(+0x2a610)[0x14891182a610]
[genoahost089:583362] [12] /lib64/libc.so.6(__libc_start_main+0x80)[0x14891182a6c0]
[genoahost089:583362] [13] /direct/sdcc+u/poare/Grid/build/examples/./Example_spec_kryschur[0x414705]
[genoahost089:583362] *** End of error message ***

__|__|__|__|__|__|__|__|__|__|__|__|__|__|__
__|__|__|__|__|__|__|__|__|__|__|__|__|__|__
__|_ |  |  |  |  |  |  |  |  |  |  |  | _|__
__|_                                    _|__
__|_   GGGG    RRRR    III    DDDD      _|__
__|_  G        R   R    I     D   D     _|__
__|_  G        R   R    I     D    D    _|__
__|_  G  GG    RRRR     I     D    D    _|__
__|_  G   G    R  R     I     D   D     _|__
__|_   GGGG    R   R   III    DDDD      _|__
__|_                                    _|__
__|__|__|__|__|__|__|__|__|__|__|__|__|__|__
__|__|__|__|__|__|__|__|__|__|__|__|__|__|__
  |  |  |  |  |  |  |  |  |  |  |  |  |  |  


Copyright (C) 2015 Peter Boyle, Azusa Yamaguchi, Guido Cossu, Antonin Portelli and other authors

This program is free software; you can redistribute it and/or modify
it under the terms of the GNU General Public License as published by
the Free Software Foundation; either version 2 of the License, or
(at your option) any later version.

This program is distributed in the hope that it will be useful,
but WITHOUT ANY WARRANTY; without even the implied warranty of
MERCHANTABILITY or FITNESS FOR A PARTICULAR PURPOSE.  See the
GNU General Public License for more details.
Current Grid git commit hash=82d411ca7bb8ec4a5b5c3815df23674cfd291070: (HEAD -> develop, origin/develop, origin/HEAD) clean

Grid : Message : ================================================ 
Grid : Message : MPI is initialised and logging filters activated 
Grid : Message : ================================================ 
Grid : Message : This rank is running on host genoahost091.sdcc.bnl.local at local time 2026-03-04 12:40:32
Grid : Message : Requested 17179869184 byte stencil comms buffers 
Grid : Message : MemoryManager::Init() setting up
Grid : Message : MemoryManager::Init() cache pool for recent host   allocations: SMALL 8 LARGE 2 HUGE 0
Grid : Message : MemoryManager::Init() cache pool for recent device allocations: SMALL 16 LARGE 8 Huge 0
Grid : Message : MemoryManager::Init() cache pool for recent shared allocations: SMALL 16 LARGE 8 Huge 0
Grid : Message : MemoryManager::Init() Unified memory space
Sorting eigenvalues using EvalReSmall
Grid : Message : 0.457900 s : Lattice size: [32 32 32 32]
Example_spec_kryschur: ../../Grid/communicator/SharedMemoryMPI.cc:434: static void Grid::GlobalSharedMemory::OptimalCommunicatorSharedMemory(const Coordinate&, ompi_communicator_t*&, Grid::Coordinate&): Assertion `WorldSize==Nprocessors' failed.
[genoahost091:2340681] *** Process received signal ***
[genoahost091:2340681] Signal: Aborted (6)
[genoahost091:2340681] Signal code:  (-6)
[genoahost091:2340681] [ 0] /lib64/libc.so.6(+0x3fc30)[0x14ab8683fc30]
[genoahost091:2340681] [ 1] /lib64/libc.so.6(+0x8d02c)[0x14ab8688d02c]
[genoahost091:2340681] [ 2] /lib64/libc.so.6(raise+0x16)[0x14ab8683fb86]
[genoahost091:2340681] [ 3] /lib64/libc.so.6(abort+0xd3)[0x14ab86829873]
[genoahost091:2340681] [ 4] /lib64/libc.so.6(+0x2979b)[0x14ab8682979b]
[genoahost091:2340681] [ 5] /lib64/libc.so.6(+0x388c6)[0x14ab868388c6]
[genoahost091:2340681] [ 6] /direct/sdcc+u/poare/Grid/build/examples/./Example_spec_kryschur[0x4cc186]
[genoahost091:2340681] [ 7] /direct/sdcc+u/poare/Grid/build/examples/./Example_spec_kryschur[0x4cc271]
[genoahost091:2340681] [ 8] /direct/sdcc+u/poare/Grid/build/examples/./Example_spec_kryschur[0x4c7e15]
[genoahost091:2340681] [ 9] /direct/sdcc+u/poare/Grid/build/examples/./Example_spec_kryschur[0x4b5ecf]
[genoahost091:2340681] [10] /direct/sdcc+u/poare/Grid/build/examples/./Example_spec_kryschur[0x41171f]
[genoahost091:2340681] [11] /lib64/libc.so.6(+0x2a610)[0x14ab8682a610]
[genoahost091:2340681] [12] /lib64/libc.so.6(__libc_start_main+0x80)[0x14ab8682a6c0]
[genoahost091:2340681] [13] /direct/sdcc+u/poare/Grid/build/examples/./Example_spec_kryschur[0x414705]
[genoahost091:2340681] *** End of error message ***

__|__|__|__|__|__|__|__|__|__|__|__|__|__|__
__|__|__|__|__|__|__|__|__|__|__|__|__|__|__
__|_ |  |  |  |  |  |  |  |  |  |  |  | _|__
__|_                                    _|__
__|_   GGGG    RRRR    III    DDDD      _|__
__|_  G        R   R    I     D   D     _|__
__|_  G        R   R    I     D    D    _|__
__|_  G  GG    RRRR     I     D    D    _|__
__|_  G   G    R  R     I     D   D     _|__
__|_   GGGG    R   R   III    DDDD      _|__
__|_                                    _|__
__|__|__|__|__|__|__|__|__|__|__|__|__|__|__
__|__|__|__|__|__|__|__|__|__|__|__|__|__|__
  |  |  |  |  |  |  |  |  |  |  |  |  |  |  


Copyright (C) 2015 Peter Boyle, Azusa Yamaguchi, Guido Cossu, Antonin Portelli and other authors

This program is free software; you can redistribute it and/or modify
it under the terms of the GNU General Public License as published by
the Free Software Foundation; either version 2 of the License, or
(at your option) any later version.

This program is distributed in the hope that it will be useful,
but WITHOUT ANY WARRANTY; without even the implied warranty of
MERCHANTABILITY or FITNESS FOR A PARTICULAR PURPOSE.  See the
GNU General Public License for more details.
Current Grid git commit hash=82d411ca7bb8ec4a5b5c3815df23674cfd291070: (HEAD -> develop, origin/develop, origin/HEAD) clean

Grid : Message : ================================================ 
Grid : Message : MPI is initialised and logging filters activated 
Grid : Message : ================================================ 
Grid : Message : This rank is running on host genoahost091.sdcc.bnl.local at local time 2026-03-04 12:40:32
Grid : Message : Requested 17179869184 byte stencil comms buffers 
Grid : Message : MemoryManager::Init() setting up
Grid : Message : MemoryManager::Init() cache pool for recent host   allocations: SMALL 8 LARGE 2 HUGE 0
Grid : Message : MemoryManager::Init() cache pool for recent device allocations: SMALL 16 LARGE 8 Huge 0
Grid : Message : MemoryManager::Init() cache pool for recent shared allocations: SMALL 16 LARGE 8 Huge 0
Grid : Message : MemoryManager::Init() Unified memory space
Sorting eigenvalues using EvalReSmall
Grid : Message : 0.623000 s : Lattice size: [32 32 32 32]
Example_spec_kryschur: ../../Grid/communicator/SharedMemoryMPI.cc:434: static void Grid::GlobalSharedMemory::OptimalCommunicatorSharedMemory(const Coordinate&, ompi_communicator_t*&, Grid::Coordinate&): Assertion `WorldSize==Nprocessors' failed.
[genoahost091:2340671] *** Process received signal ***
[genoahost091:2340671] Signal: Aborted (6)
[genoahost091:2340671] Signal code:  (-6)
[genoahost091:2340671] [ 0] /lib64/libc.so.6(+0x3fc30)[0x14f06083fc30]
[genoahost091:2340671] [ 1] /lib64/libc.so.6(+0x8d02c)[0x14f06088d02c]
[genoahost091:2340671] [ 2] /lib64/libc.so.6(raise+0x16)[0x14f06083fb86]
[genoahost091:2340671] [ 3] /lib64/libc.so.6(abort+0xd3)[0x14f060829873]
[genoahost091:2340671] [ 4] /lib64/libc.so.6(+0x2979b)[0x14f06082979b]
[genoahost091:2340671] [ 5] /lib64/libc.so.6(+0x388c6)[0x14f0608388c6]
[genoahost091:2340671] [ 6] /direct/sdcc+u/poare/Grid/build/examples/./Example_spec_kryschur[0x4cc186]
[genoahost091:2340671] [ 7] /direct/sdcc+u/poare/Grid/build/examples/./Example_spec_kryschur[0x4cc271]
[genoahost091:2340671] [ 8] /direct/sdcc+u/poare/Grid/build/examples/./Example_spec_kryschur[0x4c7e15]
[genoahost091:2340671] [ 9] /direct/sdcc+u/poare/Grid/build/examples/./Example_spec_kryschur[0x4b5ecf]
[genoahost091:2340671] [10] /direct/sdcc+u/poare/Grid/build/examples/./Example_spec_kryschur[0x41171f]
[genoahost091:2340671] [11] /lib64/libc.so.6(+0x2a610)[0x14f06082a610]
[genoahost091:2340671] [12] /lib64/libc.so.6(__libc_start_main+0x80)[0x14f06082a6c0]
[genoahost091:2340671] [13] /direct/sdcc+u/poare/Grid/build/examples/./Example_spec_kryschur[0x414705]
[genoahost091:2340671] *** End of error message ***
srun: error: genoahost095: task 110: Aborted (core dumped)

__|__|__|__|__|__|__|__|__|__|__|__|__|__|__
__|__|__|__|__|__|__|__|__|__|__|__|__|__|__
__|_ |  |  |  |  |  |  |  |  |  |  |  | _|__
__|_                                    _|__
__|_   GGGG    RRRR    III    DDDD      _|__
__|_  G        R   R    I     D   D     _|__
__|_  G        R   R    I     D    D    _|__
__|_  G  GG    RRRR     I     D    D    _|__
__|_  G   G    R  R     I     D   D     _|__
__|_   GGGG    R   R   III    DDDD      _|__
__|_                                    _|__
__|__|__|__|__|__|__|__|__|__|__|__|__|__|__
__|__|__|__|__|__|__|__|__|__|__|__|__|__|__
  |  |  |  |  |  |  |  |  |  |  |  |  |  |  


Copyright (C) 2015 Peter Boyle, Azusa Yamaguchi, Guido Cossu, Antonin Portelli and other authors

This program is free software; you can redistribute it and/or modify
it under the terms of the GNU General Public License as published by
the Free Software Foundation; either version 2 of the License, or
(at your option) any later version.

This program is distributed in the hope that it will be useful,
but WITHOUT ANY WARRANTY; without even the implied warranty of
MERCHANTABILITY or FITNESS FOR A PARTICULAR PURPOSE.  See the
GNU General Public License for more details.
Current Grid git commit hash=82d411ca7bb8ec4a5b5c3815df23674cfd291070: (HEAD -> develop, origin/develop, origin/HEAD) clean

Grid : Message : ================================================ 
Grid : Message : MPI is initialised and logging filters activated 
Grid : Message : ================================================ 
Grid : Message : This rank is running on host genoahost091.sdcc.bnl.local at local time 2026-03-04 12:40:33
Grid : Message : Requested 17179869184 byte stencil comms buffers 
Grid : Message : MemoryManager::Init() setting up
Grid : Message : MemoryManager::Init() cache pool for recent host   allocations: SMALL 8 LARGE 2 HUGE 0
Grid : Message : MemoryManager::Init() cache pool for recent device allocations: SMALL 16 LARGE 8 Huge 0
Grid : Message : MemoryManager::Init() cache pool for recent shared allocations: SMALL 16 LARGE 8 Huge 0
Grid : Message : MemoryManager::Init() Unified memory space
Sorting eigenvalues using EvalReSmall
Grid : Message : 0.377850 s : Lattice size: [32 32 32 32]
Example_spec_kryschur: ../../Grid/communicator/SharedMemoryMPI.cc:434: static void Grid::GlobalSharedMemory::OptimalCommunicatorSharedMemory(const Coordinate&, ompi_communicator_t*&, Grid::Coordinate&): Assertion `WorldSize==Nprocessors' failed.
[genoahost091:2340674] *** Process received signal ***
[genoahost091:2340674] Signal: Aborted (6)
[genoahost091:2340674] Signal code:  (-6)
[genoahost091:2340674] [ 0] /lib64/libc.so.6(+0x3fc30)[0x1547b6c3fc30]
[genoahost091:2340674] [ 1] /lib64/libc.so.6(+0x8d02c)[0x1547b6c8d02c]
[genoahost091:2340674] [ 2] /lib64/libc.so.6(raise+0x16)[0x1547b6c3fb86]
[genoahost091:2340674] [ 3] /lib64/libc.so.6(abort+0xd3)[0x1547b6c29873]
[genoahost091:2340674] [ 4] /lib64/libc.so.6(+0x2979b)[0x1547b6c2979b]
[genoahost091:2340674] [ 5] /lib64/libc.so.6(+0x388c6)[0x1547b6c388c6]
[genoahost091:2340674] [ 6] /direct/sdcc+u/poare/Grid/build/examples/./Example_spec_kryschur[0x4cc186]
[genoahost091:2340674] [ 7] /direct/sdcc+u/poare/Grid/build/examples/./Example_spec_kryschur[0x4cc271]
[genoahost091:2340674] [ 8] /direct/sdcc+u/poare/Grid/build/examples/./Example_spec_kryschur[0x4c7e15]
[genoahost091:2340674] [ 9] /direct/sdcc+u/poare/Grid/build/examples/./Example_spec_kryschur[0x4b5ecf]
[genoahost091:2340674] [10] /direct/sdcc+u/poare/Grid/build/examples/./Example_spec_kryschur[0x41171f]
[genoahost091:2340674] [11] /lib64/libc.so.6(+0x2a610)[0x1547b6c2a610]
[genoahost091:2340674] [12] /lib64/libc.so.6(__libc_start_main+0x80)[0x1547b6c2a6c0]
[genoahost091:2340674] [13] /direct/sdcc+u/poare/Grid/build/examples/./Example_spec_kryschur[0x414705]
[genoahost091:2340674] *** End of error message ***

__|__|__|__|__|__|__|__|__|__|__|__|__|__|__
__|__|__|__|__|__|__|__|__|__|__|__|__|__|__
__|_ |  |  |  |  |  |  |  |  |  |  |  | _|__
__|_                                    _|__
__|_   GGGG    RRRR    III    DDDD      _|__
__|_  G        R   R    I     D   D     _|__
__|_  G        R   R    I     D    D    _|__
__|_  G  GG    RRRR     I     D    D    _|__
__|_  G   G    R  R     I     D   D     _|__
__|_   GGGG    R   R   III    DDDD      _|__
__|_                                    _|__
__|__|__|__|__|__|__|__|__|__|__|__|__|__|__
__|__|__|__|__|__|__|__|__|__|__|__|__|__|__
  |  |  |  |  |  |  |  |  |  |  |  |  |  |  


Copyright (C) 2015 Peter Boyle, Azusa Yamaguchi, Guido Cossu, Antonin Portelli and other authors

This program is free software; you can redistribute it and/or modify
it under the terms of the GNU General Public License as published by
the Free Software Foundation; either version 2 of the License, or
(at your option) any later version.

This program is distributed in the hope that it will be useful,
but WITHOUT ANY WARRANTY; without even the implied warranty of
MERCHANTABILITY or FITNESS FOR A PARTICULAR PURPOSE.  See the
GNU General Public License for more details.
Current Grid git commit hash=82d411ca7bb8ec4a5b5c3815df23674cfd291070: (HEAD -> develop, origin/develop, origin/HEAD) clean

Grid : Message : ================================================ 
Grid : Message : MPI is initialised and logging filters activated 
Grid : Message : ================================================ 
Grid : Message : This rank is running on host genoahost091.sdcc.bnl.local at local time 2026-03-04 12:40:33
Grid : Message : Requested 17179869184 byte stencil comms buffers 
Grid : Message : MemoryManager::Init() setting up
Grid : Message : MemoryManager::Init() cache pool for recent host   allocations: SMALL 8 LARGE 2 HUGE 0
Grid : Message : MemoryManager::Init() cache pool for recent device allocations: SMALL 16 LARGE 8 Huge 0
Grid : Message : MemoryManager::Init() cache pool for recent shared allocations: SMALL 16 LARGE 8 Huge 0
Grid : Message : MemoryManager::Init() Unified memory space
Sorting eigenvalues using EvalReSmall
Grid : Message : 0.602000 s : Lattice size: [32 32 32 32]
Example_spec_kryschur: ../../Grid/communicator/SharedMemoryMPI.cc:434: static void Grid::GlobalSharedMemory::OptimalCommunicatorSharedMemory(const Coordinate&, ompi_communicator_t*&, Grid::Coordinate&): Assertion `WorldSize==Nprocessors' failed.
[genoahost091:2340680] *** Process received signal ***
[genoahost091:2340680] Signal: Aborted (6)
[genoahost091:2340680] Signal code:  (-6)
[genoahost091:2340680] [ 0] /lib64/libc.so.6(+0x3fc30)[0x151ef2e3fc30]
[genoahost091:2340680] [ 1] /lib64/libc.so.6(+0x8d02c)[0x151ef2e8d02c]
[genoahost091:2340680] [ 2] /lib64/libc.so.6(raise+0x16)[0x151ef2e3fb86]
[genoahost091:2340680] [ 3] /lib64/libc.so.6(abort+0xd3)[0x151ef2e29873]
[genoahost091:2340680] [ 4] /lib64/libc.so.6(+0x2979b)[0x151ef2e2979b]
[genoahost091:2340680] [ 5] /lib64/libc.so.6(+0x388c6)[0x151ef2e388c6]
[genoahost091:2340680] [ 6] /direct/sdcc+u/poare/Grid/build/examples/./Example_spec_kryschur[0x4cc186]
[genoahost091:2340680] [ 7] /direct/sdcc+u/poare/Grid/build/examples/./Example_spec_kryschur[0x4cc271]
[genoahost091:2340680] [ 8] /direct/sdcc+u/poare/Grid/build/examples/./Example_spec_kryschur[0x4c7e15]
[genoahost091:2340680] [ 9] /direct/sdcc+u/poare/Grid/build/examples/./Example_spec_kryschur[0x4b5ecf]
[genoahost091:2340680] [10] /direct/sdcc+u/poare/Grid/build/examples/./Example_spec_kryschur[0x41171f]
[genoahost091:2340680] [11] /lib64/libc.so.6(+0x2a610)[0x151ef2e2a610]
[genoahost091:2340680] [12] /lib64/libc.so.6(__libc_start_main+0x80)[0x151ef2e2a6c0]
[genoahost091:2340680] [13] /direct/sdcc+u/poare/Grid/build/examples/./Example_spec_kryschur[0x414705]
[genoahost091:2340680] *** End of error message ***

__|__|__|__|__|__|__|__|__|__|__|__|__|__|__
__|__|__|__|__|__|__|__|__|__|__|__|__|__|__
__|_ |  |  |  |  |  |  |  |  |  |  |  | _|__
__|_                                    _|__
__|_   GGGG    RRRR    III    DDDD      _|__
__|_  G        R   R    I     D   D     _|__
__|_  G        R   R    I     D    D    _|__
__|_  G  GG    RRRR     I     D    D    _|__
__|_  G   G    R  R     I     D   D     _|__
__|_   GGGG    R   R   III    DDDD      _|__
__|_                                    _|__
__|__|__|__|__|__|__|__|__|__|__|__|__|__|__
__|__|__|__|__|__|__|__|__|__|__|__|__|__|__
  |  |  |  |  |  |  |  |  |  |  |  |  |  |  


Copyright (C) 2015 Peter Boyle, Azusa Yamaguchi, Guido Cossu, Antonin Portelli and other authors

This program is free software; you can redistribute it and/or modify
it under the terms of the GNU General Public License as published by
the Free Software Foundation; either version 2 of the License, or
(at your option) any later version.

This program is distributed in the hope that it will be useful,
but WITHOUT ANY WARRANTY; without even the implied warranty of
MERCHANTABILITY or FITNESS FOR A PARTICULAR PURPOSE.  See the
GNU General Public License for more details.
Current Grid git commit hash=82d411ca7bb8ec4a5b5c3815df23674cfd291070: (HEAD -> develop, origin/develop, origin/HEAD) clean

Grid : Message : ================================================ 
Grid : Message : MPI is initialised and logging filters activated 
Grid : Message : ================================================ 
Grid : Message : This rank is running on host genoahost091.sdcc.bnl.local at local time 2026-03-04 12:40:33
Grid : Message : Requested 17179869184 byte stencil comms buffers 
Grid : Message : MemoryManager::Init() setting up
Grid : Message : MemoryManager::Init() cache pool for recent host   allocations: SMALL 8 LARGE 2 HUGE 0
Grid : Message : MemoryManager::Init() cache pool for recent device allocations: SMALL 16 LARGE 8 Huge 0
Grid : Message : MemoryManager::Init() cache pool for recent shared allocations: SMALL 16 LARGE 8 Huge 0
Grid : Message : MemoryManager::Init() Unified memory space
Sorting eigenvalues using EvalReSmall
Grid : Message : 0.628000 s : Lattice size: [32 32 32 32]
Example_spec_kryschur: ../../Grid/communicator/SharedMemoryMPI.cc:434: static void Grid::GlobalSharedMemory::OptimalCommunicatorSharedMemory(const Coordinate&, ompi_communicator_t*&, Grid::Coordinate&): Assertion `WorldSize==Nprocessors' failed.
[genoahost091:2340670] *** Process received signal ***
[genoahost091:2340670] Signal: Aborted (6)
[genoahost091:2340670] Signal code:  (-6)
[genoahost091:2340670] [ 0] /lib64/libc.so.6(+0x3fc30)[0x153b64e3fc30]
[genoahost091:2340670] [ 1] /lib64/libc.so.6(+0x8d02c)[0x153b64e8d02c]
[genoahost091:2340670] [ 2] /lib64/libc.so.6(raise+0x16)[0x153b64e3fb86]
[genoahost091:2340670] [ 3] /lib64/libc.so.6(abort+0xd3)[0x153b64e29873]
[genoahost091:2340670] [ 4] /lib64/libc.so.6(+0x2979b)[0x153b64e2979b]
[genoahost091:2340670] [ 5] /lib64/libc.so.6(+0x388c6)[0x153b64e388c6]
[genoahost091:2340670] [ 6] /direct/sdcc+u/poare/Grid/build/examples/./Example_spec_kryschur[0x4cc186]
[genoahost091:2340670] [ 7] /direct/sdcc+u/poare/Grid/build/examples/./Example_spec_kryschur[0x4cc271]
[genoahost091:2340670] [ 8] /direct/sdcc+u/poare/Grid/build/examples/./Example_spec_kryschur[0x4c7e15]
[genoahost091:2340670] [ 9] /direct/sdcc+u/poare/Grid/build/examples/./Example_spec_kryschur[0x4b5ecf]
[genoahost091:2340670] [10] /direct/sdcc+u/poare/Grid/build/examples/./Example_spec_kryschur[0x41171f]
[genoahost091:2340670] [11] /lib64/libc.so.6(+0x2a610)[0x153b64e2a610]
[genoahost091:2340670] [12] /lib64/libc.so.6(__libc_start_main+0x80)[0x153b64e2a6c0]
[genoahost091:2340670] [13] /direct/sdcc+u/poare/Grid/build/examples/./Example_spec_kryschur[0x414705]
[genoahost091:2340670] *** End of error message ***

__|__|__|__|__|__|__|__|__|__|__|__|__|__|__
__|__|__|__|__|__|__|__|__|__|__|__|__|__|__
__|_ |  |  |  |  |  |  |  |  |  |  |  | _|__
__|_                                    _|__
__|_   GGGG    RRRR    III    DDDD      _|__
__|_  G        R   R    I     D   D     _|__
__|_  G        R   R    I     D    D    _|__
__|_  G  GG    RRRR     I     D    D    _|__
__|_  G   G    R  R     I     D   D     _|__
__|_   GGGG    R   R   III    DDDD      _|__
__|_                                    _|__
__|__|__|__|__|__|__|__|__|__|__|__|__|__|__
__|__|__|__|__|__|__|__|__|__|__|__|__|__|__
  |  |  |  |  |  |  |  |  |  |  |  |  |  |  


Copyright (C) 2015 Peter Boyle, Azusa Yamaguchi, Guido Cossu, Antonin Portelli and other authors

This program is free software; you can redistribute it and/or modify
it under the terms of the GNU General Public License as published by
the Free Software Foundation; either version 2 of the License, or
(at your option) any later version.

This program is distributed in the hope that it will be useful,
but WITHOUT ANY WARRANTY; without even the implied warranty of
MERCHANTABILITY or FITNESS FOR A PARTICULAR PURPOSE.  See the
GNU General Public License for more details.
Current Grid git commit hash=82d411ca7bb8ec4a5b5c3815df23674cfd291070: (HEAD -> develop, origin/develop, origin/HEAD) clean

Grid : Message : ================================================ 
Grid : Message : MPI is initialised and logging filters activated 
Grid : Message : ================================================ 
Grid : Message : This rank is running on host genoahost093.sdcc.bnl.local at local time 2026-03-04 12:40:35
Grid : Message : Requested 17179869184 byte stencil comms buffers 
Grid : Message : MemoryManager::Init() setting up
Grid : Message : MemoryManager::Init() cache pool for recent host   allocations: SMALL 8 LARGE 2 HUGE 0
Grid : Message : MemoryManager::Init() cache pool for recent device allocations: SMALL 16 LARGE 8 Huge 0
Grid : Message : MemoryManager::Init() cache pool for recent shared allocations: SMALL 16 LARGE 8 Huge 0
Grid : Message : MemoryManager::Init() Unified memory space
Sorting eigenvalues using EvalReSmall
Grid : Message : 0.693000 s : Lattice size: [32 32 32 32]
Example_spec_kryschur: ../../Grid/communicator/SharedMemoryMPI.cc:434: static void Grid::GlobalSharedMemory::OptimalCommunicatorSharedMemory(const Coordinate&, ompi_communicator_t*&, Grid::Coordinate&): Assertion `WorldSize==Nprocessors' failed.
[genoahost093:2344160] *** Process received signal ***
[genoahost093:2344160] Signal: Aborted (6)
[genoahost093:2344160] Signal code:  (-6)
[genoahost093:2344160] [ 0] /lib64/libc.so.6(+0x3fc30)[0x14d2b6e3fc30]

__|__|__|__|__|__|__|__|__|__|__|__|__|__|__
__|__|__|__|__|__|__|__|__|__|__|__|__|__|__
__|_ |  |  |  |  |  |  |  |  |  |  |  | _|__
__|_                                    _|__
__|_   GGGG    RRRR    III    DDDD      _|__
__|_  G        R   R    I     D   D     _|__
__|_  G        R   R    I     D    D    _|__
__|_  G  GG    RRRR     I     D    D    _|__
__|_  G   G    R  R     I     D   D     _|__
__|_   GGGG    R   R   III    DDDD      _|__
__|_                                    _|__
__|__|__|__|__|__|__|__|__|__|__|__|__|__|__
__|__|__|__|__|__|__|__|__|__|__|__|__|__|__
  |  |  |  |  |  |  |  |  |  |  |  |  |  |  


Copyright (C) 2015 Peter Boyle, Azusa Yamaguchi, Guido Cossu, Antonin Portelli and other authors

This program is free software; you can redistribute it and/or modify
it under the terms of the GNU General Public License as published by
the Free Software Foundation; either version 2 of the License, or
(at your option) any later version.

This program is distributed in the hope that it will be useful,
but WITHOUT ANY WARRANTY; without even the implied warranty of
MERCHANTABILITY or FITNESS FOR A PARTICULAR PURPOSE.  See the
GNU General Public License for more details.
Current Grid git commit hash=82d411ca7bb8ec4a5b5c3815df23674cfd291070: (HEAD -> develop, origin/develop, origin/HEAD) clean

Grid : Message : ================================================ 
Grid : Message : MPI is initialised and logging filters activated 
Grid : Message : ================================================ 
Grid : Message : This rank is running on host genoahost093.sdcc.bnl.local at local time 2026-03-04 12:40:35
Grid : Message : Requested 17179869184 byte stencil comms buffers 
Grid : Message : MemoryManager::Init() setting up
Grid : Message : MemoryManager::Init() cache pool for recent host   allocations: SMALL 8 LARGE 2 HUGE 0
Grid : Message : MemoryManager::Init() cache pool for recent device allocations: SMALL 16 LARGE 8 Huge 0
Grid : Message : MemoryManager::Init() cache pool for recent shared allocations: SMALL 16 LARGE 8 Huge 0
Grid : Message : MemoryManager::Init() Unified memory space
Sorting eigenvalues using EvalReSmall
Grid : Message : 0.606000 s : Lattice size: [32 32 32 32]
Example_spec_kryschur: ../../Grid/communicator/SharedMemoryMPI.cc:434: static void Grid::GlobalSharedMemory::OptimalCommunicatorSharedMemory(const Coordinate&, ompi_communicator_t*&, Grid::Coordinate&): Assertion `WorldSize==Nprocessors' failed.
[genoahost093:2344161] *** Process received signal ***
[genoahost093:2344161] Signal: Aborted (6)
[genoahost093:2344161] Signal code:  (-6)
[genoahost093:2344160] [ 1] /lib64/libc.so.6(+0x8d02c)[0x14d2b6e8d02c]
[genoahost093:2344160] [ 2] /lib64/libc.so.6(raise+0x16)[0x14d2b6e3fb86]
[genoahost093:2344160] [ 3] /lib64/libc.so.6(abort+0xd3)[0x14d2b6e29873]
[genoahost093:2344160] [ 4] /lib64/libc.so.6(+0x2979b)[0x14d2b6e2979b]
[genoahost093:2344160] [ 5] /lib64/libc.so.6(+0x388c6)[0x14d2b6e388c6]
[genoahost093:2344160] [ 6] /direct/sdcc+u/poare/Grid/build/examples/./Example_spec_kryschur[0x4cc186]
[genoahost093:2344160] [ 7] /direct/sdcc+u/poare/Grid/build/examples/./Example_spec_kryschur[0x4cc271]
[genoahost093:2344160] [ 8] /direct/sdcc+u/poare/Grid/build/examples/./Example_spec_kryschur[0x4c7e15]
[genoahost093:2344160] [ 9] /direct/sdcc+u/poare/Grid/build/examples/./Example_spec_kryschur[0x4b5ecf]
[genoahost093:2344160] [10] /direct/sdcc+u/poare/Grid/build/examples/./Example_spec_kryschur[0x41171f]
[genoahost093:2344160] [11] /lib64/libc.so.6(+0x2a610)[0x14d2b6e2a610]
[genoahost093:2344160] [12] /lib64/libc.so.6(__libc_start_main+0x80)[0x14d2b6e2a6c0]
[genoahost093:2344160] [13] /direct/sdcc+u/poare/Grid/build/examples/./Example_spec_kryschur[0x414705]
[genoahost093:2344160] *** End of error message ***
[genoahost093:2344161] [ 0] /lib64/libc.so.6(+0x3fc30)[0x148aec83fc30]
[genoahost093:2344161] [ 1] /lib64/libc.so.6(+0x8d02c)[0x148aec88d02c]
[genoahost093:2344161] [ 2] /lib64/libc.so.6(raise+0x16)[0x148aec83fb86]
[genoahost093:2344161] [ 3] /lib64/libc.so.6(abort+0xd3)[0x148aec829873]
[genoahost093:2344161] [ 4] /lib64/libc.so.6(+0x2979b)[0x148aec82979b]
[genoahost093:2344161] [ 5] /lib64/libc.so.6(+0x388c6)[0x148aec8388c6]
[genoahost093:2344161] [ 6] /direct/sdcc+u/poare/Grid/build/examples/./Example_spec_kryschur[0x4cc186]
[genoahost093:2344161] [ 7] /direct/sdcc+u/poare/Grid/build/examples/./Example_spec_kryschur[0x4cc271]
[genoahost093:2344161] [ 8] /direct/sdcc+u/poare/Grid/build/examples/./Example_spec_kryschur[0x4c7e15]
[genoahost093:2344161] [ 9] /direct/sdcc+u/poare/Grid/build/examples/./Example_spec_kryschur[0x4b5ecf]
[genoahost093:2344161] [10] /direct/sdcc+u/poare/Grid/build/examples/./Example_spec_kryschur[0x41171f]
[genoahost093:2344161] [11] /lib64/libc.so.6(+0x2a610)[0x148aec82a610]
[genoahost093:2344161] [12] /lib64/libc.so.6(__libc_start_main+0x80)[0x148aec82a6c0]
[genoahost093:2344161] [13] /direct/sdcc+u/poare/Grid/build/examples/./Example_spec_kryschur[0x414705]
[genoahost093:2344161] *** End of error message ***

__|__|__|__|__|__|__|__|__|__|__|__|__|__|__
__|__|__|__|__|__|__|__|__|__|__|__|__|__|__
__|_ |  |  |  |  |  |  |  |  |  |  |  | _|__
__|_                                    _|__
__|_   GGGG    RRRR    III    DDDD      _|__
__|_  G        R   R    I     D   D     _|__
__|_  G        R   R    I     D    D    _|__
__|_  G  GG    RRRR     I     D    D    _|__
__|_  G   G    R  R     I     D   D     _|__
__|_   GGGG    R   R   III    DDDD      _|__
__|_                                    _|__
__|__|__|__|__|__|__|__|__|__|__|__|__|__|__
__|__|__|__|__|__|__|__|__|__|__|__|__|__|__
  |  |  |  |  |  |  |  |  |  |  |  |  |  |  


Copyright (C) 2015 Peter Boyle, Azusa Yamaguchi, Guido Cossu, Antonin Portelli and other authors

This program is free software; you can redistribute it and/or modify
it under the terms of the GNU General Public License as published by
the Free Software Foundation; either version 2 of the License, or
(at your option) any later version.

This program is distributed in the hope that it will be useful,
but WITHOUT ANY WARRANTY; without even the implied warranty of
MERCHANTABILITY or FITNESS FOR A PARTICULAR PURPOSE.  See the
GNU General Public License for more details.
Current Grid git commit hash=82d411ca7bb8ec4a5b5c3815df23674cfd291070: (HEAD -> develop, origin/develop, origin/HEAD) clean

Grid : Message : ================================================ 
Grid : Message : MPI is initialised and logging filters activated 
Grid : Message : ================================================ 
Grid : Message : This rank is running on host genoahost093.sdcc.bnl.local at local time 2026-03-04 12:40:35
Grid : Message : Requested 17179869184 byte stencil comms buffers 
Grid : Message : MemoryManager::Init() setting up
Grid : Message : MemoryManager::Init() cache pool for recent host   allocations: SMALL 8 LARGE 2 HUGE 0
Grid : Message : MemoryManager::Init() cache pool for recent device allocations: SMALL 16 LARGE 8 Huge 0
Grid : Message : MemoryManager::Init() cache pool for recent shared allocations: SMALL 16 LARGE 8 Huge 0
Grid : Message : MemoryManager::Init() Unified memory space
Sorting eigenvalues using EvalReSmall
Grid : Message : 0.387270 s : Lattice size: [32 32 32 32]
Example_spec_kryschur: ../../Grid/communicator/SharedMemoryMPI.cc:434: static void Grid::GlobalSharedMemory::OptimalCommunicatorSharedMemory(const Coordinate&, ompi_communicator_t*&, Grid::Coordinate&): Assertion `WorldSize==Nprocessors' failed.
[genoahost093:2344168] *** Process received signal ***
[genoahost093:2344168] Signal: Aborted (6)
[genoahost093:2344168] Signal code:  (-6)
[genoahost093:2344168] [ 0] /lib64/libc.so.6(+0x3fc30)[0x1482a083fc30]
[genoahost093:2344168] [ 1] /lib64/libc.so.6(+0x8d02c)[0x1482a088d02c]
[genoahost093:2344168] [ 2] /lib64/libc.so.6(raise+0x16)[0x1482a083fb86]
[genoahost093:2344168] [ 3] /lib64/libc.so.6(abort+0xd3)[0x1482a0829873]
[genoahost093:2344168] [ 4] /lib64/libc.so.6(+0x2979b)[0x1482a082979b]
[genoahost093:2344168] [ 5] /lib64/libc.so.6(+0x388c6)[0x1482a08388c6]
[genoahost093:2344168] [ 6] /direct/sdcc+u/poare/Grid/build/examples/./Example_spec_kryschur[0x4cc186]
[genoahost093:2344168] [ 7] /direct/sdcc+u/poare/Grid/build/examples/./Example_spec_kryschur[0x4cc271]
[genoahost093:2344168] [ 8] /direct/sdcc+u/poare/Grid/build/examples/./Example_spec_kryschur[0x4c7e15]
[genoahost093:2344168] [ 9] /direct/sdcc+u/poare/Grid/build/examples/./Example_spec_kryschur[0x4b5ecf]
[genoahost093:2344168] [10] /direct/sdcc+u/poare/Grid/build/examples/./Example_spec_kryschur[0x41171f]
[genoahost093:2344168] [11] /lib64/libc.so.6(+0x2a610)[0x1482a082a610]
[genoahost093:2344168] [12] /lib64/libc.so.6(__libc_start_main+0x80)[0x1482a082a6c0]
[genoahost093:2344168] [13] /direct/sdcc+u/poare/Grid/build/examples/./Example_spec_kryschur[0x414705]
[genoahost093:2344168] *** End of error message ***
srun: error: genoahost093: task 79: Aborted (core dumped)
srun: error: genoahost093: task 76: Aborted (core dumped)

__|__|__|__|__|__|__|__|__|__|__|__|__|__|__
__|__|__|__|__|__|__|__|__|__|__|__|__|__|__
__|_ |  |  |  |  |  |  |  |  |  |  |  | _|__
__|_                                    _|__
__|_   GGGG    RRRR    III    DDDD      _|__
__|_  G        R   R    I     D   D     _|__
__|_  G        R   R    I     D    D    _|__
__|_  G  GG    RRRR     I     D    D    _|__
__|_  G   G    R  R     I     D   D     _|__
__|_   GGGG    R   R   III    DDDD      _|__
__|_                                    _|__
__|__|__|__|__|__|__|__|__|__|__|__|__|__|__
__|__|__|__|__|__|__|__|__|__|__|__|__|__|__
  |  |  |  |  |  |  |  |  |  |  |  |  |  |  


Copyright (C) 2015 Peter Boyle, Azusa Yamaguchi, Guido Cossu, Antonin Portelli and other authors

This program is free software; you can redistribute it and/or modify
it under the terms of the GNU General Public License as published by
the Free Software Foundation; either version 2 of the License, or
(at your option) any later version.

This program is distributed in the hope that it will be useful,
but WITHOUT ANY WARRANTY; without even the implied warranty of
MERCHANTABILITY or FITNESS FOR A PARTICULAR PURPOSE.  See the
GNU General Public License for more details.
Current Grid git commit hash=82d411ca7bb8ec4a5b5c3815df23674cfd291070: (HEAD -> develop, origin/develop, origin/HEAD) clean

Grid : Message : ================================================ 
Grid : Message : MPI is initialised and logging filters activated 
Grid : Message : ================================================ 
Grid : Message : This rank is running on host genoahost092.sdcc.bnl.local at local time 2026-03-04 12:40:41
Grid : Message : Requested 17179869184 byte stencil comms buffers 
Grid : Message : MemoryManager::Init() setting up
Grid : Message : MemoryManager::Init() cache pool for recent host   allocations: SMALL 8 LARGE 2 HUGE 0
Grid : Message : MemoryManager::Init() cache pool for recent device allocations: SMALL 16 LARGE 8 Huge 0
Grid : Message : MemoryManager::Init() cache pool for recent shared allocations: SMALL 16 LARGE 8 Huge 0
Grid : Message : MemoryManager::Init() Unified memory space
Sorting eigenvalues using EvalReSmall
Grid : Message : 0.696000 s : Lattice size: [32 32 32 32]
Example_spec_kryschur: ../../Grid/communicator/SharedMemoryMPI.cc:434: static void Grid::GlobalSharedMemory::OptimalCommunicatorSharedMemory(const Coordinate&, ompi_communicator_t*&, Grid::Coordinate&): Assertion `WorldSize==Nprocessors' failed.
[genoahost092:2288499] *** Process received signal ***
[genoahost092:2288499] Signal: Aborted (6)
[genoahost092:2288499] Signal code:  (-6)
[genoahost092:2288499] [ 0] /lib64/libc.so.6(+0x3fc30)[0x14ebb483fc30]
[genoahost092:2288499] [ 1] /lib64/libc.so.6(+0x8d02c)[0x14ebb488d02c]
[genoahost092:2288499] [ 2] /lib64/libc.so.6(raise+0x16)[0x14ebb483fb86]
[genoahost092:2288499] [ 3] /lib64/libc.so.6(abort+0xd3)[0x14ebb4829873]
[genoahost092:2288499] [ 4] /lib64/libc.so.6(+0x2979b)[0x14ebb482979b]
[genoahost092:2288499] [ 5] /lib64/libc.so.6(+0x388c6)[0x14ebb48388c6]
[genoahost092:2288499] [ 6] /direct/sdcc+u/poare/Grid/build/examples/./Example_spec_kryschur[0x4cc186]
[genoahost092:2288499] [ 7] /direct/sdcc+u/poare/Grid/build/examples/./Example_spec_kryschur[0x4cc271]
[genoahost092:2288499] [ 8] /direct/sdcc+u/poare/Grid/build/examples/./Example_spec_kryschur[0x4c7e15]
[genoahost092:2288499] [ 9] /direct/sdcc+u/poare/Grid/build/examples/./Example_spec_kryschur[0x4b5ecf]
[genoahost092:2288499] [10] /direct/sdcc+u/poare/Grid/build/examples/./Example_spec_kryschur[0x41171f]
[genoahost092:2288499] [11] /lib64/libc.so.6(+0x2a610)[0x14ebb482a610]
[genoahost092:2288499] [12] /lib64/libc.so.6(__libc_start_main+0x80)[0x14ebb482a6c0]
[genoahost092:2288499] [13] /direct/sdcc+u/poare/Grid/build/examples/./Example_spec_kryschur[0x414705]
[genoahost092:2288499] *** End of error message ***

__|__|__|__|__|__|__|__|__|__|__|__|__|__|__
__|__|__|__|__|__|__|__|__|__|__|__|__|__|__
__|_ |  |  |  |  |  |  |  |  |  |  |  | _|__
__|_                                    _|__
__|_   GGGG    RRRR    III    DDDD      _|__
__|_  G        R   R    I     D   D     _|__
__|_  G        R   R    I     D    D    _|__
__|_  G  GG    RRRR     I     D    D    _|__
__|_  G   G    R  R     I     D   D     _|__
__|_   GGGG    R   R   III    DDDD      _|__
__|_                                    _|__
__|__|__|__|__|__|__|__|__|__|__|__|__|__|__
__|__|__|__|__|__|__|__|__|__|__|__|__|__|__
  |  |  |  |  |  |  |  |  |  |  |  |  |  |  


Copyright (C) 2015 Peter Boyle, Azusa Yamaguchi, Guido Cossu, Antonin Portelli and other authors

This program is free software; you can redistribute it and/or modify
it under the terms of the GNU General Public License as published by
the Free Software Foundation; either version 2 of the License, or
(at your option) any later version.

This program is distributed in the hope that it will be useful,
but WITHOUT ANY WARRANTY; without even the implied warranty of
MERCHANTABILITY or FITNESS FOR A PARTICULAR PURPOSE.  See the
GNU General Public License for more details.
Current Grid git commit hash=82d411ca7bb8ec4a5b5c3815df23674cfd291070: (HEAD -> develop, origin/develop, origin/HEAD) clean

Grid : Message : ================================================ 
Grid : Message : MPI is initialised and logging filters activated 
Grid : Message : ================================================ 
Grid : Message : This rank is running on host genoahost092.sdcc.bnl.local at local time 2026-03-04 12:40:41
Grid : Message : Requested 17179869184 byte stencil comms buffers 
Grid : Message : MemoryManager::Init() setting up
Grid : Message : MemoryManager::Init() cache pool for recent host   allocations: SMALL 8 LARGE 2 HUGE 0
Grid : Message : MemoryManager::Init() cache pool for recent device allocations: SMALL 16 LARGE 8 Huge 0
Grid : Message : MemoryManager::Init() cache pool for recent shared allocations: SMALL 16 LARGE 8 Huge 0
Grid : Message : MemoryManager::Init() Unified memory space
Sorting eigenvalues using EvalReSmall
Grid : Message : 0.327450 s : Lattice size: [32 32 32 32]
Example_spec_kryschur: ../../Grid/communicator/SharedMemoryMPI.cc:434: static void Grid::GlobalSharedMemory::OptimalCommunicatorSharedMemory(const Coordinate&, ompi_communicator_t*&, Grid::Coordinate&): Assertion `WorldSize==Nprocessors' failed.
[genoahost092:2288508] *** Process received signal ***
[genoahost092:2288508] Signal: Aborted (6)
[genoahost092:2288508] Signal code:  (-6)
[genoahost092:2288508] [ 0] /lib64/libc.so.6(+0x3fc30)[0x14ccb303fc30]
[genoahost092:2288508] [ 1] /lib64/libc.so.6(+0x8d02c)[0x14ccb308d02c]
[genoahost092:2288508] [ 2] /lib64/libc.so.6(raise+0x16)[0x14ccb303fb86]
[genoahost092:2288508] [ 3] /lib64/libc.so.6(abort+0xd3)[0x14ccb3029873]
[genoahost092:2288508] [ 4] /lib64/libc.so.6(+0x2979b)[0x14ccb302979b]
[genoahost092:2288508] [ 5] /lib64/libc.so.6(+0x388c6)[0x14ccb30388c6]
[genoahost092:2288508] [ 6] /direct/sdcc+u/poare/Grid/build/examples/./Example_spec_kryschur[0x4cc186]
[genoahost092:2288508] [ 7] /direct/sdcc+u/poare/Grid/build/examples/./Example_spec_kryschur[0x4cc271]
[genoahost092:2288508] [ 8] /direct/sdcc+u/poare/Grid/build/examples/./Example_spec_kryschur[0x4c7e15]
[genoahost092:2288508] [ 9] /direct/sdcc+u/poare/Grid/build/examples/./Example_spec_kryschur[0x4b5ecf]
[genoahost092:2288508] [10] /direct/sdcc+u/poare/Grid/build/examples/./Example_spec_kryschur[0x41171f]
[genoahost092:2288508] [11] /lib64/libc.so.6(+0x2a610)[0x14ccb302a610]
[genoahost092:2288508] [12] /lib64/libc.so.6(__libc_start_main+0x80)[0x14ccb302a6c0]
[genoahost092:2288508] [13] /direct/sdcc+u/poare/Grid/build/examples/./Example_spec_kryschur[0x414705]
[genoahost092:2288508] *** End of error message ***
srun: error: genoahost093: task 70: Aborted (core dumped)
srun: error: genoahost092: task 50: Aborted (core dumped)
srun: error: genoahost092: task 59: Aborted (core dumped)

__|__|__|__|__|__|__|__|__|__|__|__|__|__|__
__|__|__|__|__|__|__|__|__|__|__|__|__|__|__
__|_ |  |  |  |  |  |  |  |  |  |  |  | _|__
__|_                                    _|__
__|_   GGGG    RRRR    III    DDDD      _|__
__|_  G        R   R    I     D   D     _|__
__|_  G        R   R    I     D    D    _|__
__|_  G  GG    RRRR     I     D    D    _|__
__|_  G   G    R  R     I     D   D     _|__
__|_   GGGG    R   R   III    DDDD      _|__
__|_                                    _|__
__|__|__|__|__|__|__|__|__|__|__|__|__|__|__
__|__|__|__|__|__|__|__|__|__|__|__|__|__|__
  |  |  |  |  |  |  |  |  |  |  |  |  |  |  


Copyright (C) 2015 Peter Boyle, Azusa Yamaguchi, Guido Cossu, Antonin Portelli and other authors

This program is free software; you can redistribute it and/or modify
it under the terms of the GNU General Public License as published by
the Free Software Foundation; either version 2 of the License, or
(at your option) any later version.

This program is distributed in the hope that it will be useful,
but WITHOUT ANY WARRANTY; without even the implied warranty of
MERCHANTABILITY or FITNESS FOR A PARTICULAR PURPOSE.  See the
GNU General Public License for more details.
Current Grid git commit hash=82d411ca7bb8ec4a5b5c3815df23674cfd291070: (HEAD -> develop, origin/develop, origin/HEAD) clean

Grid : Message : ================================================ 
Grid : Message : MPI is initialised and logging filters activated 
Grid : Message : ================================================ 
Grid : Message : This rank is running on host genoahost090.sdcc.bnl.local at local time 2026-03-04 12:40:44
Grid : Message : Requested 17179869184 byte stencil comms buffers 
Grid : Message : MemoryManager::Init() setting up
Grid : Message : MemoryManager::Init() cache pool for recent host   allocations: SMALL 8 LARGE 2 HUGE 0
Grid : Message : MemoryManager::Init() cache pool for recent device allocations: SMALL 16 LARGE 8 Huge 0
Grid : Message : MemoryManager::Init() cache pool for recent shared allocations: SMALL 16 LARGE 8 Huge 0
Grid : Message : MemoryManager::Init() Unified memory space
Sorting eigenvalues using EvalReSmall
Grid : Message : 0.620000 s : Lattice size: [32 32 32 32]
Example_spec_kryschur: ../../Grid/communicator/SharedMemoryMPI.cc:434: static void Grid::GlobalSharedMemory::OptimalCommunicatorSharedMemory(const Coordinate&, ompi_communicator_t*&, Grid::Coordinate&): Assertion `WorldSize==Nprocessors' failed.
[genoahost090:2328907] *** Process received signal ***
[genoahost090:2328907] Signal: Aborted (6)
[genoahost090:2328907] Signal code:  (-6)
[genoahost090:2328907] [ 0] /lib64/libc.so.6(+0x3fc30)[0x14ec1523fc30]
[genoahost090:2328907] [ 1] /lib64/libc.so.6(+0x8d02c)[0x14ec1528d02c]
[genoahost090:2328907] [ 2] /lib64/libc.so.6(raise+0x16)[0x14ec1523fb86]
[genoahost090:2328907] [ 3] /lib64/libc.so.6(abort+0xd3)[0x14ec15229873]
[genoahost090:2328907] [ 4] /lib64/libc.so.6(+0x2979b)[0x14ec1522979b]
[genoahost090:2328907] [ 5] /lib64/libc.so.6(+0x388c6)[0x14ec152388c6]
[genoahost090:2328907] [ 6] /direct/sdcc+u/poare/Grid/build/examples/./Example_spec_kryschur[0x4cc186]
[genoahost090:2328907] [ 7] /direct/sdcc+u/poare/Grid/build/examples/./Example_spec_kryschur[0x4cc271]
[genoahost090:2328907] [ 8] /direct/sdcc+u/poare/Grid/build/examples/./Example_spec_kryschur[0x4c7e15]
[genoahost090:2328907] [ 9] /direct/sdcc+u/poare/Grid/build/examples/./Example_spec_kryschur[0x4b5ecf]
[genoahost090:2328907] [10] /direct/sdcc+u/poare/Grid/build/examples/./Example_spec_kryschur[0x41171f]
[genoahost090:2328907] [11] /lib64/libc.so.6(+0x2a610)[0x14ec1522a610]
[genoahost090:2328907] [12] /lib64/libc.so.6(__libc_start_main+0x80)[0x14ec1522a6c0]
[genoahost090:2328907] [13] /direct/sdcc+u/poare/Grid/build/examples/./Example_spec_kryschur[0x414705]
[genoahost090:2328907] *** End of error message ***
srun: error: genoahost092: task 56: Aborted (core dumped)

__|__|__|__|__|__|__|__|__|__|__|__|__|__|__
__|__|__|__|__|__|__|__|__|__|__|__|__|__|__
__|_ |  |  |  |  |  |  |  |  |  |  |  | _|__
__|_                                    _|__
__|_   GGGG    RRRR    III    DDDD      _|__
__|_  G        R   R    I     D   D     _|__
__|_  G        R   R    I     D    D    _|__
__|_  G  GG    RRRR     I     D    D    _|__
__|_  G   G    R  R     I     D   D     _|__
__|_   GGGG    R   R   III    DDDD      _|__
__|_                                    _|__
__|__|__|__|__|__|__|__|__|__|__|__|__|__|__
__|__|__|__|__|__|__|__|__|__|__|__|__|__|__
  |  |  |  |  |  |  |  |  |  |  |  |  |  |  


Copyright (C) 2015 Peter Boyle, Azusa Yamaguchi, Guido Cossu, Antonin Portelli and other authors

This program is free software; you can redistribute it and/or modify
it under the terms of the GNU General Public License as published by
the Free Software Foundation; either version 2 of the License, or
(at your option) any later version.

This program is distributed in the hope that it will be useful,
but WITHOUT ANY WARRANTY; without even the implied warranty of
MERCHANTABILITY or FITNESS FOR A PARTICULAR PURPOSE.  See the
GNU General Public License for more details.
Current Grid git commit hash=82d411ca7bb8ec4a5b5c3815df23674cfd291070: (HEAD -> develop, origin/develop, origin/HEAD) clean

Grid : Message : ================================================ 
Grid : Message : MPI is initialised and logging filters activated 
Grid : Message : ================================================ 
Grid : Message : This rank is running on host genoahost090.sdcc.bnl.local at local time 2026-03-04 12:40:45
Grid : Message : Requested 17179869184 byte stencil comms buffers 
Grid : Message : MemoryManager::Init() setting up
Grid : Message : MemoryManager::Init() cache pool for recent host   allocations: SMALL 8 LARGE 2 HUGE 0
Grid : Message : MemoryManager::Init() cache pool for recent device allocations: SMALL 16 LARGE 8 Huge 0
Grid : Message : MemoryManager::Init() cache pool for recent shared allocations: SMALL 16 LARGE 8 Huge 0
Grid : Message : MemoryManager::Init() Unified memory space
Sorting eigenvalues using EvalReSmall
Grid : Message : 0.617000 s : Lattice size: [32 32 32 32]
Example_spec_kryschur: ../../Grid/communicator/SharedMemoryMPI.cc:434: static void Grid::GlobalSharedMemory::OptimalCommunicatorSharedMemory(const Coordinate&, ompi_communicator_t*&, Grid::Coordinate&): Assertion `WorldSize==Nprocessors' failed.
[genoahost090:2328917] *** Process received signal ***
[genoahost090:2328917] Signal: Aborted (6)
[genoahost090:2328917] Signal code:  (-6)
[genoahost090:2328917] [ 0] /lib64/libc.so.6(+0x3fc30)[0x149981c3fc30]
[genoahost090:2328917] [ 1] /lib64/libc.so.6(+0x8d02c)[0x149981c8d02c]
[genoahost090:2328917] [ 2] /lib64/libc.so.6(raise+0x16)[0x149981c3fb86]
[genoahost090:2328917] [ 3] /lib64/libc.so.6(abort+0xd3)[0x149981c29873]
[genoahost090:2328917] [ 4] /lib64/libc.so.6(+0x2979b)[0x149981c2979b]
[genoahost090:2328917] [ 5] /lib64/libc.so.6(+0x388c6)[0x149981c388c6]
[genoahost090:2328917] [ 6] /direct/sdcc+u/poare/Grid/build/examples/./Example_spec_kryschur[0x4cc186]
[genoahost090:2328917] [ 7] /direct/sdcc+u/poare/Grid/build/examples/./Example_spec_kryschur[0x4cc271]
[genoahost090:2328917] [ 8] /direct/sdcc+u/poare/Grid/build/examples/./Example_spec_kryschur[0x4c7e15]
[genoahost090:2328917] [ 9] /direct/sdcc+u/poare/Grid/build/examples/./Example_spec_kryschur[0x4b5ecf]
[genoahost090:2328917] [10] /direct/sdcc+u/poare/Grid/build/examples/./Example_spec_kryschur[0x41171f]
[genoahost090:2328917] [11] /lib64/libc.so.6(+0x2a610)[0x149981c2a610]
[genoahost090:2328917] [12] /lib64/libc.so.6(__libc_start_main+0x80)[0x149981c2a6c0]
[genoahost090:2328917] [13] /direct/sdcc+u/poare/Grid/build/examples/./Example_spec_kryschur[0x414705]
[genoahost090:2328917] *** End of error message ***

__|__|__|__|__|__|__|__|__|__|__|__|__|__|__
__|__|__|__|__|__|__|__|__|__|__|__|__|__|__
__|_ |  |  |  |  |  |  |  |  |  |  |  | _|__
__|_                                    _|__
__|_   GGGG    RRRR    III    DDDD      _|__
__|_  G        R   R    I     D   D     _|__
__|_  G        R   R    I     D    D    _|__
__|_  G  GG    RRRR     I     D    D    _|__
__|_  G   G    R  R     I     D   D     _|__
__|_   GGGG    R   R   III    DDDD      _|__
__|_                                    _|__
__|__|__|__|__|__|__|__|__|__|__|__|__|__|__
__|__|__|__|__|__|__|__|__|__|__|__|__|__|__
  |  |  |  |  |  |  |  |  |  |  |  |  |  |  


Copyright (C) 2015 Peter Boyle, Azusa Yamaguchi, Guido Cossu, Antonin Portelli and other authors

This program is free software; you can redistribute it and/or modify
it under the terms of the GNU General Public License as published by
the Free Software Foundation; either version 2 of the License, or
(at your option) any later version.

This program is distributed in the hope that it will be useful,
but WITHOUT ANY WARRANTY; without even the implied warranty of
MERCHANTABILITY or FITNESS FOR A PARTICULAR PURPOSE.  See the
GNU General Public License for more details.
Current Grid git commit hash=82d411ca7bb8ec4a5b5c3815df23674cfd291070: (HEAD -> develop, origin/develop, origin/HEAD) clean

Grid : Message : ================================================ 
Grid : Message : MPI is initialised and logging filters activated 
Grid : Message : ================================================ 
Grid : Message : This rank is running on host genoahost090.sdcc.bnl.local at local time 2026-03-04 12:40:45
Grid : Message : Requested 17179869184 byte stencil comms buffers 
Grid : Message : MemoryManager::Init() setting up
Grid : Message : MemoryManager::Init() cache pool for recent host   allocations: SMALL 8 LARGE 2 HUGE 0
Grid : Message : MemoryManager::Init() cache pool for recent device allocations: SMALL 16 LARGE 8 Huge 0
Grid : Message : MemoryManager::Init() cache pool for recent shared allocations: SMALL 16 LARGE 8 Huge 0
Grid : Message : MemoryManager::Init() Unified memory space
Sorting eigenvalues using EvalReSmall
Grid : Message : 0.568000 s : Lattice size: [32 32 32 32]
Example_spec_kryschur: ../../Grid/communicator/SharedMemoryMPI.cc:434: static void Grid::GlobalSharedMemory::OptimalCommunicatorSharedMemory(const Coordinate&, ompi_communicator_t*&, Grid::Coordinate&): Assertion `WorldSize==Nprocessors' failed.
[genoahost090:2328902] *** Process received signal ***
[genoahost090:2328902] Signal: Aborted (6)
[genoahost090:2328902] Signal code:  (-6)
[genoahost090:2328902] [ 0] /lib64/libc.so.6(+0x3fc30)[0x14c31fa3fc30]
[genoahost090:2328902] [ 1] /lib64/libc.so.6(+0x8d02c)[0x14c31fa8d02c]
[genoahost090:2328902] [ 2] /lib64/libc.so.6(raise+0x16)[0x14c31fa3fb86]
[genoahost090:2328902] [ 3] /lib64/libc.so.6(abort+0xd3)[0x14c31fa29873]
[genoahost090:2328902] [ 4] /lib64/libc.so.6(+0x2979b)[0x14c31fa2979b]
[genoahost090:2328902] [ 5] /lib64/libc.so.6(+0x388c6)[0x14c31fa388c6]
[genoahost090:2328902] [ 6] /direct/sdcc+u/poare/Grid/build/examples/./Example_spec_kryschur[0x4cc186]
[genoahost090:2328902] [ 7] /direct/sdcc+u/poare/Grid/build/examples/./Example_spec_kryschur[0x4cc271]
[genoahost090:2328902] [ 8] /direct/sdcc+u/poare/Grid/build/examples/./Example_spec_kryschur[0x4c7e15]
[genoahost090:2328902] [ 9] /direct/sdcc+u/poare/Grid/build/examples/./Example_spec_kryschur[0x4b5ecf]
[genoahost090:2328902] [10] /direct/sdcc+u/poare/Grid/build/examples/./Example_spec_kryschur[0x41171f]
[genoahost090:2328902] [11] /lib64/libc.so.6(+0x2a610)[0x14c31fa2a610]
[genoahost090:2328902] [12] /lib64/libc.so.6(__libc_start_main+0x80)[0x14c31fa2a6c0]
[genoahost090:2328902] [13] /direct/sdcc+u/poare/Grid/build/examples/./Example_spec_kryschur[0x414705]
[genoahost090:2328902] *** End of error message ***

__|__|__|__|__|__|__|__|__|__|__|__|__|__|__
__|__|__|__|__|__|__|__|__|__|__|__|__|__|__
__|_ |  |  |  |  |  |  |  |  |  |  |  | _|__
__|_                                    _|__
__|_   GGGG    RRRR    III    DDDD      _|__
__|_  G        R   R    I     D   D     _|__
__|_  G        R   R    I     D    D    _|__
__|_  G  GG    RRRR     I     D    D    _|__
__|_  G   G    R  R     I     D   D     _|__
__|_   GGGG    R   R   III    DDDD      _|__
__|_                                    _|__
__|__|__|__|__|__|__|__|__|__|__|__|__|__|__
__|__|__|__|__|__|__|__|__|__|__|__|__|__|__
  |  |  |  |  |  |  |  |  |  |  |  |  |  |  


Copyright (C) 2015 Peter Boyle, Azusa Yamaguchi, Guido Cossu, Antonin Portelli and other authors

This program is free software; you can redistribute it and/or modify
it under the terms of the GNU General Public License as published by
the Free Software Foundation; either version 2 of the License, or
(at your option) any later version.

This program is distributed in the hope that it will be useful,
but WITHOUT ANY WARRANTY; without even the implied warranty of
MERCHANTABILITY or FITNESS FOR A PARTICULAR PURPOSE.  See the
GNU General Public License for more details.
Current Grid git commit hash=82d411ca7bb8ec4a5b5c3815df23674cfd291070: (HEAD -> develop, origin/develop, origin/HEAD) clean

Grid : Message : ================================================ 
Grid : Message : MPI is initialised and logging filters activated 
Grid : Message : ================================================ 
Grid : Message : This rank is running on host genoahost090.sdcc.bnl.local at local time 2026-03-04 12:40:45
Grid : Message : Requested 17179869184 byte stencil comms buffers 
Grid : Message : MemoryManager::Init() setting up
Grid : Message : MemoryManager::Init() cache pool for recent host   allocations: SMALL 8 LARGE 2 HUGE 0
Grid : Message : MemoryManager::Init() cache pool for recent device allocations: SMALL 16 LARGE 8 Huge 0
Grid : Message : MemoryManager::Init() cache pool for recent shared allocations: SMALL 16 LARGE 8 Huge 0
Grid : Message : MemoryManager::Init() Unified memory space
Sorting eigenvalues using EvalReSmall
Grid : Message : 0.594000 s : Lattice size: [32 32 32 32]
Example_spec_kryschur: ../../Grid/communicator/SharedMemoryMPI.cc:434: static void Grid::GlobalSharedMemory::OptimalCommunicatorSharedMemory(const Coordinate&, ompi_communicator_t*&, Grid::Coordinate&): Assertion `WorldSize==Nprocessors' failed.
[genoahost090:2328905] *** Process received signal ***
[genoahost090:2328905] Signal: Aborted (6)
[genoahost090:2328905] Signal code:  (-6)
[genoahost090:2328905] [ 0] /lib64/libc.so.6(+0x3fc30)[0x154f12c3fc30]
[genoahost090:2328905] [ 1] /lib64/libc.so.6(+0x8d02c)[0x154f12c8d02c]
[genoahost090:2328905] [ 2] /lib64/libc.so.6(raise+0x16)[0x154f12c3fb86]
[genoahost090:2328905] [ 3] /lib64/libc.so.6(abort+0xd3)[0x154f12c29873]
[genoahost090:2328905] [ 4] /lib64/libc.so.6(+0x2979b)[0x154f12c2979b]
[genoahost090:2328905] [ 5] /lib64/libc.so.6(+0x388c6)[0x154f12c388c6]
[genoahost090:2328905] [ 6] /direct/sdcc+u/poare/Grid/build/examples/./Example_spec_kryschur[0x4cc186]
[genoahost090:2328905] [ 7] /direct/sdcc+u/poare/Grid/build/examples/./Example_spec_kryschur[0x4cc271]
[genoahost090:2328905] [ 8] /direct/sdcc+u/poare/Grid/build/examples/./Example_spec_kryschur[0x4c7e15]
[genoahost090:2328905] [ 9] /direct/sdcc+u/poare/Grid/build/examples/./Example_spec_kryschur[0x4b5ecf]
[genoahost090:2328905] [10] /direct/sdcc+u/poare/Grid/build/examples/./Example_spec_kryschur[0x41171f]
[genoahost090:2328905] [11] /lib64/libc.so.6(+0x2a610)[0x154f12c2a610]
[genoahost090:2328905] [12] /lib64/libc.so.6(__libc_start_main+0x80)[0x154f12c2a6c0]

__|__|__|__|__|__|__|__|__|__|__|__|__|__|__
__|__|__|__|__|__|__|__|__|__|__|__|__|__|__
__|_ |  |  |  |  |  |  |  |  |  |  |  | _|__
__|_                                    _|__
__|_   GGGG    RRRR    III    DDDD      _|__
__|_  G        R   R    I     D   D     _|__
__|_  G        R   R    I     D    D    _|__
__|_  G  GG    RRRR     I     D    D    _|__
__|_  G   G    R  R     I     D   D     _|__
__|_   GGGG    R   R   III    DDDD      _|__
__|_                                    _|__
__|__|__|__|__|__|__|__|__|__|__|__|__|__|__
__|__|__|__|__|__|__|__|__|__|__|__|__|__|__
  |  |  |  |  |  |  |  |  |  |  |  |  |  |  


Copyright (C) 2015 Peter Boyle, Azusa Yamaguchi, Guido Cossu, Antonin Portelli and other authors

This program is free software; you can redistribute it and/or modify
it under the terms of the GNU General Public License as published by
the Free Software Foundation; either version 2 of the License, or
(at your option) any later version.

This program is distributed in the hope that it will be useful,
but WITHOUT ANY WARRANTY; without even the implied warranty of
MERCHANTABILITY or FITNESS FOR A PARTICULAR PURPOSE.  See the
GNU General Public License for more details.
Current Grid git commit hash=82d411ca7bb8ec4a5b5c3815df23674cfd291070: (HEAD -> develop, origin/develop, origin/HEAD) clean

Grid : Message : ================================================ 
Grid : Message : MPI is initialised and logging filters activated 
Grid : Message : ================================================ 
Grid : Message : This rank is running on host genoahost090.sdcc.bnl.local at local time 2026-03-04 12:40:45
Grid : Message : Requested 17179869184 byte stencil comms buffers 
Grid : Message : MemoryManager::Init() setting up
Grid : Message : MemoryManager::Init() cache pool for recent host   allocations: SMALL 8 LARGE 2 HUGE 0
Grid : Message : MemoryManager::Init() cache pool for recent device allocations: SMALL 16 LARGE 8 Huge 0
Grid : Message : MemoryManager::Init() cache pool for recent shared allocations: SMALL 16 LARGE 8 Huge 0
Grid : Message : MemoryManager::Init() Unified memory space
Sorting eigenvalues using EvalReSmall
Grid : Message : 0.544000 s : Lattice size: [32 32 32 32]
Example_spec_kryschur: ../../Grid/communicator/SharedMemoryMPI.cc:434: static void Grid::GlobalSharedMemory::OptimalCommunicatorSharedMemory(const Coordinate&, ompi_communicator_t*&, Grid::Coordinate&): Assertion `WorldSize==Nprocessors' failed.
[genoahost090:2328903] *** Process received signal ***
[genoahost090:2328903] Signal: Aborted (6)
[genoahost090:2328903] Signal code:  (-6)
[genoahost090:2328903] [ 0] /lib64/libc.so.6(+0x3fc30)[0x14b73503fc30]
[genoahost090:2328903] [ 1] /lib64/libc.so.6(+0x8d02c)[0x14b73508d02c]
[genoahost090:2328903] [ 2] /lib64/libc.so.6(raise+0x16)[0x14b73503fb86]
[genoahost090:2328903] [ 3] /lib64/libc.so.6(abort+0xd3)[0x14b735029873]
[genoahost090:2328903] [ 4] /lib64/libc.so.6(+0x2979b)[0x14b73502979b]
[genoahost090:2328903] [ 5] /lib64/libc.so.6(+0x388c6)[0x14b7350388c6]
[genoahost090:2328903] [ 6] /direct/sdcc+u/poare/Grid/build/examples/./Example_spec_kryschur[0x4cc186]
[genoahost090:2328903] [ 7] /direct/sdcc+u/poare/Grid/build/examples/./Example_spec_kryschur[0x4cc271]
[genoahost090:2328903] [ 8] /direct/sdcc+u/poare/Grid/build/examples/./Example_spec_kryschur[0x4c7e15]
[genoahost090:2328903] [ 9] /direct/sdcc+u/poare/Grid/build/examples/./Example_spec_kryschur[0x4b5ecf]
[genoahost090:2328903] [10] /direct/sdcc+u/poare/Grid/build/examples/./Example_spec_kryschur[0x41171f]
[genoahost090:2328903] [11] /lib64/libc.so.6(+0x2a610)[0x14b73502a610]
[genoahost090:2328903] [12] /lib64/libc.so.6(__libc_start_main+0x80)[0x14b73502a6c0]
[genoahost090:2328903] [13] /direct/sdcc+u/poare/Grid/build/examples/./Example_spec_kryschur[0x414705]
[genoahost090:2328903] *** End of error message ***
[genoahost090:2328905] [13] /direct/sdcc+u/poare/Grid/build/examples/./Example_spec_kryschur[0x414705]
[genoahost090:2328905] *** End of error message ***

__|__|__|__|__|__|__|__|__|__|__|__|__|__|__
__|__|__|__|__|__|__|__|__|__|__|__|__|__|__
__|_ |  |  |  |  |  |  |  |  |  |  |  | _|__
__|_                                    _|__
__|_   GGGG    RRRR    III    DDDD      _|__
__|_  G        R   R    I     D   D     _|__
__|_  G        R   R    I     D    D    _|__
__|_  G  GG    RRRR     I     D    D    _|__
__|_  G   G    R  R     I     D   D     _|__
__|_   GGGG    R   R   III    DDDD      _|__
__|_                                    _|__
__|__|__|__|__|__|__|__|__|__|__|__|__|__|__
__|__|__|__|__|__|__|__|__|__|__|__|__|__|__
  |  |  |  |  |  |  |  |  |  |  |  |  |  |  


Copyright (C) 2015 Peter Boyle, Azusa Yamaguchi, Guido Cossu, Antonin Portelli and other authors

This program is free software; you can redistribute it and/or modify
it under the terms of the GNU General Public License as published by
the Free Software Foundation; either version 2 of the License, or
(at your option) any later version.

This program is distributed in the hope that it will be useful,
but WITHOUT ANY WARRANTY; without even the implied warranty of
MERCHANTABILITY or FITNESS FOR A PARTICULAR PURPOSE.  See the
GNU General Public License for more details.
Current Grid git commit hash=82d411ca7bb8ec4a5b5c3815df23674cfd291070: (HEAD -> develop, origin/develop, origin/HEAD) clean

Grid : Message : ================================================ 
Grid : Message : MPI is initialised and logging filters activated 
Grid : Message : ================================================ 
Grid : Message : This rank is running on host genoahost090.sdcc.bnl.local at local time 2026-03-04 12:40:45
Grid : Message : Requested 17179869184 byte stencil comms buffers 
Grid : Message : MemoryManager::Init() setting up
Grid : Message : MemoryManager::Init() cache pool for recent host   allocations: SMALL 8 LARGE 2 HUGE 0
Grid : Message : MemoryManager::Init() cache pool for recent device allocations: SMALL 16 LARGE 8 Huge 0
Grid : Message : MemoryManager::Init() cache pool for recent shared allocations: SMALL 16 LARGE 8 Huge 0
Grid : Message : MemoryManager::Init() Unified memory space
Sorting eigenvalues using EvalReSmall
Grid : Message : 0.506000 s : Lattice size: [32 32 32 32]
Example_spec_kryschur: ../../Grid/communicator/SharedMemoryMPI.cc:434: static void Grid::GlobalSharedMemory::OptimalCommunicatorSharedMemory(const Coordinate&, ompi_communicator_t*&, Grid::Coordinate&): Assertion `WorldSize==Nprocessors' failed.
[genoahost090:2328915] *** Process received signal ***
[genoahost090:2328915] Signal: Aborted (6)
[genoahost090:2328915] Signal code:  (-6)
[genoahost090:2328915] [ 0] /lib64/libc.so.6(+0x3fc30)[0x1545f6c3fc30]
[genoahost090:2328915] [ 1] /lib64/libc.so.6(+0x8d02c)[0x1545f6c8d02c]
[genoahost090:2328915] [ 2] /lib64/libc.so.6(raise+0x16)[0x1545f6c3fb86]
[genoahost090:2328915] [ 3] /lib64/libc.so.6(abort+0xd3)[0x1545f6c29873]
[genoahost090:2328915] [ 4] /lib64/libc.so.6(+0x2979b)[0x1545f6c2979b]
[genoahost090:2328915] [ 5] /lib64/libc.so.6(+0x388c6)[0x1545f6c388c6]
[genoahost090:2328915] [ 6] /direct/sdcc+u/poare/Grid/build/examples/./Example_spec_kryschur[0x4cc186]
[genoahost090:2328915] [ 7] /direct/sdcc+u/poare/Grid/build/examples/./Example_spec_kryschur[0x4cc271]
[genoahost090:2328915] [ 8] /direct/sdcc+u/poare/Grid/build/examples/./Example_spec_kryschur[0x4c7e15]
[genoahost090:2328915] [ 9] /direct/sdcc+u/poare/Grid/build/examples/./Example_spec_kryschur[0x4b5ecf]
[genoahost090:2328915] [10] /direct/sdcc+u/poare/Grid/build/examples/./Example_spec_kryschur[0x41171f]
[genoahost090:2328915] [11] /lib64/libc.so.6(+0x2a610)[0x1545f6c2a610]
[genoahost090:2328915] [12] /lib64/libc.so.6(__libc_start_main+0x80)[0x1545f6c2a6c0]
[genoahost090:2328915] [13] /direct/sdcc+u/poare/Grid/build/examples/./Example_spec_kryschur[0x414705]
[genoahost090:2328915] *** End of error message ***

__|__|__|__|__|__|__|__|__|__|__|__|__|__|__
__|__|__|__|__|__|__|__|__|__|__|__|__|__|__
__|_ |  |  |  |  |  |  |  |  |  |  |  | _|__
__|_                                    _|__
__|_   GGGG    RRRR    III    DDDD      _|__
__|_  G        R   R    I     D   D     _|__
__|_  G        R   R    I     D    D    _|__
__|_  G  GG    RRRR     I     D    D    _|__
__|_  G   G    R  R     I     D   D     _|__
__|_   GGGG    R   R   III    DDDD      _|__
__|_                                    _|__
__|__|__|__|__|__|__|__|__|__|__|__|__|__|__
__|__|__|__|__|__|__|__|__|__|__|__|__|__|__
  |  |  |  |  |  |  |  |  |  |  |  |  |  |  


Copyright (C) 2015 Peter Boyle, Azusa Yamaguchi, Guido Cossu, Antonin Portelli and other authors

This program is free software; you can redistribute it and/or modify
it under the terms of the GNU General Public License as published by
the Free Software Foundation; either version 2 of the License, or
(at your option) any later version.

This program is distributed in the hope that it will be useful,
but WITHOUT ANY WARRANTY; without even the implied warranty of
MERCHANTABILITY or FITNESS FOR A PARTICULAR PURPOSE.  See the
GNU General Public License for more details.
Current Grid git commit hash=82d411ca7bb8ec4a5b5c3815df23674cfd291070: (HEAD -> develop, origin/develop, origin/HEAD) clean

Grid : Message : ================================================ 
Grid : Message : MPI is initialised and logging filters activated 
Grid : Message : ================================================ 
Grid : Message : This rank is running on host genoahost090.sdcc.bnl.local at local time 2026-03-04 12:40:46
Grid : Message : Requested 17179869184 byte stencil comms buffers 
Grid : Message : MemoryManager::Init() setting up
Grid : Message : MemoryManager::Init() cache pool for recent host   allocations: SMALL 8 LARGE 2 HUGE 0
Grid : Message : MemoryManager::Init() cache pool for recent device allocations: SMALL 16 LARGE 8 Huge 0
Grid : Message : MemoryManager::Init() cache pool for recent shared allocations: SMALL 16 LARGE 8 Huge 0
Grid : Message : MemoryManager::Init() Unified memory space
Sorting eigenvalues using EvalReSmall
Grid : Message : 0.486840 s : Lattice size: [32 32 32 32]
Example_spec_kryschur: ../../Grid/communicator/SharedMemoryMPI.cc:434: static void Grid::GlobalSharedMemory::OptimalCommunicatorSharedMemory(const Coordinate&, ompi_communicator_t*&, Grid::Coordinate&): Assertion `WorldSize==Nprocessors' failed.
[genoahost090:2328909] *** Process received signal ***
[genoahost090:2328909] Signal: Aborted (6)
[genoahost090:2328909] Signal code:  (-6)
[genoahost090:2328909] [ 0] /lib64/libc.so.6(+0x3fc30)[0x14bab2a3fc30]
[genoahost090:2328909] [ 1] /lib64/libc.so.6(+0x8d02c)[0x14bab2a8d02c]
[genoahost090:2328909] [ 2] /lib64/libc.so.6(raise+0x16)[0x14bab2a3fb86]
[genoahost090:2328909] [ 3] /lib64/libc.so.6(abort+0xd3)[0x14bab2a29873]
[genoahost090:2328909] [ 4] /lib64/libc.so.6(+0x2979b)[0x14bab2a2979b]
[genoahost090:2328909] [ 5] /lib64/libc.so.6(+0x388c6)[0x14bab2a388c6]
[genoahost090:2328909] [ 6] /direct/sdcc+u/poare/Grid/build/examples/./Example_spec_kryschur[0x4cc186]
[genoahost090:2328909] [ 7] /direct/sdcc+u/poare/Grid/build/examples/./Example_spec_kryschur[0x4cc271]
[genoahost090:2328909] [ 8] /direct/sdcc+u/poare/Grid/build/examples/./Example_spec_kryschur[0x4c7e15]
[genoahost090:2328909] [ 9] /direct/sdcc+u/poare/Grid/build/examples/./Example_spec_kryschur[0x4b5ecf]
[genoahost090:2328909] [10] /direct/sdcc+u/poare/Grid/build/examples/./Example_spec_kryschur[0x41171f]
[genoahost090:2328909] [11] /lib64/libc.so.6(+0x2a610)[0x14bab2a2a610]
[genoahost090:2328909] [12] /lib64/libc.so.6(__libc_start_main+0x80)[0x14bab2a2a6c0]
[genoahost090:2328909] [13] /direct/sdcc+u/poare/Grid/build/examples/./Example_spec_kryschur[0x414705]
[genoahost090:2328909] *** End of error message ***
srun: error: genoahost091: task 42: Aborted (core dumped)
srun: error: genoahost091: task 38: Aborted (core dumped)

__|__|__|__|__|__|__|__|__|__|__|__|__|__|__
__|__|__|__|__|__|__|__|__|__|__|__|__|__|__
__|_ |  |  |  |  |  |  |  |  |  |  |  | _|__
__|_                                    _|__
__|_   GGGG    RRRR    III    DDDD      _|__
__|_  G        R   R    I     D   D     _|__
__|_  G        R   R    I     D    D    _|__
__|_  G  GG    RRRR     I     D    D    _|__
__|_  G   G    R  R     I     D   D     _|__
__|_   GGGG    R   R   III    DDDD      _|__
__|_                                    _|__
__|__|__|__|__|__|__|__|__|__|__|__|__|__|__
__|__|__|__|__|__|__|__|__|__|__|__|__|__|__
  |  |  |  |  |  |  |  |  |  |  |  |  |  |  


Copyright (C) 2015 Peter Boyle, Azusa Yamaguchi, Guido Cossu, Antonin Portelli and other authors

This program is free software; you can redistribute it and/or modify
it under the terms of the GNU General Public License as published by
the Free Software Foundation; either version 2 of the License, or
(at your option) any later version.

This program is distributed in the hope that it will be useful,
but WITHOUT ANY WARRANTY; without even the implied warranty of
MERCHANTABILITY or FITNESS FOR A PARTICULAR PURPOSE.  See the
GNU General Public License for more details.
Current Grid git commit hash=82d411ca7bb8ec4a5b5c3815df23674cfd291070: (HEAD -> develop, origin/develop, origin/HEAD) clean

Grid : Message : ================================================ 
Grid : Message : MPI is initialised and logging filters activated 
Grid : Message : ================================================ 
Grid : Message : This rank is running on host genoahost096.sdcc.bnl.local at local time 2026-03-04 12:40:54
Grid : Message : Requested 17179869184 byte stencil comms buffers 
Grid : Message : MemoryManager::Init() setting up
Grid : Message : MemoryManager::Init() cache pool for recent host   allocations: SMALL 8 LARGE 2 HUGE 0
Grid : Message : MemoryManager::Init() cache pool for recent device allocations: SMALL 16 LARGE 8 Huge 0
Grid : Message : MemoryManager::Init() cache pool for recent shared allocations: SMALL 16 LARGE 8 Huge 0
Grid : Message : MemoryManager::Init() Unified memory space
Sorting eigenvalues using EvalReSmall
Grid : Message : 0.663000 s : Lattice size: [32 32 32 32]
Example_spec_kryschur: ../../Grid/communicator/SharedMemoryMPI.cc:434: static void Grid::GlobalSharedMemory::OptimalCommunicatorSharedMemory(const Coordinate&, ompi_communicator_t*&, Grid::Coordinate&): Assertion `WorldSize==Nprocessors' failed.
[genoahost096:2315046] *** Process received signal ***
[genoahost096:2315046] Signal: Aborted (6)
[genoahost096:2315046] Signal code:  (-6)
[genoahost096:2315046] [ 0] /lib64/libc.so.6(+0x3fc30)[0x14be9183fc30]
[genoahost096:2315046] [ 1] /lib64/libc.so.6(+0x8d02c)[0x14be9188d02c]
[genoahost096:2315046] [ 2] /lib64/libc.so.6(raise+0x16)[0x14be9183fb86]
[genoahost096:2315046] [ 3] /lib64/libc.so.6(abort+0xd3)[0x14be91829873]
[genoahost096:2315046] [ 4] /lib64/libc.so.6(+0x2979b)[0x14be9182979b]
[genoahost096:2315046] [ 5] /lib64/libc.so.6(+0x388c6)[0x14be918388c6]
[genoahost096:2315046] [ 6] /direct/sdcc+u/poare/Grid/build/examples/./Example_spec_kryschur[0x4cc186]
[genoahost096:2315046] [ 7] /direct/sdcc+u/poare/Grid/build/examples/./Example_spec_kryschur[0x4cc271]
[genoahost096:2315046] [ 8] /direct/sdcc+u/poare/Grid/build/examples/./Example_spec_kryschur[0x4c7e15]
[genoahost096:2315046] [ 9] /direct/sdcc+u/poare/Grid/build/examples/./Example_spec_kryschur[0x4b5ecf]
[genoahost096:2315046] [10] /direct/sdcc+u/poare/Grid/build/examples/./Example_spec_kryschur[0x41171f]
[genoahost096:2315046] [11] /lib64/libc.so.6(+0x2a610)[0x14be9182a610]
[genoahost096:2315046] [12] /lib64/libc.so.6(__libc_start_main+0x80)[0x14be9182a6c0]
[genoahost096:2315046] [13] /direct/sdcc+u/poare/Grid/build/examples/./Example_spec_kryschur[0x414705]
[genoahost096:2315046] *** End of error message ***

__|__|__|__|__|__|__|__|__|__|__|__|__|__|__
__|__|__|__|__|__|__|__|__|__|__|__|__|__|__
__|_ |  |  |  |  |  |  |  |  |  |  |  | _|__
__|_                                    _|__
__|_   GGGG    RRRR    III    DDDD      _|__
__|_  G        R   R    I     D   D     _|__
__|_  G        R   R    I     D    D    _|__
__|_  G  GG    RRRR     I     D    D    _|__
__|_  G   G    R  R     I     D   D     _|__
__|_   GGGG    R   R   III    DDDD      _|__
__|_                                    _|__
__|__|__|__|__|__|__|__|__|__|__|__|__|__|__
__|__|__|__|__|__|__|__|__|__|__|__|__|__|__
  |  |  |  |  |  |  |  |  |  |  |  |  |  |  


Copyright (C) 2015 Peter Boyle, Azusa Yamaguchi, Guido Cossu, Antonin Portelli and other authors

This program is free software; you can redistribute it and/or modify
it under the terms of the GNU General Public License as published by
the Free Software Foundation; either version 2 of the License, or
(at your option) any later version.

This program is distributed in the hope that it will be useful,
but WITHOUT ANY WARRANTY; without even the implied warranty of
MERCHANTABILITY or FITNESS FOR A PARTICULAR PURPOSE.  See the
GNU General Public License for more details.
Current Grid git commit hash=82d411ca7bb8ec4a5b5c3815df23674cfd291070: (HEAD -> develop, origin/develop, origin/HEAD) clean

Grid : Message : ================================================ 
Grid : Message : MPI is initialised and logging filters activated 
Grid : Message : ================================================ 
Grid : Message : This rank is running on host genoahost091.sdcc.bnl.local at local time 2026-03-04 12:40:54
Grid : Message : Requested 17179869184 byte stencil comms buffers 
Grid : Message : MemoryManager::Init() setting up
Grid : Message : MemoryManager::Init() cache pool for recent host   allocations: SMALL 8 LARGE 2 HUGE 0
Grid : Message : MemoryManager::Init() cache pool for recent device allocations: SMALL 16 LARGE 8 Huge 0
Grid : Message : MemoryManager::Init() cache pool for recent shared allocations: SMALL 16 LARGE 8 Huge 0
Grid : Message : MemoryManager::Init() Unified memory space
Sorting eigenvalues using EvalReSmall
Grid : Message : 0.324920 s : Lattice size: [32 32 32 32]
Example_spec_kryschur: ../../Grid/communicator/SharedMemoryMPI.cc:434: static void Grid::GlobalSharedMemory::OptimalCommunicatorSharedMemory(const Coordinate&, ompi_communicator_t*&, Grid::Coordinate&): Assertion `WorldSize==Nprocessors' failed.
[genoahost091:2340676] *** Process received signal ***
[genoahost091:2340676] Signal: Aborted (6)
[genoahost091:2340676] Signal code:  (-6)
[genoahost091:2340676] [ 0] /lib64/libc.so.6(+0x3fc30)[0x147431e3fc30]
[genoahost091:2340676] [ 1] /lib64/libc.so.6(+0x8d02c)[0x147431e8d02c]
[genoahost091:2340676] [ 2] /lib64/libc.so.6(raise+0x16)[0x147431e3fb86]
[genoahost091:2340676] [ 3] /lib64/libc.so.6(abort+0xd3)[0x147431e29873]
[genoahost091:2340676] [ 4] /lib64/libc.so.6(+0x2979b)[0x147431e2979b]
[genoahost091:2340676] [ 5] /lib64/libc.so.6(+0x388c6)[0x147431e388c6]
[genoahost091:2340676] [ 6] /direct/sdcc+u/poare/Grid/build/examples/./Example_spec_kryschur[0x4cc186]
[genoahost091:2340676] [ 7] /direct/sdcc+u/poare/Grid/build/examples/./Example_spec_kryschur[0x4cc271]
[genoahost091:2340676] [ 8] /direct/sdcc+u/poare/Grid/build/examples/./Example_spec_kryschur[0x4c7e15]
[genoahost091:2340676] [ 9] /direct/sdcc+u/poare/Grid/build/examples/./Example_spec_kryschur[0x4b5ecf]
[genoahost091:2340676] [10] /direct/sdcc+u/poare/Grid/build/examples/./Example_spec_kryschur[0x41171f]
[genoahost091:2340676] [11] /lib64/libc.so.6(+0x2a610)[0x147431e2a610]
[genoahost091:2340676] [12] /lib64/libc.so.6(__libc_start_main+0x80)[0x147431e2a6c0]
[genoahost091:2340676] [13] /direct/sdcc+u/poare/Grid/build/examples/./Example_spec_kryschur[0x414705]
[genoahost091:2340676] *** End of error message ***

__|__|__|__|__|__|__|__|__|__|__|__|__|__|__
__|__|__|__|__|__|__|__|__|__|__|__|__|__|__
__|_ |  |  |  |  |  |  |  |  |  |  |  | _|__
__|_                                    _|__
__|_   GGGG    RRRR    III    DDDD      _|__
__|_  G        R   R    I     D   D     _|__
__|_  G        R   R    I     D    D    _|__
__|_  G  GG    RRRR     I     D    D    _|__
__|_  G   G    R  R     I     D   D     _|__
__|_   GGGG    R   R   III    DDDD      _|__
__|_                                    _|__
__|__|__|__|__|__|__|__|__|__|__|__|__|__|__
__|__|__|__|__|__|__|__|__|__|__|__|__|__|__
  |  |  |  |  |  |  |  |  |  |  |  |  |  |  


Copyright (C) 2015 Peter Boyle, Azusa Yamaguchi, Guido Cossu, Antonin Portelli and other authors

This program is free software; you can redistribute it and/or modify
it under the terms of the GNU General Public License as published by
the Free Software Foundation; either version 2 of the License, or
(at your option) any later version.

This program is distributed in the hope that it will be useful,
but WITHOUT ANY WARRANTY; without even the implied warranty of
MERCHANTABILITY or FITNESS FOR A PARTICULAR PURPOSE.  See the
GNU General Public License for more details.
Current Grid git commit hash=82d411ca7bb8ec4a5b5c3815df23674cfd291070: (HEAD -> develop, origin/develop, origin/HEAD) clean

Grid : Message : ================================================ 
Grid : Message : MPI is initialised and logging filters activated 
Grid : Message : ================================================ 
Grid : Message : This rank is running on host genoahost096.sdcc.bnl.local at local time 2026-03-04 12:40:54
Grid : Message : Requested 17179869184 byte stencil comms buffers 
Grid : Message : MemoryManager::Init() setting up
Grid : Message : MemoryManager::Init() cache pool for recent host   allocations: SMALL 8 LARGE 2 HUGE 0
Grid : Message : MemoryManager::Init() cache pool for recent device allocations: SMALL 16 LARGE 8 Huge 0
Grid : Message : MemoryManager::Init() cache pool for recent shared allocations: SMALL 16 LARGE 8 Huge 0
Grid : Message : MemoryManager::Init() Unified memory space
Sorting eigenvalues using EvalReSmall
Grid : Message : 0.669000 s : Lattice size: [32 32 32 32]
Example_spec_kryschur: ../../Grid/communicator/SharedMemoryMPI.cc:434: static void Grid::GlobalSharedMemory::OptimalCommunicatorSharedMemory(const Coordinate&, ompi_communicator_t*&, Grid::Coordinate&): Assertion `WorldSize==Nprocessors' failed.
[genoahost096:2315040] *** Process received signal ***
[genoahost096:2315040] Signal: Aborted (6)
[genoahost096:2315040] Signal code:  (-6)
[genoahost096:2315040] [ 0] /lib64/libc.so.6(+0x3fc30)[0x1487d003fc30]
[genoahost096:2315040] [ 1] /lib64/libc.so.6(+0x8d02c)[0x1487d008d02c]
[genoahost096:2315040] [ 2] /lib64/libc.so.6(raise+0x16)[0x1487d003fb86]
[genoahost096:2315040] [ 3] /lib64/libc.so.6(abort+0xd3)[0x1487d0029873]

__|__|__|__|__|__|__|__|__|__|__|__|__|__|__
__|__|__|__|__|__|__|__|__|__|__|__|__|__|__
__|_ |  |  |  |  |  |  |  |  |  |  |  | _|__
__|_                                    _|__
__|_   GGGG    RRRR    III    DDDD      _|__
__|_  G        R   R    I     D   D     _|__
__|_  G        R   R    I     D    D    _|__
__|_  G  GG    RRRR     I     D    D    _|__
__|_  G   G    R  R     I     D   D     _|__
__|_   GGGG    R   R   III    DDDD      _|__
__|_                                    _|__
__|__|__|__|__|__|__|__|__|__|__|__|__|__|__
__|__|__|__|__|__|__|__|__|__|__|__|__|__|__
  |  |  |  |  |  |  |  |  |  |  |  |  |  |  


Copyright (C) 2015 Peter Boyle, Azusa Yamaguchi, Guido Cossu, Antonin Portelli and other authors

This program is free software; you can redistribute it and/or modify
it under the terms of the GNU General Public License as published by
the Free Software Foundation; either version 2 of the License, or
(at your option) any later version.

This program is distributed in the hope that it will be useful,
but WITHOUT ANY WARRANTY; without even the implied warranty of
MERCHANTABILITY or FITNESS FOR A PARTICULAR PURPOSE.  See the
GNU General Public License for more details.
Current Grid git commit hash=82d411ca7bb8ec4a5b5c3815df23674cfd291070: (HEAD -> develop, origin/develop, origin/HEAD) clean

Grid : Message : ================================================ 
Grid : Message : MPI is initialised and logging filters activated 
Grid : Message : ================================================ 
Grid : Message : This rank is running on host genoahost096.sdcc.bnl.local at local time 2026-03-04 12:40:54
Grid : Message : Requested 17179869184 byte stencil comms buffers 
Grid : Message : MemoryManager::Init() setting up
Grid : Message : MemoryManager::Init() cache pool for recent host   allocations: SMALL 8 LARGE 2 HUGE 0
Grid : Message : MemoryManager::Init() cache pool for recent device allocations: SMALL 16 LARGE 8 Huge 0
Grid : Message : MemoryManager::Init() cache pool for recent shared allocations: SMALL 16 LARGE 8 Huge 0
Grid : Message : MemoryManager::Init() Unified memory space
Sorting eigenvalues using EvalReSmall
Grid : Message : 0.554000 s : Lattice size: [32 32 32 32]
Example_spec_kryschur: ../../Grid/communicator/SharedMemoryMPI.cc:434: static void Grid::GlobalSharedMemory::OptimalCommunicatorSharedMemory(const Coordinate&, ompi_communicator_t*&, Grid::Coordinate&): Assertion `WorldSize==Nprocessors' failed.
[genoahost096:2315038] *** Process received signal ***
[genoahost096:2315038] Signal: Aborted (6)
[genoahost096:2315038] Signal code:  (-6)
[genoahost096:2315038] [ 0] /lib64/libc.so.6(+0x3fc30)[0x152884a3fc30]
[genoahost096:2315038] [ 1] /lib64/libc.so.6(+0x8d02c)[0x152884a8d02c]
[genoahost096:2315038] [ 2] /lib64/libc.so.6(raise+0x16)[0x152884a3fb86]
[genoahost096:2315038] [ 3] /lib64/libc.so.6(abort+0xd3)[0x152884a29873]
[genoahost096:2315038] [ 4] /lib64/libc.so.6(+0x2979b)[0x152884a2979b]
[genoahost096:2315038] [ 5] /lib64/libc.so.6(+0x388c6)[0x152884a388c6]
[genoahost096:2315038] [ 6] /direct/sdcc+u/poare/Grid/build/examples/./Example_spec_kryschur[0x4cc186]
[genoahost096:2315038] [ 7] /direct/sdcc+u/poare/Grid/build/examples/./Example_spec_kryschur[0x4cc271]
[genoahost096:2315038] [ 8] /direct/sdcc+u/poare/Grid/build/examples/./Example_spec_kryschur[0x4c7e15]
[genoahost096:2315038] [ 9] /direct/sdcc+u/poare/Grid/build/examples/./Example_spec_kryschur[0x4b5ecf]
[genoahost096:2315038] [10] /direct/sdcc+u/poare/Grid/build/examples/./Example_spec_kryschur[0x41171f]
[genoahost096:2315038] [11] /lib64/libc.so.6(+0x2a610)[0x152884a2a610]
[genoahost096:2315038] [12] /lib64/libc.so.6(__libc_start_main+0x80)[0x152884a2a6c0]
[genoahost096:2315038] [13] /direct/sdcc+u/poare/Grid/build/examples/./Example_spec_kryschur[0x414705]
[genoahost096:2315038] *** End of error message ***
[genoahost096:2315040] [ 4] /lib64/libc.so.6(+0x2979b)[0x1487d002979b]
[genoahost096:2315040] [ 5] /lib64/libc.so.6(+0x388c6)[0x1487d00388c6]
[genoahost096:2315040] [ 6] /direct/sdcc+u/poare/Grid/build/examples/./Example_spec_kryschur[0x4cc186]
[genoahost096:2315040] [ 7] /direct/sdcc+u/poare/Grid/build/examples/./Example_spec_kryschur[0x4cc271]
[genoahost096:2315040] [ 8] /direct/sdcc+u/poare/Grid/build/examples/./Example_spec_kryschur[0x4c7e15]
[genoahost096:2315040] [ 9] /direct/sdcc+u/poare/Grid/build/examples/./Example_spec_kryschur[0x4b5ecf]
[genoahost096:2315040] [10] /direct/sdcc+u/poare/Grid/build/examples/./Example_spec_kryschur[0x41171f]
[genoahost096:2315040] [11] /lib64/libc.so.6(+0x2a610)[0x1487d002a610]
[genoahost096:2315040] [12] /lib64/libc.so.6(__libc_start_main+0x80)[0x1487d002a6c0]
[genoahost096:2315040] [13] /direct/sdcc+u/poare/Grid/build/examples/./Example_spec_kryschur[0x414705]
[genoahost096:2315040] *** End of error message ***

__|__|__|__|__|__|__|__|__|__|__|__|__|__|__
__|__|__|__|__|__|__|__|__|__|__|__|__|__|__
__|_ |  |  |  |  |  |  |  |  |  |  |  | _|__
__|_                                    _|__
__|_   GGGG    RRRR    III    DDDD      _|__
__|_  G        R   R    I     D   D     _|__
__|_  G        R   R    I     D    D    _|__
__|_  G  GG    RRRR     I     D    D    _|__
__|_  G   G    R  R     I     D   D     _|__
__|_   GGGG    R   R   III    DDDD      _|__
__|_                                    _|__
__|__|__|__|__|__|__|__|__|__|__|__|__|__|__
__|__|__|__|__|__|__|__|__|__|__|__|__|__|__
  |  |  |  |  |  |  |  |  |  |  |  |  |  |  


Copyright (C) 2015 Peter Boyle, Azusa Yamaguchi, Guido Cossu, Antonin Portelli and other authors

This program is free software; you can redistribute it and/or modify
it under the terms of the GNU General Public License as published by
the Free Software Foundation; either version 2 of the License, or
(at your option) any later version.

This program is distributed in the hope that it will be useful,
but WITHOUT ANY WARRANTY; without even the implied warranty of
MERCHANTABILITY or FITNESS FOR A PARTICULAR PURPOSE.  See the
GNU General Public License for more details.
Current Grid git commit hash=82d411ca7bb8ec4a5b5c3815df23674cfd291070: (HEAD -> develop, origin/develop, origin/HEAD) clean

Grid : Message : ================================================ 
Grid : Message : MPI is initialised and logging filters activated 
Grid : Message : ================================================ 
Grid : Message : This rank is running on host genoahost096.sdcc.bnl.local at local time 2026-03-04 12:40:54
Grid : Message : Requested 17179869184 byte stencil comms buffers 
Grid : Message : MemoryManager::Init() setting up
Grid : Message : MemoryManager::Init() cache pool for recent host   allocations: SMALL 8 LARGE 2 HUGE 0
Grid : Message : MemoryManager::Init() cache pool for recent device allocations: SMALL 16 LARGE 8 Huge 0
Grid : Message : MemoryManager::Init() cache pool for recent shared allocations: SMALL 16 LARGE 8 Huge 0
Grid : Message : MemoryManager::Init() Unified memory space
Sorting eigenvalues using EvalReSmall
Grid : Message : 0.631000 s : Lattice size: [32 32 32 32]
Example_spec_kryschur: ../../Grid/communicator/SharedMemoryMPI.cc:434: static void Grid::GlobalSharedMemory::OptimalCommunicatorSharedMemory(const Coordinate&, ompi_communicator_t*&, Grid::Coordinate&): Assertion `WorldSize==Nprocessors' failed.
[genoahost096:2315049] *** Process received signal ***
[genoahost096:2315049] Signal: Aborted (6)
[genoahost096:2315049] Signal code:  (-6)
[genoahost096:2315049] [ 0] /lib64/libc.so.6(+0x3fc30)[0x14a3fea3fc30]
[genoahost096:2315049] [ 1] /lib64/libc.so.6(+0x8d02c)[0x14a3fea8d02c]
[genoahost096:2315049] [ 2] /lib64/libc.so.6(raise+0x16)[0x14a3fea3fb86]
[genoahost096:2315049] [ 3] /lib64/libc.so.6(abort+0xd3)[0x14a3fea29873]
[genoahost096:2315049] [ 4] /lib64/libc.so.6(+0x2979b)[0x14a3fea2979b]
[genoahost096:2315049] [ 5] /lib64/libc.so.6(+0x388c6)[0x14a3fea388c6]
[genoahost096:2315049] [ 6] /direct/sdcc+u/poare/Grid/build/examples/./Example_spec_kryschur[0x4cc186]
[genoahost096:2315049] [ 7] /direct/sdcc+u/poare/Grid/build/examples/./Example_spec_kryschur[0x4cc271]
[genoahost096:2315049] [ 8] /direct/sdcc+u/poare/Grid/build/examples/./Example_spec_kryschur[0x4c7e15]
[genoahost096:2315049] [ 9] /direct/sdcc+u/poare/Grid/build/examples/./Example_spec_kryschur[0x4b5ecf]
[genoahost096:2315049] [10] /direct/sdcc+u/poare/Grid/build/examples/./Example_spec_kryschur[0x41171f]
[genoahost096:2315049] [11] /lib64/libc.so.6(+0x2a610)[0x14a3fea2a610]
[genoahost096:2315049] [12] /lib64/libc.so.6(__libc_start_main+0x80)[0x14a3fea2a6c0]
[genoahost096:2315049] [13] /direct/sdcc+u/poare/Grid/build/examples/./Example_spec_kryschur[0x414705]
[genoahost096:2315049] *** End of error message ***
srun: error: genoahost091: task 47: Aborted (core dumped)
srun: error: genoahost091: task 34: Aborted (core dumped)

__|__|__|__|__|__|__|__|__|__|__|__|__|__|__
__|__|__|__|__|__|__|__|__|__|__|__|__|__|__
__|_ |  |  |  |  |  |  |  |  |  |  |  | _|__
__|_                                    _|__
__|_   GGGG    RRRR    III    DDDD      _|__
__|_  G        R   R    I     D   D     _|__
__|_  G        R   R    I     D    D    _|__
__|_  G  GG    RRRR     I     D    D    _|__
__|_  G   G    R  R     I     D   D     _|__
__|_   GGGG    R   R   III    DDDD      _|__
__|_                                    _|__
__|__|__|__|__|__|__|__|__|__|__|__|__|__|__
__|__|__|__|__|__|__|__|__|__|__|__|__|__|__
  |  |  |  |  |  |  |  |  |  |  |  |  |  |  


Copyright (C) 2015 Peter Boyle, Azusa Yamaguchi, Guido Cossu, Antonin Portelli and other authors

This program is free software; you can redistribute it and/or modify
it under the terms of the GNU General Public License as published by
the Free Software Foundation; either version 2 of the License, or
(at your option) any later version.

This program is distributed in the hope that it will be useful,
but WITHOUT ANY WARRANTY; without even the implied warranty of
MERCHANTABILITY or FITNESS FOR A PARTICULAR PURPOSE.  See the
GNU General Public License for more details.
Current Grid git commit hash=82d411ca7bb8ec4a5b5c3815df23674cfd291070: (HEAD -> develop, origin/develop, origin/HEAD) clean

Grid : Message : ================================================ 
Grid : Message : MPI is initialised and logging filters activated 
Grid : Message : ================================================ 
Grid : Message : This rank is running on host genoahost093.sdcc.bnl.local at local time 2026-03-04 12:40:55
Grid : Message : Requested 17179869184 byte stencil comms buffers 
Grid : Message : MemoryManager::Init() setting up
Grid : Message : MemoryManager::Init() cache pool for recent host   allocations: SMALL 8 LARGE 2 HUGE 0
Grid : Message : MemoryManager::Init() cache pool for recent device allocations: SMALL 16 LARGE 8 Huge 0
Grid : Message : MemoryManager::Init() cache pool for recent shared allocations: SMALL 16 LARGE 8 Huge 0
Grid : Message : MemoryManager::Init() Unified memory space
Sorting eigenvalues using EvalReSmall
Grid : Message : 0.699000 s : Lattice size: [32 32 32 32]
Example_spec_kryschur: ../../Grid/communicator/SharedMemoryMPI.cc:434: static void Grid::GlobalSharedMemory::OptimalCommunicatorSharedMemory(const Coordinate&, ompi_communicator_t*&, Grid::Coordinate&): Assertion `WorldSize==Nprocessors' failed.
[genoahost093:2344172] *** Process received signal ***
[genoahost093:2344172] Signal: Aborted (6)
[genoahost093:2344172] Signal code:  (-6)
[genoahost093:2344172] [ 0] /lib64/libc.so.6(+0x3fc30)[0x145a6703fc30]
[genoahost093:2344172] [ 1] /lib64/libc.so.6(+0x8d02c)[0x145a6708d02c]
[genoahost093:2344172] [ 2] /lib64/libc.so.6(raise+0x16)[0x145a6703fb86]
[genoahost093:2344172] [ 3] /lib64/libc.so.6(abort+0xd3)[0x145a67029873]
[genoahost093:2344172] [ 4] /lib64/libc.so.6(+0x2979b)[0x145a6702979b]
[genoahost093:2344172] [ 5] /lib64/libc.so.6(+0x388c6)[0x145a670388c6]
[genoahost093:2344172] [ 6] /direct/sdcc+u/poare/Grid/build/examples/./Example_spec_kryschur[0x4cc186]
[genoahost093:2344172] [ 7] /direct/sdcc+u/poare/Grid/build/examples/./Example_spec_kryschur[0x4cc271]
[genoahost093:2344172] [ 8] /direct/sdcc+u/poare/Grid/build/examples/./Example_spec_kryschur[0x4c7e15]
[genoahost093:2344172] [ 9] /direct/sdcc+u/poare/Grid/build/examples/./Example_spec_kryschur[0x4b5ecf]
[genoahost093:2344172] [10] /direct/sdcc+u/poare/Grid/build/examples/./Example_spec_kryschur[0x41171f]
[genoahost093:2344172] [11] /lib64/libc.so.6(+0x2a610)[0x145a6702a610]
[genoahost093:2344172] [12] /lib64/libc.so.6(__libc_start_main+0x80)[0x145a6702a6c0]
[genoahost093:2344172] [13] /direct/sdcc+u/poare/Grid/build/examples/./Example_spec_kryschur[0x414705]
[genoahost093:2344172] *** End of error message ***

__|__|__|__|__|__|__|__|__|__|__|__|__|__|__
__|__|__|__|__|__|__|__|__|__|__|__|__|__|__
__|_ |  |  |  |  |  |  |  |  |  |  |  | _|__
__|_                                    _|__
__|_   GGGG    RRRR    III    DDDD      _|__
__|_  G        R   R    I     D   D     _|__
__|_  G        R   R    I     D    D    _|__
__|_  G  GG    RRRR     I     D    D    _|__
__|_  G   G    R  R     I     D   D     _|__
__|_   GGGG    R   R   III    DDDD      _|__
__|_                                    _|__
__|__|__|__|__|__|__|__|__|__|__|__|__|__|__
__|__|__|__|__|__|__|__|__|__|__|__|__|__|__
  |  |  |  |  |  |  |  |  |  |  |  |  |  |  


Copyright (C) 2015 Peter Boyle, Azusa Yamaguchi, Guido Cossu, Antonin Portelli and other authors

This program is free software; you can redistribute it and/or modify
it under the terms of the GNU General Public License as published by
the Free Software Foundation; either version 2 of the License, or
(at your option) any later version.

This program is distributed in the hope that it will be useful,
but WITHOUT ANY WARRANTY; without even the implied warranty of
MERCHANTABILITY or FITNESS FOR A PARTICULAR PURPOSE.  See the
GNU General Public License for more details.
Current Grid git commit hash=82d411ca7bb8ec4a5b5c3815df23674cfd291070: (HEAD -> develop, origin/develop, origin/HEAD) clean

Grid : Message : ================================================ 
Grid : Message : MPI is initialised and logging filters activated 
Grid : Message : ================================================ 
Grid : Message : This rank is running on host genoahost093.sdcc.bnl.local at local time 2026-03-04 12:40:55
Grid : Message : Requested 17179869184 byte stencil comms buffers 
Grid : Message : MemoryManager::Init() setting up
Grid : Message : MemoryManager::Init() cache pool for recent host   allocations: SMALL 8 LARGE 2 HUGE 0
Grid : Message : MemoryManager::Init() cache pool for recent device allocations: SMALL 16 LARGE 8 Huge 0
Grid : Message : MemoryManager::Init() cache pool for recent shared allocations: SMALL 16 LARGE 8 Huge 0
Grid : Message : MemoryManager::Init() Unified memory space
Sorting eigenvalues using EvalReSmall
Grid : Message : 0.684000 s : Lattice size: [32 32 32 32]
Example_spec_kryschur: ../../Grid/communicator/SharedMemoryMPI.cc:434: static void Grid::GlobalSharedMemory::OptimalCommunicatorSharedMemory(const Coordinate&, ompi_communicator_t*&, Grid::Coordinate&): Assertion `WorldSize==Nprocessors' failed.
[genoahost093:2344163] *** Process received signal ***
[genoahost093:2344163] Signal: Aborted (6)
[genoahost093:2344163] Signal code:  (-6)
[genoahost093:2344163] [ 0] /lib64/libc.so.6(+0x3fc30)[0x153db943fc30]
[genoahost093:2344163] [ 1] /lib64/libc.so.6(+0x8d02c)[0x153db948d02c]
[genoahost093:2344163] [ 2] /lib64/libc.so.6(raise+0x16)[0x153db943fb86]
[genoahost093:2344163] [ 3] /lib64/libc.so.6(abort+0xd3)[0x153db9429873]
[genoahost093:2344163] [ 4] /lib64/libc.so.6(+0x2979b)[0x153db942979b]
[genoahost093:2344163] [ 5] /lib64/libc.so.6(+0x388c6)[0x153db94388c6]
[genoahost093:2344163] [ 6] /direct/sdcc+u/poare/Grid/build/examples/./Example_spec_kryschur[0x4cc186]
[genoahost093:2344163] [ 7] /direct/sdcc+u/poare/Grid/build/examples/./Example_spec_kryschur[0x4cc271]
[genoahost093:2344163] [ 8] /direct/sdcc+u/poare/Grid/build/examples/./Example_spec_kryschur[0x4c7e15]
[genoahost093:2344163] [ 9] /direct/sdcc+u/poare/Grid/build/examples/./Example_spec_kryschur[0x4b5ecf]
[genoahost093:2344163] [10] /direct/sdcc+u/poare/Grid/build/examples/./Example_spec_kryschur[0x41171f]
[genoahost093:2344163] [11] /lib64/libc.so.6(+0x2a610)[0x153db942a610]
[genoahost093:2344163] [12] /lib64/libc.so.6(__libc_start_main+0x80)[0x153db942a6c0]
[genoahost093:2344163] [13] /direct/sdcc+u/poare/Grid/build/examples/./Example_spec_kryschur[0x414705]
[genoahost093:2344163] *** End of error message ***

__|__|__|__|__|__|__|__|__|__|__|__|__|__|__
__|__|__|__|__|__|__|__|__|__|__|__|__|__|__
__|_ |  |  |  |  |  |  |  |  |  |  |  | _|__
__|_                                    _|__
__|_   GGGG    RRRR    III    DDDD      _|__
__|_  G        R   R    I     D   D     _|__
__|_  G        R   R    I     D    D    _|__
__|_  G  GG    RRRR     I     D    D    _|__
__|_  G   G    R  R     I     D   D     _|__
__|_   GGGG    R   R   III    DDDD      _|__
__|_                                    _|__
__|__|__|__|__|__|__|__|__|__|__|__|__|__|__
__|__|__|__|__|__|__|__|__|__|__|__|__|__|__
  |  |  |  |  |  |  |  |  |  |  |  |  |  |  


Copyright (C) 2015 Peter Boyle, Azusa Yamaguchi, Guido Cossu, Antonin Portelli and other authors

This program is free software; you can redistribute it and/or modify
it under the terms of the GNU General Public License as published by
the Free Software Foundation; either version 2 of the License, or
(at your option) any later version.

This program is distributed in the hope that it will be useful,
but WITHOUT ANY WARRANTY; without even the implied warranty of
MERCHANTABILITY or FITNESS FOR A PARTICULAR PURPOSE.  See the
GNU General Public License for more details.
Current Grid git commit hash=82d411ca7bb8ec4a5b5c3815df23674cfd291070: (HEAD -> develop, origin/develop, origin/HEAD) clean

Grid : Message : ================================================ 
Grid : Message : MPI is initialised and logging filters activated 
Grid : Message : ================================================ 
Grid : Message : This rank is running on host genoahost095.sdcc.bnl.local at local time 2026-03-04 12:40:56
Grid : Message : Requested 17179869184 byte stencil comms buffers 
Grid : Message : MemoryManager::Init() setting up
Grid : Message : MemoryManager::Init() cache pool for recent host   allocations: SMALL 8 LARGE 2 HUGE 0
Grid : Message : MemoryManager::Init() cache pool for recent device allocations: SMALL 16 LARGE 8 Huge 0
Grid : Message : MemoryManager::Init() cache pool for recent shared allocations: SMALL 16 LARGE 8 Huge 0
Grid : Message : MemoryManager::Init() Unified memory space
Sorting eigenvalues using EvalReSmall
Grid : Message : 0.647000 s : Lattice size: [32 32 32 32]
Example_spec_kryschur: ../../Grid/communicator/SharedMemoryMPI.cc:434: static void Grid::GlobalSharedMemory::OptimalCommunicatorSharedMemory(const Coordinate&, ompi_communicator_t*&, Grid::Coordinate&): Assertion `WorldSize==Nprocessors' failed.
[genoahost095:2398009] *** Process received signal ***
[genoahost095:2398009] Signal: Aborted (6)
[genoahost095:2398009] Signal code:  (-6)
[genoahost095:2398009] [ 0] /lib64/libc.so.6(+0x3fc30)[0x15025d43fc30]
[genoahost095:2398009] [ 1] /lib64/libc.so.6(+0x8d02c)[0x15025d48d02c]
[genoahost095:2398009] [ 2] /lib64/libc.so.6(raise+0x16)[0x15025d43fb86]
[genoahost095:2398009] [ 3] /lib64/libc.so.6(abort+0xd3)[0x15025d429873]
[genoahost095:2398009] [ 4] /lib64/libc.so.6(+0x2979b)[0x15025d42979b]
[genoahost095:2398009] [ 5] /lib64/libc.so.6(+0x388c6)[0x15025d4388c6]
[genoahost095:2398009] [ 6] /direct/sdcc+u/poare/Grid/build/examples/./Example_spec_kryschur[0x4cc186]
[genoahost095:2398009] [ 7] /direct/sdcc+u/poare/Grid/build/examples/./Example_spec_kryschur[0x4cc271]
[genoahost095:2398009] [ 8] /direct/sdcc+u/poare/Grid/build/examples/./Example_spec_kryschur[0x4c7e15]
[genoahost095:2398009] [ 9] /direct/sdcc+u/poare/Grid/build/examples/./Example_spec_kryschur[0x4b5ecf]
[genoahost095:2398009] [10] /direct/sdcc+u/poare/Grid/build/examples/./Example_spec_kryschur[0x41171f]
[genoahost095:2398009] [11] /lib64/libc.so.6(+0x2a610)[0x15025d42a610]
[genoahost095:2398009] [12] /lib64/libc.so.6(__libc_start_main+0x80)[0x15025d42a6c0]
[genoahost095:2398009] [13] /direct/sdcc+u/poare/Grid/build/examples/./Example_spec_kryschur[0x414705]
[genoahost095:2398009] *** End of error message ***

__|__|__|__|__|__|__|__|__|__|__|__|__|__|__
__|__|__|__|__|__|__|__|__|__|__|__|__|__|__
__|_ |  |  |  |  |  |  |  |  |  |  |  | _|__
__|_                                    _|__
__|_   GGGG    RRRR    III    DDDD      _|__
__|_  G        R   R    I     D   D     _|__
__|_  G        R   R    I     D    D    _|__
__|_  G  GG    RRRR     I     D    D    _|__
__|_  G   G    R  R     I     D   D     _|__
__|_   GGGG    R   R   III    DDDD      _|__
__|_                                    _|__
__|__|__|__|__|__|__|__|__|__|__|__|__|__|__
__|__|__|__|__|__|__|__|__|__|__|__|__|__|__
  |  |  |  |  |  |  |  |  |  |  |  |  |  |  


Copyright (C) 2015 Peter Boyle, Azusa Yamaguchi, Guido Cossu, Antonin Portelli and other authors

This program is free software; you can redistribute it and/or modify
it under the terms of the GNU General Public License as published by
the Free Software Foundation; either version 2 of the License, or
(at your option) any later version.

This program is distributed in the hope that it will be useful,
but WITHOUT ANY WARRANTY; without even the implied warranty of
MERCHANTABILITY or FITNESS FOR A PARTICULAR PURPOSE.  See the
GNU General Public License for more details.
Current Grid git commit hash=82d411ca7bb8ec4a5b5c3815df23674cfd291070: (HEAD -> develop, origin/develop, origin/HEAD) clean

Grid : Message : ================================================ 
Grid : Message : MPI is initialised and logging filters activated 
Grid : Message : ================================================ 
Grid : Message : This rank is running on host genoahost089.sdcc.bnl.local at local time 2026-03-04 12:40:57
Grid : Message : Requested 17179869184 byte stencil comms buffers 
Grid : Message : MemoryManager::Init() setting up
Grid : Message : MemoryManager::Init() cache pool for recent host   allocations: SMALL 8 LARGE 2 HUGE 0
Grid : Message : MemoryManager::Init() cache pool for recent device allocations: SMALL 16 LARGE 8 Huge 0
Grid : Message : MemoryManager::Init() cache pool for recent shared allocations: SMALL 16 LARGE 8 Huge 0
Grid : Message : MemoryManager::Init() Unified memory space
Sorting eigenvalues using EvalReSmall
Grid : Message : 0.663000 s : Lattice size: [32 32 32 32]
Example_spec_kryschur: ../../Grid/communicator/SharedMemoryMPI.cc:434: static void Grid::GlobalSharedMemory::OptimalCommunicatorSharedMemory(const Coordinate&, ompi_communicator_t*&, Grid::Coordinate&): Assertion `WorldSize==Nprocessors' failed.
[genoahost089:583361] *** Process received signal ***
[genoahost089:583361] Signal: Aborted (6)
[genoahost089:583361] Signal code:  (-6)
[genoahost089:583361] [ 0] /lib64/libc.so.6(+0x3fc30)[0x14d9caa3fc30]
[genoahost089:583361] [ 1] /lib64/libc.so.6(+0x8d02c)[0x14d9caa8d02c]
[genoahost089:583361] [ 2] /lib64/libc.so.6(raise+0x16)[0x14d9caa3fb86]
[genoahost089:583361] [ 3] /lib64/libc.so.6(abort+0xd3)[0x14d9caa29873]
[genoahost089:583361] [ 4] /lib64/libc.so.6(+0x2979b)[0x14d9caa2979b]
[genoahost089:583361] [ 5] /lib64/libc.so.6(+0x388c6)[0x14d9caa388c6]
[genoahost089:583361] [ 6] /direct/sdcc+u/poare/Grid/build/examples/./Example_spec_kryschur[0x4cc186]
[genoahost089:583361] [ 7] /direct/sdcc+u/poare/Grid/build/examples/./Example_spec_kryschur[0x4cc271]
[genoahost089:583361] [ 8] /direct/sdcc+u/poare/Grid/build/examples/./Example_spec_kryschur[0x4c7e15]
[genoahost089:583361] [ 9] /direct/sdcc+u/poare/Grid/build/examples/./Example_spec_kryschur[0x4b5ecf]
[genoahost089:583361] [10] /direct/sdcc+u/poare/Grid/build/examples/./Example_spec_kryschur[0x41171f]
[genoahost089:583361] [11] /lib64/libc.so.6(+0x2a610)[0x14d9caa2a610]
[genoahost089:583361] [12] /lib64/libc.so.6(__libc_start_main+0x80)[0x14d9caa2a6c0]
[genoahost089:583361] [13] /direct/sdcc+u/poare/Grid/build/examples/./Example_spec_kryschur[0x414705]
[genoahost089:583361] *** End of error message ***

__|__|__|__|__|__|__|__|__|__|__|__|__|__|__
__|__|__|__|__|__|__|__|__|__|__|__|__|__|__
__|_ |  |  |  |  |  |  |  |  |  |  |  | _|__
__|_                                    _|__
__|_   GGGG    RRRR    III    DDDD      _|__
__|_  G        R   R    I     D   D     _|__
__|_  G        R   R    I     D    D    _|__
__|_  G  GG    RRRR     I     D    D    _|__
__|_  G   G    R  R     I     D   D     _|__
__|_   GGGG    R   R   III    DDDD      _|__
__|_                                    _|__
__|__|__|__|__|__|__|__|__|__|__|__|__|__|__
__|__|__|__|__|__|__|__|__|__|__|__|__|__|__
  |  |  |  |  |  |  |  |  |  |  |  |  |  |  


Copyright (C) 2015 Peter Boyle, Azusa Yamaguchi, Guido Cossu, Antonin Portelli and other authors

This program is free software; you can redistribute it and/or modify
it under the terms of the GNU General Public License as published by
the Free Software Foundation; either version 2 of the License, or
(at your option) any later version.

This program is distributed in the hope that it will be useful,
but WITHOUT ANY WARRANTY; without even the implied warranty of
MERCHANTABILITY or FITNESS FOR A PARTICULAR PURPOSE.  See the
GNU General Public License for more details.
Current Grid git commit hash=82d411ca7bb8ec4a5b5c3815df23674cfd291070: (HEAD -> develop, origin/develop, origin/HEAD) clean

Grid : Message : ================================================ 
Grid : Message : MPI is initialised and logging filters activated 
Grid : Message : ================================================ 
Grid : Message : This rank is running on host genoahost093.sdcc.bnl.local at local time 2026-03-04 12:40:57
Grid : Message : Requested 17179869184 byte stencil comms buffers 
Grid : Message : MemoryManager::Init() setting up
Grid : Message : MemoryManager::Init() cache pool for recent host   allocations: SMALL 8 LARGE 2 HUGE 0
Grid : Message : MemoryManager::Init() cache pool for recent device allocations: SMALL 16 LARGE 8 Huge 0
Grid : Message : MemoryManager::Init() cache pool for recent shared allocations: SMALL 16 LARGE 8 Huge 0
Grid : Message : MemoryManager::Init() Unified memory space
Sorting eigenvalues using EvalReSmall
Grid : Message : 0.696000 s : Lattice size: [32 32 32 32]
Example_spec_kryschur: ../../Grid/communicator/SharedMemoryMPI.cc:434: static void Grid::GlobalSharedMemory::OptimalCommunicatorSharedMemory(const Coordinate&, ompi_communicator_t*&, Grid::Coordinate&): Assertion `WorldSize==Nprocessors' failed.
[genoahost093:2344169] *** Process received signal ***
[genoahost093:2344169] Signal: Aborted (6)
[genoahost093:2344169] Signal code:  (-6)
[genoahost093:2344169] [ 0] /lib64/libc.so.6(+0x3fc30)[0x151ba223fc30]
[genoahost093:2344169] [ 1] /lib64/libc.so.6(+0x8d02c)[0x151ba228d02c]
[genoahost093:2344169] [ 2] /lib64/libc.so.6(raise+0x16)[0x151ba223fb86]
[genoahost093:2344169] [ 3] /lib64/libc.so.6(abort+0xd3)[0x151ba2229873]
[genoahost093:2344169] [ 4] /lib64/libc.so.6(+0x2979b)[0x151ba222979b]
[genoahost093:2344169] [ 5] /lib64/libc.so.6(+0x388c6)[0x151ba22388c6]
[genoahost093:2344169] [ 6] /direct/sdcc+u/poare/Grid/build/examples/./Example_spec_kryschur[0x4cc186]
[genoahost093:2344169] [ 7] /direct/sdcc+u/poare/Grid/build/examples/./Example_spec_kryschur[0x4cc271]
[genoahost093:2344169] [ 8] /direct/sdcc+u/poare/Grid/build/examples/./Example_spec_kryschur[0x4c7e15]
[genoahost093:2344169] [ 9] /direct/sdcc+u/poare/Grid/build/examples/./Example_spec_kryschur[0x4b5ecf]
[genoahost093:2344169] [10] /direct/sdcc+u/poare/Grid/build/examples/./Example_spec_kryschur[0x41171f]
[genoahost093:2344169] [11] /lib64/libc.so.6(+0x2a610)[0x151ba222a610]
[genoahost093:2344169] [12] /lib64/libc.so.6(__libc_start_main+0x80)[0x151ba222a6c0]
[genoahost093:2344169] [13] /direct/sdcc+u/poare/Grid/build/examples/./Example_spec_kryschur[0x414705]
[genoahost093:2344169] *** End of error message ***

__|__|__|__|__|__|__|__|__|__|__|__|__|__|__
__|__|__|__|__|__|__|__|__|__|__|__|__|__|__
__|_ |  |  |  |  |  |  |  |  |  |  |  | _|__
__|_                                    _|__
__|_   GGGG    RRRR    III    DDDD      _|__
__|_  G        R   R    I     D   D     _|__
__|_  G        R   R    I     D    D    _|__
__|_  G  GG    RRRR     I     D    D    _|__
__|_  G   G    R  R     I     D   D     _|__
__|_   GGGG    R   R   III    DDDD      _|__
__|_                                    _|__
__|__|__|__|__|__|__|__|__|__|__|__|__|__|__
__|__|__|__|__|__|__|__|__|__|__|__|__|__|__
  |  |  |  |  |  |  |  |  |  |  |  |  |  |  


Copyright (C) 2015 Peter Boyle, Azusa Yamaguchi, Guido Cossu, Antonin Portelli and other authors

This program is free software; you can redistribute it and/or modify
it under the terms of the GNU General Public License as published by
the Free Software Foundation; either version 2 of the License, or
(at your option) any later version.

This program is distributed in the hope that it will be useful,
but WITHOUT ANY WARRANTY; without even the implied warranty of
MERCHANTABILITY or FITNESS FOR A PARTICULAR PURPOSE.  See the
GNU General Public License for more details.
Current Grid git commit hash=82d411ca7bb8ec4a5b5c3815df23674cfd291070: (HEAD -> develop, origin/develop, origin/HEAD) clean

Grid : Message : ================================================ 
Grid : Message : MPI is initialised and logging filters activated 
Grid : Message : ================================================ 
Grid : Message : This rank is running on host genoahost089.sdcc.bnl.local at local time 2026-03-04 12:40:57
Grid : Message : Requested 17179869184 byte stencil comms buffers 
Grid : Message : MemoryManager::Init() setting up
Grid : Message : MemoryManager::Init() cache pool for recent host   allocations: SMALL 8 LARGE 2 HUGE 0
Grid : Message : MemoryManager::Init() cache pool for recent device allocations: SMALL 16 LARGE 8 Huge 0
Grid : Message : MemoryManager::Init() cache pool for recent shared allocations: SMALL 16 LARGE 8 Huge 0
Grid : Message : MemoryManager::Init() Unified memory space
Sorting eigenvalues using EvalReSmall
Grid : Message : 0.528280 s : Lattice size: [32 32 32 32]
Example_spec_kryschur: ../../Grid/communicator/SharedMemoryMPI.cc:434: static void Grid::GlobalSharedMemory::OptimalCommunicatorSharedMemory(const Coordinate&, ompi_communicator_t*&, Grid::Coordinate&): Assertion `WorldSize==Nprocessors' failed.
[genoahost089:583369] *** Process received signal ***
[genoahost089:583369] Signal: Aborted (6)
[genoahost089:583369] Signal code:  (-6)
[genoahost089:583369] [ 0] /lib64/libc.so.6(+0x3fc30)[0x14c5ea23fc30]
[genoahost089:583369] [ 1] /lib64/libc.so.6(+0x8d02c)[0x14c5ea28d02c]
[genoahost089:583369] [ 2] /lib64/libc.so.6(raise+0x16)[0x14c5ea23fb86]
[genoahost089:583369] [ 3] /lib64/libc.so.6(abort+0xd3)[0x14c5ea229873]
[genoahost089:583369] [ 4] /lib64/libc.so.6(+0x2979b)[0x14c5ea22979b]
[genoahost089:583369] [ 5] /lib64/libc.so.6(+0x388c6)[0x14c5ea2388c6]
[genoahost089:583369] [ 6] /direct/sdcc+u/poare/Grid/build/examples/./Example_spec_kryschur[0x4cc186]
[genoahost089:583369] [ 7] /direct/sdcc+u/poare/Grid/build/examples/./Example_spec_kryschur[0x4cc271]
[genoahost089:583369] [ 8] /direct/sdcc+u/poare/Grid/build/examples/./Example_spec_kryschur[0x4c7e15]
[genoahost089:583369] [ 9] /direct/sdcc+u/poare/Grid/build/examples/./Example_spec_kryschur[0x4b5ecf]
[genoahost089:583369] [10] /direct/sdcc+u/poare/Grid/build/examples/./Example_spec_kryschur[0x41171f]
[genoahost089:583369] [11] /lib64/libc.so.6(+0x2a610)[0x14c5ea22a610]
[genoahost089:583369] [12] /lib64/libc.so.6(__libc_start_main+0x80)[0x14c5ea22a6c0]
[genoahost089:583369] [13] /direct/sdcc+u/poare/Grid/build/examples/./Example_spec_kryschur[0x414705]
[genoahost089:583369] *** End of error message ***

__|__|__|__|__|__|__|__|__|__|__|__|__|__|__
__|__|__|__|__|__|__|__|__|__|__|__|__|__|__
__|_ |  |  |  |  |  |  |  |  |  |  |  | _|__
__|_                                    _|__
__|_   GGGG    RRRR    III    DDDD      _|__
__|_  G        R   R    I     D   D     _|__
__|_  G        R   R    I     D    D    _|__
__|_  G  GG    RRRR     I     D    D    _|__
__|_  G   G    R  R     I     D   D     _|__
__|_   GGGG    R   R   III    DDDD      _|__
__|_                                    _|__
__|__|__|__|__|__|__|__|__|__|__|__|__|__|__
__|__|__|__|__|__|__|__|__|__|__|__|__|__|__
  |  |  |  |  |  |  |  |  |  |  |  |  |  |  


Copyright (C) 2015 Peter Boyle, Azusa Yamaguchi, Guido Cossu, Antonin Portelli and other authors

This program is free software; you can redistribute it and/or modify
it under the terms of the GNU General Public License as published by
the Free Software Foundation; either version 2 of the License, or
(at your option) any later version.

This program is distributed in the hope that it will be useful,
but WITHOUT ANY WARRANTY; without even the implied warranty of
MERCHANTABILITY or FITNESS FOR A PARTICULAR PURPOSE.  See the
GNU General Public License for more details.
Current Grid git commit hash=82d411ca7bb8ec4a5b5c3815df23674cfd291070: (HEAD -> develop, origin/develop, origin/HEAD) clean

Grid : Message : ================================================ 
Grid : Message : MPI is initialised and logging filters activated 
Grid : Message : ================================================ 
Grid : Message : This rank is running on host genoahost089.sdcc.bnl.local at local time 2026-03-04 12:40:58
Grid : Message : Requested 17179869184 byte stencil comms buffers 
Grid : Message : MemoryManager::Init() setting up
Grid : Message : MemoryManager::Init() cache pool for recent host   allocations: SMALL 8 LARGE 2 HUGE 0
Grid : Message : MemoryManager::Init() cache pool for recent device allocations: SMALL 16 LARGE 8 Huge 0
Grid : Message : MemoryManager::Init() cache pool for recent shared allocations: SMALL 16 LARGE 8 Huge 0
Grid : Message : MemoryManager::Init() Unified memory space
Sorting eigenvalues using EvalReSmall
Grid : Message : 0.657000 s : Lattice size: [32 32 32 32]
Example_spec_kryschur: ../../Grid/communicator/SharedMemoryMPI.cc:434: static void Grid::GlobalSharedMemory::OptimalCommunicatorSharedMemory(const Coordinate&, ompi_communicator_t*&, Grid::Coordinate&): Assertion `WorldSize==Nprocessors' failed.
[genoahost089:583364] *** Process received signal ***
[genoahost089:583364] Signal: Aborted (6)
[genoahost089:583364] Signal code:  (-6)
[genoahost089:583364] [ 0] /lib64/libc.so.6(+0x3fc30)[0x15353c03fc30]
[genoahost089:583364] [ 1] /lib64/libc.so.6(+0x8d02c)[0x15353c08d02c]
[genoahost089:583364] [ 2] /lib64/libc.so.6(raise+0x16)[0x15353c03fb86]
[genoahost089:583364] [ 3] /lib64/libc.so.6(abort+0xd3)[0x15353c029873]
[genoahost089:583364] [ 4] /lib64/libc.so.6(+0x2979b)[0x15353c02979b]
[genoahost089:583364] [ 5] /lib64/libc.so.6(+0x388c6)[0x15353c0388c6]
[genoahost089:583364] [ 6] /direct/sdcc+u/poare/Grid/build/examples/./Example_spec_kryschur[0x4cc186]
[genoahost089:583364] [ 7] /direct/sdcc+u/poare/Grid/build/examples/./Example_spec_kryschur[0x4cc271]
[genoahost089:583364] [ 8] /direct/sdcc+u/poare/Grid/build/examples/./Example_spec_kryschur[0x4c7e15]
[genoahost089:583364] [ 9] /direct/sdcc+u/poare/Grid/build/examples/./Example_spec_kryschur[0x4b5ecf]
[genoahost089:583364] [10] /direct/sdcc+u/poare/Grid/build/examples/./Example_spec_kryschur[0x41171f]
[genoahost089:583364] [11] /lib64/libc.so.6(+0x2a610)[0x15353c02a610]
[genoahost089:583364] [12] /lib64/libc.so.6(__libc_start_main+0x80)[0x15353c02a6c0]
[genoahost089:583364] [13] /direct/sdcc+u/poare/Grid/build/examples/./Example_spec_kryschur[0x414705]
[genoahost089:583364] *** End of error message ***
srun: error: genoahost090: task 28: Aborted (core dumped)

__|__|__|__|__|__|__|__|__|__|__|__|__|__|__
__|__|__|__|__|__|__|__|__|__|__|__|__|__|__
__|_ |  |  |  |  |  |  |  |  |  |  |  | _|__
__|_                                    _|__
__|_   GGGG    RRRR    III    DDDD      _|__
__|_  G        R   R    I     D   D     _|__
__|_  G        R   R    I     D    D    _|__
__|_  G  GG    RRRR     I     D    D    _|__
__|_  G   G    R  R     I     D   D     _|__
__|_   GGGG    R   R   III    DDDD      _|__
__|_                                    _|__
__|__|__|__|__|__|__|__|__|__|__|__|__|__|__
__|__|__|__|__|__|__|__|__|__|__|__|__|__|__
  |  |  |  |  |  |  |  |  |  |  |  |  |  |  


Copyright (C) 2015 Peter Boyle, Azusa Yamaguchi, Guido Cossu, Antonin Portelli and other authors

This program is free software; you can redistribute it and/or modify
it under the terms of the GNU General Public License as published by
the Free Software Foundation; either version 2 of the License, or
(at your option) any later version.

This program is distributed in the hope that it will be useful,
but WITHOUT ANY WARRANTY; without even the implied warranty of
MERCHANTABILITY or FITNESS FOR A PARTICULAR PURPOSE.  See the
GNU General Public License for more details.
Current Grid git commit hash=82d411ca7bb8ec4a5b5c3815df23674cfd291070: (HEAD -> develop, origin/develop, origin/HEAD) clean

Grid : Message : ================================================ 
Grid : Message : MPI is initialised and logging filters activated 
Grid : Message : ================================================ 
Grid : Message : This rank is running on host genoahost092.sdcc.bnl.local at local time 2026-03-04 12:40:59
Grid : Message : Requested 17179869184 byte stencil comms buffers 
Grid : Message : MemoryManager::Init() setting up
Grid : Message : MemoryManager::Init() cache pool for recent host   allocations: SMALL 8 LARGE 2 HUGE 0
Grid : Message : MemoryManager::Init() cache pool for recent device allocations: SMALL 16 LARGE 8 Huge 0
Grid : Message : MemoryManager::Init() cache pool for recent shared allocations: SMALL 16 LARGE 8 Huge 0
Grid : Message : MemoryManager::Init() Unified memory space
Sorting eigenvalues using EvalReSmall
Grid : Message : 0.684000 s : Lattice size: [32 32 32 32]
Example_spec_kryschur: ../../Grid/communicator/SharedMemoryMPI.cc:434: static void Grid::GlobalSharedMemory::OptimalCommunicatorSharedMemory(const Coordinate&, ompi_communicator_t*&, Grid::Coordinate&): Assertion `WorldSize==Nprocessors' failed.
[genoahost092:2288503] *** Process received signal ***
[genoahost092:2288503] Signal: Aborted (6)
[genoahost092:2288503] Signal code:  (-6)
[genoahost092:2288503] [ 0] /lib64/libc.so.6(+0x3fc30)[0x150ead43fc30]
[genoahost092:2288503] [ 1] /lib64/libc.so.6(+0x8d02c)[0x150ead48d02c]
[genoahost092:2288503] [ 2] /lib64/libc.so.6(raise+0x16)[0x150ead43fb86]
[genoahost092:2288503] [ 3] /lib64/libc.so.6(abort+0xd3)[0x150ead429873]
[genoahost092:2288503] [ 4] /lib64/libc.so.6(+0x2979b)[0x150ead42979b]
[genoahost092:2288503] [ 5] /lib64/libc.so.6(+0x388c6)[0x150ead4388c6]
[genoahost092:2288503] [ 6] /direct/sdcc+u/poare/Grid/build/examples/./Example_spec_kryschur[0x4cc186]
[genoahost092:2288503] [ 7] /direct/sdcc+u/poare/Grid/build/examples/./Example_spec_kryschur[0x4cc271]
[genoahost092:2288503] [ 8] /direct/sdcc+u/poare/Grid/build/examples/./Example_spec_kryschur[0x4c7e15]
[genoahost092:2288503] [ 9] /direct/sdcc+u/poare/Grid/build/examples/./Example_spec_kryschur[0x4b5ecf]
[genoahost092:2288503] [10] /direct/sdcc+u/poare/Grid/build/examples/./Example_spec_kryschur[0x41171f]
[genoahost092:2288503] [11] /lib64/libc.so.6(+0x2a610)[0x150ead42a610]
[genoahost092:2288503] [12] /lib64/libc.so.6(__libc_start_main+0x80)[0x150ead42a6c0]
[genoahost092:2288503] [13] /direct/sdcc+u/poare/Grid/build/examples/./Example_spec_kryschur[0x414705]
[genoahost092:2288503] *** End of error message ***

__|__|__|__|__|__|__|__|__|__|__|__|__|__|__
__|__|__|__|__|__|__|__|__|__|__|__|__|__|__
__|_ |  |  |  |  |  |  |  |  |  |  |  | _|__
__|_                                    _|__
__|_   GGGG    RRRR    III    DDDD      _|__
__|_  G        R   R    I     D   D     _|__
__|_  G        R   R    I     D    D    _|__
__|_  G  GG    RRRR     I     D    D    _|__
__|_  G   G    R  R     I     D   D     _|__
__|_   GGGG    R   R   III    DDDD      _|__
__|_                                    _|__
__|__|__|__|__|__|__|__|__|__|__|__|__|__|__
__|__|__|__|__|__|__|__|__|__|__|__|__|__|__
  |  |  |  |  |  |  |  |  |  |  |  |  |  |  


Copyright (C) 2015 Peter Boyle, Azusa Yamaguchi, Guido Cossu, Antonin Portelli and other authors

This program is free software; you can redistribute it and/or modify
it under the terms of the GNU General Public License as published by
the Free Software Foundation; either version 2 of the License, or
(at your option) any later version.

This program is distributed in the hope that it will be useful,
but WITHOUT ANY WARRANTY; without even the implied warranty of
MERCHANTABILITY or FITNESS FOR A PARTICULAR PURPOSE.  See the
GNU General Public License for more details.
Current Grid git commit hash=82d411ca7bb8ec4a5b5c3815df23674cfd291070: (HEAD -> develop, origin/develop, origin/HEAD) clean

Grid : Message : ================================================ 
Grid : Message : MPI is initialised and logging filters activated 
Grid : Message : ================================================ 
Grid : Message : This rank is running on host genoahost092.sdcc.bnl.local at local time 2026-03-04 12:40:59
Grid : Message : Requested 17179869184 byte stencil comms buffers 
Grid : Message : MemoryManager::Init() setting up
Grid : Message : MemoryManager::Init() cache pool for recent host   allocations: SMALL 8 LARGE 2 HUGE 0
Grid : Message : MemoryManager::Init() cache pool for recent device allocations: SMALL 16 LARGE 8 Huge 0
Grid : Message : MemoryManager::Init() cache pool for recent shared allocations: SMALL 16 LARGE 8 Huge 0
Grid : Message : MemoryManager::Init() Unified memory space
Sorting eigenvalues using EvalReSmall
Grid : Message : 0.656000 s : Lattice size: [32 32 32 32]
Example_spec_kryschur: ../../Grid/communicator/SharedMemoryMPI.cc:434: static void Grid::GlobalSharedMemory::OptimalCommunicatorSharedMemory(const Coordinate&, ompi_communicator_t*&, Grid::Coordinate&): Assertion `WorldSize==Nprocessors' failed.
[genoahost092:2288509] *** Process received signal ***
[genoahost092:2288509] Signal: Aborted (6)
[genoahost092:2288509] Signal code:  (-6)
[genoahost092:2288509] [ 0] /lib64/libc.so.6(+0x3fc30)[0x154b1963fc30]
[genoahost092:2288509] [ 1] /lib64/libc.so.6(+0x8d02c)[0x154b1968d02c]
[genoahost092:2288509] [ 2] /lib64/libc.so.6(raise+0x16)[0x154b1963fb86]
[genoahost092:2288509] [ 3] /lib64/libc.so.6(abort+0xd3)[0x154b19629873]
[genoahost092:2288509] [ 4] /lib64/libc.so.6(+0x2979b)[0x154b1962979b]
[genoahost092:2288509] [ 5] /lib64/libc.so.6(+0x388c6)[0x154b196388c6]
[genoahost092:2288509] [ 6] /direct/sdcc+u/poare/Grid/build/examples/./Example_spec_kryschur[0x4cc186]
[genoahost092:2288509] [ 7] /direct/sdcc+u/poare/Grid/build/examples/./Example_spec_kryschur[0x4cc271]
[genoahost092:2288509] [ 8] /direct/sdcc+u/poare/Grid/build/examples/./Example_spec_kryschur[0x4c7e15]
[genoahost092:2288509] [ 9] /direct/sdcc+u/poare/Grid/build/examples/./Example_spec_kryschur[0x4b5ecf]
[genoahost092:2288509] [10] /direct/sdcc+u/poare/Grid/build/examples/./Example_spec_kryschur[0x41171f]
[genoahost092:2288509] [11] /lib64/libc.so.6(+0x2a610)[0x154b1962a610]
[genoahost092:2288509] [12] /lib64/libc.so.6(__libc_start_main+0x80)[0x154b1962a6c0]
[genoahost092:2288509] [13] /direct/sdcc+u/poare/Grid/build/examples/./Example_spec_kryschur[0x414705]
[genoahost092:2288509] *** End of error message ***
srun: error: genoahost089: task 3: Aborted (core dumped)

__|__|__|__|__|__|__|__|__|__|__|__|__|__|__
__|__|__|__|__|__|__|__|__|__|__|__|__|__|__
__|_ |  |  |  |  |  |  |  |  |  |  |  | _|__
__|_                                    _|__
__|_   GGGG    RRRR    III    DDDD      _|__
__|_  G        R   R    I     D   D     _|__
__|_  G        R   R    I     D    D    _|__
__|_  G  GG    RRRR     I     D    D    _|__
__|_  G   G    R  R     I     D   D     _|__
__|_   GGGG    R   R   III    DDDD      _|__
__|_                                    _|__
__|__|__|__|__|__|__|__|__|__|__|__|__|__|__
__|__|__|__|__|__|__|__|__|__|__|__|__|__|__
  |  |  |  |  |  |  |  |  |  |  |  |  |  |  


Copyright (C) 2015 Peter Boyle, Azusa Yamaguchi, Guido Cossu, Antonin Portelli and other authors

This program is free software; you can redistribute it and/or modify
it under the terms of the GNU General Public License as published by
the Free Software Foundation; either version 2 of the License, or
(at your option) any later version.

This program is distributed in the hope that it will be useful,
but WITHOUT ANY WARRANTY; without even the implied warranty of
MERCHANTABILITY or FITNESS FOR A PARTICULAR PURPOSE.  See the
GNU General Public License for more details.
Current Grid git commit hash=82d411ca7bb8ec4a5b5c3815df23674cfd291070: (HEAD -> develop, origin/develop, origin/HEAD) clean

Grid : Message : ================================================ 
Grid : Message : MPI is initialised and logging filters activated 
Grid : Message : ================================================ 
Grid : Message : This rank is running on host genoahost092.sdcc.bnl.local at local time 2026-03-04 12:41:00
Grid : Message : Requested 17179869184 byte stencil comms buffers 
Grid : Message : MemoryManager::Init() setting up
Grid : Message : MemoryManager::Init() cache pool for recent host   allocations: SMALL 8 LARGE 2 HUGE 0
Grid : Message : MemoryManager::Init() cache pool for recent device allocations: SMALL 16 LARGE 8 Huge 0
Grid : Message : MemoryManager::Init() cache pool for recent shared allocations: SMALL 16 LARGE 8 Huge 0
Grid : Message : MemoryManager::Init() Unified memory space
Sorting eigenvalues using EvalReSmall
Grid : Message : 0.645000 s : Lattice size: [32 32 32 32]
Example_spec_kryschur: ../../Grid/communicator/SharedMemoryMPI.cc:434: static void Grid::GlobalSharedMemory::OptimalCommunicatorSharedMemory(const Coordinate&, ompi_communicator_t*&, Grid::Coordinate&): Assertion `WorldSize==Nprocessors' failed.
[genoahost092:2288500] *** Process received signal ***
[genoahost092:2288500] Signal: Aborted (6)
[genoahost092:2288500] Signal code:  (-6)
[genoahost092:2288500] [ 0] /lib64/libc.so.6(+0x3fc30)[0x1481e523fc30]
[genoahost092:2288500] [ 1] /lib64/libc.so.6(+0x8d02c)[0x1481e528d02c]
[genoahost092:2288500] [ 2] /lib64/libc.so.6(raise+0x16)[0x1481e523fb86]
[genoahost092:2288500] [ 3] /lib64/libc.so.6(abort+0xd3)[0x1481e5229873]
[genoahost092:2288500] [ 4] /lib64/libc.so.6(+0x2979b)[0x1481e522979b]
[genoahost092:2288500] [ 5] /lib64/libc.so.6(+0x388c6)[0x1481e52388c6]
[genoahost092:2288500] [ 6] /direct/sdcc+u/poare/Grid/build/examples/./Example_spec_kryschur[0x4cc186]
[genoahost092:2288500] [ 7] /direct/sdcc+u/poare/Grid/build/examples/./Example_spec_kryschur[0x4cc271]
[genoahost092:2288500] [ 8] /direct/sdcc+u/poare/Grid/build/examples/./Example_spec_kryschur[0x4c7e15]
[genoahost092:2288500] [ 9] /direct/sdcc+u/poare/Grid/build/examples/./Example_spec_kryschur[0x4b5ecf]
[genoahost092:2288500] [10] /direct/sdcc+u/poare/Grid/build/examples/./Example_spec_kryschur[0x41171f]
[genoahost092:2288500] [11] /lib64/libc.so.6(+0x2a610)[0x1481e522a610]
[genoahost092:2288500] [12] /lib64/libc.so.6(__libc_start_main+0x80)[0x1481e522a6c0]
[genoahost092:2288500] [13] /direct/sdcc+u/poare/Grid/build/examples/./Example_spec_kryschur[0x414705]
[genoahost092:2288500] *** End of error message ***
srun: error: genoahost089: task 13: Aborted (core dumped)
srun: error: genoahost089: task 8: Aborted (core dumped)
srun: error: genoahost089: task 7: Aborted (core dumped)

__|__|__|__|__|__|__|__|__|__|__|__|__|__|__
__|__|__|__|__|__|__|__|__|__|__|__|__|__|__
__|_ |  |  |  |  |  |  |  |  |  |  |  | _|__
__|_                                    _|__
__|_   GGGG    RRRR    III    DDDD      _|__
__|_  G        R   R    I     D   D     _|__
__|_  G        R   R    I     D    D    _|__
__|_  G  GG    RRRR     I     D    D    _|__
__|_  G   G    R  R     I     D   D     _|__
__|_   GGGG    R   R   III    DDDD      _|__
__|_                                    _|__
__|__|__|__|__|__|__|__|__|__|__|__|__|__|__
__|__|__|__|__|__|__|__|__|__|__|__|__|__|__
  |  |  |  |  |  |  |  |  |  |  |  |  |  |  


Copyright (C) 2015 Peter Boyle, Azusa Yamaguchi, Guido Cossu, Antonin Portelli and other authors

This program is free software; you can redistribute it and/or modify
it under the terms of the GNU General Public License as published by
the Free Software Foundation; either version 2 of the License, or
(at your option) any later version.

This program is distributed in the hope that it will be useful,
but WITHOUT ANY WARRANTY; without even the implied warranty of
MERCHANTABILITY or FITNESS FOR A PARTICULAR PURPOSE.  See the
GNU General Public License for more details.
Current Grid git commit hash=82d411ca7bb8ec4a5b5c3815df23674cfd291070: (HEAD -> develop, origin/develop, origin/HEAD) clean

Grid : Message : ================================================ 
Grid : Message : MPI is initialised and logging filters activated 
Grid : Message : ================================================ 
Grid : Message : This rank is running on host genoahost090.sdcc.bnl.local at local time 2026-03-04 12:41:06
Grid : Message : Requested 17179869184 byte stencil comms buffers 
Grid : Message : MemoryManager::Init() setting up
Grid : Message : MemoryManager::Init() cache pool for recent host   allocations: SMALL 8 LARGE 2 HUGE 0
Grid : Message : MemoryManager::Init() cache pool for recent device allocations: SMALL 16 LARGE 8 Huge 0
Grid : Message : MemoryManager::Init() cache pool for recent shared allocations: SMALL 16 LARGE 8 Huge 0
Grid : Message : MemoryManager::Init() Unified memory space
Sorting eigenvalues using EvalReSmall
Grid : Message : 0.656000 s : Lattice size: [32 32 32 32]
Example_spec_kryschur: ../../Grid/communicator/SharedMemoryMPI.cc:434: static void Grid::GlobalSharedMemory::OptimalCommunicatorSharedMemory(const Coordinate&, ompi_communicator_t*&, Grid::Coordinate&): Assertion `WorldSize==Nprocessors' failed.
[genoahost090:2328908] *** Process received signal ***
[genoahost090:2328908] Signal: Aborted (6)
[genoahost090:2328908] Signal code:  (-6)
[genoahost090:2328908] [ 0] /lib64/libc.so.6(+0x3fc30)[0x14bd5483fc30]
[genoahost090:2328908] [ 1] /lib64/libc.so.6(+0x8d02c)[0x14bd5488d02c]
[genoahost090:2328908] [ 2] /lib64/libc.so.6(raise+0x16)[0x14bd5483fb86]
[genoahost090:2328908] [ 3] /lib64/libc.so.6(abort+0xd3)[0x14bd54829873]
[genoahost090:2328908] [ 4] /lib64/libc.so.6(+0x2979b)[0x14bd5482979b]
[genoahost090:2328908] [ 5] /lib64/libc.so.6(+0x388c6)[0x14bd548388c6]
[genoahost090:2328908] [ 6] /direct/sdcc+u/poare/Grid/build/examples/./Example_spec_kryschur[0x4cc186]
[genoahost090:2328908] [ 7] /direct/sdcc+u/poare/Grid/build/examples/./Example_spec_kryschur[0x4cc271]
[genoahost090:2328908] [ 8] /direct/sdcc+u/poare/Grid/build/examples/./Example_spec_kryschur[0x4c7e15]
[genoahost090:2328908] [ 9] /direct/sdcc+u/poare/Grid/build/examples/./Example_spec_kryschur[0x4b5ecf]
[genoahost090:2328908] [10] /direct/sdcc+u/poare/Grid/build/examples/./Example_spec_kryschur[0x41171f]
[genoahost090:2328908] [11] /lib64/libc.so.6(+0x2a610)[0x14bd5482a610]
[genoahost090:2328908] [12] /lib64/libc.so.6(__libc_start_main+0x80)[0x14bd5482a6c0]
[genoahost090:2328908] [13] /direct/sdcc+u/poare/Grid/build/examples/./Example_spec_kryschur[0x414705]
[genoahost090:2328908] *** End of error message ***

__|__|__|__|__|__|__|__|__|__|__|__|__|__|__
__|__|__|__|__|__|__|__|__|__|__|__|__|__|__
__|_ |  |  |  |  |  |  |  |  |  |  |  | _|__
__|_                                    _|__
__|_   GGGG    RRRR    III    DDDD      _|__
__|_  G        R   R    I     D   D     _|__
__|_  G        R   R    I     D    D    _|__
__|_  G  GG    RRRR     I     D    D    _|__
__|_  G   G    R  R     I     D   D     _|__
__|_   GGGG    R   R   III    DDDD      _|__
__|_                                    _|__
__|__|__|__|__|__|__|__|__|__|__|__|__|__|__
__|__|__|__|__|__|__|__|__|__|__|__|__|__|__
  |  |  |  |  |  |  |  |  |  |  |  |  |  |  


Copyright (C) 2015 Peter Boyle, Azusa Yamaguchi, Guido Cossu, Antonin Portelli and other authors

This program is free software; you can redistribute it and/or modify
it under the terms of the GNU General Public License as published by
the Free Software Foundation; either version 2 of the License, or
(at your option) any later version.

This program is distributed in the hope that it will be useful,
but WITHOUT ANY WARRANTY; without even the implied warranty of
MERCHANTABILITY or FITNESS FOR A PARTICULAR PURPOSE.  See the
GNU General Public License for more details.
Current Grid git commit hash=82d411ca7bb8ec4a5b5c3815df23674cfd291070: (HEAD -> develop, origin/develop, origin/HEAD) clean

Grid : Message : ================================================ 
Grid : Message : MPI is initialised and logging filters activated 
Grid : Message : ================================================ 
Grid : Message : This rank is running on host genoahost091.sdcc.bnl.local at local time 2026-03-04 12:41:06
Grid : Message : Requested 17179869184 byte stencil comms buffers 
Grid : Message : MemoryManager::Init() setting up
Grid : Message : MemoryManager::Init() cache pool for recent host   allocations: SMALL 8 LARGE 2 HUGE 0
Grid : Message : MemoryManager::Init() cache pool for recent device allocations: SMALL 16 LARGE 8 Huge 0
Grid : Message : MemoryManager::Init() cache pool for recent shared allocations: SMALL 16 LARGE 8 Huge 0
Grid : Message : MemoryManager::Init() Unified memory space
Sorting eigenvalues using EvalReSmall
Grid : Message : 0.641000 s : Lattice size: [32 32 32 32]
Example_spec_kryschur: ../../Grid/communicator/SharedMemoryMPI.cc:434: static void Grid::GlobalSharedMemory::OptimalCommunicatorSharedMemory(const Coordinate&, ompi_communicator_t*&, Grid::Coordinate&): Assertion `WorldSize==Nprocessors' failed.
[genoahost091:2340677] *** Process received signal ***
[genoahost091:2340677] Signal: Aborted (6)
[genoahost091:2340677] Signal code:  (-6)

__|__|__|__|__|__|__|__|__|__|__|__|__|__|__
__|__|__|__|__|__|__|__|__|__|__|__|__|__|__
__|_ |  |  |  |  |  |  |  |  |  |  |  | _|__
__|_                                    _|__
__|_   GGGG    RRRR    III    DDDD      _|__
__|_  G        R   R    I     D   D     _|__
__|_  G        R   R    I     D    D    _|__
__|_  G  GG    RRRR     I     D    D    _|__
__|_  G   G    R  R     I     D   D     _|__
__|_   GGGG    R   R   III    DDDD      _|__
__|_                                    _|__
__|__|__|__|__|__|__|__|__|__|__|__|__|__|__
__|__|__|__|__|__|__|__|__|__|__|__|__|__|__
  |  |  |  |  |  |  |  |  |  |  |  |  |  |  


Copyright (C) 2015 Peter Boyle, Azusa Yamaguchi, Guido Cossu, Antonin Portelli and other authors

This program is free software; you can redistribute it and/or modify
it under the terms of the GNU General Public License as published by
the Free Software Foundation; either version 2 of the License, or
(at your option) any later version.

This program is distributed in the hope that it will be useful,
but WITHOUT ANY WARRANTY; without even the implied warranty of
MERCHANTABILITY or FITNESS FOR A PARTICULAR PURPOSE.  See the
GNU General Public License for more details.
Current Grid git commit hash=82d411ca7bb8ec4a5b5c3815df23674cfd291070: (HEAD -> develop, origin/develop, origin/HEAD) clean

Grid : Message : ================================================ 
Grid : Message : MPI is initialised and logging filters activated 
Grid : Message : ================================================ 
Grid : Message : This rank is running on host genoahost091.sdcc.bnl.local at local time 2026-03-04 12:41:06
Grid : Message : Requested 17179869184 byte stencil comms buffers 
Grid : Message : MemoryManager::Init() setting up
Grid : Message : MemoryManager::Init() cache pool for recent host   allocations: SMALL 8 LARGE 2 HUGE 0
Grid : Message : MemoryManager::Init() cache pool for recent device allocations: SMALL 16 LARGE 8 Huge 0
Grid : Message : MemoryManager::Init() cache pool for recent shared allocations: SMALL 16 LARGE 8 Huge 0
Grid : Message : MemoryManager::Init() Unified memory space
Sorting eigenvalues using EvalReSmall
Grid : Message : 0.563000 s : Lattice size: [32 32 32 32]
Example_spec_kryschur: ../../Grid/communicator/SharedMemoryMPI.cc:434: static void Grid::GlobalSharedMemory::OptimalCommunicatorSharedMemory(const Coordinate&, ompi_communicator_t*&, Grid::Coordinate&): Assertion `WorldSize==Nprocessors' failed.
[genoahost091:2340673] *** Process received signal ***
[genoahost091:2340673] Signal: Aborted (6)
[genoahost091:2340673] Signal code:  (-6)
[genoahost091:2340673] [ 0] /lib64/libc.so.6(+0x3fc30)[0x146e2f63fc30]
[genoahost091:2340673] [ 1] /lib64/libc.so.6(+0x8d02c)[0x146e2f68d02c]
[genoahost091:2340673] [ 2] /lib64/libc.so.6(raise+0x16)[0x146e2f63fb86]
[genoahost091:2340673] [ 3] /lib64/libc.so.6(abort+0xd3)[0x146e2f629873]
[genoahost091:2340673] [ 4] /lib64/libc.so.6(+0x2979b)[0x146e2f62979b]
[genoahost091:2340673] [ 5] /lib64/libc.so.6(+0x388c6)[0x146e2f6388c6]
[genoahost091:2340673] [ 6] /direct/sdcc+u/poare/Grid/build/examples/./Example_spec_kryschur[0x4cc186]
[genoahost091:2340673] [ 7] /direct/sdcc+u/poare/Grid/build/examples/./Example_spec_kryschur[0x4cc271]
[genoahost091:2340673] [ 8] /direct/sdcc+u/poare/Grid/build/examples/./Example_spec_kryschur[0x4c7e15]
[genoahost091:2340673] [ 9] /direct/sdcc+u/poare/Grid/build/examples/./Example_spec_kryschur[0x4b5ecf]
[genoahost091:2340673] [10] /direct/sdcc+u/poare/Grid/build/examples/./Example_spec_kryschur[0x41171f]
[genoahost091:2340673] [11] /lib64/libc.so.6(+0x2a610)[0x146e2f62a610]
[genoahost091:2340673] [12] /lib64/libc.so.6(__libc_start_main+0x80)[0x146e2f62a6c0]
[genoahost091:2340673] [13] /direct/sdcc+u/poare/Grid/build/examples/./Example_spec_kryschur[0x414705]
[genoahost091:2340673] *** End of error message ***
[genoahost091:2340677] [ 0] /lib64/libc.so.6(+0x3fc30)[0x14f40203fc30]
[genoahost091:2340677] [ 1] /lib64/libc.so.6(+0x8d02c)[0x14f40208d02c]
[genoahost091:2340677] [ 2] /lib64/libc.so.6(raise+0x16)[0x14f40203fb86]
[genoahost091:2340677] [ 3] /lib64/libc.so.6(abort+0xd3)[0x14f402029873]
[genoahost091:2340677] [ 4] /lib64/libc.so.6(+0x2979b)[0x14f40202979b]
[genoahost091:2340677] [ 5] /lib64/libc.so.6(+0x388c6)[0x14f4020388c6]
[genoahost091:2340677] [ 6] /direct/sdcc+u/poare/Grid/build/examples/./Example_spec_kryschur[0x4cc186]
[genoahost091:2340677] [ 7] /direct/sdcc+u/poare/Grid/build/examples/./Example_spec_kryschur[0x4cc271]
[genoahost091:2340677] [ 8] /direct/sdcc+u/poare/Grid/build/examples/./Example_spec_kryschur[0x4c7e15]
[genoahost091:2340677] [ 9] /direct/sdcc+u/poare/Grid/build/examples/./Example_spec_kryschur[0x4b5ecf]
[genoahost091:2340677] [10] /direct/sdcc+u/poare/Grid/build/examples/./Example_spec_kryschur[0x41171f]
[genoahost091:2340677] [11] /lib64/libc.so.6(+0x2a610)[0x14f40202a610]
[genoahost091:2340677] [12] /lib64/libc.so.6(__libc_start_main+0x80)[0x14f40202a6c0]
[genoahost091:2340677] [13] /direct/sdcc+u/poare/Grid/build/examples/./Example_spec_kryschur[0x414705]
[genoahost091:2340677] *** End of error message ***
srun: error: genoahost093: tasks 65-66: Aborted (core dumped)

__|__|__|__|__|__|__|__|__|__|__|__|__|__|__
__|__|__|__|__|__|__|__|__|__|__|__|__|__|__
__|_ |  |  |  |  |  |  |  |  |  |  |  | _|__
__|_                                    _|__
__|_   GGGG    RRRR    III    DDDD      _|__
__|_  G        R   R    I     D   D     _|__
__|_  G        R   R    I     D    D    _|__
__|_  G  GG    RRRR     I     D    D    _|__
__|_  G   G    R  R     I     D   D     _|__
__|_   GGGG    R   R   III    DDDD      _|__
__|_                                    _|__
__|__|__|__|__|__|__|__|__|__|__|__|__|__|__
__|__|__|__|__|__|__|__|__|__|__|__|__|__|__
  |  |  |  |  |  |  |  |  |  |  |  |  |  |  


Copyright (C) 2015 Peter Boyle, Azusa Yamaguchi, Guido Cossu, Antonin Portelli and other authors

This program is free software; you can redistribute it and/or modify
it under the terms of the GNU General Public License as published by
the Free Software Foundation; either version 2 of the License, or
(at your option) any later version.

This program is distributed in the hope that it will be useful,
but WITHOUT ANY WARRANTY; without even the implied warranty of
MERCHANTABILITY or FITNESS FOR A PARTICULAR PURPOSE.  See the
GNU General Public License for more details.
Current Grid git commit hash=82d411ca7bb8ec4a5b5c3815df23674cfd291070: (HEAD -> develop, origin/develop, origin/HEAD) clean

Grid : Message : ================================================ 
Grid : Message : MPI is initialised and logging filters activated 
Grid : Message : ================================================ 
Grid : Message : This rank is running on host genoahost094.sdcc.bnl.local at local time 2026-03-04 12:41:07
Grid : Message : Requested 17179869184 byte stencil comms buffers 
Grid : Message : MemoryManager::Init() setting up
Grid : Message : MemoryManager::Init() cache pool for recent host   allocations: SMALL 8 LARGE 2 HUGE 0
Grid : Message : MemoryManager::Init() cache pool for recent device allocations: SMALL 16 LARGE 8 Huge 0
Grid : Message : MemoryManager::Init() cache pool for recent shared allocations: SMALL 16 LARGE 8 Huge 0
Grid : Message : MemoryManager::Init() Unified memory space
Sorting eigenvalues using EvalReSmall
Grid : Message : 0.657000 s : Lattice size: [32 32 32 32]
Example_spec_kryschur: ../../Grid/communicator/SharedMemoryMPI.cc:434: static void Grid::GlobalSharedMemory::OptimalCommunicatorSharedMemory(const Coordinate&, ompi_communicator_t*&, Grid::Coordinate&): Assertion `WorldSize==Nprocessors' failed.
[genoahost094:2385588] *** Process received signal ***
[genoahost094:2385588] Signal: Aborted (6)
[genoahost094:2385588] Signal code:  (-6)
[genoahost094:2385588] [ 0] /lib64/libc.so.6(+0x3fc30)[0x146d7923fc30]
[genoahost094:2385588] [ 1] /lib64/libc.so.6(+0x8d02c)[0x146d7928d02c]
[genoahost094:2385588] [ 2] /lib64/libc.so.6(raise+0x16)[0x146d7923fb86]
[genoahost094:2385588] [ 3] /lib64/libc.so.6(abort+0xd3)[0x146d79229873]
[genoahost094:2385588] [ 4] /lib64/libc.so.6(+0x2979b)[0x146d7922979b]
[genoahost094:2385588] [ 5] /lib64/libc.so.6(+0x388c6)[0x146d792388c6]
[genoahost094:2385588] [ 6] /direct/sdcc+u/poare/Grid/build/examples/./Example_spec_kryschur[0x4cc186]
[genoahost094:2385588] [ 7] /direct/sdcc+u/poare/Grid/build/examples/./Example_spec_kryschur[0x4cc271]
[genoahost094:2385588] [ 8] /direct/sdcc+u/poare/Grid/build/examples/./Example_spec_kryschur[0x4c7e15]
[genoahost094:2385588] [ 9] /direct/sdcc+u/poare/Grid/build/examples/./Example_spec_kryschur[0x4b5ecf]
[genoahost094:2385588] [10] /direct/sdcc+u/poare/Grid/build/examples/./Example_spec_kryschur[0x41171f]
[genoahost094:2385588] [11] /lib64/libc.so.6(+0x2a610)[0x146d7922a610]
[genoahost094:2385588] [12] /lib64/libc.so.6(__libc_start_main+0x80)[0x146d7922a6c0]
[genoahost094:2385588] [13] /direct/sdcc+u/poare/Grid/build/examples/./Example_spec_kryschur[0x414705]
[genoahost094:2385588] *** End of error message ***

__|__|__|__|__|__|__|__|__|__|__|__|__|__|__
__|__|__|__|__|__|__|__|__|__|__|__|__|__|__
__|_ |  |  |  |  |  |  |  |  |  |  |  | _|__
__|_                                    _|__
__|_   GGGG    RRRR    III    DDDD      _|__
__|_  G        R   R    I     D   D     _|__
__|_  G        R   R    I     D    D    _|__
__|_  G  GG    RRRR     I     D    D    _|__
__|_  G   G    R  R     I     D   D     _|__
__|_   GGGG    R   R   III    DDDD      _|__
__|_                                    _|__
__|__|__|__|__|__|__|__|__|__|__|__|__|__|__
__|__|__|__|__|__|__|__|__|__|__|__|__|__|__
  |  |  |  |  |  |  |  |  |  |  |  |  |  |  


Copyright (C) 2015 Peter Boyle, Azusa Yamaguchi, Guido Cossu, Antonin Portelli and other authors

This program is free software; you can redistribute it and/or modify
it under the terms of the GNU General Public License as published by
the Free Software Foundation; either version 2 of the License, or
(at your option) any later version.

This program is distributed in the hope that it will be useful,
but WITHOUT ANY WARRANTY; without even the implied warranty of
MERCHANTABILITY or FITNESS FOR A PARTICULAR PURPOSE.  See the
GNU General Public License for more details.
Current Grid git commit hash=82d411ca7bb8ec4a5b5c3815df23674cfd291070: (HEAD -> develop, origin/develop, origin/HEAD) clean

Grid : Message : ================================================ 
Grid : Message : MPI is initialised and logging filters activated 
Grid : Message : ================================================ 
Grid : Message : This rank is running on host genoahost091.sdcc.bnl.local at local time 2026-03-04 12:41:07
Grid : Message : Requested 17179869184 byte stencil comms buffers 
Grid : Message : MemoryManager::Init() setting up
Grid : Message : MemoryManager::Init() cache pool for recent host   allocations: SMALL 8 LARGE 2 HUGE 0
Grid : Message : MemoryManager::Init() cache pool for recent device allocations: SMALL 16 LARGE 8 Huge 0
Grid : Message : MemoryManager::Init() cache pool for recent shared allocations: SMALL 16 LARGE 8 Huge 0
Grid : Message : MemoryManager::Init() Unified memory space
Sorting eigenvalues using EvalReSmall
Grid : Message : 0.337220 s : Lattice size: [32 32 32 32]
Example_spec_kryschur: ../../Grid/communicator/SharedMemoryMPI.cc:434: static void Grid::GlobalSharedMemory::OptimalCommunicatorSharedMemory(const Coordinate&, ompi_communicator_t*&, Grid::Coordinate&): Assertion `WorldSize==Nprocessors' failed.
[genoahost091:2340683] *** Process received signal ***
[genoahost091:2340683] Signal: Aborted (6)
[genoahost091:2340683] Signal code:  (-6)
[genoahost091:2340683] [ 0] /lib64/libc.so.6(+0x3fc30)[0x14900403fc30]
[genoahost091:2340683] [ 1] /lib64/libc.so.6(+0x8d02c)[0x14900408d02c]
[genoahost091:2340683] [ 2] /lib64/libc.so.6(raise+0x16)[0x14900403fb86]
[genoahost091:2340683] [ 3] /lib64/libc.so.6(abort+0xd3)[0x149004029873]
[genoahost091:2340683] [ 4] /lib64/libc.so.6(+0x2979b)[0x14900402979b]
[genoahost091:2340683] [ 5] /lib64/libc.so.6(+0x388c6)[0x1490040388c6]
[genoahost091:2340683] [ 6] /direct/sdcc+u/poare/Grid/build/examples/./Example_spec_kryschur[0x4cc186]
[genoahost091:2340683] [ 7] /direct/sdcc+u/poare/Grid/build/examples/./Example_spec_kryschur[0x4cc271]
[genoahost091:2340683] [ 8] /direct/sdcc+u/poare/Grid/build/examples/./Example_spec_kryschur[0x4c7e15]
[genoahost091:2340683] [ 9] /direct/sdcc+u/poare/Grid/build/examples/./Example_spec_kryschur[0x4b5ecf]
[genoahost091:2340683] [10] /direct/sdcc+u/poare/Grid/build/examples/./Example_spec_kryschur[0x41171f]
[genoahost091:2340683] [11] /lib64/libc.so.6(+0x2a610)[0x14900402a610]
[genoahost091:2340683] [12] /lib64/libc.so.6(__libc_start_main+0x80)[0x14900402a6c0]
[genoahost091:2340683] [13] /direct/sdcc+u/poare/Grid/build/examples/./Example_spec_kryschur[0x414705]
[genoahost091:2340683] *** End of error message ***
srun: error: genoahost093: task 73: Aborted (core dumped)

__|__|__|__|__|__|__|__|__|__|__|__|__|__|__
__|__|__|__|__|__|__|__|__|__|__|__|__|__|__
__|_ |  |  |  |  |  |  |  |  |  |  |  | _|__
__|_                                    _|__
__|_   GGGG    RRRR    III    DDDD      _|__
__|_  G        R   R    I     D   D     _|__
__|_  G        R   R    I     D    D    _|__
__|_  G  GG    RRRR     I     D    D    _|__
__|_  G   G    R  R     I     D   D     _|__
__|_   GGGG    R   R   III    DDDD      _|__
__|_                                    _|__
__|__|__|__|__|__|__|__|__|__|__|__|__|__|__
__|__|__|__|__|__|__|__|__|__|__|__|__|__|__
  |  |  |  |  |  |  |  |  |  |  |  |  |  |  


Copyright (C) 2015 Peter Boyle, Azusa Yamaguchi, Guido Cossu, Antonin Portelli and other authors

This program is free software; you can redistribute it and/or modify
it under the terms of the GNU General Public License as published by
the Free Software Foundation; either version 2 of the License, or
(at your option) any later version.

This program is distributed in the hope that it will be useful,
but WITHOUT ANY WARRANTY; without even the implied warranty of
MERCHANTABILITY or FITNESS FOR A PARTICULAR PURPOSE.  See the
GNU General Public License for more details.
Current Grid git commit hash=82d411ca7bb8ec4a5b5c3815df23674cfd291070: (HEAD -> develop, origin/develop, origin/HEAD) clean

Grid : Message : ================================================ 
Grid : Message : MPI is initialised and logging filters activated 
Grid : Message : ================================================ 
Grid : Message : This rank is running on host genoahost090.sdcc.bnl.local at local time 2026-03-04 12:41:07
Grid : Message : Requested 17179869184 byte stencil comms buffers 
Grid : Message : MemoryManager::Init() setting up
Grid : Message : MemoryManager::Init() cache pool for recent host   allocations: SMALL 8 LARGE 2 HUGE 0
Grid : Message : MemoryManager::Init() cache pool for recent device allocations: SMALL 16 LARGE 8 Huge 0
Grid : Message : MemoryManager::Init() cache pool for recent shared allocations: SMALL 16 LARGE 8 Huge 0
Grid : Message : MemoryManager::Init() Unified memory space
Sorting eigenvalues using EvalReSmall
Grid : Message : 0.227320 s : Lattice size: [32 32 32 32]
Example_spec_kryschur: ../../Grid/communicator/SharedMemoryMPI.cc:434: static void Grid::GlobalSharedMemory::OptimalCommunicatorSharedMemory(const Coordinate&, ompi_communicator_t*&, Grid::Coordinate&): Assertion `WorldSize==Nprocessors' failed.
[genoahost090:2328916] *** Process received signal ***
[genoahost090:2328916] Signal: Aborted (6)
[genoahost090:2328916] Signal code:  (-6)
[genoahost090:2328916] [ 0] /lib64/libc.so.6(+0x3fc30)[0x15500e83fc30]
[genoahost090:2328916] [ 1] /lib64/libc.so.6(+0x8d02c)[0x15500e88d02c]
[genoahost090:2328916] [ 2] /lib64/libc.so.6(raise+0x16)[0x15500e83fb86]
[genoahost090:2328916] [ 3] /lib64/libc.so.6(abort+0xd3)[0x15500e829873]
[genoahost090:2328916] [ 4] /lib64/libc.so.6(+0x2979b)[0x15500e82979b]
[genoahost090:2328916] [ 5] /lib64/libc.so.6(+0x388c6)[0x15500e8388c6]
[genoahost090:2328916] [ 6] /direct/sdcc+u/poare/Grid/build/examples/./Example_spec_kryschur[0x4cc186]
[genoahost090:2328916] [ 7] /direct/sdcc+u/poare/Grid/build/examples/./Example_spec_kryschur[0x4cc271]
[genoahost090:2328916] [ 8] /direct/sdcc+u/poare/Grid/build/examples/./Example_spec_kryschur[0x4c7e15]
[genoahost090:2328916] [ 9] /direct/sdcc+u/poare/Grid/build/examples/./Example_spec_kryschur[0x4b5ecf]
[genoahost090:2328916] [10] /direct/sdcc+u/poare/Grid/build/examples/./Example_spec_kryschur[0x41171f]
[genoahost090:2328916] [11] /lib64/libc.so.6(+0x2a610)[0x15500e82a610]
[genoahost090:2328916] [12] /lib64/libc.so.6(__libc_start_main+0x80)[0x15500e82a6c0]
[genoahost090:2328916] [13] /direct/sdcc+u/poare/Grid/build/examples/./Example_spec_kryschur[0x414705]
[genoahost090:2328916] *** End of error message ***
srun: error: genoahost091: task 37: Aborted (core dumped)
srun: error: genoahost096: task 115: Aborted (core dumped)

__|__|__|__|__|__|__|__|__|__|__|__|__|__|__
__|__|__|__|__|__|__|__|__|__|__|__|__|__|__
__|_ |  |  |  |  |  |  |  |  |  |  |  | _|__
__|_                                    _|__
__|_   GGGG    RRRR    III    DDDD      _|__
__|_  G        R   R    I     D   D     _|__
__|_  G        R   R    I     D    D    _|__
__|_  G  GG    RRRR     I     D    D    _|__
__|_  G   G    R  R     I     D   D     _|__
__|_   GGGG    R   R   III    DDDD      _|__
__|_                                    _|__
__|__|__|__|__|__|__|__|__|__|__|__|__|__|__
__|__|__|__|__|__|__|__|__|__|__|__|__|__|__
  |  |  |  |  |  |  |  |  |  |  |  |  |  |  


Copyright (C) 2015 Peter Boyle, Azusa Yamaguchi, Guido Cossu, Antonin Portelli and other authors

This program is free software; you can redistribute it and/or modify
it under the terms of the GNU General Public License as published by
the Free Software Foundation; either version 2 of the License, or
(at your option) any later version.

This program is distributed in the hope that it will be useful,
but WITHOUT ANY WARRANTY; without even the implied warranty of
MERCHANTABILITY or FITNESS FOR A PARTICULAR PURPOSE.  See the
GNU General Public License for more details.
Current Grid git commit hash=82d411ca7bb8ec4a5b5c3815df23674cfd291070: (HEAD -> develop, origin/develop, origin/HEAD) clean

Grid : Message : ================================================ 
Grid : Message : MPI is initialised and logging filters activated 
Grid : Message : ================================================ 
Grid : Message : This rank is running on host genoahost093.sdcc.bnl.local at local time 2026-03-04 12:41:09
Grid : Message : Requested 17179869184 byte stencil comms buffers 
Grid : Message : MemoryManager::Init() setting up
Grid : Message : MemoryManager::Init() cache pool for recent host   allocations: SMALL 8 LARGE 2 HUGE 0
Grid : Message : MemoryManager::Init() cache pool for recent device allocations: SMALL 16 LARGE 8 Huge 0
Grid : Message : MemoryManager::Init() cache pool for recent shared allocations: SMALL 16 LARGE 8 Huge 0
Grid : Message : MemoryManager::Init() Unified memory space
Sorting eigenvalues using EvalReSmall
Grid : Message : 0.127500 s : Lattice size: [32 32 32 32]
Example_spec_kryschur: ../../Grid/communicator/SharedMemoryMPI.cc:434: static void Grid::GlobalSharedMemory::OptimalCommunicatorSharedMemory(const Coordinate&, ompi_communicator_t*&, Grid::Coordinate&): Assertion `WorldSize==Nprocessors' failed.
[genoahost093:2344159] *** Process received signal ***
[genoahost093:2344159] Signal: Aborted (6)
[genoahost093:2344159] Signal code:  (-6)
[genoahost093:2344159] [ 0] /lib64/libc.so.6(+0x3fc30)[0x14917643fc30]
[genoahost093:2344159] [ 1] /lib64/libc.so.6(+0x8d02c)[0x14917648d02c]
[genoahost093:2344159] [ 2] /lib64/libc.so.6(raise+0x16)[0x14917643fb86]
[genoahost093:2344159] [ 3] /lib64/libc.so.6(abort+0xd3)[0x149176429873]
[genoahost093:2344159] [ 4] /lib64/libc.so.6(+0x2979b)[0x14917642979b]
[genoahost093:2344159] [ 5] /lib64/libc.so.6(+0x388c6)[0x1491764388c6]
[genoahost093:2344159] [ 6] /direct/sdcc+u/poare/Grid/build/examples/./Example_spec_kryschur[0x4cc186]
[genoahost093:2344159] [ 7] /direct/sdcc+u/poare/Grid/build/examples/./Example_spec_kryschur[0x4cc271]
[genoahost093:2344159] [ 8] /direct/sdcc+u/poare/Grid/build/examples/./Example_spec_kryschur[0x4c7e15]
[genoahost093:2344159] [ 9] /direct/sdcc+u/poare/Grid/build/examples/./Example_spec_kryschur[0x4b5ecf]
[genoahost093:2344159] [10] /direct/sdcc+u/poare/Grid/build/examples/./Example_spec_kryschur[0x41171f]
[genoahost093:2344159] [11] /lib64/libc.so.6(+0x2a610)[0x14917642a610]
[genoahost093:2344159] [12] /lib64/libc.so.6(__libc_start_main+0x80)[0x14917642a6c0]
[genoahost093:2344159] [13] /direct/sdcc+u/poare/Grid/build/examples/./Example_spec_kryschur[0x414705]
[genoahost093:2344159] *** End of error message ***

__|__|__|__|__|__|__|__|__|__|__|__|__|__|__
__|__|__|__|__|__|__|__|__|__|__|__|__|__|__
__|_ |  |  |  |  |  |  |  |  |  |  |  | _|__
__|_                                    _|__
__|_   GGGG    RRRR    III    DDDD      _|__
__|_  G        R   R    I     D   D     _|__
__|_  G        R   R    I     D    D    _|__
__|_  G  GG    RRRR     I     D    D    _|__
__|_  G   G    R  R     I     D   D     _|__
__|_   GGGG    R   R   III    DDDD      _|__
__|_                                    _|__
__|__|__|__|__|__|__|__|__|__|__|__|__|__|__
__|__|__|__|__|__|__|__|__|__|__|__|__|__|__
  |  |  |  |  |  |  |  |  |  |  |  |  |  |  


Copyright (C) 2015 Peter Boyle, Azusa Yamaguchi, Guido Cossu, Antonin Portelli and other authors

This program is free software; you can redistribute it and/or modify
it under the terms of the GNU General Public License as published by
the Free Software Foundation; either version 2 of the License, or
(at your option) any later version.

This program is distributed in the hope that it will be useful,
but WITHOUT ANY WARRANTY; without even the implied warranty of
MERCHANTABILITY or FITNESS FOR A PARTICULAR PURPOSE.  See the
GNU General Public License for more details.
Current Grid git commit hash=82d411ca7bb8ec4a5b5c3815df23674cfd291070: (HEAD -> develop, origin/develop, origin/HEAD) clean

Grid : Message : ================================================ 
Grid : Message : MPI is initialised and logging filters activated 
Grid : Message : ================================================ 
Grid : Message : This rank is running on host genoahost093.sdcc.bnl.local at local time 2026-03-04 12:41:09
Grid : Message : Requested 17179869184 byte stencil comms buffers 
Grid : Message : MemoryManager::Init() setting up
Grid : Message : MemoryManager::Init() cache pool for recent host   allocations: SMALL 8 LARGE 2 HUGE 0
Grid : Message : MemoryManager::Init() cache pool for recent device allocations: SMALL 16 LARGE 8 Huge 0
Grid : Message : MemoryManager::Init() cache pool for recent shared allocations: SMALL 16 LARGE 8 Huge 0
Grid : Message : MemoryManager::Init() Unified memory space
Sorting eigenvalues using EvalReSmall
Grid : Message : 0.689000 s : Lattice size: [32 32 32 32]
Example_spec_kryschur: ../../Grid/communicator/SharedMemoryMPI.cc:434: static void Grid::GlobalSharedMemory::OptimalCommunicatorSharedMemory(const Coordinate&, ompi_communicator_t*&, Grid::Coordinate&): Assertion `WorldSize==Nprocessors' failed.
[genoahost093:2344173] *** Process received signal ***
[genoahost093:2344173] Signal: Aborted (6)
[genoahost093:2344173] Signal code:  (-6)
[genoahost093:2344173] [ 0] /lib64/libc.so.6(+0x3fc30)[0x14b83063fc30]
[genoahost093:2344173] [ 1] /lib64/libc.so.6(+0x8d02c)[0x14b83068d02c]
[genoahost093:2344173] [ 2] /lib64/libc.so.6(raise+0x16)[0x14b83063fb86]
[genoahost093:2344173] [ 3] /lib64/libc.so.6(abort+0xd3)[0x14b830629873]
[genoahost093:2344173] [ 4] /lib64/libc.so.6(+0x2979b)[0x14b83062979b]
[genoahost093:2344173] [ 5] /lib64/libc.so.6(+0x388c6)[0x14b8306388c6]
[genoahost093:2344173] [ 6] /direct/sdcc+u/poare/Grid/build/examples/./Example_spec_kryschur[0x4cc186]
[genoahost093:2344173] [ 7] /direct/sdcc+u/poare/Grid/build/examples/./Example_spec_kryschur[0x4cc271]
[genoahost093:2344173] [ 8] /direct/sdcc+u/poare/Grid/build/examples/./Example_spec_kryschur[0x4c7e15]
[genoahost093:2344173] [ 9] /direct/sdcc+u/poare/Grid/build/examples/./Example_spec_kryschur[0x4b5ecf]
[genoahost093:2344173] [10] /direct/sdcc+u/poare/Grid/build/examples/./Example_spec_kryschur[0x41171f]
[genoahost093:2344173] [11] /lib64/libc.so.6(+0x2a610)[0x14b83062a610]
[genoahost093:2344173] [12] /lib64/libc.so.6(__libc_start_main+0x80)[0x14b83062a6c0]
[genoahost093:2344173] [13] /direct/sdcc+u/poare/Grid/build/examples/./Example_spec_kryschur[0x414705]
[genoahost093:2344173] *** End of error message ***
srun: error: genoahost092: tasks 51,60: Aborted (core dumped)
srun: error: genoahost096: task 117: Aborted (core dumped)
srun: error: genoahost091: task 44: Aborted (core dumped)

__|__|__|__|__|__|__|__|__|__|__|__|__|__|__
__|__|__|__|__|__|__|__|__|__|__|__|__|__|__
__|_ |  |  |  |  |  |  |  |  |  |  |  | _|__
__|_                                    _|__
__|_   GGGG    RRRR    III    DDDD      _|__
__|_  G        R   R    I     D   D     _|__
__|_  G        R   R    I     D    D    _|__
__|_  G  GG    RRRR     I     D    D    _|__
__|_  G   G    R  R     I     D   D     _|__
__|_   GGGG    R   R   III    DDDD      _|__
__|_                                    _|__
__|__|__|__|__|__|__|__|__|__|__|__|__|__|__
__|__|__|__|__|__|__|__|__|__|__|__|__|__|__
  |  |  |  |  |  |  |  |  |  |  |  |  |  |  


Copyright (C) 2015 Peter Boyle, Azusa Yamaguchi, Guido Cossu, Antonin Portelli and other authors

This program is free software; you can redistribute it and/or modify
it under the terms of the GNU General Public License as published by
the Free Software Foundation; either version 2 of the License, or
(at your option) any later version.

This program is distributed in the hope that it will be useful,
but WITHOUT ANY WARRANTY; without even the implied warranty of
MERCHANTABILITY or FITNESS FOR A PARTICULAR PURPOSE.  See the
GNU General Public License for more details.
Current Grid git commit hash=82d411ca7bb8ec4a5b5c3815df23674cfd291070: (HEAD -> develop, origin/develop, origin/HEAD) clean

Grid : Message : ================================================ 
Grid : Message : MPI is initialised and logging filters activated 
Grid : Message : ================================================ 
Grid : Message : This rank is running on host genoahost094.sdcc.bnl.local at local time 2026-03-04 12:41:11
Grid : Message : Requested 17179869184 byte stencil comms buffers 
Grid : Message : MemoryManager::Init() setting up
Grid : Message : MemoryManager::Init() cache pool for recent host   allocations: SMALL 8 LARGE 2 HUGE 0
Grid : Message : MemoryManager::Init() cache pool for recent device allocations: SMALL 16 LARGE 8 Huge 0
Grid : Message : MemoryManager::Init() cache pool for recent shared allocations: SMALL 16 LARGE 8 Huge 0
Grid : Message : MemoryManager::Init() Unified memory space
Sorting eigenvalues using EvalReSmall
Grid : Message : 0.655000 s : Lattice size: [32 32 32 32]
Example_spec_kryschur: ../../Grid/communicator/SharedMemoryMPI.cc:434: static void Grid::GlobalSharedMemory::OptimalCommunicatorSharedMemory(const Coordinate&, ompi_communicator_t*&, Grid::Coordinate&): Assertion `WorldSize==Nprocessors' failed.
[genoahost094:2385589] *** Process received signal ***
[genoahost094:2385589] Signal: Aborted (6)
[genoahost094:2385589] Signal code:  (-6)
[genoahost094:2385589] [ 0] /lib64/libc.so.6(+0x3fc30)[0x15528863fc30]
[genoahost094:2385589] [ 1] /lib64/libc.so.6(+0x8d02c)[0x15528868d02c]
[genoahost094:2385589] [ 2] /lib64/libc.so.6(raise+0x16)[0x15528863fb86]
[genoahost094:2385589] [ 3] /lib64/libc.so.6(abort+0xd3)[0x155288629873]
[genoahost094:2385589] [ 4] /lib64/libc.so.6(+0x2979b)[0x15528862979b]
[genoahost094:2385589] [ 5] /lib64/libc.so.6(+0x388c6)[0x1552886388c6]
[genoahost094:2385589] [ 6] /direct/sdcc+u/poare/Grid/build/examples/./Example_spec_kryschur[0x4cc186]
[genoahost094:2385589] [ 7] /direct/sdcc+u/poare/Grid/build/examples/./Example_spec_kryschur[0x4cc271]
[genoahost094:2385589] [ 8] /direct/sdcc+u/poare/Grid/build/examples/./Example_spec_kryschur[0x4c7e15]
[genoahost094:2385589] [ 9] /direct/sdcc+u/poare/Grid/build/examples/./Example_spec_kryschur[0x4b5ecf]
[genoahost094:2385589] [10] /direct/sdcc+u/poare/Grid/build/examples/./Example_spec_kryschur[0x41171f]
[genoahost094:2385589] [11] /lib64/libc.so.6(+0x2a610)[0x15528862a610]
[genoahost094:2385589] [12] /lib64/libc.so.6(__libc_start_main+0x80)[0x15528862a6c0]
[genoahost094:2385589] [13] /direct/sdcc+u/poare/Grid/build/examples/./Example_spec_kryschur[0x414705]
[genoahost094:2385589] *** End of error message ***

__|__|__|__|__|__|__|__|__|__|__|__|__|__|__
__|__|__|__|__|__|__|__|__|__|__|__|__|__|__
__|_ |  |  |  |  |  |  |  |  |  |  |  | _|__
__|_                                    _|__
__|_   GGGG    RRRR    III    DDDD      _|__
__|_  G        R   R    I     D   D     _|__
__|_  G        R   R    I     D    D    _|__
__|_  G  GG    RRRR     I     D    D    _|__
__|_  G   G    R  R     I     D   D     _|__
__|_   GGGG    R   R   III    DDDD      _|__
__|_                                    _|__
__|__|__|__|__|__|__|__|__|__|__|__|__|__|__
__|__|__|__|__|__|__|__|__|__|__|__|__|__|__
  |  |  |  |  |  |  |  |  |  |  |  |  |  |  


Copyright (C) 2015 Peter Boyle, Azusa Yamaguchi, Guido Cossu, Antonin Portelli and other authors

This program is free software; you can redistribute it and/or modify
it under the terms of the GNU General Public License as published by
the Free Software Foundation; either version 2 of the License, or
(at your option) any later version.

This program is distributed in the hope that it will be useful,
but WITHOUT ANY WARRANTY; without even the implied warranty of
MERCHANTABILITY or FITNESS FOR A PARTICULAR PURPOSE.  See the
GNU General Public License for more details.
Current Grid git commit hash=82d411ca7bb8ec4a5b5c3815df23674cfd291070: (HEAD -> develop, origin/develop, origin/HEAD) clean

Grid : Message : ================================================ 
Grid : Message : MPI is initialised and logging filters activated 
Grid : Message : ================================================ 
Grid : Message : This rank is running on host genoahost094.sdcc.bnl.local at local time 2026-03-04 12:41:11
Grid : Message : Requested 17179869184 byte stencil comms buffers 
Grid : Message : MemoryManager::Init() setting up
Grid : Message : MemoryManager::Init() cache pool for recent host   allocations: SMALL 8 LARGE 2 HUGE 0
Grid : Message : MemoryManager::Init() cache pool for recent device allocations: SMALL 16 LARGE 8 Huge 0
Grid : Message : MemoryManager::Init() cache pool for recent shared allocations: SMALL 16 LARGE 8 Huge 0
Grid : Message : MemoryManager::Init() Unified memory space
Sorting eigenvalues using EvalReSmall
Grid : Message : 0.581000 s : Lattice size: [32 32 32 32]
Example_spec_kryschur: ../../Grid/communicator/SharedMemoryMPI.cc:434: static void Grid::GlobalSharedMemory::OptimalCommunicatorSharedMemory(const Coordinate&, ompi_communicator_t*&, Grid::Coordinate&): Assertion `WorldSize==Nprocessors' failed.
[genoahost094:2385582] *** Process received signal ***
[genoahost094:2385582] Signal: Aborted (6)
[genoahost094:2385582] Signal code:  (-6)
[genoahost094:2385582] [ 0] /lib64/libc.so.6(+0x3fc30)[0x152d1dc3fc30]
[genoahost094:2385582] [ 1] /lib64/libc.so.6(+0x8d02c)[0x152d1dc8d02c]
[genoahost094:2385582] [ 2] /lib64/libc.so.6(raise+0x16)[0x152d1dc3fb86]
[genoahost094:2385582] [ 3] /lib64/libc.so.6(abort+0xd3)[0x152d1dc29873]
[genoahost094:2385582] [ 4] /lib64/libc.so.6(+0x2979b)[0x152d1dc2979b]
[genoahost094:2385582] [ 5] /lib64/libc.so.6(+0x388c6)[0x152d1dc388c6]
[genoahost094:2385582] [ 6] /direct/sdcc+u/poare/Grid/build/examples/./Example_spec_kryschur[0x4cc186]
[genoahost094:2385582] [ 7] /direct/sdcc+u/poare/Grid/build/examples/./Example_spec_kryschur[0x4cc271]
[genoahost094:2385582] [ 8] /direct/sdcc+u/poare/Grid/build/examples/./Example_spec_kryschur[0x4c7e15]
[genoahost094:2385582] [ 9] /direct/sdcc+u/poare/Grid/build/examples/./Example_spec_kryschur[0x4b5ecf]
[genoahost094:2385582] [10] /direct/sdcc+u/poare/Grid/build/examples/./Example_spec_kryschur[0x41171f]
[genoahost094:2385582] [11] /lib64/libc.so.6(+0x2a610)[0x152d1dc2a610]
[genoahost094:2385582] [12] /lib64/libc.so.6(__libc_start_main+0x80)[0x152d1dc2a6c0]
[genoahost094:2385582] [13] /direct/sdcc+u/poare/Grid/build/examples/./Example_spec_kryschur[0x414705]
[genoahost094:2385582] *** End of error message ***

__|__|__|__|__|__|__|__|__|__|__|__|__|__|__
__|__|__|__|__|__|__|__|__|__|__|__|__|__|__
__|_ |  |  |  |  |  |  |  |  |  |  |  | _|__
__|_                                    _|__
__|_   GGGG    RRRR    III    DDDD      _|__
__|_  G        R   R    I     D   D     _|__
__|_  G        R   R    I     D    D    _|__
__|_  G  GG    RRRR     I     D    D    _|__
__|_  G   G    R  R     I     D   D     _|__
__|_   GGGG    R   R   III    DDDD      _|__
__|_                                    _|__
__|__|__|__|__|__|__|__|__|__|__|__|__|__|__
__|__|__|__|__|__|__|__|__|__|__|__|__|__|__
  |  |  |  |  |  |  |  |  |  |  |  |  |  |  


Copyright (C) 2015 Peter Boyle, Azusa Yamaguchi, Guido Cossu, Antonin Portelli and other authors

This program is free software; you can redistribute it and/or modify
it under the terms of the GNU General Public License as published by
the Free Software Foundation; either version 2 of the License, or
(at your option) any later version.

This program is distributed in the hope that it will be useful,
but WITHOUT ANY WARRANTY; without even the implied warranty of
MERCHANTABILITY or FITNESS FOR A PARTICULAR PURPOSE.  See the
GNU General Public License for more details.
Current Grid git commit hash=82d411ca7bb8ec4a5b5c3815df23674cfd291070: (HEAD -> develop, origin/develop, origin/HEAD) clean

Grid : Message : ================================================ 
Grid : Message : MPI is initialised and logging filters activated 
Grid : Message : ================================================ 
Grid : Message : This rank is running on host genoahost094.sdcc.bnl.local at local time 2026-03-04 12:41:11
Grid : Message : Requested 17179869184 byte stencil comms buffers 
Grid : Message : MemoryManager::Init() setting up
Grid : Message : MemoryManager::Init() cache pool for recent host   allocations: SMALL 8 LARGE 2 HUGE 0
Grid : Message : MemoryManager::Init() cache pool for recent device allocations: SMALL 16 LARGE 8 Huge 0
Grid : Message : MemoryManager::Init() cache pool for recent shared allocations: SMALL 16 LARGE 8 Huge 0
Grid : Message : MemoryManager::Init() Unified memory space
Sorting eigenvalues using EvalReSmall
Grid : Message : 0.516000 s : Lattice size: [32 32 32 32]
Example_spec_kryschur: ../../Grid/communicator/SharedMemoryMPI.cc:434: static void Grid::GlobalSharedMemory::OptimalCommunicatorSharedMemory(const Coordinate&, ompi_communicator_t*&, Grid::Coordinate&): Assertion `WorldSize==Nprocessors' failed.
[genoahost094:2385575] *** Process received signal ***
[genoahost094:2385575] Signal: Aborted (6)
[genoahost094:2385575] Signal code:  (-6)
[genoahost094:2385575] [ 0] /lib64/libc.so.6(+0x3fc30)[0x14df6e43fc30]
[genoahost094:2385575] [ 1] /lib64/libc.so.6(+0x8d02c)[0x14df6e48d02c]
[genoahost094:2385575] [ 2] /lib64/libc.so.6(raise+0x16)[0x14df6e43fb86]
[genoahost094:2385575] [ 3] /lib64/libc.so.6(abort+0xd3)[0x14df6e429873]
[genoahost094:2385575] [ 4] /lib64/libc.so.6(+0x2979b)[0x14df6e42979b]
[genoahost094:2385575] [ 5] /lib64/libc.so.6(+0x388c6)[0x14df6e4388c6]
[genoahost094:2385575] [ 6] /direct/sdcc+u/poare/Grid/build/examples/./Example_spec_kryschur[0x4cc186]
[genoahost094:2385575] [ 7] /direct/sdcc+u/poare/Grid/build/examples/./Example_spec_kryschur[0x4cc271]
[genoahost094:2385575] [ 8] /direct/sdcc+u/poare/Grid/build/examples/./Example_spec_kryschur[0x4c7e15]
[genoahost094:2385575] [ 9] /direct/sdcc+u/poare/Grid/build/examples/./Example_spec_kryschur[0x4b5ecf]
[genoahost094:2385575] [10] /direct/sdcc+u/poare/Grid/build/examples/./Example_spec_kryschur[0x41171f]
[genoahost094:2385575] [11] /lib64/libc.so.6(+0x2a610)[0x14df6e42a610]
[genoahost094:2385575] [12] /lib64/libc.so.6(__libc_start_main+0x80)[0x14df6e42a6c0]
[genoahost094:2385575] [13] /direct/sdcc+u/poare/Grid/build/examples/./Example_spec_kryschur[0x414705]
[genoahost094:2385575] *** End of error message ***

__|__|__|__|__|__|__|__|__|__|__|__|__|__|__
__|__|__|__|__|__|__|__|__|__|__|__|__|__|__
__|_ |  |  |  |  |  |  |  |  |  |  |  | _|__
__|_                                    _|__
__|_   GGGG    RRRR    III    DDDD      _|__
__|_  G        R   R    I     D   D     _|__
__|_  G        R   R    I     D    D    _|__
__|_  G  GG    RRRR     I     D    D    _|__
__|_  G   G    R  R     I     D   D     _|__
__|_   GGGG    R   R   III    DDDD      _|__
__|_                                    _|__
__|__|__|__|__|__|__|__|__|__|__|__|__|__|__
__|__|__|__|__|__|__|__|__|__|__|__|__|__|__
  |  |  |  |  |  |  |  |  |  |  |  |  |  |  


Copyright (C) 2015 Peter Boyle, Azusa Yamaguchi, Guido Cossu, Antonin Portelli and other authors

This program is free software; you can redistribute it and/or modify
it under the terms of the GNU General Public License as published by
the Free Software Foundation; either version 2 of the License, or
(at your option) any later version.

This program is distributed in the hope that it will be useful,
but WITHOUT ANY WARRANTY; without even the implied warranty of
MERCHANTABILITY or FITNESS FOR A PARTICULAR PURPOSE.  See the
GNU General Public License for more details.
Current Grid git commit hash=82d411ca7bb8ec4a5b5c3815df23674cfd291070: (HEAD -> develop, origin/develop, origin/HEAD) clean

Grid : Message : ================================================ 
Grid : Message : MPI is initialised and logging filters activated 
Grid : Message : ================================================ 
Grid : Message : This rank is running on host genoahost094.sdcc.bnl.local at local time 2026-03-04 12:41:11
Grid : Message : Requested 17179869184 byte stencil comms buffers 
Grid : Message : MemoryManager::Init() setting up
Grid : Message : MemoryManager::Init() cache pool for recent host   allocations: SMALL 8 LARGE 2 HUGE 0
Grid : Message : MemoryManager::Init() cache pool for recent device allocations: SMALL 16 LARGE 8 Huge 0
Grid : Message : MemoryManager::Init() cache pool for recent shared allocations: SMALL 16 LARGE 8 Huge 0
Grid : Message : MemoryManager::Init() Unified memory space
Sorting eigenvalues using EvalReSmall
Grid : Message : 0.505000 s : Lattice size: [32 32 32 32]
Example_spec_kryschur: ../../Grid/communicator/SharedMemoryMPI.cc:434: static void Grid::GlobalSharedMemory::OptimalCommunicatorSharedMemory(const Coordinate&, ompi_communicator_t*&, Grid::Coordinate&): Assertion `WorldSize==Nprocessors' failed.
[genoahost094:2385584] *** Process received signal ***
[genoahost094:2385584] Signal: Aborted (6)
[genoahost094:2385584] Signal code:  (-6)
[genoahost094:2385584] [ 0] /lib64/libc.so.6(+0x3fc30)[0x152a9ca3fc30]
[genoahost094:2385584] [ 1] /lib64/libc.so.6(+0x8d02c)[0x152a9ca8d02c]
[genoahost094:2385584] [ 2] /lib64/libc.so.6(raise+0x16)[0x152a9ca3fb86]
[genoahost094:2385584] [ 3] /lib64/libc.so.6(abort+0xd3)[0x152a9ca29873]
[genoahost094:2385584] [ 4] /lib64/libc.so.6(+0x2979b)[0x152a9ca2979b]
[genoahost094:2385584] [ 5] /lib64/libc.so.6(+0x388c6)[0x152a9ca388c6]
[genoahost094:2385584] [ 6] /direct/sdcc+u/poare/Grid/build/examples/./Example_spec_kryschur[0x4cc186]
[genoahost094:2385584] [ 7] /direct/sdcc+u/poare/Grid/build/examples/./Example_spec_kryschur[0x4cc271]
[genoahost094:2385584] [ 8] /direct/sdcc+u/poare/Grid/build/examples/./Example_spec_kryschur[0x4c7e15]
[genoahost094:2385584] [ 9] /direct/sdcc+u/poare/Grid/build/examples/./Example_spec_kryschur[0x4b5ecf]
[genoahost094:2385584] [10] /direct/sdcc+u/poare/Grid/build/examples/./Example_spec_kryschur[0x41171f]
[genoahost094:2385584] [11] /lib64/libc.so.6(+0x2a610)[0x152a9ca2a610]
[genoahost094:2385584] [12] /lib64/libc.so.6(__libc_start_main+0x80)[0x152a9ca2a6c0]
[genoahost094:2385584] [13] /direct/sdcc+u/poare/Grid/build/examples/./Example_spec_kryschur[0x414705]
[genoahost094:2385584] *** End of error message ***

__|__|__|__|__|__|__|__|__|__|__|__|__|__|__
__|__|__|__|__|__|__|__|__|__|__|__|__|__|__
__|_ |  |  |  |  |  |  |  |  |  |  |  | _|__
__|_                                    _|__
__|_   GGGG    RRRR    III    DDDD      _|__
__|_  G        R   R    I     D   D     _|__
__|_  G        R   R    I     D    D    _|__
__|_  G  GG    RRRR     I     D    D    _|__
__|_  G   G    R  R     I     D   D     _|__
__|_   GGGG    R   R   III    DDDD      _|__
__|_                                    _|__
__|__|__|__|__|__|__|__|__|__|__|__|__|__|__
__|__|__|__|__|__|__|__|__|__|__|__|__|__|__
  |  |  |  |  |  |  |  |  |  |  |  |  |  |  


Copyright (C) 2015 Peter Boyle, Azusa Yamaguchi, Guido Cossu, Antonin Portelli and other authors

This program is free software; you can redistribute it and/or modify
it under the terms of the GNU General Public License as published by
the Free Software Foundation; either version 2 of the License, or
(at your option) any later version.

This program is distributed in the hope that it will be useful,
but WITHOUT ANY WARRANTY; without even the implied warranty of
MERCHANTABILITY or FITNESS FOR A PARTICULAR PURPOSE.  See the
GNU General Public License for more details.
Current Grid git commit hash=82d411ca7bb8ec4a5b5c3815df23674cfd291070: (HEAD -> develop, origin/develop, origin/HEAD) clean

Grid : Message : ================================================ 
Grid : Message : MPI is initialised and logging filters activated 
Grid : Message : ================================================ 
Grid : Message : This rank is running on host genoahost094.sdcc.bnl.local at local time 2026-03-04 12:41:11
Grid : Message : Requested 17179869184 byte stencil comms buffers 
Grid : Message : MemoryManager::Init() setting up
Grid : Message : MemoryManager::Init() cache pool for recent host   allocations: SMALL 8 LARGE 2 HUGE 0
Grid : Message : MemoryManager::Init() cache pool for recent device allocations: SMALL 16 LARGE 8 Huge 0
Grid : Message : MemoryManager::Init() cache pool for recent shared allocations: SMALL 16 LARGE 8 Huge 0
Grid : Message : MemoryManager::Init() Unified memory space
Sorting eigenvalues using EvalReSmall
Grid : Message : 0.583000 s : Lattice size: [32 32 32 32]
Example_spec_kryschur: ../../Grid/communicator/SharedMemoryMPI.cc:434: static void Grid::GlobalSharedMemory::OptimalCommunicatorSharedMemory(const Coordinate&, ompi_communicator_t*&, Grid::Coordinate&): Assertion `WorldSize==Nprocessors' failed.
[genoahost094:2385583] *** Process received signal ***
[genoahost094:2385583] Signal: Aborted (6)
[genoahost094:2385583] Signal code:  (-6)
[genoahost094:2385583] [ 0] /lib64/libc.so.6(+0x3fc30)[0x14595383fc30]
[genoahost094:2385583] [ 1] /lib64/libc.so.6(+0x8d02c)[0x14595388d02c]
[genoahost094:2385583] [ 2] /lib64/libc.so.6(raise+0x16)[0x14595383fb86]
[genoahost094:2385583] [ 3] /lib64/libc.so.6(abort+0xd3)[0x145953829873]
[genoahost094:2385583] [ 4] /lib64/libc.so.6(+0x2979b)[0x14595382979b]
[genoahost094:2385583] [ 5] /lib64/libc.so.6(+0x388c6)[0x1459538388c6]
[genoahost094:2385583] [ 6] /direct/sdcc+u/poare/Grid/build/examples/./Example_spec_kryschur[0x4cc186]
[genoahost094:2385583] [ 7] /direct/sdcc+u/poare/Grid/build/examples/./Example_spec_kryschur[0x4cc271]
[genoahost094:2385583] [ 8] /direct/sdcc+u/poare/Grid/build/examples/./Example_spec_kryschur[0x4c7e15]
[genoahost094:2385583] [ 9] /direct/sdcc+u/poare/Grid/build/examples/./Example_spec_kryschur[0x4b5ecf]
[genoahost094:2385583] [10] /direct/sdcc+u/poare/Grid/build/examples/./Example_spec_kryschur[0x41171f]
[genoahost094:2385583] [11] /lib64/libc.so.6(+0x2a610)[0x14595382a610]
[genoahost094:2385583] [12] /lib64/libc.so.6(__libc_start_main+0x80)[0x14595382a6c0]
[genoahost094:2385583] [13] /direct/sdcc+u/poare/Grid/build/examples/./Example_spec_kryschur[0x414705]
[genoahost094:2385583] *** End of error message ***
srun: error: genoahost096: tasks 121,125: Aborted (core dumped)

__|__|__|__|__|__|__|__|__|__|__|__|__|__|__
__|__|__|__|__|__|__|__|__|__|__|__|__|__|__
__|_ |  |  |  |  |  |  |  |  |  |  |  | _|__
__|_                                    _|__
__|_   GGGG    RRRR    III    DDDD      _|__
__|_  G        R   R    I     D   D     _|__
__|_  G        R   R    I     D    D    _|__
__|_  G  GG    RRRR     I     D    D    _|__
__|_  G   G    R  R     I     D   D     _|__
__|_   GGGG    R   R   III    DDDD      _|__
__|_                                    _|__
__|__|__|__|__|__|__|__|__|__|__|__|__|__|__
__|__|__|__|__|__|__|__|__|__|__|__|__|__|__
  |  |  |  |  |  |  |  |  |  |  |  |  |  |  


Copyright (C) 2015 Peter Boyle, Azusa Yamaguchi, Guido Cossu, Antonin Portelli and other authors

This program is free software; you can redistribute it and/or modify
it under the terms of the GNU General Public License as published by
the Free Software Foundation; either version 2 of the License, or
(at your option) any later version.

This program is distributed in the hope that it will be useful,
but WITHOUT ANY WARRANTY; without even the implied warranty of
MERCHANTABILITY or FITNESS FOR A PARTICULAR PURPOSE.  See the
GNU General Public License for more details.
Current Grid git commit hash=82d411ca7bb8ec4a5b5c3815df23674cfd291070: (HEAD -> develop, origin/develop, origin/HEAD) clean

Grid : Message : ================================================ 
Grid : Message : MPI is initialised and logging filters activated 
Grid : Message : ================================================ 
Grid : Message : This rank is running on host genoahost094.sdcc.bnl.local at local time 2026-03-04 12:41:11
Grid : Message : Requested 17179869184 byte stencil comms buffers 
Grid : Message : MemoryManager::Init() setting up
Grid : Message : MemoryManager::Init() cache pool for recent host   allocations: SMALL 8 LARGE 2 HUGE 0
Grid : Message : MemoryManager::Init() cache pool for recent device allocations: SMALL 16 LARGE 8 Huge 0
Grid : Message : MemoryManager::Init() cache pool for recent shared allocations: SMALL 16 LARGE 8 Huge 0
Grid : Message : MemoryManager::Init() Unified memory space
Sorting eigenvalues using EvalReSmall
Grid : Message : 0.623000 s : Lattice size: [32 32 32 32]
Example_spec_kryschur: ../../Grid/communicator/SharedMemoryMPI.cc:434: static void Grid::GlobalSharedMemory::OptimalCommunicatorSharedMemory(const Coordinate&, ompi_communicator_t*&, Grid::Coordinate&): Assertion `WorldSize==Nprocessors' failed.
[genoahost094:2385580] *** Process received signal ***
[genoahost094:2385580] Signal: Aborted (6)
[genoahost094:2385580] Signal code:  (-6)
[genoahost094:2385580] [ 0] /lib64/libc.so.6(+0x3fc30)[0x1550e163fc30]
[genoahost094:2385580] [ 1] /lib64/libc.so.6(+0x8d02c)[0x1550e168d02c]
[genoahost094:2385580] [ 2] /lib64/libc.so.6(raise+0x16)[0x1550e163fb86]
[genoahost094:2385580] [ 3] /lib64/libc.so.6(abort+0xd3)[0x1550e1629873]
[genoahost094:2385580] [ 4] /lib64/libc.so.6(+0x2979b)[0x1550e162979b]
[genoahost094:2385580] [ 5] /lib64/libc.so.6(+0x388c6)[0x1550e16388c6]
[genoahost094:2385580] [ 6] /direct/sdcc+u/poare/Grid/build/examples/./Example_spec_kryschur[0x4cc186]
[genoahost094:2385580] [ 7] /direct/sdcc+u/poare/Grid/build/examples/./Example_spec_kryschur[0x4cc271]
[genoahost094:2385580] [ 8] /direct/sdcc+u/poare/Grid/build/examples/./Example_spec_kryschur[0x4c7e15]
[genoahost094:2385580] [ 9] /direct/sdcc+u/poare/Grid/build/examples/./Example_spec_kryschur[0x4b5ecf]
[genoahost094:2385580] [10] /direct/sdcc+u/poare/Grid/build/examples/./Example_spec_kryschur[0x41171f]
[genoahost094:2385580] [11] /lib64/libc.so.6(+0x2a610)[0x1550e162a610]
[genoahost094:2385580] [12] /lib64/libc.so.6(__libc_start_main+0x80)[0x1550e162a6c0]
[genoahost094:2385580] [13] /direct/sdcc+u/poare/Grid/build/examples/./Example_spec_kryschur[0x414705]
[genoahost094:2385580] *** End of error message ***

__|__|__|__|__|__|__|__|__|__|__|__|__|__|__
__|__|__|__|__|__|__|__|__|__|__|__|__|__|__
__|_ |  |  |  |  |  |  |  |  |  |  |  | _|__
__|_                                    _|__
__|_   GGGG    RRRR    III    DDDD      _|__
__|_  G        R   R    I     D   D     _|__
__|_  G        R   R    I     D    D    _|__
__|_  G  GG    RRRR     I     D    D    _|__
__|_  G   G    R  R     I     D   D     _|__
__|_   GGGG    R   R   III    DDDD      _|__
__|_                                    _|__
__|__|__|__|__|__|__|__|__|__|__|__|__|__|__
__|__|__|__|__|__|__|__|__|__|__|__|__|__|__
  |  |  |  |  |  |  |  |  |  |  |  |  |  |  


Copyright (C) 2015 Peter Boyle, Azusa Yamaguchi, Guido Cossu, Antonin Portelli and other authors

This program is free software; you can redistribute it and/or modify
it under the terms of the GNU General Public License as published by
the Free Software Foundation; either version 2 of the License, or
(at your option) any later version.

This program is distributed in the hope that it will be useful,
but WITHOUT ANY WARRANTY; without even the implied warranty of
MERCHANTABILITY or FITNESS FOR A PARTICULAR PURPOSE.  See the
GNU General Public License for more details.
Current Grid git commit hash=82d411ca7bb8ec4a5b5c3815df23674cfd291070: (HEAD -> develop, origin/develop, origin/HEAD) clean

Grid : Message : ================================================ 
Grid : Message : MPI is initialised and logging filters activated 
Grid : Message : ================================================ 
Grid : Message : This rank is running on host genoahost094.sdcc.bnl.local at local time 2026-03-04 12:41:11
Grid : Message : Requested 17179869184 byte stencil comms buffers 
Grid : Message : MemoryManager::Init() setting up
Grid : Message : MemoryManager::Init() cache pool for recent host   allocations: SMALL 8 LARGE 2 HUGE 0
Grid : Message : MemoryManager::Init() cache pool for recent device allocations: SMALL 16 LARGE 8 Huge 0
Grid : Message : MemoryManager::Init() cache pool for recent shared allocations: SMALL 16 LARGE 8 Huge 0
Grid : Message : MemoryManager::Init() Unified memory space
Sorting eigenvalues using EvalReSmall
Grid : Message : 0.516000 s : Lattice size: [32 32 32 32]
Example_spec_kryschur: ../../Grid/communicator/SharedMemoryMPI.cc:434: static void Grid::GlobalSharedMemory::OptimalCommunicatorSharedMemory(const Coordinate&, ompi_communicator_t*&, Grid::Coordinate&): Assertion `WorldSize==Nprocessors' failed.
[genoahost094:2385581] *** Process received signal ***
[genoahost094:2385581] Signal: Aborted (6)
[genoahost094:2385581] Signal code:  (-6)
[genoahost094:2385581] [ 0] /lib64/libc.so.6(+0x3fc30)[0x146ad3a3fc30]
[genoahost094:2385581] [ 1] /lib64/libc.so.6(+0x8d02c)[0x146ad3a8d02c]
[genoahost094:2385581] [ 2] /lib64/libc.so.6(raise+0x16)[0x146ad3a3fb86]
[genoahost094:2385581] [ 3] /lib64/libc.so.6(abort+0xd3)[0x146ad3a29873]
[genoahost094:2385581] [ 4] /lib64/libc.so.6(+0x2979b)[0x146ad3a2979b]
[genoahost094:2385581] [ 5] /lib64/libc.so.6(+0x388c6)[0x146ad3a388c6]
[genoahost094:2385581] [ 6] /direct/sdcc+u/poare/Grid/build/examples/./Example_spec_kryschur[0x4cc186]
[genoahost094:2385581] [ 7] /direct/sdcc+u/poare/Grid/build/examples/./Example_spec_kryschur[0x4cc271]
[genoahost094:2385581] [ 8] /direct/sdcc+u/poare/Grid/build/examples/./Example_spec_kryschur[0x4c7e15]
[genoahost094:2385581] [ 9] /direct/sdcc+u/poare/Grid/build/examples/./Example_spec_kryschur[0x4b5ecf]
[genoahost094:2385581] [10] /direct/sdcc+u/poare/Grid/build/examples/./Example_spec_kryschur[0x41171f]
[genoahost094:2385581] [11] /lib64/libc.so.6(+0x2a610)[0x146ad3a2a610]
[genoahost094:2385581] [12] /lib64/libc.so.6(__libc_start_main+0x80)[0x146ad3a2a6c0]
[genoahost094:2385581] [13] /direct/sdcc+u/poare/Grid/build/examples/./Example_spec_kryschur[0x414705]
[genoahost094:2385581] *** End of error message ***
srun: error: genoahost091: tasks 33,43: Aborted (core dumped)
srun: error: genoahost096: task 116: Aborted (core dumped)

__|__|__|__|__|__|__|__|__|__|__|__|__|__|__
__|__|__|__|__|__|__|__|__|__|__|__|__|__|__
__|_ |  |  |  |  |  |  |  |  |  |  |  | _|__
__|_                                    _|__
__|_   GGGG    RRRR    III    DDDD      _|__
__|_  G        R   R    I     D   D     _|__
__|_  G        R   R    I     D    D    _|__
__|_  G  GG    RRRR     I     D    D    _|__
__|_  G   G    R  R     I     D   D     _|__
__|_   GGGG    R   R   III    DDDD      _|__
__|_                                    _|__
__|__|__|__|__|__|__|__|__|__|__|__|__|__|__
__|__|__|__|__|__|__|__|__|__|__|__|__|__|__
  |  |  |  |  |  |  |  |  |  |  |  |  |  |  


Copyright (C) 2015 Peter Boyle, Azusa Yamaguchi, Guido Cossu, Antonin Portelli and other authors

This program is free software; you can redistribute it and/or modify
it under the terms of the GNU General Public License as published by
the Free Software Foundation; either version 2 of the License, or
(at your option) any later version.

This program is distributed in the hope that it will be useful,
but WITHOUT ANY WARRANTY; without even the implied warranty of
MERCHANTABILITY or FITNESS FOR A PARTICULAR PURPOSE.  See the
GNU General Public License for more details.
Current Grid git commit hash=82d411ca7bb8ec4a5b5c3815df23674cfd291070: (HEAD -> develop, origin/develop, origin/HEAD) clean

Grid : Message : ================================================ 
Grid : Message : MPI is initialised and logging filters activated 
Grid : Message : ================================================ 
Grid : Message : This rank is running on host genoahost094.sdcc.bnl.local at local time 2026-03-04 12:41:11
Grid : Message : Requested 17179869184 byte stencil comms buffers 
Grid : Message : MemoryManager::Init() setting up
Grid : Message : MemoryManager::Init() cache pool for recent host   allocations: SMALL 8 LARGE 2 HUGE 0
Grid : Message : MemoryManager::Init() cache pool for recent device allocations: SMALL 16 LARGE 8 Huge 0
Grid : Message : MemoryManager::Init() cache pool for recent shared allocations: SMALL 16 LARGE 8 Huge 0
Grid : Message : MemoryManager::Init() Unified memory space
Sorting eigenvalues using EvalReSmall
Grid : Message : 0.630000 s : Lattice size: [32 32 32 32]
Example_spec_kryschur: ../../Grid/communicator/SharedMemoryMPI.cc:434: static void Grid::GlobalSharedMemory::OptimalCommunicatorSharedMemory(const Coordinate&, ompi_communicator_t*&, Grid::Coordinate&): Assertion `WorldSize==Nprocessors' failed.
[genoahost094:2385577] *** Process received signal ***
[genoahost094:2385577] Signal: Aborted (6)
[genoahost094:2385577] Signal code:  (-6)
[genoahost094:2385577] [ 0] /lib64/libc.so.6(+0x3fc30)[0x1471b3e3fc30]
[genoahost094:2385577] [ 1] /lib64/libc.so.6(+0x8d02c)[0x1471b3e8d02c]
[genoahost094:2385577] [ 2] /lib64/libc.so.6(raise+0x16)[0x1471b3e3fb86]
[genoahost094:2385577] [ 3] /lib64/libc.so.6(abort+0xd3)[0x1471b3e29873]
[genoahost094:2385577] [ 4] /lib64/libc.so.6(+0x2979b)[0x1471b3e2979b]
[genoahost094:2385577] [ 5] /lib64/libc.so.6(+0x388c6)[0x1471b3e388c6]
[genoahost094:2385577] [ 6] /direct/sdcc+u/poare/Grid/build/examples/./Example_spec_kryschur[0x4cc186]
[genoahost094:2385577] [ 7] /direct/sdcc+u/poare/Grid/build/examples/./Example_spec_kryschur[0x4cc271]
[genoahost094:2385577] [ 8] /direct/sdcc+u/poare/Grid/build/examples/./Example_spec_kryschur[0x4c7e15]
[genoahost094:2385577] [ 9] /direct/sdcc+u/poare/Grid/build/examples/./Example_spec_kryschur[0x4b5ecf]
[genoahost094:2385577] [10] /direct/sdcc+u/poare/Grid/build/examples/./Example_spec_kryschur[0x41171f]
[genoahost094:2385577] [11] /lib64/libc.so.6(+0x2a610)[0x1471b3e2a610]
[genoahost094:2385577] [12] /lib64/libc.so.6(__libc_start_main+0x80)[0x1471b3e2a6c0]
[genoahost094:2385577] [13] /direct/sdcc+u/poare/Grid/build/examples/./Example_spec_kryschur[0x414705]
[genoahost094:2385577] *** End of error message ***

__|__|__|__|__|__|__|__|__|__|__|__|__|__|__
__|__|__|__|__|__|__|__|__|__|__|__|__|__|__
__|_ |  |  |  |  |  |  |  |  |  |  |  | _|__
__|_                                    _|__
__|_   GGGG    RRRR    III    DDDD      _|__
__|_  G        R   R    I     D   D     _|__
__|_  G        R   R    I     D    D    _|__
__|_  G  GG    RRRR     I     D    D    _|__
__|_  G   G    R  R     I     D   D     _|__
__|_   GGGG    R   R   III    DDDD      _|__
__|_                                    _|__
__|__|__|__|__|__|__|__|__|__|__|__|__|__|__
__|__|__|__|__|__|__|__|__|__|__|__|__|__|__
  |  |  |  |  |  |  |  |  |  |  |  |  |  |  


Copyright (C) 2015 Peter Boyle, Azusa Yamaguchi, Guido Cossu, Antonin Portelli and other authors

This program is free software; you can redistribute it and/or modify
it under the terms of the GNU General Public License as published by
the Free Software Foundation; either version 2 of the License, or
(at your option) any later version.

This program is distributed in the hope that it will be useful,
but WITHOUT ANY WARRANTY; without even the implied warranty of
MERCHANTABILITY or FITNESS FOR A PARTICULAR PURPOSE.  See the
GNU General Public License for more details.
Current Grid git commit hash=82d411ca7bb8ec4a5b5c3815df23674cfd291070: (HEAD -> develop, origin/develop, origin/HEAD) clean

Grid : Message : ================================================ 
Grid : Message : MPI is initialised and logging filters activated 
Grid : Message : ================================================ 
Grid : Message : This rank is running on host genoahost089.sdcc.bnl.local at local time 2026-03-04 12:41:15
Grid : Message : Requested 17179869184 byte stencil comms buffers 
Grid : Message : MemoryManager::Init() setting up
Grid : Message : MemoryManager::Init() cache pool for recent host   allocations: SMALL 8 LARGE 2 HUGE 0
Grid : Message : MemoryManager::Init() cache pool for recent device allocations: SMALL 16 LARGE 8 Huge 0
Grid : Message : MemoryManager::Init() cache pool for recent shared allocations: SMALL 16 LARGE 8 Huge 0
Grid : Message : MemoryManager::Init() Unified memory space
Sorting eigenvalues using EvalReSmall
Grid : Message : 0.187280 s : Lattice size: [32 32 32 32]
Example_spec_kryschur: ../../Grid/communicator/SharedMemoryMPI.cc:434: static void Grid::GlobalSharedMemory::OptimalCommunicatorSharedMemory(const Coordinate&, ompi_communicator_t*&, Grid::Coordinate&): Assertion `WorldSize==Nprocessors' failed.
[genoahost089:583365] *** Process received signal ***
[genoahost089:583365] Signal: Aborted (6)
[genoahost089:583365] Signal code:  (-6)
[genoahost089:583365] [ 0] /lib64/libc.so.6(+0x3fc30)[0x14f056e3fc30]
[genoahost089:583365] [ 1] /lib64/libc.so.6(+0x8d02c)[0x14f056e8d02c]
[genoahost089:583365] [ 2] /lib64/libc.so.6(raise+0x16)[0x14f056e3fb86]
[genoahost089:583365] [ 3] /lib64/libc.so.6(abort+0xd3)[0x14f056e29873]
[genoahost089:583365] [ 4] /lib64/libc.so.6(+0x2979b)[0x14f056e2979b]
[genoahost089:583365] [ 5] /lib64/libc.so.6(+0x388c6)[0x14f056e388c6]
[genoahost089:583365] [ 6] /direct/sdcc+u/poare/Grid/build/examples/./Example_spec_kryschur[0x4cc186]
[genoahost089:583365] [ 7] /direct/sdcc+u/poare/Grid/build/examples/./Example_spec_kryschur[0x4cc271]
[genoahost089:583365] [ 8] /direct/sdcc+u/poare/Grid/build/examples/./Example_spec_kryschur[0x4c7e15]
[genoahost089:583365] [ 9] /direct/sdcc+u/poare/Grid/build/examples/./Example_spec_kryschur[0x4b5ecf]
[genoahost089:583365] [10] /direct/sdcc+u/poare/Grid/build/examples/./Example_spec_kryschur[0x41171f]
[genoahost089:583365] [11] /lib64/libc.so.6(+0x2a610)[0x14f056e2a610]
[genoahost089:583365] [12] /lib64/libc.so.6(__libc_start_main+0x80)[0x14f056e2a6c0]
[genoahost089:583365] [13] /direct/sdcc+u/poare/Grid/build/examples/./Example_spec_kryschur[0x414705]
[genoahost089:583365] *** End of error message ***
srun: error: genoahost095: task 102: Aborted (core dumped)
srun: error: genoahost091: task 39: Aborted (core dumped)
srun: error: genoahost094: task 86: Aborted (core dumped)
srun: error: genoahost093: task 77: Aborted (core dumped)
srun: error: genoahost093: task 68: Aborted (core dumped)
srun: error: genoahost093: task 74: Aborted (core dumped)

__|__|__|__|__|__|__|__|__|__|__|__|__|__|__
__|__|__|__|__|__|__|__|__|__|__|__|__|__|__
__|_ |  |  |  |  |  |  |  |  |  |  |  | _|__
__|_                                    _|__
__|_   GGGG    RRRR    III    DDDD      _|__
__|_  G        R   R    I     D   D     _|__
__|_  G        R   R    I     D    D    _|__
__|_  G  GG    RRRR     I     D    D    _|__
__|_  G   G    R  R     I     D   D     _|__
__|_   GGGG    R   R   III    DDDD      _|__
__|_                                    _|__
__|__|__|__|__|__|__|__|__|__|__|__|__|__|__
__|__|__|__|__|__|__|__|__|__|__|__|__|__|__
  |  |  |  |  |  |  |  |  |  |  |  |  |  |  


Copyright (C) 2015 Peter Boyle, Azusa Yamaguchi, Guido Cossu, Antonin Portelli and other authors

This program is free software; you can redistribute it and/or modify
it under the terms of the GNU General Public License as published by
the Free Software Foundation; either version 2 of the License, or
(at your option) any later version.

This program is distributed in the hope that it will be useful,
but WITHOUT ANY WARRANTY; without even the implied warranty of
MERCHANTABILITY or FITNESS FOR A PARTICULAR PURPOSE.  See the
GNU General Public License for more details.
Current Grid git commit hash=82d411ca7bb8ec4a5b5c3815df23674cfd291070: (HEAD -> develop, origin/develop, origin/HEAD) clean

Grid : Message : ================================================ 
Grid : Message : MPI is initialised and logging filters activated 
Grid : Message : ================================================ 
Grid : Message : This rank is running on host genoahost095.sdcc.bnl.local at local time 2026-03-04 12:41:22
Grid : Message : Requested 17179869184 byte stencil comms buffers 
Grid : Message : MemoryManager::Init() setting up
Grid : Message : MemoryManager::Init() cache pool for recent host   allocations: SMALL 8 LARGE 2 HUGE 0
Grid : Message : MemoryManager::Init() cache pool for recent device allocations: SMALL 16 LARGE 8 Huge 0
Grid : Message : MemoryManager::Init() cache pool for recent shared allocations: SMALL 16 LARGE 8 Huge 0
Grid : Message : MemoryManager::Init() Unified memory space
Sorting eigenvalues using EvalReSmall
Grid : Message : 0.644000 s : Lattice size: [32 32 32 32]
Example_spec_kryschur: ../../Grid/communicator/SharedMemoryMPI.cc:434: static void Grid::GlobalSharedMemory::OptimalCommunicatorSharedMemory(const Coordinate&, ompi_communicator_t*&, Grid::Coordinate&): Assertion `WorldSize==Nprocessors' failed.
[genoahost095:2398004] *** Process received signal ***
[genoahost095:2398004] Signal: Aborted (6)
[genoahost095:2398004] Signal code:  (-6)
[genoahost095:2398004] [ 0] /lib64/libc.so.6(+0x3fc30)[0x14784fc3fc30]
[genoahost095:2398004] [ 1] /lib64/libc.so.6(+0x8d02c)[0x14784fc8d02c]
[genoahost095:2398004] [ 2] /lib64/libc.so.6(raise+0x16)[0x14784fc3fb86]
[genoahost095:2398004] [ 3] /lib64/libc.so.6(abort+0xd3)[0x14784fc29873]
[genoahost095:2398004] [ 4] /lib64/libc.so.6(+0x2979b)[0x14784fc2979b]
[genoahost095:2398004] [ 5] /lib64/libc.so.6(+0x388c6)[0x14784fc388c6]
[genoahost095:2398004] [ 6] /direct/sdcc+u/poare/Grid/build/examples/./Example_spec_kryschur[0x4cc186]
[genoahost095:2398004] [ 7] /direct/sdcc+u/poare/Grid/build/examples/./Example_spec_kryschur[0x4cc271]
[genoahost095:2398004] [ 8] /direct/sdcc+u/poare/Grid/build/examples/./Example_spec_kryschur[0x4c7e15]
[genoahost095:2398004] [ 9] /direct/sdcc+u/poare/Grid/build/examples/./Example_spec_kryschur[0x4b5ecf]
[genoahost095:2398004] [10] /direct/sdcc+u/poare/Grid/build/examples/./Example_spec_kryschur[0x41171f]
[genoahost095:2398004] [11] /lib64/libc.so.6(+0x2a610)[0x14784fc2a610]
[genoahost095:2398004] [12] /lib64/libc.so.6(__libc_start_main+0x80)[0x14784fc2a6c0]
[genoahost095:2398004] [13] /direct/sdcc+u/poare/Grid/build/examples/./Example_spec_kryschur[0x414705]
[genoahost095:2398004] *** End of error message ***
srun: error: genoahost090: task 31: Aborted (core dumped)

__|__|__|__|__|__|__|__|__|__|__|__|__|__|__
__|__|__|__|__|__|__|__|__|__|__|__|__|__|__
__|_ |  |  |  |  |  |  |  |  |  |  |  | _|__
__|_                                    _|__
__|_   GGGG    RRRR    III    DDDD      _|__
__|_  G        R   R    I     D   D     _|__
__|_  G        R   R    I     D    D    _|__
__|_  G  GG    RRRR     I     D    D    _|__
__|_  G   G    R  R     I     D   D     _|__
__|_   GGGG    R   R   III    DDDD      _|__
__|_                                    _|__
__|__|__|__|__|__|__|__|__|__|__|__|__|__|__
__|__|__|__|__|__|__|__|__|__|__|__|__|__|__
  |  |  |  |  |  |  |  |  |  |  |  |  |  |  


Copyright (C) 2015 Peter Boyle, Azusa Yamaguchi, Guido Cossu, Antonin Portelli and other authors

This program is free software; you can redistribute it and/or modify
it under the terms of the GNU General Public License as published by
the Free Software Foundation; either version 2 of the License, or
(at your option) any later version.

This program is distributed in the hope that it will be useful,
but WITHOUT ANY WARRANTY; without even the implied warranty of
MERCHANTABILITY or FITNESS FOR A PARTICULAR PURPOSE.  See the
GNU General Public License for more details.
Current Grid git commit hash=82d411ca7bb8ec4a5b5c3815df23674cfd291070: (HEAD -> develop, origin/develop, origin/HEAD) clean

Grid : Message : ================================================ 
Grid : Message : MPI is initialised and logging filters activated 
Grid : Message : ================================================ 
Grid : Message : This rank is running on host genoahost092.sdcc.bnl.local at local time 2026-03-04 12:41:24
Grid : Message : Requested 17179869184 byte stencil comms buffers 
Grid : Message : MemoryManager::Init() setting up
Grid : Message : MemoryManager::Init() cache pool for recent host   allocations: SMALL 8 LARGE 2 HUGE 0
Grid : Message : MemoryManager::Init() cache pool for recent device allocations: SMALL 16 LARGE 8 Huge 0
Grid : Message : MemoryManager::Init() cache pool for recent shared allocations: SMALL 16 LARGE 8 Huge 0
Grid : Message : MemoryManager::Init() Unified memory space
Sorting eigenvalues using EvalReSmall
Grid : Message : 0.637000 s : Lattice size: [32 32 32 32]
Example_spec_kryschur: ../../Grid/communicator/SharedMemoryMPI.cc:434: static void Grid::GlobalSharedMemory::OptimalCommunicatorSharedMemory(const Coordinate&, ompi_communicator_t*&, Grid::Coordinate&): Assertion `WorldSize==Nprocessors' failed.
[genoahost092:2288510] *** Process received signal ***
[genoahost092:2288510] Signal: Aborted (6)
[genoahost092:2288510] Signal code:  (-6)
[genoahost092:2288510] [ 0] /lib64/libc.so.6(+0x3fc30)[0x1537e583fc30]
[genoahost092:2288510] [ 1] /lib64/libc.so.6(+0x8d02c)[0x1537e588d02c]
[genoahost092:2288510] [ 2] /lib64/libc.so.6(raise+0x16)[0x1537e583fb86]
[genoahost092:2288510] [ 3] /lib64/libc.so.6(abort+0xd3)[0x1537e5829873]
[genoahost092:2288510] [ 4] /lib64/libc.so.6(+0x2979b)[0x1537e582979b]
[genoahost092:2288510] [ 5] /lib64/libc.so.6(+0x388c6)[0x1537e58388c6]
[genoahost092:2288510] [ 6] /direct/sdcc+u/poare/Grid/build/examples/./Example_spec_kryschur[0x4cc186]
[genoahost092:2288510] [ 7] /direct/sdcc+u/poare/Grid/build/examples/./Example_spec_kryschur[0x4cc271]
[genoahost092:2288510] [ 8] /direct/sdcc+u/poare/Grid/build/examples/./Example_spec_kryschur[0x4c7e15]
[genoahost092:2288510] [ 9] /direct/sdcc+u/poare/Grid/build/examples/./Example_spec_kryschur[0x4b5ecf]
[genoahost092:2288510] [10] /direct/sdcc+u/poare/Grid/build/examples/./Example_spec_kryschur[0x41171f]
[genoahost092:2288510] [11] /lib64/libc.so.6(+0x2a610)[0x1537e582a610]
[genoahost092:2288510] [12] /lib64/libc.so.6(__libc_start_main+0x80)[0x1537e582a6c0]
[genoahost092:2288510] [13] /direct/sdcc+u/poare/Grid/build/examples/./Example_spec_kryschur[0x414705]
[genoahost092:2288510] *** End of error message ***

__|__|__|__|__|__|__|__|__|__|__|__|__|__|__
__|__|__|__|__|__|__|__|__|__|__|__|__|__|__
__|_ |  |  |  |  |  |  |  |  |  |  |  | _|__
__|_                                    _|__
__|_   GGGG    RRRR    III    DDDD      _|__
__|_  G        R   R    I     D   D     _|__
__|_  G        R   R    I     D    D    _|__
__|_  G  GG    RRRR     I     D    D    _|__
__|_  G   G    R  R     I     D   D     _|__
__|_   GGGG    R   R   III    DDDD      _|__
__|_                                    _|__
__|__|__|__|__|__|__|__|__|__|__|__|__|__|__
__|__|__|__|__|__|__|__|__|__|__|__|__|__|__
  |  |  |  |  |  |  |  |  |  |  |  |  |  |  


Copyright (C) 2015 Peter Boyle, Azusa Yamaguchi, Guido Cossu, Antonin Portelli and other authors

This program is free software; you can redistribute it and/or modify
it under the terms of the GNU General Public License as published by
the Free Software Foundation; either version 2 of the License, or
(at your option) any later version.

This program is distributed in the hope that it will be useful,
but WITHOUT ANY WARRANTY; without even the implied warranty of
MERCHANTABILITY or FITNESS FOR A PARTICULAR PURPOSE.  See the
GNU General Public License for more details.
Current Grid git commit hash=82d411ca7bb8ec4a5b5c3815df23674cfd291070: (HEAD -> develop, origin/develop, origin/HEAD) clean

Grid : Message : ================================================ 
Grid : Message : MPI is initialised and logging filters activated 
Grid : Message : ================================================ 
Grid : Message : This rank is running on host genoahost092.sdcc.bnl.local at local time 2026-03-04 12:41:25
Grid : Message : Requested 17179869184 byte stencil comms buffers 
Grid : Message : MemoryManager::Init() setting up
Grid : Message : MemoryManager::Init() cache pool for recent host   allocations: SMALL 8 LARGE 2 HUGE 0
Grid : Message : MemoryManager::Init() cache pool for recent device allocations: SMALL 16 LARGE 8 Huge 0
Grid : Message : MemoryManager::Init() cache pool for recent shared allocations: SMALL 16 LARGE 8 Huge 0
Grid : Message : MemoryManager::Init() Unified memory space
Sorting eigenvalues using EvalReSmall
Grid : Message : 0.676000 s : Lattice size: [32 32 32 32]
Example_spec_kryschur: ../../Grid/communicator/SharedMemoryMPI.cc:434: static void Grid::GlobalSharedMemory::OptimalCommunicatorSharedMemory(const Coordinate&, ompi_communicator_t*&, Grid::Coordinate&): Assertion `WorldSize==Nprocessors' failed.
[genoahost092:2288506] *** Process received signal ***
[genoahost092:2288506] Signal: Aborted (6)
[genoahost092:2288506] Signal code:  (-6)
[genoahost092:2288506] [ 0] /lib64/libc.so.6(+0x3fc30)[0x14b1c123fc30]
[genoahost092:2288506] [ 1] /lib64/libc.so.6(+0x8d02c)[0x14b1c128d02c]
[genoahost092:2288506] [ 2] /lib64/libc.so.6(raise+0x16)[0x14b1c123fb86]
[genoahost092:2288506] [ 3] /lib64/libc.so.6(abort+0xd3)[0x14b1c1229873]
[genoahost092:2288506] [ 4] /lib64/libc.so.6(+0x2979b)[0x14b1c122979b]
[genoahost092:2288506] [ 5] /lib64/libc.so.6(+0x388c6)[0x14b1c12388c6]
[genoahost092:2288506] [ 6] /direct/sdcc+u/poare/Grid/build/examples/./Example_spec_kryschur[0x4cc186]
[genoahost092:2288506] [ 7] /direct/sdcc+u/poare/Grid/build/examples/./Example_spec_kryschur[0x4cc271]
[genoahost092:2288506] [ 8] /direct/sdcc+u/poare/Grid/build/examples/./Example_spec_kryschur[0x4c7e15]
[genoahost092:2288506] [ 9] /direct/sdcc+u/poare/Grid/build/examples/./Example_spec_kryschur[0x4b5ecf]
[genoahost092:2288506] [10] /direct/sdcc+u/poare/Grid/build/examples/./Example_spec_kryschur[0x41171f]
[genoahost092:2288506] [11] /lib64/libc.so.6(+0x2a610)[0x14b1c122a610]
[genoahost092:2288506] [12] /lib64/libc.so.6(__libc_start_main+0x80)[0x14b1c122a6c0]
[genoahost092:2288506] [13] /direct/sdcc+u/poare/Grid/build/examples/./Example_spec_kryschur[0x414705]
[genoahost092:2288506] *** End of error message ***

__|__|__|__|__|__|__|__|__|__|__|__|__|__|__
__|__|__|__|__|__|__|__|__|__|__|__|__|__|__
__|_ |  |  |  |  |  |  |  |  |  |  |  | _|__
__|_                                    _|__
__|_   GGGG    RRRR    III    DDDD      _|__
__|_  G        R   R    I     D   D     _|__
__|_  G        R   R    I     D    D    _|__
__|_  G  GG    RRRR     I     D    D    _|__
__|_  G   G    R  R     I     D   D     _|__
__|_   GGGG    R   R   III    DDDD      _|__
__|_                                    _|__
__|__|__|__|__|__|__|__|__|__|__|__|__|__|__
__|__|__|__|__|__|__|__|__|__|__|__|__|__|__
  |  |  |  |  |  |  |  |  |  |  |  |  |  |  


Copyright (C) 2015 Peter Boyle, Azusa Yamaguchi, Guido Cossu, Antonin Portelli and other authors

This program is free software; you can redistribute it and/or modify
it under the terms of the GNU General Public License as published by
the Free Software Foundation; either version 2 of the License, or
(at your option) any later version.

This program is distributed in the hope that it will be useful,
but WITHOUT ANY WARRANTY; without even the implied warranty of
MERCHANTABILITY or FITNESS FOR A PARTICULAR PURPOSE.  See the
GNU General Public License for more details.
Current Grid git commit hash=82d411ca7bb8ec4a5b5c3815df23674cfd291070: (HEAD -> develop, origin/develop, origin/HEAD) clean

Grid : Message : ================================================ 
Grid : Message : MPI is initialised and logging filters activated 
Grid : Message : ================================================ 
Grid : Message : This rank is running on host genoahost090.sdcc.bnl.local at local time 2026-03-04 12:41:25
Grid : Message : Requested 17179869184 byte stencil comms buffers 
Grid : Message : MemoryManager::Init() setting up
Grid : Message : MemoryManager::Init() cache pool for recent host   allocations: SMALL 8 LARGE 2 HUGE 0
Grid : Message : MemoryManager::Init() cache pool for recent device allocations: SMALL 16 LARGE 8 Huge 0
Grid : Message : MemoryManager::Init() cache pool for recent shared allocations: SMALL 16 LARGE 8 Huge 0
Grid : Message : MemoryManager::Init() Unified memory space
Sorting eigenvalues using EvalReSmall
Grid : Message : 0.691000 s : Lattice size: [32 32 32 32]
Example_spec_kryschur: ../../Grid/communicator/SharedMemoryMPI.cc:434: static void Grid::GlobalSharedMemory::OptimalCommunicatorSharedMemory(const Coordinate&, ompi_communicator_t*&, Grid::Coordinate&): Assertion `WorldSize==Nprocessors' failed.
[genoahost090:2328911] *** Process received signal ***
[genoahost090:2328911] Signal: Aborted (6)
[genoahost090:2328911] Signal code:  (-6)
[genoahost090:2328911] [ 0] /lib64/libc.so.6(+0x3fc30)[0x14c51263fc30]
[genoahost090:2328911] [ 1] /lib64/libc.so.6(+0x8d02c)[0x14c51268d02c]
[genoahost090:2328911] [ 2] /lib64/libc.so.6(raise+0x16)[0x14c51263fb86]
[genoahost090:2328911] [ 3] /lib64/libc.so.6(abort+0xd3)[0x14c512629873]
[genoahost090:2328911] [ 4] /lib64/libc.so.6(+0x2979b)[0x14c51262979b]
[genoahost090:2328911] [ 5] /lib64/libc.so.6(+0x388c6)[0x14c5126388c6]
[genoahost090:2328911] [ 6] /direct/sdcc+u/poare/Grid/build/examples/./Example_spec_kryschur[0x4cc186]
[genoahost090:2328911] [ 7] /direct/sdcc+u/poare/Grid/build/examples/./Example_spec_kryschur[0x4cc271]
[genoahost090:2328911] [ 8] /direct/sdcc+u/poare/Grid/build/examples/./Example_spec_kryschur[0x4c7e15]
[genoahost090:2328911] [ 9] /direct/sdcc+u/poare/Grid/build/examples/./Example_spec_kryschur[0x4b5ecf]
[genoahost090:2328911] [10] /direct/sdcc+u/poare/Grid/build/examples/./Example_spec_kryschur[0x41171f]
[genoahost090:2328911] [11] /lib64/libc.so.6(+0x2a610)[0x14c51262a610]
[genoahost090:2328911] [12] /lib64/libc.so.6(__libc_start_main+0x80)[0x14c51262a6c0]
[genoahost090:2328911] [13] /direct/sdcc+u/poare/Grid/build/examples/./Example_spec_kryschur[0x414705]
[genoahost090:2328911] *** End of error message ***

__|__|__|__|__|__|__|__|__|__|__|__|__|__|__
__|__|__|__|__|__|__|__|__|__|__|__|__|__|__
__|_ |  |  |  |  |  |  |  |  |  |  |  | _|__
__|_                                    _|__
__|_   GGGG    RRRR    III    DDDD      _|__
__|_  G        R   R    I     D   D     _|__
__|_  G        R   R    I     D    D    _|__
__|_  G  GG    RRRR     I     D    D    _|__
__|_  G   G    R  R     I     D   D     _|__
__|_   GGGG    R   R   III    DDDD      _|__
__|_                                    _|__
__|__|__|__|__|__|__|__|__|__|__|__|__|__|__
__|__|__|__|__|__|__|__|__|__|__|__|__|__|__
  |  |  |  |  |  |  |  |  |  |  |  |  |  |  


Copyright (C) 2015 Peter Boyle, Azusa Yamaguchi, Guido Cossu, Antonin Portelli and other authors

This program is free software; you can redistribute it and/or modify
it under the terms of the GNU General Public License as published by
the Free Software Foundation; either version 2 of the License, or
(at your option) any later version.

This program is distributed in the hope that it will be useful,
but WITHOUT ANY WARRANTY; without even the implied warranty of
MERCHANTABILITY or FITNESS FOR A PARTICULAR PURPOSE.  See the
GNU General Public License for more details.
Current Grid git commit hash=82d411ca7bb8ec4a5b5c3815df23674cfd291070: (HEAD -> develop, origin/develop, origin/HEAD) clean

Grid : Message : ================================================ 
Grid : Message : MPI is initialised and logging filters activated 
Grid : Message : ================================================ 
Grid : Message : This rank is running on host genoahost095.sdcc.bnl.local at local time 2026-03-04 12:41:25
Grid : Message : Requested 17179869184 byte stencil comms buffers 
Grid : Message : MemoryManager::Init() setting up
Grid : Message : MemoryManager::Init() cache pool for recent host   allocations: SMALL 8 LARGE 2 HUGE 0
Grid : Message : MemoryManager::Init() cache pool for recent device allocations: SMALL 16 LARGE 8 Huge 0
Grid : Message : MemoryManager::Init() cache pool for recent shared allocations: SMALL 16 LARGE 8 Huge 0
Grid : Message : MemoryManager::Init() Unified memory space
Sorting eigenvalues using EvalReSmall
Grid : Message : 0.641000 s : Lattice size: [32 32 32 32]
Example_spec_kryschur: ../../Grid/communicator/SharedMemoryMPI.cc:434: static void Grid::GlobalSharedMemory::OptimalCommunicatorSharedMemory(const Coordinate&, ompi_communicator_t*&, Grid::Coordinate&): Assertion `WorldSize==Nprocessors' failed.
[genoahost095:2398015] *** Process received signal ***
[genoahost095:2398015] Signal: Aborted (6)
[genoahost095:2398015] Signal code:  (-6)
[genoahost095:2398015] [ 0] /lib64/libc.so.6(+0x3fc30)[0x15241183fc30]
[genoahost095:2398015] [ 1] /lib64/libc.so.6(+0x8d02c)[0x15241188d02c]
[genoahost095:2398015] [ 2] /lib64/libc.so.6(raise+0x16)[0x15241183fb86]
[genoahost095:2398015] [ 3] /lib64/libc.so.6(abort+0xd3)[0x152411829873]
[genoahost095:2398015] [ 4] /lib64/libc.so.6(+0x2979b)[0x15241182979b]
[genoahost095:2398015] [ 5] /lib64/libc.so.6(+0x388c6)[0x1524118388c6]
[genoahost095:2398015] [ 6] /direct/sdcc+u/poare/Grid/build/examples/./Example_spec_kryschur[0x4cc186]
[genoahost095:2398015] [ 7] /direct/sdcc+u/poare/Grid/build/examples/./Example_spec_kryschur[0x4cc271]
[genoahost095:2398015] [ 8] /direct/sdcc+u/poare/Grid/build/examples/./Example_spec_kryschur[0x4c7e15]
[genoahost095:2398015] [ 9] /direct/sdcc+u/poare/Grid/build/examples/./Example_spec_kryschur[0x4b5ecf]
[genoahost095:2398015] [10] /direct/sdcc+u/poare/Grid/build/examples/./Example_spec_kryschur[0x41171f]
[genoahost095:2398015] [11] /lib64/libc.so.6(+0x2a610)[0x15241182a610]
[genoahost095:2398015] [12] /lib64/libc.so.6(__libc_start_main+0x80)[0x15241182a6c0]
[genoahost095:2398015] [13] /direct/sdcc+u/poare/Grid/build/examples/./Example_spec_kryschur[0x414705]
[genoahost095:2398015] *** End of error message ***

__|__|__|__|__|__|__|__|__|__|__|__|__|__|__
__|__|__|__|__|__|__|__|__|__|__|__|__|__|__
__|_ |  |  |  |  |  |  |  |  |  |  |  | _|__
__|_                                    _|__
__|_   GGGG    RRRR    III    DDDD      _|__
__|_  G        R   R    I     D   D     _|__
__|_  G        R   R    I     D    D    _|__
__|_  G  GG    RRRR     I     D    D    _|__
__|_  G   G    R  R     I     D   D     _|__
__|_   GGGG    R   R   III    DDDD      _|__
__|_                                    _|__
__|__|__|__|__|__|__|__|__|__|__|__|__|__|__
__|__|__|__|__|__|__|__|__|__|__|__|__|__|__
  |  |  |  |  |  |  |  |  |  |  |  |  |  |  


Copyright (C) 2015 Peter Boyle, Azusa Yamaguchi, Guido Cossu, Antonin Portelli and other authors

This program is free software; you can redistribute it and/or modify
it under the terms of the GNU General Public License as published by
the Free Software Foundation; either version 2 of the License, or
(at your option) any later version.

This program is distributed in the hope that it will be useful,
but WITHOUT ANY WARRANTY; without even the implied warranty of
MERCHANTABILITY or FITNESS FOR A PARTICULAR PURPOSE.  See the
GNU General Public License for more details.
Current Grid git commit hash=82d411ca7bb8ec4a5b5c3815df23674cfd291070: (HEAD -> develop, origin/develop, origin/HEAD) clean

Grid : Message : ================================================ 
Grid : Message : MPI is initialised and logging filters activated 
Grid : Message : ================================================ 
Grid : Message : This rank is running on host genoahost095.sdcc.bnl.local at local time 2026-03-04 12:41:25
Grid : Message : Requested 17179869184 byte stencil comms buffers 
Grid : Message : MemoryManager::Init() setting up
Grid : Message : MemoryManager::Init() cache pool for recent host   allocations: SMALL 8 LARGE 2 HUGE 0
Grid : Message : MemoryManager::Init() cache pool for recent device allocations: SMALL 16 LARGE 8 Huge 0
Grid : Message : MemoryManager::Init() cache pool for recent shared allocations: SMALL 16 LARGE 8 Huge 0
Grid : Message : MemoryManager::Init() Unified memory space
Sorting eigenvalues using EvalReSmall
Grid : Message : 0.573000 s : Lattice size: [32 32 32 32]
Example_spec_kryschur: ../../Grid/communicator/SharedMemoryMPI.cc:434: static void Grid::GlobalSharedMemory::OptimalCommunicatorSharedMemory(const Coordinate&, ompi_communicator_t*&, Grid::Coordinate&): Assertion `WorldSize==Nprocessors' failed.
[genoahost095:2398014] *** Process received signal ***
[genoahost095:2398014] Signal: Aborted (6)
[genoahost095:2398014] Signal code:  (-6)
[genoahost095:2398014] [ 0] /lib64/libc.so.6(+0x3fc30)[0x14804563fc30]
[genoahost095:2398014] [ 1] /lib64/libc.so.6(+0x8d02c)[0x14804568d02c]
[genoahost095:2398014] [ 2] /lib64/libc.so.6(raise+0x16)[0x14804563fb86]
[genoahost095:2398014] [ 3] /lib64/libc.so.6(abort+0xd3)[0x148045629873]
[genoahost095:2398014] [ 4] /lib64/libc.so.6(+0x2979b)[0x14804562979b]
[genoahost095:2398014] [ 5] /lib64/libc.so.6(+0x388c6)[0x1480456388c6]
[genoahost095:2398014] [ 6] /direct/sdcc+u/poare/Grid/build/examples/./Example_spec_kryschur[0x4cc186]
[genoahost095:2398014] [ 7] /direct/sdcc+u/poare/Grid/build/examples/./Example_spec_kryschur[0x4cc271]
[genoahost095:2398014] [ 8] /direct/sdcc+u/poare/Grid/build/examples/./Example_spec_kryschur[0x4c7e15]
[genoahost095:2398014] [ 9] /direct/sdcc+u/poare/Grid/build/examples/./Example_spec_kryschur[0x4b5ecf]
[genoahost095:2398014] [10] /direct/sdcc+u/poare/Grid/build/examples/./Example_spec_kryschur[0x41171f]
[genoahost095:2398014] [11] /lib64/libc.so.6(+0x2a610)[0x14804562a610]
[genoahost095:2398014] [12] /lib64/libc.so.6(__libc_start_main+0x80)[0x14804562a6c0]
[genoahost095:2398014] [13] /direct/sdcc+u/poare/Grid/build/examples/./Example_spec_kryschur[0x414705]
[genoahost095:2398014] *** End of error message ***

__|__|__|__|__|__|__|__|__|__|__|__|__|__|__
__|__|__|__|__|__|__|__|__|__|__|__|__|__|__
__|_ |  |  |  |  |  |  |  |  |  |  |  | _|__
__|_                                    _|__
__|_   GGGG    RRRR    III    DDDD      _|__
__|_  G        R   R    I     D   D     _|__
__|_  G        R   R    I     D    D    _|__
__|_  G  GG    RRRR     I     D    D    _|__
__|_  G   G    R  R     I     D   D     _|__
__|_   GGGG    R   R   III    DDDD      _|__
__|_                                    _|__
__|__|__|__|__|__|__|__|__|__|__|__|__|__|__
__|__|__|__|__|__|__|__|__|__|__|__|__|__|__
  |  |  |  |  |  |  |  |  |  |  |  |  |  |  


Copyright (C) 2015 Peter Boyle, Azusa Yamaguchi, Guido Cossu, Antonin Portelli and other authors

This program is free software; you can redistribute it and/or modify
it under the terms of the GNU General Public License as published by
the Free Software Foundation; either version 2 of the License, or
(at your option) any later version.

This program is distributed in the hope that it will be useful,
but WITHOUT ANY WARRANTY; without even the implied warranty of
MERCHANTABILITY or FITNESS FOR A PARTICULAR PURPOSE.  See the
GNU General Public License for more details.
Current Grid git commit hash=82d411ca7bb8ec4a5b5c3815df23674cfd291070: (HEAD -> develop, origin/develop, origin/HEAD) clean

Grid : Message : ================================================ 
Grid : Message : MPI is initialised and logging filters activated 
Grid : Message : ================================================ 
Grid : Message : This rank is running on host genoahost095.sdcc.bnl.local at local time 2026-03-04 12:41:25
Grid : Message : Requested 17179869184 byte stencil comms buffers 
Grid : Message : MemoryManager::Init() setting up
Grid : Message : MemoryManager::Init() cache pool for recent host   allocations: SMALL 8 LARGE 2 HUGE 0
Grid : Message : MemoryManager::Init() cache pool for recent device allocations: SMALL 16 LARGE 8 Huge 0
Grid : Message : MemoryManager::Init() cache pool for recent shared allocations: SMALL 16 LARGE 8 Huge 0
Grid : Message : MemoryManager::Init() Unified memory space
Sorting eigenvalues using EvalReSmall
Grid : Message : 0.611000 s : Lattice size: [32 32 32 32]
Example_spec_kryschur: ../../Grid/communicator/SharedMemoryMPI.cc:434: static void Grid::GlobalSharedMemory::OptimalCommunicatorSharedMemory(const Coordinate&, ompi_communicator_t*&, Grid::Coordinate&): Assertion `WorldSize==Nprocessors' failed.
[genoahost095:2398010] *** Process received signal ***
[genoahost095:2398010] Signal: Aborted (6)
[genoahost095:2398010] Signal code:  (-6)
[genoahost095:2398010] [ 0] /lib64/libc.so.6(+0x3fc30)[0x14f640c3fc30]
[genoahost095:2398010] [ 1] /lib64/libc.so.6(+0x8d02c)[0x14f640c8d02c]
[genoahost095:2398010] [ 2] /lib64/libc.so.6(raise+0x16)[0x14f640c3fb86]
[genoahost095:2398010] [ 3] /lib64/libc.so.6(abort+0xd3)[0x14f640c29873]
[genoahost095:2398010] [ 4] /lib64/libc.so.6(+0x2979b)[0x14f640c2979b]
[genoahost095:2398010] [ 5] /lib64/libc.so.6(+0x388c6)[0x14f640c388c6]
[genoahost095:2398010] [ 6] /direct/sdcc+u/poare/Grid/build/examples/./Example_spec_kryschur[0x4cc186]
[genoahost095:2398010] [ 7] /direct/sdcc+u/poare/Grid/build/examples/./Example_spec_kryschur[0x4cc271]
[genoahost095:2398010] [ 8] /direct/sdcc+u/poare/Grid/build/examples/./Example_spec_kryschur[0x4c7e15]
[genoahost095:2398010] [ 9] /direct/sdcc+u/poare/Grid/build/examples/./Example_spec_kryschur[0x4b5ecf]
[genoahost095:2398010] [10] /direct/sdcc+u/poare/Grid/build/examples/./Example_spec_kryschur[0x41171f]
[genoahost095:2398010] [11] /lib64/libc.so.6(+0x2a610)[0x14f640c2a610]
[genoahost095:2398010] [12] /lib64/libc.so.6(__libc_start_main+0x80)[0x14f640c2a6c0]
[genoahost095:2398010] [13] /direct/sdcc+u/poare/Grid/build/examples/./Example_spec_kryschur[0x414705]
[genoahost095:2398010] *** End of error message ***

__|__|__|__|__|__|__|__|__|__|__|__|__|__|__
__|__|__|__|__|__|__|__|__|__|__|__|__|__|__
__|_ |  |  |  |  |  |  |  |  |  |  |  | _|__
__|_                                    _|__
__|_   GGGG    RRRR    III    DDDD      _|__
__|_  G        R   R    I     D   D     _|__
__|_  G        R   R    I     D    D    _|__
__|_  G  GG    RRRR     I     D    D    _|__
__|_  G   G    R  R     I     D   D     _|__
__|_   GGGG    R   R   III    DDDD      _|__
__|_                                    _|__
__|__|__|__|__|__|__|__|__|__|__|__|__|__|__
__|__|__|__|__|__|__|__|__|__|__|__|__|__|__
  |  |  |  |  |  |  |  |  |  |  |  |  |  |  


Copyright (C) 2015 Peter Boyle, Azusa Yamaguchi, Guido Cossu, Antonin Portelli and other authors

This program is free software; you can redistribute it and/or modify
it under the terms of the GNU General Public License as published by
the Free Software Foundation; either version 2 of the License, or
(at your option) any later version.

This program is distributed in the hope that it will be useful,
but WITHOUT ANY WARRANTY; without even the implied warranty of
MERCHANTABILITY or FITNESS FOR A PARTICULAR PURPOSE.  See the
GNU General Public License for more details.
Current Grid git commit hash=82d411ca7bb8ec4a5b5c3815df23674cfd291070: (HEAD -> develop, origin/develop, origin/HEAD) clean

Grid : Message : ================================================ 
Grid : Message : MPI is initialised and logging filters activated 
Grid : Message : ================================================ 
Grid : Message : This rank is running on host genoahost095.sdcc.bnl.local at local time 2026-03-04 12:41:25
Grid : Message : Requested 17179869184 byte stencil comms buffers 
Grid : Message : MemoryManager::Init() setting up
Grid : Message : MemoryManager::Init() cache pool for recent host   allocations: SMALL 8 LARGE 2 HUGE 0
Grid : Message : MemoryManager::Init() cache pool for recent device allocations: SMALL 16 LARGE 8 Huge 0
Grid : Message : MemoryManager::Init() cache pool for recent shared allocations: SMALL 16 LARGE 8 Huge 0
Grid : Message : MemoryManager::Init() Unified memory space
Sorting eigenvalues using EvalReSmall
Grid : Message : 0.617000 s : Lattice size: [32 32 32 32]
Example_spec_kryschur: ../../Grid/communicator/SharedMemoryMPI.cc:434: static void Grid::GlobalSharedMemory::OptimalCommunicatorSharedMemory(const Coordinate&, ompi_communicator_t*&, Grid::Coordinate&): Assertion `WorldSize==Nprocessors' failed.
[genoahost095:2398013] *** Process received signal ***
[genoahost095:2398013] Signal: Aborted (6)
[genoahost095:2398013] Signal code:  (-6)
[genoahost095:2398013] [ 0] /lib64/libc.so.6(+0x3fc30)[0x14d599e3fc30]
[genoahost095:2398013] [ 1] /lib64/libc.so.6(+0x8d02c)[0x14d599e8d02c]
[genoahost095:2398013] [ 2] /lib64/libc.so.6(raise+0x16)[0x14d599e3fb86]
[genoahost095:2398013] [ 3] /lib64/libc.so.6(abort+0xd3)[0x14d599e29873]
[genoahost095:2398013] [ 4] /lib64/libc.so.6(+0x2979b)[0x14d599e2979b]
[genoahost095:2398013] [ 5] /lib64/libc.so.6(+0x388c6)[0x14d599e388c6]
[genoahost095:2398013] [ 6] /direct/sdcc+u/poare/Grid/build/examples/./Example_spec_kryschur[0x4cc186]
[genoahost095:2398013] [ 7] /direct/sdcc+u/poare/Grid/build/examples/./Example_spec_kryschur[0x4cc271]
[genoahost095:2398013] [ 8] /direct/sdcc+u/poare/Grid/build/examples/./Example_spec_kryschur[0x4c7e15]
[genoahost095:2398013] [ 9] /direct/sdcc+u/poare/Grid/build/examples/./Example_spec_kryschur[0x4b5ecf]
[genoahost095:2398013] [10] /direct/sdcc+u/poare/Grid/build/examples/./Example_spec_kryschur[0x41171f]
[genoahost095:2398013] [11] /lib64/libc.so.6(+0x2a610)[0x14d599e2a610]
[genoahost095:2398013] [12] /lib64/libc.so.6(__libc_start_main+0x80)[0x14d599e2a6c0]
[genoahost095:2398013] [13] /direct/sdcc+u/poare/Grid/build/examples/./Example_spec_kryschur[0x414705]
[genoahost095:2398013] *** End of error message ***

__|__|__|__|__|__|__|__|__|__|__|__|__|__|__
__|__|__|__|__|__|__|__|__|__|__|__|__|__|__
__|_ |  |  |  |  |  |  |  |  |  |  |  | _|__
__|_                                    _|__
__|_   GGGG    RRRR    III    DDDD      _|__
__|_  G        R   R    I     D   D     _|__
__|_  G        R   R    I     D    D    _|__
__|_  G  GG    RRRR     I     D    D    _|__
__|_  G   G    R  R     I     D   D     _|__
__|_   GGGG    R   R   III    DDDD      _|__
__|_                                    _|__
__|__|__|__|__|__|__|__|__|__|__|__|__|__|__
__|__|__|__|__|__|__|__|__|__|__|__|__|__|__
  |  |  |  |  |  |  |  |  |  |  |  |  |  |  


Copyright (C) 2015 Peter Boyle, Azusa Yamaguchi, Guido Cossu, Antonin Portelli and other authors

This program is free software; you can redistribute it and/or modify
it under the terms of the GNU General Public License as published by
the Free Software Foundation; either version 2 of the License, or
(at your option) any later version.

This program is distributed in the hope that it will be useful,
but WITHOUT ANY WARRANTY; without even the implied warranty of
MERCHANTABILITY or FITNESS FOR A PARTICULAR PURPOSE.  See the
GNU General Public License for more details.
Current Grid git commit hash=82d411ca7bb8ec4a5b5c3815df23674cfd291070: (HEAD -> develop, origin/develop, origin/HEAD) clean

Grid : Message : ================================================ 
Grid : Message : MPI is initialised and logging filters activated 
Grid : Message : ================================================ 
Grid : Message : This rank is running on host genoahost090.sdcc.bnl.local at local time 2026-03-04 12:41:26
Grid : Message : Requested 17179869184 byte stencil comms buffers 
Grid : Message : MemoryManager::Init() setting up
Grid : Message : MemoryManager::Init() cache pool for recent host   allocations: SMALL 8 LARGE 2 HUGE 0
Grid : Message : MemoryManager::Init() cache pool for recent device allocations: SMALL 16 LARGE 8 Huge 0
Grid : Message : MemoryManager::Init() cache pool for recent shared allocations: SMALL 16 LARGE 8 Huge 0
Grid : Message : MemoryManager::Init() Unified memory space
Sorting eigenvalues using EvalReSmall
Grid : Message : 0.670000 s : Lattice size: [32 32 32 32]
Example_spec_kryschur: ../../Grid/communicator/SharedMemoryMPI.cc:434: static void Grid::GlobalSharedMemory::OptimalCommunicatorSharedMemory(const Coordinate&, ompi_communicator_t*&, Grid::Coordinate&): Assertion `WorldSize==Nprocessors' failed.
srun: error: genoahost089: task 6: Aborted (core dumped)
[genoahost090:2328906] *** Process received signal ***
[genoahost090:2328906] Signal: Aborted (6)
[genoahost090:2328906] Signal code:  (-6)
[genoahost090:2328906] [ 0] /lib64/libc.so.6(+0x3fc30)[0x147204a3fc30]
[genoahost090:2328906] [ 1] /lib64/libc.so.6(+0x8d02c)[0x147204a8d02c]
[genoahost090:2328906] [ 2] /lib64/libc.so.6(raise+0x16)[0x147204a3fb86]
[genoahost090:2328906] [ 3] /lib64/libc.so.6(abort+0xd3)[0x147204a29873]
[genoahost090:2328906] [ 4] /lib64/libc.so.6(+0x2979b)[0x147204a2979b]
[genoahost090:2328906] [ 5] /lib64/libc.so.6(+0x388c6)[0x147204a388c6]
[genoahost090:2328906] [ 6] /direct/sdcc+u/poare/Grid/build/examples/./Example_spec_kryschur[0x4cc186]
[genoahost090:2328906] [ 7] /direct/sdcc+u/poare/Grid/build/examples/./Example_spec_kryschur[0x4cc271]
[genoahost090:2328906] [ 8] /direct/sdcc+u/poare/Grid/build/examples/./Example_spec_kryschur[0x4c7e15]
[genoahost090:2328906] [ 9] /direct/sdcc+u/poare/Grid/build/examples/./Example_spec_kryschur[0x4b5ecf]
[genoahost090:2328906] [10] /direct/sdcc+u/poare/Grid/build/examples/./Example_spec_kryschur[0x41171f]
[genoahost090:2328906] [11] /lib64/libc.so.6(+0x2a610)[0x147204a2a610]
[genoahost090:2328906] [12] /lib64/libc.so.6(__libc_start_main+0x80)[0x147204a2a6c0]
[genoahost090:2328906] [13] /direct/sdcc+u/poare/Grid/build/examples/./Example_spec_kryschur[0x414705]
[genoahost090:2328906] *** End of error message ***
srun: error: genoahost091: task 40: Aborted (core dumped)
srun: error: genoahost089: task 14: Aborted (core dumped)
srun: error: genoahost091: tasks 36,46: Aborted (core dumped)
srun: error: genoahost089: task 9: Aborted (core dumped)
srun: error: genoahost093: tasks 64,78: Aborted (core dumped)

__|__|__|__|__|__|__|__|__|__|__|__|__|__|__
__|__|__|__|__|__|__|__|__|__|__|__|__|__|__
__|_ |  |  |  |  |  |  |  |  |  |  |  | _|__
__|_                                    _|__
__|_   GGGG    RRRR    III    DDDD      _|__
__|_  G        R   R    I     D   D     _|__
__|_  G        R   R    I     D    D    _|__
__|_  G  GG    RRRR     I     D    D    _|__
__|_  G   G    R  R     I     D   D     _|__
__|_   GGGG    R   R   III    DDDD      _|__
__|_                                    _|__
__|__|__|__|__|__|__|__|__|__|__|__|__|__|__
__|__|__|__|__|__|__|__|__|__|__|__|__|__|__
  |  |  |  |  |  |  |  |  |  |  |  |  |  |  


Copyright (C) 2015 Peter Boyle, Azusa Yamaguchi, Guido Cossu, Antonin Portelli and other authors

This program is free software; you can redistribute it and/or modify
it under the terms of the GNU General Public License as published by
the Free Software Foundation; either version 2 of the License, or
(at your option) any later version.

This program is distributed in the hope that it will be useful,
but WITHOUT ANY WARRANTY; without even the implied warranty of
MERCHANTABILITY or FITNESS FOR A PARTICULAR PURPOSE.  See the
GNU General Public License for more details.
Current Grid git commit hash=82d411ca7bb8ec4a5b5c3815df23674cfd291070: (HEAD -> develop, origin/develop, origin/HEAD) clean

Grid : Message : ================================================ 
Grid : Message : MPI is initialised and logging filters activated 
Grid : Message : ================================================ 
Grid : Message : This rank is running on host genoahost096.sdcc.bnl.local at local time 2026-03-04 12:41:28
Grid : Message : Requested 17179869184 byte stencil comms buffers 
Grid : Message : MemoryManager::Init() setting up
Grid : Message : MemoryManager::Init() cache pool for recent host   allocations: SMALL 8 LARGE 2 HUGE 0
Grid : Message : MemoryManager::Init() cache pool for recent device allocations: SMALL 16 LARGE 8 Huge 0
Grid : Message : MemoryManager::Init() cache pool for recent shared allocations: SMALL 16 LARGE 8 Huge 0
Grid : Message : MemoryManager::Init() Unified memory space
Sorting eigenvalues using EvalReSmall
Grid : Message : 0.629000 s : Lattice size: [32 32 32 32]
Example_spec_kryschur: ../../Grid/communicator/SharedMemoryMPI.cc:434: static void Grid::GlobalSharedMemory::OptimalCommunicatorSharedMemory(const Coordinate&, ompi_communicator_t*&, Grid::Coordinate&): Assertion `WorldSize==Nprocessors' failed.
[genoahost096:2315044] *** Process received signal ***
[genoahost096:2315044] Signal: Aborted (6)
[genoahost096:2315044] Signal code:  (-6)
[genoahost096:2315044] [ 0] /lib64/libc.so.6(+0x3fc30)[0x14800c03fc30]
[genoahost096:2315044] [ 1] /lib64/libc.so.6(+0x8d02c)[0x14800c08d02c]
[genoahost096:2315044] [ 2] /lib64/libc.so.6(raise+0x16)[0x14800c03fb86]
[genoahost096:2315044] [ 3] /lib64/libc.so.6(abort+0xd3)[0x14800c029873]
[genoahost096:2315044] [ 4] /lib64/libc.so.6(+0x2979b)[0x14800c02979b]
[genoahost096:2315044] [ 5] /lib64/libc.so.6(+0x388c6)[0x14800c0388c6]
[genoahost096:2315044] [ 6] /direct/sdcc+u/poare/Grid/build/examples/./Example_spec_kryschur[0x4cc186]
[genoahost096:2315044] [ 7] /direct/sdcc+u/poare/Grid/build/examples/./Example_spec_kryschur[0x4cc271]
[genoahost096:2315044] [ 8] /direct/sdcc+u/poare/Grid/build/examples/./Example_spec_kryschur[0x4c7e15]
[genoahost096:2315044] [ 9] /direct/sdcc+u/poare/Grid/build/examples/./Example_spec_kryschur[0x4b5ecf]
[genoahost096:2315044] [10] /direct/sdcc+u/poare/Grid/build/examples/./Example_spec_kryschur[0x41171f]
[genoahost096:2315044] [11] /lib64/libc.so.6(+0x2a610)[0x14800c02a610]
[genoahost096:2315044] [12] /lib64/libc.so.6(__libc_start_main+0x80)[0x14800c02a6c0]
[genoahost096:2315044] [13] /direct/sdcc+u/poare/Grid/build/examples/./Example_spec_kryschur[0x414705]
[genoahost096:2315044] *** End of error message ***
srun: error: genoahost092: task 55: Aborted (core dumped)

__|__|__|__|__|__|__|__|__|__|__|__|__|__|__
__|__|__|__|__|__|__|__|__|__|__|__|__|__|__
__|_ |  |  |  |  |  |  |  |  |  |  |  | _|__
__|_                                    _|__
__|_   GGGG    RRRR    III    DDDD      _|__
__|_  G        R   R    I     D   D     _|__
__|_  G        R   R    I     D    D    _|__
__|_  G  GG    RRRR     I     D    D    _|__
__|_  G   G    R  R     I     D   D     _|__
__|_   GGGG    R   R   III    DDDD      _|__
__|_                                    _|__
__|__|__|__|__|__|__|__|__|__|__|__|__|__|__
__|__|__|__|__|__|__|__|__|__|__|__|__|__|__
  |  |  |  |  |  |  |  |  |  |  |  |  |  |  


Copyright (C) 2015 Peter Boyle, Azusa Yamaguchi, Guido Cossu, Antonin Portelli and other authors

This program is free software; you can redistribute it and/or modify
it under the terms of the GNU General Public License as published by
the Free Software Foundation; either version 2 of the License, or
(at your option) any later version.

This program is distributed in the hope that it will be useful,
but WITHOUT ANY WARRANTY; without even the implied warranty of
MERCHANTABILITY or FITNESS FOR A PARTICULAR PURPOSE.  See the
GNU General Public License for more details.
Current Grid git commit hash=82d411ca7bb8ec4a5b5c3815df23674cfd291070: (HEAD -> develop, origin/develop, origin/HEAD) clean

Grid : Message : ================================================ 
Grid : Message : MPI is initialised and logging filters activated 
Grid : Message : ================================================ 
Grid : Message : This rank is running on host genoahost095.sdcc.bnl.local at local time 2026-03-04 12:41:28
Grid : Message : Requested 17179869184 byte stencil comms buffers 
Grid : Message : MemoryManager::Init() setting up
Grid : Message : MemoryManager::Init() cache pool for recent host   allocations: SMALL 8 LARGE 2 HUGE 0
Grid : Message : MemoryManager::Init() cache pool for recent device allocations: SMALL 16 LARGE 8 Huge 0
Grid : Message : MemoryManager::Init() cache pool for recent shared allocations: SMALL 16 LARGE 8 Huge 0
Grid : Message : MemoryManager::Init() Unified memory space
Sorting eigenvalues using EvalReSmall
Grid : Message : 0.660000 s : Lattice size: [32 32 32 32]
Example_spec_kryschur: ../../Grid/communicator/SharedMemoryMPI.cc:434: static void Grid::GlobalSharedMemory::OptimalCommunicatorSharedMemory(const Coordinate&, ompi_communicator_t*&, Grid::Coordinate&): Assertion `WorldSize==Nprocessors' failed.
[genoahost095:2398012] *** Process received signal ***
[genoahost095:2398012] Signal: Aborted (6)
[genoahost095:2398012] Signal code:  (-6)
[genoahost095:2398012] [ 0] /lib64/libc.so.6(+0x3fc30)[0x14c1eb23fc30]
[genoahost095:2398012] [ 1] /lib64/libc.so.6(+0x8d02c)[0x14c1eb28d02c]
[genoahost095:2398012] [ 2] /lib64/libc.so.6(raise+0x16)[0x14c1eb23fb86]
[genoahost095:2398012] [ 3] /lib64/libc.so.6(abort+0xd3)[0x14c1eb229873]
[genoahost095:2398012] [ 4] /lib64/libc.so.6(+0x2979b)[0x14c1eb22979b]
[genoahost095:2398012] [ 5] /lib64/libc.so.6(+0x388c6)[0x14c1eb2388c6]
[genoahost095:2398012] [ 6] /direct/sdcc+u/poare/Grid/build/examples/./Example_spec_kryschur[0x4cc186]
[genoahost095:2398012] [ 7] /direct/sdcc+u/poare/Grid/build/examples/./Example_spec_kryschur[0x4cc271]
[genoahost095:2398012] [ 8] /direct/sdcc+u/poare/Grid/build/examples/./Example_spec_kryschur[0x4c7e15]
[genoahost095:2398012] [ 9] /direct/sdcc+u/poare/Grid/build/examples/./Example_spec_kryschur[0x4b5ecf]
[genoahost095:2398012] [10] /direct/sdcc+u/poare/Grid/build/examples/./Example_spec_kryschur[0x41171f]
[genoahost095:2398012] [11] /lib64/libc.so.6(+0x2a610)[0x14c1eb22a610]
[genoahost095:2398012] [12] /lib64/libc.so.6(__libc_start_main+0x80)[0x14c1eb22a6c0]
[genoahost095:2398012] [13] /direct/sdcc+u/poare/Grid/build/examples/./Example_spec_kryschur[0x414705]
[genoahost095:2398012] *** End of error message ***
srun: error: genoahost092: task 61: Aborted (core dumped)

__|__|__|__|__|__|__|__|__|__|__|__|__|__|__
__|__|__|__|__|__|__|__|__|__|__|__|__|__|__
__|_ |  |  |  |  |  |  |  |  |  |  |  | _|__
__|_                                    _|__
__|_   GGGG    RRRR    III    DDDD      _|__
__|_  G        R   R    I     D   D     _|__
__|_  G        R   R    I     D    D    _|__
__|_  G  GG    RRRR     I     D    D    _|__
__|_  G   G    R  R     I     D   D     _|__
__|_   GGGG    R   R   III    DDDD      _|__
__|_                                    _|__
__|__|__|__|__|__|__|__|__|__|__|__|__|__|__
__|__|__|__|__|__|__|__|__|__|__|__|__|__|__
  |  |  |  |  |  |  |  |  |  |  |  |  |  |  


Copyright (C) 2015 Peter Boyle, Azusa Yamaguchi, Guido Cossu, Antonin Portelli and other authors

This program is free software; you can redistribute it and/or modify
it under the terms of the GNU General Public License as published by
the Free Software Foundation; either version 2 of the License, or
(at your option) any later version.

This program is distributed in the hope that it will be useful,
but WITHOUT ANY WARRANTY; without even the implied warranty of
MERCHANTABILITY or FITNESS FOR A PARTICULAR PURPOSE.  See the
GNU General Public License for more details.
Current Grid git commit hash=82d411ca7bb8ec4a5b5c3815df23674cfd291070: (HEAD -> develop, origin/develop, origin/HEAD) clean

Grid : Message : ================================================ 
Grid : Message : MPI is initialised and logging filters activated 
Grid : Message : ================================================ 
Grid : Message : This rank is running on host genoahost089.sdcc.bnl.local at local time 2026-03-04 12:41:28
Grid : Message : Requested 17179869184 byte stencil comms buffers 
Grid : Message : MemoryManager::Init() setting up
Grid : Message : MemoryManager::Init() cache pool for recent host   allocations: SMALL 8 LARGE 2 HUGE 0
Grid : Message : MemoryManager::Init() cache pool for recent device allocations: SMALL 16 LARGE 8 Huge 0
Grid : Message : MemoryManager::Init() cache pool for recent shared allocations: SMALL 16 LARGE 8 Huge 0
Grid : Message : MemoryManager::Init() Unified memory space
Sorting eigenvalues using EvalReSmall
Grid : Message : 0.636000 s : Lattice size: [32 32 32 32]
Example_spec_kryschur: ../../Grid/communicator/SharedMemoryMPI.cc:434: static void Grid::GlobalSharedMemory::OptimalCommunicatorSharedMemory(const Coordinate&, ompi_communicator_t*&, Grid::Coordinate&): Assertion `WorldSize==Nprocessors' failed.
[genoahost089:583367] *** Process received signal ***
[genoahost089:583367] Signal: Aborted (6)
[genoahost089:583367] Signal code:  (-6)
[genoahost089:583367] [ 0] /lib64/libc.so.6(+0x3fc30)[0x145a1f03fc30]
[genoahost089:583367] [ 1] /lib64/libc.so.6(+0x8d02c)[0x145a1f08d02c]
[genoahost089:583367] [ 2] /lib64/libc.so.6(raise+0x16)[0x145a1f03fb86]
[genoahost089:583367] [ 3] /lib64/libc.so.6(abort+0xd3)[0x145a1f029873]
[genoahost089:583367] [ 4] /lib64/libc.so.6(+0x2979b)[0x145a1f02979b]
[genoahost089:583367] [ 5] /lib64/libc.so.6(+0x388c6)[0x145a1f0388c6]
[genoahost089:583367] [ 6] /direct/sdcc+u/poare/Grid/build/examples/./Example_spec_kryschur[0x4cc186]
[genoahost089:583367] [ 7] /direct/sdcc+u/poare/Grid/build/examples/./Example_spec_kryschur[0x4cc271]
[genoahost089:583367] [ 8] /direct/sdcc+u/poare/Grid/build/examples/./Example_spec_kryschur[0x4c7e15]
[genoahost089:583367] [ 9] /direct/sdcc+u/poare/Grid/build/examples/./Example_spec_kryschur[0x4b5ecf]
[genoahost089:583367] [10] /direct/sdcc+u/poare/Grid/build/examples/./Example_spec_kryschur[0x41171f]
[genoahost089:583367] [11] /lib64/libc.so.6(+0x2a610)[0x145a1f02a610]
[genoahost089:583367] [12] /lib64/libc.so.6(__libc_start_main+0x80)[0x145a1f02a6c0]
[genoahost089:583367] [13] /direct/sdcc+u/poare/Grid/build/examples/./Example_spec_kryschur[0x414705]
[genoahost089:583367] *** End of error message ***

__|__|__|__|__|__|__|__|__|__|__|__|__|__|__
__|__|__|__|__|__|__|__|__|__|__|__|__|__|__
__|_ |  |  |  |  |  |  |  |  |  |  |  | _|__
__|_                                    _|__
__|_   GGGG    RRRR    III    DDDD      _|__
__|_  G        R   R    I     D   D     _|__
__|_  G        R   R    I     D    D    _|__
__|_  G  GG    RRRR     I     D    D    _|__
__|_  G   G    R  R     I     D   D     _|__
__|_   GGGG    R   R   III    DDDD      _|__
__|_                                    _|__
__|__|__|__|__|__|__|__|__|__|__|__|__|__|__
__|__|__|__|__|__|__|__|__|__|__|__|__|__|__
  |  |  |  |  |  |  |  |  |  |  |  |  |  |  


Copyright (C) 2015 Peter Boyle, Azusa Yamaguchi, Guido Cossu, Antonin Portelli and other authors

This program is free software; you can redistribute it and/or modify
it under the terms of the GNU General Public License as published by
the Free Software Foundation; either version 2 of the License, or
(at your option) any later version.

This program is distributed in the hope that it will be useful,
but WITHOUT ANY WARRANTY; without even the implied warranty of
MERCHANTABILITY or FITNESS FOR A PARTICULAR PURPOSE.  See the
GNU General Public License for more details.
Current Grid git commit hash=82d411ca7bb8ec4a5b5c3815df23674cfd291070: (HEAD -> develop, origin/develop, origin/HEAD) clean

Grid : Message : ================================================ 
Grid : Message : MPI is initialised and logging filters activated 
Grid : Message : ================================================ 
Grid : Message : This rank is running on host genoahost089.sdcc.bnl.local at local time 2026-03-04 12:41:28
Grid : Message : Requested 17179869184 byte stencil comms buffers 
Grid : Message : MemoryManager::Init() setting up
Grid : Message : MemoryManager::Init() cache pool for recent host   allocations: SMALL 8 LARGE 2 HUGE 0
Grid : Message : MemoryManager::Init() cache pool for recent device allocations: SMALL 16 LARGE 8 Huge 0
Grid : Message : MemoryManager::Init() cache pool for recent shared allocations: SMALL 16 LARGE 8 Huge 0
Grid : Message : MemoryManager::Init() Unified memory space
Sorting eigenvalues using EvalReSmall
Grid : Message : 0.634000 s : Lattice size: [32 32 32 32]
Example_spec_kryschur: ../../Grid/communicator/SharedMemoryMPI.cc:434: static void Grid::GlobalSharedMemory::OptimalCommunicatorSharedMemory(const Coordinate&, ompi_communicator_t*&, Grid::Coordinate&): Assertion `WorldSize==Nprocessors' failed.
[genoahost089:583356] *** Process received signal ***
[genoahost089:583356] Signal: Aborted (6)
[genoahost089:583356] Signal code:  (-6)
[genoahost089:583356] [ 0] /lib64/libc.so.6(+0x3fc30)[0x145b6263fc30]
[genoahost089:583356] [ 1] /lib64/libc.so.6(+0x8d02c)[0x145b6268d02c]
[genoahost089:583356] [ 2] /lib64/libc.so.6(raise+0x16)[0x145b6263fb86]
[genoahost089:583356] [ 3] /lib64/libc.so.6(abort+0xd3)[0x145b62629873]
[genoahost089:583356] [ 4] /lib64/libc.so.6(+0x2979b)[0x145b6262979b]
[genoahost089:583356] [ 5] /lib64/libc.so.6(+0x388c6)[0x145b626388c6]
[genoahost089:583356] [ 6] /direct/sdcc+u/poare/Grid/build/examples/./Example_spec_kryschur[0x4cc186]
[genoahost089:583356] [ 7] /direct/sdcc+u/poare/Grid/build/examples/./Example_spec_kryschur[0x4cc271]
[genoahost089:583356] [ 8] /direct/sdcc+u/poare/Grid/build/examples/./Example_spec_kryschur[0x4c7e15]
[genoahost089:583356] [ 9] /direct/sdcc+u/poare/Grid/build/examples/./Example_spec_kryschur[0x4b5ecf]
[genoahost089:583356] [10] /direct/sdcc+u/poare/Grid/build/examples/./Example_spec_kryschur[0x41171f]
[genoahost089:583356] [11] /lib64/libc.so.6(+0x2a610)[0x145b6262a610]
[genoahost089:583356] [12] /lib64/libc.so.6(__libc_start_main+0x80)[0x145b6262a6c0]
[genoahost089:583356] [13] /direct/sdcc+u/poare/Grid/build/examples/./Example_spec_kryschur[0x414705]
[genoahost089:583356] *** End of error message ***
srun: error: genoahost092: task 52: Aborted (core dumped)

__|__|__|__|__|__|__|__|__|__|__|__|__|__|__
__|__|__|__|__|__|__|__|__|__|__|__|__|__|__
__|_ |  |  |  |  |  |  |  |  |  |  |  | _|__
__|_                                    _|__
__|_   GGGG    RRRR    III    DDDD      _|__
__|_  G        R   R    I     D   D     _|__
__|_  G        R   R    I     D    D    _|__
__|_  G  GG    RRRR     I     D    D    _|__
__|_  G   G    R  R     I     D   D     _|__
__|_   GGGG    R   R   III    DDDD      _|__
__|_                                    _|__
__|__|__|__|__|__|__|__|__|__|__|__|__|__|__
__|__|__|__|__|__|__|__|__|__|__|__|__|__|__
  |  |  |  |  |  |  |  |  |  |  |  |  |  |  


Copyright (C) 2015 Peter Boyle, Azusa Yamaguchi, Guido Cossu, Antonin Portelli and other authors

This program is free software; you can redistribute it and/or modify
it under the terms of the GNU General Public License as published by
the Free Software Foundation; either version 2 of the License, or
(at your option) any later version.

This program is distributed in the hope that it will be useful,
but WITHOUT ANY WARRANTY; without even the implied warranty of
MERCHANTABILITY or FITNESS FOR A PARTICULAR PURPOSE.  See the
GNU General Public License for more details.
Current Grid git commit hash=82d411ca7bb8ec4a5b5c3815df23674cfd291070: (HEAD -> develop, origin/develop, origin/HEAD) clean

Grid : Message : ================================================ 
Grid : Message : MPI is initialised and logging filters activated 
Grid : Message : ================================================ 
Grid : Message : This rank is running on host genoahost089.sdcc.bnl.local at local time 2026-03-04 12:41:29
Grid : Message : Requested 17179869184 byte stencil comms buffers 
Grid : Message : MemoryManager::Init() setting up
Grid : Message : MemoryManager::Init() cache pool for recent host   allocations: SMALL 8 LARGE 2 HUGE 0
Grid : Message : MemoryManager::Init() cache pool for recent device allocations: SMALL 16 LARGE 8 Huge 0
Grid : Message : MemoryManager::Init() cache pool for recent shared allocations: SMALL 16 LARGE 8 Huge 0
Grid : Message : MemoryManager::Init() Unified memory space
Sorting eigenvalues using EvalReSmall
Grid : Message : 0.649000 s : Lattice size: [32 32 32 32]
Example_spec_kryschur: ../../Grid/communicator/SharedMemoryMPI.cc:434: static void Grid::GlobalSharedMemory::OptimalCommunicatorSharedMemory(const Coordinate&, ompi_communicator_t*&, Grid::Coordinate&): Assertion `WorldSize==Nprocessors' failed.
[genoahost089:583366] *** Process received signal ***
[genoahost089:583366] Signal: Aborted (6)
[genoahost089:583366] Signal code:  (-6)
[genoahost089:583366] [ 0] /lib64/libc.so.6(+0x3fc30)[0x14ba10c3fc30]
[genoahost089:583366] [ 1] /lib64/libc.so.6(+0x8d02c)[0x14ba10c8d02c]
[genoahost089:583366] [ 2] /lib64/libc.so.6(raise+0x16)[0x14ba10c3fb86]
[genoahost089:583366] [ 3] /lib64/libc.so.6(abort+0xd3)[0x14ba10c29873]
[genoahost089:583366] [ 4] /lib64/libc.so.6(+0x2979b)[0x14ba10c2979b]
[genoahost089:583366] [ 5] /lib64/libc.so.6(+0x388c6)[0x14ba10c388c6]
[genoahost089:583366] [ 6] /direct/sdcc+u/poare/Grid/build/examples/./Example_spec_kryschur[0x4cc186]
[genoahost089:583366] [ 7] /direct/sdcc+u/poare/Grid/build/examples/./Example_spec_kryschur[0x4cc271]
[genoahost089:583366] [ 8] /direct/sdcc+u/poare/Grid/build/examples/./Example_spec_kryschur[0x4c7e15]
[genoahost089:583366] [ 9] /direct/sdcc+u/poare/Grid/build/examples/./Example_spec_kryschur[0x4b5ecf]
[genoahost089:583366] [10] /direct/sdcc+u/poare/Grid/build/examples/./Example_spec_kryschur[0x41171f]
[genoahost089:583366] [11] /lib64/libc.so.6(+0x2a610)[0x14ba10c2a610]
[genoahost089:583366] [12] /lib64/libc.so.6(__libc_start_main+0x80)[0x14ba10c2a6c0]
[genoahost089:583366] [13] /direct/sdcc+u/poare/Grid/build/examples/./Example_spec_kryschur[0x414705]
[genoahost089:583366] *** End of error message ***
srun: error: genoahost090: task 21: Aborted (core dumped)

__|__|__|__|__|__|__|__|__|__|__|__|__|__|__
__|__|__|__|__|__|__|__|__|__|__|__|__|__|__
__|_ |  |  |  |  |  |  |  |  |  |  |  | _|__
__|_                                    _|__
__|_   GGGG    RRRR    III    DDDD      _|__
__|_  G        R   R    I     D   D     _|__
__|_  G        R   R    I     D    D    _|__
__|_  G  GG    RRRR     I     D    D    _|__
__|_  G   G    R  R     I     D   D     _|__
__|_   GGGG    R   R   III    DDDD      _|__
__|_                                    _|__
__|__|__|__|__|__|__|__|__|__|__|__|__|__|__
__|__|__|__|__|__|__|__|__|__|__|__|__|__|__
  |  |  |  |  |  |  |  |  |  |  |  |  |  |  


Copyright (C) 2015 Peter Boyle, Azusa Yamaguchi, Guido Cossu, Antonin Portelli and other authors

This program is free software; you can redistribute it and/or modify
it under the terms of the GNU General Public License as published by
the Free Software Foundation; either version 2 of the License, or
(at your option) any later version.

This program is distributed in the hope that it will be useful,
but WITHOUT ANY WARRANTY; without even the implied warranty of
MERCHANTABILITY or FITNESS FOR A PARTICULAR PURPOSE.  See the
GNU General Public License for more details.
Current Grid git commit hash=82d411ca7bb8ec4a5b5c3815df23674cfd291070: (HEAD -> develop, origin/develop, origin/HEAD) clean

Grid : Message : ================================================ 
Grid : Message : MPI is initialised and logging filters activated 
Grid : Message : ================================================ 
Grid : Message : This rank is running on host genoahost092.sdcc.bnl.local at local time 2026-03-04 12:41:31
Grid : Message : Requested 17179869184 byte stencil comms buffers 
Grid : Message : MemoryManager::Init() setting up
Grid : Message : MemoryManager::Init() cache pool for recent host   allocations: SMALL 8 LARGE 2 HUGE 0
Grid : Message : MemoryManager::Init() cache pool for recent device allocations: SMALL 16 LARGE 8 Huge 0
Grid : Message : MemoryManager::Init() cache pool for recent shared allocations: SMALL 16 LARGE 8 Huge 0
Grid : Message : MemoryManager::Init() Unified memory space
Sorting eigenvalues using EvalReSmall
Grid : Message : 0.688000 s : Lattice size: [32 32 32 32]
Example_spec_kryschur: ../../Grid/communicator/SharedMemoryMPI.cc:434: static void Grid::GlobalSharedMemory::OptimalCommunicatorSharedMemory(const Coordinate&, ompi_communicator_t*&, Grid::Coordinate&): Assertion `WorldSize==Nprocessors' failed.
[genoahost092:2288497] *** Process received signal ***
[genoahost092:2288497] Signal: Aborted (6)
[genoahost092:2288497] Signal code:  (-6)
[genoahost092:2288497] [ 0] /lib64/libc.so.6(+0x3fc30)[0x146fbb83fc30]
[genoahost092:2288497] [ 1] /lib64/libc.so.6(+0x8d02c)[0x146fbb88d02c]
[genoahost092:2288497] [ 2] /lib64/libc.so.6(raise+0x16)[0x146fbb83fb86]
[genoahost092:2288497] [ 3] /lib64/libc.so.6(abort+0xd3)[0x146fbb829873]
[genoahost092:2288497] [ 4] /lib64/libc.so.6(+0x2979b)[0x146fbb82979b]
[genoahost092:2288497] [ 5] /lib64/libc.so.6(+0x388c6)[0x146fbb8388c6]
[genoahost092:2288497] [ 6] /direct/sdcc+u/poare/Grid/build/examples/./Example_spec_kryschur[0x4cc186]
[genoahost092:2288497] [ 7] /direct/sdcc+u/poare/Grid/build/examples/./Example_spec_kryschur[0x4cc271]
[genoahost092:2288497] [ 8] /direct/sdcc+u/poare/Grid/build/examples/./Example_spec_kryschur[0x4c7e15]
[genoahost092:2288497] [ 9] /direct/sdcc+u/poare/Grid/build/examples/./Example_spec_kryschur[0x4b5ecf]
[genoahost092:2288497] [10] /direct/sdcc+u/poare/Grid/build/examples/./Example_spec_kryschur[0x41171f]
[genoahost092:2288497] [11] /lib64/libc.so.6(+0x2a610)[0x146fbb82a610]
[genoahost092:2288497] [12] /lib64/libc.so.6(__libc_start_main+0x80)[0x146fbb82a6c0]
[genoahost092:2288497] [13] /direct/sdcc+u/poare/Grid/build/examples/./Example_spec_kryschur[0x414705]
[genoahost092:2288497] *** End of error message ***
srun: error: genoahost090: tasks 16-17,19,23,29: Aborted (core dumped)
srun: error: genoahost095: task 105: Aborted (core dumped)
srun: error: genoahost096: tasks 112,114,120,123: Aborted (core dumped)
srun: error: genoahost089: task 11: Aborted (core dumped)

__|__|__|__|__|__|__|__|__|__|__|__|__|__|__
__|__|__|__|__|__|__|__|__|__|__|__|__|__|__
__|_ |  |  |  |  |  |  |  |  |  |  |  | _|__
__|_                                    _|__
__|_   GGGG    RRRR    III    DDDD      _|__
__|_  G        R   R    I     D   D     _|__
__|_  G        R   R    I     D    D    _|__
__|_  G  GG    RRRR     I     D    D    _|__
__|_  G   G    R  R     I     D   D     _|__
__|_   GGGG    R   R   III    DDDD      _|__
__|_                                    _|__
__|__|__|__|__|__|__|__|__|__|__|__|__|__|__
__|__|__|__|__|__|__|__|__|__|__|__|__|__|__
  |  |  |  |  |  |  |  |  |  |  |  |  |  |  


Copyright (C) 2015 Peter Boyle, Azusa Yamaguchi, Guido Cossu, Antonin Portelli and other authors

This program is free software; you can redistribute it and/or modify
it under the terms of the GNU General Public License as published by
the Free Software Foundation; either version 2 of the License, or
(at your option) any later version.

This program is distributed in the hope that it will be useful,
but WITHOUT ANY WARRANTY; without even the implied warranty of
MERCHANTABILITY or FITNESS FOR A PARTICULAR PURPOSE.  See the
GNU General Public License for more details.
Current Grid git commit hash=82d411ca7bb8ec4a5b5c3815df23674cfd291070: (HEAD -> develop, origin/develop, origin/HEAD) clean

Grid : Message : ================================================ 
Grid : Message : MPI is initialised and logging filters activated 
Grid : Message : ================================================ 
Grid : Message : This rank is running on host genoahost092.sdcc.bnl.local at local time 2026-03-04 12:41:35
Grid : Message : Requested 17179869184 byte stencil comms buffers 
Grid : Message : MemoryManager::Init() setting up
Grid : Message : MemoryManager::Init() cache pool for recent host   allocations: SMALL 8 LARGE 2 HUGE 0
Grid : Message : MemoryManager::Init() cache pool for recent device allocations: SMALL 16 LARGE 8 Huge 0
Grid : Message : MemoryManager::Init() cache pool for recent shared allocations: SMALL 16 LARGE 8 Huge 0
Grid : Message : MemoryManager::Init() Unified memory space
Sorting eigenvalues using EvalReSmall
Grid : Message : 0.642000 s : Lattice size: [32 32 32 32]
Example_spec_kryschur: ../../Grid/communicator/SharedMemoryMPI.cc:434: static void Grid::GlobalSharedMemory::OptimalCommunicatorSharedMemory(const Coordinate&, ompi_communicator_t*&, Grid::Coordinate&): Assertion `WorldSize==Nprocessors' failed.
[genoahost092:2288496] *** Process received signal ***
[genoahost092:2288496] Signal: Aborted (6)
[genoahost092:2288496] Signal code:  (-6)
[genoahost092:2288496] [ 0] /lib64/libc.so.6(+0x3fc30)[0x14ac4fa3fc30]
[genoahost092:2288496] [ 1] /lib64/libc.so.6(+0x8d02c)[0x14ac4fa8d02c]
[genoahost092:2288496] [ 2] /lib64/libc.so.6(raise+0x16)[0x14ac4fa3fb86]
[genoahost092:2288496] [ 3] /lib64/libc.so.6(abort+0xd3)[0x14ac4fa29873]
[genoahost092:2288496] [ 4] /lib64/libc.so.6(+0x2979b)[0x14ac4fa2979b]
[genoahost092:2288496] [ 5] /lib64/libc.so.6(+0x388c6)[0x14ac4fa388c6]
[genoahost092:2288496] [ 6] /direct/sdcc+u/poare/Grid/build/examples/./Example_spec_kryschur[0x4cc186]
[genoahost092:2288496] [ 7] /direct/sdcc+u/poare/Grid/build/examples/./Example_spec_kryschur[0x4cc271]
[genoahost092:2288496] [ 8] /direct/sdcc+u/poare/Grid/build/examples/./Example_spec_kryschur[0x4c7e15]
[genoahost092:2288496] [ 9] /direct/sdcc+u/poare/Grid/build/examples/./Example_spec_kryschur[0x4b5ecf]
[genoahost092:2288496] [10] /direct/sdcc+u/poare/Grid/build/examples/./Example_spec_kryschur[0x41171f]
[genoahost092:2288496] [11] /lib64/libc.so.6(+0x2a610)[0x14ac4fa2a610]
[genoahost092:2288496] [12] /lib64/libc.so.6(__libc_start_main+0x80)[0x14ac4fa2a6c0]
[genoahost092:2288496] [13] /direct/sdcc+u/poare/Grid/build/examples/./Example_spec_kryschur[0x414705]
[genoahost092:2288496] *** End of error message ***

__|__|__|__|__|__|__|__|__|__|__|__|__|__|__
__|__|__|__|__|__|__|__|__|__|__|__|__|__|__
__|_ |  |  |  |  |  |  |  |  |  |  |  | _|__
__|_                                    _|__
__|_   GGGG    RRRR    III    DDDD      _|__
__|_  G        R   R    I     D   D     _|__
__|_  G        R   R    I     D    D    _|__
__|_  G  GG    RRRR     I     D    D    _|__
__|_  G   G    R  R     I     D   D     _|__
__|_   GGGG    R   R   III    DDDD      _|__
__|_                                    _|__
__|__|__|__|__|__|__|__|__|__|__|__|__|__|__
__|__|__|__|__|__|__|__|__|__|__|__|__|__|__
  |  |  |  |  |  |  |  |  |  |  |  |  |  |  


Copyright (C) 2015 Peter Boyle, Azusa Yamaguchi, Guido Cossu, Antonin Portelli and other authors

This program is free software; you can redistribute it and/or modify
it under the terms of the GNU General Public License as published by
the Free Software Foundation; either version 2 of the License, or
(at your option) any later version.

This program is distributed in the hope that it will be useful,
but WITHOUT ANY WARRANTY; without even the implied warranty of
MERCHANTABILITY or FITNESS FOR A PARTICULAR PURPOSE.  See the
GNU General Public License for more details.
Current Grid git commit hash=82d411ca7bb8ec4a5b5c3815df23674cfd291070: (HEAD -> develop, origin/develop, origin/HEAD) clean

Grid : Message : ================================================ 
Grid : Message : MPI is initialised and logging filters activated 
Grid : Message : ================================================ 
Grid : Message : This rank is running on host genoahost096.sdcc.bnl.local at local time 2026-03-04 12:41:35
Grid : Message : Requested 17179869184 byte stencil comms buffers 
Grid : Message : MemoryManager::Init() setting up
Grid : Message : MemoryManager::Init() cache pool for recent host   allocations: SMALL 8 LARGE 2 HUGE 0
Grid : Message : MemoryManager::Init() cache pool for recent device allocations: SMALL 16 LARGE 8 Huge 0
Grid : Message : MemoryManager::Init() cache pool for recent shared allocations: SMALL 16 LARGE 8 Huge 0
Grid : Message : MemoryManager::Init() Unified memory space
Sorting eigenvalues using EvalReSmall
Grid : Message : 0.624000 s : Lattice size: [32 32 32 32]
Example_spec_kryschur: ../../Grid/communicator/SharedMemoryMPI.cc:434: static void Grid::GlobalSharedMemory::OptimalCommunicatorSharedMemory(const Coordinate&, ompi_communicator_t*&, Grid::Coordinate&): Assertion `WorldSize==Nprocessors' failed.
[genoahost096:2315039] *** Process received signal ***
[genoahost096:2315039] Signal: Aborted (6)
[genoahost096:2315039] Signal code:  (-6)
[genoahost096:2315039] [ 0] /lib64/libc.so.6(+0x3fc30)[0x14916603fc30]
[genoahost096:2315039] [ 1] /lib64/libc.so.6(+0x8d02c)[0x14916608d02c]
[genoahost096:2315039] [ 2] /lib64/libc.so.6(raise+0x16)[0x14916603fb86]
[genoahost096:2315039] [ 3] /lib64/libc.so.6(abort+0xd3)[0x149166029873]
[genoahost096:2315039] [ 4] /lib64/libc.so.6(+0x2979b)[0x14916602979b]
[genoahost096:2315039] [ 5] /lib64/libc.so.6(+0x388c6)[0x1491660388c6]
[genoahost096:2315039] [ 6] /direct/sdcc+u/poare/Grid/build/examples/./Example_spec_kryschur[0x4cc186]
[genoahost096:2315039] [ 7] /direct/sdcc+u/poare/Grid/build/examples/./Example_spec_kryschur[0x4cc271]
[genoahost096:2315039] [ 8] /direct/sdcc+u/poare/Grid/build/examples/./Example_spec_kryschur[0x4c7e15]
[genoahost096:2315039] [ 9] /direct/sdcc+u/poare/Grid/build/examples/./Example_spec_kryschur[0x4b5ecf]
[genoahost096:2315039] [10] /direct/sdcc+u/poare/Grid/build/examples/./Example_spec_kryschur[0x41171f]
[genoahost096:2315039] [11] /lib64/libc.so.6(+0x2a610)[0x14916602a610]
[genoahost096:2315039] [12] /lib64/libc.so.6(__libc_start_main+0x80)[0x14916602a6c0]
[genoahost096:2315039] [13] /direct/sdcc+u/poare/Grid/build/examples/./Example_spec_kryschur[0x414705]
[genoahost096:2315039] *** End of error message ***

__|__|__|__|__|__|__|__|__|__|__|__|__|__|__
__|__|__|__|__|__|__|__|__|__|__|__|__|__|__
__|_ |  |  |  |  |  |  |  |  |  |  |  | _|__
__|_                                    _|__
__|_   GGGG    RRRR    III    DDDD      _|__
__|_  G        R   R    I     D   D     _|__
__|_  G        R   R    I     D    D    _|__
__|_  G  GG    RRRR     I     D    D    _|__
__|_  G   G    R  R     I     D   D     _|__
__|_   GGGG    R   R   III    DDDD      _|__
__|_                                    _|__
__|__|__|__|__|__|__|__|__|__|__|__|__|__|__
__|__|__|__|__|__|__|__|__|__|__|__|__|__|__
  |  |  |  |  |  |  |  |  |  |  |  |  |  |  


Copyright (C) 2015 Peter Boyle, Azusa Yamaguchi, Guido Cossu, Antonin Portelli and other authors

This program is free software; you can redistribute it and/or modify
it under the terms of the GNU General Public License as published by
the Free Software Foundation; either version 2 of the License, or
(at your option) any later version.

This program is distributed in the hope that it will be useful,
but WITHOUT ANY WARRANTY; without even the implied warranty of
MERCHANTABILITY or FITNESS FOR A PARTICULAR PURPOSE.  See the
GNU General Public License for more details.
Current Grid git commit hash=82d411ca7bb8ec4a5b5c3815df23674cfd291070: (HEAD -> develop, origin/develop, origin/HEAD) clean

Grid : Message : ================================================ 
Grid : Message : MPI is initialised and logging filters activated 
Grid : Message : ================================================ 
Grid : Message : This rank is running on host genoahost096.sdcc.bnl.local at local time 2026-03-04 12:41:35
Grid : Message : Requested 17179869184 byte stencil comms buffers 
Grid : Message : MemoryManager::Init() setting up
Grid : Message : MemoryManager::Init() cache pool for recent host   allocations: SMALL 8 LARGE 2 HUGE 0
Grid : Message : MemoryManager::Init() cache pool for recent device allocations: SMALL 16 LARGE 8 Huge 0
Grid : Message : MemoryManager::Init() cache pool for recent shared allocations: SMALL 16 LARGE 8 Huge 0
Grid : Message : MemoryManager::Init() Unified memory space
Sorting eigenvalues using EvalReSmall
Grid : Message : 0.591000 s : Lattice size: [32 32 32 32]
Example_spec_kryschur: ../../Grid/communicator/SharedMemoryMPI.cc:434: static void Grid::GlobalSharedMemory::OptimalCommunicatorSharedMemory(const Coordinate&, ompi_communicator_t*&, Grid::Coordinate&): Assertion `WorldSize==Nprocessors' failed.
[genoahost096:2315052] *** Process received signal ***
[genoahost096:2315052] Signal: Aborted (6)
[genoahost096:2315052] Signal code:  (-6)
[genoahost096:2315052] [ 0] /lib64/libc.so.6(+0x3fc30)[0x14ca48a3fc30]
[genoahost096:2315052] [ 1] /lib64/libc.so.6(+0x8d02c)[0x14ca48a8d02c]
[genoahost096:2315052] [ 2] /lib64/libc.so.6(raise+0x16)[0x14ca48a3fb86]
[genoahost096:2315052] [ 3] /lib64/libc.so.6(abort+0xd3)[0x14ca48a29873]
[genoahost096:2315052] [ 4] /lib64/libc.so.6(+0x2979b)[0x14ca48a2979b]
[genoahost096:2315052] [ 5] /lib64/libc.so.6(+0x388c6)[0x14ca48a388c6]
[genoahost096:2315052] [ 6] /direct/sdcc+u/poare/Grid/build/examples/./Example_spec_kryschur[0x4cc186]
[genoahost096:2315052] [ 7] /direct/sdcc+u/poare/Grid/build/examples/./Example_spec_kryschur[0x4cc271]
[genoahost096:2315052] [ 8] /direct/sdcc+u/poare/Grid/build/examples/./Example_spec_kryschur[0x4c7e15]
[genoahost096:2315052] [ 9] /direct/sdcc+u/poare/Grid/build/examples/./Example_spec_kryschur[0x4b5ecf]
[genoahost096:2315052] [10] /direct/sdcc+u/poare/Grid/build/examples/./Example_spec_kryschur[0x41171f]
[genoahost096:2315052] [11] /lib64/libc.so.6(+0x2a610)[0x14ca48a2a610]
[genoahost096:2315052] [12] /lib64/libc.so.6(__libc_start_main+0x80)[0x14ca48a2a6c0]
[genoahost096:2315052] [13] /direct/sdcc+u/poare/Grid/build/examples/./Example_spec_kryschur[0x414705]
[genoahost096:2315052] *** End of error message ***

__|__|__|__|__|__|__|__|__|__|__|__|__|__|__
__|__|__|__|__|__|__|__|__|__|__|__|__|__|__
__|_ |  |  |  |  |  |  |  |  |  |  |  | _|__
__|_                                    _|__
__|_   GGGG    RRRR    III    DDDD      _|__
__|_  G        R   R    I     D   D     _|__
__|_  G        R   R    I     D    D    _|__
__|_  G  GG    RRRR     I     D    D    _|__
__|_  G   G    R  R     I     D   D     _|__
__|_   GGGG    R   R   III    DDDD      _|__
__|_                                    _|__
__|__|__|__|__|__|__|__|__|__|__|__|__|__|__
__|__|__|__|__|__|__|__|__|__|__|__|__|__|__
  |  |  |  |  |  |  |  |  |  |  |  |  |  |  


Copyright (C) 2015 Peter Boyle, Azusa Yamaguchi, Guido Cossu, Antonin Portelli and other authors

This program is free software; you can redistribute it and/or modify
it under the terms of the GNU General Public License as published by
the Free Software Foundation; either version 2 of the License, or
(at your option) any later version.

This program is distributed in the hope that it will be useful,
but WITHOUT ANY WARRANTY; without even the implied warranty of
MERCHANTABILITY or FITNESS FOR A PARTICULAR PURPOSE.  See the
GNU General Public License for more details.
Current Grid git commit hash=82d411ca7bb8ec4a5b5c3815df23674cfd291070: (HEAD -> develop, origin/develop, origin/HEAD) clean

Grid : Message : ================================================ 
Grid : Message : MPI is initialised and logging filters activated 
Grid : Message : ================================================ 
Grid : Message : This rank is running on host genoahost089.sdcc.bnl.local at local time 2026-03-04 12:41:36
Grid : Message : Requested 17179869184 byte stencil comms buffers 
Grid : Message : MemoryManager::Init() setting up
Grid : Message : MemoryManager::Init() cache pool for recent host   allocations: SMALL 8 LARGE 2 HUGE 0
Grid : Message : MemoryManager::Init() cache pool for recent device allocations: SMALL 16 LARGE 8 Huge 0
Grid : Message : MemoryManager::Init() cache pool for recent shared allocations: SMALL 16 LARGE 8 Huge 0
Grid : Message : MemoryManager::Init() Unified memory space
Sorting eigenvalues using EvalReSmall
Grid : Message : 0.685000 s : Lattice size: [32 32 32 32]
Example_spec_kryschur: ../../Grid/communicator/SharedMemoryMPI.cc:434: static void Grid::GlobalSharedMemory::OptimalCommunicatorSharedMemory(const Coordinate&, ompi_communicator_t*&, Grid::Coordinate&): Assertion `WorldSize==Nprocessors' failed.
[genoahost089:583360] *** Process received signal ***
[genoahost089:583360] Signal: Aborted (6)
[genoahost089:583360] Signal code:  (-6)
[genoahost089:583360] [ 0] /lib64/libc.so.6(+0x3fc30)[0x14dcf443fc30]
[genoahost089:583360] [ 1] /lib64/libc.so.6(+0x8d02c)[0x14dcf448d02c]
[genoahost089:583360] [ 2] /lib64/libc.so.6(raise+0x16)[0x14dcf443fb86]
[genoahost089:583360] [ 3] /lib64/libc.so.6(abort+0xd3)[0x14dcf4429873]
[genoahost089:583360] [ 4] /lib64/libc.so.6(+0x2979b)[0x14dcf442979b]
[genoahost089:583360] [ 5] /lib64/libc.so.6(+0x388c6)[0x14dcf44388c6]
[genoahost089:583360] [ 6] /direct/sdcc+u/poare/Grid/build/examples/./Example_spec_kryschur[0x4cc186]
[genoahost089:583360] [ 7] /direct/sdcc+u/poare/Grid/build/examples/./Example_spec_kryschur[0x4cc271]
[genoahost089:583360] [ 8] /direct/sdcc+u/poare/Grid/build/examples/./Example_spec_kryschur[0x4c7e15]
[genoahost089:583360] [ 9] /direct/sdcc+u/poare/Grid/build/examples/./Example_spec_kryschur[0x4b5ecf]
[genoahost089:583360] [10] /direct/sdcc+u/poare/Grid/build/examples/./Example_spec_kryschur[0x41171f]
[genoahost089:583360] [11] /lib64/libc.so.6(+0x2a610)[0x14dcf442a610]
[genoahost089:583360] [12] /lib64/libc.so.6(__libc_start_main+0x80)[0x14dcf442a6c0]
[genoahost089:583360] [13] /direct/sdcc+u/poare/Grid/build/examples/./Example_spec_kryschur[0x414705]
[genoahost089:583360] *** End of error message ***

__|__|__|__|__|__|__|__|__|__|__|__|__|__|__
__|__|__|__|__|__|__|__|__|__|__|__|__|__|__
__|_ |  |  |  |  |  |  |  |  |  |  |  | _|__
__|_                                    _|__
__|_   GGGG    RRRR    III    DDDD      _|__
__|_  G        R   R    I     D   D     _|__
__|_  G        R   R    I     D    D    _|__
__|_  G  GG    RRRR     I     D    D    _|__
__|_  G   G    R  R     I     D   D     _|__
__|_   GGGG    R   R   III    DDDD      _|__
__|_                                    _|__
__|__|__|__|__|__|__|__|__|__|__|__|__|__|__
__|__|__|__|__|__|__|__|__|__|__|__|__|__|__
  |  |  |  |  |  |  |  |  |  |  |  |  |  |  


Copyright (C) 2015 Peter Boyle, Azusa Yamaguchi, Guido Cossu, Antonin Portelli and other authors

This program is free software; you can redistribute it and/or modify
it under the terms of the GNU General Public License as published by
the Free Software Foundation; either version 2 of the License, or
(at your option) any later version.

This program is distributed in the hope that it will be useful,
but WITHOUT ANY WARRANTY; without even the implied warranty of
MERCHANTABILITY or FITNESS FOR A PARTICULAR PURPOSE.  See the
GNU General Public License for more details.
Current Grid git commit hash=82d411ca7bb8ec4a5b5c3815df23674cfd291070: (HEAD -> develop, origin/develop, origin/HEAD) clean

Grid : Message : ================================================ 
Grid : Message : MPI is initialised and logging filters activated 
Grid : Message : ================================================ 
Grid : Message : This rank is running on host genoahost096.sdcc.bnl.local at local time 2026-03-04 12:41:36
Grid : Message : Requested 17179869184 byte stencil comms buffers 
Grid : Message : MemoryManager::Init() setting up
Grid : Message : MemoryManager::Init() cache pool for recent host   allocations: SMALL 8 LARGE 2 HUGE 0
Grid : Message : MemoryManager::Init() cache pool for recent device allocations: SMALL 16 LARGE 8 Huge 0
Grid : Message : MemoryManager::Init() cache pool for recent shared allocations: SMALL 16 LARGE 8 Huge 0
Grid : Message : MemoryManager::Init() Unified memory space
Sorting eigenvalues using EvalReSmall
Grid : Message : 0.630000 s : Lattice size: [32 32 32 32]
Example_spec_kryschur: ../../Grid/communicator/SharedMemoryMPI.cc:434: static void Grid::GlobalSharedMemory::OptimalCommunicatorSharedMemory(const Coordinate&, ompi_communicator_t*&, Grid::Coordinate&): Assertion `WorldSize==Nprocessors' failed.
[genoahost096:2315045] *** Process received signal ***
[genoahost096:2315045] Signal: Aborted (6)
[genoahost096:2315045] Signal code:  (-6)
[genoahost096:2315045] [ 0] /lib64/libc.so.6(+0x3fc30)[0x14b98163fc30]
[genoahost096:2315045] [ 1] /lib64/libc.so.6(+0x8d02c)[0x14b98168d02c]
[genoahost096:2315045] [ 2] /lib64/libc.so.6(raise+0x16)[0x14b98163fb86]
[genoahost096:2315045] [ 3] /lib64/libc.so.6(abort+0xd3)[0x14b981629873]
[genoahost096:2315045] [ 4] /lib64/libc.so.6(+0x2979b)[0x14b98162979b]
[genoahost096:2315045] [ 5] /lib64/libc.so.6(+0x388c6)[0x14b9816388c6]
[genoahost096:2315045] [ 6] /direct/sdcc+u/poare/Grid/build/examples/./Example_spec_kryschur[0x4cc186]
[genoahost096:2315045] [ 7] /direct/sdcc+u/poare/Grid/build/examples/./Example_spec_kryschur[0x4cc271]
[genoahost096:2315045] [ 8] /direct/sdcc+u/poare/Grid/build/examples/./Example_spec_kryschur[0x4c7e15]
[genoahost096:2315045] [ 9] /direct/sdcc+u/poare/Grid/build/examples/./Example_spec_kryschur[0x4b5ecf]
[genoahost096:2315045] [10] /direct/sdcc+u/poare/Grid/build/examples/./Example_spec_kryschur[0x41171f]
[genoahost096:2315045] [11] /lib64/libc.so.6(+0x2a610)[0x14b98162a610]
[genoahost096:2315045] [12] /lib64/libc.so.6(__libc_start_main+0x80)[0x14b98162a6c0]
[genoahost096:2315045] [13] /direct/sdcc+u/poare/Grid/build/examples/./Example_spec_kryschur[0x414705]
[genoahost096:2315045] *** End of error message ***
srun: error: genoahost090: task 22: Aborted (core dumped)
srun: error: genoahost089: task 10: Aborted (core dumped)
srun: error: genoahost090: task 30: Aborted (core dumped)

__|__|__|__|__|__|__|__|__|__|__|__|__|__|__
__|__|__|__|__|__|__|__|__|__|__|__|__|__|__
__|_ |  |  |  |  |  |  |  |  |  |  |  | _|__
__|_                                    _|__
__|_   GGGG    RRRR    III    DDDD      _|__
__|_  G        R   R    I     D   D     _|__
__|_  G        R   R    I     D    D    _|__
__|_  G  GG    RRRR     I     D    D    _|__
__|_  G   G    R  R     I     D   D     _|__
__|_   GGGG    R   R   III    DDDD      _|__
__|_                                    _|__
__|__|__|__|__|__|__|__|__|__|__|__|__|__|__
__|__|__|__|__|__|__|__|__|__|__|__|__|__|__
  |  |  |  |  |  |  |  |  |  |  |  |  |  |  


Copyright (C) 2015 Peter Boyle, Azusa Yamaguchi, Guido Cossu, Antonin Portelli and other authors

This program is free software; you can redistribute it and/or modify
it under the terms of the GNU General Public License as published by
the Free Software Foundation; either version 2 of the License, or
(at your option) any later version.

This program is distributed in the hope that it will be useful,
but WITHOUT ANY WARRANTY; without even the implied warranty of
MERCHANTABILITY or FITNESS FOR A PARTICULAR PURPOSE.  See the
GNU General Public License for more details.
Current Grid git commit hash=82d411ca7bb8ec4a5b5c3815df23674cfd291070: (HEAD -> develop, origin/develop, origin/HEAD) clean

Grid : Message : ================================================ 
Grid : Message : MPI is initialised and logging filters activated 
Grid : Message : ================================================ 
Grid : Message : This rank is running on host genoahost091.sdcc.bnl.local at local time 2026-03-04 12:41:39
Grid : Message : Requested 17179869184 byte stencil comms buffers 
Grid : Message : MemoryManager::Init() setting up
Grid : Message : MemoryManager::Init() cache pool for recent host   allocations: SMALL 8 LARGE 2 HUGE 0
Grid : Message : MemoryManager::Init() cache pool for recent device allocations: SMALL 16 LARGE 8 Huge 0
Grid : Message : MemoryManager::Init() cache pool for recent shared allocations: SMALL 16 LARGE 8 Huge 0
Grid : Message : MemoryManager::Init() Unified memory space
Sorting eigenvalues using EvalReSmall
Grid : Message : 0.410800 s : Lattice size: [32 32 32 32]
Example_spec_kryschur: ../../Grid/communicator/SharedMemoryMPI.cc:434: static void Grid::GlobalSharedMemory::OptimalCommunicatorSharedMemory(const Coordinate&, ompi_communicator_t*&, Grid::Coordinate&): Assertion `WorldSize==Nprocessors' failed.
[genoahost091:2340682] *** Process received signal ***
[genoahost091:2340682] Signal: Aborted (6)
[genoahost091:2340682] Signal code:  (-6)
[genoahost091:2340682] [ 0] /lib64/libc.so.6(+0x3fc30)[0x1506c2e3fc30]
[genoahost091:2340682] [ 1] /lib64/libc.so.6(+0x8d02c)[0x1506c2e8d02c]
[genoahost091:2340682] [ 2] /lib64/libc.so.6(raise+0x16)[0x1506c2e3fb86]
[genoahost091:2340682] [ 3] /lib64/libc.so.6(abort+0xd3)[0x1506c2e29873]
[genoahost091:2340682] [ 4] /lib64/libc.so.6(+0x2979b)[0x1506c2e2979b]
[genoahost091:2340682] [ 5] /lib64/libc.so.6(+0x388c6)[0x1506c2e388c6]
[genoahost091:2340682] [ 6] /direct/sdcc+u/poare/Grid/build/examples/./Example_spec_kryschur[0x4cc186]
[genoahost091:2340682] [ 7] /direct/sdcc+u/poare/Grid/build/examples/./Example_spec_kryschur[0x4cc271]
[genoahost091:2340682] [ 8] /direct/sdcc+u/poare/Grid/build/examples/./Example_spec_kryschur[0x4c7e15]
[genoahost091:2340682] [ 9] /direct/sdcc+u/poare/Grid/build/examples/./Example_spec_kryschur[0x4b5ecf]
[genoahost091:2340682] [10] /direct/sdcc+u/poare/Grid/build/examples/./Example_spec_kryschur[0x41171f]
[genoahost091:2340682] [11] /lib64/libc.so.6(+0x2a610)[0x1506c2e2a610]
[genoahost091:2340682] [12] /lib64/libc.so.6(__libc_start_main+0x80)[0x1506c2e2a6c0]
[genoahost091:2340682] [13] /direct/sdcc+u/poare/Grid/build/examples/./Example_spec_kryschur[0x414705]
[genoahost091:2340682] *** End of error message ***

__|__|__|__|__|__|__|__|__|__|__|__|__|__|__
__|__|__|__|__|__|__|__|__|__|__|__|__|__|__
__|_ |  |  |  |  |  |  |  |  |  |  |  | _|__
__|_                                    _|__
__|_   GGGG    RRRR    III    DDDD      _|__
__|_  G        R   R    I     D   D     _|__
__|_  G        R   R    I     D    D    _|__
__|_  G  GG    RRRR     I     D    D    _|__
__|_  G   G    R  R     I     D   D     _|__
__|_   GGGG    R   R   III    DDDD      _|__
__|_                                    _|__
__|__|__|__|__|__|__|__|__|__|__|__|__|__|__
__|__|__|__|__|__|__|__|__|__|__|__|__|__|__
  |  |  |  |  |  |  |  |  |  |  |  |  |  |  


Copyright (C) 2015 Peter Boyle, Azusa Yamaguchi, Guido Cossu, Antonin Portelli and other authors

This program is free software; you can redistribute it and/or modify
it under the terms of the GNU General Public License as published by
the Free Software Foundation; either version 2 of the License, or
(at your option) any later version.

This program is distributed in the hope that it will be useful,
but WITHOUT ANY WARRANTY; without even the implied warranty of
MERCHANTABILITY or FITNESS FOR A PARTICULAR PURPOSE.  See the
GNU General Public License for more details.
Current Grid git commit hash=82d411ca7bb8ec4a5b5c3815df23674cfd291070: (HEAD -> develop, origin/develop, origin/HEAD) clean

Grid : Message : ================================================ 
Grid : Message : MPI is initialised and logging filters activated 
Grid : Message : ================================================ 
Grid : Message : This rank is running on host genoahost091.sdcc.bnl.local at local time 2026-03-04 12:41:39
Grid : Message : Requested 17179869184 byte stencil comms buffers 
Grid : Message : MemoryManager::Init() setting up
Grid : Message : MemoryManager::Init() cache pool for recent host   allocations: SMALL 8 LARGE 2 HUGE 0
Grid : Message : MemoryManager::Init() cache pool for recent device allocations: SMALL 16 LARGE 8 Huge 0
Grid : Message : MemoryManager::Init() cache pool for recent shared allocations: SMALL 16 LARGE 8 Huge 0
Grid : Message : MemoryManager::Init() Unified memory space
Sorting eigenvalues using EvalReSmall
Grid : Message : 0.541000 s : Lattice size: [32 32 32 32]
Example_spec_kryschur: ../../Grid/communicator/SharedMemoryMPI.cc:434: static void Grid::GlobalSharedMemory::OptimalCommunicatorSharedMemory(const Coordinate&, ompi_communicator_t*&, Grid::Coordinate&): Assertion `WorldSize==Nprocessors' failed.
[genoahost091:2340678] *** Process received signal ***
[genoahost091:2340678] Signal: Aborted (6)
[genoahost091:2340678] Signal code:  (-6)
[genoahost091:2340678] [ 0] /lib64/libc.so.6(+0x3fc30)[0x14a4ca63fc30]
[genoahost091:2340678] [ 1] /lib64/libc.so.6(+0x8d02c)[0x14a4ca68d02c]
[genoahost091:2340678] [ 2] /lib64/libc.so.6(raise+0x16)[0x14a4ca63fb86]
[genoahost091:2340678] [ 3] /lib64/libc.so.6(abort+0xd3)[0x14a4ca629873]
[genoahost091:2340678] [ 4] /lib64/libc.so.6(+0x2979b)[0x14a4ca62979b]
[genoahost091:2340678] [ 5] /lib64/libc.so.6(+0x388c6)[0x14a4ca6388c6]
[genoahost091:2340678] [ 6] /direct/sdcc+u/poare/Grid/build/examples/./Example_spec_kryschur[0x4cc186]
[genoahost091:2340678] [ 7] /direct/sdcc+u/poare/Grid/build/examples/./Example_spec_kryschur[0x4cc271]
[genoahost091:2340678] [ 8] /direct/sdcc+u/poare/Grid/build/examples/./Example_spec_kryschur[0x4c7e15]
[genoahost091:2340678] [ 9] /direct/sdcc+u/poare/Grid/build/examples/./Example_spec_kryschur[0x4b5ecf]
[genoahost091:2340678] [10] /direct/sdcc+u/poare/Grid/build/examples/./Example_spec_kryschur[0x41171f]
[genoahost091:2340678] [11] /lib64/libc.so.6(+0x2a610)[0x14a4ca62a610]
[genoahost091:2340678] [12] /lib64/libc.so.6(__libc_start_main+0x80)[0x14a4ca62a6c0]
[genoahost091:2340678] [13] /direct/sdcc+u/poare/Grid/build/examples/./Example_spec_kryschur[0x414705]
[genoahost091:2340678] *** End of error message ***
srun: error: genoahost092: task 62: Aborted (core dumped)

__|__|__|__|__|__|__|__|__|__|__|__|__|__|__
__|__|__|__|__|__|__|__|__|__|__|__|__|__|__
__|_ |  |  |  |  |  |  |  |  |  |  |  | _|__
__|_                                    _|__
__|_   GGGG    RRRR    III    DDDD      _|__
__|_  G        R   R    I     D   D     _|__
__|_  G        R   R    I     D    D    _|__
__|_  G  GG    RRRR     I     D    D    _|__
__|_  G   G    R  R     I     D   D     _|__
__|_   GGGG    R   R   III    DDDD      _|__
__|_                                    _|__
__|__|__|__|__|__|__|__|__|__|__|__|__|__|__
__|__|__|__|__|__|__|__|__|__|__|__|__|__|__
  |  |  |  |  |  |  |  |  |  |  |  |  |  |  


Copyright (C) 2015 Peter Boyle, Azusa Yamaguchi, Guido Cossu, Antonin Portelli and other authors

This program is free software; you can redistribute it and/or modify
it under the terms of the GNU General Public License as published by
the Free Software Foundation; either version 2 of the License, or
(at your option) any later version.

This program is distributed in the hope that it will be useful,
but WITHOUT ANY WARRANTY; without even the implied warranty of
MERCHANTABILITY or FITNESS FOR A PARTICULAR PURPOSE.  See the
GNU General Public License for more details.
Current Grid git commit hash=82d411ca7bb8ec4a5b5c3815df23674cfd291070: (HEAD -> develop, origin/develop, origin/HEAD) clean

Grid : Message : ================================================ 
Grid : Message : MPI is initialised and logging filters activated 
Grid : Message : ================================================ 
Grid : Message : This rank is running on host genoahost093.sdcc.bnl.local at local time 2026-03-04 12:41:40
Grid : Message : Requested 17179869184 byte stencil comms buffers 
Grid : Message : MemoryManager::Init() setting up
Grid : Message : MemoryManager::Init() cache pool for recent host   allocations: SMALL 8 LARGE 2 HUGE 0
Grid : Message : MemoryManager::Init() cache pool for recent device allocations: SMALL 16 LARGE 8 Huge 0
Grid : Message : MemoryManager::Init() cache pool for recent shared allocations: SMALL 16 LARGE 8 Huge 0
Grid : Message : MemoryManager::Init() Unified memory space
Sorting eigenvalues using EvalReSmall
Grid : Message : 0.710000 s : Lattice size: [32 32 32 32]
Example_spec_kryschur: ../../Grid/communicator/SharedMemoryMPI.cc:434: static void Grid::GlobalSharedMemory::OptimalCommunicatorSharedMemory(const Coordinate&, ompi_communicator_t*&, Grid::Coordinate&): Assertion `WorldSize==Nprocessors' failed.
[genoahost093:2344166] *** Process received signal ***
[genoahost093:2344166] Signal: Aborted (6)
[genoahost093:2344166] Signal code:  (-6)
[genoahost093:2344166] [ 0] /lib64/libc.so.6(+0x3fc30)[0x1549d183fc30]
[genoahost093:2344166] [ 1] /lib64/libc.so.6(+0x8d02c)[0x1549d188d02c]
[genoahost093:2344166] [ 2] /lib64/libc.so.6(raise+0x16)[0x1549d183fb86]
[genoahost093:2344166] [ 3] /lib64/libc.so.6(abort+0xd3)[0x1549d1829873]
[genoahost093:2344166] [ 4] /lib64/libc.so.6(+0x2979b)[0x1549d182979b]
[genoahost093:2344166] [ 5] /lib64/libc.so.6(+0x388c6)[0x1549d18388c6]
[genoahost093:2344166] [ 6] /direct/sdcc+u/poare/Grid/build/examples/./Example_spec_kryschur[0x4cc186]
[genoahost093:2344166] [ 7] /direct/sdcc+u/poare/Grid/build/examples/./Example_spec_kryschur[0x4cc271]
[genoahost093:2344166] [ 8] /direct/sdcc+u/poare/Grid/build/examples/./Example_spec_kryschur[0x4c7e15]
[genoahost093:2344166] [ 9] /direct/sdcc+u/poare/Grid/build/examples/./Example_spec_kryschur[0x4b5ecf]
[genoahost093:2344166] [10] /direct/sdcc+u/poare/Grid/build/examples/./Example_spec_kryschur[0x41171f]
[genoahost093:2344166] [11] /lib64/libc.so.6(+0x2a610)[0x1549d182a610]
[genoahost093:2344166] [12] /lib64/libc.so.6(__libc_start_main+0x80)[0x1549d182a6c0]
[genoahost093:2344166] [13] /direct/sdcc+u/poare/Grid/build/examples/./Example_spec_kryschur[0x414705]
[genoahost093:2344166] *** End of error message ***

__|__|__|__|__|__|__|__|__|__|__|__|__|__|__
__|__|__|__|__|__|__|__|__|__|__|__|__|__|__
__|_ |  |  |  |  |  |  |  |  |  |  |  | _|__
__|_                                    _|__
__|_   GGGG    RRRR    III    DDDD      _|__
__|_  G        R   R    I     D   D     _|__
__|_  G        R   R    I     D    D    _|__
__|_  G  GG    RRRR     I     D    D    _|__
__|_  G   G    R  R     I     D   D     _|__
__|_   GGGG    R   R   III    DDDD      _|__
__|_                                    _|__
__|__|__|__|__|__|__|__|__|__|__|__|__|__|__
__|__|__|__|__|__|__|__|__|__|__|__|__|__|__
  |  |  |  |  |  |  |  |  |  |  |  |  |  |  


Copyright (C) 2015 Peter Boyle, Azusa Yamaguchi, Guido Cossu, Antonin Portelli and other authors

This program is free software; you can redistribute it and/or modify
it under the terms of the GNU General Public License as published by
the Free Software Foundation; either version 2 of the License, or
(at your option) any later version.

This program is distributed in the hope that it will be useful,
but WITHOUT ANY WARRANTY; without even the implied warranty of
MERCHANTABILITY or FITNESS FOR A PARTICULAR PURPOSE.  See the
GNU General Public License for more details.
Current Grid git commit hash=82d411ca7bb8ec4a5b5c3815df23674cfd291070: (HEAD -> develop, origin/develop, origin/HEAD) clean

Grid : Message : ================================================ 
Grid : Message : MPI is initialised and logging filters activated 
Grid : Message : ================================================ 
Grid : Message : This rank is running on host genoahost093.sdcc.bnl.local at local time 2026-03-04 12:41:40
Grid : Message : Requested 17179869184 byte stencil comms buffers 
Grid : Message : MemoryManager::Init() setting up
Grid : Message : MemoryManager::Init() cache pool for recent host   allocations: SMALL 8 LARGE 2 HUGE 0
Grid : Message : MemoryManager::Init() cache pool for recent device allocations: SMALL 16 LARGE 8 Huge 0
Grid : Message : MemoryManager::Init() cache pool for recent shared allocations: SMALL 16 LARGE 8 Huge 0
Grid : Message : MemoryManager::Init() Unified memory space
Sorting eigenvalues using EvalReSmall
Grid : Message : 0.604000 s : Lattice size: [32 32 32 32]
Example_spec_kryschur: ../../Grid/communicator/SharedMemoryMPI.cc:434: static void Grid::GlobalSharedMemory::OptimalCommunicatorSharedMemory(const Coordinate&, ompi_communicator_t*&, Grid::Coordinate&): Assertion `WorldSize==Nprocessors' failed.
[genoahost093:2344162] *** Process received signal ***
[genoahost093:2344162] Signal: Aborted (6)
[genoahost093:2344162] Signal code:  (-6)
[genoahost093:2344162] [ 0] /lib64/libc.so.6(+0x3fc30)[0x15024e23fc30]
[genoahost093:2344162] [ 1] /lib64/libc.so.6(+0x8d02c)[0x15024e28d02c]
[genoahost093:2344162] [ 2] /lib64/libc.so.6(raise+0x16)[0x15024e23fb86]
[genoahost093:2344162] [ 3] /lib64/libc.so.6(abort+0xd3)[0x15024e229873]
[genoahost093:2344162] [ 4] /lib64/libc.so.6(+0x2979b)[0x15024e22979b]
[genoahost093:2344162] [ 5] /lib64/libc.so.6(+0x388c6)[0x15024e2388c6]
[genoahost093:2344162] [ 6] /direct/sdcc+u/poare/Grid/build/examples/./Example_spec_kryschur[0x4cc186]
[genoahost093:2344162] [ 7] /direct/sdcc+u/poare/Grid/build/examples/./Example_spec_kryschur[0x4cc271]
[genoahost093:2344162] [ 8] /direct/sdcc+u/poare/Grid/build/examples/./Example_spec_kryschur[0x4c7e15]
[genoahost093:2344162] [ 9] /direct/sdcc+u/poare/Grid/build/examples/./Example_spec_kryschur[0x4b5ecf]
[genoahost093:2344162] [10] /direct/sdcc+u/poare/Grid/build/examples/./Example_spec_kryschur[0x41171f]
[genoahost093:2344162] [11] /lib64/libc.so.6(+0x2a610)[0x15024e22a610]
[genoahost093:2344162] [12] /lib64/libc.so.6(__libc_start_main+0x80)[0x15024e22a6c0]
[genoahost093:2344162] [13] /direct/sdcc+u/poare/Grid/build/examples/./Example_spec_kryschur[0x414705]
[genoahost093:2344162] *** End of error message ***
srun: error: genoahost091: task 41: Aborted (core dumped)
srun: error: genoahost094: task 93: Aborted (core dumped)
srun: error: genoahost093: task 71: Aborted (core dumped)
srun: error: genoahost094: task 87: Aborted (core dumped)
srun: error: genoahost092: task 58: Aborted (core dumped)
srun: error: genoahost094: task 89: Aborted (core dumped)
srun: error: genoahost090: tasks 20,25: Aborted (core dumped)
srun: error: genoahost089: task 12: Aborted (core dumped)
srun: error: genoahost095: task 97: Aborted (core dumped)
srun: error: genoahost091: task 45: Aborted (core dumped)
srun: error: genoahost089: task 1: Aborted (core dumped)
srun: error: genoahost092: task 49: Aborted (core dumped)
srun: error: genoahost093: task 67: Aborted (core dumped)
srun: error: genoahost089: task 5: Aborted (core dumped)
srun: error: genoahost094: task 85: Aborted (core dumped)
srun: error: genoahost096: task 118: Aborted (core dumped)
srun: error: genoahost094: task 82: Aborted (core dumped)
srun: error: genoahost094: tasks 80,88,94: Aborted (core dumped)
srun: error: genoahost092: task 48: Aborted (core dumped)
srun: error: genoahost095: tasks 106,108: Aborted (core dumped)
srun: error: genoahost095: task 103: Aborted (core dumped)
srun: error: genoahost095: task 107: Aborted (core dumped)
srun: error: genoahost096: task 113: Aborted (core dumped)
srun: error: genoahost096: task 126: Aborted (core dumped)
srun: error: genoahost096: task 119: Aborted (core dumped)
