8
128
2.4.4.4
No PMIx server was reachable, but a PMI1/2 was detected.
If srun is being used to launch application,  128 singletons will be started.
SharedMemoryMpi:  World communicator of size 1
SharedMemoryMpi:  Node  communicator of size 1
SharedMemoryMpi: SharedMemoryAllocate 17179869184 SHMOPEN implementation 
SharedMemoryMpi:  World communicator of size 1
SharedMemoryMpi:  Node  communicator of size 1
SharedMemoryMpi: SharedMemoryAllocate 17179869184 SHMOPEN implementation 
SharedMemoryMpi:  World communicator of size 1
SharedMemoryMpi:  Node  communicator of size 1
SharedMemoryMpi: SharedMemoryAllocate 17179869184 SHMOPEN implementation 
SharedMemoryMpi:  World communicator of size 1
SharedMemoryMpi:  Node  communicator of size 1
SharedMemoryMpi: SharedMemoryAllocate 17179869184 SHMOPEN implementation 
SharedMemoryMpi:  World communicator of size 1
SharedMemoryMpi:  Node  communicator of size 1
SharedMemoryMpi: SharedMemoryAllocate 17179869184 SHMOPEN implementation 
SharedMemoryMpi:  World communicator of size 1
SharedMemoryMpi:  Node  communicator of size 1
SharedMemoryMpi: SharedMemoryAllocate 17179869184 SHMOPEN implementation 
SharedMemoryMpi:  World communicator of size 1
SharedMemoryMpi:  Node  communicator of size 1
SharedMemoryMpi: SharedMemoryAllocate 17179869184 SHMOPEN implementation 
SharedMemoryMpi:  World communicator of size 1
SharedMemoryMpi:  Node  communicator of size 1
SharedMemoryMpi: SharedMemoryAllocate 17179869184 SHMOPEN implementation 
SharedMemoryMpi:  World communicator of size 1
SharedMemoryMpi:  Node  communicator of size 1
SharedMemoryMpi: SharedMemoryAllocate 17179869184 SHMOPEN implementation 
SharedMemoryMpi:  World communicator of size 1
SharedMemoryMpi:  Node  communicator of size 1
SharedMemoryMpi: SharedMemoryAllocate 17179869184 SHMOPEN implementation 
SharedMemoryMpi:  World communicator of size 1
SharedMemoryMpi:  Node  communicator of size 1
SharedMemoryMpi: SharedMemoryAllocate 17179869184 SHMOPEN implementation 
SharedMemoryMpi:  World communicator of size 1
SharedMemoryMpi:  Node  communicator of size 1
SharedMemoryMpi: SharedMemoryAllocate 17179869184 SHMOPEN implementation 
SharedMemoryMpi:  World communicator of size 1
SharedMemoryMpi:  Node  communicator of size 1
SharedMemoryMpi: SharedMemoryAllocate 17179869184 SHMOPEN implementation 
SharedMemoryMpi:  World communicator of size 1
SharedMemoryMpi:  Node  communicator of size 1
SharedMemoryMpi: SharedMemoryAllocate 17179869184 SHMOPEN implementation 
SharedMemoryMpi:  World communicator of size 1
SharedMemoryMpi:  Node  communicator of size 1
SharedMemoryMpi: SharedMemoryAllocate 17179869184 SHMOPEN implementation 
SharedMemoryMpi:  World communicator of size 1
SharedMemoryMpi:  Node  communicator of size 1
SharedMemoryMpi: SharedMemoryAllocate 17179869184 SHMOPEN implementation 
SharedMemoryMpi:  World communicator of size 1
SharedMemoryMpi:  Node  communicator of size 1
SharedMemoryMpi: SharedMemoryAllocate 17179869184 SHMOPEN implementation 
SharedMemoryMpi:  World communicator of size 1
SharedMemoryMpi:  Node  communicator of size 1
SharedMemoryMpi: SharedMemoryAllocate 17179869184 SHMOPEN implementation 
SharedMemoryMpi:  World communicator of size 1
SharedMemoryMpi:  Node  communicator of size 1
SharedMemoryMpi: SharedMemoryAllocate 17179869184 SHMOPEN implementation 
SharedMemoryMpi:  World communicator of size 1
SharedMemoryMpi:  Node  communicator of size 1
SharedMemoryMpi: SharedMemoryAllocate 17179869184 SHMOPEN implementation 
SharedMemoryMpi:  World communicator of size 1
SharedMemoryMpi:  Node  communicator of size 1
SharedMemoryMpi: SharedMemoryAllocate 17179869184 SHMOPEN implementation 
SharedMemoryMpi:  World communicator of size 1
SharedMemoryMpi:  Node  communicator of size 1
SharedMemoryMpi: SharedMemoryAllocate 17179869184 SHMOPEN implementation 
SharedMemoryMpi:  World communicator of size 1
SharedMemoryMpi:  Node  communicator of size 1
SharedMemoryMpi: SharedMemoryAllocate 17179869184 SHMOPEN implementation 
SharedMemoryMpi:  World communicator of size 1
SharedMemoryMpi:  Node  communicator of size 1
SharedMemoryMpi: SharedMemoryAllocate 17179869184 SHMOPEN implementation 
SharedMemoryMpi:  World communicator of size 1
SharedMemoryMpi:  Node  communicator of size 1
SharedMemoryMpi: SharedMemoryAllocate 17179869184 SHMOPEN implementation 
SharedMemoryMpi:  World communicator of size 1
SharedMemoryMpi:  Node  communicator of size 1
SharedMemoryMpi: SharedMemoryAllocate 17179869184 SHMOPEN implementation 
SharedMemoryMpi:  World communicator of size 1
SharedMemoryMpi:  Node  communicator of size 1
SharedMemoryMpi: SharedMemoryAllocate 17179869184 SHMOPEN implementation 
SharedMemoryMpi:  World communicator of size 1
SharedMemoryMpi:  Node  communicator of size 1
SharedMemoryMpi: SharedMemoryAllocate 17179869184 SHMOPEN implementation 
SharedMemoryMpi:  World communicator of size 1
SharedMemoryMpi:  Node  communicator of size 1
SharedMemoryMpi: SharedMemoryAllocate 17179869184 SHMOPEN implementation 
SharedMemoryMpi:  World communicator of size 1
SharedMemoryMpi:  Node  communicator of size 1
SharedMemoryMpi: SharedMemoryAllocate 17179869184 SHMOPEN implementation 
SharedMemoryMpi:  World communicator of size 1
SharedMemoryMpi:  Node  communicator of size 1
SharedMemoryMpi: SharedMemoryAllocate 17179869184 SHMOPEN implementation 
SharedMemoryMpi:  World communicator of size 1
SharedMemoryMpi:  Node  communicator of size 1
SharedMemoryMpi: SharedMemoryAllocate 17179869184 SHMOPEN implementation 
SharedMemoryMpi:  World communicator of size 1
SharedMemoryMpi:  Node  communicator of size 1
SharedMemoryMpi: SharedMemoryAllocate 17179869184 SHMOPEN implementation 
SharedMemoryMpi:  World communicator of size 1
SharedMemoryMpi:  Node  communicator of size 1
SharedMemoryMpi: SharedMemoryAllocate 17179869184 SHMOPEN implementation 
SharedMemoryMpi:  World communicator of size 1
SharedMemoryMpi:  Node  communicator of size 1
SharedMemoryMpi: SharedMemoryAllocate 17179869184 SHMOPEN implementation 
SharedMemoryMpi:  World communicator of size 1
SharedMemoryMpi:  Node  communicator of size 1
SharedMemoryMpi: SharedMemoryAllocate 17179869184 SHMOPEN implementation 
SharedMemoryMpi:  World communicator of size 1
SharedMemoryMpi:  Node  communicator of size 1
SharedMemoryMpi: SharedMemoryAllocate 17179869184 SHMOPEN implementation 
SharedMemoryMpi:  World communicator of size 1
SharedMemoryMpi:  Node  communicator of size 1
SharedMemoryMpi: SharedMemoryAllocate 17179869184 SHMOPEN implementation 
SharedMemoryMpi:  World communicator of size 1
SharedMemoryMpi:  Node  communicator of size 1
SharedMemoryMpi: SharedMemoryAllocate 17179869184 SHMOPEN implementation 
SharedMemoryMpi:  World communicator of size 1
SharedMemoryMpi:  Node  communicator of size 1
SharedMemoryMpi: SharedMemoryAllocate 17179869184 SHMOPEN implementation 
SharedMemoryMpi:  World communicator of size 1
SharedMemoryMpi:  Node  communicator of size 1
SharedMemoryMpi: SharedMemoryAllocate 17179869184 SHMOPEN implementation 
SharedMemoryMpi:  World communicator of size 1
SharedMemoryMpi:  Node  communicator of size 1
SharedMemoryMpi: SharedMemoryAllocate 17179869184 SHMOPEN implementation 
SharedMemoryMpi:  World communicator of size 1
SharedMemoryMpi:  Node  communicator of size 1
SharedMemoryMpi: SharedMemoryAllocate 17179869184 SHMOPEN implementation 
SharedMemoryMpi:  World communicator of size 1
SharedMemoryMpi:  Node  communicator of size 1
SharedMemoryMpi: SharedMemoryAllocate 17179869184 SHMOPEN implementation 
SharedMemoryMpi:  World communicator of size 1
SharedMemoryMpi:  Node  communicator of size 1
SharedMemoryMpi: SharedMemoryAllocate 17179869184 SHMOPEN implementation 
SharedMemoryMpi:  World communicator of size 1
SharedMemoryMpi:  Node  communicator of size 1
SharedMemoryMpi: SharedMemoryAllocate 17179869184 SHMOPEN implementation 
SharedMemoryMpi:  World communicator of size 1
SharedMemoryMpi:  Node  communicator of size 1
SharedMemoryMpi: SharedMemoryAllocate 17179869184 SHMOPEN implementation 
SharedMemoryMpi:  World communicator of size 1
SharedMemoryMpi:  Node  communicator of size 1
SharedMemoryMpi: SharedMemoryAllocate 17179869184 SHMOPEN implementation 
SharedMemoryMpi:  World communicator of size 1
SharedMemoryMpi:  Node  communicator of size 1
SharedMemoryMpi: SharedMemoryAllocate 17179869184 SHMOPEN implementation 
SharedMemoryMpi:  World communicator of size 1
SharedMemoryMpi:  Node  communicator of size 1
SharedMemoryMpi: SharedMemoryAllocate 17179869184 SHMOPEN implementation 
SharedMemoryMpi:  World communicator of size 1
SharedMemoryMpi:  Node  communicator of size 1
SharedMemoryMpi: SharedMemoryAllocate 17179869184 SHMOPEN implementation 
SharedMemoryMpi:  World communicator of size 1
SharedMemoryMpi:  Node  communicator of size 1
SharedMemoryMpi: SharedMemoryAllocate 17179869184 SHMOPEN implementation 
SharedMemoryMpi:  World communicator of size 1
SharedMemoryMpi:  Node  communicator of size 1
SharedMemoryMpi: SharedMemoryAllocate 17179869184 SHMOPEN implementation 
SharedMemoryMpi:  World communicator of size 1
SharedMemoryMpi:  Node  communicator of size 1
SharedMemoryMpi: SharedMemoryAllocate 17179869184 SHMOPEN implementation 
SharedMemoryMpi:  World communicator of size 1
SharedMemoryMpi:  Node  communicator of size 1
SharedMemoryMpi: SharedMemoryAllocate 17179869184 SHMOPEN implementation 
SharedMemoryMpi:  World communicator of size 1
SharedMemoryMpi:  Node  communicator of size 1
SharedMemoryMpi: SharedMemoryAllocate 17179869184 SHMOPEN implementation 
SharedMemoryMpi:  World communicator of size 1
SharedMemoryMpi:  Node  communicator of size 1
SharedMemoryMpi: SharedMemoryAllocate 17179869184 SHMOPEN implementation 
SharedMemoryMpi:  World communicator of size 1
SharedMemoryMpi:  Node  communicator of size 1
SharedMemoryMpi: SharedMemoryAllocate 17179869184 SHMOPEN implementation 
SharedMemoryMpi:  World communicator of size 1
SharedMemoryMpi:  Node  communicator of size 1
SharedMemoryMpi: SharedMemoryAllocate 17179869184 SHMOPEN implementation 
SharedMemoryMpi:  World communicator of size 1
SharedMemoryMpi:  Node  communicator of size 1
SharedMemoryMpi: SharedMemoryAllocate 17179869184 SHMOPEN implementation 
SharedMemoryMpi:  World communicator of size 1
SharedMemoryMpi:  Node  communicator of size 1
SharedMemoryMpi: SharedMemoryAllocate 17179869184 SHMOPEN implementation 
SharedMemoryMpi:  World communicator of size 1
SharedMemoryMpi:  Node  communicator of size 1
SharedMemoryMpi: SharedMemoryAllocate 17179869184 SHMOPEN implementation 
SharedMemoryMpi:  World communicator of size 1
SharedMemoryMpi:  Node  communicator of size 1
SharedMemoryMpi: SharedMemoryAllocate 17179869184 SHMOPEN implementation 
SharedMemoryMpi:  World communicator of size 1
SharedMemoryMpi:  Node  communicator of size 1
SharedMemoryMpi: SharedMemoryAllocate 17179869184 SHMOPEN implementation 
SharedMemoryMpi:  World communicator of size 1
SharedMemoryMpi:  Node  communicator of size 1
SharedMemoryMpi: SharedMemoryAllocate 17179869184 SHMOPEN implementation 
SharedMemoryMpi:  World communicator of size 1
SharedMemoryMpi:  Node  communicator of size 1
SharedMemoryMpi: SharedMemoryAllocate 17179869184 SHMOPEN implementation 
SharedMemoryMpi:  World communicator of size 1
SharedMemoryMpi:  Node  communicator of size 1
SharedMemoryMpi: SharedMemoryAllocate 17179869184 SHMOPEN implementation 
SharedMemoryMpi:  World communicator of size 1
SharedMemoryMpi:  Node  communicator of size 1
SharedMemoryMpi: SharedMemoryAllocate 17179869184 SHMOPEN implementation 
SharedMemoryMpi:  World communicator of size 1
SharedMemoryMpi:  Node  communicator of size 1
SharedMemoryMpi: SharedMemoryAllocate 17179869184 SHMOPEN implementation 
SharedMemoryMpi:  World communicator of size 1
SharedMemoryMpi:  Node  communicator of size 1
SharedMemoryMpi: SharedMemoryAllocate 17179869184 SHMOPEN implementation 
SharedMemoryMpi:  World communicator of size 1
SharedMemoryMpi:  Node  communicator of size 1
SharedMemoryMpi: SharedMemoryAllocate 17179869184 SHMOPEN implementation 
SharedMemoryMpi:  World communicator of size 1
SharedMemoryMpi:  Node  communicator of size 1
SharedMemoryMpi: SharedMemoryAllocate 17179869184 SHMOPEN implementation 
SharedMemoryMpi:  World communicator of size 1
SharedMemoryMpi:  Node  communicator of size 1
SharedMemoryMpi: SharedMemoryAllocate 17179869184 SHMOPEN implementation 
SharedMemoryMpi:  World communicator of size 1
SharedMemoryMpi:  Node  communicator of size 1
SharedMemoryMpi: SharedMemoryAllocate 17179869184 SHMOPEN implementation 
SharedMemoryMpi:  World communicator of size 1
SharedMemoryMpi:  Node  communicator of size 1
SharedMemoryMpi: SharedMemoryAllocate 17179869184 SHMOPEN implementation 
SharedMemoryMpi:  World communicator of size 1
SharedMemoryMpi:  Node  communicator of size 1
SharedMemoryMpi: SharedMemoryAllocate 17179869184 SHMOPEN implementation 
SharedMemoryMpi:  World communicator of size 1
SharedMemoryMpi:  Node  communicator of size 1
SharedMemoryMpi: SharedMemoryAllocate 17179869184 SHMOPEN implementation 
SharedMemoryMpi:  World communicator of size 1
SharedMemoryMpi:  Node  communicator of size 1
SharedMemoryMpi: SharedMemoryAllocate 17179869184 SHMOPEN implementation 
SharedMemoryMpi:  World communicator of size 1
SharedMemoryMpi:  Node  communicator of size 1
SharedMemoryMpi: SharedMemoryAllocate 17179869184 SHMOPEN implementation 
SharedMemoryMpi:  World communicator of size 1
SharedMemoryMpi:  Node  communicator of size 1
SharedMemoryMpi: SharedMemoryAllocate 17179869184 SHMOPEN implementation 
SharedMemoryMpi:  World communicator of size 1
SharedMemoryMpi:  Node  communicator of size 1
SharedMemoryMpi: SharedMemoryAllocate 17179869184 SHMOPEN implementation 
SharedMemoryMpi:  World communicator of size 1
SharedMemoryMpi:  Node  communicator of size 1
SharedMemoryMpi: SharedMemoryAllocate 17179869184 SHMOPEN implementation 
SharedMemoryMpi:  World communicator of size 1
SharedMemoryMpi:  Node  communicator of size 1
SharedMemoryMpi: SharedMemoryAllocate 17179869184 SHMOPEN implementation 
SharedMemoryMpi:  World communicator of size 1
SharedMemoryMpi:  Node  communicator of size 1
SharedMemoryMpi: SharedMemoryAllocate 17179869184 SHMOPEN implementation 
SharedMemoryMpi:  World communicator of size 1
SharedMemoryMpi:  Node  communicator of size 1
SharedMemoryMpi: SharedMemoryAllocate 17179869184 SHMOPEN implementation 
SharedMemoryMpi:  World communicator of size 1
SharedMemoryMpi:  Node  communicator of size 1
SharedMemoryMpi: SharedMemoryAllocate 17179869184 SHMOPEN implementation 
SharedMemoryMpi:  World communicator of size 1
SharedMemoryMpi:  Node  communicator of size 1
SharedMemoryMpi: SharedMemoryAllocate 17179869184 SHMOPEN implementation 
SharedMemoryMpi:  World communicator of size 1
SharedMemoryMpi:  Node  communicator of size 1
SharedMemoryMpi: SharedMemoryAllocate 17179869184 SHMOPEN implementation 
SharedMemoryMpi:  World communicator of size 1
SharedMemoryMpi:  Node  communicator of size 1
SharedMemoryMpi: SharedMemoryAllocate 17179869184 SHMOPEN implementation 
SharedMemoryMpi:  World communicator of size 1
SharedMemoryMpi:  Node  communicator of size 1
SharedMemoryMpi: SharedMemoryAllocate 17179869184 SHMOPEN implementation 
SharedMemoryMpi:  World communicator of size 1
SharedMemoryMpi:  Node  communicator of size 1
SharedMemoryMpi: SharedMemoryAllocate 17179869184 SHMOPEN implementation 
SharedMemoryMpi:  World communicator of size 1
SharedMemoryMpi:  Node  communicator of size 1
SharedMemoryMpi: SharedMemoryAllocate 17179869184 SHMOPEN implementation 
SharedMemoryMpi:  World communicator of size 1
SharedMemoryMpi:  Node  communicator of size 1
SharedMemoryMpi: SharedMemoryAllocate 17179869184 SHMOPEN implementation 
SharedMemoryMpi:  World communicator of size 1
SharedMemoryMpi:  Node  communicator of size 1
SharedMemoryMpi: SharedMemoryAllocate 17179869184 SHMOPEN implementation 
SharedMemoryMpi:  World communicator of size 1
SharedMemoryMpi:  Node  communicator of size 1
SharedMemoryMpi: SharedMemoryAllocate 17179869184 SHMOPEN implementation 
SharedMemoryMpi:  World communicator of size 1
SharedMemoryMpi:  Node  communicator of size 1
SharedMemoryMpi: SharedMemoryAllocate 17179869184 SHMOPEN implementation 
SharedMemoryMpi:  World communicator of size 1
SharedMemoryMpi:  Node  communicator of size 1
SharedMemoryMpi: SharedMemoryAllocate 17179869184 SHMOPEN implementation 
SharedMemoryMpi:  World communicator of size 1
SharedMemoryMpi:  Node  communicator of size 1
SharedMemoryMpi: SharedMemoryAllocate 17179869184 SHMOPEN implementation 
SharedMemoryMpi:  World communicator of size 1
SharedMemoryMpi:  Node  communicator of size 1
SharedMemoryMpi: SharedMemoryAllocate 17179869184 SHMOPEN implementation 
SharedMemoryMpi:  World communicator of size 1
SharedMemoryMpi:  Node  communicator of size 1
SharedMemoryMpi: SharedMemoryAllocate 17179869184 SHMOPEN implementation 
SharedMemoryMpi:  World communicator of size 1
SharedMemoryMpi:  Node  communicator of size 1
SharedMemoryMpi: SharedMemoryAllocate 17179869184 SHMOPEN implementation 
SharedMemoryMpi:  World communicator of size 1
SharedMemoryMpi:  Node  communicator of size 1
SharedMemoryMpi: SharedMemoryAllocate 17179869184 SHMOPEN implementation 
SharedMemoryMpi:  World communicator of size 1
SharedMemoryMpi:  Node  communicator of size 1
SharedMemoryMpi: SharedMemoryAllocate 17179869184 SHMOPEN implementation 
SharedMemoryMpi:  World communicator of size 1
SharedMemoryMpi:  Node  communicator of size 1
SharedMemoryMpi: SharedMemoryAllocate 17179869184 SHMOPEN implementation 
SharedMemoryMpi:  World communicator of size 1
SharedMemoryMpi:  Node  communicator of size 1
SharedMemoryMpi: SharedMemoryAllocate 17179869184 SHMOPEN implementation 
SharedMemoryMpi:  World communicator of size 1
SharedMemoryMpi:  Node  communicator of size 1
SharedMemoryMpi: SharedMemoryAllocate 17179869184 SHMOPEN implementation 
SharedMemoryMpi:  World communicator of size 1
SharedMemoryMpi:  Node  communicator of size 1
SharedMemoryMpi: SharedMemoryAllocate 17179869184 SHMOPEN implementation 
SharedMemoryMpi:  World communicator of size 1
SharedMemoryMpi:  Node  communicator of size 1
SharedMemoryMpi: SharedMemoryAllocate 17179869184 SHMOPEN implementation 
SharedMemoryMpi:  World communicator of size 1
SharedMemoryMpi:  Node  communicator of size 1
SharedMemoryMpi: SharedMemoryAllocate 17179869184 SHMOPEN implementation 
SharedMemoryMpi:  World communicator of size 1
SharedMemoryMpi:  Node  communicator of size 1
SharedMemoryMpi: SharedMemoryAllocate 17179869184 SHMOPEN implementation 
SharedMemoryMpi:  World communicator of size 1
SharedMemoryMpi:  Node  communicator of size 1
SharedMemoryMpi: SharedMemoryAllocate 17179869184 SHMOPEN implementation 
SharedMemoryMpi:  World communicator of size 1
SharedMemoryMpi:  Node  communicator of size 1
SharedMemoryMpi: SharedMemoryAllocate 17179869184 SHMOPEN implementation 
SharedMemoryMpi:  World communicator of size 1
SharedMemoryMpi:  Node  communicator of size 1
SharedMemoryMpi: SharedMemoryAllocate 17179869184 SHMOPEN implementation 
SharedMemoryMpi:  World communicator of size 1
SharedMemoryMpi:  Node  communicator of size 1
SharedMemoryMpi: SharedMemoryAllocate 17179869184 SHMOPEN implementation 
SharedMemoryMpi:  World communicator of size 1
SharedMemoryMpi:  Node  communicator of size 1
SharedMemoryMpi: SharedMemoryAllocate 17179869184 SHMOPEN implementation 
SharedMemoryMpi:  World communicator of size 1
SharedMemoryMpi:  Node  communicator of size 1
SharedMemoryMpi: SharedMemoryAllocate 17179869184 SHMOPEN implementation 
SharedMemoryMpi:  World communicator of size 1
SharedMemoryMpi:  Node  communicator of size 1
SharedMemoryMpi: SharedMemoryAllocate 17179869184 SHMOPEN implementation 
SharedMemoryMpi:  World communicator of size 1
SharedMemoryMpi:  Node  communicator of size 1
SharedMemoryMpi: SharedMemoryAllocate 17179869184 SHMOPEN implementation 
SharedMemoryMpi:  World communicator of size 1
SharedMemoryMpi:  Node  communicator of size 1
SharedMemoryMpi: SharedMemoryAllocate 17179869184 SHMOPEN implementation 
SharedMemoryMpi:  World communicator of size 1
SharedMemoryMpi:  Node  communicator of size 1
SharedMemoryMpi: SharedMemoryAllocate 17179869184 SHMOPEN implementation 
SharedMemoryMpi:  World communicator of size 1
SharedMemoryMpi:  Node  communicator of size 1
SharedMemoryMpi: SharedMemoryAllocate 17179869184 SHMOPEN implementation 
SharedMemoryMpi:  World communicator of size 1
SharedMemoryMpi:  Node  communicator of size 1
SharedMemoryMpi: SharedMemoryAllocate 17179869184 SHMOPEN implementation 
SharedMemoryMpi:  World communicator of size 1
SharedMemoryMpi:  Node  communicator of size 1
SharedMemoryMpi: SharedMemoryAllocate 17179869184 SHMOPEN implementation 
SharedMemoryMpi:  World communicator of size 1
SharedMemoryMpi:  Node  communicator of size 1
SharedMemoryMpi: SharedMemoryAllocate 17179869184 SHMOPEN implementation 
SharedMemoryMpi:  World communicator of size 1
SharedMemoryMpi:  Node  communicator of size 1
SharedMemoryMpi: SharedMemoryAllocate 17179869184 SHMOPEN implementation 
SharedMemoryMpi:  World communicator of size 1
SharedMemoryMpi:  Node  communicator of size 1
SharedMemoryMpi: SharedMemoryAllocate 17179869184 SHMOPEN implementation 
SharedMemoryMpi:  World communicator of size 1
SharedMemoryMpi:  Node  communicator of size 1
SharedMemoryMpi: SharedMemoryAllocate 17179869184 SHMOPEN implementation 
SharedMemoryMpi:  World communicator of size 1
SharedMemoryMpi:  Node  communicator of size 1
SharedMemoryMpi: SharedMemoryAllocate 17179869184 SHMOPEN implementation 

__|__|__|__|__|__|__|__|__|__|__|__|__|__|__
__|__|__|__|__|__|__|__|__|__|__|__|__|__|__
__|_ |  |  |  |  |  |  |  |  |  |  |  | _|__
__|_                                    _|__
__|_   GGGG    RRRR    III    DDDD      _|__
__|_  G        R   R    I     D   D     _|__
__|_  G        R   R    I     D    D    _|__
__|_  G  GG    RRRR     I     D    D    _|__
__|_  G   G    R  R     I     D   D     _|__
__|_   GGGG    R   R   III    DDDD      _|__
__|_                                    _|__
__|__|__|__|__|__|__|__|__|__|__|__|__|__|__
__|__|__|__|__|__|__|__|__|__|__|__|__|__|__
  |  |  |  |  |  |  |  |  |  |  |  |  |  |  


Copyright (C) 2015 Peter Boyle, Azusa Yamaguchi, Guido Cossu, Antonin Portelli and other authors

This program is free software; you can redistribute it and/or modify
it under the terms of the GNU General Public License as published by
the Free Software Foundation; either version 2 of the License, or
(at your option) any later version.

This program is distributed in the hope that it will be useful,
but WITHOUT ANY WARRANTY; without even the implied warranty of
MERCHANTABILITY or FITNESS FOR A PARTICULAR PURPOSE.  See the
GNU General Public License for more details.
Current Grid git commit hash=82d411ca7bb8ec4a5b5c3815df23674cfd291070: (HEAD -> develop, origin/develop, origin/HEAD) clean

Grid : Message : ================================================ 
Grid : Message : MPI is initialised and logging filters activated 
Grid : Message : ================================================ 
Grid : Message : This rank is running on host genoahost094.sdcc.bnl.local at local time 2026-03-04 12:28:52
Grid : Message : Requested 17179869184 byte stencil comms buffers 
Grid : Message : MemoryManager::Init() setting up
Grid : Message : MemoryManager::Init() cache pool for recent host   allocations: SMALL 8 LARGE 2 HUGE 0
Grid : Message : MemoryManager::Init() cache pool for recent device allocations: SMALL 16 LARGE 8 Huge 0
Grid : Message : MemoryManager::Init() cache pool for recent shared allocations: SMALL 16 LARGE 8 Huge 0
Grid : Message : MemoryManager::Init() Unified memory space
Sorting eigenvalues using EvalReSmall
Lattice size: [32 32 32 32]
Example_spec_kryschur: ../../Grid/communicator/SharedMemoryMPI.cc:434: static void Grid::GlobalSharedMemory::OptimalCommunicatorSharedMemory(const Coordinate&, ompi_communicator_t*&, Grid::Coordinate&): Assertion `WorldSize==Nprocessors' failed.
[genoahost094:2384253] *** Process received signal ***
[genoahost094:2384253] Signal: Aborted (6)
[genoahost094:2384253] Signal code:  (-6)
[genoahost094:2384253] [ 0] /lib64/libc.so.6(+0x3fc30)[0x15541c23fc30]
[genoahost094:2384253] [ 1] /lib64/libc.so.6(+0x8d02c)[0x15541c28d02c]
[genoahost094:2384253] [ 2] /lib64/libc.so.6(raise+0x16)[0x15541c23fb86]
[genoahost094:2384253] [ 3] /lib64/libc.so.6(abort+0xd3)[0x15541c229873]
[genoahost094:2384253] [ 4] /lib64/libc.so.6(+0x2979b)[0x15541c22979b]
[genoahost094:2384253] [ 5] /lib64/libc.so.6(+0x388c6)[0x15541c2388c6]
[genoahost094:2384253] [ 6] /direct/sdcc+u/poare/Grid/build/examples/./Example_spec_kryschur[0x4cc206]
[genoahost094:2384253] [ 7] /direct/sdcc+u/poare/Grid/build/examples/./Example_spec_kryschur[0x4cc2f1]
[genoahost094:2384253] [ 8] /direct/sdcc+u/poare/Grid/build/examples/./Example_spec_kryschur[0x4c7e95]
[genoahost094:2384253] [ 9] /direct/sdcc+u/poare/Grid/build/examples/./Example_spec_kryschur[0x4b5f4f]
[genoahost094:2384253] [10] /direct/sdcc+u/poare/Grid/build/examples/./Example_spec_kryschur[0x41180d]
[genoahost094:2384253] [11] /lib64/libc.so.6(+0x2a610)[0x15541c22a610]
[genoahost094:2384253] [12] /lib64/libc.so.6(__libc_start_main+0x80)[0x15541c22a6c0]
[genoahost094:2384253] [13] /direct/sdcc+u/poare/Grid/build/examples/./Example_spec_kryschur[0x4147f5]
[genoahost094:2384253] *** End of error message ***

__|__|__|__|__|__|__|__|__|__|__|__|__|__|__
__|__|__|__|__|__|__|__|__|__|__|__|__|__|__
__|_ |  |  |  |  |  |  |  |  |  |  |  | _|__
__|_                                    _|__
__|_   GGGG    RRRR    III    DDDD      _|__
__|_  G        R   R    I     D   D     _|__
__|_  G        R   R    I     D    D    _|__
__|_  G  GG    RRRR     I     D    D    _|__
__|_  G   G    R  R     I     D   D     _|__
__|_   GGGG    R   R   III    DDDD      _|__
__|_                                    _|__
__|__|__|__|__|__|__|__|__|__|__|__|__|__|__
__|__|__|__|__|__|__|__|__|__|__|__|__|__|__
  |  |  |  |  |  |  |  |  |  |  |  |  |  |  


Copyright (C) 2015 Peter Boyle, Azusa Yamaguchi, Guido Cossu, Antonin Portelli and other authors

This program is free software; you can redistribute it and/or modify
it under the terms of the GNU General Public License as published by
the Free Software Foundation; either version 2 of the License, or
(at your option) any later version.

This program is distributed in the hope that it will be useful,
but WITHOUT ANY WARRANTY; without even the implied warranty of
MERCHANTABILITY or FITNESS FOR A PARTICULAR PURPOSE.  See the
GNU General Public License for more details.
Current Grid git commit hash=82d411ca7bb8ec4a5b5c3815df23674cfd291070: (HEAD -> develop, origin/develop, origin/HEAD) clean

Grid : Message : ================================================ 
Grid : Message : MPI is initialised and logging filters activated 
Grid : Message : ================================================ 
Grid : Message : This rank is running on host genoahost093.sdcc.bnl.local at local time 2026-03-04 12:28:52
Grid : Message : Requested 17179869184 byte stencil comms buffers 
Grid : Message : MemoryManager::Init() setting up
Grid : Message : MemoryManager::Init() cache pool for recent host   allocations: SMALL 8 LARGE 2 HUGE 0
Grid : Message : MemoryManager::Init() cache pool for recent device allocations: SMALL 16 LARGE 8 Huge 0
Grid : Message : MemoryManager::Init() cache pool for recent shared allocations: SMALL 16 LARGE 8 Huge 0
Grid : Message : MemoryManager::Init() Unified memory space
Sorting eigenvalues using EvalReSmall
Lattice size: [32 32 32 32]
Example_spec_kryschur: ../../Grid/communicator/SharedMemoryMPI.cc:434: static void Grid::GlobalSharedMemory::OptimalCommunicatorSharedMemory(const Coordinate&, ompi_communicator_t*&, Grid::Coordinate&): Assertion `WorldSize==Nprocessors' failed.
[genoahost093:2342496] *** Process received signal ***
[genoahost093:2342496] Signal: Aborted (6)
[genoahost093:2342496] Signal code:  (-6)
[genoahost093:2342496] [ 0] /lib64/libc.so.6(+0x3fc30)[0x14c8cb23fc30]
[genoahost093:2342496] [ 1] /lib64/libc.so.6(+0x8d02c)[0x14c8cb28d02c]
[genoahost093:2342496] [ 2] /lib64/libc.so.6(raise+0x16)[0x14c8cb23fb86]
[genoahost093:2342496] [ 3] /lib64/libc.so.6(abort+0xd3)[0x14c8cb229873]
[genoahost093:2342496] [ 4] /lib64/libc.so.6(+0x2979b)[0x14c8cb22979b]
[genoahost093:2342496] [ 5] /lib64/libc.so.6(+0x388c6)[0x14c8cb2388c6]
[genoahost093:2342496] [ 6] /direct/sdcc+u/poare/Grid/build/examples/./Example_spec_kryschur[0x4cc206]
[genoahost093:2342496] [ 7] /direct/sdcc+u/poare/Grid/build/examples/./Example_spec_kryschur[0x4cc2f1]
[genoahost093:2342496] [ 8] /direct/sdcc+u/poare/Grid/build/examples/./Example_spec_kryschur[0x4c7e95]
[genoahost093:2342496] [ 9] /direct/sdcc+u/poare/Grid/build/examples/./Example_spec_kryschur[0x4b5f4f]
[genoahost093:2342496] [10] /direct/sdcc+u/poare/Grid/build/examples/./Example_spec_kryschur[0x41180d]
[genoahost093:2342496] [11] /lib64/libc.so.6(+0x2a610)[0x14c8cb22a610]
[genoahost093:2342496] [12] /lib64/libc.so.6(__libc_start_main+0x80)[0x14c8cb22a6c0]
[genoahost093:2342496] [13] /direct/sdcc+u/poare/Grid/build/examples/./Example_spec_kryschur[0x4147f5]
[genoahost093:2342496] *** End of error message ***

__|__|__|__|__|__|__|__|__|__|__|__|__|__|__
__|__|__|__|__|__|__|__|__|__|__|__|__|__|__
__|_ |  |  |  |  |  |  |  |  |  |  |  | _|__
__|_                                    _|__
__|_   GGGG    RRRR    III    DDDD      _|__
__|_  G        R   R    I     D   D     _|__
__|_  G        R   R    I     D    D    _|__
__|_  G  GG    RRRR     I     D    D    _|__
__|_  G   G    R  R     I     D   D     _|__
__|_   GGGG    R   R   III    DDDD      _|__
__|_                                    _|__
__|__|__|__|__|__|__|__|__|__|__|__|__|__|__
__|__|__|__|__|__|__|__|__|__|__|__|__|__|__
  |  |  |  |  |  |  |  |  |  |  |  |  |  |  


Copyright (C) 2015 Peter Boyle, Azusa Yamaguchi, Guido Cossu, Antonin Portelli and other authors

This program is free software; you can redistribute it and/or modify
it under the terms of the GNU General Public License as published by
the Free Software Foundation; either version 2 of the License, or
(at your option) any later version.

This program is distributed in the hope that it will be useful,
but WITHOUT ANY WARRANTY; without even the implied warranty of
MERCHANTABILITY or FITNESS FOR A PARTICULAR PURPOSE.  See the
GNU General Public License for more details.
Current Grid git commit hash=82d411ca7bb8ec4a5b5c3815df23674cfd291070: (HEAD -> develop, origin/develop, origin/HEAD) clean

Grid : Message : ================================================ 
Grid : Message : MPI is initialised and logging filters activated 
Grid : Message : ================================================ 
Grid : Message : This rank is running on host genoahost093.sdcc.bnl.local at local time 2026-03-04 12:28:52
Grid : Message : Requested 17179869184 byte stencil comms buffers 
Grid : Message : MemoryManager::Init() setting up
Grid : Message : MemoryManager::Init() cache pool for recent host   allocations: SMALL 8 LARGE 2 HUGE 0
Grid : Message : MemoryManager::Init() cache pool for recent device allocations: SMALL 16 LARGE 8 Huge 0
Grid : Message : MemoryManager::Init() cache pool for recent shared allocations: SMALL 16 LARGE 8 Huge 0
Grid : Message : MemoryManager::Init() Unified memory space
Sorting eigenvalues using EvalReSmall
Lattice size: [32 32 32 32]
Example_spec_kryschur: ../../Grid/communicator/SharedMemoryMPI.cc:434: static void Grid::GlobalSharedMemory::OptimalCommunicatorSharedMemory(const Coordinate&, ompi_communicator_t*&, Grid::Coordinate&): Assertion `WorldSize==Nprocessors' failed.
[genoahost093:2342501] *** Process received signal ***
[genoahost093:2342501] Signal: Aborted (6)
[genoahost093:2342501] Signal code:  (-6)
[genoahost093:2342501] [ 0] /lib64/libc.so.6(+0x3fc30)[0x14e76423fc30]
[genoahost093:2342501] [ 1] /lib64/libc.so.6(+0x8d02c)[0x14e76428d02c]
[genoahost093:2342501] [ 2] /lib64/libc.so.6(raise+0x16)[0x14e76423fb86]
[genoahost093:2342501] [ 3] /lib64/libc.so.6(abort+0xd3)[0x14e764229873]
[genoahost093:2342501] [ 4] /lib64/libc.so.6(+0x2979b)[0x14e76422979b]
[genoahost093:2342501] [ 5] /lib64/libc.so.6(+0x388c6)[0x14e7642388c6]
[genoahost093:2342501] [ 6] /direct/sdcc+u/poare/Grid/build/examples/./Example_spec_kryschur[0x4cc206]
[genoahost093:2342501] [ 7] /direct/sdcc+u/poare/Grid/build/examples/./Example_spec_kryschur[0x4cc2f1]
[genoahost093:2342501] [ 8] /direct/sdcc+u/poare/Grid/build/examples/./Example_spec_kryschur[0x4c7e95]
[genoahost093:2342501] [ 9] /direct/sdcc+u/poare/Grid/build/examples/./Example_spec_kryschur[0x4b5f4f]
[genoahost093:2342501] [10] /direct/sdcc+u/poare/Grid/build/examples/./Example_spec_kryschur[0x41180d]
[genoahost093:2342501] [11] /lib64/libc.so.6(+0x2a610)[0x14e76422a610]
[genoahost093:2342501] [12] /lib64/libc.so.6(__libc_start_main+0x80)[0x14e76422a6c0]
[genoahost093:2342501] [13] /direct/sdcc+u/poare/Grid/build/examples/./Example_spec_kryschur[0x4147f5]
[genoahost093:2342501] *** End of error message ***

__|__|__|__|__|__|__|__|__|__|__|__|__|__|__
__|__|__|__|__|__|__|__|__|__|__|__|__|__|__
__|_ |  |  |  |  |  |  |  |  |  |  |  | _|__
__|_                                    _|__
__|_   GGGG    RRRR    III    DDDD      _|__
__|_  G        R   R    I     D   D     _|__
__|_  G        R   R    I     D    D    _|__
__|_  G  GG    RRRR     I     D    D    _|__
__|_  G   G    R  R     I     D   D     _|__
__|_   GGGG    R   R   III    DDDD      _|__
__|_                                    _|__
__|__|__|__|__|__|__|__|__|__|__|__|__|__|__
__|__|__|__|__|__|__|__|__|__|__|__|__|__|__
  |  |  |  |  |  |  |  |  |  |  |  |  |  |  


Copyright (C) 2015 Peter Boyle, Azusa Yamaguchi, Guido Cossu, Antonin Portelli and other authors

This program is free software; you can redistribute it and/or modify
it under the terms of the GNU General Public License as published by
the Free Software Foundation; either version 2 of the License, or
(at your option) any later version.

This program is distributed in the hope that it will be useful,
but WITHOUT ANY WARRANTY; without even the implied warranty of
MERCHANTABILITY or FITNESS FOR A PARTICULAR PURPOSE.  See the
GNU General Public License for more details.
Current Grid git commit hash=82d411ca7bb8ec4a5b5c3815df23674cfd291070: (HEAD -> develop, origin/develop, origin/HEAD) clean

Grid : Message : ================================================ 
Grid : Message : MPI is initialised and logging filters activated 
Grid : Message : ================================================ 
Grid : Message : This rank is running on host genoahost094.sdcc.bnl.local at local time 2026-03-04 12:28:53
Grid : Message : Requested 17179869184 byte stencil comms buffers 
Grid : Message : MemoryManager::Init() setting up
Grid : Message : MemoryManager::Init() cache pool for recent host   allocations: SMALL 8 LARGE 2 HUGE 0
Grid : Message : MemoryManager::Init() cache pool for recent device allocations: SMALL 16 LARGE 8 Huge 0
Grid : Message : MemoryManager::Init() cache pool for recent shared allocations: SMALL 16 LARGE 8 Huge 0
Grid : Message : MemoryManager::Init() Unified memory space
Sorting eigenvalues using EvalReSmall
Lattice size: [32 32 32 32]
Example_spec_kryschur: ../../Grid/communicator/SharedMemoryMPI.cc:434: static void Grid::GlobalSharedMemory::OptimalCommunicatorSharedMemory(const Coordinate&, ompi_communicator_t*&, Grid::Coordinate&): Assertion `WorldSize==Nprocessors' failed.
[genoahost094:2384250] *** Process received signal ***
[genoahost094:2384250] Signal: Aborted (6)
[genoahost094:2384250] Signal code:  (-6)
[genoahost094:2384250] [ 0] /lib64/libc.so.6(+0x3fc30)[0x14d14f43fc30]
[genoahost094:2384250] [ 1] /lib64/libc.so.6(+0x8d02c)[0x14d14f48d02c]
[genoahost094:2384250] [ 2] /lib64/libc.so.6(raise+0x16)[0x14d14f43fb86]
[genoahost094:2384250] [ 3] /lib64/libc.so.6(abort+0xd3)[0x14d14f429873]
[genoahost094:2384250] [ 4] /lib64/libc.so.6(+0x2979b)[0x14d14f42979b]
[genoahost094:2384250] [ 5] /lib64/libc.so.6(+0x388c6)[0x14d14f4388c6]
[genoahost094:2384250] [ 6] /direct/sdcc+u/poare/Grid/build/examples/./Example_spec_kryschur[0x4cc206]
[genoahost094:2384250] [ 7] /direct/sdcc+u/poare/Grid/build/examples/./Example_spec_kryschur[0x4cc2f1]
[genoahost094:2384250] [ 8] /direct/sdcc+u/poare/Grid/build/examples/./Example_spec_kryschur[0x4c7e95]
[genoahost094:2384250] [ 9] /direct/sdcc+u/poare/Grid/build/examples/./Example_spec_kryschur[0x4b5f4f]
[genoahost094:2384250] [10] /direct/sdcc+u/poare/Grid/build/examples/./Example_spec_kryschur[0x41180d]
[genoahost094:2384250] [11] /lib64/libc.so.6(+0x2a610)[0x14d14f42a610]
[genoahost094:2384250] [12] /lib64/libc.so.6(__libc_start_main+0x80)[0x14d14f42a6c0]
[genoahost094:2384250] [13] /direct/sdcc+u/poare/Grid/build/examples/./Example_spec_kryschur[0x4147f5]
[genoahost094:2384250] *** End of error message ***

__|__|__|__|__|__|__|__|__|__|__|__|__|__|__
__|__|__|__|__|__|__|__|__|__|__|__|__|__|__
__|_ |  |  |  |  |  |  |  |  |  |  |  | _|__
__|_                                    _|__
__|_   GGGG    RRRR    III    DDDD      _|__
__|_  G        R   R    I     D   D     _|__
__|_  G        R   R    I     D    D    _|__
__|_  G  GG    RRRR     I     D    D    _|__
__|_  G   G    R  R     I     D   D     _|__
__|_   GGGG    R   R   III    DDDD      _|__
__|_                                    _|__
__|__|__|__|__|__|__|__|__|__|__|__|__|__|__
__|__|__|__|__|__|__|__|__|__|__|__|__|__|__
  |  |  |  |  |  |  |  |  |  |  |  |  |  |  


Copyright (C) 2015 Peter Boyle, Azusa Yamaguchi, Guido Cossu, Antonin Portelli and other authors

This program is free software; you can redistribute it and/or modify
it under the terms of the GNU General Public License as published by
the Free Software Foundation; either version 2 of the License, or
(at your option) any later version.

This program is distributed in the hope that it will be useful,
but WITHOUT ANY WARRANTY; without even the implied warranty of
MERCHANTABILITY or FITNESS FOR A PARTICULAR PURPOSE.  See the
GNU General Public License for more details.
Current Grid git commit hash=82d411ca7bb8ec4a5b5c3815df23674cfd291070: (HEAD -> develop, origin/develop, origin/HEAD) clean

Grid : Message : ================================================ 
Grid : Message : MPI is initialised and logging filters activated 
Grid : Message : ================================================ 
Grid : Message : This rank is running on host genoahost090.sdcc.bnl.local at local time 2026-03-04 12:28:54
Grid : Message : Requested 17179869184 byte stencil comms buffers 
Grid : Message : MemoryManager::Init() setting up
Grid : Message : MemoryManager::Init() cache pool for recent host   allocations: SMALL 8 LARGE 2 HUGE 0
Grid : Message : MemoryManager::Init() cache pool for recent device allocations: SMALL 16 LARGE 8 Huge 0
Grid : Message : MemoryManager::Init() cache pool for recent shared allocations: SMALL 16 LARGE 8 Huge 0
Grid : Message : MemoryManager::Init() Unified memory space
Sorting eigenvalues using EvalReSmall
Lattice size: [32 32 32 32]
Example_spec_kryschur: ../../Grid/communicator/SharedMemoryMPI.cc:434: static void Grid::GlobalSharedMemory::OptimalCommunicatorSharedMemory(const Coordinate&, ompi_communicator_t*&, Grid::Coordinate&): Assertion `WorldSize==Nprocessors' failed.
[genoahost090:2327603] *** Process received signal ***
[genoahost090:2327603] Signal: Aborted (6)
[genoahost090:2327603] Signal code:  (-6)
[genoahost090:2327603] [ 0] /lib64/libc.so.6(+0x3fc30)[0x14aa4c03fc30]
[genoahost090:2327603] [ 1] /lib64/libc.so.6(+0x8d02c)[0x14aa4c08d02c]
[genoahost090:2327603] [ 2] /lib64/libc.so.6(raise+0x16)[0x14aa4c03fb86]
[genoahost090:2327603] [ 3] /lib64/libc.so.6(abort+0xd3)[0x14aa4c029873]
[genoahost090:2327603] [ 4] /lib64/libc.so.6(+0x2979b)[0x14aa4c02979b]
[genoahost090:2327603] [ 5] /lib64/libc.so.6(+0x388c6)[0x14aa4c0388c6]
[genoahost090:2327603] [ 6] /direct/sdcc+u/poare/Grid/build/examples/./Example_spec_kryschur[0x4cc206]
[genoahost090:2327603] [ 7] /direct/sdcc+u/poare/Grid/build/examples/./Example_spec_kryschur[0x4cc2f1]
[genoahost090:2327603] [ 8] /direct/sdcc+u/poare/Grid/build/examples/./Example_spec_kryschur[0x4c7e95]
[genoahost090:2327603] [ 9] /direct/sdcc+u/poare/Grid/build/examples/./Example_spec_kryschur[0x4b5f4f]
[genoahost090:2327603] [10] /direct/sdcc+u/poare/Grid/build/examples/./Example_spec_kryschur[0x41180d]
[genoahost090:2327603] [11] /lib64/libc.so.6(+0x2a610)[0x14aa4c02a610]
[genoahost090:2327603] [12] /lib64/libc.so.6(__libc_start_main+0x80)[0x14aa4c02a6c0]
[genoahost090:2327603] [13] /direct/sdcc+u/poare/Grid/build/examples/./Example_spec_kryschur[0x4147f5]
[genoahost090:2327603] *** End of error message ***

__|__|__|__|__|__|__|__|__|__|__|__|__|__|__
__|__|__|__|__|__|__|__|__|__|__|__|__|__|__
__|_ |  |  |  |  |  |  |  |  |  |  |  | _|__
__|_                                    _|__
__|_   GGGG    RRRR    III    DDDD      _|__
__|_  G        R   R    I     D   D     _|__
__|_  G        R   R    I     D    D    _|__
__|_  G  GG    RRRR     I     D    D    _|__
__|_  G   G    R  R     I     D   D     _|__
__|_   GGGG    R   R   III    DDDD      _|__
__|_                                    _|__
__|__|__|__|__|__|__|__|__|__|__|__|__|__|__
__|__|__|__|__|__|__|__|__|__|__|__|__|__|__
  |  |  |  |  |  |  |  |  |  |  |  |  |  |  


Copyright (C) 2015 Peter Boyle, Azusa Yamaguchi, Guido Cossu, Antonin Portelli and other authors

This program is free software; you can redistribute it and/or modify
it under the terms of the GNU General Public License as published by
the Free Software Foundation; either version 2 of the License, or
(at your option) any later version.

This program is distributed in the hope that it will be useful,
but WITHOUT ANY WARRANTY; without even the implied warranty of
MERCHANTABILITY or FITNESS FOR A PARTICULAR PURPOSE.  See the
GNU General Public License for more details.
Current Grid git commit hash=82d411ca7bb8ec4a5b5c3815df23674cfd291070: (HEAD -> develop, origin/develop, origin/HEAD) clean

Grid : Message : ================================================ 
Grid : Message : MPI is initialised and logging filters activated 
Grid : Message : ================================================ 
Grid : Message : This rank is running on host genoahost090.sdcc.bnl.local at local time 2026-03-04 12:28:54
Grid : Message : Requested 17179869184 byte stencil comms buffers 
Grid : Message : MemoryManager::Init() setting up
Grid : Message : MemoryManager::Init() cache pool for recent host   allocations: SMALL 8 LARGE 2 HUGE 0
Grid : Message : MemoryManager::Init() cache pool for recent device allocations: SMALL 16 LARGE 8 Huge 0
Grid : Message : MemoryManager::Init() cache pool for recent shared allocations: SMALL 16 LARGE 8 Huge 0
Grid : Message : MemoryManager::Init() Unified memory space
Sorting eigenvalues using EvalReSmall
Lattice size: [32 32 32 32]
Example_spec_kryschur: ../../Grid/communicator/SharedMemoryMPI.cc:434: static void Grid::GlobalSharedMemory::OptimalCommunicatorSharedMemory(const Coordinate&, ompi_communicator_t*&, Grid::Coordinate&): Assertion `WorldSize==Nprocessors' failed.
[genoahost090:2327601] *** Process received signal ***
[genoahost090:2327601] Signal: Aborted (6)
[genoahost090:2327601] Signal code:  (-6)
[genoahost090:2327601] [ 0] /lib64/libc.so.6(+0x3fc30)[0x14ecbae3fc30]
[genoahost090:2327601] [ 1] /lib64/libc.so.6(+0x8d02c)[0x14ecbae8d02c]
[genoahost090:2327601] [ 2] /lib64/libc.so.6(raise+0x16)[0x14ecbae3fb86]
[genoahost090:2327601] [ 3] /lib64/libc.so.6(abort+0xd3)[0x14ecbae29873]
[genoahost090:2327601] [ 4] /lib64/libc.so.6(+0x2979b)[0x14ecbae2979b]
[genoahost090:2327601] [ 5] /lib64/libc.so.6(+0x388c6)[0x14ecbae388c6]
[genoahost090:2327601] [ 6] /direct/sdcc+u/poare/Grid/build/examples/./Example_spec_kryschur[0x4cc206]
[genoahost090:2327601] [ 7] /direct/sdcc+u/poare/Grid/build/examples/./Example_spec_kryschur[0x4cc2f1]
[genoahost090:2327601] [ 8] /direct/sdcc+u/poare/Grid/build/examples/./Example_spec_kryschur[0x4c7e95]
[genoahost090:2327601] [ 9] /direct/sdcc+u/poare/Grid/build/examples/./Example_spec_kryschur[0x4b5f4f]
[genoahost090:2327601] [10] /direct/sdcc+u/poare/Grid/build/examples/./Example_spec_kryschur[0x41180d]
[genoahost090:2327601] [11] /lib64/libc.so.6(+0x2a610)[0x14ecbae2a610]
[genoahost090:2327601] [12] /lib64/libc.so.6(__libc_start_main+0x80)[0x14ecbae2a6c0]
[genoahost090:2327601] [13] /direct/sdcc+u/poare/Grid/build/examples/./Example_spec_kryschur[0x4147f5]
[genoahost090:2327601] *** End of error message ***

__|__|__|__|__|__|__|__|__|__|__|__|__|__|__
__|__|__|__|__|__|__|__|__|__|__|__|__|__|__
__|_ |  |  |  |  |  |  |  |  |  |  |  | _|__
__|_                                    _|__
__|_   GGGG    RRRR    III    DDDD      _|__
__|_  G        R   R    I     D   D     _|__
__|_  G        R   R    I     D    D    _|__
__|_  G  GG    RRRR     I     D    D    _|__
__|_  G   G    R  R     I     D   D     _|__
__|_   GGGG    R   R   III    DDDD      _|__
__|_                                    _|__
__|__|__|__|__|__|__|__|__|__|__|__|__|__|__
__|__|__|__|__|__|__|__|__|__|__|__|__|__|__
  |  |  |  |  |  |  |  |  |  |  |  |  |  |  


Copyright (C) 2015 Peter Boyle, Azusa Yamaguchi, Guido Cossu, Antonin Portelli and other authors

This program is free software; you can redistribute it and/or modify
it under the terms of the GNU General Public License as published by
the Free Software Foundation; either version 2 of the License, or
(at your option) any later version.

This program is distributed in the hope that it will be useful,
but WITHOUT ANY WARRANTY; without even the implied warranty of
MERCHANTABILITY or FITNESS FOR A PARTICULAR PURPOSE.  See the
GNU General Public License for more details.
Current Grid git commit hash=82d411ca7bb8ec4a5b5c3815df23674cfd291070: (HEAD -> develop, origin/develop, origin/HEAD) clean

Grid : Message : ================================================ 
Grid : Message : MPI is initialised and logging filters activated 
Grid : Message : ================================================ 
Grid : Message : This rank is running on host genoahost091.sdcc.bnl.local at local time 2026-03-04 12:28:56
Grid : Message : Requested 17179869184 byte stencil comms buffers 
Grid : Message : MemoryManager::Init() setting up
Grid : Message : MemoryManager::Init() cache pool for recent host   allocations: SMALL 8 LARGE 2 HUGE 0
Grid : Message : MemoryManager::Init() cache pool for recent device allocations: SMALL 16 LARGE 8 Huge 0
Grid : Message : MemoryManager::Init() cache pool for recent shared allocations: SMALL 16 LARGE 8 Huge 0
Grid : Message : MemoryManager::Init() Unified memory space
Sorting eigenvalues using EvalReSmall
Lattice size: [32 32 32 32]
Example_spec_kryschur: ../../Grid/communicator/SharedMemoryMPI.cc:434: static void Grid::GlobalSharedMemory::OptimalCommunicatorSharedMemory(const Coordinate&, ompi_communicator_t*&, Grid::Coordinate&): Assertion `WorldSize==Nprocessors' failed.
[genoahost091:2339437] *** Process received signal ***
[genoahost091:2339437] Signal: Aborted (6)
[genoahost091:2339437] Signal code:  (-6)
[genoahost091:2339437] [ 0] /lib64/libc.so.6(+0x3fc30)[0x14a89a63fc30]
[genoahost091:2339437] [ 1] /lib64/libc.so.6(+0x8d02c)[0x14a89a68d02c]
[genoahost091:2339437] [ 2] /lib64/libc.so.6(raise+0x16)[0x14a89a63fb86]
[genoahost091:2339437] [ 3] /lib64/libc.so.6(abort+0xd3)[0x14a89a629873]
[genoahost091:2339437] [ 4] /lib64/libc.so.6(+0x2979b)[0x14a89a62979b]
[genoahost091:2339437] [ 5] /lib64/libc.so.6(+0x388c6)[0x14a89a6388c6]
[genoahost091:2339437] [ 6] /direct/sdcc+u/poare/Grid/build/examples/./Example_spec_kryschur[0x4cc206]
[genoahost091:2339437] [ 7] /direct/sdcc+u/poare/Grid/build/examples/./Example_spec_kryschur[0x4cc2f1]
[genoahost091:2339437] [ 8] /direct/sdcc+u/poare/Grid/build/examples/./Example_spec_kryschur[0x4c7e95]
[genoahost091:2339437] [ 9] /direct/sdcc+u/poare/Grid/build/examples/./Example_spec_kryschur[0x4b5f4f]
[genoahost091:2339437] [10] /direct/sdcc+u/poare/Grid/build/examples/./Example_spec_kryschur[0x41180d]
[genoahost091:2339437] [11] /lib64/libc.so.6(+0x2a610)[0x14a89a62a610]
[genoahost091:2339437] [12] /lib64/libc.so.6(__libc_start_main+0x80)[0x14a89a62a6c0]
[genoahost091:2339437] [13] /direct/sdcc+u/poare/Grid/build/examples/./Example_spec_kryschur[0x4147f5]
[genoahost091:2339437] *** End of error message ***

__|__|__|__|__|__|__|__|__|__|__|__|__|__|__
__|__|__|__|__|__|__|__|__|__|__|__|__|__|__
__|_ |  |  |  |  |  |  |  |  |  |  |  | _|__
__|_                                    _|__
__|_   GGGG    RRRR    III    DDDD      _|__
__|_  G        R   R    I     D   D     _|__
__|_  G        R   R    I     D    D    _|__
__|_  G  GG    RRRR     I     D    D    _|__
__|_  G   G    R  R     I     D   D     _|__
__|_   GGGG    R   R   III    DDDD      _|__
__|_                                    _|__
__|__|__|__|__|__|__|__|__|__|__|__|__|__|__
__|__|__|__|__|__|__|__|__|__|__|__|__|__|__
  |  |  |  |  |  |  |  |  |  |  |  |  |  |  


Copyright (C) 2015 Peter Boyle, Azusa Yamaguchi, Guido Cossu, Antonin Portelli and other authors

This program is free software; you can redistribute it and/or modify
it under the terms of the GNU General Public License as published by
the Free Software Foundation; either version 2 of the License, or
(at your option) any later version.

This program is distributed in the hope that it will be useful,
but WITHOUT ANY WARRANTY; without even the implied warranty of
MERCHANTABILITY or FITNESS FOR A PARTICULAR PURPOSE.  See the
GNU General Public License for more details.
Current Grid git commit hash=82d411ca7bb8ec4a5b5c3815df23674cfd291070: (HEAD -> develop, origin/develop, origin/HEAD) clean

Grid : Message : ================================================ 
Grid : Message : MPI is initialised and logging filters activated 
Grid : Message : ================================================ 
Grid : Message : This rank is running on host genoahost090.sdcc.bnl.local at local time 2026-03-04 12:28:56
Grid : Message : Requested 17179869184 byte stencil comms buffers 
Grid : Message : MemoryManager::Init() setting up
Grid : Message : MemoryManager::Init() cache pool for recent host   allocations: SMALL 8 LARGE 2 HUGE 0
Grid : Message : MemoryManager::Init() cache pool for recent device allocations: SMALL 16 LARGE 8 Huge 0
Grid : Message : MemoryManager::Init() cache pool for recent shared allocations: SMALL 16 LARGE 8 Huge 0
Grid : Message : MemoryManager::Init() Unified memory space
Sorting eigenvalues using EvalReSmall
Lattice size: [32 32 32 32]
Example_spec_kryschur: ../../Grid/communicator/SharedMemoryMPI.cc:434: static void Grid::GlobalSharedMemory::OptimalCommunicatorSharedMemory(const Coordinate&, ompi_communicator_t*&, Grid::Coordinate&): Assertion `WorldSize==Nprocessors' failed.
[genoahost090:2327610] *** Process received signal ***
[genoahost090:2327610] Signal: Aborted (6)
[genoahost090:2327610] Signal code:  (-6)
[genoahost090:2327610] [ 0] /lib64/libc.so.6(+0x3fc30)[0x146c48a3fc30]
[genoahost090:2327610] [ 1] /lib64/libc.so.6(+0x8d02c)[0x146c48a8d02c]
[genoahost090:2327610] [ 2] /lib64/libc.so.6(raise+0x16)[0x146c48a3fb86]
[genoahost090:2327610] [ 3] /lib64/libc.so.6(abort+0xd3)[0x146c48a29873]
[genoahost090:2327610] [ 4] /lib64/libc.so.6(+0x2979b)[0x146c48a2979b]
[genoahost090:2327610] [ 5] /lib64/libc.so.6(+0x388c6)[0x146c48a388c6]
[genoahost090:2327610] [ 6] /direct/sdcc+u/poare/Grid/build/examples/./Example_spec_kryschur[0x4cc206]
[genoahost090:2327610] [ 7] /direct/sdcc+u/poare/Grid/build/examples/./Example_spec_kryschur[0x4cc2f1]
[genoahost090:2327610] [ 8] /direct/sdcc+u/poare/Grid/build/examples/./Example_spec_kryschur[0x4c7e95]
[genoahost090:2327610] [ 9] /direct/sdcc+u/poare/Grid/build/examples/./Example_spec_kryschur[0x4b5f4f]
[genoahost090:2327610] [10] /direct/sdcc+u/poare/Grid/build/examples/./Example_spec_kryschur[0x41180d]
[genoahost090:2327610] [11] /lib64/libc.so.6(+0x2a610)[0x146c48a2a610]
[genoahost090:2327610] [12] /lib64/libc.so.6(__libc_start_main+0x80)[0x146c48a2a6c0]
[genoahost090:2327610] [13] /direct/sdcc+u/poare/Grid/build/examples/./Example_spec_kryschur[0x4147f5]
[genoahost090:2327610] *** End of error message ***

__|__|__|__|__|__|__|__|__|__|__|__|__|__|__
__|__|__|__|__|__|__|__|__|__|__|__|__|__|__
__|_ |  |  |  |  |  |  |  |  |  |  |  | _|__
__|_                                    _|__
__|_   GGGG    RRRR    III    DDDD      _|__
__|_  G        R   R    I     D   D     _|__
__|_  G        R   R    I     D    D    _|__
__|_  G  GG    RRRR     I     D    D    _|__
__|_  G   G    R  R     I     D   D     _|__
__|_   GGGG    R   R   III    DDDD      _|__
__|_                                    _|__
__|__|__|__|__|__|__|__|__|__|__|__|__|__|__
__|__|__|__|__|__|__|__|__|__|__|__|__|__|__
  |  |  |  |  |  |  |  |  |  |  |  |  |  |  


Copyright (C) 2015 Peter Boyle, Azusa Yamaguchi, Guido Cossu, Antonin Portelli and other authors

This program is free software; you can redistribute it and/or modify
it under the terms of the GNU General Public License as published by
the Free Software Foundation; either version 2 of the License, or
(at your option) any later version.

This program is distributed in the hope that it will be useful,
but WITHOUT ANY WARRANTY; without even the implied warranty of
MERCHANTABILITY or FITNESS FOR A PARTICULAR PURPOSE.  See the
GNU General Public License for more details.
Current Grid git commit hash=82d411ca7bb8ec4a5b5c3815df23674cfd291070: (HEAD -> develop, origin/develop, origin/HEAD) clean

Grid : Message : ================================================ 
Grid : Message : MPI is initialised and logging filters activated 
Grid : Message : ================================================ 
Grid : Message : This rank is running on host genoahost096.sdcc.bnl.local at local time 2026-03-04 12:28:57
Grid : Message : Requested 17179869184 byte stencil comms buffers 
Grid : Message : MemoryManager::Init() setting up
Grid : Message : MemoryManager::Init() cache pool for recent host   allocations: SMALL 8 LARGE 2 HUGE 0
Grid : Message : MemoryManager::Init() cache pool for recent device allocations: SMALL 16 LARGE 8 Huge 0
Grid : Message : MemoryManager::Init() cache pool for recent shared allocations: SMALL 16 LARGE 8 Huge 0
Grid : Message : MemoryManager::Init() Unified memory space
Sorting eigenvalues using EvalReSmall
Lattice size: [32 32 32 32]
Example_spec_kryschur: ../../Grid/communicator/SharedMemoryMPI.cc:434: static void Grid::GlobalSharedMemory::OptimalCommunicatorSharedMemory(const Coordinate&, ompi_communicator_t*&, Grid::Coordinate&): Assertion `WorldSize==Nprocessors' failed.
[genoahost096:2313440] *** Process received signal ***
[genoahost096:2313440] Signal: Aborted (6)
[genoahost096:2313440] Signal code:  (-6)
[genoahost096:2313440] [ 0] /lib64/libc.so.6(+0x3fc30)[0x14c82e63fc30]
[genoahost096:2313440] [ 1] /lib64/libc.so.6(+0x8d02c)[0x14c82e68d02c]
[genoahost096:2313440] [ 2] /lib64/libc.so.6(raise+0x16)[0x14c82e63fb86]
[genoahost096:2313440] [ 3] /lib64/libc.so.6(abort+0xd3)[0x14c82e629873]
[genoahost096:2313440] [ 4] /lib64/libc.so.6(+0x2979b)[0x14c82e62979b]
[genoahost096:2313440] [ 5] /lib64/libc.so.6(+0x388c6)[0x14c82e6388c6]
[genoahost096:2313440] [ 6] /direct/sdcc+u/poare/Grid/build/examples/./Example_spec_kryschur[0x4cc206]
[genoahost096:2313440] [ 7] /direct/sdcc+u/poare/Grid/build/examples/./Example_spec_kryschur[0x4cc2f1]
[genoahost096:2313440] [ 8] /direct/sdcc+u/poare/Grid/build/examples/./Example_spec_kryschur[0x4c7e95]
[genoahost096:2313440] [ 9] /direct/sdcc+u/poare/Grid/build/examples/./Example_spec_kryschur[0x4b5f4f]
[genoahost096:2313440] [10] /direct/sdcc+u/poare/Grid/build/examples/./Example_spec_kryschur[0x41180d]
[genoahost096:2313440] [11] /lib64/libc.so.6(+0x2a610)[0x14c82e62a610]
[genoahost096:2313440] [12] /lib64/libc.so.6(__libc_start_main+0x80)[0x14c82e62a6c0]
[genoahost096:2313440] [13] /direct/sdcc+u/poare/Grid/build/examples/./Example_spec_kryschur[0x4147f5]
[genoahost096:2313440] *** End of error message ***

__|__|__|__|__|__|__|__|__|__|__|__|__|__|__
__|__|__|__|__|__|__|__|__|__|__|__|__|__|__
__|_ |  |  |  |  |  |  |  |  |  |  |  | _|__
__|_                                    _|__
__|_   GGGG    RRRR    III    DDDD      _|__
__|_  G        R   R    I     D   D     _|__
__|_  G        R   R    I     D    D    _|__
__|_  G  GG    RRRR     I     D    D    _|__
__|_  G   G    R  R     I     D   D     _|__
__|_   GGGG    R   R   III    DDDD      _|__
__|_                                    _|__
__|__|__|__|__|__|__|__|__|__|__|__|__|__|__
__|__|__|__|__|__|__|__|__|__|__|__|__|__|__
  |  |  |  |  |  |  |  |  |  |  |  |  |  |  


Copyright (C) 2015 Peter Boyle, Azusa Yamaguchi, Guido Cossu, Antonin Portelli and other authors

This program is free software; you can redistribute it and/or modify
it under the terms of the GNU General Public License as published by
the Free Software Foundation; either version 2 of the License, or
(at your option) any later version.

This program is distributed in the hope that it will be useful,
but WITHOUT ANY WARRANTY; without even the implied warranty of
MERCHANTABILITY or FITNESS FOR A PARTICULAR PURPOSE.  See the
GNU General Public License for more details.
Current Grid git commit hash=82d411ca7bb8ec4a5b5c3815df23674cfd291070: (HEAD -> develop, origin/develop, origin/HEAD) clean

Grid : Message : ================================================ 
Grid : Message : MPI is initialised and logging filters activated 
Grid : Message : ================================================ 
Grid : Message : This rank is running on host genoahost096.sdcc.bnl.local at local time 2026-03-04 12:28:57
Grid : Message : Requested 17179869184 byte stencil comms buffers 
Grid : Message : MemoryManager::Init() setting up
Grid : Message : MemoryManager::Init() cache pool for recent host   allocations: SMALL 8 LARGE 2 HUGE 0
Grid : Message : MemoryManager::Init() cache pool for recent device allocations: SMALL 16 LARGE 8 Huge 0
Grid : Message : MemoryManager::Init() cache pool for recent shared allocations: SMALL 16 LARGE 8 Huge 0
Grid : Message : MemoryManager::Init() Unified memory space
Sorting eigenvalues using EvalReSmall
Lattice size: [32 32 32 32]
Example_spec_kryschur: ../../Grid/communicator/SharedMemoryMPI.cc:434: static void Grid::GlobalSharedMemory::OptimalCommunicatorSharedMemory(const Coordinate&, ompi_communicator_t*&, Grid::Coordinate&): Assertion `WorldSize==Nprocessors' failed.
[genoahost096:2313442] *** Process received signal ***
[genoahost096:2313442] Signal: Aborted (6)
[genoahost096:2313442] Signal code:  (-6)
[genoahost096:2313442] [ 0] /lib64/libc.so.6(+0x3fc30)[0x14ae3243fc30]
[genoahost096:2313442] [ 1] /lib64/libc.so.6(+0x8d02c)[0x14ae3248d02c]
[genoahost096:2313442] [ 2] /lib64/libc.so.6(raise+0x16)[0x14ae3243fb86]
[genoahost096:2313442] [ 3] /lib64/libc.so.6(abort+0xd3)[0x14ae32429873]
[genoahost096:2313442] [ 4] /lib64/libc.so.6(+0x2979b)[0x14ae3242979b]
[genoahost096:2313442] [ 5] /lib64/libc.so.6(+0x388c6)[0x14ae324388c6]
[genoahost096:2313442] [ 6] /direct/sdcc+u/poare/Grid/build/examples/./Example_spec_kryschur[0x4cc206]
[genoahost096:2313442] [ 7] /direct/sdcc+u/poare/Grid/build/examples/./Example_spec_kryschur[0x4cc2f1]
[genoahost096:2313442] [ 8] /direct/sdcc+u/poare/Grid/build/examples/./Example_spec_kryschur[0x4c7e95]
[genoahost096:2313442] [ 9] /direct/sdcc+u/poare/Grid/build/examples/./Example_spec_kryschur[0x4b5f4f]
[genoahost096:2313442] [10] /direct/sdcc+u/poare/Grid/build/examples/./Example_spec_kryschur[0x41180d]
[genoahost096:2313442] [11] /lib64/libc.so.6(+0x2a610)[0x14ae3242a610]
[genoahost096:2313442] [12] /lib64/libc.so.6(__libc_start_main+0x80)[0x14ae3242a6c0]
[genoahost096:2313442] [13] /direct/sdcc+u/poare/Grid/build/examples/./Example_spec_kryschur[0x4147f5]
[genoahost096:2313442] *** End of error message ***

__|__|__|__|__|__|__|__|__|__|__|__|__|__|__
__|__|__|__|__|__|__|__|__|__|__|__|__|__|__
__|_ |  |  |  |  |  |  |  |  |  |  |  | _|__
__|_                                    _|__
__|_   GGGG    RRRR    III    DDDD      _|__
__|_  G        R   R    I     D   D     _|__
__|_  G        R   R    I     D    D    _|__
__|_  G  GG    RRRR     I     D    D    _|__
__|_  G   G    R  R     I     D   D     _|__
__|_   GGGG    R   R   III    DDDD      _|__
__|_                                    _|__
__|__|__|__|__|__|__|__|__|__|__|__|__|__|__
__|__|__|__|__|__|__|__|__|__|__|__|__|__|__
  |  |  |  |  |  |  |  |  |  |  |  |  |  |  


Copyright (C) 2015 Peter Boyle, Azusa Yamaguchi, Guido Cossu, Antonin Portelli and other authors

This program is free software; you can redistribute it and/or modify
it under the terms of the GNU General Public License as published by
the Free Software Foundation; either version 2 of the License, or
(at your option) any later version.

This program is distributed in the hope that it will be useful,
but WITHOUT ANY WARRANTY; without even the implied warranty of
MERCHANTABILITY or FITNESS FOR A PARTICULAR PURPOSE.  See the
GNU General Public License for more details.
Current Grid git commit hash=82d411ca7bb8ec4a5b5c3815df23674cfd291070: (HEAD -> develop, origin/develop, origin/HEAD) clean

Grid : Message : ================================================ 
Grid : Message : MPI is initialised and logging filters activated 
Grid : Message : ================================================ 
Grid : Message : This rank is running on host genoahost095.sdcc.bnl.local at local time 2026-03-04 12:28:59
Grid : Message : Requested 17179869184 byte stencil comms buffers 
Grid : Message : MemoryManager::Init() setting up
Grid : Message : MemoryManager::Init() cache pool for recent host   allocations: SMALL 8 LARGE 2 HUGE 0
Grid : Message : MemoryManager::Init() cache pool for recent device allocations: SMALL 16 LARGE 8 Huge 0
Grid : Message : MemoryManager::Init() cache pool for recent shared allocations: SMALL 16 LARGE 8 Huge 0
Grid : Message : MemoryManager::Init() Unified memory space
Sorting eigenvalues using EvalReSmall
Lattice size: [32 32 32 32]
Example_spec_kryschur: ../../Grid/communicator/SharedMemoryMPI.cc:434: static void Grid::GlobalSharedMemory::OptimalCommunicatorSharedMemory(const Coordinate&, ompi_communicator_t*&, Grid::Coordinate&): Assertion `WorldSize==Nprocessors' failed.
[genoahost095:2396682] *** Process received signal ***
[genoahost095:2396682] Signal: Aborted (6)
[genoahost095:2396682] Signal code:  (-6)
[genoahost095:2396682] [ 0] /lib64/libc.so.6(+0x3fc30)[0x1481cc43fc30]
[genoahost095:2396682] [ 1] /lib64/libc.so.6(+0x8d02c)[0x1481cc48d02c]
[genoahost095:2396682] [ 2] /lib64/libc.so.6(raise+0x16)[0x1481cc43fb86]
[genoahost095:2396682] [ 3] /lib64/libc.so.6(abort+0xd3)[0x1481cc429873]
[genoahost095:2396682] [ 4] /lib64/libc.so.6(+0x2979b)[0x1481cc42979b]
[genoahost095:2396682] [ 5] /lib64/libc.so.6(+0x388c6)[0x1481cc4388c6]
[genoahost095:2396682] [ 6] /direct/sdcc+u/poare/Grid/build/examples/./Example_spec_kryschur[0x4cc206]
[genoahost095:2396682] [ 7] /direct/sdcc+u/poare/Grid/build/examples/./Example_spec_kryschur[0x4cc2f1]
[genoahost095:2396682] [ 8] /direct/sdcc+u/poare/Grid/build/examples/./Example_spec_kryschur[0x4c7e95]
[genoahost095:2396682] [ 9] /direct/sdcc+u/poare/Grid/build/examples/./Example_spec_kryschur[0x4b5f4f]
[genoahost095:2396682] [10] /direct/sdcc+u/poare/Grid/build/examples/./Example_spec_kryschur[0x41180d]
[genoahost095:2396682] [11] /lib64/libc.so.6(+0x2a610)[0x1481cc42a610]
[genoahost095:2396682] [12] /lib64/libc.so.6(__libc_start_main+0x80)[0x1481cc42a6c0]
[genoahost095:2396682] [13] /direct/sdcc+u/poare/Grid/build/examples/./Example_spec_kryschur[0x4147f5]
[genoahost095:2396682] *** End of error message ***

__|__|__|__|__|__|__|__|__|__|__|__|__|__|__
__|__|__|__|__|__|__|__|__|__|__|__|__|__|__
__|_ |  |  |  |  |  |  |  |  |  |  |  | _|__
__|_                                    _|__
__|_   GGGG    RRRR    III    DDDD      _|__
__|_  G        R   R    I     D   D     _|__
__|_  G        R   R    I     D    D    _|__
__|_  G  GG    RRRR     I     D    D    _|__
__|_  G   G    R  R     I     D   D     _|__
__|_   GGGG    R   R   III    DDDD      _|__
__|_                                    _|__
__|__|__|__|__|__|__|__|__|__|__|__|__|__|__
__|__|__|__|__|__|__|__|__|__|__|__|__|__|__
  |  |  |  |  |  |  |  |  |  |  |  |  |  |  


Copyright (C) 2015 Peter Boyle, Azusa Yamaguchi, Guido Cossu, Antonin Portelli and other authors

This program is free software; you can redistribute it and/or modify
it under the terms of the GNU General Public License as published by
the Free Software Foundation; either version 2 of the License, or
(at your option) any later version.

This program is distributed in the hope that it will be useful,
but WITHOUT ANY WARRANTY; without even the implied warranty of
MERCHANTABILITY or FITNESS FOR A PARTICULAR PURPOSE.  See the
GNU General Public License for more details.
Current Grid git commit hash=82d411ca7bb8ec4a5b5c3815df23674cfd291070: (HEAD -> develop, origin/develop, origin/HEAD) clean

Grid : Message : ================================================ 
Grid : Message : MPI is initialised and logging filters activated 
Grid : Message : ================================================ 
Grid : Message : This rank is running on host genoahost095.sdcc.bnl.local at local time 2026-03-04 12:28:59
Grid : Message : Requested 17179869184 byte stencil comms buffers 
Grid : Message : MemoryManager::Init() setting up
Grid : Message : MemoryManager::Init() cache pool for recent host   allocations: SMALL 8 LARGE 2 HUGE 0
Grid : Message : MemoryManager::Init() cache pool for recent device allocations: SMALL 16 LARGE 8 Huge 0
Grid : Message : MemoryManager::Init() cache pool for recent shared allocations: SMALL 16 LARGE 8 Huge 0
Grid : Message : MemoryManager::Init() Unified memory space
Sorting eigenvalues using EvalReSmall
Lattice size: [32 32 32 32]
Example_spec_kryschur: ../../Grid/communicator/SharedMemoryMPI.cc:434: static void Grid::GlobalSharedMemory::OptimalCommunicatorSharedMemory(const Coordinate&, ompi_communicator_t*&, Grid::Coordinate&): Assertion `WorldSize==Nprocessors' failed.
[genoahost095:2396689] *** Process received signal ***
[genoahost095:2396689] Signal: Aborted (6)
[genoahost095:2396689] Signal code:  (-6)
[genoahost095:2396689] [ 0] /lib64/libc.so.6(+0x3fc30)[0x14b47263fc30]
[genoahost095:2396689] [ 1] /lib64/libc.so.6(+0x8d02c)[0x14b47268d02c]
[genoahost095:2396689] [ 2] /lib64/libc.so.6(raise+0x16)[0x14b47263fb86]
[genoahost095:2396689] [ 3] /lib64/libc.so.6(abort+0xd3)[0x14b472629873]
[genoahost095:2396689] [ 4] /lib64/libc.so.6(+0x2979b)[0x14b47262979b]
[genoahost095:2396689] [ 5] /lib64/libc.so.6(+0x388c6)[0x14b4726388c6]
[genoahost095:2396689] [ 6] /direct/sdcc+u/poare/Grid/build/examples/./Example_spec_kryschur[0x4cc206]
[genoahost095:2396689] [ 7] /direct/sdcc+u/poare/Grid/build/examples/./Example_spec_kryschur[0x4cc2f1]
[genoahost095:2396689] [ 8] /direct/sdcc+u/poare/Grid/build/examples/./Example_spec_kryschur[0x4c7e95]
[genoahost095:2396689] [ 9] /direct/sdcc+u/poare/Grid/build/examples/./Example_spec_kryschur[0x4b5f4f]
[genoahost095:2396689] [10] /direct/sdcc+u/poare/Grid/build/examples/./Example_spec_kryschur[0x41180d]
[genoahost095:2396689] [11] /lib64/libc.so.6(+0x2a610)[0x14b47262a610]
[genoahost095:2396689] [12] /lib64/libc.so.6(__libc_start_main+0x80)[0x14b47262a6c0]
[genoahost095:2396689] [13] /direct/sdcc+u/poare/Grid/build/examples/./Example_spec_kryschur[0x4147f5]
[genoahost095:2396689] *** End of error message ***

__|__|__|__|__|__|__|__|__|__|__|__|__|__|__
__|__|__|__|__|__|__|__|__|__|__|__|__|__|__
__|_ |  |  |  |  |  |  |  |  |  |  |  | _|__
__|_                                    _|__
__|_   GGGG    RRRR    III    DDDD      _|__
__|_  G        R   R    I     D   D     _|__
__|_  G        R   R    I     D    D    _|__
__|_  G  GG    RRRR     I     D    D    _|__
__|_  G   G    R  R     I     D   D     _|__
__|_   GGGG    R   R   III    DDDD      _|__
__|_                                    _|__
__|__|__|__|__|__|__|__|__|__|__|__|__|__|__
__|__|__|__|__|__|__|__|__|__|__|__|__|__|__
  |  |  |  |  |  |  |  |  |  |  |  |  |  |  


Copyright (C) 2015 Peter Boyle, Azusa Yamaguchi, Guido Cossu, Antonin Portelli and other authors

This program is free software; you can redistribute it and/or modify
it under the terms of the GNU General Public License as published by
the Free Software Foundation; either version 2 of the License, or
(at your option) any later version.

This program is distributed in the hope that it will be useful,
but WITHOUT ANY WARRANTY; without even the implied warranty of
MERCHANTABILITY or FITNESS FOR A PARTICULAR PURPOSE.  See the
GNU General Public License for more details.
Current Grid git commit hash=82d411ca7bb8ec4a5b5c3815df23674cfd291070: (HEAD -> develop, origin/develop, origin/HEAD) clean

Grid : Message : ================================================ 
Grid : Message : MPI is initialised and logging filters activated 
Grid : Message : ================================================ 
Grid : Message : This rank is running on host genoahost092.sdcc.bnl.local at local time 2026-03-04 12:29:00
Grid : Message : Requested 17179869184 byte stencil comms buffers 
Grid : Message : MemoryManager::Init() setting up
Grid : Message : MemoryManager::Init() cache pool for recent host   allocations: SMALL 8 LARGE 2 HUGE 0
Grid : Message : MemoryManager::Init() cache pool for recent device allocations: SMALL 16 LARGE 8 Huge 0
Grid : Message : MemoryManager::Init() cache pool for recent shared allocations: SMALL 16 LARGE 8 Huge 0
Grid : Message : MemoryManager::Init() Unified memory space
Sorting eigenvalues using EvalReSmall
Lattice size: [32 32 32 32]
Example_spec_kryschur: ../../Grid/communicator/SharedMemoryMPI.cc:434: static void Grid::GlobalSharedMemory::OptimalCommunicatorSharedMemory(const Coordinate&, ompi_communicator_t*&, Grid::Coordinate&): Assertion `WorldSize==Nprocessors' failed.
[genoahost092:2287353] *** Process received signal ***
[genoahost092:2287353] Signal: Aborted (6)
[genoahost092:2287353] Signal code:  (-6)
[genoahost092:2287353] [ 0] /lib64/libc.so.6(+0x3fc30)[0x14f399c3fc30]
[genoahost092:2287353] [ 1] /lib64/libc.so.6(+0x8d02c)[0x14f399c8d02c]
[genoahost092:2287353] [ 2] /lib64/libc.so.6(raise+0x16)[0x14f399c3fb86]
[genoahost092:2287353] [ 3] /lib64/libc.so.6(abort+0xd3)[0x14f399c29873]
[genoahost092:2287353] [ 4] /lib64/libc.so.6(+0x2979b)[0x14f399c2979b]
[genoahost092:2287353] [ 5] /lib64/libc.so.6(+0x388c6)[0x14f399c388c6]
[genoahost092:2287353] [ 6] /direct/sdcc+u/poare/Grid/build/examples/./Example_spec_kryschur[0x4cc206]
[genoahost092:2287353] [ 7] /direct/sdcc+u/poare/Grid/build/examples/./Example_spec_kryschur[0x4cc2f1]
[genoahost092:2287353] [ 8] /direct/sdcc+u/poare/Grid/build/examples/./Example_spec_kryschur[0x4c7e95]
[genoahost092:2287353] [ 9] /direct/sdcc+u/poare/Grid/build/examples/./Example_spec_kryschur[0x4b5f4f]
[genoahost092:2287353] [10] /direct/sdcc+u/poare/Grid/build/examples/./Example_spec_kryschur[0x41180d]
[genoahost092:2287353] [11] /lib64/libc.so.6(+0x2a610)[0x14f399c2a610]
[genoahost092:2287353] [12] /lib64/libc.so.6(__libc_start_main+0x80)[0x14f399c2a6c0]
[genoahost092:2287353] [13] /direct/sdcc+u/poare/Grid/build/examples/./Example_spec_kryschur[0x4147f5]
[genoahost092:2287353] *** End of error message ***

__|__|__|__|__|__|__|__|__|__|__|__|__|__|__
__|__|__|__|__|__|__|__|__|__|__|__|__|__|__
__|_ |  |  |  |  |  |  |  |  |  |  |  | _|__
__|_                                    _|__
__|_   GGGG    RRRR    III    DDDD      _|__
__|_  G        R   R    I     D   D     _|__
__|_  G        R   R    I     D    D    _|__
__|_  G  GG    RRRR     I     D    D    _|__
__|_  G   G    R  R     I     D   D     _|__
__|_   GGGG    R   R   III    DDDD      _|__
__|_                                    _|__
__|__|__|__|__|__|__|__|__|__|__|__|__|__|__
__|__|__|__|__|__|__|__|__|__|__|__|__|__|__
  |  |  |  |  |  |  |  |  |  |  |  |  |  |  


Copyright (C) 2015 Peter Boyle, Azusa Yamaguchi, Guido Cossu, Antonin Portelli and other authors

This program is free software; you can redistribute it and/or modify
it under the terms of the GNU General Public License as published by
the Free Software Foundation; either version 2 of the License, or
(at your option) any later version.

This program is distributed in the hope that it will be useful,
but WITHOUT ANY WARRANTY; without even the implied warranty of
MERCHANTABILITY or FITNESS FOR A PARTICULAR PURPOSE.  See the
GNU General Public License for more details.
Current Grid git commit hash=82d411ca7bb8ec4a5b5c3815df23674cfd291070: (HEAD -> develop, origin/develop, origin/HEAD) clean

Grid : Message : ================================================ 
Grid : Message : MPI is initialised and logging filters activated 
Grid : Message : ================================================ 
Grid : Message : This rank is running on host genoahost092.sdcc.bnl.local at local time 2026-03-04 12:29:01
Grid : Message : Requested 17179869184 byte stencil comms buffers 
Grid : Message : MemoryManager::Init() setting up
Grid : Message : MemoryManager::Init() cache pool for recent host   allocations: SMALL 8 LARGE 2 HUGE 0
Grid : Message : MemoryManager::Init() cache pool for recent device allocations: SMALL 16 LARGE 8 Huge 0
Grid : Message : MemoryManager::Init() cache pool for recent shared allocations: SMALL 16 LARGE 8 Huge 0
Grid : Message : MemoryManager::Init() Unified memory space
Sorting eigenvalues using EvalReSmall
Lattice size: [32 32 32 32]
Example_spec_kryschur: ../../Grid/communicator/SharedMemoryMPI.cc:434: static void Grid::GlobalSharedMemory::OptimalCommunicatorSharedMemory(const Coordinate&, ompi_communicator_t*&, Grid::Coordinate&): Assertion `WorldSize==Nprocessors' failed.
[genoahost092:2287364] *** Process received signal ***
[genoahost092:2287364] Signal: Aborted (6)
[genoahost092:2287364] Signal code:  (-6)
[genoahost092:2287364] [ 0] /lib64/libc.so.6(+0x3fc30)[0x145a0fc3fc30]
[genoahost092:2287364] [ 1] /lib64/libc.so.6(+0x8d02c)[0x145a0fc8d02c]
[genoahost092:2287364] [ 2] /lib64/libc.so.6(raise+0x16)[0x145a0fc3fb86]
[genoahost092:2287364] [ 3] /lib64/libc.so.6(abort+0xd3)[0x145a0fc29873]
[genoahost092:2287364] [ 4] /lib64/libc.so.6(+0x2979b)[0x145a0fc2979b]
[genoahost092:2287364] [ 5] /lib64/libc.so.6(+0x388c6)[0x145a0fc388c6]
[genoahost092:2287364] [ 6] /direct/sdcc+u/poare/Grid/build/examples/./Example_spec_kryschur[0x4cc206]
[genoahost092:2287364] [ 7] /direct/sdcc+u/poare/Grid/build/examples/./Example_spec_kryschur[0x4cc2f1]
[genoahost092:2287364] [ 8] /direct/sdcc+u/poare/Grid/build/examples/./Example_spec_kryschur[0x4c7e95]
[genoahost092:2287364] [ 9] /direct/sdcc+u/poare/Grid/build/examples/./Example_spec_kryschur[0x4b5f4f]
[genoahost092:2287364] [10] /direct/sdcc+u/poare/Grid/build/examples/./Example_spec_kryschur[0x41180d]
[genoahost092:2287364] [11] /lib64/libc.so.6(+0x2a610)[0x145a0fc2a610]
[genoahost092:2287364] [12] /lib64/libc.so.6(__libc_start_main+0x80)[0x145a0fc2a6c0]
[genoahost092:2287364] [13] /direct/sdcc+u/poare/Grid/build/examples/./Example_spec_kryschur[0x4147f5]
[genoahost092:2287364] *** End of error message ***

__|__|__|__|__|__|__|__|__|__|__|__|__|__|__
__|__|__|__|__|__|__|__|__|__|__|__|__|__|__
__|_ |  |  |  |  |  |  |  |  |  |  |  | _|__
__|_                                    _|__
__|_   GGGG    RRRR    III    DDDD      _|__
__|_  G        R   R    I     D   D     _|__
__|_  G        R   R    I     D    D    _|__
__|_  G  GG    RRRR     I     D    D    _|__
__|_  G   G    R  R     I     D   D     _|__
__|_   GGGG    R   R   III    DDDD      _|__
__|_                                    _|__
__|__|__|__|__|__|__|__|__|__|__|__|__|__|__
__|__|__|__|__|__|__|__|__|__|__|__|__|__|__
  |  |  |  |  |  |  |  |  |  |  |  |  |  |  


Copyright (C) 2015 Peter Boyle, Azusa Yamaguchi, Guido Cossu, Antonin Portelli and other authors

This program is free software; you can redistribute it and/or modify
it under the terms of the GNU General Public License as published by
the Free Software Foundation; either version 2 of the License, or
(at your option) any later version.

This program is distributed in the hope that it will be useful,
but WITHOUT ANY WARRANTY; without even the implied warranty of
MERCHANTABILITY or FITNESS FOR A PARTICULAR PURPOSE.  See the
GNU General Public License for more details.
Current Grid git commit hash=82d411ca7bb8ec4a5b5c3815df23674cfd291070: (HEAD -> develop, origin/develop, origin/HEAD) clean

Grid : Message : ================================================ 
Grid : Message : MPI is initialised and logging filters activated 
Grid : Message : ================================================ 
Grid : Message : This rank is running on host genoahost092.sdcc.bnl.local at local time 2026-03-04 12:29:01
Grid : Message : Requested 17179869184 byte stencil comms buffers 
Grid : Message : MemoryManager::Init() setting up
Grid : Message : MemoryManager::Init() cache pool for recent host   allocations: SMALL 8 LARGE 2 HUGE 0
Grid : Message : MemoryManager::Init() cache pool for recent device allocations: SMALL 16 LARGE 8 Huge 0
Grid : Message : MemoryManager::Init() cache pool for recent shared allocations: SMALL 16 LARGE 8 Huge 0
Grid : Message : MemoryManager::Init() Unified memory space
Sorting eigenvalues using EvalReSmall
Lattice size: [32 32 32 32]
Example_spec_kryschur: ../../Grid/communicator/SharedMemoryMPI.cc:434: static void Grid::GlobalSharedMemory::OptimalCommunicatorSharedMemory(const Coordinate&, ompi_communicator_t*&, Grid::Coordinate&): Assertion `WorldSize==Nprocessors' failed.
[genoahost092:2287363] *** Process received signal ***
[genoahost092:2287363] Signal: Aborted (6)
[genoahost092:2287363] Signal code:  (-6)
[genoahost092:2287363] [ 0] /lib64/libc.so.6(+0x3fc30)[0x15106623fc30]
[genoahost092:2287363] [ 1] /lib64/libc.so.6(+0x8d02c)[0x15106628d02c]
[genoahost092:2287363] [ 2] /lib64/libc.so.6(raise+0x16)[0x15106623fb86]
[genoahost092:2287363] [ 3] /lib64/libc.so.6(abort+0xd3)[0x151066229873]
[genoahost092:2287363] [ 4] /lib64/libc.so.6(+0x2979b)[0x15106622979b]
[genoahost092:2287363] [ 5] /lib64/libc.so.6(+0x388c6)[0x1510662388c6]
[genoahost092:2287363] [ 6] /direct/sdcc+u/poare/Grid/build/examples/./Example_spec_kryschur[0x4cc206]
[genoahost092:2287363] [ 7] /direct/sdcc+u/poare/Grid/build/examples/./Example_spec_kryschur[0x4cc2f1]
[genoahost092:2287363] [ 8] /direct/sdcc+u/poare/Grid/build/examples/./Example_spec_kryschur[0x4c7e95]
[genoahost092:2287363] [ 9] /direct/sdcc+u/poare/Grid/build/examples/./Example_spec_kryschur[0x4b5f4f]
[genoahost092:2287363] [10] /direct/sdcc+u/poare/Grid/build/examples/./Example_spec_kryschur[0x41180d]
[genoahost092:2287363] [11] /lib64/libc.so.6(+0x2a610)[0x15106622a610]
[genoahost092:2287363] [12] /lib64/libc.so.6(__libc_start_main+0x80)[0x15106622a6c0]
[genoahost092:2287363] [13] /direct/sdcc+u/poare/Grid/build/examples/./Example_spec_kryschur[0x4147f5]
[genoahost092:2287363] *** End of error message ***
srun: error: genoahost093: tasks 65,70: Aborted (core dumped)
srun: error: genoahost094: task 92: Aborted (core dumped)
srun: error: genoahost094: task 89: Aborted (core dumped)
srun: error: genoahost091: task 34: Aborted (core dumped)
srun: error: genoahost090: tasks 22,24: Aborted (core dumped)
srun: error: genoahost090: task 31: Aborted (core dumped)
srun: error: genoahost096: tasks 116,118: Aborted (core dumped)
srun: error: genoahost095: task 96: Aborted (core dumped)
srun: error: genoahost095: task 103: Aborted (core dumped)
srun: error: genoahost092: task 51: Aborted (core dumped)
srun: error: genoahost092: task 62: Aborted (core dumped)
srun: error: genoahost092: task 61: Aborted (core dumped)

__|__|__|__|__|__|__|__|__|__|__|__|__|__|__
__|__|__|__|__|__|__|__|__|__|__|__|__|__|__
__|_ |  |  |  |  |  |  |  |  |  |  |  | _|__
__|_                                    _|__
__|_   GGGG    RRRR    III    DDDD      _|__
__|_  G        R   R    I     D   D     _|__
__|_  G        R   R    I     D    D    _|__
__|_  G  GG    RRRR     I     D    D    _|__
__|_  G   G    R  R     I     D   D     _|__
__|_   GGGG    R   R   III    DDDD      _|__
__|_                                    _|__
__|__|__|__|__|__|__|__|__|__|__|__|__|__|__
__|__|__|__|__|__|__|__|__|__|__|__|__|__|__
  |  |  |  |  |  |  |  |  |  |  |  |  |  |  


Copyright (C) 2015 Peter Boyle, Azusa Yamaguchi, Guido Cossu, Antonin Portelli and other authors

This program is free software; you can redistribute it and/or modify
it under the terms of the GNU General Public License as published by
the Free Software Foundation; either version 2 of the License, or
(at your option) any later version.

This program is distributed in the hope that it will be useful,
but WITHOUT ANY WARRANTY; without even the implied warranty of
MERCHANTABILITY or FITNESS FOR A PARTICULAR PURPOSE.  See the
GNU General Public License for more details.
Current Grid git commit hash=82d411ca7bb8ec4a5b5c3815df23674cfd291070: (HEAD -> develop, origin/develop, origin/HEAD) clean

Grid : Message : ================================================ 
Grid : Message : MPI is initialised and logging filters activated 
Grid : Message : ================================================ 
Grid : Message : This rank is running on host genoahost094.sdcc.bnl.local at local time 2026-03-04 12:29:37
Grid : Message : Requested 17179869184 byte stencil comms buffers 
Grid : Message : MemoryManager::Init() setting up
Grid : Message : MemoryManager::Init() cache pool for recent host   allocations: SMALL 8 LARGE 2 HUGE 0
Grid : Message : MemoryManager::Init() cache pool for recent device allocations: SMALL 16 LARGE 8 Huge 0
Grid : Message : MemoryManager::Init() cache pool for recent shared allocations: SMALL 16 LARGE 8 Huge 0
Grid : Message : MemoryManager::Init() Unified memory space
Sorting eigenvalues using EvalReSmall
Lattice size: [32 32 32 32]
Example_spec_kryschur: ../../Grid/communicator/SharedMemoryMPI.cc:434: static void Grid::GlobalSharedMemory::OptimalCommunicatorSharedMemory(const Coordinate&, ompi_communicator_t*&, Grid::Coordinate&): Assertion `WorldSize==Nprocessors' failed.
[genoahost094:2384254] *** Process received signal ***
[genoahost094:2384254] Signal: Aborted (6)
[genoahost094:2384254] Signal code:  (-6)
[genoahost094:2384254] [ 0] /lib64/libc.so.6(+0x3fc30)[0x149e8623fc30]
[genoahost094:2384254] [ 1] /lib64/libc.so.6(+0x8d02c)[0x149e8628d02c]
[genoahost094:2384254] [ 2] /lib64/libc.so.6(raise+0x16)[0x149e8623fb86]
[genoahost094:2384254] [ 3] /lib64/libc.so.6(abort+0xd3)[0x149e86229873]
[genoahost094:2384254] [ 4] /lib64/libc.so.6(+0x2979b)[0x149e8622979b]
[genoahost094:2384254] [ 5] /lib64/libc.so.6(+0x388c6)[0x149e862388c6]
[genoahost094:2384254] [ 6] /direct/sdcc+u/poare/Grid/build/examples/./Example_spec_kryschur[0x4cc206]
[genoahost094:2384254] [ 7] /direct/sdcc+u/poare/Grid/build/examples/./Example_spec_kryschur[0x4cc2f1]
[genoahost094:2384254] [ 8] /direct/sdcc+u/poare/Grid/build/examples/./Example_spec_kryschur[0x4c7e95]
[genoahost094:2384254] [ 9] /direct/sdcc+u/poare/Grid/build/examples/./Example_spec_kryschur[0x4b5f4f]
[genoahost094:2384254] [10] /direct/sdcc+u/poare/Grid/build/examples/./Example_spec_kryschur[0x41180d]
[genoahost094:2384254] [11] /lib64/libc.so.6(+0x2a610)[0x149e8622a610]
[genoahost094:2384254] [12] /lib64/libc.so.6(__libc_start_main+0x80)[0x149e8622a6c0]
[genoahost094:2384254] [13] /direct/sdcc+u/poare/Grid/build/examples/./Example_spec_kryschur[0x4147f5]
[genoahost094:2384254] *** End of error message ***

__|__|__|__|__|__|__|__|__|__|__|__|__|__|__
__|__|__|__|__|__|__|__|__|__|__|__|__|__|__
__|_ |  |  |  |  |  |  |  |  |  |  |  | _|__
__|_                                    _|__
__|_   GGGG    RRRR    III    DDDD      _|__
__|_  G        R   R    I     D   D     _|__
__|_  G        R   R    I     D    D    _|__
__|_  G  GG    RRRR     I     D    D    _|__
__|_  G   G    R  R     I     D   D     _|__
__|_   GGGG    R   R   III    DDDD      _|__
__|_                                    _|__
__|__|__|__|__|__|__|__|__|__|__|__|__|__|__
__|__|__|__|__|__|__|__|__|__|__|__|__|__|__
  |  |  |  |  |  |  |  |  |  |  |  |  |  |  


Copyright (C) 2015 Peter Boyle, Azusa Yamaguchi, Guido Cossu, Antonin Portelli and other authors

This program is free software; you can redistribute it and/or modify
it under the terms of the GNU General Public License as published by
the Free Software Foundation; either version 2 of the License, or
(at your option) any later version.

This program is distributed in the hope that it will be useful,
but WITHOUT ANY WARRANTY; without even the implied warranty of
MERCHANTABILITY or FITNESS FOR A PARTICULAR PURPOSE.  See the
GNU General Public License for more details.
Current Grid git commit hash=82d411ca7bb8ec4a5b5c3815df23674cfd291070: (HEAD -> develop, origin/develop, origin/HEAD) clean

Grid : Message : ================================================ 
Grid : Message : MPI is initialised and logging filters activated 
Grid : Message : ================================================ 
Grid : Message : This rank is running on host genoahost094.sdcc.bnl.local at local time 2026-03-04 12:29:37
Grid : Message : Requested 17179869184 byte stencil comms buffers 
Grid : Message : MemoryManager::Init() setting up
Grid : Message : MemoryManager::Init() cache pool for recent host   allocations: SMALL 8 LARGE 2 HUGE 0
Grid : Message : MemoryManager::Init() cache pool for recent device allocations: SMALL 16 LARGE 8 Huge 0
Grid : Message : MemoryManager::Init() cache pool for recent shared allocations: SMALL 16 LARGE 8 Huge 0
Grid : Message : MemoryManager::Init() Unified memory space
Sorting eigenvalues using EvalReSmall
Lattice size: [32 32 32 32]
Example_spec_kryschur: ../../Grid/communicator/SharedMemoryMPI.cc:434: static void Grid::GlobalSharedMemory::OptimalCommunicatorSharedMemory(const Coordinate&, ompi_communicator_t*&, Grid::Coordinate&): Assertion `WorldSize==Nprocessors' failed.
[genoahost094:2384242] *** Process received signal ***
[genoahost094:2384242] Signal: Aborted (6)
[genoahost094:2384242] Signal code:  (-6)
[genoahost094:2384242] [ 0] /lib64/libc.so.6(+0x3fc30)[0x151992a3fc30]
[genoahost094:2384242] [ 1] /lib64/libc.so.6(+0x8d02c)[0x151992a8d02c]
[genoahost094:2384242] [ 2] /lib64/libc.so.6(raise+0x16)[0x151992a3fb86]
[genoahost094:2384242] [ 3] /lib64/libc.so.6(abort+0xd3)[0x151992a29873]
[genoahost094:2384242] [ 4] /lib64/libc.so.6(+0x2979b)[0x151992a2979b]
[genoahost094:2384242] [ 5] /lib64/libc.so.6(+0x388c6)[0x151992a388c6]
[genoahost094:2384242] [ 6] /direct/sdcc+u/poare/Grid/build/examples/./Example_spec_kryschur[0x4cc206]
[genoahost094:2384242] [ 7] /direct/sdcc+u/poare/Grid/build/examples/./Example_spec_kryschur[0x4cc2f1]
[genoahost094:2384242] [ 8] /direct/sdcc+u/poare/Grid/build/examples/./Example_spec_kryschur[0x4c7e95]
[genoahost094:2384242] [ 9] /direct/sdcc+u/poare/Grid/build/examples/./Example_spec_kryschur[0x4b5f4f]
[genoahost094:2384242] [10] /direct/sdcc+u/poare/Grid/build/examples/./Example_spec_kryschur[0x41180d]
[genoahost094:2384242] [11] /lib64/libc.so.6(+0x2a610)[0x151992a2a610]
[genoahost094:2384242] [12] /lib64/libc.so.6(__libc_start_main+0x80)[0x151992a2a6c0]
[genoahost094:2384242] [13] /direct/sdcc+u/poare/Grid/build/examples/./Example_spec_kryschur[0x4147f5]
[genoahost094:2384242] *** End of error message ***

__|__|__|__|__|__|__|__|__|__|__|__|__|__|__
__|__|__|__|__|__|__|__|__|__|__|__|__|__|__
__|_ |  |  |  |  |  |  |  |  |  |  |  | _|__
__|_                                    _|__
__|_   GGGG    RRRR    III    DDDD      _|__
__|_  G        R   R    I     D   D     _|__
__|_  G        R   R    I     D    D    _|__
__|_  G  GG    RRRR     I     D    D    _|__
__|_  G   G    R  R     I     D   D     _|__
__|_   GGGG    R   R   III    DDDD      _|__
__|_                                    _|__
__|__|__|__|__|__|__|__|__|__|__|__|__|__|__
__|__|__|__|__|__|__|__|__|__|__|__|__|__|__
  |  |  |  |  |  |  |  |  |  |  |  |  |  |  


Copyright (C) 2015 Peter Boyle, Azusa Yamaguchi, Guido Cossu, Antonin Portelli and other authors

This program is free software; you can redistribute it and/or modify
it under the terms of the GNU General Public License as published by
the Free Software Foundation; either version 2 of the License, or
(at your option) any later version.

This program is distributed in the hope that it will be useful,
but WITHOUT ANY WARRANTY; without even the implied warranty of
MERCHANTABILITY or FITNESS FOR A PARTICULAR PURPOSE.  See the
GNU General Public License for more details.
Current Grid git commit hash=82d411ca7bb8ec4a5b5c3815df23674cfd291070: (HEAD -> develop, origin/develop, origin/HEAD) clean

Grid : Message : ================================================ 
Grid : Message : MPI is initialised and logging filters activated 
Grid : Message : ================================================ 
Grid : Message : This rank is running on host genoahost094.sdcc.bnl.local at local time 2026-03-04 12:29:38
Grid : Message : Requested 17179869184 byte stencil comms buffers 
Grid : Message : MemoryManager::Init() setting up
Grid : Message : MemoryManager::Init() cache pool for recent host   allocations: SMALL 8 LARGE 2 HUGE 0
Grid : Message : MemoryManager::Init() cache pool for recent device allocations: SMALL 16 LARGE 8 Huge 0
Grid : Message : MemoryManager::Init() cache pool for recent shared allocations: SMALL 16 LARGE 8 Huge 0
Grid : Message : MemoryManager::Init() Unified memory space
Sorting eigenvalues using EvalReSmall
Lattice size: [32 32 32 32]
Example_spec_kryschur: ../../Grid/communicator/SharedMemoryMPI.cc:434: static void Grid::GlobalSharedMemory::OptimalCommunicatorSharedMemory(const Coordinate&, ompi_communicator_t*&, Grid::Coordinate&): Assertion `WorldSize==Nprocessors' failed.
[genoahost094:2384245] *** Process received signal ***
[genoahost094:2384245] Signal: Aborted (6)
[genoahost094:2384245] Signal code:  (-6)
[genoahost094:2384245] [ 0] /lib64/libc.so.6(+0x3fc30)[0x14baefa3fc30]
[genoahost094:2384245] [ 1] /lib64/libc.so.6(+0x8d02c)[0x14baefa8d02c]
[genoahost094:2384245] [ 2] /lib64/libc.so.6(raise+0x16)[0x14baefa3fb86]
[genoahost094:2384245] [ 3] /lib64/libc.so.6(abort+0xd3)[0x14baefa29873]
[genoahost094:2384245] [ 4] /lib64/libc.so.6(+0x2979b)[0x14baefa2979b]
[genoahost094:2384245] [ 5] /lib64/libc.so.6(+0x388c6)[0x14baefa388c6]
[genoahost094:2384245] [ 6] /direct/sdcc+u/poare/Grid/build/examples/./Example_spec_kryschur[0x4cc206]
[genoahost094:2384245] [ 7] /direct/sdcc+u/poare/Grid/build/examples/./Example_spec_kryschur[0x4cc2f1]
[genoahost094:2384245] [ 8] /direct/sdcc+u/poare/Grid/build/examples/./Example_spec_kryschur[0x4c7e95]
[genoahost094:2384245] [ 9] /direct/sdcc+u/poare/Grid/build/examples/./Example_spec_kryschur[0x4b5f4f]
[genoahost094:2384245] [10] /direct/sdcc+u/poare/Grid/build/examples/./Example_spec_kryschur[0x41180d]
[genoahost094:2384245] [11] /lib64/libc.so.6(+0x2a610)[0x14baefa2a610]
[genoahost094:2384245] [12] /lib64/libc.so.6(__libc_start_main+0x80)[0x14baefa2a6c0]
[genoahost094:2384245] [13] /direct/sdcc+u/poare/Grid/build/examples/./Example_spec_kryschur[0x4147f5]
[genoahost094:2384245] *** End of error message ***

__|__|__|__|__|__|__|__|__|__|__|__|__|__|__
__|__|__|__|__|__|__|__|__|__|__|__|__|__|__
__|_ |  |  |  |  |  |  |  |  |  |  |  | _|__
__|_                                    _|__
__|_   GGGG    RRRR    III    DDDD      _|__
__|_  G        R   R    I     D   D     _|__
__|_  G        R   R    I     D    D    _|__
__|_  G  GG    RRRR     I     D    D    _|__
__|_  G   G    R  R     I     D   D     _|__
__|_   GGGG    R   R   III    DDDD      _|__
__|_                                    _|__
__|__|__|__|__|__|__|__|__|__|__|__|__|__|__
__|__|__|__|__|__|__|__|__|__|__|__|__|__|__
  |  |  |  |  |  |  |  |  |  |  |  |  |  |  


Copyright (C) 2015 Peter Boyle, Azusa Yamaguchi, Guido Cossu, Antonin Portelli and other authors

This program is free software; you can redistribute it and/or modify
it under the terms of the GNU General Public License as published by
the Free Software Foundation; either version 2 of the License, or
(at your option) any later version.

This program is distributed in the hope that it will be useful,
but WITHOUT ANY WARRANTY; without even the implied warranty of
MERCHANTABILITY or FITNESS FOR A PARTICULAR PURPOSE.  See the
GNU General Public License for more details.
Current Grid git commit hash=82d411ca7bb8ec4a5b5c3815df23674cfd291070: (HEAD -> develop, origin/develop, origin/HEAD) clean

Grid : Message : ================================================ 
Grid : Message : MPI is initialised and logging filters activated 
Grid : Message : ================================================ 
Grid : Message : This rank is running on host genoahost090.sdcc.bnl.local at local time 2026-03-04 12:29:39
Grid : Message : Requested 17179869184 byte stencil comms buffers 
Grid : Message : MemoryManager::Init() setting up
Grid : Message : MemoryManager::Init() cache pool for recent host   allocations: SMALL 8 LARGE 2 HUGE 0
Grid : Message : MemoryManager::Init() cache pool for recent device allocations: SMALL 16 LARGE 8 Huge 0
Grid : Message : MemoryManager::Init() cache pool for recent shared allocations: SMALL 16 LARGE 8 Huge 0
Grid : Message : MemoryManager::Init() Unified memory space
Sorting eigenvalues using EvalReSmall
Lattice size: [32 32 32 32]
Example_spec_kryschur: ../../Grid/communicator/SharedMemoryMPI.cc:434: static void Grid::GlobalSharedMemory::OptimalCommunicatorSharedMemory(const Coordinate&, ompi_communicator_t*&, Grid::Coordinate&): Assertion `WorldSize==Nprocessors' failed.
[genoahost090:2327604] *** Process received signal ***
[genoahost090:2327604] Signal: Aborted (6)
[genoahost090:2327604] Signal code:  (-6)
[genoahost090:2327604] [ 0] /lib64/libc.so.6(+0x3fc30)[0x14f1a083fc30]
[genoahost090:2327604] [ 1] /lib64/libc.so.6(+0x8d02c)[0x14f1a088d02c]
[genoahost090:2327604] [ 2] /lib64/libc.so.6(raise+0x16)[0x14f1a083fb86]
[genoahost090:2327604] [ 3] /lib64/libc.so.6(abort+0xd3)[0x14f1a0829873]
[genoahost090:2327604] [ 4] /lib64/libc.so.6(+0x2979b)[0x14f1a082979b]
[genoahost090:2327604] [ 5] /lib64/libc.so.6(+0x388c6)[0x14f1a08388c6]
[genoahost090:2327604] [ 6] /direct/sdcc+u/poare/Grid/build/examples/./Example_spec_kryschur[0x4cc206]
[genoahost090:2327604] [ 7] /direct/sdcc+u/poare/Grid/build/examples/./Example_spec_kryschur[0x4cc2f1]
[genoahost090:2327604] [ 8] /direct/sdcc+u/poare/Grid/build/examples/./Example_spec_kryschur[0x4c7e95]
[genoahost090:2327604] [ 9] /direct/sdcc+u/poare/Grid/build/examples/./Example_spec_kryschur[0x4b5f4f]
[genoahost090:2327604] [10] /direct/sdcc+u/poare/Grid/build/examples/./Example_spec_kryschur[0x41180d]
[genoahost090:2327604] [11] /lib64/libc.so.6(+0x2a610)[0x14f1a082a610]
[genoahost090:2327604] [12] /lib64/libc.so.6(__libc_start_main+0x80)[0x14f1a082a6c0]
[genoahost090:2327604] [13] /direct/sdcc+u/poare/Grid/build/examples/./Example_spec_kryschur[0x4147f5]
[genoahost090:2327604] *** End of error message ***

__|__|__|__|__|__|__|__|__|__|__|__|__|__|__
__|__|__|__|__|__|__|__|__|__|__|__|__|__|__
__|_ |  |  |  |  |  |  |  |  |  |  |  | _|__
__|_                                    _|__
__|_   GGGG    RRRR    III    DDDD      _|__
__|_  G        R   R    I     D   D     _|__
__|_  G        R   R    I     D    D    _|__
__|_  G  GG    RRRR     I     D    D    _|__
__|_  G   G    R  R     I     D   D     _|__
__|_   GGGG    R   R   III    DDDD      _|__
__|_                                    _|__
__|__|__|__|__|__|__|__|__|__|__|__|__|__|__
__|__|__|__|__|__|__|__|__|__|__|__|__|__|__
  |  |  |  |  |  |  |  |  |  |  |  |  |  |  


Copyright (C) 2015 Peter Boyle, Azusa Yamaguchi, Guido Cossu, Antonin Portelli and other authors

This program is free software; you can redistribute it and/or modify
it under the terms of the GNU General Public License as published by
the Free Software Foundation; either version 2 of the License, or
(at your option) any later version.

This program is distributed in the hope that it will be useful,
but WITHOUT ANY WARRANTY; without even the implied warranty of
MERCHANTABILITY or FITNESS FOR A PARTICULAR PURPOSE.  See the
GNU General Public License for more details.
Current Grid git commit hash=82d411ca7bb8ec4a5b5c3815df23674cfd291070: (HEAD -> develop, origin/develop, origin/HEAD) clean

Grid : Message : ================================================ 
Grid : Message : MPI is initialised and logging filters activated 
Grid : Message : ================================================ 
Grid : Message : This rank is running on host genoahost091.sdcc.bnl.local at local time 2026-03-04 12:29:43
Grid : Message : Requested 17179869184 byte stencil comms buffers 
Grid : Message : MemoryManager::Init() setting up
Grid : Message : MemoryManager::Init() cache pool for recent host   allocations: SMALL 8 LARGE 2 HUGE 0
Grid : Message : MemoryManager::Init() cache pool for recent device allocations: SMALL 16 LARGE 8 Huge 0
Grid : Message : MemoryManager::Init() cache pool for recent shared allocations: SMALL 16 LARGE 8 Huge 0
Grid : Message : MemoryManager::Init() Unified memory space
Sorting eigenvalues using EvalReSmall
Lattice size: [32 32 32 32]
Example_spec_kryschur: ../../Grid/communicator/SharedMemoryMPI.cc:434: static void Grid::GlobalSharedMemory::OptimalCommunicatorSharedMemory(const Coordinate&, ompi_communicator_t*&, Grid::Coordinate&): Assertion `WorldSize==Nprocessors' failed.
[genoahost091:2339442] *** Process received signal ***
[genoahost091:2339442] Signal: Aborted (6)
[genoahost091:2339442] Signal code:  (-6)
[genoahost091:2339442] [ 0] /lib64/libc.so.6(+0x3fc30)[0x14caa643fc30]
[genoahost091:2339442] [ 1] /lib64/libc.so.6(+0x8d02c)[0x14caa648d02c]
[genoahost091:2339442] [ 2] /lib64/libc.so.6(raise+0x16)[0x14caa643fb86]
[genoahost091:2339442] [ 3] /lib64/libc.so.6(abort+0xd3)[0x14caa6429873]
[genoahost091:2339442] [ 4] /lib64/libc.so.6(+0x2979b)[0x14caa642979b]
[genoahost091:2339442] [ 5] /lib64/libc.so.6(+0x388c6)[0x14caa64388c6]
[genoahost091:2339442] [ 6] /direct/sdcc+u/poare/Grid/build/examples/./Example_spec_kryschur[0x4cc206]
[genoahost091:2339442] [ 7] /direct/sdcc+u/poare/Grid/build/examples/./Example_spec_kryschur[0x4cc2f1]
[genoahost091:2339442] [ 8] /direct/sdcc+u/poare/Grid/build/examples/./Example_spec_kryschur[0x4c7e95]
[genoahost091:2339442] [ 9] /direct/sdcc+u/poare/Grid/build/examples/./Example_spec_kryschur[0x4b5f4f]
[genoahost091:2339442] [10] /direct/sdcc+u/poare/Grid/build/examples/./Example_spec_kryschur[0x41180d]
[genoahost091:2339442] [11] /lib64/libc.so.6(+0x2a610)[0x14caa642a610]
[genoahost091:2339442] [12] /lib64/libc.so.6(__libc_start_main+0x80)[0x14caa642a6c0]
[genoahost091:2339442] [13] /direct/sdcc+u/poare/Grid/build/examples/./Example_spec_kryschur[0x4147f5]
[genoahost091:2339442] *** End of error message ***

__|__|__|__|__|__|__|__|__|__|__|__|__|__|__
__|__|__|__|__|__|__|__|__|__|__|__|__|__|__
__|_ |  |  |  |  |  |  |  |  |  |  |  | _|__
__|_                                    _|__
__|_   GGGG    RRRR    III    DDDD      _|__
__|_  G        R   R    I     D   D     _|__
__|_  G        R   R    I     D    D    _|__
__|_  G  GG    RRRR     I     D    D    _|__
__|_  G   G    R  R     I     D   D     _|__
__|_   GGGG    R   R   III    DDDD      _|__
__|_                                    _|__
__|__|__|__|__|__|__|__|__|__|__|__|__|__|__
__|__|__|__|__|__|__|__|__|__|__|__|__|__|__
  |  |  |  |  |  |  |  |  |  |  |  |  |  |  


Copyright (C) 2015 Peter Boyle, Azusa Yamaguchi, Guido Cossu, Antonin Portelli and other authors

This program is free software; you can redistribute it and/or modify
it under the terms of the GNU General Public License as published by
the Free Software Foundation; either version 2 of the License, or
(at your option) any later version.

This program is distributed in the hope that it will be useful,
but WITHOUT ANY WARRANTY; without even the implied warranty of
MERCHANTABILITY or FITNESS FOR A PARTICULAR PURPOSE.  See the
GNU General Public License for more details.
Current Grid git commit hash=82d411ca7bb8ec4a5b5c3815df23674cfd291070: (HEAD -> develop, origin/develop, origin/HEAD) clean

Grid : Message : ================================================ 
Grid : Message : MPI is initialised and logging filters activated 
Grid : Message : ================================================ 
Grid : Message : This rank is running on host genoahost091.sdcc.bnl.local at local time 2026-03-04 12:29:43
Grid : Message : Requested 17179869184 byte stencil comms buffers 
Grid : Message : MemoryManager::Init() setting up
Grid : Message : MemoryManager::Init() cache pool for recent host   allocations: SMALL 8 LARGE 2 HUGE 0
Grid : Message : MemoryManager::Init() cache pool for recent device allocations: SMALL 16 LARGE 8 Huge 0
Grid : Message : MemoryManager::Init() cache pool for recent shared allocations: SMALL 16 LARGE 8 Huge 0
Grid : Message : MemoryManager::Init() Unified memory space
Sorting eigenvalues using EvalReSmall
Lattice size: [32 32 32 32]
Example_spec_kryschur: ../../Grid/communicator/SharedMemoryMPI.cc:434: static void Grid::GlobalSharedMemory::OptimalCommunicatorSharedMemory(const Coordinate&, ompi_communicator_t*&, Grid::Coordinate&): Assertion `WorldSize==Nprocessors' failed.
[genoahost091:2339445] *** Process received signal ***
[genoahost091:2339445] Signal: Aborted (6)
[genoahost091:2339445] Signal code:  (-6)
[genoahost091:2339445] [ 0] /lib64/libc.so.6(+0x3fc30)[0x14b582c3fc30]
[genoahost091:2339445] [ 1] /lib64/libc.so.6(+0x8d02c)[0x14b582c8d02c]
[genoahost091:2339445] [ 2] /lib64/libc.so.6(raise+0x16)[0x14b582c3fb86]
[genoahost091:2339445] [ 3] /lib64/libc.so.6(abort+0xd3)[0x14b582c29873]
[genoahost091:2339445] [ 4] /lib64/libc.so.6(+0x2979b)[0x14b582c2979b]
[genoahost091:2339445] [ 5] /lib64/libc.so.6(+0x388c6)[0x14b582c388c6]
[genoahost091:2339445] [ 6] /direct/sdcc+u/poare/Grid/build/examples/./Example_spec_kryschur[0x4cc206]
[genoahost091:2339445] [ 7] /direct/sdcc+u/poare/Grid/build/examples/./Example_spec_kryschur[0x4cc2f1]
[genoahost091:2339445] [ 8] /direct/sdcc+u/poare/Grid/build/examples/./Example_spec_kryschur[0x4c7e95]
[genoahost091:2339445] [ 9] /direct/sdcc+u/poare/Grid/build/examples/./Example_spec_kryschur[0x4b5f4f]
[genoahost091:2339445] [10] /direct/sdcc+u/poare/Grid/build/examples/./Example_spec_kryschur[0x41180d]
[genoahost091:2339445] [11] /lib64/libc.so.6(+0x2a610)[0x14b582c2a610]
[genoahost091:2339445] [12] /lib64/libc.so.6(__libc_start_main+0x80)[0x14b582c2a6c0]
[genoahost091:2339445] [13] /direct/sdcc+u/poare/Grid/build/examples/./Example_spec_kryschur[0x4147f5]
[genoahost091:2339445] *** End of error message ***

__|__|__|__|__|__|__|__|__|__|__|__|__|__|__
__|__|__|__|__|__|__|__|__|__|__|__|__|__|__
__|_ |  |  |  |  |  |  |  |  |  |  |  | _|__
__|_                                    _|__
__|_   GGGG    RRRR    III    DDDD      _|__
__|_  G        R   R    I     D   D     _|__
__|_  G        R   R    I     D    D    _|__
__|_  G  GG    RRRR     I     D    D    _|__
__|_  G   G    R  R     I     D   D     _|__
__|_   GGGG    R   R   III    DDDD      _|__
__|_                                    _|__
__|__|__|__|__|__|__|__|__|__|__|__|__|__|__
__|__|__|__|__|__|__|__|__|__|__|__|__|__|__
  |  |  |  |  |  |  |  |  |  |  |  |  |  |  


Copyright (C) 2015 Peter Boyle, Azusa Yamaguchi, Guido Cossu, Antonin Portelli and other authors

This program is free software; you can redistribute it and/or modify
it under the terms of the GNU General Public License as published by
the Free Software Foundation; either version 2 of the License, or
(at your option) any later version.

This program is distributed in the hope that it will be useful,
but WITHOUT ANY WARRANTY; without even the implied warranty of
MERCHANTABILITY or FITNESS FOR A PARTICULAR PURPOSE.  See the
GNU General Public License for more details.
Current Grid git commit hash=82d411ca7bb8ec4a5b5c3815df23674cfd291070: (HEAD -> develop, origin/develop, origin/HEAD) clean

Grid : Message : ================================================ 
Grid : Message : MPI is initialised and logging filters activated 
Grid : Message : ================================================ 
Grid : Message : This rank is running on host genoahost091.sdcc.bnl.local at local time 2026-03-04 12:29:43
Grid : Message : Requested 17179869184 byte stencil comms buffers 
Grid : Message : MemoryManager::Init() setting up
Grid : Message : MemoryManager::Init() cache pool for recent host   allocations: SMALL 8 LARGE 2 HUGE 0
Grid : Message : MemoryManager::Init() cache pool for recent device allocations: SMALL 16 LARGE 8 Huge 0
Grid : Message : MemoryManager::Init() cache pool for recent shared allocations: SMALL 16 LARGE 8 Huge 0
Grid : Message : MemoryManager::Init() Unified memory space
Sorting eigenvalues using EvalReSmall
Lattice size: [32 32 32 32]
Example_spec_kryschur: ../../Grid/communicator/SharedMemoryMPI.cc:434: static void Grid::GlobalSharedMemory::OptimalCommunicatorSharedMemory(const Coordinate&, ompi_communicator_t*&, Grid::Coordinate&): Assertion `WorldSize==Nprocessors' failed.
[genoahost091:2339448] *** Process received signal ***
[genoahost091:2339448] Signal: Aborted (6)
[genoahost091:2339448] Signal code:  (-6)
[genoahost091:2339448] [ 0] /lib64/libc.so.6(+0x3fc30)[0x14605e03fc30]
[genoahost091:2339448] [ 1] /lib64/libc.so.6(+0x8d02c)[0x14605e08d02c]
[genoahost091:2339448] [ 2] /lib64/libc.so.6(raise+0x16)[0x14605e03fb86]
[genoahost091:2339448] [ 3] /lib64/libc.so.6(abort+0xd3)[0x14605e029873]
[genoahost091:2339448] [ 4] /lib64/libc.so.6(+0x2979b)[0x14605e02979b]
[genoahost091:2339448] [ 5] /lib64/libc.so.6(+0x388c6)[0x14605e0388c6]
[genoahost091:2339448] [ 6] /direct/sdcc+u/poare/Grid/build/examples/./Example_spec_kryschur[0x4cc206]
[genoahost091:2339448] [ 7] /direct/sdcc+u/poare/Grid/build/examples/./Example_spec_kryschur[0x4cc2f1]
[genoahost091:2339448] [ 8] /direct/sdcc+u/poare/Grid/build/examples/./Example_spec_kryschur[0x4c7e95]
[genoahost091:2339448] [ 9] /direct/sdcc+u/poare/Grid/build/examples/./Example_spec_kryschur[0x4b5f4f]
[genoahost091:2339448] [10] /direct/sdcc+u/poare/Grid/build/examples/./Example_spec_kryschur[0x41180d]
[genoahost091:2339448] [11] /lib64/libc.so.6(+0x2a610)[0x14605e02a610]
[genoahost091:2339448] [12] /lib64/libc.so.6(__libc_start_main+0x80)[0x14605e02a6c0]
[genoahost091:2339448] [13] /direct/sdcc+u/poare/Grid/build/examples/./Example_spec_kryschur[0x4147f5]
[genoahost091:2339448] *** End of error message ***

__|__|__|__|__|__|__|__|__|__|__|__|__|__|__
__|__|__|__|__|__|__|__|__|__|__|__|__|__|__
__|_ |  |  |  |  |  |  |  |  |  |  |  | _|__
__|_                                    _|__
__|_   GGGG    RRRR    III    DDDD      _|__
__|_  G        R   R    I     D   D     _|__
__|_  G        R   R    I     D    D    _|__
__|_  G  GG    RRRR     I     D    D    _|__
__|_  G   G    R  R     I     D   D     _|__
__|_   GGGG    R   R   III    DDDD      _|__
__|_                                    _|__
__|__|__|__|__|__|__|__|__|__|__|__|__|__|__
__|__|__|__|__|__|__|__|__|__|__|__|__|__|__
  |  |  |  |  |  |  |  |  |  |  |  |  |  |  


Copyright (C) 2015 Peter Boyle, Azusa Yamaguchi, Guido Cossu, Antonin Portelli and other authors

This program is free software; you can redistribute it and/or modify
it under the terms of the GNU General Public License as published by
the Free Software Foundation; either version 2 of the License, or
(at your option) any later version.

This program is distributed in the hope that it will be useful,
but WITHOUT ANY WARRANTY; without even the implied warranty of
MERCHANTABILITY or FITNESS FOR A PARTICULAR PURPOSE.  See the
GNU General Public License for more details.
Current Grid git commit hash=82d411ca7bb8ec4a5b5c3815df23674cfd291070: (HEAD -> develop, origin/develop, origin/HEAD) clean

Grid : Message : ================================================ 
Grid : Message : MPI is initialised and logging filters activated 
Grid : Message : ================================================ 
Grid : Message : This rank is running on host genoahost091.sdcc.bnl.local at local time 2026-03-04 12:29:44
Grid : Message : Requested 17179869184 byte stencil comms buffers 
Grid : Message : MemoryManager::Init() setting up
Grid : Message : MemoryManager::Init() cache pool for recent host   allocations: SMALL 8 LARGE 2 HUGE 0
Grid : Message : MemoryManager::Init() cache pool for recent device allocations: SMALL 16 LARGE 8 Huge 0
Grid : Message : MemoryManager::Init() cache pool for recent shared allocations: SMALL 16 LARGE 8 Huge 0
Grid : Message : MemoryManager::Init() Unified memory space
Sorting eigenvalues using EvalReSmall
Lattice size: [32 32 32 32]
Example_spec_kryschur: ../../Grid/communicator/SharedMemoryMPI.cc:434: static void Grid::GlobalSharedMemory::OptimalCommunicatorSharedMemory(const Coordinate&, ompi_communicator_t*&, Grid::Coordinate&): Assertion `WorldSize==Nprocessors' failed.
[genoahost091:2339441] *** Process received signal ***
[genoahost091:2339441] Signal: Aborted (6)
[genoahost091:2339441] Signal code:  (-6)
[genoahost091:2339441] [ 0] /lib64/libc.so.6(+0x3fc30)[0x14bb5f43fc30]
[genoahost091:2339441] [ 1] /lib64/libc.so.6(+0x8d02c)[0x14bb5f48d02c]
[genoahost091:2339441] [ 2] /lib64/libc.so.6(raise+0x16)[0x14bb5f43fb86]
[genoahost091:2339441] [ 3] /lib64/libc.so.6(abort+0xd3)[0x14bb5f429873]
[genoahost091:2339441] [ 4] /lib64/libc.so.6(+0x2979b)[0x14bb5f42979b]
[genoahost091:2339441] [ 5] /lib64/libc.so.6(+0x388c6)[0x14bb5f4388c6]
[genoahost091:2339441] [ 6] /direct/sdcc+u/poare/Grid/build/examples/./Example_spec_kryschur[0x4cc206]
[genoahost091:2339441] [ 7] /direct/sdcc+u/poare/Grid/build/examples/./Example_spec_kryschur[0x4cc2f1]
[genoahost091:2339441] [ 8] /direct/sdcc+u/poare/Grid/build/examples/./Example_spec_kryschur[0x4c7e95]
[genoahost091:2339441] [ 9] /direct/sdcc+u/poare/Grid/build/examples/./Example_spec_kryschur[0x4b5f4f]
[genoahost091:2339441] [10] /direct/sdcc+u/poare/Grid/build/examples/./Example_spec_kryschur[0x41180d]
[genoahost091:2339441] [11] /lib64/libc.so.6(+0x2a610)[0x14bb5f42a610]
[genoahost091:2339441] [12] /lib64/libc.so.6(__libc_start_main+0x80)[0x14bb5f42a6c0]
[genoahost091:2339441] [13] /direct/sdcc+u/poare/Grid/build/examples/./Example_spec_kryschur[0x4147f5]
[genoahost091:2339441] *** End of error message ***

__|__|__|__|__|__|__|__|__|__|__|__|__|__|__
__|__|__|__|__|__|__|__|__|__|__|__|__|__|__
__|_ |  |  |  |  |  |  |  |  |  |  |  | _|__
__|_                                    _|__
__|_   GGGG    RRRR    III    DDDD      _|__
__|_  G        R   R    I     D   D     _|__
__|_  G        R   R    I     D    D    _|__
__|_  G  GG    RRRR     I     D    D    _|__
__|_  G   G    R  R     I     D   D     _|__
__|_   GGGG    R   R   III    DDDD      _|__
__|_                                    _|__
__|__|__|__|__|__|__|__|__|__|__|__|__|__|__
__|__|__|__|__|__|__|__|__|__|__|__|__|__|__
  |  |  |  |  |  |  |  |  |  |  |  |  |  |  


Copyright (C) 2015 Peter Boyle, Azusa Yamaguchi, Guido Cossu, Antonin Portelli and other authors

This program is free software; you can redistribute it and/or modify
it under the terms of the GNU General Public License as published by
the Free Software Foundation; either version 2 of the License, or
(at your option) any later version.

This program is distributed in the hope that it will be useful,
but WITHOUT ANY WARRANTY; without even the implied warranty of
MERCHANTABILITY or FITNESS FOR A PARTICULAR PURPOSE.  See the
GNU General Public License for more details.
Current Grid git commit hash=82d411ca7bb8ec4a5b5c3815df23674cfd291070: (HEAD -> develop, origin/develop, origin/HEAD) clean

Grid : Message : ================================================ 
Grid : Message : MPI is initialised and logging filters activated 
Grid : Message : ================================================ 
Grid : Message : This rank is running on host genoahost091.sdcc.bnl.local at local time 2026-03-04 12:29:45
Grid : Message : Requested 17179869184 byte stencil comms buffers 
Grid : Message : MemoryManager::Init() setting up
Grid : Message : MemoryManager::Init() cache pool for recent host   allocations: SMALL 8 LARGE 2 HUGE 0
Grid : Message : MemoryManager::Init() cache pool for recent device allocations: SMALL 16 LARGE 8 Huge 0
Grid : Message : MemoryManager::Init() cache pool for recent shared allocations: SMALL 16 LARGE 8 Huge 0
Grid : Message : MemoryManager::Init() Unified memory space
Sorting eigenvalues using EvalReSmall
Lattice size: [32 32 32 32]
Example_spec_kryschur: ../../Grid/communicator/SharedMemoryMPI.cc:434: static void Grid::GlobalSharedMemory::OptimalCommunicatorSharedMemory(const Coordinate&, ompi_communicator_t*&, Grid::Coordinate&): Assertion `WorldSize==Nprocessors' failed.
[genoahost091:2339438] *** Process received signal ***
[genoahost091:2339438] Signal: Aborted (6)
[genoahost091:2339438] Signal code:  (-6)
[genoahost091:2339438] [ 0] /lib64/libc.so.6(+0x3fc30)[0x1525dd43fc30]
[genoahost091:2339438] [ 1] /lib64/libc.so.6(+0x8d02c)[0x1525dd48d02c]
[genoahost091:2339438] [ 2] /lib64/libc.so.6(raise+0x16)[0x1525dd43fb86]
[genoahost091:2339438] [ 3] /lib64/libc.so.6(abort+0xd3)[0x1525dd429873]
[genoahost091:2339438] [ 4] /lib64/libc.so.6(+0x2979b)[0x1525dd42979b]
[genoahost091:2339438] [ 5] /lib64/libc.so.6(+0x388c6)[0x1525dd4388c6]
[genoahost091:2339438] [ 6] /direct/sdcc+u/poare/Grid/build/examples/./Example_spec_kryschur[0x4cc206]
[genoahost091:2339438] [ 7] /direct/sdcc+u/poare/Grid/build/examples/./Example_spec_kryschur[0x4cc2f1]
[genoahost091:2339438] [ 8] /direct/sdcc+u/poare/Grid/build/examples/./Example_spec_kryschur[0x4c7e95]
[genoahost091:2339438] [ 9] /direct/sdcc+u/poare/Grid/build/examples/./Example_spec_kryschur[0x4b5f4f]
[genoahost091:2339438] [10] /direct/sdcc+u/poare/Grid/build/examples/./Example_spec_kryschur[0x41180d]
[genoahost091:2339438] [11] /lib64/libc.so.6(+0x2a610)[0x1525dd42a610]
[genoahost091:2339438] [12] /lib64/libc.so.6(__libc_start_main+0x80)[0x1525dd42a6c0]
[genoahost091:2339438] [13] /direct/sdcc+u/poare/Grid/build/examples/./Example_spec_kryschur[0x4147f5]
[genoahost091:2339438] *** End of error message ***

__|__|__|__|__|__|__|__|__|__|__|__|__|__|__
__|__|__|__|__|__|__|__|__|__|__|__|__|__|__
__|_ |  |  |  |  |  |  |  |  |  |  |  | _|__
__|_                                    _|__
__|_   GGGG    RRRR    III    DDDD      _|__
__|_  G        R   R    I     D   D     _|__
__|_  G        R   R    I     D    D    _|__
__|_  G  GG    RRRR     I     D    D    _|__
__|_  G   G    R  R     I     D   D     _|__
__|_   GGGG    R   R   III    DDDD      _|__
__|_                                    _|__
__|__|__|__|__|__|__|__|__|__|__|__|__|__|__
__|__|__|__|__|__|__|__|__|__|__|__|__|__|__
  |  |  |  |  |  |  |  |  |  |  |  |  |  |  


Copyright (C) 2015 Peter Boyle, Azusa Yamaguchi, Guido Cossu, Antonin Portelli and other authors

This program is free software; you can redistribute it and/or modify
it under the terms of the GNU General Public License as published by
the Free Software Foundation; either version 2 of the License, or
(at your option) any later version.

This program is distributed in the hope that it will be useful,
but WITHOUT ANY WARRANTY; without even the implied warranty of
MERCHANTABILITY or FITNESS FOR A PARTICULAR PURPOSE.  See the
GNU General Public License for more details.
Current Grid git commit hash=82d411ca7bb8ec4a5b5c3815df23674cfd291070: (HEAD -> develop, origin/develop, origin/HEAD) clean

Grid : Message : ================================================ 
Grid : Message : MPI is initialised and logging filters activated 
Grid : Message : ================================================ 
Grid : Message : This rank is running on host genoahost096.sdcc.bnl.local at local time 2026-03-04 12:29:46
Grid : Message : Requested 17179869184 byte stencil comms buffers 
Grid : Message : MemoryManager::Init() setting up
Grid : Message : MemoryManager::Init() cache pool for recent host   allocations: SMALL 8 LARGE 2 HUGE 0
Grid : Message : MemoryManager::Init() cache pool for recent device allocations: SMALL 16 LARGE 8 Huge 0
Grid : Message : MemoryManager::Init() cache pool for recent shared allocations: SMALL 16 LARGE 8 Huge 0
Grid : Message : MemoryManager::Init() Unified memory space
Sorting eigenvalues using EvalReSmall
Lattice size: [32 32 32 32]
Example_spec_kryschur: ../../Grid/communicator/SharedMemoryMPI.cc:434: static void Grid::GlobalSharedMemory::OptimalCommunicatorSharedMemory(const Coordinate&, ompi_communicator_t*&, Grid::Coordinate&): Assertion `WorldSize==Nprocessors' failed.
[genoahost096:2313444] *** Process received signal ***
[genoahost096:2313444] Signal: Aborted (6)
[genoahost096:2313444] Signal code:  (-6)
[genoahost096:2313444] [ 0] /lib64/libc.so.6(+0x3fc30)[0x146f6763fc30]
[genoahost096:2313444] [ 1] /lib64/libc.so.6(+0x8d02c)[0x146f6768d02c]
[genoahost096:2313444] [ 2] /lib64/libc.so.6(raise+0x16)[0x146f6763fb86]
[genoahost096:2313444] [ 3] /lib64/libc.so.6(abort+0xd3)[0x146f67629873]
[genoahost096:2313444] [ 4] /lib64/libc.so.6(+0x2979b)[0x146f6762979b]
[genoahost096:2313444] [ 5] /lib64/libc.so.6(+0x388c6)[0x146f676388c6]
[genoahost096:2313444] [ 6] /direct/sdcc+u/poare/Grid/build/examples/./Example_spec_kryschur[0x4cc206]
[genoahost096:2313444] [ 7] /direct/sdcc+u/poare/Grid/build/examples/./Example_spec_kryschur[0x4cc2f1]
[genoahost096:2313444] [ 8] /direct/sdcc+u/poare/Grid/build/examples/./Example_spec_kryschur[0x4c7e95]
[genoahost096:2313444] [ 9] /direct/sdcc+u/poare/Grid/build/examples/./Example_spec_kryschur[0x4b5f4f]
[genoahost096:2313444] [10] /direct/sdcc+u/poare/Grid/build/examples/./Example_spec_kryschur[0x41180d]
[genoahost096:2313444] [11] /lib64/libc.so.6(+0x2a610)[0x146f6762a610]
[genoahost096:2313444] [12] /lib64/libc.so.6(__libc_start_main+0x80)[0x146f6762a6c0]
[genoahost096:2313444] [13] /direct/sdcc+u/poare/Grid/build/examples/./Example_spec_kryschur[0x4147f5]
[genoahost096:2313444] *** End of error message ***

__|__|__|__|__|__|__|__|__|__|__|__|__|__|__
__|__|__|__|__|__|__|__|__|__|__|__|__|__|__
__|_ |  |  |  |  |  |  |  |  |  |  |  | _|__
__|_                                    _|__
__|_   GGGG    RRRR    III    DDDD      _|__
__|_  G        R   R    I     D   D     _|__
__|_  G        R   R    I     D    D    _|__
__|_  G  GG    RRRR     I     D    D    _|__
__|_  G   G    R  R     I     D   D     _|__
__|_   GGGG    R   R   III    DDDD      _|__
__|_                                    _|__
__|__|__|__|__|__|__|__|__|__|__|__|__|__|__
__|__|__|__|__|__|__|__|__|__|__|__|__|__|__
  |  |  |  |  |  |  |  |  |  |  |  |  |  |  


Copyright (C) 2015 Peter Boyle, Azusa Yamaguchi, Guido Cossu, Antonin Portelli and other authors

This program is free software; you can redistribute it and/or modify
it under the terms of the GNU General Public License as published by
the Free Software Foundation; either version 2 of the License, or
(at your option) any later version.

This program is distributed in the hope that it will be useful,
but WITHOUT ANY WARRANTY; without even the implied warranty of
MERCHANTABILITY or FITNESS FOR A PARTICULAR PURPOSE.  See the
GNU General Public License for more details.
Current Grid git commit hash=82d411ca7bb8ec4a5b5c3815df23674cfd291070: (HEAD -> develop, origin/develop, origin/HEAD) clean

Grid : Message : ================================================ 
Grid : Message : MPI is initialised and logging filters activated 
Grid : Message : ================================================ 
Grid : Message : This rank is running on host genoahost091.sdcc.bnl.local at local time 2026-03-04 12:29:46
Grid : Message : Requested 17179869184 byte stencil comms buffers 
Grid : Message : MemoryManager::Init() setting up
Grid : Message : MemoryManager::Init() cache pool for recent host   allocations: SMALL 8 LARGE 2 HUGE 0
Grid : Message : MemoryManager::Init() cache pool for recent device allocations: SMALL 16 LARGE 8 Huge 0
Grid : Message : MemoryManager::Init() cache pool for recent shared allocations: SMALL 16 LARGE 8 Huge 0
Grid : Message : MemoryManager::Init() Unified memory space
Sorting eigenvalues using EvalReSmall
Lattice size: [32 32 32 32]
Example_spec_kryschur: ../../Grid/communicator/SharedMemoryMPI.cc:434: static void Grid::GlobalSharedMemory::OptimalCommunicatorSharedMemory(const Coordinate&, ompi_communicator_t*&, Grid::Coordinate&): Assertion `WorldSize==Nprocessors' failed.
[genoahost091:2339439] *** Process received signal ***
[genoahost091:2339439] Signal: Aborted (6)
[genoahost091:2339439] Signal code:  (-6)
[genoahost091:2339439] [ 0] /lib64/libc.so.6(+0x3fc30)[0x1487de03fc30]
[genoahost091:2339439] [ 1] /lib64/libc.so.6(+0x8d02c)[0x1487de08d02c]
[genoahost091:2339439] [ 2] /lib64/libc.so.6(raise+0x16)[0x1487de03fb86]
[genoahost091:2339439] [ 3] /lib64/libc.so.6(abort+0xd3)[0x1487de029873]
[genoahost091:2339439] [ 4] /lib64/libc.so.6(+0x2979b)[0x1487de02979b]
[genoahost091:2339439] [ 5] /lib64/libc.so.6(+0x388c6)[0x1487de0388c6]
[genoahost091:2339439] [ 6] /direct/sdcc+u/poare/Grid/build/examples/./Example_spec_kryschur[0x4cc206]
[genoahost091:2339439] [ 7] /direct/sdcc+u/poare/Grid/build/examples/./Example_spec_kryschur[0x4cc2f1]
[genoahost091:2339439] [ 8] /direct/sdcc+u/poare/Grid/build/examples/./Example_spec_kryschur[0x4c7e95]
[genoahost091:2339439] [ 9] /direct/sdcc+u/poare/Grid/build/examples/./Example_spec_kryschur[0x4b5f4f]
[genoahost091:2339439] [10] /direct/sdcc+u/poare/Grid/build/examples/./Example_spec_kryschur[0x41180d]
[genoahost091:2339439] [11] /lib64/libc.so.6(+0x2a610)[0x1487de02a610]
[genoahost091:2339439] [12] /lib64/libc.so.6(__libc_start_main+0x80)[0x1487de02a6c0]
[genoahost091:2339439] [13] /direct/sdcc+u/poare/Grid/build/examples/./Example_spec_kryschur[0x4147f5]
[genoahost091:2339439] *** End of error message ***

__|__|__|__|__|__|__|__|__|__|__|__|__|__|__
__|__|__|__|__|__|__|__|__|__|__|__|__|__|__
__|_ |  |  |  |  |  |  |  |  |  |  |  | _|__
__|_                                    _|__
__|_   GGGG    RRRR    III    DDDD      _|__
__|_  G        R   R    I     D   D     _|__
__|_  G        R   R    I     D    D    _|__
__|_  G  GG    RRRR     I     D    D    _|__
__|_  G   G    R  R     I     D   D     _|__
__|_   GGGG    R   R   III    DDDD      _|__
__|_                                    _|__
__|__|__|__|__|__|__|__|__|__|__|__|__|__|__
__|__|__|__|__|__|__|__|__|__|__|__|__|__|__
  |  |  |  |  |  |  |  |  |  |  |  |  |  |  


Copyright (C) 2015 Peter Boyle, Azusa Yamaguchi, Guido Cossu, Antonin Portelli and other authors

This program is free software; you can redistribute it and/or modify
it under the terms of the GNU General Public License as published by
the Free Software Foundation; either version 2 of the License, or
(at your option) any later version.

This program is distributed in the hope that it will be useful,
but WITHOUT ANY WARRANTY; without even the implied warranty of
MERCHANTABILITY or FITNESS FOR A PARTICULAR PURPOSE.  See the
GNU General Public License for more details.
Current Grid git commit hash=82d411ca7bb8ec4a5b5c3815df23674cfd291070: (HEAD -> develop, origin/develop, origin/HEAD) clean

Grid : Message : ================================================ 
Grid : Message : MPI is initialised and logging filters activated 
Grid : Message : ================================================ 
Grid : Message : This rank is running on host genoahost096.sdcc.bnl.local at local time 2026-03-04 12:29:46
Grid : Message : Requested 17179869184 byte stencil comms buffers 
Grid : Message : MemoryManager::Init() setting up
Grid : Message : MemoryManager::Init() cache pool for recent host   allocations: SMALL 8 LARGE 2 HUGE 0
Grid : Message : MemoryManager::Init() cache pool for recent device allocations: SMALL 16 LARGE 8 Huge 0
Grid : Message : MemoryManager::Init() cache pool for recent shared allocations: SMALL 16 LARGE 8 Huge 0
Grid : Message : MemoryManager::Init() Unified memory space
Sorting eigenvalues using EvalReSmall
Lattice size: [32 32 32 32]
Example_spec_kryschur: ../../Grid/communicator/SharedMemoryMPI.cc:434: static void Grid::GlobalSharedMemory::OptimalCommunicatorSharedMemory(const Coordinate&, ompi_communicator_t*&, Grid::Coordinate&): Assertion `WorldSize==Nprocessors' failed.
[genoahost096:2313438] *** Process received signal ***
[genoahost096:2313438] Signal: Aborted (6)
[genoahost096:2313438] Signal code:  (-6)
[genoahost096:2313438] [ 0] /lib64/libc.so.6(+0x3fc30)[0x148e9423fc30]
[genoahost096:2313438] [ 1] /lib64/libc.so.6(+0x8d02c)[0x148e9428d02c]
[genoahost096:2313438] [ 2] /lib64/libc.so.6(raise+0x16)[0x148e9423fb86]
[genoahost096:2313438] [ 3] /lib64/libc.so.6(abort+0xd3)[0x148e94229873]
[genoahost096:2313438] [ 4] /lib64/libc.so.6(+0x2979b)[0x148e9422979b]
[genoahost096:2313438] [ 5] /lib64/libc.so.6(+0x388c6)[0x148e942388c6]
[genoahost096:2313438] [ 6] /direct/sdcc+u/poare/Grid/build/examples/./Example_spec_kryschur[0x4cc206]
[genoahost096:2313438] [ 7] /direct/sdcc+u/poare/Grid/build/examples/./Example_spec_kryschur[0x4cc2f1]
[genoahost096:2313438] [ 8] /direct/sdcc+u/poare/Grid/build/examples/./Example_spec_kryschur[0x4c7e95]
[genoahost096:2313438] [ 9] /direct/sdcc+u/poare/Grid/build/examples/./Example_spec_kryschur[0x4b5f4f]
[genoahost096:2313438] [10] /direct/sdcc+u/poare/Grid/build/examples/./Example_spec_kryschur[0x41180d]
[genoahost096:2313438] [11] /lib64/libc.so.6(+0x2a610)[0x148e9422a610]
[genoahost096:2313438] [12] /lib64/libc.so.6(__libc_start_main+0x80)[0x148e9422a6c0]
[genoahost096:2313438] [13] /direct/sdcc+u/poare/Grid/build/examples/./Example_spec_kryschur[0x4147f5]
[genoahost096:2313438] *** End of error message ***

__|__|__|__|__|__|__|__|__|__|__|__|__|__|__
__|__|__|__|__|__|__|__|__|__|__|__|__|__|__
__|_ |  |  |  |  |  |  |  |  |  |  |  | _|__
__|_                                    _|__
__|_   GGGG    RRRR    III    DDDD      _|__
__|_  G        R   R    I     D   D     _|__
__|_  G        R   R    I     D    D    _|__
__|_  G  GG    RRRR     I     D    D    _|__
__|_  G   G    R  R     I     D   D     _|__
__|_   GGGG    R   R   III    DDDD      _|__
__|_                                    _|__
__|__|__|__|__|__|__|__|__|__|__|__|__|__|__
__|__|__|__|__|__|__|__|__|__|__|__|__|__|__
  |  |  |  |  |  |  |  |  |  |  |  |  |  |  


Copyright (C) 2015 Peter Boyle, Azusa Yamaguchi, Guido Cossu, Antonin Portelli and other authors

This program is free software; you can redistribute it and/or modify
it under the terms of the GNU General Public License as published by
the Free Software Foundation; either version 2 of the License, or
(at your option) any later version.

This program is distributed in the hope that it will be useful,
but WITHOUT ANY WARRANTY; without even the implied warranty of
MERCHANTABILITY or FITNESS FOR A PARTICULAR PURPOSE.  See the
GNU General Public License for more details.
Current Grid git commit hash=82d411ca7bb8ec4a5b5c3815df23674cfd291070: (HEAD -> develop, origin/develop, origin/HEAD) clean

Grid : Message : ================================================ 
Grid : Message : MPI is initialised and logging filters activated 
Grid : Message : ================================================ 
Grid : Message : This rank is running on host genoahost096.sdcc.bnl.local at local time 2026-03-04 12:29:47
Grid : Message : Requested 17179869184 byte stencil comms buffers 
Grid : Message : MemoryManager::Init() setting up
Grid : Message : MemoryManager::Init() cache pool for recent host   allocations: SMALL 8 LARGE 2 HUGE 0
Grid : Message : MemoryManager::Init() cache pool for recent device allocations: SMALL 16 LARGE 8 Huge 0
Grid : Message : MemoryManager::Init() cache pool for recent shared allocations: SMALL 16 LARGE 8 Huge 0
Grid : Message : MemoryManager::Init() Unified memory space
Sorting eigenvalues using EvalReSmall
Lattice size: [32 32 32 32]
Example_spec_kryschur: ../../Grid/communicator/SharedMemoryMPI.cc:434: static void Grid::GlobalSharedMemory::OptimalCommunicatorSharedMemory(const Coordinate&, ompi_communicator_t*&, Grid::Coordinate&): Assertion `WorldSize==Nprocessors' failed.
[genoahost096:2313449] *** Process received signal ***
[genoahost096:2313449] Signal: Aborted (6)
[genoahost096:2313449] Signal code:  (-6)
[genoahost096:2313449] [ 0] /lib64/libc.so.6(+0x3fc30)[0x14aef7e3fc30]
[genoahost096:2313449] [ 1] /lib64/libc.so.6(+0x8d02c)[0x14aef7e8d02c]
[genoahost096:2313449] [ 2] /lib64/libc.so.6(raise+0x16)[0x14aef7e3fb86]
[genoahost096:2313449] [ 3] /lib64/libc.so.6(abort+0xd3)[0x14aef7e29873]
[genoahost096:2313449] [ 4] /lib64/libc.so.6(+0x2979b)[0x14aef7e2979b]
[genoahost096:2313449] [ 5] /lib64/libc.so.6(+0x388c6)[0x14aef7e388c6]
[genoahost096:2313449] [ 6] /direct/sdcc+u/poare/Grid/build/examples/./Example_spec_kryschur[0x4cc206]
[genoahost096:2313449] [ 7] /direct/sdcc+u/poare/Grid/build/examples/./Example_spec_kryschur[0x4cc2f1]
[genoahost096:2313449] [ 8] /direct/sdcc+u/poare/Grid/build/examples/./Example_spec_kryschur[0x4c7e95]
[genoahost096:2313449] [ 9] /direct/sdcc+u/poare/Grid/build/examples/./Example_spec_kryschur[0x4b5f4f]
[genoahost096:2313449] [10] /direct/sdcc+u/poare/Grid/build/examples/./Example_spec_kryschur[0x41180d]
[genoahost096:2313449] [11] /lib64/libc.so.6(+0x2a610)[0x14aef7e2a610]
[genoahost096:2313449] [12] /lib64/libc.so.6(__libc_start_main+0x80)[0x14aef7e2a6c0]
[genoahost096:2313449] [13] /direct/sdcc+u/poare/Grid/build/examples/./Example_spec_kryschur[0x4147f5]
[genoahost096:2313449] *** End of error message ***

__|__|__|__|__|__|__|__|__|__|__|__|__|__|__
__|__|__|__|__|__|__|__|__|__|__|__|__|__|__
__|_ |  |  |  |  |  |  |  |  |  |  |  | _|__
__|_                                    _|__
__|_   GGGG    RRRR    III    DDDD      _|__
__|_  G        R   R    I     D   D     _|__
__|_  G        R   R    I     D    D    _|__
__|_  G  GG    RRRR     I     D    D    _|__
__|_  G   G    R  R     I     D   D     _|__
__|_   GGGG    R   R   III    DDDD      _|__
__|_                                    _|__
__|__|__|__|__|__|__|__|__|__|__|__|__|__|__
__|__|__|__|__|__|__|__|__|__|__|__|__|__|__
  |  |  |  |  |  |  |  |  |  |  |  |  |  |  


Copyright (C) 2015 Peter Boyle, Azusa Yamaguchi, Guido Cossu, Antonin Portelli and other authors

This program is free software; you can redistribute it and/or modify
it under the terms of the GNU General Public License as published by
the Free Software Foundation; either version 2 of the License, or
(at your option) any later version.

This program is distributed in the hope that it will be useful,
but WITHOUT ANY WARRANTY; without even the implied warranty of
MERCHANTABILITY or FITNESS FOR A PARTICULAR PURPOSE.  See the
GNU General Public License for more details.
Current Grid git commit hash=82d411ca7bb8ec4a5b5c3815df23674cfd291070: (HEAD -> develop, origin/develop, origin/HEAD) clean

Grid : Message : ================================================ 
Grid : Message : MPI is initialised and logging filters activated 
Grid : Message : ================================================ 
Grid : Message : This rank is running on host genoahost089.sdcc.bnl.local at local time 2026-03-04 12:29:48
Grid : Message : Requested 17179869184 byte stencil comms buffers 
Grid : Message : MemoryManager::Init() setting up
Grid : Message : MemoryManager::Init() cache pool for recent host   allocations: SMALL 8 LARGE 2 HUGE 0
Grid : Message : MemoryManager::Init() cache pool for recent device allocations: SMALL 16 LARGE 8 Huge 0
Grid : Message : MemoryManager::Init() cache pool for recent shared allocations: SMALL 16 LARGE 8 Huge 0
Grid : Message : MemoryManager::Init() Unified memory space
Sorting eigenvalues using EvalReSmall
Lattice size: [32 32 32 32]
Example_spec_kryschur: ../../Grid/communicator/SharedMemoryMPI.cc:434: static void Grid::GlobalSharedMemory::OptimalCommunicatorSharedMemory(const Coordinate&, ompi_communicator_t*&, Grid::Coordinate&): Assertion `WorldSize==Nprocessors' failed.
[genoahost089:581683] *** Process received signal ***
[genoahost089:581683] Signal: Aborted (6)
[genoahost089:581683] Signal code:  (-6)
[genoahost089:581683] [ 0] /lib64/libc.so.6(+0x3fc30)[0x15488763fc30]
[genoahost089:581683] [ 1] /lib64/libc.so.6(+0x8d02c)[0x15488768d02c]
[genoahost089:581683] [ 2] /lib64/libc.so.6(raise+0x16)[0x15488763fb86]
[genoahost089:581683] [ 3] /lib64/libc.so.6(abort+0xd3)[0x154887629873]
[genoahost089:581683] [ 4] /lib64/libc.so.6(+0x2979b)[0x15488762979b]
[genoahost089:581683] [ 5] /lib64/libc.so.6(+0x388c6)[0x1548876388c6]
[genoahost089:581683] [ 6] /direct/sdcc+u/poare/Grid/build/examples/./Example_spec_kryschur[0x4cc206]
[genoahost089:581683] [ 7] /direct/sdcc+u/poare/Grid/build/examples/./Example_spec_kryschur[0x4cc2f1]
[genoahost089:581683] [ 8] /direct/sdcc+u/poare/Grid/build/examples/./Example_spec_kryschur[0x4c7e95]
[genoahost089:581683] [ 9] /direct/sdcc+u/poare/Grid/build/examples/./Example_spec_kryschur[0x4b5f4f]
[genoahost089:581683] [10] /direct/sdcc+u/poare/Grid/build/examples/./Example_spec_kryschur[0x41180d]
[genoahost089:581683] [11] /lib64/libc.so.6(+0x2a610)[0x15488762a610]
[genoahost089:581683] [12] /lib64/libc.so.6(__libc_start_main+0x80)[0x15488762a6c0]
[genoahost089:581683] [13] /direct/sdcc+u/poare/Grid/build/examples/./Example_spec_kryschur[0x4147f5]
[genoahost089:581683] *** End of error message ***

__|__|__|__|__|__|__|__|__|__|__|__|__|__|__
__|__|__|__|__|__|__|__|__|__|__|__|__|__|__
__|_ |  |  |  |  |  |  |  |  |  |  |  | _|__
__|_                                    _|__
__|_   GGGG    RRRR    III    DDDD      _|__
__|_  G        R   R    I     D   D     _|__
__|_  G        R   R    I     D    D    _|__
__|_  G  GG    RRRR     I     D    D    _|__
__|_  G   G    R  R     I     D   D     _|__
__|_   GGGG    R   R   III    DDDD      _|__
__|_                                    _|__
__|__|__|__|__|__|__|__|__|__|__|__|__|__|__
__|__|__|__|__|__|__|__|__|__|__|__|__|__|__
  |  |  |  |  |  |  |  |  |  |  |  |  |  |  


Copyright (C) 2015 Peter Boyle, Azusa Yamaguchi, Guido Cossu, Antonin Portelli and other authors

This program is free software; you can redistribute it and/or modify
it under the terms of the GNU General Public License as published by
the Free Software Foundation; either version 2 of the License, or
(at your option) any later version.

This program is distributed in the hope that it will be useful,
but WITHOUT ANY WARRANTY; without even the implied warranty of
MERCHANTABILITY or FITNESS FOR A PARTICULAR PURPOSE.  See the
GNU General Public License for more details.
Current Grid git commit hash=82d411ca7bb8ec4a5b5c3815df23674cfd291070: (HEAD -> develop, origin/develop, origin/HEAD) clean

Grid : Message : ================================================ 
Grid : Message : MPI is initialised and logging filters activated 
Grid : Message : ================================================ 
Grid : Message : This rank is running on host genoahost089.sdcc.bnl.local at local time 2026-03-04 12:29:48
Grid : Message : Requested 17179869184 byte stencil comms buffers 
Grid : Message : MemoryManager::Init() setting up
Grid : Message : MemoryManager::Init() cache pool for recent host   allocations: SMALL 8 LARGE 2 HUGE 0
Grid : Message : MemoryManager::Init() cache pool for recent device allocations: SMALL 16 LARGE 8 Huge 0
Grid : Message : MemoryManager::Init() cache pool for recent shared allocations: SMALL 16 LARGE 8 Huge 0
Grid : Message : MemoryManager::Init() Unified memory space
Sorting eigenvalues using EvalReSmall
Lattice size: [32 32 32 32]
Example_spec_kryschur: ../../Grid/communicator/SharedMemoryMPI.cc:434: static void Grid::GlobalSharedMemory::OptimalCommunicatorSharedMemory(const Coordinate&, ompi_communicator_t*&, Grid::Coordinate&): Assertion `WorldSize==Nprocessors' failed.
[genoahost089:581694] *** Process received signal ***
[genoahost089:581694] Signal: Aborted (6)
[genoahost089:581694] Signal code:  (-6)
[genoahost089:581694] [ 0] /lib64/libc.so.6(+0x3fc30)[0x14b9af23fc30]
[genoahost089:581694] [ 1] /lib64/libc.so.6(+0x8d02c)[0x14b9af28d02c]
[genoahost089:581694] [ 2] /lib64/libc.so.6(raise+0x16)[0x14b9af23fb86]
[genoahost089:581694] [ 3] /lib64/libc.so.6(abort+0xd3)[0x14b9af229873]
[genoahost089:581694] [ 4] /lib64/libc.so.6(+0x2979b)[0x14b9af22979b]
[genoahost089:581694] [ 5] /lib64/libc.so.6(+0x388c6)[0x14b9af2388c6]
[genoahost089:581694] [ 6] /direct/sdcc+u/poare/Grid/build/examples/./Example_spec_kryschur[0x4cc206]
[genoahost089:581694] [ 7] /direct/sdcc+u/poare/Grid/build/examples/./Example_spec_kryschur[0x4cc2f1]
[genoahost089:581694] [ 8] /direct/sdcc+u/poare/Grid/build/examples/./Example_spec_kryschur[0x4c7e95]
[genoahost089:581694] [ 9] /direct/sdcc+u/poare/Grid/build/examples/./Example_spec_kryschur[0x4b5f4f]
[genoahost089:581694] [10] /direct/sdcc+u/poare/Grid/build/examples/./Example_spec_kryschur[0x41180d]
[genoahost089:581694] [11] /lib64/libc.so.6(+0x2a610)[0x14b9af22a610]
[genoahost089:581694] [12] /lib64/libc.so.6(__libc_start_main+0x80)[0x14b9af22a6c0]
[genoahost089:581694] [13] /direct/sdcc+u/poare/Grid/build/examples/./Example_spec_kryschur[0x4147f5]
[genoahost089:581694] *** End of error message ***

__|__|__|__|__|__|__|__|__|__|__|__|__|__|__
__|__|__|__|__|__|__|__|__|__|__|__|__|__|__
__|_ |  |  |  |  |  |  |  |  |  |  |  | _|__
__|_                                    _|__
__|_   GGGG    RRRR    III    DDDD      _|__
__|_  G        R   R    I     D   D     _|__
__|_  G        R   R    I     D    D    _|__
__|_  G  GG    RRRR     I     D    D    _|__
__|_  G   G    R  R     I     D   D     _|__
__|_   GGGG    R   R   III    DDDD      _|__
__|_                                    _|__
__|__|__|__|__|__|__|__|__|__|__|__|__|__|__
__|__|__|__|__|__|__|__|__|__|__|__|__|__|__
  |  |  |  |  |  |  |  |  |  |  |  |  |  |  


Copyright (C) 2015 Peter Boyle, Azusa Yamaguchi, Guido Cossu, Antonin Portelli and other authors

This program is free software; you can redistribute it and/or modify
it under the terms of the GNU General Public License as published by
the Free Software Foundation; either version 2 of the License, or
(at your option) any later version.

This program is distributed in the hope that it will be useful,
but WITHOUT ANY WARRANTY; without even the implied warranty of
MERCHANTABILITY or FITNESS FOR A PARTICULAR PURPOSE.  See the
GNU General Public License for more details.
Current Grid git commit hash=82d411ca7bb8ec4a5b5c3815df23674cfd291070: (HEAD -> develop, origin/develop, origin/HEAD) clean

Grid : Message : ================================================ 
Grid : Message : MPI is initialised and logging filters activated 
Grid : Message : ================================================ 
Grid : Message : This rank is running on host genoahost089.sdcc.bnl.local at local time 2026-03-04 12:29:48
Grid : Message : Requested 17179869184 byte stencil comms buffers 
Grid : Message : MemoryManager::Init() setting up
Grid : Message : MemoryManager::Init() cache pool for recent host   allocations: SMALL 8 LARGE 2 HUGE 0
Grid : Message : MemoryManager::Init() cache pool for recent device allocations: SMALL 16 LARGE 8 Huge 0
Grid : Message : MemoryManager::Init() cache pool for recent shared allocations: SMALL 16 LARGE 8 Huge 0
Grid : Message : MemoryManager::Init() Unified memory space
Sorting eigenvalues using EvalReSmall
Lattice size: [32 32 32 32]
Example_spec_kryschur: ../../Grid/communicator/SharedMemoryMPI.cc:434: static void Grid::GlobalSharedMemory::OptimalCommunicatorSharedMemory(const Coordinate&, ompi_communicator_t*&, Grid::Coordinate&): Assertion `WorldSize==Nprocessors' failed.
[genoahost089:581692] *** Process received signal ***
[genoahost089:581692] Signal: Aborted (6)
[genoahost089:581692] Signal code:  (-6)
[genoahost089:581692] [ 0] /lib64/libc.so.6(+0x3fc30)[0x1459b543fc30]
[genoahost089:581692] [ 1] /lib64/libc.so.6(+0x8d02c)[0x1459b548d02c]
[genoahost089:581692] [ 2] /lib64/libc.so.6(raise+0x16)[0x1459b543fb86]
[genoahost089:581692] [ 3] /lib64/libc.so.6(abort+0xd3)[0x1459b5429873]
[genoahost089:581692] [ 4] /lib64/libc.so.6(+0x2979b)[0x1459b542979b]
[genoahost089:581692] [ 5] /lib64/libc.so.6(+0x388c6)[0x1459b54388c6]
[genoahost089:581692] [ 6] /direct/sdcc+u/poare/Grid/build/examples/./Example_spec_kryschur[0x4cc206]
[genoahost089:581692] [ 7] /direct/sdcc+u/poare/Grid/build/examples/./Example_spec_kryschur[0x4cc2f1]
[genoahost089:581692] [ 8] /direct/sdcc+u/poare/Grid/build/examples/./Example_spec_kryschur[0x4c7e95]
[genoahost089:581692] [ 9] /direct/sdcc+u/poare/Grid/build/examples/./Example_spec_kryschur[0x4b5f4f]
[genoahost089:581692] [10] /direct/sdcc+u/poare/Grid/build/examples/./Example_spec_kryschur[0x41180d]
[genoahost089:581692] [11] /lib64/libc.so.6(+0x2a610)[0x1459b542a610]
[genoahost089:581692] [12] /lib64/libc.so.6(__libc_start_main+0x80)[0x1459b542a6c0]
[genoahost089:581692] [13] /direct/sdcc+u/poare/Grid/build/examples/./Example_spec_kryschur[0x4147f5]
[genoahost089:581692] *** End of error message ***

__|__|__|__|__|__|__|__|__|__|__|__|__|__|__
__|__|__|__|__|__|__|__|__|__|__|__|__|__|__
__|_ |  |  |  |  |  |  |  |  |  |  |  | _|__
__|_                                    _|__
__|_   GGGG    RRRR    III    DDDD      _|__
__|_  G        R   R    I     D   D     _|__
__|_  G        R   R    I     D    D    _|__
__|_  G  GG    RRRR     I     D    D    _|__
__|_  G   G    R  R     I     D   D     _|__
__|_   GGGG    R   R   III    DDDD      _|__
__|_                                    _|__
__|__|__|__|__|__|__|__|__|__|__|__|__|__|__
__|__|__|__|__|__|__|__|__|__|__|__|__|__|__
  |  |  |  |  |  |  |  |  |  |  |  |  |  |  


Copyright (C) 2015 Peter Boyle, Azusa Yamaguchi, Guido Cossu, Antonin Portelli and other authors

This program is free software; you can redistribute it and/or modify
it under the terms of the GNU General Public License as published by
the Free Software Foundation; either version 2 of the License, or
(at your option) any later version.

This program is distributed in the hope that it will be useful,
but WITHOUT ANY WARRANTY; without even the implied warranty of
MERCHANTABILITY or FITNESS FOR A PARTICULAR PURPOSE.  See the
GNU General Public License for more details.
Current Grid git commit hash=82d411ca7bb8ec4a5b5c3815df23674cfd291070: (HEAD -> develop, origin/develop, origin/HEAD) clean

Grid : Message : ================================================ 
Grid : Message : MPI is initialised and logging filters activated 
Grid : Message : ================================================ 
Grid : Message : This rank is running on host genoahost089.sdcc.bnl.local at local time 2026-03-04 12:29:48
Grid : Message : Requested 17179869184 byte stencil comms buffers 
Grid : Message : MemoryManager::Init() setting up
Grid : Message : MemoryManager::Init() cache pool for recent host   allocations: SMALL 8 LARGE 2 HUGE 0
Grid : Message : MemoryManager::Init() cache pool for recent device allocations: SMALL 16 LARGE 8 Huge 0
Grid : Message : MemoryManager::Init() cache pool for recent shared allocations: SMALL 16 LARGE 8 Huge 0
Grid : Message : MemoryManager::Init() Unified memory space
Sorting eigenvalues using EvalReSmall
Lattice size: [32 32 32 32]
Example_spec_kryschur: ../../Grid/communicator/SharedMemoryMPI.cc:434: static void Grid::GlobalSharedMemory::OptimalCommunicatorSharedMemory(const Coordinate&, ompi_communicator_t*&, Grid::Coordinate&): Assertion `WorldSize==Nprocessors' failed.
[genoahost089:581689] *** Process received signal ***
[genoahost089:581689] Signal: Aborted (6)
[genoahost089:581689] Signal code:  (-6)
[genoahost089:581689] [ 0] /lib64/libc.so.6(+0x3fc30)[0x15318ca3fc30]
[genoahost089:581689] [ 1] /lib64/libc.so.6(+0x8d02c)[0x15318ca8d02c]
[genoahost089:581689] [ 2] /lib64/libc.so.6(raise+0x16)[0x15318ca3fb86]
[genoahost089:581689] [ 3] /lib64/libc.so.6(abort+0xd3)[0x15318ca29873]
[genoahost089:581689] [ 4] /lib64/libc.so.6(+0x2979b)[0x15318ca2979b]
[genoahost089:581689] [ 5] /lib64/libc.so.6(+0x388c6)[0x15318ca388c6]
[genoahost089:581689] [ 6] /direct/sdcc+u/poare/Grid/build/examples/./Example_spec_kryschur[0x4cc206]
[genoahost089:581689] [ 7] /direct/sdcc+u/poare/Grid/build/examples/./Example_spec_kryschur[0x4cc2f1]
[genoahost089:581689] [ 8] /direct/sdcc+u/poare/Grid/build/examples/./Example_spec_kryschur[0x4c7e95]
[genoahost089:581689] [ 9] /direct/sdcc+u/poare/Grid/build/examples/./Example_spec_kryschur[0x4b5f4f]
[genoahost089:581689] [10] /direct/sdcc+u/poare/Grid/build/examples/./Example_spec_kryschur[0x41180d]
[genoahost089:581689] [11] /lib64/libc.so.6(+0x2a610)[0x15318ca2a610]
[genoahost089:581689] [12] /lib64/libc.so.6(__libc_start_main+0x80)[0x15318ca2a6c0]
[genoahost089:581689] [13] /direct/sdcc+u/poare/Grid/build/examples/./Example_spec_kryschur[0x4147f5]
[genoahost089:581689] *** End of error message ***

__|__|__|__|__|__|__|__|__|__|__|__|__|__|__
__|__|__|__|__|__|__|__|__|__|__|__|__|__|__
__|_ |  |  |  |  |  |  |  |  |  |  |  | _|__
__|_                                    _|__
__|_   GGGG    RRRR    III    DDDD      _|__
__|_  G        R   R    I     D   D     _|__
__|_  G        R   R    I     D    D    _|__
__|_  G  GG    RRRR     I     D    D    _|__
__|_  G   G    R  R     I     D   D     _|__
__|_   GGGG    R   R   III    DDDD      _|__
__|_                                    _|__
__|__|__|__|__|__|__|__|__|__|__|__|__|__|__
__|__|__|__|__|__|__|__|__|__|__|__|__|__|__
  |  |  |  |  |  |  |  |  |  |  |  |  |  |  


Copyright (C) 2015 Peter Boyle, Azusa Yamaguchi, Guido Cossu, Antonin Portelli and other authors

This program is free software; you can redistribute it and/or modify
it under the terms of the GNU General Public License as published by
the Free Software Foundation; either version 2 of the License, or
(at your option) any later version.

This program is distributed in the hope that it will be useful,
but WITHOUT ANY WARRANTY; without even the implied warranty of
MERCHANTABILITY or FITNESS FOR A PARTICULAR PURPOSE.  See the
GNU General Public License for more details.
Current Grid git commit hash=82d411ca7bb8ec4a5b5c3815df23674cfd291070: (HEAD -> develop, origin/develop, origin/HEAD) clean

Grid : Message : ================================================ 
Grid : Message : MPI is initialised and logging filters activated 
Grid : Message : ================================================ 
Grid : Message : This rank is running on host genoahost092.sdcc.bnl.local at local time 2026-03-04 12:29:49
Grid : Message : Requested 17179869184 byte stencil comms buffers 
Grid : Message : MemoryManager::Init() setting up
Grid : Message : MemoryManager::Init() cache pool for recent host   allocations: SMALL 8 LARGE 2 HUGE 0
Grid : Message : MemoryManager::Init() cache pool for recent device allocations: SMALL 16 LARGE 8 Huge 0
Grid : Message : MemoryManager::Init() cache pool for recent shared allocations: SMALL 16 LARGE 8 Huge 0
Grid : Message : MemoryManager::Init() Unified memory space
Sorting eigenvalues using EvalReSmall
Lattice size: [32 32 32 32]
Example_spec_kryschur: ../../Grid/communicator/SharedMemoryMPI.cc:434: static void Grid::GlobalSharedMemory::OptimalCommunicatorSharedMemory(const Coordinate&, ompi_communicator_t*&, Grid::Coordinate&): Assertion `WorldSize==Nprocessors' failed.
[genoahost092:2287350] *** Process received signal ***
[genoahost092:2287350] Signal: Aborted (6)
[genoahost092:2287350] Signal code:  (-6)
[genoahost092:2287350] [ 0] /lib64/libc.so.6(+0x3fc30)[0x14fb1a63fc30]
[genoahost092:2287350] [ 1] /lib64/libc.so.6(+0x8d02c)[0x14fb1a68d02c]
[genoahost092:2287350] [ 2] /lib64/libc.so.6(raise+0x16)[0x14fb1a63fb86]
[genoahost092:2287350] [ 3] /lib64/libc.so.6(abort+0xd3)[0x14fb1a629873]
[genoahost092:2287350] [ 4] /lib64/libc.so.6(+0x2979b)[0x14fb1a62979b]
[genoahost092:2287350] [ 5] /lib64/libc.so.6(+0x388c6)[0x14fb1a6388c6]
[genoahost092:2287350] [ 6] /direct/sdcc+u/poare/Grid/build/examples/./Example_spec_kryschur[0x4cc206]
[genoahost092:2287350] [ 7] /direct/sdcc+u/poare/Grid/build/examples/./Example_spec_kryschur[0x4cc2f1]
[genoahost092:2287350] [ 8] /direct/sdcc+u/poare/Grid/build/examples/./Example_spec_kryschur[0x4c7e95]
[genoahost092:2287350] [ 9] /direct/sdcc+u/poare/Grid/build/examples/./Example_spec_kryschur[0x4b5f4f]
[genoahost092:2287350] [10] /direct/sdcc+u/poare/Grid/build/examples/./Example_spec_kryschur[0x41180d]
[genoahost092:2287350] [11] /lib64/libc.so.6(+0x2a610)[0x14fb1a62a610]
[genoahost092:2287350] [12] /lib64/libc.so.6(__libc_start_main+0x80)[0x14fb1a62a6c0]
[genoahost092:2287350] [13] /direct/sdcc+u/poare/Grid/build/examples/./Example_spec_kryschur[0x4147f5]
[genoahost092:2287350] *** End of error message ***

__|__|__|__|__|__|__|__|__|__|__|__|__|__|__
__|__|__|__|__|__|__|__|__|__|__|__|__|__|__
__|_ |  |  |  |  |  |  |  |  |  |  |  | _|__
__|_                                    _|__
__|_   GGGG    RRRR    III    DDDD      _|__
__|_  G        R   R    I     D   D     _|__
__|_  G        R   R    I     D    D    _|__
__|_  G  GG    RRRR     I     D    D    _|__
__|_  G   G    R  R     I     D   D     _|__
__|_   GGGG    R   R   III    DDDD      _|__
__|_                                    _|__
__|__|__|__|__|__|__|__|__|__|__|__|__|__|__
__|__|__|__|__|__|__|__|__|__|__|__|__|__|__
  |  |  |  |  |  |  |  |  |  |  |  |  |  |  


Copyright (C) 2015 Peter Boyle, Azusa Yamaguchi, Guido Cossu, Antonin Portelli and other authors

This program is free software; you can redistribute it and/or modify
it under the terms of the GNU General Public License as published by
the Free Software Foundation; either version 2 of the License, or
(at your option) any later version.

This program is distributed in the hope that it will be useful,
but WITHOUT ANY WARRANTY; without even the implied warranty of
MERCHANTABILITY or FITNESS FOR A PARTICULAR PURPOSE.  See the
GNU General Public License for more details.
Current Grid git commit hash=82d411ca7bb8ec4a5b5c3815df23674cfd291070: (HEAD -> develop, origin/develop, origin/HEAD) clean

Grid : Message : ================================================ 
Grid : Message : MPI is initialised and logging filters activated 
Grid : Message : ================================================ 
Grid : Message : This rank is running on host genoahost092.sdcc.bnl.local at local time 2026-03-04 12:29:49
Grid : Message : Requested 17179869184 byte stencil comms buffers 
Grid : Message : MemoryManager::Init() setting up
Grid : Message : MemoryManager::Init() cache pool for recent host   allocations: SMALL 8 LARGE 2 HUGE 0
Grid : Message : MemoryManager::Init() cache pool for recent device allocations: SMALL 16 LARGE 8 Huge 0
Grid : Message : MemoryManager::Init() cache pool for recent shared allocations: SMALL 16 LARGE 8 Huge 0
Grid : Message : MemoryManager::Init() Unified memory space
Sorting eigenvalues using EvalReSmall
Lattice size: [32 32 32 32]
Example_spec_kryschur: ../../Grid/communicator/SharedMemoryMPI.cc:434: static void Grid::GlobalSharedMemory::OptimalCommunicatorSharedMemory(const Coordinate&, ompi_communicator_t*&, Grid::Coordinate&): Assertion `WorldSize==Nprocessors' failed.
[genoahost092:2287352] *** Process received signal ***
[genoahost092:2287352] Signal: Aborted (6)
[genoahost092:2287352] Signal code:  (-6)
[genoahost092:2287352] [ 0] /lib64/libc.so.6(+0x3fc30)[0x15037a63fc30]
[genoahost092:2287352] [ 1] /lib64/libc.so.6(+0x8d02c)[0x15037a68d02c]
[genoahost092:2287352] [ 2] /lib64/libc.so.6(raise+0x16)[0x15037a63fb86]
[genoahost092:2287352] [ 3] /lib64/libc.so.6(abort+0xd3)[0x15037a629873]
[genoahost092:2287352] [ 4] /lib64/libc.so.6(+0x2979b)[0x15037a62979b]
[genoahost092:2287352] [ 5] /lib64/libc.so.6(+0x388c6)[0x15037a6388c6]
[genoahost092:2287352] [ 6] /direct/sdcc+u/poare/Grid/build/examples/./Example_spec_kryschur[0x4cc206]
[genoahost092:2287352] [ 7] /direct/sdcc+u/poare/Grid/build/examples/./Example_spec_kryschur[0x4cc2f1]
[genoahost092:2287352] [ 8] /direct/sdcc+u/poare/Grid/build/examples/./Example_spec_kryschur[0x4c7e95]
[genoahost092:2287352] [ 9] /direct/sdcc+u/poare/Grid/build/examples/./Example_spec_kryschur[0x4b5f4f]
[genoahost092:2287352] [10] /direct/sdcc+u/poare/Grid/build/examples/./Example_spec_kryschur[0x41180d]
[genoahost092:2287352] [11] /lib64/libc.so.6(+0x2a610)[0x15037a62a610]
[genoahost092:2287352] [12] /lib64/libc.so.6(__libc_start_main+0x80)[0x15037a62a6c0]
[genoahost092:2287352] [13] /direct/sdcc+u/poare/Grid/build/examples/./Example_spec_kryschur[0x4147f5]
[genoahost092:2287352] *** End of error message ***

__|__|__|__|__|__|__|__|__|__|__|__|__|__|__
__|__|__|__|__|__|__|__|__|__|__|__|__|__|__
__|_ |  |  |  |  |  |  |  |  |  |  |  | _|__
__|_                                    _|__
__|_   GGGG    RRRR    III    DDDD      _|__
__|_  G        R   R    I     D   D     _|__
__|_  G        R   R    I     D    D    _|__
__|_  G  GG    RRRR     I     D    D    _|__
__|_  G   G    R  R     I     D   D     _|__
__|_   GGGG    R   R   III    DDDD      _|__
__|_                                    _|__
__|__|__|__|__|__|__|__|__|__|__|__|__|__|__
__|__|__|__|__|__|__|__|__|__|__|__|__|__|__
  |  |  |  |  |  |  |  |  |  |  |  |  |  |  


Copyright (C) 2015 Peter Boyle, Azusa Yamaguchi, Guido Cossu, Antonin Portelli and other authors

This program is free software; you can redistribute it and/or modify
it under the terms of the GNU General Public License as published by
the Free Software Foundation; either version 2 of the License, or
(at your option) any later version.

This program is distributed in the hope that it will be useful,
but WITHOUT ANY WARRANTY; without even the implied warranty of
MERCHANTABILITY or FITNESS FOR A PARTICULAR PURPOSE.  See the
GNU General Public License for more details.
Current Grid git commit hash=82d411ca7bb8ec4a5b5c3815df23674cfd291070: (HEAD -> develop, origin/develop, origin/HEAD) clean

Grid : Message : ================================================ 
Grid : Message : MPI is initialised and logging filters activated 
Grid : Message : ================================================ 
Grid : Message : This rank is running on host genoahost089.sdcc.bnl.local at local time 2026-03-04 12:29:49
Grid : Message : Requested 17179869184 byte stencil comms buffers 
Grid : Message : MemoryManager::Init() setting up
Grid : Message : MemoryManager::Init() cache pool for recent host   allocations: SMALL 8 LARGE 2 HUGE 0
Grid : Message : MemoryManager::Init() cache pool for recent device allocations: SMALL 16 LARGE 8 Huge 0
Grid : Message : MemoryManager::Init() cache pool for recent shared allocations: SMALL 16 LARGE 8 Huge 0
Grid : Message : MemoryManager::Init() Unified memory space
Sorting eigenvalues using EvalReSmall
Lattice size: [32 32 32 32]
Example_spec_kryschur: ../../Grid/communicator/SharedMemoryMPI.cc:434: static void Grid::GlobalSharedMemory::OptimalCommunicatorSharedMemory(const Coordinate&, ompi_communicator_t*&, Grid::Coordinate&): Assertion `WorldSize==Nprocessors' failed.
[genoahost089:581686] *** Process received signal ***
[genoahost089:581686] Signal: Aborted (6)
[genoahost089:581686] Signal code:  (-6)
[genoahost089:581686] [ 0] /lib64/libc.so.6(+0x3fc30)[0x15284cc3fc30]
[genoahost089:581686] [ 1] /lib64/libc.so.6(+0x8d02c)[0x15284cc8d02c]
[genoahost089:581686] [ 2] /lib64/libc.so.6(raise+0x16)[0x15284cc3fb86]
[genoahost089:581686] [ 3] /lib64/libc.so.6(abort+0xd3)[0x15284cc29873]
[genoahost089:581686] [ 4] /lib64/libc.so.6(+0x2979b)[0x15284cc2979b]
[genoahost089:581686] [ 5] /lib64/libc.so.6(+0x388c6)[0x15284cc388c6]
[genoahost089:581686] [ 6] /direct/sdcc+u/poare/Grid/build/examples/./Example_spec_kryschur[0x4cc206]
[genoahost089:581686] [ 7] /direct/sdcc+u/poare/Grid/build/examples/./Example_spec_kryschur[0x4cc2f1]
[genoahost089:581686] [ 8] /direct/sdcc+u/poare/Grid/build/examples/./Example_spec_kryschur[0x4c7e95]
[genoahost089:581686] [ 9] /direct/sdcc+u/poare/Grid/build/examples/./Example_spec_kryschur[0x4b5f4f]
[genoahost089:581686] [10] /direct/sdcc+u/poare/Grid/build/examples/./Example_spec_kryschur[0x41180d]
[genoahost089:581686] [11] /lib64/libc.so.6(+0x2a610)[0x15284cc2a610]
[genoahost089:581686] [12] /lib64/libc.so.6(__libc_start_main+0x80)[0x15284cc2a6c0]
[genoahost089:581686] [13] /direct/sdcc+u/poare/Grid/build/examples/./Example_spec_kryschur[0x4147f5]
[genoahost089:581686] *** End of error message ***

__|__|__|__|__|__|__|__|__|__|__|__|__|__|__
__|__|__|__|__|__|__|__|__|__|__|__|__|__|__
__|_ |  |  |  |  |  |  |  |  |  |  |  | _|__
__|_                                    _|__
__|_   GGGG    RRRR    III    DDDD      _|__
__|_  G        R   R    I     D   D     _|__
__|_  G        R   R    I     D    D    _|__
__|_  G  GG    RRRR     I     D    D    _|__
__|_  G   G    R  R     I     D   D     _|__
__|_   GGGG    R   R   III    DDDD      _|__
__|_                                    _|__
__|__|__|__|__|__|__|__|__|__|__|__|__|__|__
__|__|__|__|__|__|__|__|__|__|__|__|__|__|__
  |  |  |  |  |  |  |  |  |  |  |  |  |  |  


Copyright (C) 2015 Peter Boyle, Azusa Yamaguchi, Guido Cossu, Antonin Portelli and other authors

This program is free software; you can redistribute it and/or modify
it under the terms of the GNU General Public License as published by
the Free Software Foundation; either version 2 of the License, or
(at your option) any later version.

This program is distributed in the hope that it will be useful,
but WITHOUT ANY WARRANTY; without even the implied warranty of
MERCHANTABILITY or FITNESS FOR A PARTICULAR PURPOSE.  See the
GNU General Public License for more details.
Current Grid git commit hash=82d411ca7bb8ec4a5b5c3815df23674cfd291070: (HEAD -> develop, origin/develop, origin/HEAD) clean

Grid : Message : ================================================ 
Grid : Message : MPI is initialised and logging filters activated 
Grid : Message : ================================================ 
Grid : Message : This rank is running on host genoahost092.sdcc.bnl.local at local time 2026-03-04 12:29:49
Grid : Message : Requested 17179869184 byte stencil comms buffers 
Grid : Message : MemoryManager::Init() setting up
Grid : Message : MemoryManager::Init() cache pool for recent host   allocations: SMALL 8 LARGE 2 HUGE 0
Grid : Message : MemoryManager::Init() cache pool for recent device allocations: SMALL 16 LARGE 8 Huge 0
Grid : Message : MemoryManager::Init() cache pool for recent shared allocations: SMALL 16 LARGE 8 Huge 0
Grid : Message : MemoryManager::Init() Unified memory space
Sorting eigenvalues using EvalReSmall
Lattice size: [32 32 32 32]
Example_spec_kryschur: ../../Grid/communicator/SharedMemoryMPI.cc:434: static void Grid::GlobalSharedMemory::OptimalCommunicatorSharedMemory(const Coordinate&, ompi_communicator_t*&, Grid::Coordinate&): Assertion `WorldSize==Nprocessors' failed.
[genoahost092:2287365] *** Process received signal ***
[genoahost092:2287365] Signal: Aborted (6)
[genoahost092:2287365] Signal code:  (-6)
[genoahost092:2287365] [ 0] /lib64/libc.so.6(+0x3fc30)[0x14657d43fc30]
[genoahost092:2287365] [ 1] /lib64/libc.so.6(+0x8d02c)[0x14657d48d02c]
[genoahost092:2287365] [ 2] /lib64/libc.so.6(raise+0x16)[0x14657d43fb86]
[genoahost092:2287365] [ 3] /lib64/libc.so.6(abort+0xd3)[0x14657d429873]
[genoahost092:2287365] [ 4] /lib64/libc.so.6(+0x2979b)[0x14657d42979b]
[genoahost092:2287365] [ 5] /lib64/libc.so.6(+0x388c6)[0x14657d4388c6]
[genoahost092:2287365] [ 6] /direct/sdcc+u/poare/Grid/build/examples/./Example_spec_kryschur[0x4cc206]
[genoahost092:2287365] [ 7] /direct/sdcc+u/poare/Grid/build/examples/./Example_spec_kryschur[0x4cc2f1]
[genoahost092:2287365] [ 8] /direct/sdcc+u/poare/Grid/build/examples/./Example_spec_kryschur[0x4c7e95]
[genoahost092:2287365] [ 9] /direct/sdcc+u/poare/Grid/build/examples/./Example_spec_kryschur[0x4b5f4f]
[genoahost092:2287365] [10] /direct/sdcc+u/poare/Grid/build/examples/./Example_spec_kryschur[0x41180d]
[genoahost092:2287365] [11] /lib64/libc.so.6(+0x2a610)[0x14657d42a610]
[genoahost092:2287365] [12] /lib64/libc.so.6(__libc_start_main+0x80)[0x14657d42a6c0]
[genoahost092:2287365] [13] /direct/sdcc+u/poare/Grid/build/examples/./Example_spec_kryschur[0x4147f5]
[genoahost092:2287365] *** End of error message ***

__|__|__|__|__|__|__|__|__|__|__|__|__|__|__
__|__|__|__|__|__|__|__|__|__|__|__|__|__|__
__|_ |  |  |  |  |  |  |  |  |  |  |  | _|__
__|_                                    _|__
__|_   GGGG    RRRR    III    DDDD      _|__
__|_  G        R   R    I     D   D     _|__
__|_  G        R   R    I     D    D    _|__
__|_  G  GG    RRRR     I     D    D    _|__
__|_  G   G    R  R     I     D   D     _|__
__|_   GGGG    R   R   III    DDDD      _|__
__|_                                    _|__
__|__|__|__|__|__|__|__|__|__|__|__|__|__|__
__|__|__|__|__|__|__|__|__|__|__|__|__|__|__
  |  |  |  |  |  |  |  |  |  |  |  |  |  |  


Copyright (C) 2015 Peter Boyle, Azusa Yamaguchi, Guido Cossu, Antonin Portelli and other authors

This program is free software; you can redistribute it and/or modify
it under the terms of the GNU General Public License as published by
the Free Software Foundation; either version 2 of the License, or
(at your option) any later version.

This program is distributed in the hope that it will be useful,
but WITHOUT ANY WARRANTY; without even the implied warranty of
MERCHANTABILITY or FITNESS FOR A PARTICULAR PURPOSE.  See the
GNU General Public License for more details.
Current Grid git commit hash=82d411ca7bb8ec4a5b5c3815df23674cfd291070: (HEAD -> develop, origin/develop, origin/HEAD) clean

Grid : Message : ================================================ 
Grid : Message : MPI is initialised and logging filters activated 
Grid : Message : ================================================ 
Grid : Message : This rank is running on host genoahost089.sdcc.bnl.local at local time 2026-03-04 12:29:50
Grid : Message : Requested 17179869184 byte stencil comms buffers 
Grid : Message : MemoryManager::Init() setting up
Grid : Message : MemoryManager::Init() cache pool for recent host   allocations: SMALL 8 LARGE 2 HUGE 0
Grid : Message : MemoryManager::Init() cache pool for recent device allocations: SMALL 16 LARGE 8 Huge 0
Grid : Message : MemoryManager::Init() cache pool for recent shared allocations: SMALL 16 LARGE 8 Huge 0
Grid : Message : MemoryManager::Init() Unified memory space
Sorting eigenvalues using EvalReSmall
Lattice size: [32 32 32 32]
Example_spec_kryschur: ../../Grid/communicator/SharedMemoryMPI.cc:434: static void Grid::GlobalSharedMemory::OptimalCommunicatorSharedMemory(const Coordinate&, ompi_communicator_t*&, Grid::Coordinate&): Assertion `WorldSize==Nprocessors' failed.
[genoahost089:581684] *** Process received signal ***
[genoahost089:581684] Signal: Aborted (6)
[genoahost089:581684] Signal code:  (-6)
[genoahost089:581684] [ 0] /lib64/libc.so.6(+0x3fc30)[0x1461faa3fc30]
[genoahost089:581684] [ 1] /lib64/libc.so.6(+0x8d02c)[0x1461faa8d02c]
[genoahost089:581684] [ 2] /lib64/libc.so.6(raise+0x16)[0x1461faa3fb86]
[genoahost089:581684] [ 3] /lib64/libc.so.6(abort+0xd3)[0x1461faa29873]
[genoahost089:581684] [ 4] /lib64/libc.so.6(+0x2979b)[0x1461faa2979b]
[genoahost089:581684] [ 5] /lib64/libc.so.6(+0x388c6)[0x1461faa388c6]
[genoahost089:581684] [ 6] /direct/sdcc+u/poare/Grid/build/examples/./Example_spec_kryschur[0x4cc206]
[genoahost089:581684] [ 7] /direct/sdcc+u/poare/Grid/build/examples/./Example_spec_kryschur[0x4cc2f1]
[genoahost089:581684] [ 8] /direct/sdcc+u/poare/Grid/build/examples/./Example_spec_kryschur[0x4c7e95]
[genoahost089:581684] [ 9] /direct/sdcc+u/poare/Grid/build/examples/./Example_spec_kryschur[0x4b5f4f]
[genoahost089:581684] [10] /direct/sdcc+u/poare/Grid/build/examples/./Example_spec_kryschur[0x41180d]
[genoahost089:581684] [11] /lib64/libc.so.6(+0x2a610)[0x1461faa2a610]
[genoahost089:581684] [12] /lib64/libc.so.6(__libc_start_main+0x80)[0x1461faa2a6c0]
[genoahost089:581684] [13] /direct/sdcc+u/poare/Grid/build/examples/./Example_spec_kryschur[0x4147f5]
[genoahost089:581684] *** End of error message ***

__|__|__|__|__|__|__|__|__|__|__|__|__|__|__
__|__|__|__|__|__|__|__|__|__|__|__|__|__|__
__|_ |  |  |  |  |  |  |  |  |  |  |  | _|__
__|_                                    _|__
__|_   GGGG    RRRR    III    DDDD      _|__
__|_  G        R   R    I     D   D     _|__
__|_  G        R   R    I     D    D    _|__
__|_  G  GG    RRRR     I     D    D    _|__
__|_  G   G    R  R     I     D   D     _|__
__|_   GGGG    R   R   III    DDDD      _|__
__|_                                    _|__
__|__|__|__|__|__|__|__|__|__|__|__|__|__|__
__|__|__|__|__|__|__|__|__|__|__|__|__|__|__
  |  |  |  |  |  |  |  |  |  |  |  |  |  |  


Copyright (C) 2015 Peter Boyle, Azusa Yamaguchi, Guido Cossu, Antonin Portelli and other authors

This program is free software; you can redistribute it and/or modify
it under the terms of the GNU General Public License as published by
the Free Software Foundation; either version 2 of the License, or
(at your option) any later version.

This program is distributed in the hope that it will be useful,
but WITHOUT ANY WARRANTY; without even the implied warranty of
MERCHANTABILITY or FITNESS FOR A PARTICULAR PURPOSE.  See the
GNU General Public License for more details.
Current Grid git commit hash=82d411ca7bb8ec4a5b5c3815df23674cfd291070: (HEAD -> develop, origin/develop, origin/HEAD) clean

Grid : Message : ================================================ 
Grid : Message : MPI is initialised and logging filters activated 
Grid : Message : ================================================ 
Grid : Message : This rank is running on host genoahost092.sdcc.bnl.local at local time 2026-03-04 12:29:50
Grid : Message : Requested 17179869184 byte stencil comms buffers 
Grid : Message : MemoryManager::Init() setting up
Grid : Message : MemoryManager::Init() cache pool for recent host   allocations: SMALL 8 LARGE 2 HUGE 0
Grid : Message : MemoryManager::Init() cache pool for recent device allocations: SMALL 16 LARGE 8 Huge 0
Grid : Message : MemoryManager::Init() cache pool for recent shared allocations: SMALL 16 LARGE 8 Huge 0
Grid : Message : MemoryManager::Init() Unified memory space
Sorting eigenvalues using EvalReSmall
Lattice size: [32 32 32 32]
Example_spec_kryschur: ../../Grid/communicator/SharedMemoryMPI.cc:434: static void Grid::GlobalSharedMemory::OptimalCommunicatorSharedMemory(const Coordinate&, ompi_communicator_t*&, Grid::Coordinate&): Assertion `WorldSize==Nprocessors' failed.
[genoahost092:2287354] *** Process received signal ***
[genoahost092:2287354] Signal: Aborted (6)
[genoahost092:2287354] Signal code:  (-6)
[genoahost092:2287354] [ 0] /lib64/libc.so.6(+0x3fc30)[0x14838783fc30]
[genoahost092:2287354] [ 1] /lib64/libc.so.6(+0x8d02c)[0x14838788d02c]
[genoahost092:2287354] [ 2] /lib64/libc.so.6(raise+0x16)[0x14838783fb86]
[genoahost092:2287354] [ 3] /lib64/libc.so.6(abort+0xd3)[0x148387829873]
[genoahost092:2287354] [ 4] /lib64/libc.so.6(+0x2979b)[0x14838782979b]
[genoahost092:2287354] [ 5] /lib64/libc.so.6(+0x388c6)[0x1483878388c6]
[genoahost092:2287354] [ 6] /direct/sdcc+u/poare/Grid/build/examples/./Example_spec_kryschur[0x4cc206]
[genoahost092:2287354] [ 7] /direct/sdcc+u/poare/Grid/build/examples/./Example_spec_kryschur[0x4cc2f1]
[genoahost092:2287354] [ 8] /direct/sdcc+u/poare/Grid/build/examples/./Example_spec_kryschur[0x4c7e95]
[genoahost092:2287354] [ 9] /direct/sdcc+u/poare/Grid/build/examples/./Example_spec_kryschur[0x4b5f4f]
[genoahost092:2287354] [10] /direct/sdcc+u/poare/Grid/build/examples/./Example_spec_kryschur[0x41180d]
[genoahost092:2287354] [11] /lib64/libc.so.6(+0x2a610)[0x14838782a610]
[genoahost092:2287354] [12] /lib64/libc.so.6(__libc_start_main+0x80)[0x14838782a6c0]
[genoahost092:2287354] [13] /direct/sdcc+u/poare/Grid/build/examples/./Example_spec_kryschur[0x4147f5]
[genoahost092:2287354] *** End of error message ***

__|__|__|__|__|__|__|__|__|__|__|__|__|__|__
__|__|__|__|__|__|__|__|__|__|__|__|__|__|__
__|_ |  |  |  |  |  |  |  |  |  |  |  | _|__
__|_                                    _|__
__|_   GGGG    RRRR    III    DDDD      _|__
__|_  G        R   R    I     D   D     _|__
__|_  G        R   R    I     D    D    _|__
__|_  G  GG    RRRR     I     D    D    _|__
__|_  G   G    R  R     I     D   D     _|__
__|_   GGGG    R   R   III    DDDD      _|__
__|_                                    _|__
__|__|__|__|__|__|__|__|__|__|__|__|__|__|__
__|__|__|__|__|__|__|__|__|__|__|__|__|__|__
  |  |  |  |  |  |  |  |  |  |  |  |  |  |  


Copyright (C) 2015 Peter Boyle, Azusa Yamaguchi, Guido Cossu, Antonin Portelli and other authors

This program is free software; you can redistribute it and/or modify
it under the terms of the GNU General Public License as published by
the Free Software Foundation; either version 2 of the License, or
(at your option) any later version.

This program is distributed in the hope that it will be useful,
but WITHOUT ANY WARRANTY; without even the implied warranty of
MERCHANTABILITY or FITNESS FOR A PARTICULAR PURPOSE.  See the
GNU General Public License for more details.
Current Grid git commit hash=82d411ca7bb8ec4a5b5c3815df23674cfd291070: (HEAD -> develop, origin/develop, origin/HEAD) clean

Grid : Message : ================================================ 
Grid : Message : MPI is initialised and logging filters activated 
Grid : Message : ================================================ 
Grid : Message : This rank is running on host genoahost089.sdcc.bnl.local at local time 2026-03-04 12:29:50
Grid : Message : Requested 17179869184 byte stencil comms buffers 
Grid : Message : MemoryManager::Init() setting up
Grid : Message : MemoryManager::Init() cache pool for recent host   allocations: SMALL 8 LARGE 2 HUGE 0
Grid : Message : MemoryManager::Init() cache pool for recent device allocations: SMALL 16 LARGE 8 Huge 0
Grid : Message : MemoryManager::Init() cache pool for recent shared allocations: SMALL 16 LARGE 8 Huge 0
Grid : Message : MemoryManager::Init() Unified memory space
Sorting eigenvalues using EvalReSmall
Lattice size: [32 32 32 32]
Example_spec_kryschur: ../../Grid/communicator/SharedMemoryMPI.cc:434: static void Grid::GlobalSharedMemory::OptimalCommunicatorSharedMemory(const Coordinate&, ompi_communicator_t*&, Grid::Coordinate&): Assertion `WorldSize==Nprocessors' failed.
[genoahost089:581685] *** Process received signal ***
[genoahost089:581685] Signal: Aborted (6)
[genoahost089:581685] Signal code:  (-6)
[genoahost089:581685] [ 0] /lib64/libc.so.6(+0x3fc30)[0x14fe64a3fc30]
[genoahost089:581685] [ 1] /lib64/libc.so.6(+0x8d02c)[0x14fe64a8d02c]
[genoahost089:581685] [ 2] /lib64/libc.so.6(raise+0x16)[0x14fe64a3fb86]
[genoahost089:581685] [ 3] /lib64/libc.so.6(abort+0xd3)[0x14fe64a29873]
[genoahost089:581685] [ 4] /lib64/libc.so.6(+0x2979b)[0x14fe64a2979b]
[genoahost089:581685] [ 5] /lib64/libc.so.6(+0x388c6)[0x14fe64a388c6]
[genoahost089:581685] [ 6] /direct/sdcc+u/poare/Grid/build/examples/./Example_spec_kryschur[0x4cc206]
[genoahost089:581685] [ 7] /direct/sdcc+u/poare/Grid/build/examples/./Example_spec_kryschur[0x4cc2f1]
[genoahost089:581685] [ 8] /direct/sdcc+u/poare/Grid/build/examples/./Example_spec_kryschur[0x4c7e95]
[genoahost089:581685] [ 9] /direct/sdcc+u/poare/Grid/build/examples/./Example_spec_kryschur[0x4b5f4f]
[genoahost089:581685] [10] /direct/sdcc+u/poare/Grid/build/examples/./Example_spec_kryschur[0x41180d]
[genoahost089:581685] [11] /lib64/libc.so.6(+0x2a610)[0x14fe64a2a610]
[genoahost089:581685] [12] /lib64/libc.so.6(__libc_start_main+0x80)[0x14fe64a2a6c0]
[genoahost089:581685] [13] /direct/sdcc+u/poare/Grid/build/examples/./Example_spec_kryschur[0x4147f5]
[genoahost089:581685] *** End of error message ***

__|__|__|__|__|__|__|__|__|__|__|__|__|__|__
__|__|__|__|__|__|__|__|__|__|__|__|__|__|__
__|_ |  |  |  |  |  |  |  |  |  |  |  | _|__
__|_                                    _|__
__|_   GGGG    RRRR    III    DDDD      _|__
__|_  G        R   R    I     D   D     _|__
__|_  G        R   R    I     D    D    _|__
__|_  G  GG    RRRR     I     D    D    _|__
__|_  G   G    R  R     I     D   D     _|__
__|_   GGGG    R   R   III    DDDD      _|__
__|_                                    _|__
__|__|__|__|__|__|__|__|__|__|__|__|__|__|__
__|__|__|__|__|__|__|__|__|__|__|__|__|__|__
  |  |  |  |  |  |  |  |  |  |  |  |  |  |  


Copyright (C) 2015 Peter Boyle, Azusa Yamaguchi, Guido Cossu, Antonin Portelli and other authors

This program is free software; you can redistribute it and/or modify
it under the terms of the GNU General Public License as published by
the Free Software Foundation; either version 2 of the License, or
(at your option) any later version.

This program is distributed in the hope that it will be useful,
but WITHOUT ANY WARRANTY; without even the implied warranty of
MERCHANTABILITY or FITNESS FOR A PARTICULAR PURPOSE.  See the
GNU General Public License for more details.
Current Grid git commit hash=82d411ca7bb8ec4a5b5c3815df23674cfd291070: (HEAD -> develop, origin/develop, origin/HEAD) clean

Grid : Message : ================================================ 
Grid : Message : MPI is initialised and logging filters activated 
Grid : Message : ================================================ 
Grid : Message : This rank is running on host genoahost089.sdcc.bnl.local at local time 2026-03-04 12:29:51
Grid : Message : Requested 17179869184 byte stencil comms buffers 
Grid : Message : MemoryManager::Init() setting up
Grid : Message : MemoryManager::Init() cache pool for recent host   allocations: SMALL 8 LARGE 2 HUGE 0
Grid : Message : MemoryManager::Init() cache pool for recent device allocations: SMALL 16 LARGE 8 Huge 0
Grid : Message : MemoryManager::Init() cache pool for recent shared allocations: SMALL 16 LARGE 8 Huge 0
Grid : Message : MemoryManager::Init() Unified memory space
Sorting eigenvalues using EvalReSmall
Lattice size: [32 32 32 32]
Example_spec_kryschur: ../../Grid/communicator/SharedMemoryMPI.cc:434: static void Grid::GlobalSharedMemory::OptimalCommunicatorSharedMemory(const Coordinate&, ompi_communicator_t*&, Grid::Coordinate&): Assertion `WorldSize==Nprocessors' failed.
[genoahost089:581695] *** Process received signal ***
[genoahost089:581695] Signal: Aborted (6)
[genoahost089:581695] Signal code:  (-6)
[genoahost089:581695] [ 0] /lib64/libc.so.6(+0x3fc30)[0x149aa9a3fc30]
[genoahost089:581695] [ 1] /lib64/libc.so.6(+0x8d02c)[0x149aa9a8d02c]
[genoahost089:581695] [ 2] /lib64/libc.so.6(raise+0x16)[0x149aa9a3fb86]
[genoahost089:581695] [ 3] /lib64/libc.so.6(abort+0xd3)[0x149aa9a29873]
[genoahost089:581695] [ 4] /lib64/libc.so.6(+0x2979b)[0x149aa9a2979b]
[genoahost089:581695] [ 5] /lib64/libc.so.6(+0x388c6)[0x149aa9a388c6]
[genoahost089:581695] [ 6] /direct/sdcc+u/poare/Grid/build/examples/./Example_spec_kryschur[0x4cc206]
[genoahost089:581695] [ 7] /direct/sdcc+u/poare/Grid/build/examples/./Example_spec_kryschur[0x4cc2f1]
[genoahost089:581695] [ 8] /direct/sdcc+u/poare/Grid/build/examples/./Example_spec_kryschur[0x4c7e95]
[genoahost089:581695] [ 9] /direct/sdcc+u/poare/Grid/build/examples/./Example_spec_kryschur[0x4b5f4f]
[genoahost089:581695] [10] /direct/sdcc+u/poare/Grid/build/examples/./Example_spec_kryschur[0x41180d]
[genoahost089:581695] [11] /lib64/libc.so.6(+0x2a610)[0x149aa9a2a610]
[genoahost089:581695] [12] /lib64/libc.so.6(__libc_start_main+0x80)[0x149aa9a2a6c0]
[genoahost089:581695] [13] /direct/sdcc+u/poare/Grid/build/examples/./Example_spec_kryschur[0x4147f5]
[genoahost089:581695] *** End of error message ***

__|__|__|__|__|__|__|__|__|__|__|__|__|__|__
__|__|__|__|__|__|__|__|__|__|__|__|__|__|__
__|_ |  |  |  |  |  |  |  |  |  |  |  | _|__
__|_                                    _|__
__|_   GGGG    RRRR    III    DDDD      _|__
__|_  G        R   R    I     D   D     _|__
__|_  G        R   R    I     D    D    _|__
__|_  G  GG    RRRR     I     D    D    _|__
__|_  G   G    R  R     I     D   D     _|__
__|_   GGGG    R   R   III    DDDD      _|__
__|_                                    _|__
__|__|__|__|__|__|__|__|__|__|__|__|__|__|__
__|__|__|__|__|__|__|__|__|__|__|__|__|__|__
  |  |  |  |  |  |  |  |  |  |  |  |  |  |  


Copyright (C) 2015 Peter Boyle, Azusa Yamaguchi, Guido Cossu, Antonin Portelli and other authors

This program is free software; you can redistribute it and/or modify
it under the terms of the GNU General Public License as published by
the Free Software Foundation; either version 2 of the License, or
(at your option) any later version.

This program is distributed in the hope that it will be useful,
but WITHOUT ANY WARRANTY; without even the implied warranty of
MERCHANTABILITY or FITNESS FOR A PARTICULAR PURPOSE.  See the
GNU General Public License for more details.
Current Grid git commit hash=82d411ca7bb8ec4a5b5c3815df23674cfd291070: (HEAD -> develop, origin/develop, origin/HEAD) clean

Grid : Message : ================================================ 
Grid : Message : MPI is initialised and logging filters activated 
Grid : Message : ================================================ 
Grid : Message : This rank is running on host genoahost095.sdcc.bnl.local at local time 2026-03-04 12:29:51
Grid : Message : Requested 17179869184 byte stencil comms buffers 
Grid : Message : MemoryManager::Init() setting up
Grid : Message : MemoryManager::Init() cache pool for recent host   allocations: SMALL 8 LARGE 2 HUGE 0
Grid : Message : MemoryManager::Init() cache pool for recent device allocations: SMALL 16 LARGE 8 Huge 0
Grid : Message : MemoryManager::Init() cache pool for recent shared allocations: SMALL 16 LARGE 8 Huge 0
Grid : Message : MemoryManager::Init() Unified memory space
Sorting eigenvalues using EvalReSmall
Lattice size: [32 32 32 32]
Example_spec_kryschur: ../../Grid/communicator/SharedMemoryMPI.cc:434: static void Grid::GlobalSharedMemory::OptimalCommunicatorSharedMemory(const Coordinate&, ompi_communicator_t*&, Grid::Coordinate&): Assertion `WorldSize==Nprocessors' failed.
[genoahost095:2396684] *** Process received signal ***
[genoahost095:2396684] Signal: Aborted (6)
[genoahost095:2396684] Signal code:  (-6)
[genoahost095:2396684] [ 0] /lib64/libc.so.6(+0x3fc30)[0x154d5803fc30]
[genoahost095:2396684] [ 1] /lib64/libc.so.6(+0x8d02c)[0x154d5808d02c]
[genoahost095:2396684] [ 2] /lib64/libc.so.6(raise+0x16)[0x154d5803fb86]
[genoahost095:2396684] [ 3] /lib64/libc.so.6(abort+0xd3)[0x154d58029873]
[genoahost095:2396684] [ 4] /lib64/libc.so.6(+0x2979b)[0x154d5802979b]
[genoahost095:2396684] [ 5] /lib64/libc.so.6(+0x388c6)[0x154d580388c6]
[genoahost095:2396684] [ 6] /direct/sdcc+u/poare/Grid/build/examples/./Example_spec_kryschur[0x4cc206]
[genoahost095:2396684] [ 7] /direct/sdcc+u/poare/Grid/build/examples/./Example_spec_kryschur[0x4cc2f1]
[genoahost095:2396684] [ 8] /direct/sdcc+u/poare/Grid/build/examples/./Example_spec_kryschur[0x4c7e95]
[genoahost095:2396684] [ 9] /direct/sdcc+u/poare/Grid/build/examples/./Example_spec_kryschur[0x4b5f4f]
[genoahost095:2396684] [10] /direct/sdcc+u/poare/Grid/build/examples/./Example_spec_kryschur[0x41180d]
[genoahost095:2396684] [11] /lib64/libc.so.6(+0x2a610)[0x154d5802a610]
[genoahost095:2396684] [12] /lib64/libc.so.6(__libc_start_main+0x80)[0x154d5802a6c0]
[genoahost095:2396684] [13] /direct/sdcc+u/poare/Grid/build/examples/./Example_spec_kryschur[0x4147f5]
[genoahost095:2396684] *** End of error message ***

__|__|__|__|__|__|__|__|__|__|__|__|__|__|__
__|__|__|__|__|__|__|__|__|__|__|__|__|__|__
__|_ |  |  |  |  |  |  |  |  |  |  |  | _|__
__|_                                    _|__
__|_   GGGG    RRRR    III    DDDD      _|__
__|_  G        R   R    I     D   D     _|__
__|_  G        R   R    I     D    D    _|__
__|_  G  GG    RRRR     I     D    D    _|__
__|_  G   G    R  R     I     D   D     _|__
__|_   GGGG    R   R   III    DDDD      _|__
__|_                                    _|__
__|__|__|__|__|__|__|__|__|__|__|__|__|__|__
__|__|__|__|__|__|__|__|__|__|__|__|__|__|__
  |  |  |  |  |  |  |  |  |  |  |  |  |  |  


Copyright (C) 2015 Peter Boyle, Azusa Yamaguchi, Guido Cossu, Antonin Portelli and other authors

This program is free software; you can redistribute it and/or modify
it under the terms of the GNU General Public License as published by
the Free Software Foundation; either version 2 of the License, or
(at your option) any later version.

This program is distributed in the hope that it will be useful,
but WITHOUT ANY WARRANTY; without even the implied warranty of
MERCHANTABILITY or FITNESS FOR A PARTICULAR PURPOSE.  See the
GNU General Public License for more details.
Current Grid git commit hash=82d411ca7bb8ec4a5b5c3815df23674cfd291070: (HEAD -> develop, origin/develop, origin/HEAD) clean

Grid : Message : ================================================ 
Grid : Message : MPI is initialised and logging filters activated 
Grid : Message : ================================================ 
Grid : Message : This rank is running on host genoahost095.sdcc.bnl.local at local time 2026-03-04 12:29:51
Grid : Message : Requested 17179869184 byte stencil comms buffers 
Grid : Message : MemoryManager::Init() setting up
Grid : Message : MemoryManager::Init() cache pool for recent host   allocations: SMALL 8 LARGE 2 HUGE 0
Grid : Message : MemoryManager::Init() cache pool for recent device allocations: SMALL 16 LARGE 8 Huge 0
Grid : Message : MemoryManager::Init() cache pool for recent shared allocations: SMALL 16 LARGE 8 Huge 0
Grid : Message : MemoryManager::Init() Unified memory space
Sorting eigenvalues using EvalReSmall
Lattice size: [32 32 32 32]
Example_spec_kryschur: ../../Grid/communicator/SharedMemoryMPI.cc:434: static void Grid::GlobalSharedMemory::OptimalCommunicatorSharedMemory(const Coordinate&, ompi_communicator_t*&, Grid::Coordinate&): Assertion `WorldSize==Nprocessors' failed.
[genoahost095:2396695] *** Process received signal ***
[genoahost095:2396695] Signal: Aborted (6)
[genoahost095:2396695] Signal code:  (-6)
[genoahost095:2396695] [ 0] /lib64/libc.so.6(+0x3fc30)[0x149dbb03fc30]
[genoahost095:2396695] [ 1] /lib64/libc.so.6(+0x8d02c)[0x149dbb08d02c]
[genoahost095:2396695] [ 2] /lib64/libc.so.6(raise+0x16)[0x149dbb03fb86]
[genoahost095:2396695] [ 3] /lib64/libc.so.6(abort+0xd3)[0x149dbb029873]
[genoahost095:2396695] [ 4] /lib64/libc.so.6(+0x2979b)[0x149dbb02979b]
[genoahost095:2396695] [ 5] /lib64/libc.so.6(+0x388c6)[0x149dbb0388c6]
[genoahost095:2396695] [ 6] /direct/sdcc+u/poare/Grid/build/examples/./Example_spec_kryschur[0x4cc206]
[genoahost095:2396695] [ 7] /direct/sdcc+u/poare/Grid/build/examples/./Example_spec_kryschur[0x4cc2f1]
[genoahost095:2396695] [ 8] /direct/sdcc+u/poare/Grid/build/examples/./Example_spec_kryschur[0x4c7e95]
[genoahost095:2396695] [ 9] /direct/sdcc+u/poare/Grid/build/examples/./Example_spec_kryschur[0x4b5f4f]
[genoahost095:2396695] [10] /direct/sdcc+u/poare/Grid/build/examples/./Example_spec_kryschur[0x41180d]
[genoahost095:2396695] [11] /lib64/libc.so.6(+0x2a610)[0x149dbb02a610]
[genoahost095:2396695] [12] /lib64/libc.so.6(__libc_start_main+0x80)[0x149dbb02a6c0]
[genoahost095:2396695] [13] /direct/sdcc+u/poare/Grid/build/examples/./Example_spec_kryschur[0x4147f5]
[genoahost095:2396695] *** End of error message ***

__|__|__|__|__|__|__|__|__|__|__|__|__|__|__
__|__|__|__|__|__|__|__|__|__|__|__|__|__|__
__|_ |  |  |  |  |  |  |  |  |  |  |  | _|__
__|_                                    _|__
__|_   GGGG    RRRR    III    DDDD      _|__
__|_  G        R   R    I     D   D     _|__
__|_  G        R   R    I     D    D    _|__
__|_  G  GG    RRRR     I     D    D    _|__
__|_  G   G    R  R     I     D   D     _|__
__|_   GGGG    R   R   III    DDDD      _|__
__|_                                    _|__
__|__|__|__|__|__|__|__|__|__|__|__|__|__|__
__|__|__|__|__|__|__|__|__|__|__|__|__|__|__
  |  |  |  |  |  |  |  |  |  |  |  |  |  |  


Copyright (C) 2015 Peter Boyle, Azusa Yamaguchi, Guido Cossu, Antonin Portelli and other authors

This program is free software; you can redistribute it and/or modify
it under the terms of the GNU General Public License as published by
the Free Software Foundation; either version 2 of the License, or
(at your option) any later version.

This program is distributed in the hope that it will be useful,
but WITHOUT ANY WARRANTY; without even the implied warranty of
MERCHANTABILITY or FITNESS FOR A PARTICULAR PURPOSE.  See the
GNU General Public License for more details.
Current Grid git commit hash=82d411ca7bb8ec4a5b5c3815df23674cfd291070: (HEAD -> develop, origin/develop, origin/HEAD) clean

Grid : Message : ================================================ 
Grid : Message : MPI is initialised and logging filters activated 
Grid : Message : ================================================ 
Grid : Message : This rank is running on host genoahost095.sdcc.bnl.local at local time 2026-03-04 12:29:52
Grid : Message : Requested 17179869184 byte stencil comms buffers 
Grid : Message : MemoryManager::Init() setting up
Grid : Message : MemoryManager::Init() cache pool for recent host   allocations: SMALL 8 LARGE 2 HUGE 0
Grid : Message : MemoryManager::Init() cache pool for recent device allocations: SMALL 16 LARGE 8 Huge 0
Grid : Message : MemoryManager::Init() cache pool for recent shared allocations: SMALL 16 LARGE 8 Huge 0
Grid : Message : MemoryManager::Init() Unified memory space
Sorting eigenvalues using EvalReSmall
Lattice size: [32 32 32 32]
Example_spec_kryschur: ../../Grid/communicator/SharedMemoryMPI.cc:434: static void Grid::GlobalSharedMemory::OptimalCommunicatorSharedMemory(const Coordinate&, ompi_communicator_t*&, Grid::Coordinate&): Assertion `WorldSize==Nprocessors' failed.
[genoahost095:2396692] *** Process received signal ***
[genoahost095:2396692] Signal: Aborted (6)
[genoahost095:2396692] Signal code:  (-6)
[genoahost095:2396692] [ 0] /lib64/libc.so.6(+0x3fc30)[0x151e6e23fc30]
[genoahost095:2396692] [ 1] /lib64/libc.so.6(+0x8d02c)[0x151e6e28d02c]
[genoahost095:2396692] [ 2] /lib64/libc.so.6(raise+0x16)[0x151e6e23fb86]
[genoahost095:2396692] [ 3] /lib64/libc.so.6(abort+0xd3)[0x151e6e229873]
[genoahost095:2396692] [ 4] /lib64/libc.so.6(+0x2979b)[0x151e6e22979b]
[genoahost095:2396692] [ 5] /lib64/libc.so.6(+0x388c6)[0x151e6e2388c6]
[genoahost095:2396692] [ 6] /direct/sdcc+u/poare/Grid/build/examples/./Example_spec_kryschur[0x4cc206]
[genoahost095:2396692] [ 7] /direct/sdcc+u/poare/Grid/build/examples/./Example_spec_kryschur[0x4cc2f1]
[genoahost095:2396692] [ 8] /direct/sdcc+u/poare/Grid/build/examples/./Example_spec_kryschur[0x4c7e95]
[genoahost095:2396692] [ 9] /direct/sdcc+u/poare/Grid/build/examples/./Example_spec_kryschur[0x4b5f4f]
[genoahost095:2396692] [10] /direct/sdcc+u/poare/Grid/build/examples/./Example_spec_kryschur[0x41180d]
[genoahost095:2396692] [11] /lib64/libc.so.6(+0x2a610)[0x151e6e22a610]
[genoahost095:2396692] [12] /lib64/libc.so.6(__libc_start_main+0x80)[0x151e6e22a6c0]
[genoahost095:2396692] [13] /direct/sdcc+u/poare/Grid/build/examples/./Example_spec_kryschur[0x4147f5]
[genoahost095:2396692] *** End of error message ***

__|__|__|__|__|__|__|__|__|__|__|__|__|__|__
__|__|__|__|__|__|__|__|__|__|__|__|__|__|__
__|_ |  |  |  |  |  |  |  |  |  |  |  | _|__
__|_                                    _|__
__|_   GGGG    RRRR    III    DDDD      _|__
__|_  G        R   R    I     D   D     _|__
__|_  G        R   R    I     D    D    _|__
__|_  G  GG    RRRR     I     D    D    _|__
__|_  G   G    R  R     I     D   D     _|__
__|_   GGGG    R   R   III    DDDD      _|__
__|_                                    _|__
__|__|__|__|__|__|__|__|__|__|__|__|__|__|__
__|__|__|__|__|__|__|__|__|__|__|__|__|__|__
  |  |  |  |  |  |  |  |  |  |  |  |  |  |  


Copyright (C) 2015 Peter Boyle, Azusa Yamaguchi, Guido Cossu, Antonin Portelli and other authors

This program is free software; you can redistribute it and/or modify
it under the terms of the GNU General Public License as published by
the Free Software Foundation; either version 2 of the License, or
(at your option) any later version.

This program is distributed in the hope that it will be useful,
but WITHOUT ANY WARRANTY; without even the implied warranty of
MERCHANTABILITY or FITNESS FOR A PARTICULAR PURPOSE.  See the
GNU General Public License for more details.
Current Grid git commit hash=82d411ca7bb8ec4a5b5c3815df23674cfd291070: (HEAD -> develop, origin/develop, origin/HEAD) clean

Grid : Message : ================================================ 
Grid : Message : MPI is initialised and logging filters activated 
Grid : Message : ================================================ 
Grid : Message : This rank is running on host genoahost095.sdcc.bnl.local at local time 2026-03-04 12:29:52
Grid : Message : Requested 17179869184 byte stencil comms buffers 
Grid : Message : MemoryManager::Init() setting up
Grid : Message : MemoryManager::Init() cache pool for recent host   allocations: SMALL 8 LARGE 2 HUGE 0
Grid : Message : MemoryManager::Init() cache pool for recent device allocations: SMALL 16 LARGE 8 Huge 0
Grid : Message : MemoryManager::Init() cache pool for recent shared allocations: SMALL 16 LARGE 8 Huge 0
Grid : Message : MemoryManager::Init() Unified memory space
Sorting eigenvalues using EvalReSmall
Lattice size: [32 32 32 32]
Example_spec_kryschur: ../../Grid/communicator/SharedMemoryMPI.cc:434: static void Grid::GlobalSharedMemory::OptimalCommunicatorSharedMemory(const Coordinate&, ompi_communicator_t*&, Grid::Coordinate&): Assertion `WorldSize==Nprocessors' failed.
[genoahost095:2396691] *** Process received signal ***
[genoahost095:2396691] Signal: Aborted (6)
[genoahost095:2396691] Signal code:  (-6)
[genoahost095:2396691] [ 0] /lib64/libc.so.6(+0x3fc30)[0x1541e383fc30]
[genoahost095:2396691] [ 1] /lib64/libc.so.6(+0x8d02c)[0x1541e388d02c]
[genoahost095:2396691] [ 2] /lib64/libc.so.6(raise+0x16)[0x1541e383fb86]
[genoahost095:2396691] [ 3] /lib64/libc.so.6(abort+0xd3)[0x1541e3829873]
[genoahost095:2396691] [ 4] /lib64/libc.so.6(+0x2979b)[0x1541e382979b]
[genoahost095:2396691] [ 5] /lib64/libc.so.6(+0x388c6)[0x1541e38388c6]
[genoahost095:2396691] [ 6] /direct/sdcc+u/poare/Grid/build/examples/./Example_spec_kryschur[0x4cc206]
[genoahost095:2396691] [ 7] /direct/sdcc+u/poare/Grid/build/examples/./Example_spec_kryschur[0x4cc2f1]
[genoahost095:2396691] [ 8] /direct/sdcc+u/poare/Grid/build/examples/./Example_spec_kryschur[0x4c7e95]
[genoahost095:2396691] [ 9] /direct/sdcc+u/poare/Grid/build/examples/./Example_spec_kryschur[0x4b5f4f]
[genoahost095:2396691] [10] /direct/sdcc+u/poare/Grid/build/examples/./Example_spec_kryschur[0x41180d]
[genoahost095:2396691] [11] /lib64/libc.so.6(+0x2a610)[0x1541e382a610]
[genoahost095:2396691] [12] /lib64/libc.so.6(__libc_start_main+0x80)[0x1541e382a6c0]
[genoahost095:2396691] [13] /direct/sdcc+u/poare/Grid/build/examples/./Example_spec_kryschur[0x4147f5]
[genoahost095:2396691] *** End of error message ***

__|__|__|__|__|__|__|__|__|__|__|__|__|__|__
__|__|__|__|__|__|__|__|__|__|__|__|__|__|__
__|_ |  |  |  |  |  |  |  |  |  |  |  | _|__
__|_                                    _|__
__|_   GGGG    RRRR    III    DDDD      _|__
__|_  G        R   R    I     D   D     _|__
__|_  G        R   R    I     D    D    _|__
__|_  G  GG    RRRR     I     D    D    _|__
__|_  G   G    R  R     I     D   D     _|__
__|_   GGGG    R   R   III    DDDD      _|__
__|_                                    _|__
__|__|__|__|__|__|__|__|__|__|__|__|__|__|__
__|__|__|__|__|__|__|__|__|__|__|__|__|__|__
  |  |  |  |  |  |  |  |  |  |  |  |  |  |  


Copyright (C) 2015 Peter Boyle, Azusa Yamaguchi, Guido Cossu, Antonin Portelli and other authors

This program is free software; you can redistribute it and/or modify
it under the terms of the GNU General Public License as published by
the Free Software Foundation; either version 2 of the License, or
(at your option) any later version.

This program is distributed in the hope that it will be useful,
but WITHOUT ANY WARRANTY; without even the implied warranty of
MERCHANTABILITY or FITNESS FOR A PARTICULAR PURPOSE.  See the
GNU General Public License for more details.
Current Grid git commit hash=82d411ca7bb8ec4a5b5c3815df23674cfd291070: (HEAD -> develop, origin/develop, origin/HEAD) clean

Grid : Message : ================================================ 
Grid : Message : MPI is initialised and logging filters activated 
Grid : Message : ================================================ 
Grid : Message : This rank is running on host genoahost095.sdcc.bnl.local at local time 2026-03-04 12:29:53
Grid : Message : Requested 17179869184 byte stencil comms buffers 
Grid : Message : MemoryManager::Init() setting up
Grid : Message : MemoryManager::Init() cache pool for recent host   allocations: SMALL 8 LARGE 2 HUGE 0
Grid : Message : MemoryManager::Init() cache pool for recent device allocations: SMALL 16 LARGE 8 Huge 0
Grid : Message : MemoryManager::Init() cache pool for recent shared allocations: SMALL 16 LARGE 8 Huge 0
Grid : Message : MemoryManager::Init() Unified memory space
Sorting eigenvalues using EvalReSmall
Lattice size: [32 32 32 32]
Example_spec_kryschur: ../../Grid/communicator/SharedMemoryMPI.cc:434: static void Grid::GlobalSharedMemory::OptimalCommunicatorSharedMemory(const Coordinate&, ompi_communicator_t*&, Grid::Coordinate&): Assertion `WorldSize==Nprocessors' failed.
[genoahost095:2396697] *** Process received signal ***
[genoahost095:2396697] Signal: Aborted (6)
[genoahost095:2396697] Signal code:  (-6)
[genoahost095:2396697] [ 0] /lib64/libc.so.6(+0x3fc30)[0x14f8bc23fc30]
[genoahost095:2396697] [ 1] /lib64/libc.so.6(+0x8d02c)[0x14f8bc28d02c]
[genoahost095:2396697] [ 2] /lib64/libc.so.6(raise+0x16)[0x14f8bc23fb86]
[genoahost095:2396697] [ 3] /lib64/libc.so.6(abort+0xd3)[0x14f8bc229873]
[genoahost095:2396697] [ 4] /lib64/libc.so.6(+0x2979b)[0x14f8bc22979b]
[genoahost095:2396697] [ 5] /lib64/libc.so.6(+0x388c6)[0x14f8bc2388c6]
[genoahost095:2396697] [ 6] /direct/sdcc+u/poare/Grid/build/examples/./Example_spec_kryschur[0x4cc206]
[genoahost095:2396697] [ 7] /direct/sdcc+u/poare/Grid/build/examples/./Example_spec_kryschur[0x4cc2f1]
[genoahost095:2396697] [ 8] /direct/sdcc+u/poare/Grid/build/examples/./Example_spec_kryschur[0x4c7e95]
[genoahost095:2396697] [ 9] /direct/sdcc+u/poare/Grid/build/examples/./Example_spec_kryschur[0x4b5f4f]
[genoahost095:2396697] [10] /direct/sdcc+u/poare/Grid/build/examples/./Example_spec_kryschur[0x41180d]
[genoahost095:2396697] [11] /lib64/libc.so.6(+0x2a610)[0x14f8bc22a610]
[genoahost095:2396697] [12] /lib64/libc.so.6(__libc_start_main+0x80)[0x14f8bc22a6c0]
[genoahost095:2396697] [13] /direct/sdcc+u/poare/Grid/build/examples/./Example_spec_kryschur[0x4147f5]
[genoahost095:2396697] *** End of error message ***
srun: error: genoahost089: task 15: Aborted (core dumped)

__|__|__|__|__|__|__|__|__|__|__|__|__|__|__
__|__|__|__|__|__|__|__|__|__|__|__|__|__|__
__|_ |  |  |  |  |  |  |  |  |  |  |  | _|__
__|_                                    _|__
__|_   GGGG    RRRR    III    DDDD      _|__
__|_  G        R   R    I     D   D     _|__
__|_  G        R   R    I     D    D    _|__
__|_  G  GG    RRRR     I     D    D    _|__
__|_  G   G    R  R     I     D   D     _|__
__|_   GGGG    R   R   III    DDDD      _|__
__|_                                    _|__
__|__|__|__|__|__|__|__|__|__|__|__|__|__|__
__|__|__|__|__|__|__|__|__|__|__|__|__|__|__
  |  |  |  |  |  |  |  |  |  |  |  |  |  |  


Copyright (C) 2015 Peter Boyle, Azusa Yamaguchi, Guido Cossu, Antonin Portelli and other authors

This program is free software; you can redistribute it and/or modify
it under the terms of the GNU General Public License as published by
the Free Software Foundation; either version 2 of the License, or
(at your option) any later version.

This program is distributed in the hope that it will be useful,
but WITHOUT ANY WARRANTY; without even the implied warranty of
MERCHANTABILITY or FITNESS FOR A PARTICULAR PURPOSE.  See the
GNU General Public License for more details.
Current Grid git commit hash=82d411ca7bb8ec4a5b5c3815df23674cfd291070: (HEAD -> develop, origin/develop, origin/HEAD) clean

Grid : Message : ================================================ 
Grid : Message : MPI is initialised and logging filters activated 
Grid : Message : ================================================ 
Grid : Message : This rank is running on host genoahost090.sdcc.bnl.local at local time 2026-03-04 12:30:09
Grid : Message : Requested 17179869184 byte stencil comms buffers 
Grid : Message : MemoryManager::Init() setting up
Grid : Message : MemoryManager::Init() cache pool for recent host   allocations: SMALL 8 LARGE 2 HUGE 0
Grid : Message : MemoryManager::Init() cache pool for recent device allocations: SMALL 16 LARGE 8 Huge 0
Grid : Message : MemoryManager::Init() cache pool for recent shared allocations: SMALL 16 LARGE 8 Huge 0
Grid : Message : MemoryManager::Init() Unified memory space
Sorting eigenvalues using EvalReSmall
Lattice size: [32 32 32 32]
Example_spec_kryschur: ../../Grid/communicator/SharedMemoryMPI.cc:434: static void Grid::GlobalSharedMemory::OptimalCommunicatorSharedMemory(const Coordinate&, ompi_communicator_t*&, Grid::Coordinate&): Assertion `WorldSize==Nprocessors' failed.
[genoahost090:2327597] *** Process received signal ***
[genoahost090:2327597] Signal: Aborted (6)
[genoahost090:2327597] Signal code:  (-6)
[genoahost090:2327597] [ 0] /lib64/libc.so.6(+0x3fc30)[0x1464de83fc30]
[genoahost090:2327597] [ 1] /lib64/libc.so.6(+0x8d02c)[0x1464de88d02c]
[genoahost090:2327597] [ 2] /lib64/libc.so.6(raise+0x16)[0x1464de83fb86]
[genoahost090:2327597] [ 3] /lib64/libc.so.6(abort+0xd3)[0x1464de829873]
[genoahost090:2327597] [ 4] /lib64/libc.so.6(+0x2979b)[0x1464de82979b]
[genoahost090:2327597] [ 5] /lib64/libc.so.6(+0x388c6)[0x1464de8388c6]
[genoahost090:2327597] [ 6] /direct/sdcc+u/poare/Grid/build/examples/./Example_spec_kryschur[0x4cc206]
[genoahost090:2327597] [ 7] /direct/sdcc+u/poare/Grid/build/examples/./Example_spec_kryschur[0x4cc2f1]
[genoahost090:2327597] [ 8] /direct/sdcc+u/poare/Grid/build/examples/./Example_spec_kryschur[0x4c7e95]
[genoahost090:2327597] [ 9] /direct/sdcc+u/poare/Grid/build/examples/./Example_spec_kryschur[0x4b5f4f]
[genoahost090:2327597] [10] /direct/sdcc+u/poare/Grid/build/examples/./Example_spec_kryschur[0x41180d]
[genoahost090:2327597] [11] /lib64/libc.so.6(+0x2a610)[0x1464de82a610]
[genoahost090:2327597] [12] /lib64/libc.so.6(__libc_start_main+0x80)[0x1464de82a6c0]
[genoahost090:2327597] [13] /direct/sdcc+u/poare/Grid/build/examples/./Example_spec_kryschur[0x4147f5]
[genoahost090:2327597] *** End of error message ***

__|__|__|__|__|__|__|__|__|__|__|__|__|__|__
__|__|__|__|__|__|__|__|__|__|__|__|__|__|__
__|_ |  |  |  |  |  |  |  |  |  |  |  | _|__
__|_                                    _|__
__|_   GGGG    RRRR    III    DDDD      _|__
__|_  G        R   R    I     D   D     _|__
__|_  G        R   R    I     D    D    _|__
__|_  G  GG    RRRR     I     D    D    _|__
__|_  G   G    R  R     I     D   D     _|__
__|_   GGGG    R   R   III    DDDD      _|__
__|_                                    _|__
__|__|__|__|__|__|__|__|__|__|__|__|__|__|__
__|__|__|__|__|__|__|__|__|__|__|__|__|__|__
  |  |  |  |  |  |  |  |  |  |  |  |  |  |  


Copyright (C) 2015 Peter Boyle, Azusa Yamaguchi, Guido Cossu, Antonin Portelli and other authors

This program is free software; you can redistribute it and/or modify
it under the terms of the GNU General Public License as published by
the Free Software Foundation; either version 2 of the License, or
(at your option) any later version.

This program is distributed in the hope that it will be useful,
but WITHOUT ANY WARRANTY; without even the implied warranty of
MERCHANTABILITY or FITNESS FOR A PARTICULAR PURPOSE.  See the
GNU General Public License for more details.
Current Grid git commit hash=82d411ca7bb8ec4a5b5c3815df23674cfd291070: (HEAD -> develop, origin/develop, origin/HEAD) clean

Grid : Message : ================================================ 
Grid : Message : MPI is initialised and logging filters activated 
Grid : Message : ================================================ 
Grid : Message : This rank is running on host genoahost090.sdcc.bnl.local at local time 2026-03-04 12:30:09
Grid : Message : Requested 17179869184 byte stencil comms buffers 
Grid : Message : MemoryManager::Init() setting up
Grid : Message : MemoryManager::Init() cache pool for recent host   allocations: SMALL 8 LARGE 2 HUGE 0
Grid : Message : MemoryManager::Init() cache pool for recent device allocations: SMALL 16 LARGE 8 Huge 0
Grid : Message : MemoryManager::Init() cache pool for recent shared allocations: SMALL 16 LARGE 8 Huge 0
Grid : Message : MemoryManager::Init() Unified memory space
Sorting eigenvalues using EvalReSmall
Lattice size: [32 32 32 32]
Example_spec_kryschur: ../../Grid/communicator/SharedMemoryMPI.cc:434: static void Grid::GlobalSharedMemory::OptimalCommunicatorSharedMemory(const Coordinate&, ompi_communicator_t*&, Grid::Coordinate&): Assertion `WorldSize==Nprocessors' failed.
[genoahost090:2327605] *** Process received signal ***
[genoahost090:2327605] Signal: Aborted (6)
[genoahost090:2327605] Signal code:  (-6)
[genoahost090:2327605] [ 0] /lib64/libc.so.6(+0x3fc30)[0x14dcce23fc30]
[genoahost090:2327605] [ 1] /lib64/libc.so.6(+0x8d02c)[0x14dcce28d02c]
[genoahost090:2327605] [ 2] /lib64/libc.so.6(raise+0x16)[0x14dcce23fb86]
[genoahost090:2327605] [ 3] /lib64/libc.so.6(abort+0xd3)[0x14dcce229873]
[genoahost090:2327605] [ 4] /lib64/libc.so.6(+0x2979b)[0x14dcce22979b]
[genoahost090:2327605] [ 5] /lib64/libc.so.6(+0x388c6)[0x14dcce2388c6]
[genoahost090:2327605] [ 6] /direct/sdcc+u/poare/Grid/build/examples/./Example_spec_kryschur[0x4cc206]
[genoahost090:2327605] [ 7] /direct/sdcc+u/poare/Grid/build/examples/./Example_spec_kryschur[0x4cc2f1]
[genoahost090:2327605] [ 8] /direct/sdcc+u/poare/Grid/build/examples/./Example_spec_kryschur[0x4c7e95]
[genoahost090:2327605] [ 9] /direct/sdcc+u/poare/Grid/build/examples/./Example_spec_kryschur[0x4b5f4f]
[genoahost090:2327605] [10] /direct/sdcc+u/poare/Grid/build/examples/./Example_spec_kryschur[0x41180d]
[genoahost090:2327605] [11] /lib64/libc.so.6(+0x2a610)[0x14dcce22a610]
[genoahost090:2327605] [12] /lib64/libc.so.6(__libc_start_main+0x80)[0x14dcce22a6c0]
[genoahost090:2327605] [13] /direct/sdcc+u/poare/Grid/build/examples/./Example_spec_kryschur[0x4147f5]
[genoahost090:2327605] *** End of error message ***

__|__|__|__|__|__|__|__|__|__|__|__|__|__|__
__|__|__|__|__|__|__|__|__|__|__|__|__|__|__
__|_ |  |  |  |  |  |  |  |  |  |  |  | _|__
__|_                                    _|__
__|_   GGGG    RRRR    III    DDDD      _|__
__|_  G        R   R    I     D   D     _|__
__|_  G        R   R    I     D    D    _|__
__|_  G  GG    RRRR     I     D    D    _|__
__|_  G   G    R  R     I     D   D     _|__
__|_   GGGG    R   R   III    DDDD      _|__
__|_                                    _|__
__|__|__|__|__|__|__|__|__|__|__|__|__|__|__
__|__|__|__|__|__|__|__|__|__|__|__|__|__|__
  |  |  |  |  |  |  |  |  |  |  |  |  |  |  


Copyright (C) 2015 Peter Boyle, Azusa Yamaguchi, Guido Cossu, Antonin Portelli and other authors

This program is free software; you can redistribute it and/or modify
it under the terms of the GNU General Public License as published by
the Free Software Foundation; either version 2 of the License, or
(at your option) any later version.

This program is distributed in the hope that it will be useful,
but WITHOUT ANY WARRANTY; without even the implied warranty of
MERCHANTABILITY or FITNESS FOR A PARTICULAR PURPOSE.  See the
GNU General Public License for more details.
Current Grid git commit hash=82d411ca7bb8ec4a5b5c3815df23674cfd291070: (HEAD -> develop, origin/develop, origin/HEAD) clean

Grid : Message : ================================================ 
Grid : Message : MPI is initialised and logging filters activated 
Grid : Message : ================================================ 
Grid : Message : This rank is running on host genoahost090.sdcc.bnl.local at local time 2026-03-04 12:30:09
Grid : Message : Requested 17179869184 byte stencil comms buffers 
Grid : Message : MemoryManager::Init() setting up
Grid : Message : MemoryManager::Init() cache pool for recent host   allocations: SMALL 8 LARGE 2 HUGE 0
Grid : Message : MemoryManager::Init() cache pool for recent device allocations: SMALL 16 LARGE 8 Huge 0
Grid : Message : MemoryManager::Init() cache pool for recent shared allocations: SMALL 16 LARGE 8 Huge 0
Grid : Message : MemoryManager::Init() Unified memory space
Sorting eigenvalues using EvalReSmall
Lattice size: [32 32 32 32]
Example_spec_kryschur: ../../Grid/communicator/SharedMemoryMPI.cc:434: static void Grid::GlobalSharedMemory::OptimalCommunicatorSharedMemory(const Coordinate&, ompi_communicator_t*&, Grid::Coordinate&): Assertion `WorldSize==Nprocessors' failed.
[genoahost090:2327600] *** Process received signal ***
[genoahost090:2327600] Signal: Aborted (6)
[genoahost090:2327600] Signal code:  (-6)
[genoahost090:2327600] [ 0] /lib64/libc.so.6(+0x3fc30)[0x152a1da3fc30]
[genoahost090:2327600] [ 1] /lib64/libc.so.6(+0x8d02c)[0x152a1da8d02c]
[genoahost090:2327600] [ 2] /lib64/libc.so.6(raise+0x16)[0x152a1da3fb86]
[genoahost090:2327600] [ 3] /lib64/libc.so.6(abort+0xd3)[0x152a1da29873]
[genoahost090:2327600] [ 4] /lib64/libc.so.6(+0x2979b)[0x152a1da2979b]
[genoahost090:2327600] [ 5] /lib64/libc.so.6(+0x388c6)[0x152a1da388c6]
[genoahost090:2327600] [ 6] /direct/sdcc+u/poare/Grid/build/examples/./Example_spec_kryschur[0x4cc206]
[genoahost090:2327600] [ 7] /direct/sdcc+u/poare/Grid/build/examples/./Example_spec_kryschur[0x4cc2f1]
[genoahost090:2327600] [ 8] /direct/sdcc+u/poare/Grid/build/examples/./Example_spec_kryschur[0x4c7e95]
[genoahost090:2327600] [ 9] /direct/sdcc+u/poare/Grid/build/examples/./Example_spec_kryschur[0x4b5f4f]
[genoahost090:2327600] [10] /direct/sdcc+u/poare/Grid/build/examples/./Example_spec_kryschur[0x41180d]
[genoahost090:2327600] [11] /lib64/libc.so.6(+0x2a610)[0x152a1da2a610]
[genoahost090:2327600] [12] /lib64/libc.so.6(__libc_start_main+0x80)[0x152a1da2a6c0]
[genoahost090:2327600] [13] /direct/sdcc+u/poare/Grid/build/examples/./Example_spec_kryschur[0x4147f5]
[genoahost090:2327600] *** End of error message ***

__|__|__|__|__|__|__|__|__|__|__|__|__|__|__
__|__|__|__|__|__|__|__|__|__|__|__|__|__|__
__|_ |  |  |  |  |  |  |  |  |  |  |  | _|__
__|_                                    _|__
__|_   GGGG    RRRR    III    DDDD      _|__
__|_  G        R   R    I     D   D     _|__
__|_  G        R   R    I     D    D    _|__
__|_  G  GG    RRRR     I     D    D    _|__
__|_  G   G    R  R     I     D   D     _|__
__|_   GGGG    R   R   III    DDDD      _|__
__|_                                    _|__
__|__|__|__|__|__|__|__|__|__|__|__|__|__|__
__|__|__|__|__|__|__|__|__|__|__|__|__|__|__
  |  |  |  |  |  |  |  |  |  |  |  |  |  |  


Copyright (C) 2015 Peter Boyle, Azusa Yamaguchi, Guido Cossu, Antonin Portelli and other authors

This program is free software; you can redistribute it and/or modify
it under the terms of the GNU General Public License as published by
the Free Software Foundation; either version 2 of the License, or
(at your option) any later version.

This program is distributed in the hope that it will be useful,
but WITHOUT ANY WARRANTY; without even the implied warranty of
MERCHANTABILITY or FITNESS FOR A PARTICULAR PURPOSE.  See the
GNU General Public License for more details.
Current Grid git commit hash=82d411ca7bb8ec4a5b5c3815df23674cfd291070: (HEAD -> develop, origin/develop, origin/HEAD) clean

Grid : Message : ================================================ 
Grid : Message : MPI is initialised and logging filters activated 
Grid : Message : ================================================ 
Grid : Message : This rank is running on host genoahost090.sdcc.bnl.local at local time 2026-03-04 12:30:10
Grid : Message : Requested 17179869184 byte stencil comms buffers 
Grid : Message : MemoryManager::Init() setting up
Grid : Message : MemoryManager::Init() cache pool for recent host   allocations: SMALL 8 LARGE 2 HUGE 0
Grid : Message : MemoryManager::Init() cache pool for recent device allocations: SMALL 16 LARGE 8 Huge 0
Grid : Message : MemoryManager::Init() cache pool for recent shared allocations: SMALL 16 LARGE 8 Huge 0
Grid : Message : MemoryManager::Init() Unified memory space
Sorting eigenvalues using EvalReSmall
Lattice size: [32 32 32 32]
Example_spec_kryschur: ../../Grid/communicator/SharedMemoryMPI.cc:434: static void Grid::GlobalSharedMemory::OptimalCommunicatorSharedMemory(const Coordinate&, ompi_communicator_t*&, Grid::Coordinate&): Assertion `WorldSize==Nprocessors' failed.
[genoahost090:2327609] *** Process received signal ***
[genoahost090:2327609] Signal: Aborted (6)
[genoahost090:2327609] Signal code:  (-6)
[genoahost090:2327609] [ 0] /lib64/libc.so.6(+0x3fc30)[0x1549d283fc30]
[genoahost090:2327609] [ 1] /lib64/libc.so.6(+0x8d02c)[0x1549d288d02c]
[genoahost090:2327609] [ 2] /lib64/libc.so.6(raise+0x16)[0x1549d283fb86]
[genoahost090:2327609] [ 3] /lib64/libc.so.6(abort+0xd3)[0x1549d2829873]
[genoahost090:2327609] [ 4] /lib64/libc.so.6(+0x2979b)[0x1549d282979b]
[genoahost090:2327609] [ 5] /lib64/libc.so.6(+0x388c6)[0x1549d28388c6]
[genoahost090:2327609] [ 6] /direct/sdcc+u/poare/Grid/build/examples/./Example_spec_kryschur[0x4cc206]
[genoahost090:2327609] [ 7] /direct/sdcc+u/poare/Grid/build/examples/./Example_spec_kryschur[0x4cc2f1]
[genoahost090:2327609] [ 8] /direct/sdcc+u/poare/Grid/build/examples/./Example_spec_kryschur[0x4c7e95]
[genoahost090:2327609] [ 9] /direct/sdcc+u/poare/Grid/build/examples/./Example_spec_kryschur[0x4b5f4f]
[genoahost090:2327609] [10] /direct/sdcc+u/poare/Grid/build/examples/./Example_spec_kryschur[0x41180d]
[genoahost090:2327609] [11] /lib64/libc.so.6(+0x2a610)[0x1549d282a610]
[genoahost090:2327609] [12] /lib64/libc.so.6(__libc_start_main+0x80)[0x1549d282a6c0]
[genoahost090:2327609] [13] /direct/sdcc+u/poare/Grid/build/examples/./Example_spec_kryschur[0x4147f5]
[genoahost090:2327609] *** End of error message ***

__|__|__|__|__|__|__|__|__|__|__|__|__|__|__
__|__|__|__|__|__|__|__|__|__|__|__|__|__|__
__|_ |  |  |  |  |  |  |  |  |  |  |  | _|__
__|_                                    _|__
__|_   GGGG    RRRR    III    DDDD      _|__
__|_  G        R   R    I     D   D     _|__
__|_  G        R   R    I     D    D    _|__
__|_  G  GG    RRRR     I     D    D    _|__
__|_  G   G    R  R     I     D   D     _|__
__|_   GGGG    R   R   III    DDDD      _|__
__|_                                    _|__
__|__|__|__|__|__|__|__|__|__|__|__|__|__|__
__|__|__|__|__|__|__|__|__|__|__|__|__|__|__
  |  |  |  |  |  |  |  |  |  |  |  |  |  |  


Copyright (C) 2015 Peter Boyle, Azusa Yamaguchi, Guido Cossu, Antonin Portelli and other authors

This program is free software; you can redistribute it and/or modify
it under the terms of the GNU General Public License as published by
the Free Software Foundation; either version 2 of the License, or
(at your option) any later version.

This program is distributed in the hope that it will be useful,
but WITHOUT ANY WARRANTY; without even the implied warranty of
MERCHANTABILITY or FITNESS FOR A PARTICULAR PURPOSE.  See the
GNU General Public License for more details.
Current Grid git commit hash=82d411ca7bb8ec4a5b5c3815df23674cfd291070: (HEAD -> develop, origin/develop, origin/HEAD) clean

Grid : Message : ================================================ 
Grid : Message : MPI is initialised and logging filters activated 
Grid : Message : ================================================ 
Grid : Message : This rank is running on host genoahost093.sdcc.bnl.local at local time 2026-03-04 12:30:10
Grid : Message : Requested 17179869184 byte stencil comms buffers 
Grid : Message : MemoryManager::Init() setting up
Grid : Message : MemoryManager::Init() cache pool for recent host   allocations: SMALL 8 LARGE 2 HUGE 0
Grid : Message : MemoryManager::Init() cache pool for recent device allocations: SMALL 16 LARGE 8 Huge 0
Grid : Message : MemoryManager::Init() cache pool for recent shared allocations: SMALL 16 LARGE 8 Huge 0
Grid : Message : MemoryManager::Init() Unified memory space
Sorting eigenvalues using EvalReSmall
Lattice size: [32 32 32 32]
Example_spec_kryschur: ../../Grid/communicator/SharedMemoryMPI.cc:434: static void Grid::GlobalSharedMemory::OptimalCommunicatorSharedMemory(const Coordinate&, ompi_communicator_t*&, Grid::Coordinate&): Assertion `WorldSize==Nprocessors' failed.
[genoahost093:2342500] *** Process received signal ***
[genoahost093:2342500] Signal: Aborted (6)
[genoahost093:2342500] Signal code:  (-6)
[genoahost093:2342500] [ 0] /lib64/libc.so.6(+0x3fc30)[0x14d60703fc30]
[genoahost093:2342500] [ 1] /lib64/libc.so.6(+0x8d02c)[0x14d60708d02c]
[genoahost093:2342500] [ 2] /lib64/libc.so.6(raise+0x16)[0x14d60703fb86]
[genoahost093:2342500] [ 3] /lib64/libc.so.6(abort+0xd3)[0x14d607029873]
[genoahost093:2342500] [ 4] /lib64/libc.so.6(+0x2979b)[0x14d60702979b]
[genoahost093:2342500] [ 5] /lib64/libc.so.6(+0x388c6)[0x14d6070388c6]
[genoahost093:2342500] [ 6] /direct/sdcc+u/poare/Grid/build/examples/./Example_spec_kryschur[0x4cc206]
[genoahost093:2342500] [ 7] /direct/sdcc+u/poare/Grid/build/examples/./Example_spec_kryschur[0x4cc2f1]
[genoahost093:2342500] [ 8] /direct/sdcc+u/poare/Grid/build/examples/./Example_spec_kryschur[0x4c7e95]
[genoahost093:2342500] [ 9] /direct/sdcc+u/poare/Grid/build/examples/./Example_spec_kryschur[0x4b5f4f]
[genoahost093:2342500] [10] /direct/sdcc+u/poare/Grid/build/examples/./Example_spec_kryschur[0x41180d]
[genoahost093:2342500] [11] /lib64/libc.so.6(+0x2a610)[0x14d60702a610]
[genoahost093:2342500] [12] /lib64/libc.so.6(__libc_start_main+0x80)[0x14d60702a6c0]
[genoahost093:2342500] [13] /direct/sdcc+u/poare/Grid/build/examples/./Example_spec_kryschur[0x4147f5]
[genoahost093:2342500] *** End of error message ***

__|__|__|__|__|__|__|__|__|__|__|__|__|__|__
__|__|__|__|__|__|__|__|__|__|__|__|__|__|__
__|_ |  |  |  |  |  |  |  |  |  |  |  | _|__
__|_                                    _|__
__|_   GGGG    RRRR    III    DDDD      _|__
__|_  G        R   R    I     D   D     _|__
__|_  G        R   R    I     D    D    _|__
__|_  G  GG    RRRR     I     D    D    _|__
__|_  G   G    R  R     I     D   D     _|__
__|_   GGGG    R   R   III    DDDD      _|__
__|_                                    _|__
__|__|__|__|__|__|__|__|__|__|__|__|__|__|__
__|__|__|__|__|__|__|__|__|__|__|__|__|__|__
  |  |  |  |  |  |  |  |  |  |  |  |  |  |  


Copyright (C) 2015 Peter Boyle, Azusa Yamaguchi, Guido Cossu, Antonin Portelli and other authors

This program is free software; you can redistribute it and/or modify
it under the terms of the GNU General Public License as published by
the Free Software Foundation; either version 2 of the License, or
(at your option) any later version.

This program is distributed in the hope that it will be useful,
but WITHOUT ANY WARRANTY; without even the implied warranty of
MERCHANTABILITY or FITNESS FOR A PARTICULAR PURPOSE.  See the
GNU General Public License for more details.
Current Grid git commit hash=82d411ca7bb8ec4a5b5c3815df23674cfd291070: (HEAD -> develop, origin/develop, origin/HEAD) clean

Grid : Message : ================================================ 
Grid : Message : MPI is initialised and logging filters activated 
Grid : Message : ================================================ 
Grid : Message : This rank is running on host genoahost094.sdcc.bnl.local at local time 2026-03-04 12:30:11
Grid : Message : Requested 17179869184 byte stencil comms buffers 
Grid : Message : MemoryManager::Init() setting up
Grid : Message : MemoryManager::Init() cache pool for recent host   allocations: SMALL 8 LARGE 2 HUGE 0
Grid : Message : MemoryManager::Init() cache pool for recent device allocations: SMALL 16 LARGE 8 Huge 0
Grid : Message : MemoryManager::Init() cache pool for recent shared allocations: SMALL 16 LARGE 8 Huge 0
Grid : Message : MemoryManager::Init() Unified memory space
Sorting eigenvalues using EvalReSmall
Lattice size: [32 32 32 32]
Example_spec_kryschur: ../../Grid/communicator/SharedMemoryMPI.cc:434: static void Grid::GlobalSharedMemory::OptimalCommunicatorSharedMemory(const Coordinate&, ompi_communicator_t*&, Grid::Coordinate&): Assertion `WorldSize==Nprocessors' failed.
[genoahost094:2384249] *** Process received signal ***
[genoahost094:2384249] Signal: Aborted (6)
[genoahost094:2384249] Signal code:  (-6)
[genoahost094:2384249] [ 0] /lib64/libc.so.6(+0x3fc30)[0x14636263fc30]
[genoahost094:2384249] [ 1] /lib64/libc.so.6(+0x8d02c)[0x14636268d02c]
[genoahost094:2384249] [ 2] /lib64/libc.so.6(raise+0x16)[0x14636263fb86]
[genoahost094:2384249] [ 3] /lib64/libc.so.6(abort+0xd3)[0x146362629873]
[genoahost094:2384249] [ 4] /lib64/libc.so.6(+0x2979b)[0x14636262979b]
[genoahost094:2384249] [ 5] /lib64/libc.so.6(+0x388c6)[0x1463626388c6]
[genoahost094:2384249] [ 6] /direct/sdcc+u/poare/Grid/build/examples/./Example_spec_kryschur[0x4cc206]
[genoahost094:2384249] [ 7] /direct/sdcc+u/poare/Grid/build/examples/./Example_spec_kryschur[0x4cc2f1]
[genoahost094:2384249] [ 8] /direct/sdcc+u/poare/Grid/build/examples/./Example_spec_kryschur[0x4c7e95]
[genoahost094:2384249] [ 9] /direct/sdcc+u/poare/Grid/build/examples/./Example_spec_kryschur[0x4b5f4f]
[genoahost094:2384249] [10] /direct/sdcc+u/poare/Grid/build/examples/./Example_spec_kryschur[0x41180d]
[genoahost094:2384249] [11] /lib64/libc.so.6(+0x2a610)[0x14636262a610]
[genoahost094:2384249] [12] /lib64/libc.so.6(__libc_start_main+0x80)[0x14636262a6c0]
[genoahost094:2384249] [13] /direct/sdcc+u/poare/Grid/build/examples/./Example_spec_kryschur[0x4147f5]
[genoahost094:2384249] *** End of error message ***

__|__|__|__|__|__|__|__|__|__|__|__|__|__|__
__|__|__|__|__|__|__|__|__|__|__|__|__|__|__
__|_ |  |  |  |  |  |  |  |  |  |  |  | _|__
__|_                                    _|__
__|_   GGGG    RRRR    III    DDDD      _|__
__|_  G        R   R    I     D   D     _|__
__|_  G        R   R    I     D    D    _|__
__|_  G  GG    RRRR     I     D    D    _|__
__|_  G   G    R  R     I     D   D     _|__
__|_   GGGG    R   R   III    DDDD      _|__
__|_                                    _|__
__|__|__|__|__|__|__|__|__|__|__|__|__|__|__
__|__|__|__|__|__|__|__|__|__|__|__|__|__|__
  |  |  |  |  |  |  |  |  |  |  |  |  |  |  


Copyright (C) 2015 Peter Boyle, Azusa Yamaguchi, Guido Cossu, Antonin Portelli and other authors

This program is free software; you can redistribute it and/or modify
it under the terms of the GNU General Public License as published by
the Free Software Foundation; either version 2 of the License, or
(at your option) any later version.

This program is distributed in the hope that it will be useful,
but WITHOUT ANY WARRANTY; without even the implied warranty of
MERCHANTABILITY or FITNESS FOR A PARTICULAR PURPOSE.  See the
GNU General Public License for more details.
Current Grid git commit hash=82d411ca7bb8ec4a5b5c3815df23674cfd291070: (HEAD -> develop, origin/develop, origin/HEAD) clean

Grid : Message : ================================================ 
Grid : Message : MPI is initialised and logging filters activated 
Grid : Message : ================================================ 
Grid : Message : This rank is running on host genoahost093.sdcc.bnl.local at local time 2026-03-04 12:30:11
Grid : Message : Requested 17179869184 byte stencil comms buffers 
Grid : Message : MemoryManager::Init() setting up
Grid : Message : MemoryManager::Init() cache pool for recent host   allocations: SMALL 8 LARGE 2 HUGE 0
Grid : Message : MemoryManager::Init() cache pool for recent device allocations: SMALL 16 LARGE 8 Huge 0
Grid : Message : MemoryManager::Init() cache pool for recent shared allocations: SMALL 16 LARGE 8 Huge 0
Grid : Message : MemoryManager::Init() Unified memory space
Sorting eigenvalues using EvalReSmall
Lattice size: [32 32 32 32]
Example_spec_kryschur: ../../Grid/communicator/SharedMemoryMPI.cc:434: static void Grid::GlobalSharedMemory::OptimalCommunicatorSharedMemory(const Coordinate&, ompi_communicator_t*&, Grid::Coordinate&): Assertion `WorldSize==Nprocessors' failed.
[genoahost093:2342506] *** Process received signal ***
[genoahost093:2342506] Signal: Aborted (6)
[genoahost093:2342506] Signal code:  (-6)
[genoahost093:2342506] [ 0] /lib64/libc.so.6(+0x3fc30)[0x153a32c3fc30]
[genoahost093:2342506] [ 1] /lib64/libc.so.6(+0x8d02c)[0x153a32c8d02c]
[genoahost093:2342506] [ 2] /lib64/libc.so.6(raise+0x16)[0x153a32c3fb86]
[genoahost093:2342506] [ 3] /lib64/libc.so.6(abort+0xd3)[0x153a32c29873]
[genoahost093:2342506] [ 4] /lib64/libc.so.6(+0x2979b)[0x153a32c2979b]
[genoahost093:2342506] [ 5] /lib64/libc.so.6(+0x388c6)[0x153a32c388c6]
[genoahost093:2342506] [ 6] /direct/sdcc+u/poare/Grid/build/examples/./Example_spec_kryschur[0x4cc206]
[genoahost093:2342506] [ 7] /direct/sdcc+u/poare/Grid/build/examples/./Example_spec_kryschur[0x4cc2f1]
[genoahost093:2342506] [ 8] /direct/sdcc+u/poare/Grid/build/examples/./Example_spec_kryschur[0x4c7e95]
[genoahost093:2342506] [ 9] /direct/sdcc+u/poare/Grid/build/examples/./Example_spec_kryschur[0x4b5f4f]
[genoahost093:2342506] [10] /direct/sdcc+u/poare/Grid/build/examples/./Example_spec_kryschur[0x41180d]
[genoahost093:2342506] [11] /lib64/libc.so.6(+0x2a610)[0x153a32c2a610]
[genoahost093:2342506] [12] /lib64/libc.so.6(__libc_start_main+0x80)[0x153a32c2a6c0]
[genoahost093:2342506] [13] /direct/sdcc+u/poare/Grid/build/examples/./Example_spec_kryschur[0x4147f5]
[genoahost093:2342506] *** End of error message ***
srun: error: genoahost094: task 81: Aborted (core dumped)

__|__|__|__|__|__|__|__|__|__|__|__|__|__|__
__|__|__|__|__|__|__|__|__|__|__|__|__|__|__
__|_ |  |  |  |  |  |  |  |  |  |  |  | _|__
__|_                                    _|__
__|_   GGGG    RRRR    III    DDDD      _|__
__|_  G        R   R    I     D   D     _|__
__|_  G        R   R    I     D    D    _|__
__|_  G  GG    RRRR     I     D    D    _|__
__|_  G   G    R  R     I     D   D     _|__
__|_   GGGG    R   R   III    DDDD      _|__
__|_                                    _|__
__|__|__|__|__|__|__|__|__|__|__|__|__|__|__
__|__|__|__|__|__|__|__|__|__|__|__|__|__|__
  |  |  |  |  |  |  |  |  |  |  |  |  |  |  


Copyright (C) 2015 Peter Boyle, Azusa Yamaguchi, Guido Cossu, Antonin Portelli and other authors

This program is free software; you can redistribute it and/or modify
it under the terms of the GNU General Public License as published by
the Free Software Foundation; either version 2 of the License, or
(at your option) any later version.

This program is distributed in the hope that it will be useful,
but WITHOUT ANY WARRANTY; without even the implied warranty of
MERCHANTABILITY or FITNESS FOR A PARTICULAR PURPOSE.  See the
GNU General Public License for more details.
Current Grid git commit hash=82d411ca7bb8ec4a5b5c3815df23674cfd291070: (HEAD -> develop, origin/develop, origin/HEAD) clean

Grid : Message : ================================================ 
Grid : Message : MPI is initialised and logging filters activated 
Grid : Message : ================================================ 
Grid : Message : This rank is running on host genoahost093.sdcc.bnl.local at local time 2026-03-04 12:30:11
Grid : Message : Requested 17179869184 byte stencil comms buffers 
Grid : Message : MemoryManager::Init() setting up
Grid : Message : MemoryManager::Init() cache pool for recent host   allocations: SMALL 8 LARGE 2 HUGE 0
Grid : Message : MemoryManager::Init() cache pool for recent device allocations: SMALL 16 LARGE 8 Huge 0
Grid : Message : MemoryManager::Init() cache pool for recent shared allocations: SMALL 16 LARGE 8 Huge 0
Grid : Message : MemoryManager::Init() Unified memory space
Sorting eigenvalues using EvalReSmall
Lattice size: [32 32 32 32]
Example_spec_kryschur: ../../Grid/communicator/SharedMemoryMPI.cc:434: static void Grid::GlobalSharedMemory::OptimalCommunicatorSharedMemory(const Coordinate&, ompi_communicator_t*&, Grid::Coordinate&): Assertion `WorldSize==Nprocessors' failed.
[genoahost093:2342508] *** Process received signal ***
[genoahost093:2342508] Signal: Aborted (6)
[genoahost093:2342508] Signal code:  (-6)
[genoahost093:2342508] [ 0] /lib64/libc.so.6(+0x3fc30)[0x14906da3fc30]
[genoahost093:2342508] [ 1] /lib64/libc.so.6(+0x8d02c)[0x14906da8d02c]
[genoahost093:2342508] [ 2] /lib64/libc.so.6(raise+0x16)[0x14906da3fb86]
[genoahost093:2342508] [ 3] /lib64/libc.so.6(abort+0xd3)[0x14906da29873]
[genoahost093:2342508] [ 4] /lib64/libc.so.6(+0x2979b)[0x14906da2979b]
[genoahost093:2342508] [ 5] /lib64/libc.so.6(+0x388c6)[0x14906da388c6]
[genoahost093:2342508] [ 6] /direct/sdcc+u/poare/Grid/build/examples/./Example_spec_kryschur[0x4cc206]
[genoahost093:2342508] [ 7] /direct/sdcc+u/poare/Grid/build/examples/./Example_spec_kryschur[0x4cc2f1]
[genoahost093:2342508] [ 8] /direct/sdcc+u/poare/Grid/build/examples/./Example_spec_kryschur[0x4c7e95]
[genoahost093:2342508] [ 9] /direct/sdcc+u/poare/Grid/build/examples/./Example_spec_kryschur[0x4b5f4f]
[genoahost093:2342508] [10] /direct/sdcc+u/poare/Grid/build/examples/./Example_spec_kryschur[0x41180d]
[genoahost093:2342508] [11] /lib64/libc.so.6(+0x2a610)[0x14906da2a610]
[genoahost093:2342508] [12] /lib64/libc.so.6(__libc_start_main+0x80)[0x14906da2a6c0]
[genoahost093:2342508] [13] /direct/sdcc+u/poare/Grid/build/examples/./Example_spec_kryschur[0x4147f5]
[genoahost093:2342508] *** End of error message ***

__|__|__|__|__|__|__|__|__|__|__|__|__|__|__
__|__|__|__|__|__|__|__|__|__|__|__|__|__|__
__|_ |  |  |  |  |  |  |  |  |  |  |  | _|__
__|_                                    _|__
__|_   GGGG    RRRR    III    DDDD      _|__
__|_  G        R   R    I     D   D     _|__
__|_  G        R   R    I     D    D    _|__
__|_  G  GG    RRRR     I     D    D    _|__
__|_  G   G    R  R     I     D   D     _|__
__|_   GGGG    R   R   III    DDDD      _|__
__|_                                    _|__
__|__|__|__|__|__|__|__|__|__|__|__|__|__|__
__|__|__|__|__|__|__|__|__|__|__|__|__|__|__
  |  |  |  |  |  |  |  |  |  |  |  |  |  |  


Copyright (C) 2015 Peter Boyle, Azusa Yamaguchi, Guido Cossu, Antonin Portelli and other authors

This program is free software; you can redistribute it and/or modify
it under the terms of the GNU General Public License as published by
the Free Software Foundation; either version 2 of the License, or
(at your option) any later version.

This program is distributed in the hope that it will be useful,
but WITHOUT ANY WARRANTY; without even the implied warranty of
MERCHANTABILITY or FITNESS FOR A PARTICULAR PURPOSE.  See the
GNU General Public License for more details.
Current Grid git commit hash=82d411ca7bb8ec4a5b5c3815df23674cfd291070: (HEAD -> develop, origin/develop, origin/HEAD) clean

Grid : Message : ================================================ 
Grid : Message : MPI is initialised and logging filters activated 
Grid : Message : ================================================ 
Grid : Message : This rank is running on host genoahost094.sdcc.bnl.local at local time 2026-03-04 12:30:11
Grid : Message : Requested 17179869184 byte stencil comms buffers 
Grid : Message : MemoryManager::Init() setting up
Grid : Message : MemoryManager::Init() cache pool for recent host   allocations: SMALL 8 LARGE 2 HUGE 0
Grid : Message : MemoryManager::Init() cache pool for recent device allocations: SMALL 16 LARGE 8 Huge 0
Grid : Message : MemoryManager::Init() cache pool for recent shared allocations: SMALL 16 LARGE 8 Huge 0
Grid : Message : MemoryManager::Init() Unified memory space
Sorting eigenvalues using EvalReSmall
Lattice size: [32 32 32 32]
Example_spec_kryschur: ../../Grid/communicator/SharedMemoryMPI.cc:434: static void Grid::GlobalSharedMemory::OptimalCommunicatorSharedMemory(const Coordinate&, ompi_communicator_t*&, Grid::Coordinate&): Assertion `WorldSize==Nprocessors' failed.
[genoahost094:2384247] *** Process received signal ***
[genoahost094:2384247] Signal: Aborted (6)
[genoahost094:2384247] Signal code:  (-6)
[genoahost094:2384247] [ 0] /lib64/libc.so.6(+0x3fc30)[0x1473a343fc30]
[genoahost094:2384247] [ 1] /lib64/libc.so.6(+0x8d02c)[0x1473a348d02c]
[genoahost094:2384247] [ 2] /lib64/libc.so.6(raise+0x16)[0x1473a343fb86]
[genoahost094:2384247] [ 3] /lib64/libc.so.6(abort+0xd3)[0x1473a3429873]
[genoahost094:2384247] [ 4] /lib64/libc.so.6(+0x2979b)[0x1473a342979b]
[genoahost094:2384247] [ 5] /lib64/libc.so.6(+0x388c6)[0x1473a34388c6]
[genoahost094:2384247] [ 6] /direct/sdcc+u/poare/Grid/build/examples/./Example_spec_kryschur[0x4cc206]
[genoahost094:2384247] [ 7] /direct/sdcc+u/poare/Grid/build/examples/./Example_spec_kryschur[0x4cc2f1]
[genoahost094:2384247] [ 8] /direct/sdcc+u/poare/Grid/build/examples/./Example_spec_kryschur[0x4c7e95]
[genoahost094:2384247] [ 9] /direct/sdcc+u/poare/Grid/build/examples/./Example_spec_kryschur[0x4b5f4f]
[genoahost094:2384247] [10] /direct/sdcc+u/poare/Grid/build/examples/./Example_spec_kryschur[0x41180d]
[genoahost094:2384247] [11] /lib64/libc.so.6(+0x2a610)[0x1473a342a610]
[genoahost094:2384247] [12] /lib64/libc.so.6(__libc_start_main+0x80)[0x1473a342a6c0]
[genoahost094:2384247] [13] /direct/sdcc+u/poare/Grid/build/examples/./Example_spec_kryschur[0x4147f5]
[genoahost094:2384247] *** End of error message ***

__|__|__|__|__|__|__|__|__|__|__|__|__|__|__
__|__|__|__|__|__|__|__|__|__|__|__|__|__|__
__|_ |  |  |  |  |  |  |  |  |  |  |  | _|__
__|_                                    _|__
__|_   GGGG    RRRR    III    DDDD      _|__
__|_  G        R   R    I     D   D     _|__
__|_  G        R   R    I     D    D    _|__
__|_  G  GG    RRRR     I     D    D    _|__
__|_  G   G    R  R     I     D   D     _|__
__|_   GGGG    R   R   III    DDDD      _|__
__|_                                    _|__
__|__|__|__|__|__|__|__|__|__|__|__|__|__|__
__|__|__|__|__|__|__|__|__|__|__|__|__|__|__
  |  |  |  |  |  |  |  |  |  |  |  |  |  |  


Copyright (C) 2015 Peter Boyle, Azusa Yamaguchi, Guido Cossu, Antonin Portelli and other authors

This program is free software; you can redistribute it and/or modify
it under the terms of the GNU General Public License as published by
the Free Software Foundation; either version 2 of the License, or
(at your option) any later version.

This program is distributed in the hope that it will be useful,
but WITHOUT ANY WARRANTY; without even the implied warranty of
MERCHANTABILITY or FITNESS FOR A PARTICULAR PURPOSE.  See the
GNU General Public License for more details.
Current Grid git commit hash=82d411ca7bb8ec4a5b5c3815df23674cfd291070: (HEAD -> develop, origin/develop, origin/HEAD) clean

Grid : Message : ================================================ 
Grid : Message : MPI is initialised and logging filters activated 
Grid : Message : ================================================ 
Grid : Message : This rank is running on host genoahost093.sdcc.bnl.local at local time 2026-03-04 12:30:11
Grid : Message : Requested 17179869184 byte stencil comms buffers 
Grid : Message : MemoryManager::Init() setting up
Grid : Message : MemoryManager::Init() cache pool for recent host   allocations: SMALL 8 LARGE 2 HUGE 0
Grid : Message : MemoryManager::Init() cache pool for recent device allocations: SMALL 16 LARGE 8 Huge 0
Grid : Message : MemoryManager::Init() cache pool for recent shared allocations: SMALL 16 LARGE 8 Huge 0
Grid : Message : MemoryManager::Init() Unified memory space
Sorting eigenvalues using EvalReSmall
Lattice size: [32 32 32 32]
Example_spec_kryschur: ../../Grid/communicator/SharedMemoryMPI.cc:434: static void Grid::GlobalSharedMemory::OptimalCommunicatorSharedMemory(const Coordinate&, ompi_communicator_t*&, Grid::Coordinate&): Assertion `WorldSize==Nprocessors' failed.
[genoahost093:2342504] *** Process received signal ***
[genoahost093:2342504] Signal: Aborted (6)
[genoahost093:2342504] Signal code:  (-6)
[genoahost093:2342504] [ 0] /lib64/libc.so.6(+0x3fc30)[0x15284c23fc30]
[genoahost093:2342504] [ 1] /lib64/libc.so.6(+0x8d02c)[0x15284c28d02c]
[genoahost093:2342504] [ 2] /lib64/libc.so.6(raise+0x16)[0x15284c23fb86]
[genoahost093:2342504] [ 3] /lib64/libc.so.6(abort+0xd3)[0x15284c229873]
[genoahost093:2342504] [ 4] /lib64/libc.so.6(+0x2979b)[0x15284c22979b]
[genoahost093:2342504] [ 5] /lib64/libc.so.6(+0x388c6)[0x15284c2388c6]
[genoahost093:2342504] [ 6] /direct/sdcc+u/poare/Grid/build/examples/./Example_spec_kryschur[0x4cc206]
[genoahost093:2342504] [ 7] /direct/sdcc+u/poare/Grid/build/examples/./Example_spec_kryschur[0x4cc2f1]
[genoahost093:2342504] [ 8] /direct/sdcc+u/poare/Grid/build/examples/./Example_spec_kryschur[0x4c7e95]
[genoahost093:2342504] [ 9] /direct/sdcc+u/poare/Grid/build/examples/./Example_spec_kryschur[0x4b5f4f]
[genoahost093:2342504] [10] /direct/sdcc+u/poare/Grid/build/examples/./Example_spec_kryschur[0x41180d]
[genoahost093:2342504] [11] /lib64/libc.so.6(+0x2a610)[0x15284c22a610]
[genoahost093:2342504] [12] /lib64/libc.so.6(__libc_start_main+0x80)[0x15284c22a6c0]
[genoahost093:2342504] [13] /direct/sdcc+u/poare/Grid/build/examples/./Example_spec_kryschur[0x4147f5]
[genoahost093:2342504] *** End of error message ***

__|__|__|__|__|__|__|__|__|__|__|__|__|__|__
__|__|__|__|__|__|__|__|__|__|__|__|__|__|__
__|_ |  |  |  |  |  |  |  |  |  |  |  | _|__
__|_                                    _|__
__|_   GGGG    RRRR    III    DDDD      _|__
__|_  G        R   R    I     D   D     _|__
__|_  G        R   R    I     D    D    _|__
__|_  G  GG    RRRR     I     D    D    _|__
__|_  G   G    R  R     I     D   D     _|__
__|_   GGGG    R   R   III    DDDD      _|__
__|_                                    _|__
__|__|__|__|__|__|__|__|__|__|__|__|__|__|__
__|__|__|__|__|__|__|__|__|__|__|__|__|__|__
  |  |  |  |  |  |  |  |  |  |  |  |  |  |  


Copyright (C) 2015 Peter Boyle, Azusa Yamaguchi, Guido Cossu, Antonin Portelli and other authors

This program is free software; you can redistribute it and/or modify
it under the terms of the GNU General Public License as published by
the Free Software Foundation; either version 2 of the License, or
(at your option) any later version.

This program is distributed in the hope that it will be useful,
but WITHOUT ANY WARRANTY; without even the implied warranty of
MERCHANTABILITY or FITNESS FOR A PARTICULAR PURPOSE.  See the
GNU General Public License for more details.
Current Grid git commit hash=82d411ca7bb8ec4a5b5c3815df23674cfd291070: (HEAD -> develop, origin/develop, origin/HEAD) clean

Grid : Message : ================================================ 
Grid : Message : MPI is initialised and logging filters activated 
Grid : Message : ================================================ 
Grid : Message : This rank is running on host genoahost093.sdcc.bnl.local at local time 2026-03-04 12:30:11
Grid : Message : Requested 17179869184 byte stencil comms buffers 
Grid : Message : MemoryManager::Init() setting up
Grid : Message : MemoryManager::Init() cache pool for recent host   allocations: SMALL 8 LARGE 2 HUGE 0
Grid : Message : MemoryManager::Init() cache pool for recent device allocations: SMALL 16 LARGE 8 Huge 0
Grid : Message : MemoryManager::Init() cache pool for recent shared allocations: SMALL 16 LARGE 8 Huge 0
Grid : Message : MemoryManager::Init() Unified memory space
Sorting eigenvalues using EvalReSmall
Lattice size: [32 32 32 32]
Example_spec_kryschur: ../../Grid/communicator/SharedMemoryMPI.cc:434: static void Grid::GlobalSharedMemory::OptimalCommunicatorSharedMemory(const Coordinate&, ompi_communicator_t*&, Grid::Coordinate&): Assertion `WorldSize==Nprocessors' failed.
[genoahost093:2342503] *** Process received signal ***
[genoahost093:2342503] Signal: Aborted (6)
[genoahost093:2342503] Signal code:  (-6)
[genoahost093:2342503] [ 0] /lib64/libc.so.6(+0x3fc30)[0x1475e963fc30]
[genoahost093:2342503] [ 1] /lib64/libc.so.6(+0x8d02c)[0x1475e968d02c]
[genoahost093:2342503] [ 2] /lib64/libc.so.6(raise+0x16)[0x1475e963fb86]
[genoahost093:2342503] [ 3] /lib64/libc.so.6(abort+0xd3)[0x1475e9629873]
[genoahost093:2342503] [ 4] /lib64/libc.so.6(+0x2979b)[0x1475e962979b]
[genoahost093:2342503] [ 5] /lib64/libc.so.6(+0x388c6)[0x1475e96388c6]
[genoahost093:2342503] [ 6] /direct/sdcc+u/poare/Grid/build/examples/./Example_spec_kryschur[0x4cc206]
[genoahost093:2342503] [ 7] /direct/sdcc+u/poare/Grid/build/examples/./Example_spec_kryschur[0x4cc2f1]
[genoahost093:2342503] [ 8] /direct/sdcc+u/poare/Grid/build/examples/./Example_spec_kryschur[0x4c7e95]
[genoahost093:2342503] [ 9] /direct/sdcc+u/poare/Grid/build/examples/./Example_spec_kryschur[0x4b5f4f]
[genoahost093:2342503] [10] /direct/sdcc+u/poare/Grid/build/examples/./Example_spec_kryschur[0x41180d]
[genoahost093:2342503] [11] /lib64/libc.so.6(+0x2a610)[0x1475e962a610]
[genoahost093:2342503] [12] /lib64/libc.so.6(__libc_start_main+0x80)[0x1475e962a6c0]
[genoahost093:2342503] [13] /direct/sdcc+u/poare/Grid/build/examples/./Example_spec_kryschur[0x4147f5]
[genoahost093:2342503] *** End of error message ***

__|__|__|__|__|__|__|__|__|__|__|__|__|__|__
__|__|__|__|__|__|__|__|__|__|__|__|__|__|__
__|_ |  |  |  |  |  |  |  |  |  |  |  | _|__
__|_                                    _|__
__|_   GGGG    RRRR    III    DDDD      _|__
__|_  G        R   R    I     D   D     _|__
__|_  G        R   R    I     D    D    _|__
__|_  G  GG    RRRR     I     D    D    _|__
__|_  G   G    R  R     I     D   D     _|__
__|_   GGGG    R   R   III    DDDD      _|__
__|_                                    _|__
__|__|__|__|__|__|__|__|__|__|__|__|__|__|__
__|__|__|__|__|__|__|__|__|__|__|__|__|__|__
  |  |  |  |  |  |  |  |  |  |  |  |  |  |  


Copyright (C) 2015 Peter Boyle, Azusa Yamaguchi, Guido Cossu, Antonin Portelli and other authors

This program is free software; you can redistribute it and/or modify
it under the terms of the GNU General Public License as published by
the Free Software Foundation; either version 2 of the License, or
(at your option) any later version.

This program is distributed in the hope that it will be useful,
but WITHOUT ANY WARRANTY; without even the implied warranty of
MERCHANTABILITY or FITNESS FOR A PARTICULAR PURPOSE.  See the
GNU General Public License for more details.
Current Grid git commit hash=82d411ca7bb8ec4a5b5c3815df23674cfd291070: (HEAD -> develop, origin/develop, origin/HEAD) clean

Grid : Message : ================================================ 
Grid : Message : MPI is initialised and logging filters activated 
Grid : Message : ================================================ 
Grid : Message : This rank is running on host genoahost093.sdcc.bnl.local at local time 2026-03-04 12:30:11
Grid : Message : Requested 17179869184 byte stencil comms buffers 
Grid : Message : MemoryManager::Init() setting up
Grid : Message : MemoryManager::Init() cache pool for recent host   allocations: SMALL 8 LARGE 2 HUGE 0
Grid : Message : MemoryManager::Init() cache pool for recent device allocations: SMALL 16 LARGE 8 Huge 0
Grid : Message : MemoryManager::Init() cache pool for recent shared allocations: SMALL 16 LARGE 8 Huge 0
Grid : Message : MemoryManager::Init() Unified memory space
Sorting eigenvalues using EvalReSmall
Lattice size: [32 32 32 32]
Example_spec_kryschur: ../../Grid/communicator/SharedMemoryMPI.cc:434: static void Grid::GlobalSharedMemory::OptimalCommunicatorSharedMemory(const Coordinate&, ompi_communicator_t*&, Grid::Coordinate&): Assertion `WorldSize==Nprocessors' failed.
[genoahost093:2342497] *** Process received signal ***
[genoahost093:2342497] Signal: Aborted (6)
[genoahost093:2342497] Signal code:  (-6)
[genoahost093:2342497] [ 0] /lib64/libc.so.6(+0x3fc30)[0x154b3c63fc30]
[genoahost093:2342497] [ 1] /lib64/libc.so.6(+0x8d02c)[0x154b3c68d02c]
[genoahost093:2342497] [ 2] /lib64/libc.so.6(raise+0x16)[0x154b3c63fb86]
[genoahost093:2342497] [ 3] /lib64/libc.so.6(abort+0xd3)[0x154b3c629873]
[genoahost093:2342497] [ 4] /lib64/libc.so.6(+0x2979b)[0x154b3c62979b]
[genoahost093:2342497] [ 5] /lib64/libc.so.6(+0x388c6)[0x154b3c6388c6]
[genoahost093:2342497] [ 6] /direct/sdcc+u/poare/Grid/build/examples/./Example_spec_kryschur[0x4cc206]
[genoahost093:2342497] [ 7] /direct/sdcc+u/poare/Grid/build/examples/./Example_spec_kryschur[0x4cc2f1]
[genoahost093:2342497] [ 8] /direct/sdcc+u/poare/Grid/build/examples/./Example_spec_kryschur[0x4c7e95]
[genoahost093:2342497] [ 9] /direct/sdcc+u/poare/Grid/build/examples/./Example_spec_kryschur[0x4b5f4f]
[genoahost093:2342497] [10] /direct/sdcc+u/poare/Grid/build/examples/./Example_spec_kryschur[0x41180d]
[genoahost093:2342497] [11] /lib64/libc.so.6(+0x2a610)[0x154b3c62a610]
[genoahost093:2342497] [12] /lib64/libc.so.6(__libc_start_main+0x80)[0x154b3c62a6c0]
[genoahost093:2342497] [13] /direct/sdcc+u/poare/Grid/build/examples/./Example_spec_kryschur[0x4147f5]
[genoahost093:2342497] *** End of error message ***

__|__|__|__|__|__|__|__|__|__|__|__|__|__|__
__|__|__|__|__|__|__|__|__|__|__|__|__|__|__
__|_ |  |  |  |  |  |  |  |  |  |  |  | _|__
__|_                                    _|__
__|_   GGGG    RRRR    III    DDDD      _|__
__|_  G        R   R    I     D   D     _|__
__|_  G        R   R    I     D    D    _|__
__|_  G  GG    RRRR     I     D    D    _|__
__|_  G   G    R  R     I     D   D     _|__
__|_   GGGG    R   R   III    DDDD      _|__
__|_                                    _|__
__|__|__|__|__|__|__|__|__|__|__|__|__|__|__
__|__|__|__|__|__|__|__|__|__|__|__|__|__|__
  |  |  |  |  |  |  |  |  |  |  |  |  |  |  


Copyright (C) 2015 Peter Boyle, Azusa Yamaguchi, Guido Cossu, Antonin Portelli and other authors

This program is free software; you can redistribute it and/or modify
it under the terms of the GNU General Public License as published by
the Free Software Foundation; either version 2 of the License, or
(at your option) any later version.

This program is distributed in the hope that it will be useful,
but WITHOUT ANY WARRANTY; without even the implied warranty of
MERCHANTABILITY or FITNESS FOR A PARTICULAR PURPOSE.  See the
GNU General Public License for more details.
Current Grid git commit hash=82d411ca7bb8ec4a5b5c3815df23674cfd291070: (HEAD -> develop, origin/develop, origin/HEAD) clean

Grid : Message : ================================================ 
Grid : Message : MPI is initialised and logging filters activated 
Grid : Message : ================================================ 
Grid : Message : This rank is running on host genoahost093.sdcc.bnl.local at local time 2026-03-04 12:30:12
Grid : Message : Requested 17179869184 byte stencil comms buffers 
Grid : Message : MemoryManager::Init() setting up
Grid : Message : MemoryManager::Init() cache pool for recent host   allocations: SMALL 8 LARGE 2 HUGE 0
Grid : Message : MemoryManager::Init() cache pool for recent device allocations: SMALL 16 LARGE 8 Huge 0
Grid : Message : MemoryManager::Init() cache pool for recent shared allocations: SMALL 16 LARGE 8 Huge 0
Grid : Message : MemoryManager::Init() Unified memory space
Sorting eigenvalues using EvalReSmall
Lattice size: [32 32 32 32]
Example_spec_kryschur: ../../Grid/communicator/SharedMemoryMPI.cc:434: static void Grid::GlobalSharedMemory::OptimalCommunicatorSharedMemory(const Coordinate&, ompi_communicator_t*&, Grid::Coordinate&): Assertion `WorldSize==Nprocessors' failed.
[genoahost093:2342505] *** Process received signal ***
[genoahost093:2342505] Signal: Aborted (6)
[genoahost093:2342505] Signal code:  (-6)
[genoahost093:2342505] [ 0] /lib64/libc.so.6(+0x3fc30)[0x14c85f43fc30]
[genoahost093:2342505] [ 1] /lib64/libc.so.6(+0x8d02c)[0x14c85f48d02c]
[genoahost093:2342505] [ 2] /lib64/libc.so.6(raise+0x16)[0x14c85f43fb86]
[genoahost093:2342505] [ 3] /lib64/libc.so.6(abort+0xd3)[0x14c85f429873]
[genoahost093:2342505] [ 4] /lib64/libc.so.6(+0x2979b)[0x14c85f42979b]
[genoahost093:2342505] [ 5] /lib64/libc.so.6(+0x388c6)[0x14c85f4388c6]
[genoahost093:2342505] [ 6] /direct/sdcc+u/poare/Grid/build/examples/./Example_spec_kryschur[0x4cc206]
[genoahost093:2342505] [ 7] /direct/sdcc+u/poare/Grid/build/examples/./Example_spec_kryschur[0x4cc2f1]
[genoahost093:2342505] [ 8] /direct/sdcc+u/poare/Grid/build/examples/./Example_spec_kryschur[0x4c7e95]
[genoahost093:2342505] [ 9] /direct/sdcc+u/poare/Grid/build/examples/./Example_spec_kryschur[0x4b5f4f]
[genoahost093:2342505] [10] /direct/sdcc+u/poare/Grid/build/examples/./Example_spec_kryschur[0x41180d]
[genoahost093:2342505] [11] /lib64/libc.so.6(+0x2a610)[0x14c85f42a610]
[genoahost093:2342505] [12] /lib64/libc.so.6(__libc_start_main+0x80)[0x14c85f42a6c0]
[genoahost093:2342505] [13] /direct/sdcc+u/poare/Grid/build/examples/./Example_spec_kryschur[0x4147f5]
[genoahost093:2342505] *** End of error message ***

__|__|__|__|__|__|__|__|__|__|__|__|__|__|__
__|__|__|__|__|__|__|__|__|__|__|__|__|__|__
__|_ |  |  |  |  |  |  |  |  |  |  |  | _|__
__|_                                    _|__
__|_   GGGG    RRRR    III    DDDD      _|__
__|_  G        R   R    I     D   D     _|__
__|_  G        R   R    I     D    D    _|__
__|_  G  GG    RRRR     I     D    D    _|__
__|_  G   G    R  R     I     D   D     _|__
__|_   GGGG    R   R   III    DDDD      _|__
__|_                                    _|__
__|__|__|__|__|__|__|__|__|__|__|__|__|__|__
__|__|__|__|__|__|__|__|__|__|__|__|__|__|__
  |  |  |  |  |  |  |  |  |  |  |  |  |  |  


Copyright (C) 2015 Peter Boyle, Azusa Yamaguchi, Guido Cossu, Antonin Portelli and other authors

This program is free software; you can redistribute it and/or modify
it under the terms of the GNU General Public License as published by
the Free Software Foundation; either version 2 of the License, or
(at your option) any later version.

This program is distributed in the hope that it will be useful,
but WITHOUT ANY WARRANTY; without even the implied warranty of
MERCHANTABILITY or FITNESS FOR A PARTICULAR PURPOSE.  See the
GNU General Public License for more details.
Current Grid git commit hash=82d411ca7bb8ec4a5b5c3815df23674cfd291070: (HEAD -> develop, origin/develop, origin/HEAD) clean

Grid : Message : ================================================ 
Grid : Message : MPI is initialised and logging filters activated 
Grid : Message : ================================================ 
Grid : Message : This rank is running on host genoahost094.sdcc.bnl.local at local time 2026-03-04 12:30:12
Grid : Message : Requested 17179869184 byte stencil comms buffers 
Grid : Message : MemoryManager::Init() setting up
Grid : Message : MemoryManager::Init() cache pool for recent host   allocations: SMALL 8 LARGE 2 HUGE 0
Grid : Message : MemoryManager::Init() cache pool for recent device allocations: SMALL 16 LARGE 8 Huge 0
Grid : Message : MemoryManager::Init() cache pool for recent shared allocations: SMALL 16 LARGE 8 Huge 0
Grid : Message : MemoryManager::Init() Unified memory space
Sorting eigenvalues using EvalReSmall
Lattice size: [32 32 32 32]
Example_spec_kryschur: ../../Grid/communicator/SharedMemoryMPI.cc:434: static void Grid::GlobalSharedMemory::OptimalCommunicatorSharedMemory(const Coordinate&, ompi_communicator_t*&, Grid::Coordinate&): Assertion `WorldSize==Nprocessors' failed.
[genoahost094:2384244] *** Process received signal ***
[genoahost094:2384244] Signal: Aborted (6)
[genoahost094:2384244] Signal code:  (-6)
[genoahost094:2384244] [ 0] /lib64/libc.so.6(+0x3fc30)[0x14e50863fc30]
[genoahost094:2384244] [ 1] /lib64/libc.so.6(+0x8d02c)[0x14e50868d02c]
[genoahost094:2384244] [ 2] /lib64/libc.so.6(raise+0x16)[0x14e50863fb86]
[genoahost094:2384244] [ 3] /lib64/libc.so.6(abort+0xd3)[0x14e508629873]
[genoahost094:2384244] [ 4] /lib64/libc.so.6(+0x2979b)[0x14e50862979b]
[genoahost094:2384244] [ 5] /lib64/libc.so.6(+0x388c6)[0x14e5086388c6]
[genoahost094:2384244] [ 6] /direct/sdcc+u/poare/Grid/build/examples/./Example_spec_kryschur[0x4cc206]
[genoahost094:2384244] [ 7] /direct/sdcc+u/poare/Grid/build/examples/./Example_spec_kryschur[0x4cc2f1]
[genoahost094:2384244] [ 8] /direct/sdcc+u/poare/Grid/build/examples/./Example_spec_kryschur[0x4c7e95]
[genoahost094:2384244] [ 9] /direct/sdcc+u/poare/Grid/build/examples/./Example_spec_kryschur[0x4b5f4f]
[genoahost094:2384244] [10] /direct/sdcc+u/poare/Grid/build/examples/./Example_spec_kryschur[0x41180d]
[genoahost094:2384244] [11] /lib64/libc.so.6(+0x2a610)[0x14e50862a610]
[genoahost094:2384244] [12] /lib64/libc.so.6(__libc_start_main+0x80)[0x14e50862a6c0]
[genoahost094:2384244] [13] /direct/sdcc+u/poare/Grid/build/examples/./Example_spec_kryschur[0x4147f5]
[genoahost094:2384244] *** End of error message ***
srun: error: genoahost090: task 25: Aborted (core dumped)

__|__|__|__|__|__|__|__|__|__|__|__|__|__|__
__|__|__|__|__|__|__|__|__|__|__|__|__|__|__
__|_ |  |  |  |  |  |  |  |  |  |  |  | _|__
__|_                                    _|__
__|_   GGGG    RRRR    III    DDDD      _|__
__|_  G        R   R    I     D   D     _|__
__|_  G        R   R    I     D    D    _|__
__|_  G  GG    RRRR     I     D    D    _|__
__|_  G   G    R  R     I     D   D     _|__
__|_   GGGG    R   R   III    DDDD      _|__
__|_                                    _|__
__|__|__|__|__|__|__|__|__|__|__|__|__|__|__
__|__|__|__|__|__|__|__|__|__|__|__|__|__|__
  |  |  |  |  |  |  |  |  |  |  |  |  |  |  


Copyright (C) 2015 Peter Boyle, Azusa Yamaguchi, Guido Cossu, Antonin Portelli and other authors

This program is free software; you can redistribute it and/or modify
it under the terms of the GNU General Public License as published by
the Free Software Foundation; either version 2 of the License, or
(at your option) any later version.

This program is distributed in the hope that it will be useful,
but WITHOUT ANY WARRANTY; without even the implied warranty of
MERCHANTABILITY or FITNESS FOR A PARTICULAR PURPOSE.  See the
GNU General Public License for more details.
Current Grid git commit hash=82d411ca7bb8ec4a5b5c3815df23674cfd291070: (HEAD -> develop, origin/develop, origin/HEAD) clean

Grid : Message : ================================================ 
Grid : Message : MPI is initialised and logging filters activated 
Grid : Message : ================================================ 
Grid : Message : This rank is running on host genoahost094.sdcc.bnl.local at local time 2026-03-04 12:30:13
Grid : Message : Requested 17179869184 byte stencil comms buffers 
Grid : Message : MemoryManager::Init() setting up
Grid : Message : MemoryManager::Init() cache pool for recent host   allocations: SMALL 8 LARGE 2 HUGE 0
Grid : Message : MemoryManager::Init() cache pool for recent device allocations: SMALL 16 LARGE 8 Huge 0
Grid : Message : MemoryManager::Init() cache pool for recent shared allocations: SMALL 16 LARGE 8 Huge 0
Grid : Message : MemoryManager::Init() Unified memory space
Sorting eigenvalues using EvalReSmall
Lattice size: [32 32 32 32]
Example_spec_kryschur: ../../Grid/communicator/SharedMemoryMPI.cc:434: static void Grid::GlobalSharedMemory::OptimalCommunicatorSharedMemory(const Coordinate&, ompi_communicator_t*&, Grid::Coordinate&): Assertion `WorldSize==Nprocessors' failed.
[genoahost094:2384248] *** Process received signal ***
[genoahost094:2384248] Signal: Aborted (6)
[genoahost094:2384248] Signal code:  (-6)
[genoahost094:2384248] [ 0] /lib64/libc.so.6(+0x3fc30)[0x14e30f03fc30]
[genoahost094:2384248] [ 1] /lib64/libc.so.6(+0x8d02c)[0x14e30f08d02c]
[genoahost094:2384248] [ 2] /lib64/libc.so.6(raise+0x16)[0x14e30f03fb86]
[genoahost094:2384248] [ 3] /lib64/libc.so.6(abort+0xd3)[0x14e30f029873]
[genoahost094:2384248] [ 4] /lib64/libc.so.6(+0x2979b)[0x14e30f02979b]
[genoahost094:2384248] [ 5] /lib64/libc.so.6(+0x388c6)[0x14e30f0388c6]
[genoahost094:2384248] [ 6] /direct/sdcc+u/poare/Grid/build/examples/./Example_spec_kryschur[0x4cc206]
[genoahost094:2384248] [ 7] /direct/sdcc+u/poare/Grid/build/examples/./Example_spec_kryschur[0x4cc2f1]
[genoahost094:2384248] [ 8] /direct/sdcc+u/poare/Grid/build/examples/./Example_spec_kryschur[0x4c7e95]
[genoahost094:2384248] [ 9] /direct/sdcc+u/poare/Grid/build/examples/./Example_spec_kryschur[0x4b5f4f]
[genoahost094:2384248] [10] /direct/sdcc+u/poare/Grid/build/examples/./Example_spec_kryschur[0x41180d]
[genoahost094:2384248] [11] /lib64/libc.so.6(+0x2a610)[0x14e30f02a610]
[genoahost094:2384248] [12] /lib64/libc.so.6(__libc_start_main+0x80)[0x14e30f02a6c0]
[genoahost094:2384248] [13] /direct/sdcc+u/poare/Grid/build/examples/./Example_spec_kryschur[0x4147f5]
[genoahost094:2384248] *** End of error message ***

__|__|__|__|__|__|__|__|__|__|__|__|__|__|__
__|__|__|__|__|__|__|__|__|__|__|__|__|__|__
__|_ |  |  |  |  |  |  |  |  |  |  |  | _|__
__|_                                    _|__
__|_   GGGG    RRRR    III    DDDD      _|__
__|_  G        R   R    I     D   D     _|__
__|_  G        R   R    I     D    D    _|__
__|_  G  GG    RRRR     I     D    D    _|__
__|_  G   G    R  R     I     D   D     _|__
__|_   GGGG    R   R   III    DDDD      _|__
__|_                                    _|__
__|__|__|__|__|__|__|__|__|__|__|__|__|__|__
__|__|__|__|__|__|__|__|__|__|__|__|__|__|__
  |  |  |  |  |  |  |  |  |  |  |  |  |  |  


Copyright (C) 2015 Peter Boyle, Azusa Yamaguchi, Guido Cossu, Antonin Portelli and other authors

This program is free software; you can redistribute it and/or modify
it under the terms of the GNU General Public License as published by
the Free Software Foundation; either version 2 of the License, or
(at your option) any later version.

This program is distributed in the hope that it will be useful,
but WITHOUT ANY WARRANTY; without even the implied warranty of
MERCHANTABILITY or FITNESS FOR A PARTICULAR PURPOSE.  See the
GNU General Public License for more details.
Current Grid git commit hash=82d411ca7bb8ec4a5b5c3815df23674cfd291070: (HEAD -> develop, origin/develop, origin/HEAD) clean

Grid : Message : ================================================ 
Grid : Message : MPI is initialised and logging filters activated 
Grid : Message : ================================================ 
Grid : Message : This rank is running on host genoahost093.sdcc.bnl.local at local time 2026-03-04 12:30:13
Grid : Message : Requested 17179869184 byte stencil comms buffers 
Grid : Message : MemoryManager::Init() setting up
Grid : Message : MemoryManager::Init() cache pool for recent host   allocations: SMALL 8 LARGE 2 HUGE 0
Grid : Message : MemoryManager::Init() cache pool for recent device allocations: SMALL 16 LARGE 8 Huge 0
Grid : Message : MemoryManager::Init() cache pool for recent shared allocations: SMALL 16 LARGE 8 Huge 0
Grid : Message : MemoryManager::Init() Unified memory space
Sorting eigenvalues using EvalReSmall
Lattice size: [32 32 32 32]
Example_spec_kryschur: ../../Grid/communicator/SharedMemoryMPI.cc:434: static void Grid::GlobalSharedMemory::OptimalCommunicatorSharedMemory(const Coordinate&, ompi_communicator_t*&, Grid::Coordinate&): Assertion `WorldSize==Nprocessors' failed.
[genoahost093:2342510] *** Process received signal ***
[genoahost093:2342510] Signal: Aborted (6)
[genoahost093:2342510] Signal code:  (-6)
[genoahost093:2342510] [ 0] /lib64/libc.so.6(+0x3fc30)[0x14ab3b83fc30]
[genoahost093:2342510] [ 1] /lib64/libc.so.6(+0x8d02c)[0x14ab3b88d02c]
[genoahost093:2342510] [ 2] /lib64/libc.so.6(raise+0x16)[0x14ab3b83fb86]
[genoahost093:2342510] [ 3] /lib64/libc.so.6(abort+0xd3)[0x14ab3b829873]
[genoahost093:2342510] [ 4] /lib64/libc.so.6(+0x2979b)[0x14ab3b82979b]
[genoahost093:2342510] [ 5] /lib64/libc.so.6(+0x388c6)[0x14ab3b8388c6]
[genoahost093:2342510] [ 6] /direct/sdcc+u/poare/Grid/build/examples/./Example_spec_kryschur[0x4cc206]
[genoahost093:2342510] [ 7] /direct/sdcc+u/poare/Grid/build/examples/./Example_spec_kryschur[0x4cc2f1]
[genoahost093:2342510] [ 8] /direct/sdcc+u/poare/Grid/build/examples/./Example_spec_kryschur[0x4c7e95]
[genoahost093:2342510] [ 9] /direct/sdcc+u/poare/Grid/build/examples/./Example_spec_kryschur[0x4b5f4f]
[genoahost093:2342510] [10] /direct/sdcc+u/poare/Grid/build/examples/./Example_spec_kryschur[0x41180d]
[genoahost093:2342510] [11] /lib64/libc.so.6(+0x2a610)[0x14ab3b82a610]
[genoahost093:2342510] [12] /lib64/libc.so.6(__libc_start_main+0x80)[0x14ab3b82a6c0]
[genoahost093:2342510] [13] /direct/sdcc+u/poare/Grid/build/examples/./Example_spec_kryschur[0x4147f5]
[genoahost093:2342510] *** End of error message ***
srun: error: genoahost094: task 93: Aborted (core dumped)
srun: error: genoahost094: task 84: Aborted (core dumped)
srun: error: genoahost096: task 114: Aborted (core dumped)

__|__|__|__|__|__|__|__|__|__|__|__|__|__|__
__|__|__|__|__|__|__|__|__|__|__|__|__|__|__
__|_ |  |  |  |  |  |  |  |  |  |  |  | _|__
__|_                                    _|__
__|_   GGGG    RRRR    III    DDDD      _|__
__|_  G        R   R    I     D   D     _|__
__|_  G        R   R    I     D    D    _|__
__|_  G  GG    RRRR     I     D    D    _|__
__|_  G   G    R  R     I     D   D     _|__
__|_   GGGG    R   R   III    DDDD      _|__
__|_                                    _|__
__|__|__|__|__|__|__|__|__|__|__|__|__|__|__
__|__|__|__|__|__|__|__|__|__|__|__|__|__|__
  |  |  |  |  |  |  |  |  |  |  |  |  |  |  


Copyright (C) 2015 Peter Boyle, Azusa Yamaguchi, Guido Cossu, Antonin Portelli and other authors

This program is free software; you can redistribute it and/or modify
it under the terms of the GNU General Public License as published by
the Free Software Foundation; either version 2 of the License, or
(at your option) any later version.

This program is distributed in the hope that it will be useful,
but WITHOUT ANY WARRANTY; without even the implied warranty of
MERCHANTABILITY or FITNESS FOR A PARTICULAR PURPOSE.  See the
GNU General Public License for more details.
Current Grid git commit hash=82d411ca7bb8ec4a5b5c3815df23674cfd291070: (HEAD -> develop, origin/develop, origin/HEAD) clean

Grid : Message : ================================================ 
Grid : Message : MPI is initialised and logging filters activated 
Grid : Message : ================================================ 
Grid : Message : This rank is running on host genoahost092.sdcc.bnl.local at local time 2026-03-04 12:30:22
Grid : Message : Requested 17179869184 byte stencil comms buffers 
Grid : Message : MemoryManager::Init() setting up
Grid : Message : MemoryManager::Init() cache pool for recent host   allocations: SMALL 8 LARGE 2 HUGE 0
Grid : Message : MemoryManager::Init() cache pool for recent device allocations: SMALL 16 LARGE 8 Huge 0
Grid : Message : MemoryManager::Init() cache pool for recent shared allocations: SMALL 16 LARGE 8 Huge 0
Grid : Message : MemoryManager::Init() Unified memory space
Sorting eigenvalues using EvalReSmall
Lattice size: [32 32 32 32]
Example_spec_kryschur: ../../Grid/communicator/SharedMemoryMPI.cc:434: static void Grid::GlobalSharedMemory::OptimalCommunicatorSharedMemory(const Coordinate&, ompi_communicator_t*&, Grid::Coordinate&): Assertion `WorldSize==Nprocessors' failed.
[genoahost092:2287357] *** Process received signal ***
[genoahost092:2287357] Signal: Aborted (6)
[genoahost092:2287357] Signal code:  (-6)
[genoahost092:2287357] [ 0] /lib64/libc.so.6(+0x3fc30)[0x14dd43a3fc30]
[genoahost092:2287357] [ 1] /lib64/libc.so.6(+0x8d02c)[0x14dd43a8d02c]
[genoahost092:2287357] [ 2] /lib64/libc.so.6(raise+0x16)[0x14dd43a3fb86]
[genoahost092:2287357] [ 3] /lib64/libc.so.6(abort+0xd3)[0x14dd43a29873]
[genoahost092:2287357] [ 4] /lib64/libc.so.6(+0x2979b)[0x14dd43a2979b]
[genoahost092:2287357] [ 5] /lib64/libc.so.6(+0x388c6)[0x14dd43a388c6]
[genoahost092:2287357] [ 6] /direct/sdcc+u/poare/Grid/build/examples/./Example_spec_kryschur[0x4cc206]
[genoahost092:2287357] [ 7] /direct/sdcc+u/poare/Grid/build/examples/./Example_spec_kryschur[0x4cc2f1]
[genoahost092:2287357] [ 8] /direct/sdcc+u/poare/Grid/build/examples/./Example_spec_kryschur[0x4c7e95]
[genoahost092:2287357] [ 9] /direct/sdcc+u/poare/Grid/build/examples/./Example_spec_kryschur[0x4b5f4f]
[genoahost092:2287357] [10] /direct/sdcc+u/poare/Grid/build/examples/./Example_spec_kryschur[0x41180d]
[genoahost092:2287357] [11] /lib64/libc.so.6(+0x2a610)[0x14dd43a2a610]
[genoahost092:2287357] [12] /lib64/libc.so.6(__libc_start_main+0x80)[0x14dd43a2a6c0]
[genoahost092:2287357] [13] /direct/sdcc+u/poare/Grid/build/examples/./Example_spec_kryschur[0x4147f5]
[genoahost092:2287357] *** End of error message ***

__|__|__|__|__|__|__|__|__|__|__|__|__|__|__
__|__|__|__|__|__|__|__|__|__|__|__|__|__|__
__|_ |  |  |  |  |  |  |  |  |  |  |  | _|__
__|_                                    _|__
__|_   GGGG    RRRR    III    DDDD      _|__
__|_  G        R   R    I     D   D     _|__
__|_  G        R   R    I     D    D    _|__
__|_  G  GG    RRRR     I     D    D    _|__
__|_  G   G    R  R     I     D   D     _|__
__|_   GGGG    R   R   III    DDDD      _|__
__|_                                    _|__
__|__|__|__|__|__|__|__|__|__|__|__|__|__|__
__|__|__|__|__|__|__|__|__|__|__|__|__|__|__
  |  |  |  |  |  |  |  |  |  |  |  |  |  |  


Copyright (C) 2015 Peter Boyle, Azusa Yamaguchi, Guido Cossu, Antonin Portelli and other authors

This program is free software; you can redistribute it and/or modify
it under the terms of the GNU General Public License as published by
the Free Software Foundation; either version 2 of the License, or
(at your option) any later version.

This program is distributed in the hope that it will be useful,
but WITHOUT ANY WARRANTY; without even the implied warranty of
MERCHANTABILITY or FITNESS FOR A PARTICULAR PURPOSE.  See the
GNU General Public License for more details.
Current Grid git commit hash=82d411ca7bb8ec4a5b5c3815df23674cfd291070: (HEAD -> develop, origin/develop, origin/HEAD) clean

Grid : Message : ================================================ 
Grid : Message : MPI is initialised and logging filters activated 
Grid : Message : ================================================ 
Grid : Message : This rank is running on host genoahost092.sdcc.bnl.local at local time 2026-03-04 12:30:24
Grid : Message : Requested 17179869184 byte stencil comms buffers 
Grid : Message : MemoryManager::Init() setting up
Grid : Message : MemoryManager::Init() cache pool for recent host   allocations: SMALL 8 LARGE 2 HUGE 0
Grid : Message : MemoryManager::Init() cache pool for recent device allocations: SMALL 16 LARGE 8 Huge 0
Grid : Message : MemoryManager::Init() cache pool for recent shared allocations: SMALL 16 LARGE 8 Huge 0
Grid : Message : MemoryManager::Init() Unified memory space
Sorting eigenvalues using EvalReSmall
Lattice size: [32 32 32 32]
Example_spec_kryschur: ../../Grid/communicator/SharedMemoryMPI.cc:434: static void Grid::GlobalSharedMemory::OptimalCommunicatorSharedMemory(const Coordinate&, ompi_communicator_t*&, Grid::Coordinate&): Assertion `WorldSize==Nprocessors' failed.
[genoahost092:2287359] *** Process received signal ***
[genoahost092:2287359] Signal: Aborted (6)
[genoahost092:2287359] Signal code:  (-6)
[genoahost092:2287359] [ 0] /lib64/libc.so.6(+0x3fc30)[0x149f1a63fc30]
[genoahost092:2287359] [ 1] /lib64/libc.so.6(+0x8d02c)[0x149f1a68d02c]
[genoahost092:2287359] [ 2] /lib64/libc.so.6(raise+0x16)[0x149f1a63fb86]
[genoahost092:2287359] [ 3] /lib64/libc.so.6(abort+0xd3)[0x149f1a629873]
[genoahost092:2287359] [ 4] /lib64/libc.so.6(+0x2979b)[0x149f1a62979b]
[genoahost092:2287359] [ 5] /lib64/libc.so.6(+0x388c6)[0x149f1a6388c6]
[genoahost092:2287359] [ 6] /direct/sdcc+u/poare/Grid/build/examples/./Example_spec_kryschur[0x4cc206]
[genoahost092:2287359] [ 7] /direct/sdcc+u/poare/Grid/build/examples/./Example_spec_kryschur[0x4cc2f1]
[genoahost092:2287359] [ 8] /direct/sdcc+u/poare/Grid/build/examples/./Example_spec_kryschur[0x4c7e95]
[genoahost092:2287359] [ 9] /direct/sdcc+u/poare/Grid/build/examples/./Example_spec_kryschur[0x4b5f4f]
[genoahost092:2287359] [10] /direct/sdcc+u/poare/Grid/build/examples/./Example_spec_kryschur[0x41180d]
[genoahost092:2287359] [11] /lib64/libc.so.6(+0x2a610)[0x149f1a62a610]
[genoahost092:2287359] [12] /lib64/libc.so.6(__libc_start_main+0x80)[0x149f1a62a6c0]
[genoahost092:2287359] [13] /direct/sdcc+u/poare/Grid/build/examples/./Example_spec_kryschur[0x4147f5]
[genoahost092:2287359] *** End of error message ***

__|__|__|__|__|__|__|__|__|__|__|__|__|__|__
__|__|__|__|__|__|__|__|__|__|__|__|__|__|__
__|_ |  |  |  |  |  |  |  |  |  |  |  | _|__
__|_                                    _|__
__|_   GGGG    RRRR    III    DDDD      _|__
__|_  G        R   R    I     D   D     _|__
__|_  G        R   R    I     D    D    _|__
__|_  G  GG    RRRR     I     D    D    _|__
__|_  G   G    R  R     I     D   D     _|__
__|_   GGGG    R   R   III    DDDD      _|__
__|_                                    _|__
__|__|__|__|__|__|__|__|__|__|__|__|__|__|__
__|__|__|__|__|__|__|__|__|__|__|__|__|__|__
  |  |  |  |  |  |  |  |  |  |  |  |  |  |  


Copyright (C) 2015 Peter Boyle, Azusa Yamaguchi, Guido Cossu, Antonin Portelli and other authors

This program is free software; you can redistribute it and/or modify
it under the terms of the GNU General Public License as published by
the Free Software Foundation; either version 2 of the License, or
(at your option) any later version.

This program is distributed in the hope that it will be useful,
but WITHOUT ANY WARRANTY; without even the implied warranty of
MERCHANTABILITY or FITNESS FOR A PARTICULAR PURPOSE.  See the
GNU General Public License for more details.
Current Grid git commit hash=82d411ca7bb8ec4a5b5c3815df23674cfd291070: (HEAD -> develop, origin/develop, origin/HEAD) clean

Grid : Message : ================================================ 
Grid : Message : MPI is initialised and logging filters activated 
Grid : Message : ================================================ 
Grid : Message : This rank is running on host genoahost092.sdcc.bnl.local at local time 2026-03-04 12:30:24
Grid : Message : Requested 17179869184 byte stencil comms buffers 
Grid : Message : MemoryManager::Init() setting up
Grid : Message : MemoryManager::Init() cache pool for recent host   allocations: SMALL 8 LARGE 2 HUGE 0
Grid : Message : MemoryManager::Init() cache pool for recent device allocations: SMALL 16 LARGE 8 Huge 0
Grid : Message : MemoryManager::Init() cache pool for recent shared allocations: SMALL 16 LARGE 8 Huge 0
Grid : Message : MemoryManager::Init() Unified memory space
Sorting eigenvalues using EvalReSmall
Lattice size: [32 32 32 32]
Example_spec_kryschur: ../../Grid/communicator/SharedMemoryMPI.cc:434: static void Grid::GlobalSharedMemory::OptimalCommunicatorSharedMemory(const Coordinate&, ompi_communicator_t*&, Grid::Coordinate&): Assertion `WorldSize==Nprocessors' failed.
[genoahost092:2287351] *** Process received signal ***
[genoahost092:2287351] Signal: Aborted (6)
[genoahost092:2287351] Signal code:  (-6)
[genoahost092:2287351] [ 0] /lib64/libc.so.6(+0x3fc30)[0x14f26bc3fc30]
[genoahost092:2287351] [ 1] /lib64/libc.so.6(+0x8d02c)[0x14f26bc8d02c]
[genoahost092:2287351] [ 2] /lib64/libc.so.6(raise+0x16)[0x14f26bc3fb86]
[genoahost092:2287351] [ 3] /lib64/libc.so.6(abort+0xd3)[0x14f26bc29873]
[genoahost092:2287351] [ 4] /lib64/libc.so.6(+0x2979b)[0x14f26bc2979b]
[genoahost092:2287351] [ 5] /lib64/libc.so.6(+0x388c6)[0x14f26bc388c6]
[genoahost092:2287351] [ 6] /direct/sdcc+u/poare/Grid/build/examples/./Example_spec_kryschur[0x4cc206]
[genoahost092:2287351] [ 7] /direct/sdcc+u/poare/Grid/build/examples/./Example_spec_kryschur[0x4cc2f1]
[genoahost092:2287351] [ 8] /direct/sdcc+u/poare/Grid/build/examples/./Example_spec_kryschur[0x4c7e95]
[genoahost092:2287351] [ 9] /direct/sdcc+u/poare/Grid/build/examples/./Example_spec_kryschur[0x4b5f4f]
[genoahost092:2287351] [10] /direct/sdcc+u/poare/Grid/build/examples/./Example_spec_kryschur[0x41180d]
[genoahost092:2287351] [11] /lib64/libc.so.6(+0x2a610)[0x14f26bc2a610]
[genoahost092:2287351] [12] /lib64/libc.so.6(__libc_start_main+0x80)[0x14f26bc2a6c0]
[genoahost092:2287351] [13] /direct/sdcc+u/poare/Grid/build/examples/./Example_spec_kryschur[0x4147f5]
[genoahost092:2287351] *** End of error message ***

__|__|__|__|__|__|__|__|__|__|__|__|__|__|__
__|__|__|__|__|__|__|__|__|__|__|__|__|__|__
__|_ |  |  |  |  |  |  |  |  |  |  |  | _|__
__|_                                    _|__
__|_   GGGG    RRRR    III    DDDD      _|__
__|_  G        R   R    I     D   D     _|__
__|_  G        R   R    I     D    D    _|__
__|_  G  GG    RRRR     I     D    D    _|__
__|_  G   G    R  R     I     D   D     _|__
__|_   GGGG    R   R   III    DDDD      _|__
__|_                                    _|__
__|__|__|__|__|__|__|__|__|__|__|__|__|__|__
__|__|__|__|__|__|__|__|__|__|__|__|__|__|__
  |  |  |  |  |  |  |  |  |  |  |  |  |  |  


Copyright (C) 2015 Peter Boyle, Azusa Yamaguchi, Guido Cossu, Antonin Portelli and other authors

This program is free software; you can redistribute it and/or modify
it under the terms of the GNU General Public License as published by
the Free Software Foundation; either version 2 of the License, or
(at your option) any later version.

This program is distributed in the hope that it will be useful,
but WITHOUT ANY WARRANTY; without even the implied warranty of
MERCHANTABILITY or FITNESS FOR A PARTICULAR PURPOSE.  See the
GNU General Public License for more details.
Current Grid git commit hash=82d411ca7bb8ec4a5b5c3815df23674cfd291070: (HEAD -> develop, origin/develop, origin/HEAD) clean

Grid : Message : ================================================ 
Grid : Message : MPI is initialised and logging filters activated 
Grid : Message : ================================================ 
Grid : Message : This rank is running on host genoahost096.sdcc.bnl.local at local time 2026-03-04 12:30:24
Grid : Message : Requested 17179869184 byte stencil comms buffers 
Grid : Message : MemoryManager::Init() setting up
Grid : Message : MemoryManager::Init() cache pool for recent host   allocations: SMALL 8 LARGE 2 HUGE 0
Grid : Message : MemoryManager::Init() cache pool for recent device allocations: SMALL 16 LARGE 8 Huge 0
Grid : Message : MemoryManager::Init() cache pool for recent shared allocations: SMALL 16 LARGE 8 Huge 0
Grid : Message : MemoryManager::Init() Unified memory space
Sorting eigenvalues using EvalReSmall
Lattice size: [32 32 32 32]
Example_spec_kryschur: ../../Grid/communicator/SharedMemoryMPI.cc:434: static void Grid::GlobalSharedMemory::OptimalCommunicatorSharedMemory(const Coordinate&, ompi_communicator_t*&, Grid::Coordinate&): Assertion `WorldSize==Nprocessors' failed.
[genoahost096:2313450] *** Process received signal ***
[genoahost096:2313450] Signal: Aborted (6)
[genoahost096:2313450] Signal code:  (-6)
[genoahost096:2313450] [ 0] /lib64/libc.so.6(+0x3fc30)[0x152f88c3fc30]
[genoahost096:2313450] [ 1] /lib64/libc.so.6(+0x8d02c)[0x152f88c8d02c]
[genoahost096:2313450] [ 2] /lib64/libc.so.6(raise+0x16)[0x152f88c3fb86]
[genoahost096:2313450] [ 3] /lib64/libc.so.6(abort+0xd3)[0x152f88c29873]
[genoahost096:2313450] [ 4] /lib64/libc.so.6(+0x2979b)[0x152f88c2979b]
[genoahost096:2313450] [ 5] /lib64/libc.so.6(+0x388c6)[0x152f88c388c6]
[genoahost096:2313450] [ 6] /direct/sdcc+u/poare/Grid/build/examples/./Example_spec_kryschur[0x4cc206]
[genoahost096:2313450] [ 7] /direct/sdcc+u/poare/Grid/build/examples/./Example_spec_kryschur[0x4cc2f1]
[genoahost096:2313450] [ 8] /direct/sdcc+u/poare/Grid/build/examples/./Example_spec_kryschur[0x4c7e95]
[genoahost096:2313450] [ 9] /direct/sdcc+u/poare/Grid/build/examples/./Example_spec_kryschur[0x4b5f4f]
[genoahost096:2313450] [10] /direct/sdcc+u/poare/Grid/build/examples/./Example_spec_kryschur[0x41180d]
[genoahost096:2313450] [11] /lib64/libc.so.6(+0x2a610)[0x152f88c2a610]
[genoahost096:2313450] [12] /lib64/libc.so.6(__libc_start_main+0x80)[0x152f88c2a6c0]
[genoahost096:2313450] [13] /direct/sdcc+u/poare/Grid/build/examples/./Example_spec_kryschur[0x4147f5]
[genoahost096:2313450] *** End of error message ***

__|__|__|__|__|__|__|__|__|__|__|__|__|__|__
__|__|__|__|__|__|__|__|__|__|__|__|__|__|__
__|_ |  |  |  |  |  |  |  |  |  |  |  | _|__
__|_                                    _|__
__|_   GGGG    RRRR    III    DDDD      _|__
__|_  G        R   R    I     D   D     _|__
__|_  G        R   R    I     D    D    _|__
__|_  G  GG    RRRR     I     D    D    _|__
__|_  G   G    R  R     I     D   D     _|__
__|_   GGGG    R   R   III    DDDD      _|__
__|_                                    _|__
__|__|__|__|__|__|__|__|__|__|__|__|__|__|__
__|__|__|__|__|__|__|__|__|__|__|__|__|__|__
  |  |  |  |  |  |  |  |  |  |  |  |  |  |  


Copyright (C) 2015 Peter Boyle, Azusa Yamaguchi, Guido Cossu, Antonin Portelli and other authors

This program is free software; you can redistribute it and/or modify
it under the terms of the GNU General Public License as published by
the Free Software Foundation; either version 2 of the License, or
(at your option) any later version.

This program is distributed in the hope that it will be useful,
but WITHOUT ANY WARRANTY; without even the implied warranty of
MERCHANTABILITY or FITNESS FOR A PARTICULAR PURPOSE.  See the
GNU General Public License for more details.
Current Grid git commit hash=82d411ca7bb8ec4a5b5c3815df23674cfd291070: (HEAD -> develop, origin/develop, origin/HEAD) clean

Grid : Message : ================================================ 
Grid : Message : MPI is initialised and logging filters activated 
Grid : Message : ================================================ 
Grid : Message : This rank is running on host genoahost096.sdcc.bnl.local at local time 2026-03-04 12:30:24
Grid : Message : Requested 17179869184 byte stencil comms buffers 
Grid : Message : MemoryManager::Init() setting up
Grid : Message : MemoryManager::Init() cache pool for recent host   allocations: SMALL 8 LARGE 2 HUGE 0
Grid : Message : MemoryManager::Init() cache pool for recent device allocations: SMALL 16 LARGE 8 Huge 0
Grid : Message : MemoryManager::Init() cache pool for recent shared allocations: SMALL 16 LARGE 8 Huge 0
Grid : Message : MemoryManager::Init() Unified memory space
Sorting eigenvalues using EvalReSmall
Lattice size: [32 32 32 32]
Example_spec_kryschur: ../../Grid/communicator/SharedMemoryMPI.cc:434: static void Grid::GlobalSharedMemory::OptimalCommunicatorSharedMemory(const Coordinate&, ompi_communicator_t*&, Grid::Coordinate&): Assertion `WorldSize==Nprocessors' failed.
[genoahost096:2313437] *** Process received signal ***
[genoahost096:2313437] Signal: Aborted (6)
[genoahost096:2313437] Signal code:  (-6)
[genoahost096:2313437] [ 0] /lib64/libc.so.6(+0x3fc30)[0x148bdbe3fc30]
[genoahost096:2313437] [ 1] /lib64/libc.so.6(+0x8d02c)[0x148bdbe8d02c]
[genoahost096:2313437] [ 2] /lib64/libc.so.6(raise+0x16)[0x148bdbe3fb86]
[genoahost096:2313437] [ 3] /lib64/libc.so.6(abort+0xd3)[0x148bdbe29873]
[genoahost096:2313437] [ 4] /lib64/libc.so.6(+0x2979b)[0x148bdbe2979b]
[genoahost096:2313437] [ 5] /lib64/libc.so.6(+0x388c6)[0x148bdbe388c6]
[genoahost096:2313437] [ 6] /direct/sdcc+u/poare/Grid/build/examples/./Example_spec_kryschur[0x4cc206]
[genoahost096:2313437] [ 7] /direct/sdcc+u/poare/Grid/build/examples/./Example_spec_kryschur[0x4cc2f1]
[genoahost096:2313437] [ 8] /direct/sdcc+u/poare/Grid/build/examples/./Example_spec_kryschur[0x4c7e95]
[genoahost096:2313437] [ 9] /direct/sdcc+u/poare/Grid/build/examples/./Example_spec_kryschur[0x4b5f4f]
[genoahost096:2313437] [10] /direct/sdcc+u/poare/Grid/build/examples/./Example_spec_kryschur[0x41180d]
[genoahost096:2313437] [11] /lib64/libc.so.6(+0x2a610)[0x148bdbe2a610]
[genoahost096:2313437] [12] /lib64/libc.so.6(__libc_start_main+0x80)[0x148bdbe2a6c0]
[genoahost096:2313437] [13] /direct/sdcc+u/poare/Grid/build/examples/./Example_spec_kryschur[0x4147f5]
[genoahost096:2313437] *** End of error message ***

__|__|__|__|__|__|__|__|__|__|__|__|__|__|__
__|__|__|__|__|__|__|__|__|__|__|__|__|__|__
__|_ |  |  |  |  |  |  |  |  |  |  |  | _|__
__|_                                    _|__
__|_   GGGG    RRRR    III    DDDD      _|__
__|_  G        R   R    I     D   D     _|__
__|_  G        R   R    I     D    D    _|__
__|_  G  GG    RRRR     I     D    D    _|__
__|_  G   G    R  R     I     D   D     _|__
__|_   GGGG    R   R   III    DDDD      _|__
__|_                                    _|__
__|__|__|__|__|__|__|__|__|__|__|__|__|__|__
__|__|__|__|__|__|__|__|__|__|__|__|__|__|__
  |  |  |  |  |  |  |  |  |  |  |  |  |  |  


Copyright (C) 2015 Peter Boyle, Azusa Yamaguchi, Guido Cossu, Antonin Portelli and other authors

This program is free software; you can redistribute it and/or modify
it under the terms of the GNU General Public License as published by
the Free Software Foundation; either version 2 of the License, or
(at your option) any later version.

This program is distributed in the hope that it will be useful,
but WITHOUT ANY WARRANTY; without even the implied warranty of
MERCHANTABILITY or FITNESS FOR A PARTICULAR PURPOSE.  See the
GNU General Public License for more details.
Current Grid git commit hash=82d411ca7bb8ec4a5b5c3815df23674cfd291070: (HEAD -> develop, origin/develop, origin/HEAD) clean

Grid : Message : ================================================ 
Grid : Message : MPI is initialised and logging filters activated 
Grid : Message : ================================================ 
Grid : Message : This rank is running on host genoahost096.sdcc.bnl.local at local time 2026-03-04 12:30:25
Grid : Message : Requested 17179869184 byte stencil comms buffers 
Grid : Message : MemoryManager::Init() setting up
Grid : Message : MemoryManager::Init() cache pool for recent host   allocations: SMALL 8 LARGE 2 HUGE 0
Grid : Message : MemoryManager::Init() cache pool for recent device allocations: SMALL 16 LARGE 8 Huge 0
Grid : Message : MemoryManager::Init() cache pool for recent shared allocations: SMALL 16 LARGE 8 Huge 0
Grid : Message : MemoryManager::Init() Unified memory space
Sorting eigenvalues using EvalReSmall
Lattice size: [32 32 32 32]
Example_spec_kryschur: ../../Grid/communicator/SharedMemoryMPI.cc:434: static void Grid::GlobalSharedMemory::OptimalCommunicatorSharedMemory(const Coordinate&, ompi_communicator_t*&, Grid::Coordinate&): Assertion `WorldSize==Nprocessors' failed.
[genoahost096:2313436] *** Process received signal ***
[genoahost096:2313436] Signal: Aborted (6)
[genoahost096:2313436] Signal code:  (-6)
[genoahost096:2313436] [ 0] /lib64/libc.so.6(+0x3fc30)[0x145f1863fc30]
[genoahost096:2313436] [ 1] /lib64/libc.so.6(+0x8d02c)[0x145f1868d02c]
[genoahost096:2313436] [ 2] /lib64/libc.so.6(raise+0x16)[0x145f1863fb86]
[genoahost096:2313436] [ 3] /lib64/libc.so.6(abort+0xd3)[0x145f18629873]
[genoahost096:2313436] [ 4] /lib64/libc.so.6(+0x2979b)[0x145f1862979b]
[genoahost096:2313436] [ 5] /lib64/libc.so.6(+0x388c6)[0x145f186388c6]
[genoahost096:2313436] [ 6] /direct/sdcc+u/poare/Grid/build/examples/./Example_spec_kryschur[0x4cc206]
[genoahost096:2313436] [ 7] /direct/sdcc+u/poare/Grid/build/examples/./Example_spec_kryschur[0x4cc2f1]
[genoahost096:2313436] [ 8] /direct/sdcc+u/poare/Grid/build/examples/./Example_spec_kryschur[0x4c7e95]
[genoahost096:2313436] [ 9] /direct/sdcc+u/poare/Grid/build/examples/./Example_spec_kryschur[0x4b5f4f]
[genoahost096:2313436] [10] /direct/sdcc+u/poare/Grid/build/examples/./Example_spec_kryschur[0x41180d]
[genoahost096:2313436] [11] /lib64/libc.so.6(+0x2a610)[0x145f1862a610]
[genoahost096:2313436] [12] /lib64/libc.so.6(__libc_start_main+0x80)[0x145f1862a6c0]
[genoahost096:2313436] [13] /direct/sdcc+u/poare/Grid/build/examples/./Example_spec_kryschur[0x4147f5]
[genoahost096:2313436] *** End of error message ***

__|__|__|__|__|__|__|__|__|__|__|__|__|__|__
__|__|__|__|__|__|__|__|__|__|__|__|__|__|__
__|_ |  |  |  |  |  |  |  |  |  |  |  | _|__
__|_                                    _|__
__|_   GGGG    RRRR    III    DDDD      _|__
__|_  G        R   R    I     D   D     _|__
__|_  G        R   R    I     D    D    _|__
__|_  G  GG    RRRR     I     D    D    _|__
__|_  G   G    R  R     I     D   D     _|__
__|_   GGGG    R   R   III    DDDD      _|__
__|_                                    _|__
__|__|__|__|__|__|__|__|__|__|__|__|__|__|__
__|__|__|__|__|__|__|__|__|__|__|__|__|__|__
  |  |  |  |  |  |  |  |  |  |  |  |  |  |  


Copyright (C) 2015 Peter Boyle, Azusa Yamaguchi, Guido Cossu, Antonin Portelli and other authors

This program is free software; you can redistribute it and/or modify
it under the terms of the GNU General Public License as published by
the Free Software Foundation; either version 2 of the License, or
(at your option) any later version.

This program is distributed in the hope that it will be useful,
but WITHOUT ANY WARRANTY; without even the implied warranty of
MERCHANTABILITY or FITNESS FOR A PARTICULAR PURPOSE.  See the
GNU General Public License for more details.
Current Grid git commit hash=82d411ca7bb8ec4a5b5c3815df23674cfd291070: (HEAD -> develop, origin/develop, origin/HEAD) clean

Grid : Message : ================================================ 
Grid : Message : MPI is initialised and logging filters activated 
Grid : Message : ================================================ 
Grid : Message : This rank is running on host genoahost096.sdcc.bnl.local at local time 2026-03-04 12:30:26
Grid : Message : Requested 17179869184 byte stencil comms buffers 
Grid : Message : MemoryManager::Init() setting up
Grid : Message : MemoryManager::Init() cache pool for recent host   allocations: SMALL 8 LARGE 2 HUGE 0
Grid : Message : MemoryManager::Init() cache pool for recent device allocations: SMALL 16 LARGE 8 Huge 0
Grid : Message : MemoryManager::Init() cache pool for recent shared allocations: SMALL 16 LARGE 8 Huge 0
Grid : Message : MemoryManager::Init() Unified memory space
Sorting eigenvalues using EvalReSmall
Lattice size: [32 32 32 32]
Example_spec_kryschur: ../../Grid/communicator/SharedMemoryMPI.cc:434: static void Grid::GlobalSharedMemory::OptimalCommunicatorSharedMemory(const Coordinate&, ompi_communicator_t*&, Grid::Coordinate&): Assertion `WorldSize==Nprocessors' failed.
[genoahost096:2313445] *** Process received signal ***
[genoahost096:2313445] Signal: Aborted (6)
[genoahost096:2313445] Signal code:  (-6)
[genoahost096:2313445] [ 0] /lib64/libc.so.6(+0x3fc30)[0x148a96e3fc30]
[genoahost096:2313445] [ 1] /lib64/libc.so.6(+0x8d02c)[0x148a96e8d02c]
[genoahost096:2313445] [ 2] /lib64/libc.so.6(raise+0x16)[0x148a96e3fb86]
[genoahost096:2313445] [ 3] /lib64/libc.so.6(abort+0xd3)[0x148a96e29873]
[genoahost096:2313445] [ 4] /lib64/libc.so.6(+0x2979b)[0x148a96e2979b]
[genoahost096:2313445] [ 5] /lib64/libc.so.6(+0x388c6)[0x148a96e388c6]
[genoahost096:2313445] [ 6] /direct/sdcc+u/poare/Grid/build/examples/./Example_spec_kryschur[0x4cc206]
[genoahost096:2313445] [ 7] /direct/sdcc+u/poare/Grid/build/examples/./Example_spec_kryschur[0x4cc2f1]
[genoahost096:2313445] [ 8] /direct/sdcc+u/poare/Grid/build/examples/./Example_spec_kryschur[0x4c7e95]
[genoahost096:2313445] [ 9] /direct/sdcc+u/poare/Grid/build/examples/./Example_spec_kryschur[0x4b5f4f]
[genoahost096:2313445] [10] /direct/sdcc+u/poare/Grid/build/examples/./Example_spec_kryschur[0x41180d]
[genoahost096:2313445] [11] /lib64/libc.so.6(+0x2a610)[0x148a96e2a610]
[genoahost096:2313445] [12] /lib64/libc.so.6(__libc_start_main+0x80)[0x148a96e2a6c0]
[genoahost096:2313445] [13] /direct/sdcc+u/poare/Grid/build/examples/./Example_spec_kryschur[0x4147f5]
[genoahost096:2313445] *** End of error message ***

__|__|__|__|__|__|__|__|__|__|__|__|__|__|__
__|__|__|__|__|__|__|__|__|__|__|__|__|__|__
__|_ |  |  |  |  |  |  |  |  |  |  |  | _|__
__|_                                    _|__
__|_   GGGG    RRRR    III    DDDD      _|__
__|_  G        R   R    I     D   D     _|__
__|_  G        R   R    I     D    D    _|__
__|_  G  GG    RRRR     I     D    D    _|__
__|_  G   G    R  R     I     D   D     _|__
__|_   GGGG    R   R   III    DDDD      _|__
__|_                                    _|__
__|__|__|__|__|__|__|__|__|__|__|__|__|__|__
__|__|__|__|__|__|__|__|__|__|__|__|__|__|__
  |  |  |  |  |  |  |  |  |  |  |  |  |  |  


Copyright (C) 2015 Peter Boyle, Azusa Yamaguchi, Guido Cossu, Antonin Portelli and other authors

This program is free software; you can redistribute it and/or modify
it under the terms of the GNU General Public License as published by
the Free Software Foundation; either version 2 of the License, or
(at your option) any later version.

This program is distributed in the hope that it will be useful,
but WITHOUT ANY WARRANTY; without even the implied warranty of
MERCHANTABILITY or FITNESS FOR A PARTICULAR PURPOSE.  See the
GNU General Public License for more details.
Current Grid git commit hash=82d411ca7bb8ec4a5b5c3815df23674cfd291070: (HEAD -> develop, origin/develop, origin/HEAD) clean

Grid : Message : ================================================ 
Grid : Message : MPI is initialised and logging filters activated 
Grid : Message : ================================================ 
Grid : Message : This rank is running on host genoahost096.sdcc.bnl.local at local time 2026-03-04 12:30:26
Grid : Message : Requested 17179869184 byte stencil comms buffers 
Grid : Message : MemoryManager::Init() setting up
Grid : Message : MemoryManager::Init() cache pool for recent host   allocations: SMALL 8 LARGE 2 HUGE 0
Grid : Message : MemoryManager::Init() cache pool for recent device allocations: SMALL 16 LARGE 8 Huge 0
Grid : Message : MemoryManager::Init() cache pool for recent shared allocations: SMALL 16 LARGE 8 Huge 0
Grid : Message : MemoryManager::Init() Unified memory space
Sorting eigenvalues using EvalReSmall
Lattice size: [32 32 32 32]
Example_spec_kryschur: ../../Grid/communicator/SharedMemoryMPI.cc:434: static void Grid::GlobalSharedMemory::OptimalCommunicatorSharedMemory(const Coordinate&, ompi_communicator_t*&, Grid::Coordinate&): Assertion `WorldSize==Nprocessors' failed.
[genoahost096:2313448] *** Process received signal ***
[genoahost096:2313448] Signal: Aborted (6)
[genoahost096:2313448] Signal code:  (-6)
[genoahost096:2313448] [ 0] /lib64/libc.so.6(+0x3fc30)[0x14fae1a3fc30]
[genoahost096:2313448] [ 1] /lib64/libc.so.6(+0x8d02c)[0x14fae1a8d02c]
[genoahost096:2313448] [ 2] /lib64/libc.so.6(raise+0x16)[0x14fae1a3fb86]
[genoahost096:2313448] [ 3] /lib64/libc.so.6(abort+0xd3)[0x14fae1a29873]
[genoahost096:2313448] [ 4] /lib64/libc.so.6(+0x2979b)[0x14fae1a2979b]
[genoahost096:2313448] [ 5] /lib64/libc.so.6(+0x388c6)[0x14fae1a388c6]
[genoahost096:2313448] [ 6] /direct/sdcc+u/poare/Grid/build/examples/./Example_spec_kryschur[0x4cc206]
[genoahost096:2313448] [ 7] /direct/sdcc+u/poare/Grid/build/examples/./Example_spec_kryschur[0x4cc2f1]
[genoahost096:2313448] [ 8] /direct/sdcc+u/poare/Grid/build/examples/./Example_spec_kryschur[0x4c7e95]
[genoahost096:2313448] [ 9] /direct/sdcc+u/poare/Grid/build/examples/./Example_spec_kryschur[0x4b5f4f]
[genoahost096:2313448] [10] /direct/sdcc+u/poare/Grid/build/examples/./Example_spec_kryschur[0x41180d]
[genoahost096:2313448] [11] /lib64/libc.so.6(+0x2a610)[0x14fae1a2a610]
[genoahost096:2313448] [12] /lib64/libc.so.6(__libc_start_main+0x80)[0x14fae1a2a6c0]
[genoahost096:2313448] [13] /direct/sdcc+u/poare/Grid/build/examples/./Example_spec_kryschur[0x4147f5]
[genoahost096:2313448] *** End of error message ***
srun: error: genoahost092: task 48: Aborted (core dumped)
srun: error: genoahost092: task 50: Aborted (core dumped)
srun: error: genoahost096: task 120: Aborted (core dumped)
srun: error: genoahost092: tasks 52,63: Aborted (core dumped)
srun: error: genoahost096: task 125: Aborted (core dumped)

__|__|__|__|__|__|__|__|__|__|__|__|__|__|__
__|__|__|__|__|__|__|__|__|__|__|__|__|__|__
__|_ |  |  |  |  |  |  |  |  |  |  |  | _|__
__|_                                    _|__
__|_   GGGG    RRRR    III    DDDD      _|__
__|_  G        R   R    I     D   D     _|__
__|_  G        R   R    I     D    D    _|__
__|_  G  GG    RRRR     I     D    D    _|__
__|_  G   G    R  R     I     D   D     _|__
__|_   GGGG    R   R   III    DDDD      _|__
__|_                                    _|__
__|__|__|__|__|__|__|__|__|__|__|__|__|__|__
__|__|__|__|__|__|__|__|__|__|__|__|__|__|__
  |  |  |  |  |  |  |  |  |  |  |  |  |  |  


Copyright (C) 2015 Peter Boyle, Azusa Yamaguchi, Guido Cossu, Antonin Portelli and other authors

This program is free software; you can redistribute it and/or modify
it under the terms of the GNU General Public License as published by
the Free Software Foundation; either version 2 of the License, or
(at your option) any later version.

This program is distributed in the hope that it will be useful,
but WITHOUT ANY WARRANTY; without even the implied warranty of
MERCHANTABILITY or FITNESS FOR A PARTICULAR PURPOSE.  See the
GNU General Public License for more details.
Current Grid git commit hash=82d411ca7bb8ec4a5b5c3815df23674cfd291070: (HEAD -> develop, origin/develop, origin/HEAD) clean

Grid : Message : ================================================ 
Grid : Message : MPI is initialised and logging filters activated 
Grid : Message : ================================================ 
Grid : Message : This rank is running on host genoahost091.sdcc.bnl.local at local time 2026-03-04 12:30:27
Grid : Message : Requested 17179869184 byte stencil comms buffers 
Grid : Message : MemoryManager::Init() setting up
Grid : Message : MemoryManager::Init() cache pool for recent host   allocations: SMALL 8 LARGE 2 HUGE 0
Grid : Message : MemoryManager::Init() cache pool for recent device allocations: SMALL 16 LARGE 8 Huge 0
Grid : Message : MemoryManager::Init() cache pool for recent shared allocations: SMALL 16 LARGE 8 Huge 0
Grid : Message : MemoryManager::Init() Unified memory space
Sorting eigenvalues using EvalReSmall
Lattice size: [32 32 32 32]
Example_spec_kryschur: ../../Grid/communicator/SharedMemoryMPI.cc:434: static void Grid::GlobalSharedMemory::OptimalCommunicatorSharedMemory(const Coordinate&, ompi_communicator_t*&, Grid::Coordinate&): Assertion `WorldSize==Nprocessors' failed.
[genoahost091:2339436] *** Process received signal ***
[genoahost091:2339436] Signal: Aborted (6)
[genoahost091:2339436] Signal code:  (-6)
[genoahost091:2339436] [ 0] /lib64/libc.so.6(+0x3fc30)[0x149e3bc3fc30]
[genoahost091:2339436] [ 1] /lib64/libc.so.6(+0x8d02c)[0x149e3bc8d02c]
[genoahost091:2339436] [ 2] /lib64/libc.so.6(raise+0x16)[0x149e3bc3fb86]
[genoahost091:2339436] [ 3] /lib64/libc.so.6(abort+0xd3)[0x149e3bc29873]
[genoahost091:2339436] [ 4] /lib64/libc.so.6(+0x2979b)[0x149e3bc2979b]
[genoahost091:2339436] [ 5] /lib64/libc.so.6(+0x388c6)[0x149e3bc388c6]
[genoahost091:2339436] [ 6] /direct/sdcc+u/poare/Grid/build/examples/./Example_spec_kryschur[0x4cc206]
[genoahost091:2339436] [ 7] /direct/sdcc+u/poare/Grid/build/examples/./Example_spec_kryschur[0x4cc2f1]
[genoahost091:2339436] [ 8] /direct/sdcc+u/poare/Grid/build/examples/./Example_spec_kryschur[0x4c7e95]
[genoahost091:2339436] [ 9] /direct/sdcc+u/poare/Grid/build/examples/./Example_spec_kryschur[0x4b5f4f]
[genoahost091:2339436] [10] /direct/sdcc+u/poare/Grid/build/examples/./Example_spec_kryschur[0x41180d]
[genoahost091:2339436] [11] /lib64/libc.so.6(+0x2a610)[0x149e3bc2a610]
[genoahost091:2339436] [12] /lib64/libc.so.6(__libc_start_main+0x80)[0x149e3bc2a6c0]
[genoahost091:2339436] [13] /direct/sdcc+u/poare/Grid/build/examples/./Example_spec_kryschur[0x4147f5]
[genoahost091:2339436] *** End of error message ***

__|__|__|__|__|__|__|__|__|__|__|__|__|__|__
__|__|__|__|__|__|__|__|__|__|__|__|__|__|__
__|_ |  |  |  |  |  |  |  |  |  |  |  | _|__
__|_                                    _|__
__|_   GGGG    RRRR    III    DDDD      _|__
__|_  G        R   R    I     D   D     _|__
__|_  G        R   R    I     D    D    _|__
__|_  G  GG    RRRR     I     D    D    _|__
__|_  G   G    R  R     I     D   D     _|__
__|_   GGGG    R   R   III    DDDD      _|__
__|_                                    _|__
__|__|__|__|__|__|__|__|__|__|__|__|__|__|__
__|__|__|__|__|__|__|__|__|__|__|__|__|__|__
  |  |  |  |  |  |  |  |  |  |  |  |  |  |  


Copyright (C) 2015 Peter Boyle, Azusa Yamaguchi, Guido Cossu, Antonin Portelli and other authors

This program is free software; you can redistribute it and/or modify
it under the terms of the GNU General Public License as published by
the Free Software Foundation; either version 2 of the License, or
(at your option) any later version.

This program is distributed in the hope that it will be useful,
but WITHOUT ANY WARRANTY; without even the implied warranty of
MERCHANTABILITY or FITNESS FOR A PARTICULAR PURPOSE.  See the
GNU General Public License for more details.
Current Grid git commit hash=82d411ca7bb8ec4a5b5c3815df23674cfd291070: (HEAD -> develop, origin/develop, origin/HEAD) clean

Grid : Message : ================================================ 
Grid : Message : MPI is initialised and logging filters activated 
Grid : Message : ================================================ 
Grid : Message : This rank is running on host genoahost091.sdcc.bnl.local at local time 2026-03-04 12:30:27
Grid : Message : Requested 17179869184 byte stencil comms buffers 
Grid : Message : MemoryManager::Init() setting up
Grid : Message : MemoryManager::Init() cache pool for recent host   allocations: SMALL 8 LARGE 2 HUGE 0
Grid : Message : MemoryManager::Init() cache pool for recent device allocations: SMALL 16 LARGE 8 Huge 0
Grid : Message : MemoryManager::Init() cache pool for recent shared allocations: SMALL 16 LARGE 8 Huge 0
Grid : Message : MemoryManager::Init() Unified memory space
Sorting eigenvalues using EvalReSmall
Lattice size: [32 32 32 32]
Example_spec_kryschur: ../../Grid/communicator/SharedMemoryMPI.cc:434: static void Grid::GlobalSharedMemory::OptimalCommunicatorSharedMemory(const Coordinate&, ompi_communicator_t*&, Grid::Coordinate&): Assertion `WorldSize==Nprocessors' failed.
[genoahost091:2339444] *** Process received signal ***
[genoahost091:2339444] Signal: Aborted (6)
[genoahost091:2339444] Signal code:  (-6)
[genoahost091:2339444] [ 0] /lib64/libc.so.6(+0x3fc30)[0x1476d303fc30]
[genoahost091:2339444] [ 1] /lib64/libc.so.6(+0x8d02c)[0x1476d308d02c]
[genoahost091:2339444] [ 2] /lib64/libc.so.6(raise+0x16)[0x1476d303fb86]
[genoahost091:2339444] [ 3] /lib64/libc.so.6(abort+0xd3)[0x1476d3029873]
[genoahost091:2339444] [ 4] /lib64/libc.so.6(+0x2979b)[0x1476d302979b]
[genoahost091:2339444] [ 5] /lib64/libc.so.6(+0x388c6)[0x1476d30388c6]
[genoahost091:2339444] [ 6] /direct/sdcc+u/poare/Grid/build/examples/./Example_spec_kryschur[0x4cc206]
[genoahost091:2339444] [ 7] /direct/sdcc+u/poare/Grid/build/examples/./Example_spec_kryschur[0x4cc2f1]
[genoahost091:2339444] [ 8] /direct/sdcc+u/poare/Grid/build/examples/./Example_spec_kryschur[0x4c7e95]
[genoahost091:2339444] [ 9] /direct/sdcc+u/poare/Grid/build/examples/./Example_spec_kryschur[0x4b5f4f]
[genoahost091:2339444] [10] /direct/sdcc+u/poare/Grid/build/examples/./Example_spec_kryschur[0x41180d]
[genoahost091:2339444] [11] /lib64/libc.so.6(+0x2a610)[0x1476d302a610]
[genoahost091:2339444] [12] /lib64/libc.so.6(__libc_start_main+0x80)[0x1476d302a6c0]
[genoahost091:2339444] [13] /direct/sdcc+u/poare/Grid/build/examples/./Example_spec_kryschur[0x4147f5]
[genoahost091:2339444] *** End of error message ***

__|__|__|__|__|__|__|__|__|__|__|__|__|__|__
__|__|__|__|__|__|__|__|__|__|__|__|__|__|__
__|_ |  |  |  |  |  |  |  |  |  |  |  | _|__
__|_                                    _|__
__|_   GGGG    RRRR    III    DDDD      _|__
__|_  G        R   R    I     D   D     _|__
__|_  G        R   R    I     D    D    _|__
__|_  G  GG    RRRR     I     D    D    _|__
__|_  G   G    R  R     I     D   D     _|__
__|_   GGGG    R   R   III    DDDD      _|__
__|_                                    _|__
__|__|__|__|__|__|__|__|__|__|__|__|__|__|__
__|__|__|__|__|__|__|__|__|__|__|__|__|__|__
  |  |  |  |  |  |  |  |  |  |  |  |  |  |  


Copyright (C) 2015 Peter Boyle, Azusa Yamaguchi, Guido Cossu, Antonin Portelli and other authors

This program is free software; you can redistribute it and/or modify
it under the terms of the GNU General Public License as published by
the Free Software Foundation; either version 2 of the License, or
(at your option) any later version.

This program is distributed in the hope that it will be useful,
but WITHOUT ANY WARRANTY; without even the implied warranty of
MERCHANTABILITY or FITNESS FOR A PARTICULAR PURPOSE.  See the
GNU General Public License for more details.
Current Grid git commit hash=82d411ca7bb8ec4a5b5c3815df23674cfd291070: (HEAD -> develop, origin/develop, origin/HEAD) clean

Grid : Message : ================================================ 
Grid : Message : MPI is initialised and logging filters activated 
Grid : Message : ================================================ 
Grid : Message : This rank is running on host genoahost091.sdcc.bnl.local at local time 2026-03-04 12:30:27
Grid : Message : Requested 17179869184 byte stencil comms buffers 
Grid : Message : MemoryManager::Init() setting up
Grid : Message : MemoryManager::Init() cache pool for recent host   allocations: SMALL 8 LARGE 2 HUGE 0
Grid : Message : MemoryManager::Init() cache pool for recent device allocations: SMALL 16 LARGE 8 Huge 0
Grid : Message : MemoryManager::Init() cache pool for recent shared allocations: SMALL 16 LARGE 8 Huge 0
Grid : Message : MemoryManager::Init() Unified memory space
Sorting eigenvalues using EvalReSmall
Lattice size: [32 32 32 32]
Example_spec_kryschur: ../../Grid/communicator/SharedMemoryMPI.cc:434: static void Grid::GlobalSharedMemory::OptimalCommunicatorSharedMemory(const Coordinate&, ompi_communicator_t*&, Grid::Coordinate&): Assertion `WorldSize==Nprocessors' failed.
[genoahost091:2339449] *** Process received signal ***
[genoahost091:2339449] Signal: Aborted (6)
[genoahost091:2339449] Signal code:  (-6)
[genoahost091:2339449] [ 0] /lib64/libc.so.6(+0x3fc30)[0x1489e963fc30]
[genoahost091:2339449] [ 1] /lib64/libc.so.6(+0x8d02c)[0x1489e968d02c]
[genoahost091:2339449] [ 2] /lib64/libc.so.6(raise+0x16)[0x1489e963fb86]
[genoahost091:2339449] [ 3] /lib64/libc.so.6(abort+0xd3)[0x1489e9629873]
[genoahost091:2339449] [ 4] /lib64/libc.so.6(+0x2979b)[0x1489e962979b]
[genoahost091:2339449] [ 5] /lib64/libc.so.6(+0x388c6)[0x1489e96388c6]
[genoahost091:2339449] [ 6] /direct/sdcc+u/poare/Grid/build/examples/./Example_spec_kryschur[0x4cc206]
[genoahost091:2339449] [ 7] /direct/sdcc+u/poare/Grid/build/examples/./Example_spec_kryschur[0x4cc2f1]
[genoahost091:2339449] [ 8] /direct/sdcc+u/poare/Grid/build/examples/./Example_spec_kryschur[0x4c7e95]
[genoahost091:2339449] [ 9] /direct/sdcc+u/poare/Grid/build/examples/./Example_spec_kryschur[0x4b5f4f]
[genoahost091:2339449] [10] /direct/sdcc+u/poare/Grid/build/examples/./Example_spec_kryschur[0x41180d]
[genoahost091:2339449] [11] /lib64/libc.so.6(+0x2a610)[0x1489e962a610]
[genoahost091:2339449] [12] /lib64/libc.so.6(__libc_start_main+0x80)[0x1489e962a6c0]
[genoahost091:2339449] [13] /direct/sdcc+u/poare/Grid/build/examples/./Example_spec_kryschur[0x4147f5]
[genoahost091:2339449] *** End of error message ***
srun: error: genoahost091: task 42: Aborted (core dumped)
srun: error: genoahost091: tasks 39,45: Aborted (core dumped)
srun: error: genoahost091: task 38: Aborted (core dumped)
srun: error: genoahost095: task 98: Aborted (core dumped)

__|__|__|__|__|__|__|__|__|__|__|__|__|__|__
__|__|__|__|__|__|__|__|__|__|__|__|__|__|__
__|_ |  |  |  |  |  |  |  |  |  |  |  | _|__
__|_                                    _|__
__|_   GGGG    RRRR    III    DDDD      _|__
__|_  G        R   R    I     D   D     _|__
__|_  G        R   R    I     D    D    _|__
__|_  G  GG    RRRR     I     D    D    _|__
__|_  G   G    R  R     I     D   D     _|__
__|_   GGGG    R   R   III    DDDD      _|__
__|_                                    _|__
__|__|__|__|__|__|__|__|__|__|__|__|__|__|__
__|__|__|__|__|__|__|__|__|__|__|__|__|__|__
  |  |  |  |  |  |  |  |  |  |  |  |  |  |  


Copyright (C) 2015 Peter Boyle, Azusa Yamaguchi, Guido Cossu, Antonin Portelli and other authors

This program is free software; you can redistribute it and/or modify
it under the terms of the GNU General Public License as published by
the Free Software Foundation; either version 2 of the License, or
(at your option) any later version.

This program is distributed in the hope that it will be useful,
but WITHOUT ANY WARRANTY; without even the implied warranty of
MERCHANTABILITY or FITNESS FOR A PARTICULAR PURPOSE.  See the
GNU General Public License for more details.
Current Grid git commit hash=82d411ca7bb8ec4a5b5c3815df23674cfd291070: (HEAD -> develop, origin/develop, origin/HEAD) clean

Grid : Message : ================================================ 
Grid : Message : MPI is initialised and logging filters activated 
Grid : Message : ================================================ 
Grid : Message : This rank is running on host genoahost095.sdcc.bnl.local at local time 2026-03-04 12:30:33
Grid : Message : Requested 17179869184 byte stencil comms buffers 
Grid : Message : MemoryManager::Init() setting up
Grid : Message : MemoryManager::Init() cache pool for recent host   allocations: SMALL 8 LARGE 2 HUGE 0
Grid : Message : MemoryManager::Init() cache pool for recent device allocations: SMALL 16 LARGE 8 Huge 0
Grid : Message : MemoryManager::Init() cache pool for recent shared allocations: SMALL 16 LARGE 8 Huge 0
Grid : Message : MemoryManager::Init() Unified memory space
Sorting eigenvalues using EvalReSmall
Lattice size: [32 32 32 32]
Example_spec_kryschur: ../../Grid/communicator/SharedMemoryMPI.cc:434: static void Grid::GlobalSharedMemory::OptimalCommunicatorSharedMemory(const Coordinate&, ompi_communicator_t*&, Grid::Coordinate&): Assertion `WorldSize==Nprocessors' failed.
[genoahost095:2396685] *** Process received signal ***
[genoahost095:2396685] Signal: Aborted (6)
[genoahost095:2396685] Signal code:  (-6)
[genoahost095:2396685] [ 0] /lib64/libc.so.6(+0x3fc30)[0x1512c003fc30]
[genoahost095:2396685] [ 1] /lib64/libc.so.6(+0x8d02c)[0x1512c008d02c]
[genoahost095:2396685] [ 2] /lib64/libc.so.6(raise+0x16)[0x1512c003fb86]
[genoahost095:2396685] [ 3] /lib64/libc.so.6(abort+0xd3)[0x1512c0029873]
[genoahost095:2396685] [ 4] /lib64/libc.so.6(+0x2979b)[0x1512c002979b]
[genoahost095:2396685] [ 5] /lib64/libc.so.6(+0x388c6)[0x1512c00388c6]
[genoahost095:2396685] [ 6] /direct/sdcc+u/poare/Grid/build/examples/./Example_spec_kryschur[0x4cc206]
[genoahost095:2396685] [ 7] /direct/sdcc+u/poare/Grid/build/examples/./Example_spec_kryschur[0x4cc2f1]
[genoahost095:2396685] [ 8] /direct/sdcc+u/poare/Grid/build/examples/./Example_spec_kryschur[0x4c7e95]
[genoahost095:2396685] [ 9] /direct/sdcc+u/poare/Grid/build/examples/./Example_spec_kryschur[0x4b5f4f]
[genoahost095:2396685] [10] /direct/sdcc+u/poare/Grid/build/examples/./Example_spec_kryschur[0x41180d]
[genoahost095:2396685] [11] /lib64/libc.so.6(+0x2a610)[0x1512c002a610]
[genoahost095:2396685] [12] /lib64/libc.so.6(__libc_start_main+0x80)[0x1512c002a6c0]
[genoahost095:2396685] [13] /direct/sdcc+u/poare/Grid/build/examples/./Example_spec_kryschur[0x4147f5]
[genoahost095:2396685] *** End of error message ***
srun: error: genoahost091: task 35: Aborted (core dumped)

__|__|__|__|__|__|__|__|__|__|__|__|__|__|__
__|__|__|__|__|__|__|__|__|__|__|__|__|__|__
__|_ |  |  |  |  |  |  |  |  |  |  |  | _|__
__|_                                    _|__
__|_   GGGG    RRRR    III    DDDD      _|__
__|_  G        R   R    I     D   D     _|__
__|_  G        R   R    I     D    D    _|__
__|_  G  GG    RRRR     I     D    D    _|__
__|_  G   G    R  R     I     D   D     _|__
__|_   GGGG    R   R   III    DDDD      _|__
__|_                                    _|__
__|__|__|__|__|__|__|__|__|__|__|__|__|__|__
__|__|__|__|__|__|__|__|__|__|__|__|__|__|__
  |  |  |  |  |  |  |  |  |  |  |  |  |  |  


Copyright (C) 2015 Peter Boyle, Azusa Yamaguchi, Guido Cossu, Antonin Portelli and other authors

This program is free software; you can redistribute it and/or modify
it under the terms of the GNU General Public License as published by
the Free Software Foundation; either version 2 of the License, or
(at your option) any later version.

This program is distributed in the hope that it will be useful,
but WITHOUT ANY WARRANTY; without even the implied warranty of
MERCHANTABILITY or FITNESS FOR A PARTICULAR PURPOSE.  See the
GNU General Public License for more details.
Current Grid git commit hash=82d411ca7bb8ec4a5b5c3815df23674cfd291070: (HEAD -> develop, origin/develop, origin/HEAD) clean

Grid : Message : ================================================ 
Grid : Message : MPI is initialised and logging filters activated 
Grid : Message : ================================================ 
Grid : Message : This rank is running on host genoahost095.sdcc.bnl.local at local time 2026-03-04 12:30:33
Grid : Message : Requested 17179869184 byte stencil comms buffers 
Grid : Message : MemoryManager::Init() setting up
Grid : Message : MemoryManager::Init() cache pool for recent host   allocations: SMALL 8 LARGE 2 HUGE 0
Grid : Message : MemoryManager::Init() cache pool for recent device allocations: SMALL 16 LARGE 8 Huge 0
Grid : Message : MemoryManager::Init() cache pool for recent shared allocations: SMALL 16 LARGE 8 Huge 0
Grid : Message : MemoryManager::Init() Unified memory space
Sorting eigenvalues using EvalReSmall
Lattice size: [32 32 32 32]
Example_spec_kryschur: ../../Grid/communicator/SharedMemoryMPI.cc:434: static void Grid::GlobalSharedMemory::OptimalCommunicatorSharedMemory(const Coordinate&, ompi_communicator_t*&, Grid::Coordinate&): Assertion `WorldSize==Nprocessors' failed.
[genoahost095:2396690] *** Process received signal ***
[genoahost095:2396690] Signal: Aborted (6)
[genoahost095:2396690] Signal code:  (-6)
[genoahost095:2396690] [ 0] /lib64/libc.so.6(+0x3fc30)[0x14fe4c83fc30]
[genoahost095:2396690] [ 1] /lib64/libc.so.6(+0x8d02c)[0x14fe4c88d02c]
[genoahost095:2396690] [ 2] /lib64/libc.so.6(raise+0x16)[0x14fe4c83fb86]
[genoahost095:2396690] [ 3] /lib64/libc.so.6(abort+0xd3)[0x14fe4c829873]
[genoahost095:2396690] [ 4] /lib64/libc.so.6(+0x2979b)[0x14fe4c82979b]
[genoahost095:2396690] [ 5] /lib64/libc.so.6(+0x388c6)[0x14fe4c8388c6]
[genoahost095:2396690] [ 6] /direct/sdcc+u/poare/Grid/build/examples/./Example_spec_kryschur[0x4cc206]
[genoahost095:2396690] [ 7] /direct/sdcc+u/poare/Grid/build/examples/./Example_spec_kryschur[0x4cc2f1]
[genoahost095:2396690] [ 8] /direct/sdcc+u/poare/Grid/build/examples/./Example_spec_kryschur[0x4c7e95]
[genoahost095:2396690] [ 9] /direct/sdcc+u/poare/Grid/build/examples/./Example_spec_kryschur[0x4b5f4f]
[genoahost095:2396690] [10] /direct/sdcc+u/poare/Grid/build/examples/./Example_spec_kryschur[0x41180d]
[genoahost095:2396690] [11] /lib64/libc.so.6(+0x2a610)[0x14fe4c82a610]
[genoahost095:2396690] [12] /lib64/libc.so.6(__libc_start_main+0x80)[0x14fe4c82a6c0]
[genoahost095:2396690] [13] /direct/sdcc+u/poare/Grid/build/examples/./Example_spec_kryschur[0x4147f5]
[genoahost095:2396690] *** End of error message ***

__|__|__|__|__|__|__|__|__|__|__|__|__|__|__
__|__|__|__|__|__|__|__|__|__|__|__|__|__|__
__|_ |  |  |  |  |  |  |  |  |  |  |  | _|__
__|_                                    _|__
__|_   GGGG    RRRR    III    DDDD      _|__
__|_  G        R   R    I     D   D     _|__
__|_  G        R   R    I     D    D    _|__
__|_  G  GG    RRRR     I     D    D    _|__
__|_  G   G    R  R     I     D   D     _|__
__|_   GGGG    R   R   III    DDDD      _|__
__|_                                    _|__
__|__|__|__|__|__|__|__|__|__|__|__|__|__|__
__|__|__|__|__|__|__|__|__|__|__|__|__|__|__
  |  |  |  |  |  |  |  |  |  |  |  |  |  |  


Copyright (C) 2015 Peter Boyle, Azusa Yamaguchi, Guido Cossu, Antonin Portelli and other authors

This program is free software; you can redistribute it and/or modify
it under the terms of the GNU General Public License as published by
the Free Software Foundation; either version 2 of the License, or
(at your option) any later version.

This program is distributed in the hope that it will be useful,
but WITHOUT ANY WARRANTY; without even the implied warranty of
MERCHANTABILITY or FITNESS FOR A PARTICULAR PURPOSE.  See the
GNU General Public License for more details.
Current Grid git commit hash=82d411ca7bb8ec4a5b5c3815df23674cfd291070: (HEAD -> develop, origin/develop, origin/HEAD) clean

Grid : Message : ================================================ 
Grid : Message : MPI is initialised and logging filters activated 
Grid : Message : ================================================ 
Grid : Message : This rank is running on host genoahost095.sdcc.bnl.local at local time 2026-03-04 12:30:33
Grid : Message : Requested 17179869184 byte stencil comms buffers 
Grid : Message : MemoryManager::Init() setting up
Grid : Message : MemoryManager::Init() cache pool for recent host   allocations: SMALL 8 LARGE 2 HUGE 0
Grid : Message : MemoryManager::Init() cache pool for recent device allocations: SMALL 16 LARGE 8 Huge 0
Grid : Message : MemoryManager::Init() cache pool for recent shared allocations: SMALL 16 LARGE 8 Huge 0
Grid : Message : MemoryManager::Init() Unified memory space
Sorting eigenvalues using EvalReSmall
Lattice size: [32 32 32 32]
Example_spec_kryschur: ../../Grid/communicator/SharedMemoryMPI.cc:434: static void Grid::GlobalSharedMemory::OptimalCommunicatorSharedMemory(const Coordinate&, ompi_communicator_t*&, Grid::Coordinate&): Assertion `WorldSize==Nprocessors' failed.
[genoahost095:2396686] *** Process received signal ***
[genoahost095:2396686] Signal: Aborted (6)
[genoahost095:2396686] Signal code:  (-6)
[genoahost095:2396686] [ 0] /lib64/libc.so.6(+0x3fc30)[0x14e276e3fc30]
[genoahost095:2396686] [ 1] /lib64/libc.so.6(+0x8d02c)[0x14e276e8d02c]
[genoahost095:2396686] [ 2] /lib64/libc.so.6(raise+0x16)[0x14e276e3fb86]
[genoahost095:2396686] [ 3] /lib64/libc.so.6(abort+0xd3)[0x14e276e29873]
[genoahost095:2396686] [ 4] /lib64/libc.so.6(+0x2979b)[0x14e276e2979b]
[genoahost095:2396686] [ 5] /lib64/libc.so.6(+0x388c6)[0x14e276e388c6]
[genoahost095:2396686] [ 6] /direct/sdcc+u/poare/Grid/build/examples/./Example_spec_kryschur[0x4cc206]
[genoahost095:2396686] [ 7] /direct/sdcc+u/poare/Grid/build/examples/./Example_spec_kryschur[0x4cc2f1]
[genoahost095:2396686] [ 8] /direct/sdcc+u/poare/Grid/build/examples/./Example_spec_kryschur[0x4c7e95]
[genoahost095:2396686] [ 9] /direct/sdcc+u/poare/Grid/build/examples/./Example_spec_kryschur[0x4b5f4f]
[genoahost095:2396686] [10] /direct/sdcc+u/poare/Grid/build/examples/./Example_spec_kryschur[0x41180d]
[genoahost095:2396686] [11] /lib64/libc.so.6(+0x2a610)[0x14e276e2a610]
[genoahost095:2396686] [12] /lib64/libc.so.6(__libc_start_main+0x80)[0x14e276e2a6c0]
[genoahost095:2396686] [13] /direct/sdcc+u/poare/Grid/build/examples/./Example_spec_kryschur[0x4147f5]
[genoahost095:2396686] *** End of error message ***
srun: error: genoahost091: task 36: Aborted (core dumped)

__|__|__|__|__|__|__|__|__|__|__|__|__|__|__
__|__|__|__|__|__|__|__|__|__|__|__|__|__|__
__|_ |  |  |  |  |  |  |  |  |  |  |  | _|__
__|_                                    _|__
__|_   GGGG    RRRR    III    DDDD      _|__
__|_  G        R   R    I     D   D     _|__
__|_  G        R   R    I     D    D    _|__
__|_  G  GG    RRRR     I     D    D    _|__
__|_  G   G    R  R     I     D   D     _|__
__|_   GGGG    R   R   III    DDDD      _|__
__|_                                    _|__
__|__|__|__|__|__|__|__|__|__|__|__|__|__|__
__|__|__|__|__|__|__|__|__|__|__|__|__|__|__
  |  |  |  |  |  |  |  |  |  |  |  |  |  |  


Copyright (C) 2015 Peter Boyle, Azusa Yamaguchi, Guido Cossu, Antonin Portelli and other authors

This program is free software; you can redistribute it and/or modify
it under the terms of the GNU General Public License as published by
the Free Software Foundation; either version 2 of the License, or
(at your option) any later version.

This program is distributed in the hope that it will be useful,
but WITHOUT ANY WARRANTY; without even the implied warranty of
MERCHANTABILITY or FITNESS FOR A PARTICULAR PURPOSE.  See the
GNU General Public License for more details.
Current Grid git commit hash=82d411ca7bb8ec4a5b5c3815df23674cfd291070: (HEAD -> develop, origin/develop, origin/HEAD) clean

Grid : Message : ================================================ 
Grid : Message : MPI is initialised and logging filters activated 
Grid : Message : ================================================ 
Grid : Message : This rank is running on host genoahost095.sdcc.bnl.local at local time 2026-03-04 12:30:34
Grid : Message : Requested 17179869184 byte stencil comms buffers 
Grid : Message : MemoryManager::Init() setting up
Grid : Message : MemoryManager::Init() cache pool for recent host   allocations: SMALL 8 LARGE 2 HUGE 0
Grid : Message : MemoryManager::Init() cache pool for recent device allocations: SMALL 16 LARGE 8 Huge 0
Grid : Message : MemoryManager::Init() cache pool for recent shared allocations: SMALL 16 LARGE 8 Huge 0
Grid : Message : MemoryManager::Init() Unified memory space
Sorting eigenvalues using EvalReSmall
Lattice size: [32 32 32 32]
Example_spec_kryschur: ../../Grid/communicator/SharedMemoryMPI.cc:434: static void Grid::GlobalSharedMemory::OptimalCommunicatorSharedMemory(const Coordinate&, ompi_communicator_t*&, Grid::Coordinate&): Assertion `WorldSize==Nprocessors' failed.
[genoahost095:2396687] *** Process received signal ***
[genoahost095:2396687] Signal: Aborted (6)
[genoahost095:2396687] Signal code:  (-6)
[genoahost095:2396687] [ 0] /lib64/libc.so.6(+0x3fc30)[0x15195f43fc30]
[genoahost095:2396687] [ 1] /lib64/libc.so.6(+0x8d02c)[0x15195f48d02c]
[genoahost095:2396687] [ 2] /lib64/libc.so.6(raise+0x16)[0x15195f43fb86]
[genoahost095:2396687] [ 3] /lib64/libc.so.6(abort+0xd3)[0x15195f429873]
[genoahost095:2396687] [ 4] /lib64/libc.so.6(+0x2979b)[0x15195f42979b]
[genoahost095:2396687] [ 5] /lib64/libc.so.6(+0x388c6)[0x15195f4388c6]
[genoahost095:2396687] [ 6] /direct/sdcc+u/poare/Grid/build/examples/./Example_spec_kryschur[0x4cc206]
[genoahost095:2396687] [ 7] /direct/sdcc+u/poare/Grid/build/examples/./Example_spec_kryschur[0x4cc2f1]
[genoahost095:2396687] [ 8] /direct/sdcc+u/poare/Grid/build/examples/./Example_spec_kryschur[0x4c7e95]
[genoahost095:2396687] [ 9] /direct/sdcc+u/poare/Grid/build/examples/./Example_spec_kryschur[0x4b5f4f]
[genoahost095:2396687] [10] /direct/sdcc+u/poare/Grid/build/examples/./Example_spec_kryschur[0x41180d]
[genoahost095:2396687] [11] /lib64/libc.so.6(+0x2a610)[0x15195f42a610]
[genoahost095:2396687] [12] /lib64/libc.so.6(__libc_start_main+0x80)[0x15195f42a6c0]
[genoahost095:2396687] [13] /direct/sdcc+u/poare/Grid/build/examples/./Example_spec_kryschur[0x4147f5]
[genoahost095:2396687] *** End of error message ***

__|__|__|__|__|__|__|__|__|__|__|__|__|__|__
__|__|__|__|__|__|__|__|__|__|__|__|__|__|__
__|_ |  |  |  |  |  |  |  |  |  |  |  | _|__
__|_                                    _|__
__|_   GGGG    RRRR    III    DDDD      _|__
__|_  G        R   R    I     D   D     _|__
__|_  G        R   R    I     D    D    _|__
__|_  G  GG    RRRR     I     D    D    _|__
__|_  G   G    R  R     I     D   D     _|__
__|_   GGGG    R   R   III    DDDD      _|__
__|_                                    _|__
__|__|__|__|__|__|__|__|__|__|__|__|__|__|__
__|__|__|__|__|__|__|__|__|__|__|__|__|__|__
  |  |  |  |  |  |  |  |  |  |  |  |  |  |  


Copyright (C) 2015 Peter Boyle, Azusa Yamaguchi, Guido Cossu, Antonin Portelli and other authors

This program is free software; you can redistribute it and/or modify
it under the terms of the GNU General Public License as published by
the Free Software Foundation; either version 2 of the License, or
(at your option) any later version.

This program is distributed in the hope that it will be useful,
but WITHOUT ANY WARRANTY; without even the implied warranty of
MERCHANTABILITY or FITNESS FOR A PARTICULAR PURPOSE.  See the
GNU General Public License for more details.
Current Grid git commit hash=82d411ca7bb8ec4a5b5c3815df23674cfd291070: (HEAD -> develop, origin/develop, origin/HEAD) clean

Grid : Message : ================================================ 
Grid : Message : MPI is initialised and logging filters activated 
Grid : Message : ================================================ 
Grid : Message : This rank is running on host genoahost095.sdcc.bnl.local at local time 2026-03-04 12:30:34
Grid : Message : Requested 17179869184 byte stencil comms buffers 
Grid : Message : MemoryManager::Init() setting up
Grid : Message : MemoryManager::Init() cache pool for recent host   allocations: SMALL 8 LARGE 2 HUGE 0
Grid : Message : MemoryManager::Init() cache pool for recent device allocations: SMALL 16 LARGE 8 Huge 0
Grid : Message : MemoryManager::Init() cache pool for recent shared allocations: SMALL 16 LARGE 8 Huge 0
Grid : Message : MemoryManager::Init() Unified memory space
Sorting eigenvalues using EvalReSmall
Lattice size: [32 32 32 32]
Example_spec_kryschur: ../../Grid/communicator/SharedMemoryMPI.cc:434: static void Grid::GlobalSharedMemory::OptimalCommunicatorSharedMemory(const Coordinate&, ompi_communicator_t*&, Grid::Coordinate&): Assertion `WorldSize==Nprocessors' failed.
[genoahost095:2396694] *** Process received signal ***
[genoahost095:2396694] Signal: Aborted (6)
[genoahost095:2396694] Signal code:  (-6)
[genoahost095:2396694] [ 0] /lib64/libc.so.6(+0x3fc30)[0x14d89aa3fc30]
[genoahost095:2396694] [ 1] /lib64/libc.so.6(+0x8d02c)[0x14d89aa8d02c]
[genoahost095:2396694] [ 2] /lib64/libc.so.6(raise+0x16)[0x14d89aa3fb86]
[genoahost095:2396694] [ 3] /lib64/libc.so.6(abort+0xd3)[0x14d89aa29873]
[genoahost095:2396694] [ 4] /lib64/libc.so.6(+0x2979b)[0x14d89aa2979b]
[genoahost095:2396694] [ 5] /lib64/libc.so.6(+0x388c6)[0x14d89aa388c6]
[genoahost095:2396694] [ 6] /direct/sdcc+u/poare/Grid/build/examples/./Example_spec_kryschur[0x4cc206]
[genoahost095:2396694] [ 7] /direct/sdcc+u/poare/Grid/build/examples/./Example_spec_kryschur[0x4cc2f1]
[genoahost095:2396694] [ 8] /direct/sdcc+u/poare/Grid/build/examples/./Example_spec_kryschur[0x4c7e95]
[genoahost095:2396694] [ 9] /direct/sdcc+u/poare/Grid/build/examples/./Example_spec_kryschur[0x4b5f4f]
[genoahost095:2396694] [10] /direct/sdcc+u/poare/Grid/build/examples/./Example_spec_kryschur[0x41180d]
[genoahost095:2396694] [11] /lib64/libc.so.6(+0x2a610)[0x14d89aa2a610]
[genoahost095:2396694] [12] /lib64/libc.so.6(__libc_start_main+0x80)[0x14d89aa2a6c0]
[genoahost095:2396694] [13] /direct/sdcc+u/poare/Grid/build/examples/./Example_spec_kryschur[0x4147f5]
[genoahost095:2396694] *** End of error message ***

__|__|__|__|__|__|__|__|__|__|__|__|__|__|__
__|__|__|__|__|__|__|__|__|__|__|__|__|__|__
__|_ |  |  |  |  |  |  |  |  |  |  |  | _|__
__|_                                    _|__
__|_   GGGG    RRRR    III    DDDD      _|__
__|_  G        R   R    I     D   D     _|__
__|_  G        R   R    I     D    D    _|__
__|_  G  GG    RRRR     I     D    D    _|__
__|_  G   G    R  R     I     D   D     _|__
__|_   GGGG    R   R   III    DDDD      _|__
__|_                                    _|__
__|__|__|__|__|__|__|__|__|__|__|__|__|__|__
__|__|__|__|__|__|__|__|__|__|__|__|__|__|__
  |  |  |  |  |  |  |  |  |  |  |  |  |  |  


Copyright (C) 2015 Peter Boyle, Azusa Yamaguchi, Guido Cossu, Antonin Portelli and other authors

This program is free software; you can redistribute it and/or modify
it under the terms of the GNU General Public License as published by
the Free Software Foundation; either version 2 of the License, or
(at your option) any later version.

This program is distributed in the hope that it will be useful,
but WITHOUT ANY WARRANTY; without even the implied warranty of
MERCHANTABILITY or FITNESS FOR A PARTICULAR PURPOSE.  See the
GNU General Public License for more details.
Current Grid git commit hash=82d411ca7bb8ec4a5b5c3815df23674cfd291070: (HEAD -> develop, origin/develop, origin/HEAD) clean

Grid : Message : ================================================ 
Grid : Message : MPI is initialised and logging filters activated 
Grid : Message : ================================================ 
Grid : Message : This rank is running on host genoahost095.sdcc.bnl.local at local time 2026-03-04 12:30:34
Grid : Message : Requested 17179869184 byte stencil comms buffers 
Grid : Message : MemoryManager::Init() setting up
Grid : Message : MemoryManager::Init() cache pool for recent host   allocations: SMALL 8 LARGE 2 HUGE 0
Grid : Message : MemoryManager::Init() cache pool for recent device allocations: SMALL 16 LARGE 8 Huge 0
Grid : Message : MemoryManager::Init() cache pool for recent shared allocations: SMALL 16 LARGE 8 Huge 0
Grid : Message : MemoryManager::Init() Unified memory space
Sorting eigenvalues using EvalReSmall
Lattice size: [32 32 32 32]
Example_spec_kryschur: ../../Grid/communicator/SharedMemoryMPI.cc:434: static void Grid::GlobalSharedMemory::OptimalCommunicatorSharedMemory(const Coordinate&, ompi_communicator_t*&, Grid::Coordinate&): Assertion `WorldSize==Nprocessors' failed.
[genoahost095:2396693] *** Process received signal ***
[genoahost095:2396693] Signal: Aborted (6)
[genoahost095:2396693] Signal code:  (-6)
[genoahost095:2396693] [ 0] /lib64/libc.so.6(+0x3fc30)[0x152b3103fc30]
[genoahost095:2396693] [ 1] /lib64/libc.so.6(+0x8d02c)[0x152b3108d02c]
[genoahost095:2396693] [ 2] /lib64/libc.so.6(raise+0x16)[0x152b3103fb86]
[genoahost095:2396693] [ 3] /lib64/libc.so.6(abort+0xd3)[0x152b31029873]
[genoahost095:2396693] [ 4] /lib64/libc.so.6(+0x2979b)[0x152b3102979b]
[genoahost095:2396693] [ 5] /lib64/libc.so.6(+0x388c6)[0x152b310388c6]
[genoahost095:2396693] [ 6] /direct/sdcc+u/poare/Grid/build/examples/./Example_spec_kryschur[0x4cc206]
[genoahost095:2396693] [ 7] /direct/sdcc+u/poare/Grid/build/examples/./Example_spec_kryschur[0x4cc2f1]
[genoahost095:2396693] [ 8] /direct/sdcc+u/poare/Grid/build/examples/./Example_spec_kryschur[0x4c7e95]
[genoahost095:2396693] [ 9] /direct/sdcc+u/poare/Grid/build/examples/./Example_spec_kryschur[0x4b5f4f]
[genoahost095:2396693] [10] /direct/sdcc+u/poare/Grid/build/examples/./Example_spec_kryschur[0x41180d]
[genoahost095:2396693] [11] /lib64/libc.so.6(+0x2a610)[0x152b3102a610]
[genoahost095:2396693] [12] /lib64/libc.so.6(__libc_start_main+0x80)[0x152b3102a6c0]
[genoahost095:2396693] [13] /direct/sdcc+u/poare/Grid/build/examples/./Example_spec_kryschur[0x4147f5]
[genoahost095:2396693] *** End of error message ***

__|__|__|__|__|__|__|__|__|__|__|__|__|__|__
__|__|__|__|__|__|__|__|__|__|__|__|__|__|__
__|_ |  |  |  |  |  |  |  |  |  |  |  | _|__
__|_                                    _|__
__|_   GGGG    RRRR    III    DDDD      _|__
__|_  G        R   R    I     D   D     _|__
__|_  G        R   R    I     D    D    _|__
__|_  G  GG    RRRR     I     D    D    _|__
__|_  G   G    R  R     I     D   D     _|__
__|_   GGGG    R   R   III    DDDD      _|__
__|_                                    _|__
__|__|__|__|__|__|__|__|__|__|__|__|__|__|__
__|__|__|__|__|__|__|__|__|__|__|__|__|__|__
  |  |  |  |  |  |  |  |  |  |  |  |  |  |  


Copyright (C) 2015 Peter Boyle, Azusa Yamaguchi, Guido Cossu, Antonin Portelli and other authors

This program is free software; you can redistribute it and/or modify
it under the terms of the GNU General Public License as published by
the Free Software Foundation; either version 2 of the License, or
(at your option) any later version.

This program is distributed in the hope that it will be useful,
but WITHOUT ANY WARRANTY; without even the implied warranty of
MERCHANTABILITY or FITNESS FOR A PARTICULAR PURPOSE.  See the
GNU General Public License for more details.
Current Grid git commit hash=82d411ca7bb8ec4a5b5c3815df23674cfd291070: (HEAD -> develop, origin/develop, origin/HEAD) clean

Grid : Message : ================================================ 
Grid : Message : MPI is initialised and logging filters activated 
Grid : Message : ================================================ 
Grid : Message : This rank is running on host genoahost094.sdcc.bnl.local at local time 2026-03-04 12:30:35
Grid : Message : Requested 17179869184 byte stencil comms buffers 
Grid : Message : MemoryManager::Init() setting up
Grid : Message : MemoryManager::Init() cache pool for recent host   allocations: SMALL 8 LARGE 2 HUGE 0
Grid : Message : MemoryManager::Init() cache pool for recent device allocations: SMALL 16 LARGE 8 Huge 0
Grid : Message : MemoryManager::Init() cache pool for recent shared allocations: SMALL 16 LARGE 8 Huge 0
Grid : Message : MemoryManager::Init() Unified memory space
Sorting eigenvalues using EvalReSmall
Lattice size: [32 32 32 32]
Example_spec_kryschur: ../../Grid/communicator/SharedMemoryMPI.cc:434: static void Grid::GlobalSharedMemory::OptimalCommunicatorSharedMemory(const Coordinate&, ompi_communicator_t*&, Grid::Coordinate&): Assertion `WorldSize==Nprocessors' failed.
[genoahost094:2384251] *** Process received signal ***
[genoahost094:2384251] Signal: Aborted (6)
[genoahost094:2384251] Signal code:  (-6)
[genoahost094:2384251] [ 0] /lib64/libc.so.6(+0x3fc30)[0x14c7d0a3fc30]
[genoahost094:2384251] [ 1] /lib64/libc.so.6(+0x8d02c)[0x14c7d0a8d02c]
[genoahost094:2384251] [ 2] /lib64/libc.so.6(raise+0x16)[0x14c7d0a3fb86]
[genoahost094:2384251] [ 3] /lib64/libc.so.6(abort+0xd3)[0x14c7d0a29873]
[genoahost094:2384251] [ 4] /lib64/libc.so.6(+0x2979b)[0x14c7d0a2979b]
[genoahost094:2384251] [ 5] /lib64/libc.so.6(+0x388c6)[0x14c7d0a388c6]
[genoahost094:2384251] [ 6] /direct/sdcc+u/poare/Grid/build/examples/./Example_spec_kryschur[0x4cc206]
[genoahost094:2384251] [ 7] /direct/sdcc+u/poare/Grid/build/examples/./Example_spec_kryschur[0x4cc2f1]
[genoahost094:2384251] [ 8] /direct/sdcc+u/poare/Grid/build/examples/./Example_spec_kryschur[0x4c7e95]
[genoahost094:2384251] [ 9] /direct/sdcc+u/poare/Grid/build/examples/./Example_spec_kryschur[0x4b5f4f]
[genoahost094:2384251] [10] /direct/sdcc+u/poare/Grid/build/examples/./Example_spec_kryschur[0x41180d]
[genoahost094:2384251] [11] /lib64/libc.so.6(+0x2a610)[0x14c7d0a2a610]
[genoahost094:2384251] [12] /lib64/libc.so.6(__libc_start_main+0x80)[0x14c7d0a2a6c0]
[genoahost094:2384251] [13] /direct/sdcc+u/poare/Grid/build/examples/./Example_spec_kryschur[0x4147f5]
[genoahost094:2384251] *** End of error message ***

__|__|__|__|__|__|__|__|__|__|__|__|__|__|__
__|__|__|__|__|__|__|__|__|__|__|__|__|__|__
__|_ |  |  |  |  |  |  |  |  |  |  |  | _|__
__|_                                    _|__
__|_   GGGG    RRRR    III    DDDD      _|__
__|_  G        R   R    I     D   D     _|__
__|_  G        R   R    I     D    D    _|__
__|_  G  GG    RRRR     I     D    D    _|__
__|_  G   G    R  R     I     D   D     _|__
__|_   GGGG    R   R   III    DDDD      _|__
__|_                                    _|__
__|__|__|__|__|__|__|__|__|__|__|__|__|__|__
__|__|__|__|__|__|__|__|__|__|__|__|__|__|__
  |  |  |  |  |  |  |  |  |  |  |  |  |  |  


Copyright (C) 2015 Peter Boyle, Azusa Yamaguchi, Guido Cossu, Antonin Portelli and other authors

This program is free software; you can redistribute it and/or modify
it under the terms of the GNU General Public License as published by
the Free Software Foundation; either version 2 of the License, or
(at your option) any later version.

This program is distributed in the hope that it will be useful,
but WITHOUT ANY WARRANTY; without even the implied warranty of
MERCHANTABILITY or FITNESS FOR A PARTICULAR PURPOSE.  See the
GNU General Public License for more details.
Current Grid git commit hash=82d411ca7bb8ec4a5b5c3815df23674cfd291070: (HEAD -> develop, origin/develop, origin/HEAD) clean

Grid : Message : ================================================ 
Grid : Message : MPI is initialised and logging filters activated 
Grid : Message : ================================================ 
Grid : Message : This rank is running on host genoahost090.sdcc.bnl.local at local time 2026-03-04 12:30:36
Grid : Message : Requested 17179869184 byte stencil comms buffers 
Grid : Message : MemoryManager::Init() setting up
Grid : Message : MemoryManager::Init() cache pool for recent host   allocations: SMALL 8 LARGE 2 HUGE 0
Grid : Message : MemoryManager::Init() cache pool for recent device allocations: SMALL 16 LARGE 8 Huge 0
Grid : Message : MemoryManager::Init() cache pool for recent shared allocations: SMALL 16 LARGE 8 Huge 0
Grid : Message : MemoryManager::Init() Unified memory space
Sorting eigenvalues using EvalReSmall
Lattice size: [32 32 32 32]
Example_spec_kryschur: ../../Grid/communicator/SharedMemoryMPI.cc:434: static void Grid::GlobalSharedMemory::OptimalCommunicatorSharedMemory(const Coordinate&, ompi_communicator_t*&, Grid::Coordinate&): Assertion `WorldSize==Nprocessors' failed.
[genoahost090:2327598] *** Process received signal ***
[genoahost090:2327598] Signal: Aborted (6)
[genoahost090:2327598] Signal code:  (-6)
[genoahost090:2327598] [ 0] /lib64/libc.so.6(+0x3fc30)[0x14a45ea3fc30]
[genoahost090:2327598] [ 1] /lib64/libc.so.6(+0x8d02c)[0x14a45ea8d02c]
[genoahost090:2327598] [ 2] /lib64/libc.so.6(raise+0x16)[0x14a45ea3fb86]
[genoahost090:2327598] [ 3] /lib64/libc.so.6(abort+0xd3)[0x14a45ea29873]
[genoahost090:2327598] [ 4] /lib64/libc.so.6(+0x2979b)[0x14a45ea2979b]
[genoahost090:2327598] [ 5] /lib64/libc.so.6(+0x388c6)[0x14a45ea388c6]
[genoahost090:2327598] [ 6] /direct/sdcc+u/poare/Grid/build/examples/./Example_spec_kryschur[0x4cc206]
[genoahost090:2327598] [ 7] /direct/sdcc+u/poare/Grid/build/examples/./Example_spec_kryschur[0x4cc2f1]
[genoahost090:2327598] [ 8] /direct/sdcc+u/poare/Grid/build/examples/./Example_spec_kryschur[0x4c7e95]
[genoahost090:2327598] [ 9] /direct/sdcc+u/poare/Grid/build/examples/./Example_spec_kryschur[0x4b5f4f]
[genoahost090:2327598] [10] /direct/sdcc+u/poare/Grid/build/examples/./Example_spec_kryschur[0x41180d]
[genoahost090:2327598] [11] /lib64/libc.so.6(+0x2a610)[0x14a45ea2a610]
[genoahost090:2327598] [12] /lib64/libc.so.6(__libc_start_main+0x80)[0x14a45ea2a6c0]
[genoahost090:2327598] [13] /direct/sdcc+u/poare/Grid/build/examples/./Example_spec_kryschur[0x4147f5]
[genoahost090:2327598] *** End of error message ***

__|__|__|__|__|__|__|__|__|__|__|__|__|__|__
__|__|__|__|__|__|__|__|__|__|__|__|__|__|__
__|_ |  |  |  |  |  |  |  |  |  |  |  | _|__
__|_                                    _|__
__|_   GGGG    RRRR    III    DDDD      _|__
__|_  G        R   R    I     D   D     _|__
__|_  G        R   R    I     D    D    _|__
__|_  G  GG    RRRR     I     D    D    _|__
__|_  G   G    R  R     I     D   D     _|__
__|_   GGGG    R   R   III    DDDD      _|__
__|_                                    _|__
__|__|__|__|__|__|__|__|__|__|__|__|__|__|__
__|__|__|__|__|__|__|__|__|__|__|__|__|__|__
  |  |  |  |  |  |  |  |  |  |  |  |  |  |  


Copyright (C) 2015 Peter Boyle, Azusa Yamaguchi, Guido Cossu, Antonin Portelli and other authors

This program is free software; you can redistribute it and/or modify
it under the terms of the GNU General Public License as published by
the Free Software Foundation; either version 2 of the License, or
(at your option) any later version.

This program is distributed in the hope that it will be useful,
but WITHOUT ANY WARRANTY; without even the implied warranty of
MERCHANTABILITY or FITNESS FOR A PARTICULAR PURPOSE.  See the
GNU General Public License for more details.
Current Grid git commit hash=82d411ca7bb8ec4a5b5c3815df23674cfd291070: (HEAD -> develop, origin/develop, origin/HEAD) clean

Grid : Message : ================================================ 
Grid : Message : MPI is initialised and logging filters activated 
Grid : Message : ================================================ 
Grid : Message : This rank is running on host genoahost090.sdcc.bnl.local at local time 2026-03-04 12:30:36
Grid : Message : Requested 17179869184 byte stencil comms buffers 
Grid : Message : MemoryManager::Init() setting up
Grid : Message : MemoryManager::Init() cache pool for recent host   allocations: SMALL 8 LARGE 2 HUGE 0
Grid : Message : MemoryManager::Init() cache pool for recent device allocations: SMALL 16 LARGE 8 Huge 0
Grid : Message : MemoryManager::Init() cache pool for recent shared allocations: SMALL 16 LARGE 8 Huge 0
Grid : Message : MemoryManager::Init() Unified memory space
Sorting eigenvalues using EvalReSmall
Lattice size: [32 32 32 32]
Example_spec_kryschur: ../../Grid/communicator/SharedMemoryMPI.cc:434: static void Grid::GlobalSharedMemory::OptimalCommunicatorSharedMemory(const Coordinate&, ompi_communicator_t*&, Grid::Coordinate&): Assertion `WorldSize==Nprocessors' failed.
[genoahost090:2327608] *** Process received signal ***
[genoahost090:2327608] Signal: Aborted (6)
[genoahost090:2327608] Signal code:  (-6)
[genoahost090:2327608] [ 0] /lib64/libc.so.6(+0x3fc30)[0x1505c083fc30]
[genoahost090:2327608] [ 1] /lib64/libc.so.6(+0x8d02c)[0x1505c088d02c]
[genoahost090:2327608] [ 2] /lib64/libc.so.6(raise+0x16)[0x1505c083fb86]
[genoahost090:2327608] [ 3] /lib64/libc.so.6(abort+0xd3)[0x1505c0829873]
[genoahost090:2327608] [ 4] /lib64/libc.so.6(+0x2979b)[0x1505c082979b]
[genoahost090:2327608] [ 5] /lib64/libc.so.6(+0x388c6)[0x1505c08388c6]
[genoahost090:2327608] [ 6] /direct/sdcc+u/poare/Grid/build/examples/./Example_spec_kryschur[0x4cc206]
[genoahost090:2327608] [ 7] /direct/sdcc+u/poare/Grid/build/examples/./Example_spec_kryschur[0x4cc2f1]
[genoahost090:2327608] [ 8] /direct/sdcc+u/poare/Grid/build/examples/./Example_spec_kryschur[0x4c7e95]
[genoahost090:2327608] [ 9] /direct/sdcc+u/poare/Grid/build/examples/./Example_spec_kryschur[0x4b5f4f]
[genoahost090:2327608] [10] /direct/sdcc+u/poare/Grid/build/examples/./Example_spec_kryschur[0x41180d]
[genoahost090:2327608] [11] /lib64/libc.so.6(+0x2a610)[0x1505c082a610]
[genoahost090:2327608] [12] /lib64/libc.so.6(__libc_start_main+0x80)[0x1505c082a6c0]
[genoahost090:2327608] [13] /direct/sdcc+u/poare/Grid/build/examples/./Example_spec_kryschur[0x4147f5]
[genoahost090:2327608] *** End of error message ***
srun: error: genoahost095: task 109: Aborted (core dumped)

__|__|__|__|__|__|__|__|__|__|__|__|__|__|__
__|__|__|__|__|__|__|__|__|__|__|__|__|__|__
__|_ |  |  |  |  |  |  |  |  |  |  |  | _|__
__|_                                    _|__
__|_   GGGG    RRRR    III    DDDD      _|__
__|_  G        R   R    I     D   D     _|__
__|_  G        R   R    I     D    D    _|__
__|_  G  GG    RRRR     I     D    D    _|__
__|_  G   G    R  R     I     D   D     _|__
__|_   GGGG    R   R   III    DDDD      _|__
__|_                                    _|__
__|__|__|__|__|__|__|__|__|__|__|__|__|__|__
__|__|__|__|__|__|__|__|__|__|__|__|__|__|__
  |  |  |  |  |  |  |  |  |  |  |  |  |  |  


Copyright (C) 2015 Peter Boyle, Azusa Yamaguchi, Guido Cossu, Antonin Portelli and other authors

This program is free software; you can redistribute it and/or modify
it under the terms of the GNU General Public License as published by
the Free Software Foundation; either version 2 of the License, or
(at your option) any later version.

This program is distributed in the hope that it will be useful,
but WITHOUT ANY WARRANTY; without even the implied warranty of
MERCHANTABILITY or FITNESS FOR A PARTICULAR PURPOSE.  See the
GNU General Public License for more details.
Current Grid git commit hash=82d411ca7bb8ec4a5b5c3815df23674cfd291070: (HEAD -> develop, origin/develop, origin/HEAD) clean

Grid : Message : ================================================ 
Grid : Message : MPI is initialised and logging filters activated 
Grid : Message : ================================================ 
Grid : Message : This rank is running on host genoahost094.sdcc.bnl.local at local time 2026-03-04 12:30:36
Grid : Message : Requested 17179869184 byte stencil comms buffers 
Grid : Message : MemoryManager::Init() setting up
Grid : Message : MemoryManager::Init() cache pool for recent host   allocations: SMALL 8 LARGE 2 HUGE 0
Grid : Message : MemoryManager::Init() cache pool for recent device allocations: SMALL 16 LARGE 8 Huge 0
Grid : Message : MemoryManager::Init() cache pool for recent shared allocations: SMALL 16 LARGE 8 Huge 0
Grid : Message : MemoryManager::Init() Unified memory space
Sorting eigenvalues using EvalReSmall
Lattice size: [32 32 32 32]
Example_spec_kryschur: ../../Grid/communicator/SharedMemoryMPI.cc:434: static void Grid::GlobalSharedMemory::OptimalCommunicatorSharedMemory(const Coordinate&, ompi_communicator_t*&, Grid::Coordinate&): Assertion `WorldSize==Nprocessors' failed.
[genoahost094:2384256] *** Process received signal ***
[genoahost094:2384256] Signal: Aborted (6)
[genoahost094:2384256] Signal code:  (-6)
[genoahost094:2384256] [ 0] /lib64/libc.so.6(+0x3fc30)[0x14a5d663fc30]
[genoahost094:2384256] [ 1] /lib64/libc.so.6(+0x8d02c)[0x14a5d668d02c]
[genoahost094:2384256] [ 2] /lib64/libc.so.6(raise+0x16)[0x14a5d663fb86]
[genoahost094:2384256] [ 3] /lib64/libc.so.6(abort+0xd3)[0x14a5d6629873]
[genoahost094:2384256] [ 4] /lib64/libc.so.6(+0x2979b)[0x14a5d662979b]
[genoahost094:2384256] [ 5] /lib64/libc.so.6(+0x388c6)[0x14a5d66388c6]
[genoahost094:2384256] [ 6] /direct/sdcc+u/poare/Grid/build/examples/./Example_spec_kryschur[0x4cc206]
[genoahost094:2384256] [ 7] /direct/sdcc+u/poare/Grid/build/examples/./Example_spec_kryschur[0x4cc2f1]
[genoahost094:2384256] [ 8] /direct/sdcc+u/poare/Grid/build/examples/./Example_spec_kryschur[0x4c7e95]
[genoahost094:2384256] [ 9] /direct/sdcc+u/poare/Grid/build/examples/./Example_spec_kryschur[0x4b5f4f]
[genoahost094:2384256] [10] /direct/sdcc+u/poare/Grid/build/examples/./Example_spec_kryschur[0x41180d]
[genoahost094:2384256] [11] /lib64/libc.so.6(+0x2a610)[0x14a5d662a610]
[genoahost094:2384256] [12] /lib64/libc.so.6(__libc_start_main+0x80)[0x14a5d662a6c0]
[genoahost094:2384256] [13] /direct/sdcc+u/poare/Grid/build/examples/./Example_spec_kryschur[0x4147f5]
[genoahost094:2384256] *** End of error message ***

__|__|__|__|__|__|__|__|__|__|__|__|__|__|__
__|__|__|__|__|__|__|__|__|__|__|__|__|__|__
__|_ |  |  |  |  |  |  |  |  |  |  |  | _|__
__|_                                    _|__
__|_   GGGG    RRRR    III    DDDD      _|__
__|_  G        R   R    I     D   D     _|__
__|_  G        R   R    I     D    D    _|__
__|_  G  GG    RRRR     I     D    D    _|__
__|_  G   G    R  R     I     D   D     _|__
__|_   GGGG    R   R   III    DDDD      _|__
__|_                                    _|__
__|__|__|__|__|__|__|__|__|__|__|__|__|__|__
__|__|__|__|__|__|__|__|__|__|__|__|__|__|__
  |  |  |  |  |  |  |  |  |  |  |  |  |  |  


Copyright (C) 2015 Peter Boyle, Azusa Yamaguchi, Guido Cossu, Antonin Portelli and other authors

This program is free software; you can redistribute it and/or modify
it under the terms of the GNU General Public License as published by
the Free Software Foundation; either version 2 of the License, or
(at your option) any later version.

This program is distributed in the hope that it will be useful,
but WITHOUT ANY WARRANTY; without even the implied warranty of
MERCHANTABILITY or FITNESS FOR A PARTICULAR PURPOSE.  See the
GNU General Public License for more details.
Current Grid git commit hash=82d411ca7bb8ec4a5b5c3815df23674cfd291070: (HEAD -> develop, origin/develop, origin/HEAD) clean

Grid : Message : ================================================ 
Grid : Message : MPI is initialised and logging filters activated 
Grid : Message : ================================================ 
Grid : Message : This rank is running on host genoahost090.sdcc.bnl.local at local time 2026-03-04 12:30:37
Grid : Message : Requested 17179869184 byte stencil comms buffers 
Grid : Message : MemoryManager::Init() setting up
Grid : Message : MemoryManager::Init() cache pool for recent host   allocations: SMALL 8 LARGE 2 HUGE 0
Grid : Message : MemoryManager::Init() cache pool for recent device allocations: SMALL 16 LARGE 8 Huge 0
Grid : Message : MemoryManager::Init() cache pool for recent shared allocations: SMALL 16 LARGE 8 Huge 0
Grid : Message : MemoryManager::Init() Unified memory space
Sorting eigenvalues using EvalReSmall
Lattice size: [32 32 32 32]
Example_spec_kryschur: ../../Grid/communicator/SharedMemoryMPI.cc:434: static void Grid::GlobalSharedMemory::OptimalCommunicatorSharedMemory(const Coordinate&, ompi_communicator_t*&, Grid::Coordinate&): Assertion `WorldSize==Nprocessors' failed.
[genoahost090:2327607] *** Process received signal ***
[genoahost090:2327607] Signal: Aborted (6)
[genoahost090:2327607] Signal code:  (-6)
[genoahost090:2327607] [ 0] /lib64/libc.so.6(+0x3fc30)[0x14d28b23fc30]
[genoahost090:2327607] [ 1] /lib64/libc.so.6(+0x8d02c)[0x14d28b28d02c]
[genoahost090:2327607] [ 2] /lib64/libc.so.6(raise+0x16)[0x14d28b23fb86]
[genoahost090:2327607] [ 3] /lib64/libc.so.6(abort+0xd3)[0x14d28b229873]
[genoahost090:2327607] [ 4] /lib64/libc.so.6(+0x2979b)[0x14d28b22979b]
[genoahost090:2327607] [ 5] /lib64/libc.so.6(+0x388c6)[0x14d28b2388c6]
[genoahost090:2327607] [ 6] /direct/sdcc+u/poare/Grid/build/examples/./Example_spec_kryschur[0x4cc206]
[genoahost090:2327607] [ 7] /direct/sdcc+u/poare/Grid/build/examples/./Example_spec_kryschur[0x4cc2f1]
[genoahost090:2327607] [ 8] /direct/sdcc+u/poare/Grid/build/examples/./Example_spec_kryschur[0x4c7e95]
[genoahost090:2327607] [ 9] /direct/sdcc+u/poare/Grid/build/examples/./Example_spec_kryschur[0x4b5f4f]
[genoahost090:2327607] [10] /direct/sdcc+u/poare/Grid/build/examples/./Example_spec_kryschur[0x41180d]
[genoahost090:2327607] [11] /lib64/libc.so.6(+0x2a610)[0x14d28b22a610]
[genoahost090:2327607] [12] /lib64/libc.so.6(__libc_start_main+0x80)[0x14d28b22a6c0]
[genoahost090:2327607] [13] /direct/sdcc+u/poare/Grid/build/examples/./Example_spec_kryschur[0x4147f5]
[genoahost090:2327607] *** End of error message ***

__|__|__|__|__|__|__|__|__|__|__|__|__|__|__
__|__|__|__|__|__|__|__|__|__|__|__|__|__|__
__|_ |  |  |  |  |  |  |  |  |  |  |  | _|__
__|_                                    _|__
__|_   GGGG    RRRR    III    DDDD      _|__
__|_  G        R   R    I     D   D     _|__
__|_  G        R   R    I     D    D    _|__
__|_  G  GG    RRRR     I     D    D    _|__
__|_  G   G    R  R     I     D   D     _|__
__|_   GGGG    R   R   III    DDDD      _|__
__|_                                    _|__
__|__|__|__|__|__|__|__|__|__|__|__|__|__|__
__|__|__|__|__|__|__|__|__|__|__|__|__|__|__
  |  |  |  |  |  |  |  |  |  |  |  |  |  |  


Copyright (C) 2015 Peter Boyle, Azusa Yamaguchi, Guido Cossu, Antonin Portelli and other authors

This program is free software; you can redistribute it and/or modify
it under the terms of the GNU General Public License as published by
the Free Software Foundation; either version 2 of the License, or
(at your option) any later version.

This program is distributed in the hope that it will be useful,
but WITHOUT ANY WARRANTY; without even the implied warranty of
MERCHANTABILITY or FITNESS FOR A PARTICULAR PURPOSE.  See the
GNU General Public License for more details.
Current Grid git commit hash=82d411ca7bb8ec4a5b5c3815df23674cfd291070: (HEAD -> develop, origin/develop, origin/HEAD) clean

Grid : Message : ================================================ 
Grid : Message : MPI is initialised and logging filters activated 
Grid : Message : ================================================ 
Grid : Message : This rank is running on host genoahost090.sdcc.bnl.local at local time 2026-03-04 12:30:37
Grid : Message : Requested 17179869184 byte stencil comms buffers 
Grid : Message : MemoryManager::Init() setting up
Grid : Message : MemoryManager::Init() cache pool for recent host   allocations: SMALL 8 LARGE 2 HUGE 0
Grid : Message : MemoryManager::Init() cache pool for recent device allocations: SMALL 16 LARGE 8 Huge 0
Grid : Message : MemoryManager::Init() cache pool for recent shared allocations: SMALL 16 LARGE 8 Huge 0
Grid : Message : MemoryManager::Init() Unified memory space
Sorting eigenvalues using EvalReSmall
Lattice size: [32 32 32 32]
Example_spec_kryschur: ../../Grid/communicator/SharedMemoryMPI.cc:434: static void Grid::GlobalSharedMemory::OptimalCommunicatorSharedMemory(const Coordinate&, ompi_communicator_t*&, Grid::Coordinate&): Assertion `WorldSize==Nprocessors' failed.
[genoahost090:2327606] *** Process received signal ***
[genoahost090:2327606] Signal: Aborted (6)
[genoahost090:2327606] Signal code:  (-6)
[genoahost090:2327606] [ 0] /lib64/libc.so.6(+0x3fc30)[0x14ea73e3fc30]
[genoahost090:2327606] [ 1] /lib64/libc.so.6(+0x8d02c)[0x14ea73e8d02c]
[genoahost090:2327606] [ 2] /lib64/libc.so.6(raise+0x16)[0x14ea73e3fb86]
[genoahost090:2327606] [ 3] /lib64/libc.so.6(abort+0xd3)[0x14ea73e29873]
[genoahost090:2327606] [ 4] /lib64/libc.so.6(+0x2979b)[0x14ea73e2979b]
[genoahost090:2327606] [ 5] /lib64/libc.so.6(+0x388c6)[0x14ea73e388c6]
[genoahost090:2327606] [ 6] /direct/sdcc+u/poare/Grid/build/examples/./Example_spec_kryschur[0x4cc206]
[genoahost090:2327606] [ 7] /direct/sdcc+u/poare/Grid/build/examples/./Example_spec_kryschur[0x4cc2f1]
[genoahost090:2327606] [ 8] /direct/sdcc+u/poare/Grid/build/examples/./Example_spec_kryschur[0x4c7e95]
[genoahost090:2327606] [ 9] /direct/sdcc+u/poare/Grid/build/examples/./Example_spec_kryschur[0x4b5f4f]
[genoahost090:2327606] [10] /direct/sdcc+u/poare/Grid/build/examples/./Example_spec_kryschur[0x41180d]
[genoahost090:2327606] [11] /lib64/libc.so.6(+0x2a610)[0x14ea73e2a610]
[genoahost090:2327606] [12] /lib64/libc.so.6(__libc_start_main+0x80)[0x14ea73e2a6c0]
[genoahost090:2327606] [13] /direct/sdcc+u/poare/Grid/build/examples/./Example_spec_kryschur[0x4147f5]
[genoahost090:2327606] *** End of error message ***
srun: error: genoahost095: task 106: Aborted (core dumped)
srun: error: genoahost095: tasks 105,111: Aborted (core dumped)

__|__|__|__|__|__|__|__|__|__|__|__|__|__|__
__|__|__|__|__|__|__|__|__|__|__|__|__|__|__
__|_ |  |  |  |  |  |  |  |  |  |  |  | _|__
__|_                                    _|__
__|_   GGGG    RRRR    III    DDDD      _|__
__|_  G        R   R    I     D   D     _|__
__|_  G        R   R    I     D    D    _|__
__|_  G  GG    RRRR     I     D    D    _|__
__|_  G   G    R  R     I     D   D     _|__
__|_   GGGG    R   R   III    DDDD      _|__
__|_                                    _|__
__|__|__|__|__|__|__|__|__|__|__|__|__|__|__
__|__|__|__|__|__|__|__|__|__|__|__|__|__|__
  |  |  |  |  |  |  |  |  |  |  |  |  |  |  


Copyright (C) 2015 Peter Boyle, Azusa Yamaguchi, Guido Cossu, Antonin Portelli and other authors

This program is free software; you can redistribute it and/or modify
it under the terms of the GNU General Public License as published by
the Free Software Foundation; either version 2 of the License, or
(at your option) any later version.

This program is distributed in the hope that it will be useful,
but WITHOUT ANY WARRANTY; without even the implied warranty of
MERCHANTABILITY or FITNESS FOR A PARTICULAR PURPOSE.  See the
GNU General Public License for more details.
Current Grid git commit hash=82d411ca7bb8ec4a5b5c3815df23674cfd291070: (HEAD -> develop, origin/develop, origin/HEAD) clean

Grid : Message : ================================================ 
Grid : Message : MPI is initialised and logging filters activated 
Grid : Message : ================================================ 
Grid : Message : This rank is running on host genoahost089.sdcc.bnl.local at local time 2026-03-04 12:30:38
Grid : Message : Requested 17179869184 byte stencil comms buffers 
Grid : Message : MemoryManager::Init() setting up
Grid : Message : MemoryManager::Init() cache pool for recent host   allocations: SMALL 8 LARGE 2 HUGE 0
Grid : Message : MemoryManager::Init() cache pool for recent device allocations: SMALL 16 LARGE 8 Huge 0
Grid : Message : MemoryManager::Init() cache pool for recent shared allocations: SMALL 16 LARGE 8 Huge 0
Grid : Message : MemoryManager::Init() Unified memory space
Sorting eigenvalues using EvalReSmall
Lattice size: [32 32 32 32]
Example_spec_kryschur: ../../Grid/communicator/SharedMemoryMPI.cc:434: static void Grid::GlobalSharedMemory::OptimalCommunicatorSharedMemory(const Coordinate&, ompi_communicator_t*&, Grid::Coordinate&): Assertion `WorldSize==Nprocessors' failed.
[genoahost089:581682] *** Process received signal ***
[genoahost089:581682] Signal: Aborted (6)
[genoahost089:581682] Signal code:  (-6)
[genoahost089:581682] [ 0] /lib64/libc.so.6(+0x3fc30)[0x14aad003fc30]
[genoahost089:581682] [ 1] /lib64/libc.so.6(+0x8d02c)[0x14aad008d02c]
[genoahost089:581682] [ 2] /lib64/libc.so.6(raise+0x16)[0x14aad003fb86]
[genoahost089:581682] [ 3] /lib64/libc.so.6(abort+0xd3)[0x14aad0029873]
[genoahost089:581682] [ 4] /lib64/libc.so.6(+0x2979b)[0x14aad002979b]
[genoahost089:581682] [ 5] /lib64/libc.so.6(+0x388c6)[0x14aad00388c6]
[genoahost089:581682] [ 6] /direct/sdcc+u/poare/Grid/build/examples/./Example_spec_kryschur[0x4cc206]
[genoahost089:581682] [ 7] /direct/sdcc+u/poare/Grid/build/examples/./Example_spec_kryschur[0x4cc2f1]
[genoahost089:581682] [ 8] /direct/sdcc+u/poare/Grid/build/examples/./Example_spec_kryschur[0x4c7e95]
[genoahost089:581682] [ 9] /direct/sdcc+u/poare/Grid/build/examples/./Example_spec_kryschur[0x4b5f4f]
[genoahost089:581682] [10] /direct/sdcc+u/poare/Grid/build/examples/./Example_spec_kryschur[0x41180d]
[genoahost089:581682] [11] /lib64/libc.so.6(+0x2a610)[0x14aad002a610]
[genoahost089:581682] [12] /lib64/libc.so.6(__libc_start_main+0x80)[0x14aad002a6c0]
[genoahost089:581682] [13] /direct/sdcc+u/poare/Grid/build/examples/./Example_spec_kryschur[0x4147f5]
[genoahost089:581682] *** End of error message ***

__|__|__|__|__|__|__|__|__|__|__|__|__|__|__
__|__|__|__|__|__|__|__|__|__|__|__|__|__|__
__|_ |  |  |  |  |  |  |  |  |  |  |  | _|__
__|_                                    _|__
__|_   GGGG    RRRR    III    DDDD      _|__
__|_  G        R   R    I     D   D     _|__
__|_  G        R   R    I     D    D    _|__
__|_  G  GG    RRRR     I     D    D    _|__
__|_  G   G    R  R     I     D   D     _|__
__|_   GGGG    R   R   III    DDDD      _|__
__|_                                    _|__
__|__|__|__|__|__|__|__|__|__|__|__|__|__|__
__|__|__|__|__|__|__|__|__|__|__|__|__|__|__
  |  |  |  |  |  |  |  |  |  |  |  |  |  |  


Copyright (C) 2015 Peter Boyle, Azusa Yamaguchi, Guido Cossu, Antonin Portelli and other authors

This program is free software; you can redistribute it and/or modify
it under the terms of the GNU General Public License as published by
the Free Software Foundation; either version 2 of the License, or
(at your option) any later version.

This program is distributed in the hope that it will be useful,
but WITHOUT ANY WARRANTY; without even the implied warranty of
MERCHANTABILITY or FITNESS FOR A PARTICULAR PURPOSE.  See the
GNU General Public License for more details.
Current Grid git commit hash=82d411ca7bb8ec4a5b5c3815df23674cfd291070: (HEAD -> develop, origin/develop, origin/HEAD) clean

Grid : Message : ================================================ 
Grid : Message : MPI is initialised and logging filters activated 
Grid : Message : ================================================ 
Grid : Message : This rank is running on host genoahost090.sdcc.bnl.local at local time 2026-03-04 12:30:38
Grid : Message : Requested 17179869184 byte stencil comms buffers 
Grid : Message : MemoryManager::Init() setting up
Grid : Message : MemoryManager::Init() cache pool for recent host   allocations: SMALL 8 LARGE 2 HUGE 0
Grid : Message : MemoryManager::Init() cache pool for recent device allocations: SMALL 16 LARGE 8 Huge 0
Grid : Message : MemoryManager::Init() cache pool for recent shared allocations: SMALL 16 LARGE 8 Huge 0
Grid : Message : MemoryManager::Init() Unified memory space
Sorting eigenvalues using EvalReSmall
Lattice size: [32 32 32 32]
Example_spec_kryschur: ../../Grid/communicator/SharedMemoryMPI.cc:434: static void Grid::GlobalSharedMemory::OptimalCommunicatorSharedMemory(const Coordinate&, ompi_communicator_t*&, Grid::Coordinate&): Assertion `WorldSize==Nprocessors' failed.
[genoahost090:2327602] *** Process received signal ***
[genoahost090:2327602] Signal: Aborted (6)
[genoahost090:2327602] Signal code:  (-6)
[genoahost090:2327602] [ 0] /lib64/libc.so.6(+0x3fc30)[0x1531d4e3fc30]
[genoahost090:2327602] [ 1] /lib64/libc.so.6(+0x8d02c)[0x1531d4e8d02c]
[genoahost090:2327602] [ 2] /lib64/libc.so.6(raise+0x16)[0x1531d4e3fb86]
[genoahost090:2327602] [ 3] /lib64/libc.so.6(abort+0xd3)[0x1531d4e29873]
[genoahost090:2327602] [ 4] /lib64/libc.so.6(+0x2979b)[0x1531d4e2979b]
[genoahost090:2327602] [ 5] /lib64/libc.so.6(+0x388c6)[0x1531d4e388c6]
[genoahost090:2327602] [ 6] /direct/sdcc+u/poare/Grid/build/examples/./Example_spec_kryschur[0x4cc206]
[genoahost090:2327602] [ 7] /direct/sdcc+u/poare/Grid/build/examples/./Example_spec_kryschur[0x4cc2f1]
[genoahost090:2327602] [ 8] /direct/sdcc+u/poare/Grid/build/examples/./Example_spec_kryschur[0x4c7e95]
[genoahost090:2327602] [ 9] /direct/sdcc+u/poare/Grid/build/examples/./Example_spec_kryschur[0x4b5f4f]
[genoahost090:2327602] [10] /direct/sdcc+u/poare/Grid/build/examples/./Example_spec_kryschur[0x41180d]
[genoahost090:2327602] [11] /lib64/libc.so.6(+0x2a610)[0x1531d4e2a610]
[genoahost090:2327602] [12] /lib64/libc.so.6(__libc_start_main+0x80)[0x1531d4e2a6c0]
[genoahost090:2327602] [13] /direct/sdcc+u/poare/Grid/build/examples/./Example_spec_kryschur[0x4147f5]
[genoahost090:2327602] *** End of error message ***

__|__|__|__|__|__|__|__|__|__|__|__|__|__|__
__|__|__|__|__|__|__|__|__|__|__|__|__|__|__
__|_ |  |  |  |  |  |  |  |  |  |  |  | _|__
__|_                                    _|__
__|_   GGGG    RRRR    III    DDDD      _|__
__|_  G        R   R    I     D   D     _|__
__|_  G        R   R    I     D    D    _|__
__|_  G  GG    RRRR     I     D    D    _|__
__|_  G   G    R  R     I     D   D     _|__
__|_   GGGG    R   R   III    DDDD      _|__
__|_                                    _|__
__|__|__|__|__|__|__|__|__|__|__|__|__|__|__
__|__|__|__|__|__|__|__|__|__|__|__|__|__|__
  |  |  |  |  |  |  |  |  |  |  |  |  |  |  


Copyright (C) 2015 Peter Boyle, Azusa Yamaguchi, Guido Cossu, Antonin Portelli and other authors

This program is free software; you can redistribute it and/or modify
it under the terms of the GNU General Public License as published by
the Free Software Foundation; either version 2 of the License, or
(at your option) any later version.

This program is distributed in the hope that it will be useful,
but WITHOUT ANY WARRANTY; without even the implied warranty of
MERCHANTABILITY or FITNESS FOR A PARTICULAR PURPOSE.  See the
GNU General Public License for more details.
Current Grid git commit hash=82d411ca7bb8ec4a5b5c3815df23674cfd291070: (HEAD -> develop, origin/develop, origin/HEAD) clean

Grid : Message : ================================================ 
Grid : Message : MPI is initialised and logging filters activated 
Grid : Message : ================================================ 
Grid : Message : This rank is running on host genoahost089.sdcc.bnl.local at local time 2026-03-04 12:30:38
Grid : Message : Requested 17179869184 byte stencil comms buffers 
Grid : Message : MemoryManager::Init() setting up
Grid : Message : MemoryManager::Init() cache pool for recent host   allocations: SMALL 8 LARGE 2 HUGE 0
Grid : Message : MemoryManager::Init() cache pool for recent device allocations: SMALL 16 LARGE 8 Huge 0
Grid : Message : MemoryManager::Init() cache pool for recent shared allocations: SMALL 16 LARGE 8 Huge 0
Grid : Message : MemoryManager::Init() Unified memory space
Sorting eigenvalues using EvalReSmall
Lattice size: [32 32 32 32]
Example_spec_kryschur: ../../Grid/communicator/SharedMemoryMPI.cc:434: static void Grid::GlobalSharedMemory::OptimalCommunicatorSharedMemory(const Coordinate&, ompi_communicator_t*&, Grid::Coordinate&): Assertion `WorldSize==Nprocessors' failed.
[genoahost089:581681] *** Process received signal ***
[genoahost089:581681] Signal: Aborted (6)
[genoahost089:581681] Signal code:  (-6)
[genoahost089:581681] [ 0] /lib64/libc.so.6(+0x3fc30)[0x147be823fc30]
[genoahost089:581681] [ 1] /lib64/libc.so.6(+0x8d02c)[0x147be828d02c]
[genoahost089:581681] [ 2] /lib64/libc.so.6(raise+0x16)[0x147be823fb86]
[genoahost089:581681] [ 3] /lib64/libc.so.6(abort+0xd3)[0x147be8229873]
[genoahost089:581681] [ 4] /lib64/libc.so.6(+0x2979b)[0x147be822979b]
[genoahost089:581681] [ 5] /lib64/libc.so.6(+0x388c6)[0x147be82388c6]
[genoahost089:581681] [ 6] /direct/sdcc+u/poare/Grid/build/examples/./Example_spec_kryschur[0x4cc206]
[genoahost089:581681] [ 7] /direct/sdcc+u/poare/Grid/build/examples/./Example_spec_kryschur[0x4cc2f1]
[genoahost089:581681] [ 8] /direct/sdcc+u/poare/Grid/build/examples/./Example_spec_kryschur[0x4c7e95]
[genoahost089:581681] [ 9] /direct/sdcc+u/poare/Grid/build/examples/./Example_spec_kryschur[0x4b5f4f]
[genoahost089:581681] [10] /direct/sdcc+u/poare/Grid/build/examples/./Example_spec_kryschur[0x41180d]
[genoahost089:581681] [11] /lib64/libc.so.6(+0x2a610)[0x147be822a610]
[genoahost089:581681] [12] /lib64/libc.so.6(__libc_start_main+0x80)[0x147be822a6c0]
[genoahost089:581681] [13] /direct/sdcc+u/poare/Grid/build/examples/./Example_spec_kryschur[0x4147f5]
[genoahost089:581681] *** End of error message ***

__|__|__|__|__|__|__|__|__|__|__|__|__|__|__
__|__|__|__|__|__|__|__|__|__|__|__|__|__|__
__|_ |  |  |  |  |  |  |  |  |  |  |  | _|__
__|_                                    _|__
__|_   GGGG    RRRR    III    DDDD      _|__
__|_  G        R   R    I     D   D     _|__
__|_  G        R   R    I     D    D    _|__
__|_  G  GG    RRRR     I     D    D    _|__
__|_  G   G    R  R     I     D   D     _|__
__|_   GGGG    R   R   III    DDDD      _|__
__|_                                    _|__
__|__|__|__|__|__|__|__|__|__|__|__|__|__|__
__|__|__|__|__|__|__|__|__|__|__|__|__|__|__
  |  |  |  |  |  |  |  |  |  |  |  |  |  |  


Copyright (C) 2015 Peter Boyle, Azusa Yamaguchi, Guido Cossu, Antonin Portelli and other authors

This program is free software; you can redistribute it and/or modify
it under the terms of the GNU General Public License as published by
the Free Software Foundation; either version 2 of the License, or
(at your option) any later version.

This program is distributed in the hope that it will be useful,
but WITHOUT ANY WARRANTY; without even the implied warranty of
MERCHANTABILITY or FITNESS FOR A PARTICULAR PURPOSE.  See the
GNU General Public License for more details.
Current Grid git commit hash=82d411ca7bb8ec4a5b5c3815df23674cfd291070: (HEAD -> develop, origin/develop, origin/HEAD) clean

Grid : Message : ================================================ 
Grid : Message : MPI is initialised and logging filters activated 
Grid : Message : ================================================ 
Grid : Message : This rank is running on host genoahost089.sdcc.bnl.local at local time 2026-03-04 12:30:38
Grid : Message : Requested 17179869184 byte stencil comms buffers 
Grid : Message : MemoryManager::Init() setting up
Grid : Message : MemoryManager::Init() cache pool for recent host   allocations: SMALL 8 LARGE 2 HUGE 0
Grid : Message : MemoryManager::Init() cache pool for recent device allocations: SMALL 16 LARGE 8 Huge 0
Grid : Message : MemoryManager::Init() cache pool for recent shared allocations: SMALL 16 LARGE 8 Huge 0
Grid : Message : MemoryManager::Init() Unified memory space
Sorting eigenvalues using EvalReSmall
Lattice size: [32 32 32 32]
Example_spec_kryschur: ../../Grid/communicator/SharedMemoryMPI.cc:434: static void Grid::GlobalSharedMemory::OptimalCommunicatorSharedMemory(const Coordinate&, ompi_communicator_t*&, Grid::Coordinate&): Assertion `WorldSize==Nprocessors' failed.
[genoahost089:581693] *** Process received signal ***
[genoahost089:581693] Signal: Aborted (6)
[genoahost089:581693] Signal code:  (-6)
[genoahost089:581693] [ 0] /lib64/libc.so.6(+0x3fc30)[0x15458a03fc30]
[genoahost089:581693] [ 1] /lib64/libc.so.6(+0x8d02c)[0x15458a08d02c]
[genoahost089:581693] [ 2] /lib64/libc.so.6(raise+0x16)[0x15458a03fb86]
[genoahost089:581693] [ 3] /lib64/libc.so.6(abort+0xd3)[0x15458a029873]
[genoahost089:581693] [ 4] /lib64/libc.so.6(+0x2979b)[0x15458a02979b]
[genoahost089:581693] [ 5] /lib64/libc.so.6(+0x388c6)[0x15458a0388c6]
[genoahost089:581693] [ 6] /direct/sdcc+u/poare/Grid/build/examples/./Example_spec_kryschur[0x4cc206]
[genoahost089:581693] [ 7] /direct/sdcc+u/poare/Grid/build/examples/./Example_spec_kryschur[0x4cc2f1]
[genoahost089:581693] [ 8] /direct/sdcc+u/poare/Grid/build/examples/./Example_spec_kryschur[0x4c7e95]
[genoahost089:581693] [ 9] /direct/sdcc+u/poare/Grid/build/examples/./Example_spec_kryschur[0x4b5f4f]
[genoahost089:581693] [10] /direct/sdcc+u/poare/Grid/build/examples/./Example_spec_kryschur[0x41180d]
[genoahost089:581693] [11] /lib64/libc.so.6(+0x2a610)[0x15458a02a610]
[genoahost089:581693] [12] /lib64/libc.so.6(__libc_start_main+0x80)[0x15458a02a6c0]
[genoahost089:581693] [13] /direct/sdcc+u/poare/Grid/build/examples/./Example_spec_kryschur[0x4147f5]
[genoahost089:581693] *** End of error message ***

__|__|__|__|__|__|__|__|__|__|__|__|__|__|__
__|__|__|__|__|__|__|__|__|__|__|__|__|__|__
__|_ |  |  |  |  |  |  |  |  |  |  |  | _|__
__|_                                    _|__
__|_   GGGG    RRRR    III    DDDD      _|__
__|_  G        R   R    I     D   D     _|__
__|_  G        R   R    I     D    D    _|__
__|_  G  GG    RRRR     I     D    D    _|__
__|_  G   G    R  R     I     D   D     _|__
__|_   GGGG    R   R   III    DDDD      _|__
__|_                                    _|__
__|__|__|__|__|__|__|__|__|__|__|__|__|__|__
__|__|__|__|__|__|__|__|__|__|__|__|__|__|__
  |  |  |  |  |  |  |  |  |  |  |  |  |  |  


Copyright (C) 2015 Peter Boyle, Azusa Yamaguchi, Guido Cossu, Antonin Portelli and other authors

This program is free software; you can redistribute it and/or modify
it under the terms of the GNU General Public License as published by
the Free Software Foundation; either version 2 of the License, or
(at your option) any later version.

This program is distributed in the hope that it will be useful,
but WITHOUT ANY WARRANTY; without even the implied warranty of
MERCHANTABILITY or FITNESS FOR A PARTICULAR PURPOSE.  See the
GNU General Public License for more details.
Current Grid git commit hash=82d411ca7bb8ec4a5b5c3815df23674cfd291070: (HEAD -> develop, origin/develop, origin/HEAD) clean

Grid : Message : ================================================ 
Grid : Message : MPI is initialised and logging filters activated 
Grid : Message : ================================================ 
Grid : Message : This rank is running on host genoahost089.sdcc.bnl.local at local time 2026-03-04 12:30:39
Grid : Message : Requested 17179869184 byte stencil comms buffers 
Grid : Message : MemoryManager::Init() setting up
Grid : Message : MemoryManager::Init() cache pool for recent host   allocations: SMALL 8 LARGE 2 HUGE 0
Grid : Message : MemoryManager::Init() cache pool for recent device allocations: SMALL 16 LARGE 8 Huge 0
Grid : Message : MemoryManager::Init() cache pool for recent shared allocations: SMALL 16 LARGE 8 Huge 0
Grid : Message : MemoryManager::Init() Unified memory space
Sorting eigenvalues using EvalReSmall
Lattice size: [32 32 32 32]
Example_spec_kryschur: ../../Grid/communicator/SharedMemoryMPI.cc:434: static void Grid::GlobalSharedMemory::OptimalCommunicatorSharedMemory(const Coordinate&, ompi_communicator_t*&, Grid::Coordinate&): Assertion `WorldSize==Nprocessors' failed.
[genoahost089:581691] *** Process received signal ***
[genoahost089:581691] Signal: Aborted (6)
[genoahost089:581691] Signal code:  (-6)
[genoahost089:581691] [ 0] /lib64/libc.so.6(+0x3fc30)[0x146fc823fc30]
[genoahost089:581691] [ 1] /lib64/libc.so.6(+0x8d02c)[0x146fc828d02c]
[genoahost089:581691] [ 2] /lib64/libc.so.6(raise+0x16)[0x146fc823fb86]
[genoahost089:581691] [ 3] /lib64/libc.so.6(abort+0xd3)[0x146fc8229873]
[genoahost089:581691] [ 4] /lib64/libc.so.6(+0x2979b)[0x146fc822979b]
[genoahost089:581691] [ 5] /lib64/libc.so.6(+0x388c6)[0x146fc82388c6]
[genoahost089:581691] [ 6] /direct/sdcc+u/poare/Grid/build/examples/./Example_spec_kryschur[0x4cc206]
[genoahost089:581691] [ 7] /direct/sdcc+u/poare/Grid/build/examples/./Example_spec_kryschur[0x4cc2f1]
[genoahost089:581691] [ 8] /direct/sdcc+u/poare/Grid/build/examples/./Example_spec_kryschur[0x4c7e95]
[genoahost089:581691] [ 9] /direct/sdcc+u/poare/Grid/build/examples/./Example_spec_kryschur[0x4b5f4f]
[genoahost089:581691] [10] /direct/sdcc+u/poare/Grid/build/examples/./Example_spec_kryschur[0x41180d]
[genoahost089:581691] [11] /lib64/libc.so.6(+0x2a610)[0x146fc822a610]
[genoahost089:581691] [12] /lib64/libc.so.6(__libc_start_main+0x80)[0x146fc822a6c0]
[genoahost089:581691] [13] /direct/sdcc+u/poare/Grid/build/examples/./Example_spec_kryschur[0x4147f5]
[genoahost089:581691] *** End of error message ***

__|__|__|__|__|__|__|__|__|__|__|__|__|__|__
__|__|__|__|__|__|__|__|__|__|__|__|__|__|__
__|_ |  |  |  |  |  |  |  |  |  |  |  | _|__
__|_                                    _|__
__|_   GGGG    RRRR    III    DDDD      _|__
__|_  G        R   R    I     D   D     _|__
__|_  G        R   R    I     D    D    _|__
__|_  G  GG    RRRR     I     D    D    _|__
__|_  G   G    R  R     I     D   D     _|__
__|_   GGGG    R   R   III    DDDD      _|__
__|_                                    _|__
__|__|__|__|__|__|__|__|__|__|__|__|__|__|__
__|__|__|__|__|__|__|__|__|__|__|__|__|__|__
  |  |  |  |  |  |  |  |  |  |  |  |  |  |  


Copyright (C) 2015 Peter Boyle, Azusa Yamaguchi, Guido Cossu, Antonin Portelli and other authors

This program is free software; you can redistribute it and/or modify
it under the terms of the GNU General Public License as published by
the Free Software Foundation; either version 2 of the License, or
(at your option) any later version.

This program is distributed in the hope that it will be useful,
but WITHOUT ANY WARRANTY; without even the implied warranty of
MERCHANTABILITY or FITNESS FOR A PARTICULAR PURPOSE.  See the
GNU General Public License for more details.
Current Grid git commit hash=82d411ca7bb8ec4a5b5c3815df23674cfd291070: (HEAD -> develop, origin/develop, origin/HEAD) clean

Grid : Message : ================================================ 
Grid : Message : MPI is initialised and logging filters activated 
Grid : Message : ================================================ 
Grid : Message : This rank is running on host genoahost092.sdcc.bnl.local at local time 2026-03-04 12:30:41
Grid : Message : Requested 17179869184 byte stencil comms buffers 
Grid : Message : MemoryManager::Init() setting up
Grid : Message : MemoryManager::Init() cache pool for recent host   allocations: SMALL 8 LARGE 2 HUGE 0
Grid : Message : MemoryManager::Init() cache pool for recent device allocations: SMALL 16 LARGE 8 Huge 0
Grid : Message : MemoryManager::Init() cache pool for recent shared allocations: SMALL 16 LARGE 8 Huge 0
Grid : Message : MemoryManager::Init() Unified memory space
Sorting eigenvalues using EvalReSmall
Lattice size: [32 32 32 32]
Example_spec_kryschur: ../../Grid/communicator/SharedMemoryMPI.cc:434: static void Grid::GlobalSharedMemory::OptimalCommunicatorSharedMemory(const Coordinate&, ompi_communicator_t*&, Grid::Coordinate&): Assertion `WorldSize==Nprocessors' failed.
[genoahost092:2287355] *** Process received signal ***
[genoahost092:2287355] Signal: Aborted (6)
[genoahost092:2287355] Signal code:  (-6)
[genoahost092:2287355] [ 0] /lib64/libc.so.6(+0x3fc30)[0x14a57063fc30]
[genoahost092:2287355] [ 1] /lib64/libc.so.6(+0x8d02c)[0x14a57068d02c]
[genoahost092:2287355] [ 2] /lib64/libc.so.6(raise+0x16)[0x14a57063fb86]
[genoahost092:2287355] [ 3] /lib64/libc.so.6(abort+0xd3)[0x14a570629873]
[genoahost092:2287355] [ 4] /lib64/libc.so.6(+0x2979b)[0x14a57062979b]
[genoahost092:2287355] [ 5] /lib64/libc.so.6(+0x388c6)[0x14a5706388c6]
[genoahost092:2287355] [ 6] /direct/sdcc+u/poare/Grid/build/examples/./Example_spec_kryschur[0x4cc206]
[genoahost092:2287355] [ 7] /direct/sdcc+u/poare/Grid/build/examples/./Example_spec_kryschur[0x4cc2f1]
[genoahost092:2287355] [ 8] /direct/sdcc+u/poare/Grid/build/examples/./Example_spec_kryschur[0x4c7e95]
[genoahost092:2287355] [ 9] /direct/sdcc+u/poare/Grid/build/examples/./Example_spec_kryschur[0x4b5f4f]
[genoahost092:2287355] [10] /direct/sdcc+u/poare/Grid/build/examples/./Example_spec_kryschur[0x41180d]
[genoahost092:2287355] [11] /lib64/libc.so.6(+0x2a610)[0x14a57062a610]
[genoahost092:2287355] [12] /lib64/libc.so.6(__libc_start_main+0x80)[0x14a57062a6c0]
[genoahost092:2287355] [13] /direct/sdcc+u/poare/Grid/build/examples/./Example_spec_kryschur[0x4147f5]
[genoahost092:2287355] *** End of error message ***
srun: error: genoahost089: tasks 3,14: Aborted (core dumped)
srun: error: genoahost089: tasks 9,12: Aborted (core dumped)
srun: error: genoahost089: tasks 4-6: Aborted (core dumped)

__|__|__|__|__|__|__|__|__|__|__|__|__|__|__
__|__|__|__|__|__|__|__|__|__|__|__|__|__|__
__|_ |  |  |  |  |  |  |  |  |  |  |  | _|__
__|_                                    _|__
__|_   GGGG    RRRR    III    DDDD      _|__
__|_  G        R   R    I     D   D     _|__
__|_  G        R   R    I     D    D    _|__
__|_  G  GG    RRRR     I     D    D    _|__
__|_  G   G    R  R     I     D   D     _|__
__|_   GGGG    R   R   III    DDDD      _|__
__|_                                    _|__
__|__|__|__|__|__|__|__|__|__|__|__|__|__|__
__|__|__|__|__|__|__|__|__|__|__|__|__|__|__
  |  |  |  |  |  |  |  |  |  |  |  |  |  |  


Copyright (C) 2015 Peter Boyle, Azusa Yamaguchi, Guido Cossu, Antonin Portelli and other authors

This program is free software; you can redistribute it and/or modify
it under the terms of the GNU General Public License as published by
the Free Software Foundation; either version 2 of the License, or
(at your option) any later version.

This program is distributed in the hope that it will be useful,
but WITHOUT ANY WARRANTY; without even the implied warranty of
MERCHANTABILITY or FITNESS FOR A PARTICULAR PURPOSE.  See the
GNU General Public License for more details.
Current Grid git commit hash=82d411ca7bb8ec4a5b5c3815df23674cfd291070: (HEAD -> develop, origin/develop, origin/HEAD) clean

Grid : Message : ================================================ 
Grid : Message : MPI is initialised and logging filters activated 
Grid : Message : ================================================ 
Grid : Message : This rank is running on host genoahost093.sdcc.bnl.local at local time 2026-03-04 12:30:45
Grid : Message : Requested 17179869184 byte stencil comms buffers 
Grid : Message : MemoryManager::Init() setting up
Grid : Message : MemoryManager::Init() cache pool for recent host   allocations: SMALL 8 LARGE 2 HUGE 0
Grid : Message : MemoryManager::Init() cache pool for recent device allocations: SMALL 16 LARGE 8 Huge 0
Grid : Message : MemoryManager::Init() cache pool for recent shared allocations: SMALL 16 LARGE 8 Huge 0
Grid : Message : MemoryManager::Init() Unified memory space
Sorting eigenvalues using EvalReSmall
Lattice size: [32 32 32 32]
Example_spec_kryschur: ../../Grid/communicator/SharedMemoryMPI.cc:434: static void Grid::GlobalSharedMemory::OptimalCommunicatorSharedMemory(const Coordinate&, ompi_communicator_t*&, Grid::Coordinate&): Assertion `WorldSize==Nprocessors' failed.
[genoahost093:2342495] *** Process received signal ***
[genoahost093:2342495] Signal: Aborted (6)
[genoahost093:2342495] Signal code:  (-6)
[genoahost093:2342495] [ 0] /lib64/libc.so.6(+0x3fc30)[0x15155f63fc30]
[genoahost093:2342495] [ 1] /lib64/libc.so.6(+0x8d02c)[0x15155f68d02c]
[genoahost093:2342495] [ 2] /lib64/libc.so.6(raise+0x16)[0x15155f63fb86]
[genoahost093:2342495] [ 3] /lib64/libc.so.6(abort+0xd3)[0x15155f629873]
[genoahost093:2342495] [ 4] /lib64/libc.so.6(+0x2979b)[0x15155f62979b]
[genoahost093:2342495] [ 5] /lib64/libc.so.6(+0x388c6)[0x15155f6388c6]
[genoahost093:2342495] [ 6] /direct/sdcc+u/poare/Grid/build/examples/./Example_spec_kryschur[0x4cc206]
[genoahost093:2342495] [ 7] /direct/sdcc+u/poare/Grid/build/examples/./Example_spec_kryschur[0x4cc2f1]
[genoahost093:2342495] [ 8] /direct/sdcc+u/poare/Grid/build/examples/./Example_spec_kryschur[0x4c7e95]
[genoahost093:2342495] [ 9] /direct/sdcc+u/poare/Grid/build/examples/./Example_spec_kryschur[0x4b5f4f]
[genoahost093:2342495] [10] /direct/sdcc+u/poare/Grid/build/examples/./Example_spec_kryschur[0x41180d]
[genoahost093:2342495] [11] /lib64/libc.so.6(+0x2a610)[0x15155f62a610]
[genoahost093:2342495] [12] /lib64/libc.so.6(__libc_start_main+0x80)[0x15155f62a6c0]
[genoahost093:2342495] [13] /direct/sdcc+u/poare/Grid/build/examples/./Example_spec_kryschur[0x4147f5]
[genoahost093:2342495] *** End of error message ***
srun: error: genoahost094: task 95: Aborted (core dumped)

__|__|__|__|__|__|__|__|__|__|__|__|__|__|__
__|__|__|__|__|__|__|__|__|__|__|__|__|__|__
__|_ |  |  |  |  |  |  |  |  |  |  |  | _|__
__|_                                    _|__
__|_   GGGG    RRRR    III    DDDD      _|__
__|_  G        R   R    I     D   D     _|__
__|_  G        R   R    I     D    D    _|__
__|_  G  GG    RRRR     I     D    D    _|__
__|_  G   G    R  R     I     D   D     _|__
__|_   GGGG    R   R   III    DDDD      _|__
__|_                                    _|__
__|__|__|__|__|__|__|__|__|__|__|__|__|__|__
__|__|__|__|__|__|__|__|__|__|__|__|__|__|__
  |  |  |  |  |  |  |  |  |  |  |  |  |  |  


Copyright (C) 2015 Peter Boyle, Azusa Yamaguchi, Guido Cossu, Antonin Portelli and other authors

This program is free software; you can redistribute it and/or modify
it under the terms of the GNU General Public License as published by
the Free Software Foundation; either version 2 of the License, or
(at your option) any later version.

This program is distributed in the hope that it will be useful,
but WITHOUT ANY WARRANTY; without even the implied warranty of
MERCHANTABILITY or FITNESS FOR A PARTICULAR PURPOSE.  See the
GNU General Public License for more details.
Current Grid git commit hash=82d411ca7bb8ec4a5b5c3815df23674cfd291070: (HEAD -> develop, origin/develop, origin/HEAD) clean

Grid : Message : ================================================ 
Grid : Message : MPI is initialised and logging filters activated 
Grid : Message : ================================================ 
Grid : Message : This rank is running on host genoahost093.sdcc.bnl.local at local time 2026-03-04 12:30:46
Grid : Message : Requested 17179869184 byte stencil comms buffers 
Grid : Message : MemoryManager::Init() setting up
Grid : Message : MemoryManager::Init() cache pool for recent host   allocations: SMALL 8 LARGE 2 HUGE 0
Grid : Message : MemoryManager::Init() cache pool for recent device allocations: SMALL 16 LARGE 8 Huge 0
Grid : Message : MemoryManager::Init() cache pool for recent shared allocations: SMALL 16 LARGE 8 Huge 0
Grid : Message : MemoryManager::Init() Unified memory space
Sorting eigenvalues using EvalReSmall
Lattice size: [32 32 32 32]
Example_spec_kryschur: ../../Grid/communicator/SharedMemoryMPI.cc:434: static void Grid::GlobalSharedMemory::OptimalCommunicatorSharedMemory(const Coordinate&, ompi_communicator_t*&, Grid::Coordinate&): Assertion `WorldSize==Nprocessors' failed.
[genoahost093:2342509] *** Process received signal ***
[genoahost093:2342509] Signal: Aborted (6)
[genoahost093:2342509] Signal code:  (-6)
[genoahost093:2342509] [ 0] /lib64/libc.so.6(+0x3fc30)[0x14f30323fc30]
[genoahost093:2342509] [ 1] /lib64/libc.so.6(+0x8d02c)[0x14f30328d02c]
[genoahost093:2342509] [ 2] /lib64/libc.so.6(raise+0x16)[0x14f30323fb86]
[genoahost093:2342509] [ 3] /lib64/libc.so.6(abort+0xd3)[0x14f303229873]
[genoahost093:2342509] [ 4] /lib64/libc.so.6(+0x2979b)[0x14f30322979b]
[genoahost093:2342509] [ 5] /lib64/libc.so.6(+0x388c6)[0x14f3032388c6]
[genoahost093:2342509] [ 6] /direct/sdcc+u/poare/Grid/build/examples/./Example_spec_kryschur[0x4cc206]
[genoahost093:2342509] [ 7] /direct/sdcc+u/poare/Grid/build/examples/./Example_spec_kryschur[0x4cc2f1]
[genoahost093:2342509] [ 8] /direct/sdcc+u/poare/Grid/build/examples/./Example_spec_kryschur[0x4c7e95]
[genoahost093:2342509] [ 9] /direct/sdcc+u/poare/Grid/build/examples/./Example_spec_kryschur[0x4b5f4f]
[genoahost093:2342509] [10] /direct/sdcc+u/poare/Grid/build/examples/./Example_spec_kryschur[0x41180d]
[genoahost093:2342509] [11] /lib64/libc.so.6(+0x2a610)[0x14f30322a610]
[genoahost093:2342509] [12] /lib64/libc.so.6(__libc_start_main+0x80)[0x14f30322a6c0]
[genoahost093:2342509] [13] /direct/sdcc+u/poare/Grid/build/examples/./Example_spec_kryschur[0x4147f5]
[genoahost093:2342509] *** End of error message ***
srun: Job step aborted: Waiting up to 32 seconds for job step to finish.
slurmstepd: error: *** STEP 329380.0 ON genoahost089 CANCELLED AT 2026-03-04T12:30:47 ***
slurmstepd: error: *** JOB 329380 ON genoahost089 CANCELLED AT 2026-03-04T12:30:47 ***
