8
128
2.4.4.4
Example_spec_kryschur: /direct/sdcc+u/poare/Grid/Grid/parallelIO/NerscIO.h:79: static int Grid::NerscIO::readHeader(std::string, Grid::GridBase*, Grid::FieldMetaData&): Assertion `line==std::string("BEGIN_HEADER")' failed.
[genoahost093:2345892] *** Process received signal ***
[genoahost093:2345892] Signal: Aborted (6)
[genoahost093:2345892] Signal code:  (-6)
Example_spec_kryschur: /direct/sdcc+u/poare/Grid/Grid/parallelIO/NerscIO.h:79: static int Grid::NerscIO::readHeader(std::string, Grid::GridBase*, Grid::FieldMetaData&): Assertion `line==std::string("BEGIN_HEADER")' failed.
[genoahost091:2342478] *** Process received signal ***
[genoahost091:2342478] Signal: Aborted (6)
[genoahost091:2342478] Signal code:  (-6)
[genoahost093:2345892] [ 0] /lib64/libc.so.6(+0x3fc30)[0x151094a3fc30]
[genoahost091:2342478] [ 0] /lib64/libc.so.6(+0x3fc30)[0x146ba783fc30]
[genoahost093:2345892] [ 1] /lib64/libc.so.6(+0x8d02c)[0x151094a8d02c]
[genoahost091:2342478] [ 1] /lib64/libc.so.6(+0x8d02c)[0x146ba788d02c]
[genoahost093:2345892] [ 2] /lib64/libc.so.6(raise+0x16)[0x151094a3fb86]
[genoahost091:2342478] [ 2] /lib64/libc.so.6(raise+0x16)[0x146ba783fb86]
[genoahost093:2345892] [ 3] /lib64/libc.so.6(abort+0xd3)[0x151094a29873]
[genoahost091:2342478] [ 3] /lib64/libc.so.6(abort+0xd3)[0x146ba7829873]
[genoahost093:2345892] [ 4] /lib64/libc.so.6(+0x2979b)[0x151094a2979b]
[genoahost091:2342478] [ 4] /lib64/libc.so.6(+0x2979b)[0x146ba782979b]
[genoahost093:2345892] [ 5] /lib64/libc.so.6(+0x388c6)[0x151094a388c6]
[genoahost093:2345892] [ 6] /direct/sdcc+u/poare/Grid/build/examples/./Example_spec_kryschur[0x44da1d]
[genoahost091:2342478] [ 5] /lib64/libc.so.6(+0x388c6)[0x146ba78388c6]
[genoahost091:2342478] [ 6] /direct/sdcc+u/poare/Grid/build/examples/./Example_spec_kryschur[0x44da1d]
[genoahost091:2342478] [ 7] /direct/sdcc+u/poare/Grid/build/examples/./Example_spec_kryschur[0x42f64a]
[genoahost093:2345892] [ 7] /direct/sdcc+u/poare/Grid/build/examples/./Example_spec_kryschur[0x42f64a]
[genoahost093:2345892] [ 8] /direct/sdcc+u/poare/Grid/build/examples/./Example_spec_kryschur[0x412670]
[genoahost091:2342478] [ 8] /direct/sdcc+u/poare/Grid/build/examples/./Example_spec_kryschur[0x412670]
[genoahost093:2345892] [ 9] /lib64/libc.so.6(+0x2a610)[0x151094a2a610]
[genoahost091:2342478] [ 9] /lib64/libc.so.6(+0x2a610)[0x146ba782a610]
[genoahost093:2345892] [10] /lib64/libc.so.6(__libc_start_main+0x80)[0x151094a2a6c0]
[genoahost093:2345892] [11] /direct/sdcc+u/poare/Grid/build/examples/./Example_spec_kryschur[0x414705]
[genoahost093:2345892] *** End of error message ***
[genoahost091:2342478] [10] /lib64/libc.so.6(__libc_start_main+0x80)[0x146ba782a6c0]
[genoahost091:2342478] [11] /direct/sdcc+u/poare/Grid/build/examples/./Example_spec_kryschur[0x414705]
[genoahost091:2342478] *** End of error message ***
Example_spec_kryschur: /direct/sdcc+u/poare/Grid/Grid/parallelIO/NerscIO.h:79: static int Grid::NerscIO::readHeader(std::string, Grid::GridBase*, Grid::FieldMetaData&): Assertion `line==std::string("BEGIN_HEADER")' failed.
[genoahost091:2342482] *** Process received signal ***
[genoahost091:2342482] Signal: Aborted (6)
[genoahost091:2342482] Signal code:  (-6)
[genoahost091:2342482] [ 0] /lib64/libc.so.6(+0x3fc30)[0x145ba743fc30]
[genoahost091:2342482] [ 1] /lib64/libc.so.6(+0x8d02c)[0x145ba748d02c]
[genoahost091:2342482] [ 2] /lib64/libc.so.6(raise+0x16)[0x145ba743fb86]
[genoahost091:2342482] [ 3] /lib64/libc.so.6(abort+0xd3)[0x145ba7429873]
[genoahost091:2342482] [ 4] /lib64/libc.so.6(+0x2979b)[0x145ba742979b]
[genoahost091:2342482] [ 5] /lib64/libc.so.6(+0x388c6)[0x145ba74388c6]
[genoahost091:2342482] [ 6] /direct/sdcc+u/poare/Grid/build/examples/./Example_spec_kryschur[0x44da1d]
[genoahost091:2342482] [ 7] /direct/sdcc+u/poare/Grid/build/examples/./Example_spec_kryschur[0x42f64a]
[genoahost091:2342482] [ 8] /direct/sdcc+u/poare/Grid/build/examples/./Example_spec_kryschur[0x412670]
[genoahost091:2342482] [ 9] /lib64/libc.so.6(+0x2a610)[0x145ba742a610]
[genoahost091:2342482] [10] /lib64/libc.so.6(__libc_start_main+0x80)[0x145ba742a6c0]
[genoahost091:2342482] [11] /direct/sdcc+u/poare/Grid/build/examples/./Example_spec_kryschur[0x414705]
[genoahost091:2342482] *** End of error message ***
Example_spec_kryschur: /direct/sdcc+u/poare/Grid/Grid/parallelIO/NerscIO.h:79: static int Grid::NerscIO::readHeader(std::string, Grid::GridBase*, Grid::FieldMetaData&): Assertion `line==std::string("BEGIN_HEADER")' failed.
[genoahost093:2345888] *** Process received signal ***
[genoahost093:2345888] Signal: Aborted (6)
[genoahost093:2345888] Signal code:  (-6)
[genoahost093:2345888] [ 0] /lib64/libc.so.6(+0x3fc30)[0x15072663fc30]
[genoahost093:2345888] [ 1] /lib64/libc.so.6(+0x8d02c)[0x15072668d02c]
[genoahost093:2345888] [ 2] /lib64/libc.so.6(raise+0x16)[0x15072663fb86]
[genoahost093:2345888] [ 3] /lib64/libc.so.6(abort+0xd3)[0x150726629873]
[genoahost093:2345888] [ 4] /lib64/libc.so.6(+0x2979b)[0x15072662979b]
[genoahost093:2345888] [ 5] /lib64/libc.so.6(+0x388c6)[0x1507266388c6]
[genoahost093:2345888] [ 6] /direct/sdcc+u/poare/Grid/build/examples/./Example_spec_kryschur[0x44da1d]
[genoahost093:2345888] [ 7] /direct/sdcc+u/poare/Grid/build/examples/./Example_spec_kryschur[0x42f64a]
[genoahost093:2345888] [ 8] /direct/sdcc+u/poare/Grid/build/examples/./Example_spec_kryschur[0x412670]
[genoahost093:2345888] [ 9] /lib64/libc.so.6(+0x2a610)[0x15072662a610]
[genoahost093:2345888] [10] /lib64/libc.so.6(__libc_start_main+0x80)[0x15072662a6c0]
[genoahost093:2345888] [11] /direct/sdcc+u/poare/Grid/build/examples/./Example_spec_kryschur[0x414705]
[genoahost093:2345888] *** End of error message ***
Example_spec_kryschur: /direct/sdcc+u/poare/Grid/Grid/parallelIO/NerscIO.h:79: static int Grid::NerscIO::readHeader(std::string, Grid::GridBase*, Grid::FieldMetaData&): Assertion `line==std::string("BEGIN_HEADER")' failed.
[genoahost091:2342479] *** Process received signal ***
[genoahost091:2342479] Signal: Aborted (6)
[genoahost091:2342479] Signal code:  (-6)
[genoahost091:2342479] [ 0] /lib64/libc.so.6(+0x3fc30)[0x1539bee3fc30]
[genoahost091:2342479] [ 1] /lib64/libc.so.6(+0x8d02c)[0x1539bee8d02c]
[genoahost091:2342479] [ 2] /lib64/libc.so.6(raise+0x16)[0x1539bee3fb86]
[genoahost091:2342479] [ 3] /lib64/libc.so.6(abort+0xd3)[0x1539bee29873]
[genoahost091:2342479] [ 4] /lib64/libc.so.6(+0x2979b)[0x1539bee2979b]
[genoahost091:2342479] [ 5] /lib64/libc.so.6(+0x388c6)[0x1539bee388c6]
[genoahost091:2342479] [ 6] /direct/sdcc+u/poare/Grid/build/examples/./Example_spec_kryschur[0x44da1d]
[genoahost091:2342479] [ 7] /direct/sdcc+u/poare/Grid/build/examples/./Example_spec_kryschur[0x42f64a]
[genoahost091:2342479] [ 8] /direct/sdcc+u/poare/Grid/build/examples/./Example_spec_kryschur[0x412670]
[genoahost091:2342479] [ 9] /lib64/libc.so.6(+0x2a610)[0x1539bee2a610]
[genoahost091:2342479] [10] /lib64/libc.so.6(__libc_start_main+0x80)[0x1539bee2a6c0]
[genoahost091:2342479] [11] /direct/sdcc+u/poare/Grid/build/examples/./Example_spec_kryschur[0x414705]
[genoahost091:2342479] *** End of error message ***
Example_spec_kryschur: /direct/sdcc+u/poare/Grid/Grid/parallelIO/NerscIO.h:79: static int Grid::NerscIO::readHeader(std::string, Grid::GridBase*, Grid::FieldMetaData&): Assertion `line==std::string("BEGIN_HEADER")' failed.
[genoahost089:585298] *** Process received signal ***
[genoahost089:585298] Signal: Aborted (6)
[genoahost089:585298] Signal code:  (-6)
[genoahost089:585298] [ 0] /lib64/libc.so.6(+0x3fc30)[0x147c68e3fc30]
[genoahost089:585298] [ 1] /lib64/libc.so.6(+0x8d02c)[0x147c68e8d02c]
[genoahost089:585298] [ 2] /lib64/libc.so.6(raise+0x16)[0x147c68e3fb86]
[genoahost089:585298] [ 3] /lib64/libc.so.6(abort+0xd3)[0x147c68e29873]
[genoahost089:585298] [ 4] /lib64/libc.so.6(+0x2979b)[0x147c68e2979b]
[genoahost089:585298] [ 5] /lib64/libc.so.6(+0x388c6)[0x147c68e388c6]
[genoahost089:585298] [ 6] /direct/sdcc+u/poare/Grid/build/examples/./Example_spec_kryschur[0x44da1d]
[genoahost089:585298] [ 7] /direct/sdcc+u/poare/Grid/build/examples/./Example_spec_kryschur[0x42f64a]
[genoahost089:585298] [ 8] /direct/sdcc+u/poare/Grid/build/examples/./Example_spec_kryschur[0x412670]
[genoahost089:585298] [ 9] /lib64/libc.so.6(+0x2a610)[0x147c68e2a610]
[genoahost089:585298] [10] /lib64/libc.so.6(__libc_start_main+0x80)[0x147c68e2a6c0]
[genoahost089:585298] [11] /direct/sdcc+u/poare/Grid/build/examples/./Example_spec_kryschur[0x414705]
[genoahost089:585298] *** End of error message ***
Example_spec_kryschur: /direct/sdcc+u/poare/Grid/Grid/parallelIO/NerscIO.h:79: static int Grid::NerscIO::readHeader(std::string, Grid::GridBase*, Grid::FieldMetaData&): Assertion `line==std::string("BEGIN_HEADER")' failed.
[genoahost093:2345889] *** Process received signal ***
[genoahost093:2345889] Signal: Aborted (6)
[genoahost093:2345889] Signal code:  (-6)
[genoahost093:2345889] [ 0] /lib64/libc.so.6(+0x3fc30)[0x14bbb783fc30]
[genoahost093:2345889] [ 1] /lib64/libc.so.6(+0x8d02c)[0x14bbb788d02c]
[genoahost093:2345889] [ 2] /lib64/libc.so.6(raise+0x16)[0x14bbb783fb86]
[genoahost093:2345889] [ 3] /lib64/libc.so.6(abort+0xd3)[0x14bbb7829873]
[genoahost093:2345889] [ 4] /lib64/libc.so.6(+0x2979b)[0x14bbb782979b]
[genoahost093:2345889] [ 5] /lib64/libc.so.6(+0x388c6)[0x14bbb78388c6]
[genoahost093:2345889] [ 6] /direct/sdcc+u/poare/Grid/build/examples/./Example_spec_kryschur[0x44da1d]
[genoahost093:2345889] [ 7] /direct/sdcc+u/poare/Grid/build/examples/./Example_spec_kryschur[0x42f64a]
[genoahost093:2345889] [ 8] /direct/sdcc+u/poare/Grid/build/examples/./Example_spec_kryschur[0x412670]
[genoahost093:2345889] [ 9] /lib64/libc.so.6(+0x2a610)[0x14bbb782a610]
[genoahost093:2345889] [10] /lib64/libc.so.6(__libc_start_main+0x80)[0x14bbb782a6c0]
[genoahost093:2345889] [11] /direct/sdcc+u/poare/Grid/build/examples/./Example_spec_kryschur[0x414705]
[genoahost093:2345889] *** End of error message ***
Example_spec_kryschur: /direct/sdcc+u/poare/Grid/Grid/parallelIO/NerscIO.h:79: static int Grid::NerscIO::readHeader(std::string, Grid::GridBase*, Grid::FieldMetaData&): Assertion `line==std::string("BEGIN_HEADER")' failed.
[genoahost089:585310] *** Process received signal ***
[genoahost089:585310] Signal: Aborted (6)
[genoahost089:585310] Signal code:  (-6)
[genoahost089:585310] [ 0] /lib64/libc.so.6(+0x3fc30)[0x147339a3fc30]
[genoahost089:585310] [ 1] /lib64/libc.so.6(+0x8d02c)[0x147339a8d02c]
[genoahost089:585310] [ 2] /lib64/libc.so.6(raise+0x16)[0x147339a3fb86]
[genoahost089:585310] [ 3] /lib64/libc.so.6(abort+0xd3)[0x147339a29873]
[genoahost089:585310] [ 4] /lib64/libc.so.6(+0x2979b)[0x147339a2979b]
[genoahost089:585310] [ 5] /lib64/libc.so.6(+0x388c6)[0x147339a388c6]
[genoahost089:585310] [ 6] /direct/sdcc+u/poare/Grid/build/examples/./Example_spec_kryschur[0x44da1d]
[genoahost089:585310] [ 7] /direct/sdcc+u/poare/Grid/build/examples/./Example_spec_kryschur[0x42f64a]
[genoahost089:585310] [ 8] /direct/sdcc+u/poare/Grid/build/examples/./Example_spec_kryschur[0x412670]
[genoahost089:585310] [ 9] /lib64/libc.so.6(+0x2a610)[0x147339a2a610]
[genoahost089:585310] [10] /lib64/libc.so.6(__libc_start_main+0x80)[0x147339a2a6c0]
[genoahost089:585310] [11] /direct/sdcc+u/poare/Grid/build/examples/./Example_spec_kryschur[0x414705]
[genoahost089:585310] *** End of error message ***
Example_spec_kryschur: /direct/sdcc+u/poare/Grid/Grid/parallelIO/NerscIO.h:79: static int Grid::NerscIO::readHeader(std::string, Grid::GridBase*, Grid::FieldMetaData&): Assertion `line==std::string("BEGIN_HEADER")' failed.
[genoahost093:2345893] *** Process received signal ***
[genoahost093:2345893] Signal: Aborted (6)
[genoahost093:2345893] Signal code:  (-6)
[genoahost093:2345893] [ 0] /lib64/libc.so.6(+0x3fc30)[0x14d98723fc30]
[genoahost093:2345893] [ 1] /lib64/libc.so.6(+0x8d02c)[0x14d98728d02c]
[genoahost093:2345893] [ 2] /lib64/libc.so.6(raise+0x16)[0x14d98723fb86]
[genoahost093:2345893] [ 3] /lib64/libc.so.6(abort+0xd3)[0x14d987229873]
[genoahost093:2345893] [ 4] /lib64/libc.so.6(+0x2979b)[0x14d98722979b]
[genoahost093:2345893] [ 5] /lib64/libc.so.6(+0x388c6)[0x14d9872388c6]
[genoahost093:2345893] [ 6] /direct/sdcc+u/poare/Grid/build/examples/./Example_spec_kryschur[0x44da1d]
[genoahost093:2345893] [ 7] /direct/sdcc+u/poare/Grid/build/examples/./Example_spec_kryschur[0x42f64a]
[genoahost093:2345893] [ 8] /direct/sdcc+u/poare/Grid/build/examples/./Example_spec_kryschur[0x412670]
[genoahost093:2345893] [ 9] /lib64/libc.so.6(+0x2a610)[0x14d98722a610]
[genoahost093:2345893] [10] /lib64/libc.so.6(__libc_start_main+0x80)[0x14d98722a6c0]
[genoahost093:2345893] [11] /direct/sdcc+u/poare/Grid/build/examples/./Example_spec_kryschur[0x414705]
[genoahost093:2345893] *** End of error message ***
Example_spec_kryschur: /direct/sdcc+u/poare/Grid/Grid/parallelIO/NerscIO.h:79: static int Grid::NerscIO::readHeader(std::string, Grid::GridBase*, Grid::FieldMetaData&): Assertion `line==std::string("BEGIN_HEADER")' failed.
[genoahost093:2345891] *** Process received signal ***
[genoahost093:2345891] Signal: Aborted (6)
[genoahost093:2345891] Signal code:  (-6)
[genoahost093:2345891] [ 0] /lib64/libc.so.6(+0x3fc30)[0x148e3663fc30]
[genoahost093:2345891] [ 1] /lib64/libc.so.6(+0x8d02c)[0x148e3668d02c]
[genoahost093:2345891] [ 2] /lib64/libc.so.6(raise+0x16)[0x148e3663fb86]
[genoahost093:2345891] [ 3] /lib64/libc.so.6(abort+0xd3)[0x148e36629873]
[genoahost093:2345891] [ 4] /lib64/libc.so.6(+0x2979b)[0x148e3662979b]
[genoahost093:2345891] [ 5] /lib64/libc.so.6(+0x388c6)[0x148e366388c6]
[genoahost093:2345891] [ 6] /direct/sdcc+u/poare/Grid/build/examples/./Example_spec_kryschur[0x44da1d]
[genoahost093:2345891] [ 7] /direct/sdcc+u/poare/Grid/build/examples/./Example_spec_kryschur[0x42f64a]
[genoahost093:2345891] [ 8] /direct/sdcc+u/poare/Grid/build/examples/./Example_spec_kryschur[0x412670]
[genoahost093:2345891] [ 9] /lib64/libc.so.6(+0x2a610)[0x148e3662a610]
[genoahost093:2345891] [10] /lib64/libc.so.6(__libc_start_main+0x80)[0x148e3662a6c0]
[genoahost093:2345891] [11] /direct/sdcc+u/poare/Grid/build/examples/./Example_spec_kryschur[0x414705]
[genoahost093:2345891] *** End of error message ***
Example_spec_kryschur: /direct/sdcc+u/poare/Grid/Grid/parallelIO/NerscIO.h:79: static int Grid::NerscIO::readHeader(std::string, Grid::GridBase*, Grid::FieldMetaData&): Assertion `line==std::string("BEGIN_HEADER")' failed.
[genoahost091:2342481] *** Process received signal ***
[genoahost091:2342481] Signal: Aborted (6)
[genoahost091:2342481] Signal code:  (-6)
Example_spec_kryschur: /direct/sdcc+u/poare/Grid/Grid/parallelIO/NerscIO.h:79: static int Grid::NerscIO::readHeader(std::string, Grid::GridBase*, Grid::FieldMetaData&): Assertion `line==std::string("BEGIN_HEADER")' failed.
[genoahost090:2330720] *** Process received signal ***
[genoahost090:2330720] Signal: Aborted (6)
[genoahost090:2330720] Signal code:  (-6)
[genoahost091:2342481] [ 0] /lib64/libc.so.6(+0x3fc30)[0x14b26803fc30]
[genoahost091:2342481] [ 1] /lib64/libc.so.6(+0x8d02c)[0x14b26808d02c]
[genoahost091:2342481] [ 2] /lib64/libc.so.6(raise+0x16)[0x14b26803fb86]
[genoahost091:2342481] [ 3] /lib64/libc.so.6(abort+0xd3)[0x14b268029873]
[genoahost091:2342481] [ 4] /lib64/libc.so.6(+0x2979b)[0x14b26802979b]
[genoahost091:2342481] [ 5] /lib64/libc.so.6(+0x388c6)[0x14b2680388c6]
[genoahost091:2342481] [ 6] /direct/sdcc+u/poare/Grid/build/examples/./Example_spec_kryschur[0x44da1d]
[genoahost091:2342481] [ 7] /direct/sdcc+u/poare/Grid/build/examples/./Example_spec_kryschur[0x42f64a]
[genoahost091:2342481] [ 8] /direct/sdcc+u/poare/Grid/build/examples/./Example_spec_kryschur[0x412670]
[genoahost091:2342481] [ 9] /lib64/libc.so.6(+0x2a610)[0x14b26802a610]
[genoahost091:2342481] [10] /lib64/libc.so.6(__libc_start_main+0x80)[0x14b26802a6c0]
[genoahost091:2342481] [11] /direct/sdcc+u/poare/Grid/build/examples/./Example_spec_kryschur[0x414705]
[genoahost091:2342481] *** End of error message ***
[genoahost090:2330720] [ 0] /lib64/libc.so.6(+0x3fc30)[0x1533ac03fc30]
[genoahost090:2330720] [ 1] /lib64/libc.so.6(+0x8d02c)[0x1533ac08d02c]
[genoahost090:2330720] [ 2] /lib64/libc.so.6(raise+0x16)[0x1533ac03fb86]
[genoahost090:2330720] [ 3] /lib64/libc.so.6(abort+0xd3)[0x1533ac029873]
[genoahost090:2330720] [ 4] /lib64/libc.so.6(+0x2979b)[0x1533ac02979b]
[genoahost090:2330720] [ 5] /lib64/libc.so.6(+0x388c6)[0x1533ac0388c6]
[genoahost090:2330720] [ 6] /direct/sdcc+u/poare/Grid/build/examples/./Example_spec_kryschur[0x44da1d]
[genoahost090:2330720] [ 7] /direct/sdcc+u/poare/Grid/build/examples/./Example_spec_kryschur[0x42f64a]
[genoahost090:2330720] [ 8] /direct/sdcc+u/poare/Grid/build/examples/./Example_spec_kryschur[0x412670]
[genoahost090:2330720] [ 9] /lib64/libc.so.6(+0x2a610)[0x1533ac02a610]
[genoahost090:2330720] [10] /lib64/libc.so.6(__libc_start_main+0x80)[0x1533ac02a6c0]
[genoahost090:2330720] [11] /direct/sdcc+u/poare/Grid/build/examples/./Example_spec_kryschur[0x414705]
[genoahost090:2330720] *** End of error message ***
Example_spec_kryschur: /direct/sdcc+u/poare/Grid/Grid/parallelIO/NerscIO.h:79: static int Grid::NerscIO::readHeader(std::string, Grid::GridBase*, Grid::FieldMetaData&): Assertion `line==std::string("BEGIN_HEADER")' failed.
[genoahost091:2342490] *** Process received signal ***
[genoahost091:2342490] Signal: Aborted (6)
[genoahost091:2342490] Signal code:  (-6)
Example_spec_kryschur: /direct/sdcc+u/poare/Grid/Grid/parallelIO/NerscIO.h:79: static int Grid::NerscIO::readHeader(std::string, Grid::GridBase*, Grid::FieldMetaData&): Assertion `line==std::string("BEGIN_HEADER")' failed.
[genoahost090:2330732] *** Process received signal ***
[genoahost090:2330732] Signal: Aborted (6)
[genoahost090:2330732] Signal code:  (-6)
[genoahost091:2342490] [ 0] /lib64/libc.so.6(+0x3fc30)[0x14667f43fc30]
[genoahost091:2342490] [ 1] /lib64/libc.so.6(+0x8d02c)[0x14667f48d02c]
[genoahost091:2342490] [ 2] /lib64/libc.so.6(raise+0x16)[0x14667f43fb86]
[genoahost091:2342490] [ 3] /lib64/libc.so.6(abort+0xd3)[0x14667f429873]
[genoahost091:2342490] [ 4] /lib64/libc.so.6(+0x2979b)[0x14667f42979b]
[genoahost091:2342490] [ 5] /lib64/libc.so.6(+0x388c6)[0x14667f4388c6]
[genoahost091:2342490] [ 6] /direct/sdcc+u/poare/Grid/build/examples/./Example_spec_kryschur[0x44da1d]
[genoahost091:2342490] [ 7] /direct/sdcc+u/poare/Grid/build/examples/./Example_spec_kryschur[0x42f64a]
[genoahost091:2342490] [ 8] /direct/sdcc+u/poare/Grid/build/examples/./Example_spec_kryschur[0x412670]
[genoahost091:2342490] [ 9] /lib64/libc.so.6(+0x2a610)[0x14667f42a610]
[genoahost091:2342490] [10] /lib64/libc.so.6(__libc_start_main+0x80)[0x14667f42a6c0]
[genoahost091:2342490] [11] /direct/sdcc+u/poare/Grid/build/examples/./Example_spec_kryschur[0x414705]
[genoahost091:2342490] *** End of error message ***
[genoahost090:2330732] [ 0] /lib64/libc.so.6(+0x3fc30)[0x1468f5e3fc30]
[genoahost090:2330732] [ 1] /lib64/libc.so.6(+0x8d02c)[0x1468f5e8d02c]
[genoahost090:2330732] [ 2] /lib64/libc.so.6(raise+0x16)[0x1468f5e3fb86]
[genoahost090:2330732] [ 3] /lib64/libc.so.6(abort+0xd3)[0x1468f5e29873]
[genoahost090:2330732] [ 4] /lib64/libc.so.6(+0x2979b)[0x1468f5e2979b]
[genoahost090:2330732] [ 5] /lib64/libc.so.6(+0x388c6)[0x1468f5e388c6]
[genoahost090:2330732] [ 6] /direct/sdcc+u/poare/Grid/build/examples/./Example_spec_kryschur[0x44da1d]
[genoahost090:2330732] [ 7] /direct/sdcc+u/poare/Grid/build/examples/./Example_spec_kryschur[0x42f64a]
[genoahost090:2330732] [ 8] /direct/sdcc+u/poare/Grid/build/examples/./Example_spec_kryschur[0x412670]
[genoahost090:2330732] [ 9] /lib64/libc.so.6(+0x2a610)[0x1468f5e2a610]
[genoahost090:2330732] [10] /lib64/libc.so.6(__libc_start_main+0x80)[0x1468f5e2a6c0]
[genoahost090:2330732] [11] /direct/sdcc+u/poare/Grid/build/examples/./Example_spec_kryschur[0x414705]
[genoahost090:2330732] *** End of error message ***
Example_spec_kryschur: /direct/sdcc+u/poare/Grid/Grid/parallelIO/NerscIO.h:79: static int Grid::NerscIO::readHeader(std::string, Grid::GridBase*, Grid::FieldMetaData&): Assertion `line==std::string("BEGIN_HEADER")' failed.
[genoahost089:585312] *** Process received signal ***
[genoahost089:585312] Signal: Aborted (6)
[genoahost089:585312] Signal code:  (-6)
[genoahost089:585312] [ 0] /lib64/libc.so.6(+0x3fc30)[0x150a2923fc30]
[genoahost089:585312] [ 1] /lib64/libc.so.6(+0x8d02c)[0x150a2928d02c]
[genoahost089:585312] [ 2] /lib64/libc.so.6(raise+0x16)[0x150a2923fb86]
[genoahost089:585312] [ 3] /lib64/libc.so.6(abort+0xd3)[0x150a29229873]
[genoahost089:585312] [ 4] /lib64/libc.so.6(+0x2979b)[0x150a2922979b]
[genoahost089:585312] [ 5] /lib64/libc.so.6(+0x388c6)[0x150a292388c6]
[genoahost089:585312] [ 6] /direct/sdcc+u/poare/Grid/build/examples/./Example_spec_kryschur[0x44da1d]
[genoahost089:585312] [ 7] /direct/sdcc+u/poare/Grid/build/examples/./Example_spec_kryschur[0x42f64a]
[genoahost089:585312] [ 8] /direct/sdcc+u/poare/Grid/build/examples/./Example_spec_kryschur[0x412670]
[genoahost089:585312] [ 9] /lib64/libc.so.6(+0x2a610)[0x150a2922a610]
[genoahost089:585312] [10] /lib64/libc.so.6(__libc_start_main+0x80)[0x150a2922a6c0]
[genoahost089:585312] [11] /direct/sdcc+u/poare/Grid/build/examples/./Example_spec_kryschur[0x414705]
[genoahost089:585312] *** End of error message ***
Example_spec_kryschur: /direct/sdcc+u/poare/Grid/Grid/parallelIO/NerscIO.h:79: static int Grid::NerscIO::readHeader(std::string, Grid::GridBase*, Grid::FieldMetaData&): Assertion `line==std::string("BEGIN_HEADER")' failed.
[genoahost093:2345903] *** Process received signal ***
[genoahost093:2345903] Signal: Aborted (6)
[genoahost093:2345903] Signal code:  (-6)
[genoahost093:2345903] [ 0] /lib64/libc.so.6(+0x3fc30)[0x14b724c3fc30]
[genoahost093:2345903] [ 1] /lib64/libc.so.6(+0x8d02c)[0x14b724c8d02c]
[genoahost093:2345903] [ 2] /lib64/libc.so.6(raise+0x16)[0x14b724c3fb86]
[genoahost093:2345903] [ 3] /lib64/libc.so.6(abort+0xd3)[0x14b724c29873]
[genoahost093:2345903] [ 4] /lib64/libc.so.6(+0x2979b)[0x14b724c2979b]
[genoahost093:2345903] [ 5] /lib64/libc.so.6(+0x388c6)[0x14b724c388c6]
[genoahost093:2345903] [ 6] /direct/sdcc+u/poare/Grid/build/examples/./Example_spec_kryschur[0x44da1d]
[genoahost093:2345903] [ 7] /direct/sdcc+u/poare/Grid/build/examples/./Example_spec_kryschur[0x42f64a]
[genoahost093:2345903] [ 8] /direct/sdcc+u/poare/Grid/build/examples/./Example_spec_kryschur[0x412670]
[genoahost093:2345903] [ 9] /lib64/libc.so.6(+0x2a610)[0x14b724c2a610]
[genoahost093:2345903] [10] /lib64/libc.so.6(__libc_start_main+0x80)[0x14b724c2a6c0]
[genoahost093:2345903] [11] /direct/sdcc+u/poare/Grid/build/examples/./Example_spec_kryschur[0x414705]
[genoahost093:2345903] *** End of error message ***
Example_spec_kryschur: /direct/sdcc+u/poare/Grid/Grid/parallelIO/NerscIO.h:79: static int Grid::NerscIO::readHeader(std::string, Grid::GridBase*, Grid::FieldMetaData&): Assertion `line==std::string("BEGIN_HEADER")' failed.
[genoahost090:2330735] *** Process received signal ***
[genoahost090:2330735] Signal: Aborted (6)
[genoahost090:2330735] Signal code:  (-6)
[genoahost090:2330735] [ 0] /lib64/libc.so.6(+0x3fc30)[0x145d1f83fc30]
[genoahost090:2330735] [ 1] /lib64/libc.so.6(+0x8d02c)[0x145d1f88d02c]
[genoahost090:2330735] [ 2] /lib64/libc.so.6(raise+0x16)[0x145d1f83fb86]
[genoahost090:2330735] [ 3] /lib64/libc.so.6(abort+0xd3)[0x145d1f829873]
[genoahost090:2330735] [ 4] /lib64/libc.so.6(+0x2979b)[0x145d1f82979b]
[genoahost090:2330735] [ 5] /lib64/libc.so.6(+0x388c6)[0x145d1f8388c6]
[genoahost090:2330735] [ 6] /direct/sdcc+u/poare/Grid/build/examples/./Example_spec_kryschur[0x44da1d]
[genoahost090:2330735] [ 7] /direct/sdcc+u/poare/Grid/build/examples/./Example_spec_kryschur[0x42f64a]
[genoahost090:2330735] [ 8] /direct/sdcc+u/poare/Grid/build/examples/./Example_spec_kryschur[0x412670]
[genoahost090:2330735] [ 9] /lib64/libc.so.6(+0x2a610)[0x145d1f82a610]
[genoahost090:2330735] [10] /lib64/libc.so.6(__libc_start_main+0x80)[0x145d1f82a6c0]
[genoahost090:2330735] [11] /direct/sdcc+u/poare/Grid/build/examples/./Example_spec_kryschur[0x414705]
[genoahost090:2330735] *** End of error message ***
Example_spec_kryschur: /direct/sdcc+u/poare/Grid/Grid/parallelIO/NerscIO.h:79: static int Grid::NerscIO::readHeader(std::string, Grid::GridBase*, Grid::FieldMetaData&): Assertion `line==std::string("BEGIN_HEADER")' failed.
[genoahost092:2290639] *** Process received signal ***
[genoahost092:2290639] Signal: Aborted (6)
[genoahost092:2290639] Signal code:  (-6)
[genoahost092:2290639] [ 0] /lib64/libc.so.6(+0x3fc30)[0x14ae8023fc30]
[genoahost092:2290639] [ 1] /lib64/libc.so.6(+0x8d02c)[0x14ae8028d02c]
[genoahost092:2290639] [ 2] /lib64/libc.so.6(raise+0x16)[0x14ae8023fb86]
[genoahost092:2290639] [ 3] /lib64/libc.so.6(abort+0xd3)[0x14ae80229873]
[genoahost092:2290639] [ 4] /lib64/libc.so.6(+0x2979b)[0x14ae8022979b]
[genoahost092:2290639] [ 5] /lib64/libc.so.6(+0x388c6)[0x14ae802388c6]
[genoahost092:2290639] [ 6] /direct/sdcc+u/poare/Grid/build/examples/./Example_spec_kryschur[0x44da1d]
[genoahost092:2290639] [ 7] /direct/sdcc+u/poare/Grid/build/examples/./Example_spec_kryschur[0x42f64a]
[genoahost092:2290639] [ 8] /direct/sdcc+u/poare/Grid/build/examples/./Example_spec_kryschur[0x412670]
[genoahost092:2290639] [ 9] /lib64/libc.so.6(+0x2a610)[0x14ae8022a610]
[genoahost092:2290639] [10] /lib64/libc.so.6(__libc_start_main+0x80)[0x14ae8022a6c0]
[genoahost092:2290639] [11] /direct/sdcc+u/poare/Grid/build/examples/./Example_spec_kryschur[0x414705]
[genoahost092:2290639] *** End of error message ***
Example_spec_kryschur: /direct/sdcc+u/poare/Grid/Grid/parallelIO/NerscIO.h:79: static int Grid::NerscIO::readHeader(std::string, Grid::GridBase*, Grid::FieldMetaData&): Assertion `line==std::string("BEGIN_HEADER")' failed.
[genoahost092:2290628] *** Process received signal ***
[genoahost092:2290628] Signal: Aborted (6)
[genoahost092:2290628] Signal code:  (-6)
[genoahost092:2290628] [ 0] /lib64/libc.so.6(+0x3fc30)[0x14640983fc30]
[genoahost092:2290628] [ 1] /lib64/libc.so.6(+0x8d02c)[0x14640988d02c]
[genoahost092:2290628] [ 2] /lib64/libc.so.6(raise+0x16)[0x14640983fb86]
[genoahost092:2290628] [ 3] /lib64/libc.so.6(abort+0xd3)[0x146409829873]
[genoahost092:2290628] [ 4] /lib64/libc.so.6(+0x2979b)[0x14640982979b]
[genoahost092:2290628] [ 5] /lib64/libc.so.6(+0x388c6)[0x1464098388c6]
[genoahost092:2290628] [ 6] /direct/sdcc+u/poare/Grid/build/examples/./Example_spec_kryschur[0x44da1d]
[genoahost092:2290628] [ 7] /direct/sdcc+u/poare/Grid/build/examples/./Example_spec_kryschur[0x42f64a]
[genoahost092:2290628] [ 8] /direct/sdcc+u/poare/Grid/build/examples/./Example_spec_kryschur[0x412670]
[genoahost092:2290628] [ 9] /lib64/libc.so.6(+0x2a610)[0x14640982a610]
[genoahost092:2290628] [10] /lib64/libc.so.6(__libc_start_main+0x80)[0x14640982a6c0]
[genoahost092:2290628] [11] /direct/sdcc+u/poare/Grid/build/examples/./Example_spec_kryschur[0x414705]
[genoahost092:2290628] *** End of error message ***
Example_spec_kryschur: /direct/sdcc+u/poare/Grid/Grid/parallelIO/NerscIO.h:79: static int Grid::NerscIO::readHeader(std::string, Grid::GridBase*, Grid::FieldMetaData&): Assertion `line==std::string("BEGIN_HEADER")' failed.
[genoahost093:2345902] *** Process received signal ***
[genoahost093:2345902] Signal: Aborted (6)
[genoahost093:2345902] Signal code:  (-6)
[genoahost093:2345902] [ 0] /lib64/libc.so.6(+0x3fc30)[0x14e8c7e3fc30]
[genoahost093:2345902] [ 1] /lib64/libc.so.6(+0x8d02c)[0x14e8c7e8d02c]
[genoahost093:2345902] [ 2] /lib64/libc.so.6(raise+0x16)[0x14e8c7e3fb86]
[genoahost093:2345902] [ 3] /lib64/libc.so.6(abort+0xd3)[0x14e8c7e29873]
[genoahost093:2345902] [ 4] /lib64/libc.so.6(+0x2979b)[0x14e8c7e2979b]
[genoahost093:2345902] [ 5] /lib64/libc.so.6(+0x388c6)[0x14e8c7e388c6]
[genoahost093:2345902] [ 6] /direct/sdcc+u/poare/Grid/build/examples/./Example_spec_kryschur[0x44da1d]
[genoahost093:2345902] [ 7] /direct/sdcc+u/poare/Grid/build/examples/./Example_spec_kryschur[0x42f64a]
[genoahost093:2345902] [ 8] /direct/sdcc+u/poare/Grid/build/examples/./Example_spec_kryschur[0x412670]
[genoahost093:2345902] [ 9] /lib64/libc.so.6(+0x2a610)[0x14e8c7e2a610]
[genoahost093:2345902] [10] /lib64/libc.so.6(__libc_start_main+0x80)[0x14e8c7e2a6c0]
[genoahost093:2345902] [11] /direct/sdcc+u/poare/Grid/build/examples/./Example_spec_kryschur[0x414705]
[genoahost093:2345902] *** End of error message ***
Example_spec_kryschur: /direct/sdcc+u/poare/Grid/Grid/parallelIO/NerscIO.h:79: static int Grid::NerscIO::readHeader(std::string, Grid::GridBase*, Grid::FieldMetaData&): Assertion `line==std::string("BEGIN_HEADER")' failed.
[genoahost089:585299] *** Process received signal ***
[genoahost089:585299] Signal: Aborted (6)
[genoahost089:585299] Signal code:  (-6)
[genoahost089:585299] [ 0] /lib64/libc.so.6(+0x3fc30)[0x14a81dc3fc30]
[genoahost089:585299] [ 1] /lib64/libc.so.6(+0x8d02c)[0x14a81dc8d02c]
[genoahost089:585299] [ 2] /lib64/libc.so.6(raise+0x16)[0x14a81dc3fb86]
[genoahost089:585299] [ 3] /lib64/libc.so.6(abort+0xd3)[0x14a81dc29873]
[genoahost089:585299] [ 4] /lib64/libc.so.6(+0x2979b)[0x14a81dc2979b]
[genoahost089:585299] [ 5] /lib64/libc.so.6(+0x388c6)[0x14a81dc388c6]
[genoahost089:585299] [ 6] /direct/sdcc+u/poare/Grid/build/examples/./Example_spec_kryschur[0x44da1d]
[genoahost089:585299] [ 7] /direct/sdcc+u/poare/Grid/build/examples/./Example_spec_kryschur[0x42f64a]
[genoahost089:585299] [ 8] /direct/sdcc+u/poare/Grid/build/examples/./Example_spec_kryschur[0x412670]
[genoahost089:585299] [ 9] /lib64/libc.so.6(+0x2a610)[0x14a81dc2a610]
[genoahost089:585299] [10] /lib64/libc.so.6(__libc_start_main+0x80)[0x14a81dc2a6c0]
[genoahost089:585299] [11] /direct/sdcc+u/poare/Grid/build/examples/./Example_spec_kryschur[0x414705]
[genoahost089:585299] *** End of error message ***
Example_spec_kryschur: /direct/sdcc+u/poare/Grid/Grid/parallelIO/NerscIO.h:79: static int Grid::NerscIO::readHeader(std::string, Grid::GridBase*, Grid::FieldMetaData&): Assertion `line==std::string("BEGIN_HEADER")' failed.
[genoahost093:2345900] *** Process received signal ***
[genoahost093:2345900] Signal: Aborted (6)
[genoahost093:2345900] Signal code:  (-6)
[genoahost093:2345900] [ 0] /lib64/libc.so.6(+0x3fc30)[0x149520c3fc30]
[genoahost093:2345900] [ 1] /lib64/libc.so.6(+0x8d02c)[0x149520c8d02c]
[genoahost093:2345900] [ 2] /lib64/libc.so.6(raise+0x16)[0x149520c3fb86]
[genoahost093:2345900] [ 3] /lib64/libc.so.6(abort+0xd3)[0x149520c29873]
[genoahost093:2345900] [ 4] /lib64/libc.so.6(+0x2979b)[0x149520c2979b]
[genoahost093:2345900] [ 5] /lib64/libc.so.6(+0x388c6)[0x149520c388c6]
[genoahost093:2345900] [ 6] /direct/sdcc+u/poare/Grid/build/examples/./Example_spec_kryschur[0x44da1d]
[genoahost093:2345900] [ 7] /direct/sdcc+u/poare/Grid/build/examples/./Example_spec_kryschur[0x42f64a]
[genoahost093:2345900] [ 8] /direct/sdcc+u/poare/Grid/build/examples/./Example_spec_kryschur[0x412670]
[genoahost093:2345900] [ 9] /lib64/libc.so.6(+0x2a610)[0x149520c2a610]
[genoahost093:2345900] [10] /lib64/libc.so.6(__libc_start_main+0x80)[0x149520c2a6c0]
[genoahost093:2345900] [11] /direct/sdcc+u/poare/Grid/build/examples/./Example_spec_kryschur[0x414705]
[genoahost093:2345900] *** End of error message ***
Example_spec_kryschur: /direct/sdcc+u/poare/Grid/Grid/parallelIO/NerscIO.h:79: static int Grid::NerscIO::readHeader(std::string, Grid::GridBase*, Grid::FieldMetaData&): Assertion `line==std::string("BEGIN_HEADER")' failed.
[genoahost093:2345895] *** Process received signal ***
[genoahost093:2345895] Signal: Aborted (6)
[genoahost093:2345895] Signal code:  (-6)
[genoahost093:2345895] [ 0] /lib64/libc.so.6(+0x3fc30)[0x14871283fc30]
[genoahost093:2345895] [ 1] /lib64/libc.so.6(+0x8d02c)[0x14871288d02c]
[genoahost093:2345895] [ 2] /lib64/libc.so.6(raise+0x16)[0x14871283fb86]
[genoahost093:2345895] [ 3] /lib64/libc.so.6(abort+0xd3)[0x148712829873]
[genoahost093:2345895] [ 4] /lib64/libc.so.6(+0x2979b)[0x14871282979b]
[genoahost093:2345895] [ 5] /lib64/libc.so.6(+0x388c6)[0x1487128388c6]
[genoahost093:2345895] [ 6] /direct/sdcc+u/poare/Grid/build/examples/./Example_spec_kryschur[0x44da1d]
[genoahost093:2345895] [ 7] /direct/sdcc+u/poare/Grid/build/examples/./Example_spec_kryschur[0x42f64a]
[genoahost093:2345895] [ 8] /direct/sdcc+u/poare/Grid/build/examples/./Example_spec_kryschur[0x412670]
[genoahost093:2345895] [ 9] /lib64/libc.so.6(+0x2a610)[0x14871282a610]
[genoahost093:2345895] [10] /lib64/libc.so.6(__libc_start_main+0x80)[0x14871282a6c0]
[genoahost093:2345895] [11] /direct/sdcc+u/poare/Grid/build/examples/./Example_spec_kryschur[0x414705]
[genoahost093:2345895] *** End of error message ***
Example_spec_kryschur: /direct/sdcc+u/poare/Grid/Grid/parallelIO/NerscIO.h:79: static int Grid::NerscIO::readHeader(std::string, Grid::GridBase*, Grid::FieldMetaData&): Assertion `line==std::string("BEGIN_HEADER")' failed.
[genoahost093:2345894] *** Process received signal ***
[genoahost093:2345894] Signal: Aborted (6)
[genoahost093:2345894] Signal code:  (-6)
Example_spec_kryschur: /direct/sdcc+u/poare/Grid/Grid/parallelIO/NerscIO.h:79: static int Grid::NerscIO::readHeader(std::string, Grid::GridBase*, Grid::FieldMetaData&): Assertion `line==std::string("BEGIN_HEADER")' failed.
[genoahost095:2400145] *** Process received signal ***
[genoahost095:2400145] Signal: Aborted (6)
[genoahost095:2400145] Signal code:  (-6)
[genoahost093:2345894] [ 0] /lib64/libc.so.6(+0x3fc30)[0x14f6acc3fc30]
[genoahost093:2345894] [ 1] /lib64/libc.so.6(+0x8d02c)[0x14f6acc8d02c]
[genoahost093:2345894] [ 2] /lib64/libc.so.6(raise+0x16)[0x14f6acc3fb86]
[genoahost093:2345894] [ 3] /lib64/libc.so.6(abort+0xd3)[0x14f6acc29873]
[genoahost093:2345894] [ 4] /lib64/libc.so.6(+0x2979b)[0x14f6acc2979b]
[genoahost093:2345894] [ 5] /lib64/libc.so.6(+0x388c6)[0x14f6acc388c6]
[genoahost093:2345894] [ 6] /direct/sdcc+u/poare/Grid/build/examples/./Example_spec_kryschur[0x44da1d]
[genoahost093:2345894] [ 7] /direct/sdcc+u/poare/Grid/build/examples/./Example_spec_kryschur[0x42f64a]
[genoahost093:2345894] [ 8] /direct/sdcc+u/poare/Grid/build/examples/./Example_spec_kryschur[0x412670]
[genoahost093:2345894] [ 9] /lib64/libc.so.6(+0x2a610)[0x14f6acc2a610]
[genoahost093:2345894] [10] /lib64/libc.so.6(__libc_start_main+0x80)[0x14f6acc2a6c0]
[genoahost093:2345894] [11] /direct/sdcc+u/poare/Grid/build/examples/./Example_spec_kryschur[0x414705]
[genoahost093:2345894] *** End of error message ***
[genoahost095:2400145] [ 0] /lib64/libc.so.6(+0x3fc30)[0x150834a3fc30]
[genoahost095:2400145] [ 1] /lib64/libc.so.6(+0x8d02c)[0x150834a8d02c]
[genoahost095:2400145] [ 2] /lib64/libc.so.6(raise+0x16)[0x150834a3fb86]
[genoahost095:2400145] [ 3] /lib64/libc.so.6(abort+0xd3)[0x150834a29873]
[genoahost095:2400145] [ 4] /lib64/libc.so.6(+0x2979b)[0x150834a2979b]
[genoahost095:2400145] [ 5] /lib64/libc.so.6(+0x388c6)[0x150834a388c6]
[genoahost095:2400145] [ 6] /direct/sdcc+u/poare/Grid/build/examples/./Example_spec_kryschur[0x44da1d]
[genoahost095:2400145] [ 7] /direct/sdcc+u/poare/Grid/build/examples/./Example_spec_kryschur[0x42f64a]
[genoahost095:2400145] [ 8] /direct/sdcc+u/poare/Grid/build/examples/./Example_spec_kryschur[0x412670]
[genoahost095:2400145] [ 9] /lib64/libc.so.6(+0x2a610)[0x150834a2a610]
[genoahost095:2400145] [10] /lib64/libc.so.6(__libc_start_main+0x80)[0x150834a2a6c0]
[genoahost095:2400145] [11] /direct/sdcc+u/poare/Grid/build/examples/./Example_spec_kryschur[0x414705]
[genoahost095:2400145] *** End of error message ***
Example_spec_kryschur: /direct/sdcc+u/poare/Grid/Grid/parallelIO/NerscIO.h:79: static int Grid::NerscIO::readHeader(std::string, Grid::GridBase*, Grid::FieldMetaData&): Assertion `line==std::string("BEGIN_HEADER")' failed.
[genoahost091:2342484] *** Process received signal ***
[genoahost091:2342484] Signal: Aborted (6)
[genoahost091:2342484] Signal code:  (-6)
[genoahost091:2342484] [ 0] /lib64/libc.so.6(+0x3fc30)[0x147ab603fc30]
[genoahost091:2342484] [ 1] /lib64/libc.so.6(+0x8d02c)[0x147ab608d02c]
[genoahost091:2342484] [ 2] /lib64/libc.so.6(raise+0x16)[0x147ab603fb86]
[genoahost091:2342484] [ 3] /lib64/libc.so.6(abort+0xd3)[0x147ab6029873]
[genoahost091:2342484] [ 4] /lib64/libc.so.6(+0x2979b)[0x147ab602979b]
[genoahost091:2342484] [ 5] /lib64/libc.so.6(+0x388c6)[0x147ab60388c6]
[genoahost091:2342484] [ 6] /direct/sdcc+u/poare/Grid/build/examples/./Example_spec_kryschur[0x44da1d]
[genoahost091:2342484] [ 7] /direct/sdcc+u/poare/Grid/build/examples/./Example_spec_kryschur[0x42f64a]
[genoahost091:2342484] [ 8] /direct/sdcc+u/poare/Grid/build/examples/./Example_spec_kryschur[0x412670]
[genoahost091:2342484] [ 9] /lib64/libc.so.6(+0x2a610)[0x147ab602a610]
[genoahost091:2342484] [10] /lib64/libc.so.6(__libc_start_main+0x80)[0x147ab602a6c0]
[genoahost091:2342484] [11] /direct/sdcc+u/poare/Grid/build/examples/./Example_spec_kryschur[0x414705]
[genoahost091:2342484] *** End of error message ***
Example_spec_kryschur: /direct/sdcc+u/poare/Grid/Grid/parallelIO/NerscIO.h:79: static int Grid::NerscIO::readHeader(std::string, Grid::GridBase*, Grid::FieldMetaData&): Assertion `line==std::string("BEGIN_HEADER")' failed.
[genoahost093:2345898] *** Process received signal ***
[genoahost093:2345898] Signal: Aborted (6)
[genoahost093:2345898] Signal code:  (-6)
[genoahost093:2345898] [ 0] /lib64/libc.so.6(+0x3fc30)[0x14ffdae3fc30]
[genoahost093:2345898] [ 1] /lib64/libc.so.6(+0x8d02c)[0x14ffdae8d02c]
[genoahost093:2345898] [ 2] /lib64/libc.so.6(raise+0x16)[0x14ffdae3fb86]
[genoahost093:2345898] [ 3] /lib64/libc.so.6(abort+0xd3)[0x14ffdae29873]
[genoahost093:2345898] [ 4] /lib64/libc.so.6(+0x2979b)[0x14ffdae2979b]
[genoahost093:2345898] [ 5] /lib64/libc.so.6(+0x388c6)[0x14ffdae388c6]
[genoahost093:2345898] [ 6] /direct/sdcc+u/poare/Grid/build/examples/./Example_spec_kryschur[0x44da1d]
[genoahost093:2345898] [ 7] /direct/sdcc+u/poare/Grid/build/examples/./Example_spec_kryschur[0x42f64a]
[genoahost093:2345898] [ 8] /direct/sdcc+u/poare/Grid/build/examples/./Example_spec_kryschur[0x412670]
[genoahost093:2345898] [ 9] /lib64/libc.so.6(+0x2a610)[0x14ffdae2a610]
[genoahost093:2345898] [10] /lib64/libc.so.6(__libc_start_main+0x80)[0x14ffdae2a6c0]
[genoahost093:2345898] [11] /direct/sdcc+u/poare/Grid/build/examples/./Example_spec_kryschur[0x414705]
[genoahost093:2345898] *** End of error message ***
Example_spec_kryschur: /direct/sdcc+u/poare/Grid/Grid/parallelIO/NerscIO.h:79: static int Grid::NerscIO::readHeader(std::string, Grid::GridBase*, Grid::FieldMetaData&): Assertion `line==std::string("BEGIN_HEADER")' failed.
[genoahost093:2345890] *** Process received signal ***
[genoahost093:2345890] Signal: Aborted (6)
[genoahost093:2345890] Signal code:  (-6)
[genoahost093:2345890] [ 0] /lib64/libc.so.6(+0x3fc30)[0x151947e3fc30]
[genoahost093:2345890] [ 1] /lib64/libc.so.6(+0x8d02c)[0x151947e8d02c]
[genoahost093:2345890] [ 2] /lib64/libc.so.6(raise+0x16)[0x151947e3fb86]
[genoahost093:2345890] [ 3] /lib64/libc.so.6(abort+0xd3)[0x151947e29873]
[genoahost093:2345890] [ 4] /lib64/libc.so.6(+0x2979b)[0x151947e2979b]
[genoahost093:2345890] [ 5] /lib64/libc.so.6(+0x388c6)[0x151947e388c6]
[genoahost093:2345890] [ 6] /direct/sdcc+u/poare/Grid/build/examples/./Example_spec_kryschur[0x44da1d]
[genoahost093:2345890] [ 7] /direct/sdcc+u/poare/Grid/build/examples/./Example_spec_kryschur[0x42f64a]
[genoahost093:2345890] [ 8] /direct/sdcc+u/poare/Grid/build/examples/./Example_spec_kryschur[0x412670]
[genoahost093:2345890] [ 9] /lib64/libc.so.6(+0x2a610)[0x151947e2a610]
[genoahost093:2345890] [10] /lib64/libc.so.6(__libc_start_main+0x80)[0x151947e2a6c0]
[genoahost093:2345890] [11] /direct/sdcc+u/poare/Grid/build/examples/./Example_spec_kryschur[0x414705]
[genoahost093:2345890] *** End of error message ***
Example_spec_kryschur: /direct/sdcc+u/poare/Grid/Grid/parallelIO/NerscIO.h:79: static int Grid::NerscIO::readHeader(std::string, Grid::GridBase*, Grid::FieldMetaData&): Assertion `line==std::string("BEGIN_HEADER")' failed.
[genoahost091:2342486] *** Process received signal ***
[genoahost091:2342486] Signal: Aborted (6)
[genoahost091:2342486] Signal code:  (-6)
[genoahost091:2342486] [ 0] /lib64/libc.so.6(+0x3fc30)[0x146bac43fc30]
[genoahost091:2342486] [ 1] /lib64/libc.so.6(+0x8d02c)[0x146bac48d02c]
[genoahost091:2342486] [ 2] /lib64/libc.so.6(raise+0x16)[0x146bac43fb86]
[genoahost091:2342486] [ 3] /lib64/libc.so.6(abort+0xd3)[0x146bac429873]
[genoahost091:2342486] [ 4] /lib64/libc.so.6(+0x2979b)[0x146bac42979b]
[genoahost091:2342486] [ 5] /lib64/libc.so.6(+0x388c6)[0x146bac4388c6]
[genoahost091:2342486] [ 6] /direct/sdcc+u/poare/Grid/build/examples/./Example_spec_kryschur[0x44da1d]
[genoahost091:2342486] [ 7] /direct/sdcc+u/poare/Grid/build/examples/./Example_spec_kryschur[0x42f64a]
[genoahost091:2342486] [ 8] /direct/sdcc+u/poare/Grid/build/examples/./Example_spec_kryschur[0x412670]
[genoahost091:2342486] [ 9] /lib64/libc.so.6(+0x2a610)[0x146bac42a610]
[genoahost091:2342486] [10] /lib64/libc.so.6(__libc_start_main+0x80)[0x146bac42a6c0]
[genoahost091:2342486] [11] /direct/sdcc+u/poare/Grid/build/examples/./Example_spec_kryschur[0x414705]
[genoahost091:2342486] *** End of error message ***
Example_spec_kryschur: /direct/sdcc+u/poare/Grid/Grid/parallelIO/NerscIO.h:79: static int Grid::NerscIO::readHeader(std::string, Grid::GridBase*, Grid::FieldMetaData&): Assertion `line==std::string("BEGIN_HEADER")' failed.
[genoahost093:2345896] *** Process received signal ***
[genoahost093:2345896] Signal: Aborted (6)
[genoahost093:2345896] Signal code:  (-6)
[genoahost093:2345896] [ 0] /lib64/libc.so.6(+0x3fc30)[0x14b42183fc30]
[genoahost093:2345896] [ 1] /lib64/libc.so.6(+0x8d02c)[0x14b42188d02c]
[genoahost093:2345896] [ 2] /lib64/libc.so.6(raise+0x16)[0x14b42183fb86]
[genoahost093:2345896] [ 3] /lib64/libc.so.6(abort+0xd3)[0x14b421829873]
[genoahost093:2345896] [ 4] /lib64/libc.so.6(+0x2979b)[0x14b42182979b]
[genoahost093:2345896] [ 5] /lib64/libc.so.6(+0x388c6)[0x14b4218388c6]
[genoahost093:2345896] [ 6] /direct/sdcc+u/poare/Grid/build/examples/./Example_spec_kryschur[0x44da1d]
[genoahost093:2345896] [ 7] /direct/sdcc+u/poare/Grid/build/examples/./Example_spec_kryschur[0x42f64a]
[genoahost093:2345896] [ 8] /direct/sdcc+u/poare/Grid/build/examples/./Example_spec_kryschur[0x412670]
[genoahost093:2345896] [ 9] /lib64/libc.so.6(+0x2a610)[0x14b42182a610]
[genoahost093:2345896] [10] /lib64/libc.so.6(__libc_start_main+0x80)[0x14b42182a6c0]
Example_spec_kryschur: /direct/sdcc+u/poare/Grid/Grid/parallelIO/NerscIO.h:79: static int Grid::NerscIO::readHeader(std::string, Grid::GridBase*, Grid::FieldMetaData&): Assertion `line==std::string("BEGIN_HEADER")' failed.
[genoahost090:2330733] *** Process received signal ***
[genoahost093:2345896] [11] /direct/sdcc+u/poare/Grid/build/examples/./Example_spec_kryschur[0x414705]
[genoahost093:2345896] *** End of error message ***
[genoahost090:2330733] Signal: Aborted (6)
[genoahost090:2330733] Signal code:  (-6)
Example_spec_kryschur: /direct/sdcc+u/poare/Grid/Grid/parallelIO/NerscIO.h:79: static int Grid::NerscIO::readHeader(std::string, Grid::GridBase*, Grid::FieldMetaData&): Assertion `line==std::string("BEGIN_HEADER")' failed.
[genoahost093:2345899] *** Process received signal ***
[genoahost093:2345899] Signal: Aborted (6)
[genoahost093:2345899] Signal code:  (-6)
[genoahost090:2330733] [ 0] /lib64/libc.so.6(+0x3fc30)[0x14db8e23fc30]
[genoahost090:2330733] [ 1] /lib64/libc.so.6(+0x8d02c)[0x14db8e28d02c]
[genoahost090:2330733] [ 2] /lib64/libc.so.6(raise+0x16)[0x14db8e23fb86]
[genoahost090:2330733] [ 3] /lib64/libc.so.6(abort+0xd3)[0x14db8e229873]
[genoahost090:2330733] [ 4] /lib64/libc.so.6(+0x2979b)[0x14db8e22979b]
[genoahost090:2330733] [ 5] /lib64/libc.so.6(+0x388c6)[0x14db8e2388c6]
[genoahost090:2330733] [ 6] /direct/sdcc+u/poare/Grid/build/examples/./Example_spec_kryschur[0x44da1d]
[genoahost090:2330733] [ 7] /direct/sdcc+u/poare/Grid/build/examples/./Example_spec_kryschur[0x42f64a]
[genoahost090:2330733] [ 8] /direct/sdcc+u/poare/Grid/build/examples/./Example_spec_kryschur[0x412670]
[genoahost090:2330733] [ 9] /lib64/libc.so.6(+0x2a610)[0x14db8e22a610]
[genoahost090:2330733] [10] /lib64/libc.so.6(__libc_start_main+0x80)[0x14db8e22a6c0]
[genoahost090:2330733] [11] /direct/sdcc+u/poare/Grid/build/examples/./Example_spec_kryschur[0x414705]
[genoahost090:2330733] *** End of error message ***
[genoahost093:2345899] [ 0] /lib64/libc.so.6(+0x3fc30)[0x14a359e3fc30]
[genoahost093:2345899] [ 1] /lib64/libc.so.6(+0x8d02c)[0x14a359e8d02c]
[genoahost093:2345899] [ 2] /lib64/libc.so.6(raise+0x16)[0x14a359e3fb86]
[genoahost093:2345899] [ 3] /lib64/libc.so.6(abort+0xd3)[0x14a359e29873]
[genoahost093:2345899] [ 4] /lib64/libc.so.6(+0x2979b)[0x14a359e2979b]
[genoahost093:2345899] [ 5] /lib64/libc.so.6(+0x388c6)[0x14a359e388c6]
[genoahost093:2345899] [ 6] /direct/sdcc+u/poare/Grid/build/examples/./Example_spec_kryschur[0x44da1d]
[genoahost093:2345899] [ 7] /direct/sdcc+u/poare/Grid/build/examples/./Example_spec_kryschur[0x42f64a]
[genoahost093:2345899] [ 8] /direct/sdcc+u/poare/Grid/build/examples/./Example_spec_kryschur[0x412670]
[genoahost093:2345899] [ 9] /lib64/libc.so.6(+0x2a610)[0x14a359e2a610]
[genoahost093:2345899] [10] /lib64/libc.so.6(__libc_start_main+0x80)[0x14a359e2a6c0]
[genoahost093:2345899] [11] /direct/sdcc+u/poare/Grid/build/examples/./Example_spec_kryschur[0x414705]
[genoahost093:2345899] *** End of error message ***
Example_spec_kryschur: /direct/sdcc+u/poare/Grid/Grid/parallelIO/NerscIO.h:79: static int Grid::NerscIO::readHeader(std::string, Grid::GridBase*, Grid::FieldMetaData&): Assertion `line==std::string("BEGIN_HEADER")' failed.
[genoahost092:2290638] *** Process received signal ***
[genoahost092:2290638] Signal: Aborted (6)
[genoahost092:2290638] Signal code:  (-6)
[genoahost092:2290638] [ 0] /lib64/libc.so.6(+0x3fc30)[0x151fbc83fc30]
[genoahost092:2290638] [ 1] /lib64/libc.so.6(+0x8d02c)[0x151fbc88d02c]
[genoahost092:2290638] [ 2] /lib64/libc.so.6(raise+0x16)[0x151fbc83fb86]
[genoahost092:2290638] [ 3] /lib64/libc.so.6(abort+0xd3)[0x151fbc829873]
[genoahost092:2290638] [ 4] /lib64/libc.so.6(+0x2979b)[0x151fbc82979b]
[genoahost092:2290638] [ 5] /lib64/libc.so.6(+0x388c6)[0x151fbc8388c6]
[genoahost092:2290638] [ 6] /direct/sdcc+u/poare/Grid/build/examples/./Example_spec_kryschur[0x44da1d]
[genoahost092:2290638] [ 7] /direct/sdcc+u/poare/Grid/build/examples/./Example_spec_kryschur[0x42f64a]
[genoahost092:2290638] [ 8] /direct/sdcc+u/poare/Grid/build/examples/./Example_spec_kryschur[0x412670]
[genoahost092:2290638] [ 9] /lib64/libc.so.6(+0x2a610)[0x151fbc82a610]
[genoahost092:2290638] [10] /lib64/libc.so.6(__libc_start_main+0x80)[0x151fbc82a6c0]
[genoahost092:2290638] [11] /direct/sdcc+u/poare/Grid/build/examples/./Example_spec_kryschur[0x414705]
[genoahost092:2290638] *** End of error message ***
Example_spec_kryschur: /direct/sdcc+u/poare/Grid/Grid/parallelIO/NerscIO.h:79: static int Grid::NerscIO::readHeader(std::string, Grid::GridBase*, Grid::FieldMetaData&): Assertion `line==std::string("BEGIN_HEADER")' failed.
[genoahost092:2290636] *** Process received signal ***
[genoahost092:2290636] Signal: Aborted (6)
[genoahost092:2290636] Signal code:  (-6)
[genoahost092:2290636] [ 0] /lib64/libc.so.6(+0x3fc30)[0x147772e3fc30]
[genoahost092:2290636] [ 1] /lib64/libc.so.6(+0x8d02c)[0x147772e8d02c]
[genoahost092:2290636] [ 2] /lib64/libc.so.6(raise+0x16)[0x147772e3fb86]
[genoahost092:2290636] [ 3] /lib64/libc.so.6(abort+0xd3)[0x147772e29873]
[genoahost092:2290636] [ 4] /lib64/libc.so.6(+0x2979b)[0x147772e2979b]
[genoahost092:2290636] [ 5] /lib64/libc.so.6(+0x388c6)[0x147772e388c6]
[genoahost092:2290636] [ 6] /direct/sdcc+u/poare/Grid/build/examples/./Example_spec_kryschur[0x44da1d]
[genoahost092:2290636] [ 7] /direct/sdcc+u/poare/Grid/build/examples/./Example_spec_kryschur[0x42f64a]
[genoahost092:2290636] [ 8] /direct/sdcc+u/poare/Grid/build/examples/./Example_spec_kryschur[0x412670]
[genoahost092:2290636] [ 9] /lib64/libc.so.6(+0x2a610)[0x147772e2a610]
[genoahost092:2290636] [10] /lib64/libc.so.6(__libc_start_main+0x80)[0x147772e2a6c0]
[genoahost092:2290636] [11] /direct/sdcc+u/poare/Grid/build/examples/./Example_spec_kryschur[0x414705]
[genoahost092:2290636] *** End of error message ***
Example_spec_kryschur: /direct/sdcc+u/poare/Grid/Grid/parallelIO/NerscIO.h:79: static int Grid::NerscIO::readHeader(std::string, Grid::GridBase*, Grid::FieldMetaData&): Assertion `line==std::string("BEGIN_HEADER")' failed.
[genoahost093:2345897] *** Process received signal ***
[genoahost093:2345897] Signal: Aborted (6)
[genoahost093:2345897] Signal code:  (-6)
[genoahost093:2345897] [ 0] /lib64/libc.so.6(+0x3fc30)[0x14ea7b23fc30]
[genoahost093:2345897] [ 1] /lib64/libc.so.6(+0x8d02c)[0x14ea7b28d02c]
[genoahost093:2345897] [ 2] /lib64/libc.so.6(raise+0x16)[0x14ea7b23fb86]
[genoahost093:2345897] [ 3] /lib64/libc.so.6(abort+0xd3)[0x14ea7b229873]
[genoahost093:2345897] [ 4] /lib64/libc.so.6(+0x2979b)[0x14ea7b22979b]
[genoahost093:2345897] [ 5] /lib64/libc.so.6(+0x388c6)[0x14ea7b2388c6]
[genoahost093:2345897] [ 6] /direct/sdcc+u/poare/Grid/build/examples/./Example_spec_kryschur[0x44da1d]
[genoahost093:2345897] [ 7] /direct/sdcc+u/poare/Grid/build/examples/./Example_spec_kryschur[0x42f64a]
[genoahost093:2345897] [ 8] /direct/sdcc+u/poare/Grid/build/examples/./Example_spec_kryschur[0x412670]
[genoahost093:2345897] [ 9] /lib64/libc.so.6(+0x2a610)[0x14ea7b22a610]
[genoahost093:2345897] [10] /lib64/libc.so.6(__libc_start_main+0x80)[0x14ea7b22a6c0]
[genoahost093:2345897] [11] /direct/sdcc+u/poare/Grid/build/examples/./Example_spec_kryschur[0x414705]
[genoahost093:2345897] *** End of error message ***
Example_spec_kryschur: /direct/sdcc+u/poare/Grid/Grid/parallelIO/NerscIO.h:79: static int Grid::NerscIO::readHeader(std::string, Grid::GridBase*, Grid::FieldMetaData&): Assertion `line==std::string("BEGIN_HEADER")' failed.
[genoahost093:2345901] *** Process received signal ***
[genoahost093:2345901] Signal: Aborted (6)
[genoahost093:2345901] Signal code:  (-6)
[genoahost093:2345901] [ 0] /lib64/libc.so.6(+0x3fc30)[0x14ab6563fc30]
[genoahost093:2345901] [ 1] /lib64/libc.so.6(+0x8d02c)[0x14ab6568d02c]
[genoahost093:2345901] [ 2] /lib64/libc.so.6(raise+0x16)[0x14ab6563fb86]
[genoahost093:2345901] [ 3] /lib64/libc.so.6(abort+0xd3)[0x14ab65629873]
[genoahost093:2345901] [ 4] /lib64/libc.so.6(+0x2979b)[0x14ab6562979b]
[genoahost093:2345901] [ 5] /lib64/libc.so.6(+0x388c6)[0x14ab656388c6]
[genoahost093:2345901] [ 6] /direct/sdcc+u/poare/Grid/build/examples/./Example_spec_kryschur[0x44da1d]
[genoahost093:2345901] [ 7] /direct/sdcc+u/poare/Grid/build/examples/./Example_spec_kryschur[0x42f64a]
[genoahost093:2345901] [ 8] /direct/sdcc+u/poare/Grid/build/examples/./Example_spec_kryschur[0x412670]
[genoahost093:2345901] [ 9] /lib64/libc.so.6(+0x2a610)[0x14ab6562a610]
[genoahost093:2345901] [10] /lib64/libc.so.6(__libc_start_main+0x80)[0x14ab6562a6c0]
[genoahost093:2345901] [11] /direct/sdcc+u/poare/Grid/build/examples/./Example_spec_kryschur[0x414705]
[genoahost093:2345901] *** End of error message ***
Example_spec_kryschur: /direct/sdcc+u/poare/Grid/Grid/parallelIO/NerscIO.h:79: static int Grid::NerscIO::readHeader(std::string, Grid::GridBase*, Grid::FieldMetaData&): Assertion `line==std::string("BEGIN_HEADER")' failed.
[genoahost094:2387369] *** Process received signal ***
[genoahost094:2387369] Signal: Aborted (6)
[genoahost094:2387369] Signal code:  (-6)
[genoahost094:2387369] [ 0] /lib64/libc.so.6(+0x3fc30)[0x15162b03fc30]
[genoahost094:2387369] [ 1] /lib64/libc.so.6(+0x8d02c)[0x15162b08d02c]
[genoahost094:2387369] [ 2] /lib64/libc.so.6(raise+0x16)[0x15162b03fb86]
[genoahost094:2387369] [ 3] /lib64/libc.so.6(abort+0xd3)[0x15162b029873]
[genoahost094:2387369] [ 4] /lib64/libc.so.6(+0x2979b)[0x15162b02979b]
[genoahost094:2387369] [ 5] /lib64/libc.so.6(+0x388c6)[0x15162b0388c6]
[genoahost094:2387369] [ 6] /direct/sdcc+u/poare/Grid/build/examples/./Example_spec_kryschur[0x44da1d]
[genoahost094:2387369] [ 7] /direct/sdcc+u/poare/Grid/build/examples/./Example_spec_kryschur[0x42f64a]
[genoahost094:2387369] [ 8] /direct/sdcc+u/poare/Grid/build/examples/./Example_spec_kryschur[0x412670]
[genoahost094:2387369] [ 9] /lib64/libc.so.6(+0x2a610)[0x15162b02a610]
[genoahost094:2387369] [10] /lib64/libc.so.6(__libc_start_main+0x80)[0x15162b02a6c0]
[genoahost094:2387369] [11] /direct/sdcc+u/poare/Grid/build/examples/./Example_spec_kryschur[0x414705]
[genoahost094:2387369] *** End of error message ***
Example_spec_kryschur: /direct/sdcc+u/poare/Grid/Grid/parallelIO/NerscIO.h:79: static int Grid::NerscIO::readHeader(std::string, Grid::GridBase*, Grid::FieldMetaData&): Assertion `line==std::string("BEGIN_HEADER")' failed.
[genoahost090:2330728] *** Process received signal ***
[genoahost090:2330728] Signal: Aborted (6)
[genoahost090:2330728] Signal code:  (-6)
[genoahost090:2330728] [ 0] /lib64/libc.so.6(+0x3fc30)[0x14b76c43fc30]
[genoahost090:2330728] [ 1] /lib64/libc.so.6(+0x8d02c)[0x14b76c48d02c]
[genoahost090:2330728] [ 2] /lib64/libc.so.6(raise+0x16)[0x14b76c43fb86]
[genoahost090:2330728] [ 3] /lib64/libc.so.6(abort+0xd3)[0x14b76c429873]
[genoahost090:2330728] [ 4] /lib64/libc.so.6(+0x2979b)[0x14b76c42979b]
[genoahost090:2330728] [ 5] /lib64/libc.so.6(+0x388c6)[0x14b76c4388c6]
[genoahost090:2330728] [ 6] /direct/sdcc+u/poare/Grid/build/examples/./Example_spec_kryschur[0x44da1d]
[genoahost090:2330728] [ 7] /direct/sdcc+u/poare/Grid/build/examples/./Example_spec_kryschur[0x42f64a]
[genoahost090:2330728] [ 8] /direct/sdcc+u/poare/Grid/build/examples/./Example_spec_kryschur[0x412670]
[genoahost090:2330728] [ 9] /lib64/libc.so.6(+0x2a610)[0x14b76c42a610]
[genoahost090:2330728] [10] /lib64/libc.so.6(__libc_start_main+0x80)[0x14b76c42a6c0]
[genoahost090:2330728] [11] /direct/sdcc+u/poare/Grid/build/examples/./Example_spec_kryschur[0x414705]
[genoahost090:2330728] *** End of error message ***
Example_spec_kryschur: /direct/sdcc+u/poare/Grid/Grid/parallelIO/NerscIO.h:79: static int Grid::NerscIO::readHeader(std::string, Grid::GridBase*, Grid::FieldMetaData&): Assertion `line==std::string("BEGIN_HEADER")' failed.
[genoahost090:2330734] *** Process received signal ***
[genoahost090:2330734] Signal: Aborted (6)
[genoahost090:2330734] Signal code:  (-6)
[genoahost090:2330734] [ 0] /lib64/libc.so.6(+0x3fc30)[0x14708503fc30]
[genoahost090:2330734] [ 1] /lib64/libc.so.6(+0x8d02c)[0x14708508d02c]
[genoahost090:2330734] [ 2] /lib64/libc.so.6(raise+0x16)[0x14708503fb86]
[genoahost090:2330734] [ 3] /lib64/libc.so.6(abort+0xd3)[0x147085029873]
[genoahost090:2330734] [ 4] /lib64/libc.so.6(+0x2979b)[0x14708502979b]
[genoahost090:2330734] [ 5] /lib64/libc.so.6(+0x388c6)[0x1470850388c6]
[genoahost090:2330734] [ 6] /direct/sdcc+u/poare/Grid/build/examples/./Example_spec_kryschur[0x44da1d]
[genoahost090:2330734] [ 7] /direct/sdcc+u/poare/Grid/build/examples/./Example_spec_kryschur[0x42f64a]
[genoahost090:2330734] [ 8] /direct/sdcc+u/poare/Grid/build/examples/./Example_spec_kryschur[0x412670]
[genoahost090:2330734] [ 9] /lib64/libc.so.6(+0x2a610)[0x14708502a610]
[genoahost090:2330734] [10] /lib64/libc.so.6(__libc_start_main+0x80)[0x14708502a6c0]
[genoahost090:2330734] [11] /direct/sdcc+u/poare/Grid/build/examples/./Example_spec_kryschur[0x414705]
[genoahost090:2330734] *** End of error message ***
Example_spec_kryschur: /direct/sdcc+u/poare/Grid/Grid/parallelIO/NerscIO.h:79: static int Grid::NerscIO::readHeader(std::string, Grid::GridBase*, Grid::FieldMetaData&): Assertion `line==std::string("BEGIN_HEADER")' failed.
[genoahost089:585301] *** Process received signal ***
[genoahost089:585301] Signal: Aborted (6)
[genoahost089:585301] Signal code:  (-6)
[genoahost089:585301] [ 0] /lib64/libc.so.6(+0x3fc30)[0x152400a3fc30]
[genoahost089:585301] [ 1] /lib64/libc.so.6(+0x8d02c)[0x152400a8d02c]
[genoahost089:585301] [ 2] /lib64/libc.so.6(raise+0x16)[0x152400a3fb86]
[genoahost089:585301] [ 3] /lib64/libc.so.6(abort+0xd3)[0x152400a29873]
[genoahost089:585301] [ 4] /lib64/libc.so.6(+0x2979b)[0x152400a2979b]
[genoahost089:585301] [ 5] /lib64/libc.so.6(+0x388c6)[0x152400a388c6]
[genoahost089:585301] [ 6] /direct/sdcc+u/poare/Grid/build/examples/./Example_spec_kryschur[0x44da1d]
[genoahost089:585301] [ 7] /direct/sdcc+u/poare/Grid/build/examples/./Example_spec_kryschur[0x42f64a]
[genoahost089:585301] [ 8] /direct/sdcc+u/poare/Grid/build/examples/./Example_spec_kryschur[0x412670]
[genoahost089:585301] [ 9] /lib64/libc.so.6(+0x2a610)[0x152400a2a610]
[genoahost089:585301] [10] /lib64/libc.so.6(__libc_start_main+0x80)[0x152400a2a6c0]
[genoahost089:585301] [11] /direct/sdcc+u/poare/Grid/build/examples/./Example_spec_kryschur[0x414705]
[genoahost089:585301] *** End of error message ***
Example_spec_kryschur: /direct/sdcc+u/poare/Grid/Grid/parallelIO/NerscIO.h:79: static int Grid::NerscIO::readHeader(std::string, Grid::GridBase*, Grid::FieldMetaData&): Assertion `line==std::string("BEGIN_HEADER")' failed.
[genoahost092:2290630] *** Process received signal ***
[genoahost092:2290630] Signal: Aborted (6)
[genoahost092:2290630] Signal code:  (-6)
[genoahost092:2290630] [ 0] /lib64/libc.so.6(+0x3fc30)[0x14d2e443fc30]
[genoahost092:2290630] [ 1] /lib64/libc.so.6(+0x8d02c)[0x14d2e448d02c]
[genoahost092:2290630] [ 2] /lib64/libc.so.6(raise+0x16)[0x14d2e443fb86]
[genoahost092:2290630] [ 3] /lib64/libc.so.6(abort+0xd3)[0x14d2e4429873]
[genoahost092:2290630] [ 4] /lib64/libc.so.6(+0x2979b)[0x14d2e442979b]
[genoahost092:2290630] [ 5] /lib64/libc.so.6(+0x388c6)[0x14d2e44388c6]
[genoahost092:2290630] [ 6] /direct/sdcc+u/poare/Grid/build/examples/./Example_spec_kryschur[0x44da1d]
[genoahost092:2290630] [ 7] /direct/sdcc+u/poare/Grid/build/examples/./Example_spec_kryschur[0x42f64a]
[genoahost092:2290630] [ 8] /direct/sdcc+u/poare/Grid/build/examples/./Example_spec_kryschur[0x412670]
[genoahost092:2290630] [ 9] /lib64/libc.so.6(+0x2a610)[0x14d2e442a610]
[genoahost092:2290630] [10] /lib64/libc.so.6(__libc_start_main+0x80)[0x14d2e442a6c0]
[genoahost092:2290630] [11] /direct/sdcc+u/poare/Grid/build/examples/./Example_spec_kryschur[0x414705]
[genoahost092:2290630] *** End of error message ***
Example_spec_kryschur: /direct/sdcc+u/poare/Grid/Grid/parallelIO/NerscIO.h:79: static int Grid::NerscIO::readHeader(std::string, Grid::GridBase*, Grid::FieldMetaData&): Assertion `line==std::string("BEGIN_HEADER")' failed.
[genoahost092:2290640] *** Process received signal ***
[genoahost092:2290640] Signal: Aborted (6)
[genoahost092:2290640] Signal code:  (-6)
[genoahost092:2290640] [ 0] /lib64/libc.so.6(+0x3fc30)[0x14bfa423fc30]
[genoahost092:2290640] [ 1] /lib64/libc.so.6(+0x8d02c)[0x14bfa428d02c]
[genoahost092:2290640] [ 2] /lib64/libc.so.6(raise+0x16)[0x14bfa423fb86]
[genoahost092:2290640] [ 3] /lib64/libc.so.6(abort+0xd3)[0x14bfa4229873]
[genoahost092:2290640] [ 4] /lib64/libc.so.6(+0x2979b)[0x14bfa422979b]
[genoahost092:2290640] [ 5] /lib64/libc.so.6(+0x388c6)[0x14bfa42388c6]
[genoahost092:2290640] [ 6] /direct/sdcc+u/poare/Grid/build/examples/./Example_spec_kryschur[0x44da1d]
[genoahost092:2290640] [ 7] /direct/sdcc+u/poare/Grid/build/examples/./Example_spec_kryschur[0x42f64a]
[genoahost092:2290640] [ 8] /direct/sdcc+u/poare/Grid/build/examples/./Example_spec_kryschur[0x412670]
[genoahost092:2290640] [ 9] /lib64/libc.so.6(+0x2a610)[0x14bfa422a610]
[genoahost092:2290640] [10] /lib64/libc.so.6(__libc_start_main+0x80)[0x14bfa422a6c0]
[genoahost092:2290640] [11] /direct/sdcc+u/poare/Grid/build/examples/./Example_spec_kryschur[0x414705]
[genoahost092:2290640] *** End of error message ***
Example_spec_kryschur: /direct/sdcc+u/poare/Grid/Grid/parallelIO/NerscIO.h:79: static int Grid::NerscIO::readHeader(std::string, Grid::GridBase*, Grid::FieldMetaData&): Assertion `line==std::string("BEGIN_HEADER")' failed.
[genoahost090:2330731] *** Process received signal ***
[genoahost090:2330731] Signal: Aborted (6)
[genoahost090:2330731] Signal code:  (-6)
[genoahost090:2330731] [ 0] /lib64/libc.so.6(+0x3fc30)[0x14f11a23fc30]
[genoahost090:2330731] [ 1] /lib64/libc.so.6(+0x8d02c)[0x14f11a28d02c]
[genoahost090:2330731] [ 2] /lib64/libc.so.6(raise+0x16)[0x14f11a23fb86]
[genoahost090:2330731] [ 3] /lib64/libc.so.6(abort+0xd3)[0x14f11a229873]
[genoahost090:2330731] [ 4] /lib64/libc.so.6(+0x2979b)[0x14f11a22979b]
[genoahost090:2330731] [ 5] /lib64/libc.so.6(+0x388c6)[0x14f11a2388c6]
[genoahost090:2330731] [ 6] /direct/sdcc+u/poare/Grid/build/examples/./Example_spec_kryschur[0x44da1d]
[genoahost090:2330731] [ 7] /direct/sdcc+u/poare/Grid/build/examples/./Example_spec_kryschur[0x42f64a]
[genoahost090:2330731] [ 8] /direct/sdcc+u/poare/Grid/build/examples/./Example_spec_kryschur[0x412670]
[genoahost090:2330731] [ 9] /lib64/libc.so.6(+0x2a610)[0x14f11a22a610]
[genoahost090:2330731] [10] /lib64/libc.so.6(__libc_start_main+0x80)[0x14f11a22a6c0]
[genoahost090:2330731] [11] /direct/sdcc+u/poare/Grid/build/examples/./Example_spec_kryschur[0x414705]
[genoahost090:2330731] *** End of error message ***
Example_spec_kryschur: /direct/sdcc+u/poare/Grid/Grid/parallelIO/NerscIO.h:79: static int Grid::NerscIO::readHeader(std::string, Grid::GridBase*, Grid::FieldMetaData&): Assertion `line==std::string("BEGIN_HEADER")' failed.
[genoahost095:2400147] *** Process received signal ***
[genoahost095:2400147] Signal: Aborted (6)
[genoahost095:2400147] Signal code:  (-6)
[genoahost095:2400147] [ 0] /lib64/libc.so.6(+0x3fc30)[0x14e927e3fc30]
[genoahost095:2400147] [ 1] /lib64/libc.so.6(+0x8d02c)[0x14e927e8d02c]
[genoahost095:2400147] [ 2] /lib64/libc.so.6(raise+0x16)[0x14e927e3fb86]
[genoahost095:2400147] [ 3] /lib64/libc.so.6(abort+0xd3)[0x14e927e29873]
[genoahost095:2400147] [ 4] /lib64/libc.so.6(+0x2979b)[0x14e927e2979b]
[genoahost095:2400147] [ 5] /lib64/libc.so.6(+0x388c6)[0x14e927e388c6]
[genoahost095:2400147] [ 6] /direct/sdcc+u/poare/Grid/build/examples/./Example_spec_kryschur[0x44da1d]
[genoahost095:2400147] [ 7] /direct/sdcc+u/poare/Grid/build/examples/./Example_spec_kryschur[0x42f64a]
[genoahost095:2400147] [ 8] /direct/sdcc+u/poare/Grid/build/examples/./Example_spec_kryschur[0x412670]
[genoahost095:2400147] [ 9] /lib64/libc.so.6(+0x2a610)[0x14e927e2a610]
[genoahost095:2400147] [10] /lib64/libc.so.6(__libc_start_main+0x80)[0x14e927e2a6c0]
[genoahost095:2400147] [11] /direct/sdcc+u/poare/Grid/build/examples/./Example_spec_kryschur[0x414705]
[genoahost095:2400147] *** End of error message ***
Example_spec_kryschur: /direct/sdcc+u/poare/Grid/Grid/parallelIO/NerscIO.h:79: static int Grid::NerscIO::readHeader(std::string, Grid::GridBase*, Grid::FieldMetaData&): Assertion `line==std::string("BEGIN_HEADER")' failed.
[genoahost090:2330721] *** Process received signal ***
[genoahost090:2330721] Signal: Aborted (6)
[genoahost090:2330721] Signal code:  (-6)
Example_spec_kryschur: /direct/sdcc+u/poare/Grid/Grid/parallelIO/NerscIO.h:79: static int Grid::NerscIO::readHeader(std::string, Grid::GridBase*, Grid::FieldMetaData&): Assertion `line==std::string("BEGIN_HEADER")' failed.
[genoahost092:2290637] *** Process received signal ***
[genoahost092:2290637] Signal: Aborted (6)
[genoahost092:2290637] Signal code:  (-6)
[genoahost090:2330721] [ 0] /lib64/libc.so.6(+0x3fc30)[0x1544ff63fc30]
[genoahost090:2330721] [ 1] /lib64/libc.so.6(+0x8d02c)[0x1544ff68d02c]
[genoahost090:2330721] [ 2] /lib64/libc.so.6(raise+0x16)[0x1544ff63fb86]
[genoahost090:2330721] [ 3] /lib64/libc.so.6(abort+0xd3)[0x1544ff629873]
[genoahost090:2330721] [ 4] /lib64/libc.so.6(+0x2979b)[0x1544ff62979b]
[genoahost090:2330721] [ 5] /lib64/libc.so.6(+0x388c6)[0x1544ff6388c6]
[genoahost092:2290637] [ 0] /lib64/libc.so.6(+0x3fc30)[0x14f0e843fc30]
Example_spec_kryschur: /direct/sdcc+u/poare/Grid/Grid/parallelIO/NerscIO.h:79: static int Grid::NerscIO::readHeader(std::string, Grid::GridBase*, Grid::FieldMetaData&): Assertion `line==std::string("BEGIN_HEADER")' failed.
[genoahost090:2330721] [ 6] /direct/sdcc+u/poare/Grid/build/examples/./Example_spec_kryschur[0x44da1d]
[genoahost090:2330721] [ 7] /direct/sdcc+u/poare/Grid/build/examples/./Example_spec_kryschur[0x42f64a]
[genoahost089:585300] *** Process received signal ***
[genoahost090:2330721] [ 8] /direct/sdcc+u/poare/Grid/build/examples/./Example_spec_kryschur[0x412670]
[genoahost092:2290637] [ 1] /lib64/libc.so.6(+0x8d02c)[0x14f0e848d02c]
[genoahost089:585300] Signal: Aborted (6)
[genoahost089:585300] Signal code:  (-6)
[genoahost090:2330721] [ 9] /lib64/libc.so.6(+0x2a610)[0x1544ff62a610]
[genoahost092:2290637] [ 2] /lib64/libc.so.6(raise+0x16)[0x14f0e843fb86]
[genoahost090:2330721] [10] /lib64/libc.so.6(__libc_start_main+0x80)[0x1544ff62a6c0]
[genoahost090:2330721] [11] /direct/sdcc+u/poare/Grid/build/examples/./Example_spec_kryschur[0x414705]
[genoahost092:2290637] [ 3] /lib64/libc.so.6(abort+0xd3)[0x14f0e8429873]
[genoahost090:2330721] *** End of error message ***
[genoahost092:2290637] [ 4] /lib64/libc.so.6(+0x2979b)[0x14f0e842979b]
[genoahost092:2290637] [ 5] /lib64/libc.so.6(+0x388c6)[0x14f0e84388c6]
[genoahost092:2290637] [ 6] /direct/sdcc+u/poare/Grid/build/examples/./Example_spec_kryschur[0x44da1d]
[genoahost092:2290637] [ 7] /direct/sdcc+u/poare/Grid/build/examples/./Example_spec_kryschur[0x42f64a]
[genoahost092:2290637] [ 8] /direct/sdcc+u/poare/Grid/build/examples/./Example_spec_kryschur[0x412670]
[genoahost092:2290637] [ 9] /lib64/libc.so.6(+0x2a610)[0x14f0e842a610]
Example_spec_kryschur: /direct/sdcc+u/poare/Grid/Grid/parallelIO/NerscIO.h:79: static int Grid::NerscIO::readHeader(std::string, Grid::GridBase*, Grid::FieldMetaData&): Assertion `line==std::string("BEGIN_HEADER")' failed.
[genoahost092:2290637] [10] /lib64/libc.so.6(__libc_start_main+0x80)[0x14f0e842a6c0]
[genoahost092:2290637] [11] /direct/sdcc+u/poare/Grid/build/examples/./Example_spec_kryschur[0x414705]
[genoahost092:2290637] *** End of error message ***
[genoahost090:2330723] *** Process received signal ***
[genoahost090:2330723] Signal: Aborted (6)
[genoahost090:2330723] Signal code:  (-6)
[genoahost089:585300] [ 0] /lib64/libc.so.6(+0x3fc30)[0x1469c623fc30]
[genoahost089:585300] [ 1] /lib64/libc.so.6(+0x8d02c)[0x1469c628d02c]
[genoahost089:585300] [ 2] /lib64/libc.so.6(raise+0x16)[0x1469c623fb86]
[genoahost089:585300] [ 3] /lib64/libc.so.6(abort+0xd3)[0x1469c6229873]
[genoahost089:585300] [ 4] /lib64/libc.so.6(+0x2979b)[0x1469c622979b]
[genoahost089:585300] [ 5] /lib64/libc.so.6(+0x388c6)[0x1469c62388c6]
[genoahost089:585300] [ 6] /direct/sdcc+u/poare/Grid/build/examples/./Example_spec_kryschur[0x44da1d]
[genoahost089:585300] [ 7] /direct/sdcc+u/poare/Grid/build/examples/./Example_spec_kryschur[0x42f64a]
[genoahost089:585300] [ 8] /direct/sdcc+u/poare/Grid/build/examples/./Example_spec_kryschur[0x412670]
[genoahost089:585300] [ 9] /lib64/libc.so.6(+0x2a610)[0x1469c622a610]
[genoahost089:585300] [10] /lib64/libc.so.6(__libc_start_main+0x80)[0x1469c622a6c0]
[genoahost089:585300] [11] /direct/sdcc+u/poare/Grid/build/examples/./Example_spec_kryschur[0x414705]
[genoahost089:585300] *** End of error message ***
[genoahost090:2330723] [ 0] /lib64/libc.so.6(+0x3fc30)[0x1524f603fc30]
[genoahost090:2330723] [ 1] /lib64/libc.so.6(+0x8d02c)[0x1524f608d02c]
[genoahost090:2330723] [ 2] /lib64/libc.so.6(raise+0x16)[0x1524f603fb86]
[genoahost090:2330723] [ 3] /lib64/libc.so.6(abort+0xd3)[0x1524f6029873]
[genoahost090:2330723] [ 4] /lib64/libc.so.6(+0x2979b)[0x1524f602979b]
[genoahost090:2330723] [ 5] /lib64/libc.so.6(+0x388c6)[0x1524f60388c6]
[genoahost090:2330723] [ 6] /direct/sdcc+u/poare/Grid/build/examples/./Example_spec_kryschur[0x44da1d]
Example_spec_kryschur: /direct/sdcc+u/poare/Grid/Grid/parallelIO/NerscIO.h:79: static int Grid::NerscIO::readHeader(std::string, Grid::GridBase*, Grid::FieldMetaData&): Assertion `line==std::string("BEGIN_HEADER")' failed.
[genoahost090:2330723] [ 7] /direct/sdcc+u/poare/Grid/build/examples/./Example_spec_kryschur[0x42f64a]
[genoahost090:2330723] [ 8] /direct/sdcc+u/poare/Grid/build/examples/./Example_spec_kryschur[0x412670]
[genoahost089:585303] *** Process received signal ***
[genoahost090:2330723] [ 9] /lib64/libc.so.6(+0x2a610)[0x1524f602a610]
[genoahost089:585303] Signal: Aborted (6)
[genoahost089:585303] Signal code:  (-6)
[genoahost090:2330723] [10] /lib64/libc.so.6(__libc_start_main+0x80)[0x1524f602a6c0]
[genoahost090:2330723] [11] /direct/sdcc+u/poare/Grid/build/examples/./Example_spec_kryschur[0x414705]
[genoahost090:2330723] *** End of error message ***
Example_spec_kryschur: /direct/sdcc+u/poare/Grid/Grid/parallelIO/NerscIO.h:79: static int Grid::NerscIO::readHeader(std::string, Grid::GridBase*, Grid::FieldMetaData&): Assertion `line==std::string("BEGIN_HEADER")' failed.
[genoahost095:2400157] *** Process received signal ***
[genoahost095:2400157] Signal: Aborted (6)
[genoahost095:2400157] Signal code:  (-6)
[genoahost089:585303] [ 0] /lib64/libc.so.6(+0x3fc30)[0x14bf9cc3fc30]
[genoahost089:585303] [ 1] /lib64/libc.so.6(+0x8d02c)[0x14bf9cc8d02c]
[genoahost089:585303] [ 2] /lib64/libc.so.6(raise+0x16)[0x14bf9cc3fb86]
[genoahost089:585303] [ 3] /lib64/libc.so.6(abort+0xd3)[0x14bf9cc29873]
[genoahost089:585303] [ 4] /lib64/libc.so.6(+0x2979b)[0x14bf9cc2979b]
[genoahost089:585303] [ 5] /lib64/libc.so.6(+0x388c6)[0x14bf9cc388c6]
[genoahost089:585303] [ 6] /direct/sdcc+u/poare/Grid/build/examples/./Example_spec_kryschur[0x44da1d]
[genoahost089:585303] [ 7] /direct/sdcc+u/poare/Grid/build/examples/./Example_spec_kryschur[0x42f64a]
[genoahost089:585303] [ 8] /direct/sdcc+u/poare/Grid/build/examples/./Example_spec_kryschur[0x412670]
[genoahost089:585303] [ 9] /lib64/libc.so.6(+0x2a610)[0x14bf9cc2a610]
[genoahost089:585303] [10] /lib64/libc.so.6(__libc_start_main+0x80)[0x14bf9cc2a6c0]
[genoahost089:585303] [11] /direct/sdcc+u/poare/Grid/build/examples/./Example_spec_kryschur[0x414705]
[genoahost089:585303] *** End of error message ***
Example_spec_kryschur: /direct/sdcc+u/poare/Grid/Grid/parallelIO/NerscIO.h:79: static int Grid::NerscIO::readHeader(std::string, Grid::GridBase*, Grid::FieldMetaData&): Assertion `line==std::string("BEGIN_HEADER")' failed.
[genoahost095:2400157] [ 0] /lib64/libc.so.6(+0x3fc30)[0x14cbdde3fc30]
[genoahost095:2400157] [ 1] /lib64/libc.so.6(+0x8d02c)[0x14cbdde8d02c]
[genoahost089:585311] *** Process received signal ***
[genoahost095:2400157] [ 2] /lib64/libc.so.6(raise+0x16)[0x14cbdde3fb86]
[genoahost095:2400157] [ 3] /lib64/libc.so.6(abort+0xd3)[0x14cbdde29873]
[genoahost089:585311] Signal: Aborted (6)
[genoahost089:585311] Signal code:  (-6)
[genoahost095:2400157] [ 4] /lib64/libc.so.6(+0x2979b)[0x14cbdde2979b]
[genoahost095:2400157] [ 5] /lib64/libc.so.6(+0x388c6)[0x14cbdde388c6]
[genoahost095:2400157] [ 6] /direct/sdcc+u/poare/Grid/build/examples/./Example_spec_kryschur[0x44da1d]
[genoahost095:2400157] [ 7] /direct/sdcc+u/poare/Grid/build/examples/./Example_spec_kryschur[0x42f64a]
[genoahost095:2400157] [ 8] /direct/sdcc+u/poare/Grid/build/examples/./Example_spec_kryschur[0x412670]
[genoahost095:2400157] [ 9] /lib64/libc.so.6(+0x2a610)[0x14cbdde2a610]
[genoahost095:2400157] [10] /lib64/libc.so.6(__libc_start_main+0x80)[0x14cbdde2a6c0]
[genoahost095:2400157] [11] /direct/sdcc+u/poare/Grid/build/examples/./Example_spec_kryschur[0x414705]
[genoahost095:2400157] *** End of error message ***
[genoahost089:585311] [ 0] /lib64/libc.so.6(+0x3fc30)[0x15246be3fc30]
[genoahost089:585311] [ 1] /lib64/libc.so.6(+0x8d02c)[0x15246be8d02c]
[genoahost089:585311] [ 2] /lib64/libc.so.6(raise+0x16)[0x15246be3fb86]
[genoahost089:585311] [ 3] /lib64/libc.so.6(abort+0xd3)[0x15246be29873]
[genoahost089:585311] [ 4] /lib64/libc.so.6(+0x2979b)[0x15246be2979b]
[genoahost089:585311] [ 5] /lib64/libc.so.6(+0x388c6)[0x15246be388c6]
[genoahost089:585311] [ 6] /direct/sdcc+u/poare/Grid/build/examples/./Example_spec_kryschur[0x44da1d]
[genoahost089:585311] [ 7] /direct/sdcc+u/poare/Grid/build/examples/./Example_spec_kryschur[0x42f64a]
[genoahost089:585311] [ 8] /direct/sdcc+u/poare/Grid/build/examples/./Example_spec_kryschur[0x412670]
Example_spec_kryschur: /direct/sdcc+u/poare/Grid/Grid/parallelIO/NerscIO.h:79: static int Grid::NerscIO::readHeader(std::string, Grid::GridBase*, Grid::FieldMetaData&): Assertion `line==std::string("BEGIN_HEADER")' failed.
[genoahost089:585311] [ 9] /lib64/libc.so.6(+0x2a610)[0x15246be2a610]
[genoahost090:2330729] *** Process received signal ***
[genoahost090:2330729] Signal: Aborted (6)
[genoahost090:2330729] Signal code:  (-6)
[genoahost089:585311] [10] /lib64/libc.so.6(__libc_start_main+0x80)[0x15246be2a6c0]
[genoahost089:585311] [11] /direct/sdcc+u/poare/Grid/build/examples/./Example_spec_kryschur[0x414705]
[genoahost089:585311] *** End of error message ***
[genoahost090:2330729] [ 0] /lib64/libc.so.6(+0x3fc30)[0x14b6db83fc30]
[genoahost090:2330729] [ 1] /lib64/libc.so.6(+0x8d02c)[0x14b6db88d02c]
[genoahost090:2330729] [ 2] /lib64/libc.so.6(raise+0x16)[0x14b6db83fb86]
[genoahost090:2330729] [ 3] /lib64/libc.so.6(abort+0xd3)[0x14b6db829873]
[genoahost090:2330729] [ 4] /lib64/libc.so.6(+0x2979b)[0x14b6db82979b]
[genoahost090:2330729] [ 5] /lib64/libc.so.6(+0x388c6)[0x14b6db8388c6]
[genoahost090:2330729] [ 6] /direct/sdcc+u/poare/Grid/build/examples/./Example_spec_kryschur[0x44da1d]
[genoahost090:2330729] [ 7] /direct/sdcc+u/poare/Grid/build/examples/./Example_spec_kryschur[0x42f64a]
[genoahost090:2330729] [ 8] /direct/sdcc+u/poare/Grid/build/examples/./Example_spec_kryschur[0x412670]
[genoahost090:2330729] [ 9] /lib64/libc.so.6(+0x2a610)[0x14b6db82a610]
[genoahost090:2330729] [10] /lib64/libc.so.6(__libc_start_main+0x80)[0x14b6db82a6c0]
[genoahost090:2330729] [11] /direct/sdcc+u/poare/Grid/build/examples/./Example_spec_kryschur[0x414705]
[genoahost090:2330729] *** End of error message ***
Example_spec_kryschur: /direct/sdcc+u/poare/Grid/Grid/parallelIO/NerscIO.h:79: static int Grid::NerscIO::readHeader(std::string, Grid::GridBase*, Grid::FieldMetaData&): Assertion `line==std::string("BEGIN_HEADER")' failed.
Example_spec_kryschur: /direct/sdcc+u/poare/Grid/Grid/parallelIO/NerscIO.h:79: static int Grid::NerscIO::readHeader(std::string, Grid::GridBase*, Grid::FieldMetaData&): Assertion `line==std::string("BEGIN_HEADER")' failed.
[genoahost090:2330724] *** Process received signal ***
[genoahost090:2330724] Signal: Aborted (6)
[genoahost090:2330724] Signal code:  (-6)
Example_spec_kryschur: /direct/sdcc+u/poare/Grid/Grid/parallelIO/NerscIO.h:79: static int Grid::NerscIO::readHeader(std::string, Grid::GridBase*, Grid::FieldMetaData&): Assertion `line==std::string("BEGIN_HEADER")' failed.
[genoahost089:585302] *** Process received signal ***
[genoahost089:585302] Signal: Aborted (6)
[genoahost089:585302] Signal code:  (-6)
[genoahost090:2330724] [ 0] /lib64/libc.so.6(+0x3fc30)[0x152a8e43fc30]
[genoahost090:2330724] [ 1] /lib64/libc.so.6(+0x8d02c)[0x152a8e48d02c]
[genoahost090:2330724] [ 2] /lib64/libc.so.6(raise+0x16)[0x152a8e43fb86]
[genoahost090:2330724] [ 3] /lib64/libc.so.6(abort+0xd3)[0x152a8e429873]
[genoahost090:2330724] [ 4] /lib64/libc.so.6(+0x2979b)[0x152a8e42979b]
[genoahost090:2330724] [ 5] /lib64/libc.so.6(+0x388c6)[0x152a8e4388c6]
[genoahost090:2330724] [ 6] /direct/sdcc+u/poare/Grid/build/examples/./Example_spec_kryschur[0x44da1d]
[genoahost090:2330724] [ 7] /direct/sdcc+u/poare/Grid/build/examples/./Example_spec_kryschur[0x42f64a]
[genoahost090:2330724] [ 8] /direct/sdcc+u/poare/Grid/build/examples/./Example_spec_kryschur[0x412670]
[genoahost090:2330724] [ 9] /lib64/libc.so.6(+0x2a610)[0x152a8e42a610]
[genoahost090:2330724] [10] /lib64/libc.so.6(__libc_start_main+0x80)[0x152a8e42a6c0]
[genoahost090:2330724] [11] /direct/sdcc+u/poare/Grid/build/examples/./Example_spec_kryschur[0x414705]
[genoahost090:2330724] *** End of error message ***
[genoahost089:585302] [ 0] /lib64/libc.so.6(+0x3fc30)[0x1543e243fc30]
[genoahost089:585302] [ 1] /lib64/libc.so.6(+0x8d02c)[0x1543e248d02c]
[genoahost089:585302] [ 2] /lib64/libc.so.6(raise+0x16)[0x1543e243fb86]
[genoahost089:585302] [ 3] /lib64/libc.so.6(abort+0xd3)[0x1543e2429873]
[genoahost089:585302] [ 4] /lib64/libc.so.6(+0x2979b)[0x1543e242979b]
[genoahost089:585302] [ 5] /lib64/libc.so.6(+0x388c6)[0x1543e24388c6]
[genoahost089:585302] [ 6] /direct/sdcc+u/poare/Grid/build/examples/./Example_spec_kryschur[0x44da1d]
[genoahost089:585302] [ 7] /direct/sdcc+u/poare/Grid/build/examples/./Example_spec_kryschur[0x42f64a]
[genoahost089:585302] [ 8] /direct/sdcc+u/poare/Grid/build/examples/./Example_spec_kryschur[0x412670]
[genoahost089:585302] [ 9] /lib64/libc.so.6(+0x2a610)[0x1543e242a610]
[genoahost089:585302] [10] /lib64/libc.so.6(__libc_start_main+0x80)[0x1543e242a6c0]
[genoahost089:585302] [11] /direct/sdcc+u/poare/Grid/build/examples/./Example_spec_kryschur[0x414705]
[genoahost089:585302] *** End of error message ***
Example_spec_kryschur: /direct/sdcc+u/poare/Grid/Grid/parallelIO/NerscIO.h:79: static int Grid::NerscIO::readHeader(std::string, Grid::GridBase*, Grid::FieldMetaData&): Assertion `line==std::string("BEGIN_HEADER")' failed.
[genoahost095:2400153] *** Process received signal ***
[genoahost095:2400153] Signal: Aborted (6)
[genoahost095:2400153] Signal code:  (-6)
[genoahost095:2400153] [ 0] /lib64/libc.so.6(+0x3fc30)[0x14d16de3fc30]
[genoahost095:2400153] [ 1] /lib64/libc.so.6(+0x8d02c)[0x14d16de8d02c]
[genoahost095:2400153] [ 2] /lib64/libc.so.6(raise+0x16)[0x14d16de3fb86]
[genoahost095:2400153] [ 3] /lib64/libc.so.6(abort+0xd3)[0x14d16de29873]
[genoahost095:2400153] [ 4] /lib64/libc.so.6(+0x2979b)[0x14d16de2979b]
[genoahost095:2400153] [ 5] /lib64/libc.so.6(+0x388c6)[0x14d16de388c6]
[genoahost095:2400153] [ 6] /direct/sdcc+u/poare/Grid/build/examples/./Example_spec_kryschur[0x44da1d]
[genoahost095:2400153] [ 7] /direct/sdcc+u/poare/Grid/build/examples/./Example_spec_kryschur[0x42f64a]
[genoahost095:2400153] [ 8] /direct/sdcc+u/poare/Grid/build/examples/./Example_spec_kryschur[0x412670]
[genoahost095:2400153] [ 9] /lib64/libc.so.6(+0x2a610)[0x14d16de2a610]
[genoahost095:2400153] [10] /lib64/libc.so.6(__libc_start_main+0x80)[0x14d16de2a6c0]
[genoahost095:2400153] [11] /direct/sdcc+u/poare/Grid/build/examples/./Example_spec_kryschur[0x414705]
[genoahost095:2400153] *** End of error message ***
Example_spec_kryschur: /direct/sdcc+u/poare/Grid/Grid/parallelIO/NerscIO.h:79: static int Grid::NerscIO::readHeader(std::string, Grid::GridBase*, Grid::FieldMetaData&): Assertion `line==std::string("BEGIN_HEADER")' failed.
[genoahost095:2400155] *** Process received signal ***
[genoahost095:2400155] Signal: Aborted (6)
[genoahost095:2400155] Signal code:  (-6)
[genoahost095:2400155] [ 0] /lib64/libc.so.6(+0x3fc30)[0x1545b9c3fc30]
[genoahost095:2400155] [ 1] /lib64/libc.so.6(+0x8d02c)[0x1545b9c8d02c]
[genoahost095:2400155] [ 2] /lib64/libc.so.6(raise+0x16)[0x1545b9c3fb86]
[genoahost095:2400155] [ 3] /lib64/libc.so.6(abort+0xd3)[0x1545b9c29873]
[genoahost095:2400155] [ 4] /lib64/libc.so.6(+0x2979b)[0x1545b9c2979b]
[genoahost095:2400155] [ 5] /lib64/libc.so.6(+0x388c6)[0x1545b9c388c6]
[genoahost095:2400155] [ 6] /direct/sdcc+u/poare/Grid/build/examples/./Example_spec_kryschur[0x44da1d]
Example_spec_kryschur: /direct/sdcc+u/poare/Grid/Grid/parallelIO/NerscIO.h:79: static int Grid::NerscIO::readHeader(std::string, Grid::GridBase*, Grid::FieldMetaData&): Assertion `line==std::string("BEGIN_HEADER")' failed.
[genoahost095:2400155] [ 7] /direct/sdcc+u/poare/Grid/build/examples/./Example_spec_kryschur[0x42f64a]
[genoahost095:2400155] [ 8] /direct/sdcc+u/poare/Grid/build/examples/./Example_spec_kryschur[0x412670]
[genoahost090:2330722] *** Process received signal ***
[genoahost095:2400155] [ 9] /lib64/libc.so.6(+0x2a610)[0x1545b9c2a610]
[genoahost090:2330722] Signal: Aborted (6)
[genoahost090:2330722] Signal code:  (-6)
[genoahost095:2400155] [10] /lib64/libc.so.6(__libc_start_main+0x80)[0x1545b9c2a6c0]
[genoahost095:2400155] [11] /direct/sdcc+u/poare/Grid/build/examples/./Example_spec_kryschur[0x414705]
[genoahost095:2400155] *** End of error message ***
[genoahost090:2330722] [ 0] /lib64/libc.so.6(+0x3fc30)[0x149103e3fc30]
[genoahost090:2330722] [ 1] /lib64/libc.so.6(+0x8d02c)[0x149103e8d02c]
[genoahost090:2330722] [ 2] /lib64/libc.so.6(raise+0x16)[0x149103e3fb86]
[genoahost090:2330722] [ 3] /lib64/libc.so.6(abort+0xd3)[0x149103e29873]
[genoahost090:2330722] [ 4] /lib64/libc.so.6(+0x2979b)[0x149103e2979b]
[genoahost090:2330722] [ 5] /lib64/libc.so.6(+0x388c6)[0x149103e388c6]
[genoahost090:2330722] [ 6] /direct/sdcc+u/poare/Grid/build/examples/./Example_spec_kryschur[0x44da1d]
[genoahost090:2330722] [ 7] /direct/sdcc+u/poare/Grid/build/examples/./Example_spec_kryschur[0x42f64a]
[genoahost090:2330722] [ 8] /direct/sdcc+u/poare/Grid/build/examples/./Example_spec_kryschur[0x412670]
[genoahost090:2330722] [ 9] /lib64/libc.so.6(+0x2a610)[0x149103e2a610]
[genoahost090:2330722] [10] /lib64/libc.so.6(__libc_start_main+0x80)[0x149103e2a6c0]
[genoahost090:2330722] [11] /direct/sdcc+u/poare/Grid/build/examples/./Example_spec_kryschur[0x414705]
[genoahost090:2330722] *** End of error message ***
Example_spec_kryschur: /direct/sdcc+u/poare/Grid/Grid/parallelIO/NerscIO.h:79: static int Grid::NerscIO::readHeader(std::string, Grid::GridBase*, Grid::FieldMetaData&): Assertion `line==std::string("BEGIN_HEADER")' failed.
[genoahost090:2330725] *** Process received signal ***
[genoahost090:2330725] Signal: Aborted (6)
[genoahost090:2330725] Signal code:  (-6)
Example_spec_kryschur: /direct/sdcc+u/poare/Grid/Grid/parallelIO/NerscIO.h:79: static int Grid::NerscIO::readHeader(std::string, Grid::GridBase*, Grid::FieldMetaData&): Assertion `line==std::string("BEGIN_HEADER")' failed.
[genoahost089:585308] *** Process received signal ***
[genoahost089:585308] Signal: Aborted (6)
[genoahost089:585308] Signal code:  (-6)
[genoahost090:2330725] [ 0] /lib64/libc.so.6(+0x3fc30)[0x14d9e863fc30]
[genoahost090:2330725] [ 1] /lib64/libc.so.6(+0x8d02c)[0x14d9e868d02c]
[genoahost090:2330725] [ 2] /lib64/libc.so.6(raise+0x16)[0x14d9e863fb86]
[genoahost090:2330725] [ 3] /lib64/libc.so.6(abort+0xd3)[0x14d9e8629873]
[genoahost090:2330725] [ 4] /lib64/libc.so.6(+0x2979b)[0x14d9e862979b]
[genoahost090:2330725] [ 5] /lib64/libc.so.6(+0x388c6)[0x14d9e86388c6]
[genoahost090:2330725] [ 6] /direct/sdcc+u/poare/Grid/build/examples/./Example_spec_kryschur[0x44da1d]
[genoahost090:2330725] [ 7] /direct/sdcc+u/poare/Grid/build/examples/./Example_spec_kryschur[0x42f64a]
[genoahost090:2330725] [ 8] /direct/sdcc+u/poare/Grid/build/examples/./Example_spec_kryschur[0x412670]
[genoahost090:2330725] [ 9] /lib64/libc.so.6(+0x2a610)[0x14d9e862a610]
[genoahost090:2330725] [10] /lib64/libc.so.6(__libc_start_main+0x80)[0x14d9e862a6c0]
[genoahost090:2330725] [11] /direct/sdcc+u/poare/Grid/build/examples/./Example_spec_kryschur[0x414705]
[genoahost090:2330725] *** End of error message ***
[genoahost089:585308] [ 0] /lib64/libc.so.6(+0x3fc30)[0x14d5a623fc30]
[genoahost089:585308] [ 1] /lib64/libc.so.6(+0x8d02c)[0x14d5a628d02c]
[genoahost089:585308] [ 2] /lib64/libc.so.6(raise+0x16)[0x14d5a623fb86]
[genoahost089:585308] [ 3] /lib64/libc.so.6(abort+0xd3)[0x14d5a6229873]
[genoahost089:585308] [ 4] /lib64/libc.so.6(+0x2979b)[0x14d5a622979b]
[genoahost089:585308] [ 5] /lib64/libc.so.6(+0x388c6)[0x14d5a62388c6]
[genoahost089:585308] [ 6] /direct/sdcc+u/poare/Grid/build/examples/./Example_spec_kryschur[0x44da1d]
[genoahost089:585308] [ 7] /direct/sdcc+u/poare/Grid/build/examples/./Example_spec_kryschur[0x42f64a]
[genoahost089:585308] [ 8] /direct/sdcc+u/poare/Grid/build/examples/./Example_spec_kryschur[0x412670]
[genoahost089:585308] [ 9] /lib64/libc.so.6(+0x2a610)[0x14d5a622a610]
[genoahost089:585308] [10] /lib64/libc.so.6(__libc_start_main+0x80)[0x14d5a622a6c0]
[genoahost089:585308] [11] /direct/sdcc+u/poare/Grid/build/examples/./Example_spec_kryschur[0x414705]
[genoahost089:585308] *** End of error message ***
Example_spec_kryschur: /direct/sdcc+u/poare/Grid/Grid/parallelIO/NerscIO.h:79: static int Grid::NerscIO::readHeader(std::string, Grid::GridBase*, Grid::FieldMetaData&): Assertion `line==std::string("BEGIN_HEADER")' failed.
[genoahost090:2330727] *** Process received signal ***
[genoahost090:2330727] Signal: Aborted (6)
[genoahost090:2330727] Signal code:  (-6)
Example_spec_kryschur: /direct/sdcc+u/poare/Grid/Grid/parallelIO/NerscIO.h:79: static int Grid::NerscIO::readHeader(std::string, Grid::GridBase*, Grid::FieldMetaData&): Assertion `line==std::string("BEGIN_HEADER")' failed.
[genoahost090:2330727] [ 0] /lib64/libc.so.6(+0x3fc30)[0x14614363fc30]
[genoahost090:2330727] [ 1] /lib64/libc.so.6(+0x8d02c)[0x14614368d02c]
[genoahost090:2330727] [ 2] /lib64/libc.so.6(raise+0x16)[0x14614363fb86]
[genoahost090:2330727] [ 3] /lib64/libc.so.6(abort+0xd3)[0x146143629873]
[genoahost090:2330727] [ 4] /lib64/libc.so.6(+0x2979b)[0x14614362979b]
[genoahost090:2330727] [ 5] /lib64/libc.so.6(+0x388c6)[0x1461436388c6]
[genoahost090:2330727] [ 6] /direct/sdcc+u/poare/Grid/build/examples/./Example_spec_kryschur[0x44da1d]
[genoahost090:2330727] [ 7] /direct/sdcc+u/poare/Grid/build/examples/./Example_spec_kryschur[0x42f64a]
[genoahost090:2330727] [ 8] /direct/sdcc+u/poare/Grid/build/examples/./Example_spec_kryschur[0x412670]
[genoahost090:2330727] [ 9] /lib64/libc.so.6(+0x2a610)[0x14614362a610]
[genoahost090:2330727] [10] /lib64/libc.so.6(__libc_start_main+0x80)[0x14614362a6c0]
[genoahost090:2330727] [11] /direct/sdcc+u/poare/Grid/build/examples/./Example_spec_kryschur[0x414705]
[genoahost090:2330727] *** End of error message ***
Example_spec_kryschur: /direct/sdcc+u/poare/Grid/Grid/parallelIO/NerscIO.h:79: static int Grid::NerscIO::readHeader(std::string, Grid::GridBase*, Grid::FieldMetaData&): Assertion `line==std::string("BEGIN_HEADER")' failed.
[genoahost090:2330730] *** Process received signal ***
[genoahost090:2330730] Signal: Aborted (6)
[genoahost090:2330730] Signal code:  (-6)
[genoahost090:2330730] [ 0] /lib64/libc.so.6(+0x3fc30)[0x150fc9a3fc30]
[genoahost090:2330730] [ 1] /lib64/libc.so.6(+0x8d02c)[0x150fc9a8d02c]
[genoahost090:2330730] [ 2] /lib64/libc.so.6(raise+0x16)[0x150fc9a3fb86]
[genoahost090:2330730] [ 3] /lib64/libc.so.6(abort+0xd3)[0x150fc9a29873]
[genoahost090:2330730] [ 4] /lib64/libc.so.6(+0x2979b)[0x150fc9a2979b]
[genoahost090:2330730] [ 5] /lib64/libc.so.6(+0x388c6)[0x150fc9a388c6]
[genoahost090:2330730] [ 6] /direct/sdcc+u/poare/Grid/build/examples/./Example_spec_kryschur[0x44da1d]
[genoahost090:2330730] [ 7] /direct/sdcc+u/poare/Grid/build/examples/./Example_spec_kryschur[0x42f64a]
[genoahost090:2330730] [ 8] /direct/sdcc+u/poare/Grid/build/examples/./Example_spec_kryschur[0x412670]
[genoahost090:2330730] [ 9] /lib64/libc.so.6(+0x2a610)[0x150fc9a2a610]
[genoahost090:2330730] [10] /lib64/libc.so.6(__libc_start_main+0x80)[0x150fc9a2a6c0]
[genoahost090:2330730] [11] /direct/sdcc+u/poare/Grid/build/examples/./Example_spec_kryschur[0x414705]
[genoahost090:2330730] *** End of error message ***
Example_spec_kryschur: /direct/sdcc+u/poare/Grid/Grid/parallelIO/NerscIO.h:79: static int Grid::NerscIO::readHeader(std::string, Grid::GridBase*, Grid::FieldMetaData&): Assertion `line==std::string("BEGIN_HEADER")' failed.
[genoahost094:2387373] *** Process received signal ***
[genoahost094:2387373] Signal: Aborted (6)
[genoahost094:2387373] Signal code:  (-6)
Example_spec_kryschur: /direct/sdcc+u/poare/Grid/Grid/parallelIO/NerscIO.h:79: static int Grid::NerscIO::readHeader(std::string, Grid::GridBase*, Grid::FieldMetaData&): Assertion `line==std::string("BEGIN_HEADER")' failed.
[genoahost090:2330726] *** Process received signal ***
[genoahost090:2330726] Signal: Aborted (6)
[genoahost090:2330726] Signal code:  (-6)
Example_spec_kryschur: /direct/sdcc+u/poare/Grid/Grid/parallelIO/NerscIO.h:79: static int Grid::NerscIO::readHeader(std::string, Grid::GridBase*, Grid::FieldMetaData&): Assertion `line==std::string("BEGIN_HEADER")' failed.
[genoahost089:585307] *** Process received signal ***
[genoahost089:585307] Signal: Aborted (6)
[genoahost089:585307] Signal code:  (-6)
[genoahost094:2387373] [ 0] /lib64/libc.so.6(+0x3fc30)[0x14e02a03fc30]
[genoahost094:2387373] [ 1] /lib64/libc.so.6(+0x8d02c)[0x14e02a08d02c]
[genoahost094:2387373] [ 2] /lib64/libc.so.6(raise+0x16)[0x14e02a03fb86]
[genoahost094:2387373] [ 3] /lib64/libc.so.6(abort+0xd3)[0x14e02a029873]
[genoahost094:2387373] [ 4] /lib64/libc.so.6(+0x2979b)[0x14e02a02979b]
[genoahost094:2387373] [ 5] /lib64/libc.so.6(+0x388c6)[0x14e02a0388c6]
[genoahost094:2387373] [ 6] /direct/sdcc+u/poare/Grid/build/examples/./Example_spec_kryschur[0x44da1d]
[genoahost094:2387373] [ 7] /direct/sdcc+u/poare/Grid/build/examples/./Example_spec_kryschur[0x42f64a]
[genoahost094:2387373] [ 8] /direct/sdcc+u/poare/Grid/build/examples/./Example_spec_kryschur[0x412670]
[genoahost094:2387373] [ 9] /lib64/libc.so.6(+0x2a610)[0x14e02a02a610]
[genoahost094:2387373] [10] /lib64/libc.so.6(__libc_start_main+0x80)[0x14e02a02a6c0]
[genoahost094:2387373] [11] /direct/sdcc+u/poare/Grid/build/examples/./Example_spec_kryschur[0x414705]
[genoahost094:2387373] *** End of error message ***
[genoahost090:2330726] [ 0] /lib64/libc.so.6(+0x3fc30)[0x1456ac43fc30]
[genoahost090:2330726] [ 1] /lib64/libc.so.6(+0x8d02c)[0x1456ac48d02c]
[genoahost090:2330726] [ 2] /lib64/libc.so.6(raise+0x16)[0x1456ac43fb86]
[genoahost090:2330726] [ 3] /lib64/libc.so.6(abort+0xd3)[0x1456ac429873]
[genoahost090:2330726] [ 4] /lib64/libc.so.6(+0x2979b)[0x1456ac42979b]
[genoahost089:585307] [ 0] /lib64/libc.so.6(+0x3fc30)[0x147db543fc30]
[genoahost090:2330726] [ 5] /lib64/libc.so.6(+0x388c6)[0x1456ac4388c6]
[genoahost090:2330726] [ 6] /direct/sdcc+u/poare/Grid/build/examples/./Example_spec_kryschur[0x44da1d]
[genoahost090:2330726] [ 7] /direct/sdcc+u/poare/Grid/build/examples/./Example_spec_kryschur[0x42f64a]
[genoahost089:585307] [ 1] /lib64/libc.so.6(+0x8d02c)[0x147db548d02c]
[genoahost089:585307] [ 2] /lib64/libc.so.6(raise+0x16)[0x147db543fb86]
[genoahost090:2330726] [ 8] /direct/sdcc+u/poare/Grid/build/examples/./Example_spec_kryschur[0x412670]
[genoahost090:2330726] [ 9] /lib64/libc.so.6(+0x2a610)[0x1456ac42a610]
[genoahost090:2330726] [10] /lib64/libc.so.6(__libc_start_main+0x80)[0x1456ac42a6c0]
[genoahost089:585307] [ 3] /lib64/libc.so.6(abort+0xd3)[0x147db5429873]
[genoahost090:2330726] [11] /direct/sdcc+u/poare/Grid/build/examples/./Example_spec_kryschur[0x414705]
[genoahost090:2330726] *** End of error message ***
[genoahost089:585307] [ 4] /lib64/libc.so.6(+0x2979b)[0x147db542979b]
[genoahost089:585307] [ 5] /lib64/libc.so.6(+0x388c6)[0x147db54388c6]
[genoahost089:585307] [ 6] /direct/sdcc+u/poare/Grid/build/examples/./Example_spec_kryschur[0x44da1d]
[genoahost089:585307] [ 7] /direct/sdcc+u/poare/Grid/build/examples/./Example_spec_kryschur[0x42f64a]
[genoahost089:585307] [ 8] /direct/sdcc+u/poare/Grid/build/examples/./Example_spec_kryschur[0x412670]
[genoahost089:585307] [ 9] /lib64/libc.so.6(+0x2a610)[0x147db542a610]
[genoahost089:585307] [10] /lib64/libc.so.6(__libc_start_main+0x80)[0x147db542a6c0]
[genoahost089:585307] [11] /direct/sdcc+u/poare/Grid/build/examples/./Example_spec_kryschur[0x414705]
[genoahost089:585307] *** End of error message ***
Example_spec_kryschur: /direct/sdcc+u/poare/Grid/Grid/parallelIO/NerscIO.h:79: static int Grid::NerscIO::readHeader(std::string, Grid::GridBase*, Grid::FieldMetaData&): Assertion `line==std::string("BEGIN_HEADER")' failed.
[genoahost089:585306] *** Process received signal ***
[genoahost089:585306] Signal: Aborted (6)
[genoahost089:585306] Signal code:  (-6)
[genoahost089:585306] [ 0] /lib64/libc.so.6(+0x3fc30)[0x151a5f23fc30]
[genoahost089:585306] [ 1] /lib64/libc.so.6(+0x8d02c)[0x151a5f28d02c]
[genoahost089:585306] [ 2] /lib64/libc.so.6(raise+0x16)[0x151a5f23fb86]
[genoahost089:585306] [ 3] /lib64/libc.so.6(abort+0xd3)[0x151a5f229873]
[genoahost089:585306] [ 4] /lib64/libc.so.6(+0x2979b)[0x151a5f22979b]
[genoahost089:585306] [ 5] /lib64/libc.so.6(+0x388c6)[0x151a5f2388c6]
[genoahost089:585306] [ 6] /direct/sdcc+u/poare/Grid/build/examples/./Example_spec_kryschur[0x44da1d]
[genoahost089:585306] [ 7] /direct/sdcc+u/poare/Grid/build/examples/./Example_spec_kryschur[0x42f64a]
[genoahost089:585306] [ 8] /direct/sdcc+u/poare/Grid/build/examples/./Example_spec_kryschur[0x412670]
[genoahost089:585306] [ 9] /lib64/libc.so.6(+0x2a610)[0x151a5f22a610]
[genoahost089:585306] [10] /lib64/libc.so.6(__libc_start_main+0x80)[0x151a5f22a6c0]
[genoahost089:585306] [11] /direct/sdcc+u/poare/Grid/build/examples/./Example_spec_kryschur[0x414705]
[genoahost089:585306] *** End of error message ***
Example_spec_kryschur: /direct/sdcc+u/poare/Grid/Grid/parallelIO/NerscIO.h:79: static int Grid::NerscIO::readHeader(std::string, Grid::GridBase*, Grid::FieldMetaData&): Assertion `line==std::string("BEGIN_HEADER")' failed.
[genoahost089:585305] *** Process received signal ***
[genoahost089:585305] Signal: Aborted (6)
[genoahost089:585305] Signal code:  (-6)
[genoahost089:585305] [ 0] /lib64/libc.so.6(+0x3fc30)[0x15343f63fc30]
[genoahost089:585305] [ 1] /lib64/libc.so.6(+0x8d02c)[0x15343f68d02c]
[genoahost089:585305] [ 2] /lib64/libc.so.6(raise+0x16)[0x15343f63fb86]
[genoahost089:585305] [ 3] /lib64/libc.so.6(abort+0xd3)[0x15343f629873]
[genoahost089:585305] [ 4] /lib64/libc.so.6(+0x2979b)[0x15343f62979b]
[genoahost089:585305] [ 5] /lib64/libc.so.6(+0x388c6)[0x15343f6388c6]
[genoahost089:585305] [ 6] /direct/sdcc+u/poare/Grid/build/examples/./Example_spec_kryschur[0x44da1d]
[genoahost089:585305] [ 7] /direct/sdcc+u/poare/Grid/build/examples/./Example_spec_kryschur[0x42f64a]
[genoahost089:585305] [ 8] /direct/sdcc+u/poare/Grid/build/examples/./Example_spec_kryschur[0x412670]
[genoahost089:585305] [ 9] /lib64/libc.so.6(+0x2a610)[0x15343f62a610]
[genoahost089:585305] [10] /lib64/libc.so.6(__libc_start_main+0x80)[0x15343f62a6c0]
[genoahost089:585305] [11] /direct/sdcc+u/poare/Grid/build/examples/./Example_spec_kryschur[0x414705]
[genoahost089:585305] *** End of error message ***
Example_spec_kryschur: /direct/sdcc+u/poare/Grid/Grid/parallelIO/NerscIO.h:79: static int Grid::NerscIO::readHeader(std::string, Grid::GridBase*, Grid::FieldMetaData&): Assertion `line==std::string("BEGIN_HEADER")' failed.
[genoahost092:2290643] *** Process received signal ***
[genoahost092:2290643] Signal: Aborted (6)
[genoahost092:2290643] Signal code:  (-6)
Example_spec_kryschur: /direct/sdcc+u/poare/Grid/Grid/parallelIO/NerscIO.h:79: static int Grid::NerscIO::readHeader(std::string, Grid::GridBase*, Grid::FieldMetaData&): Assertion `line==std::string("BEGIN_HEADER")' failed.
[genoahost089:585313] *** Process received signal ***
[genoahost089:585313] Signal: Aborted (6)
[genoahost089:585313] Signal code:  (-6)
[genoahost092:2290643] [ 0] /lib64/libc.so.6(+0x3fc30)[0x14618923fc30]
[genoahost092:2290643] [ 1] /lib64/libc.so.6(+0x8d02c)[0x14618928d02c]
[genoahost092:2290643] [ 2] /lib64/libc.so.6(raise+0x16)[0x14618923fb86]
[genoahost089:585313] [ 0] /lib64/libc.so.6(+0x3fc30)[0x149cc123fc30]
[genoahost092:2290643] [ 3] /lib64/libc.so.6(abort+0xd3)[0x146189229873]
[genoahost089:585313] [ 1] /lib64/libc.so.6(+0x8d02c)[0x149cc128d02c]
[genoahost092:2290643] [ 4] /lib64/libc.so.6(+0x2979b)[0x14618922979b]
[genoahost089:585313] [ 2] /lib64/libc.so.6(raise+0x16)[0x149cc123fb86]
[genoahost092:2290643] [ 5] /lib64/libc.so.6(+0x388c6)[0x1461892388c6]
[genoahost092:2290643] [ 6] /direct/sdcc+u/poare/Grid/build/examples/./Example_spec_kryschur[0x44da1d]
[genoahost089:585313] [ 3] /lib64/libc.so.6(abort+0xd3)[0x149cc1229873]
[genoahost092:2290643] [ 7] /direct/sdcc+u/poare/Grid/build/examples/./Example_spec_kryschur[0x42f64a]
[genoahost092:2290643] [ 8] /direct/sdcc+u/poare/Grid/build/examples/./Example_spec_kryschur[0x412670]
[genoahost089:585313] [ 4] /lib64/libc.so.6(+0x2979b)[0x149cc122979b]
[genoahost089:585313] [ 5] /lib64/libc.so.6(+0x388c6)[0x149cc12388c6]
[genoahost092:2290643] [ 9] /lib64/libc.so.6(+0x2a610)[0x14618922a610]
[genoahost092:2290643] [10] /lib64/libc.so.6(__libc_start_main+0x80)[0x14618922a6c0]
[genoahost089:585313] [ 6] /direct/sdcc+u/poare/Grid/build/examples/./Example_spec_kryschur[0x44da1d]
[genoahost089:585313] [ 7] /direct/sdcc+u/poare/Grid/build/examples/./Example_spec_kryschur[0x42f64a]
[genoahost089:585313] [ 8] /direct/sdcc+u/poare/Grid/build/examples/./Example_spec_kryschur[0x412670]
[genoahost092:2290643] [11] /direct/sdcc+u/poare/Grid/build/examples/./Example_spec_kryschur[0x414705]
[genoahost092:2290643] *** End of error message ***
[genoahost089:585313] [ 9] /lib64/libc.so.6(+0x2a610)[0x149cc122a610]
[genoahost089:585313] [10] /lib64/libc.so.6(__libc_start_main+0x80)[0x149cc122a6c0]
[genoahost089:585313] [11] /direct/sdcc+u/poare/Grid/build/examples/./Example_spec_kryschur[0x414705]
[genoahost089:585313] *** End of error message ***
Example_spec_kryschur: /direct/sdcc+u/poare/Grid/Grid/parallelIO/NerscIO.h:79: static int Grid::NerscIO::readHeader(std::string, Grid::GridBase*, Grid::FieldMetaData&): Assertion `line==std::string("BEGIN_HEADER")' failed.
[genoahost089:585304] *** Process received signal ***
[genoahost089:585304] Signal: Aborted (6)
[genoahost089:585304] Signal code:  (-6)
[genoahost089:585304] [ 0] /lib64/libc.so.6(+0x3fc30)[0x14766f43fc30]
[genoahost089:585304] [ 1] /lib64/libc.so.6(+0x8d02c)[0x14766f48d02c]
[genoahost089:585304] [ 2] /lib64/libc.so.6(raise+0x16)[0x14766f43fb86]
[genoahost089:585304] [ 3] /lib64/libc.so.6(abort+0xd3)[0x14766f429873]
[genoahost089:585304] [ 4] /lib64/libc.so.6(+0x2979b)[0x14766f42979b]
[genoahost089:585304] [ 5] /lib64/libc.so.6(+0x388c6)[0x14766f4388c6]
[genoahost089:585304] [ 6] /direct/sdcc+u/poare/Grid/build/examples/./Example_spec_kryschur[0x44da1d]
[genoahost089:585304] [ 7] /direct/sdcc+u/poare/Grid/build/examples/./Example_spec_kryschur[0x42f64a]
[genoahost089:585304] [ 8] /direct/sdcc+u/poare/Grid/build/examples/./Example_spec_kryschur[0x412670]
[genoahost089:585304] [ 9] /lib64/libc.so.6(+0x2a610)[0x14766f42a610]
[genoahost089:585304] [10] /lib64/libc.so.6(__libc_start_main+0x80)[0x14766f42a6c0]
[genoahost089:585304] [11] /direct/sdcc+u/poare/Grid/build/examples/./Example_spec_kryschur[0x414705]
[genoahost089:585304] *** End of error message ***
Example_spec_kryschur: /direct/sdcc+u/poare/Grid/Grid/parallelIO/NerscIO.h:79: static int Grid::NerscIO::readHeader(std::string, Grid::GridBase*, Grid::FieldMetaData&): Assertion `line==std::string("BEGIN_HEADER")' failed.
[genoahost094:2387377] *** Process received signal ***
[genoahost094:2387377] Signal: Aborted (6)
[genoahost094:2387377] Signal code:  (-6)
Example_spec_kryschur: /direct/sdcc+u/poare/Grid/Grid/parallelIO/NerscIO.h:79: static int Grid::NerscIO::readHeader(std::string, Grid::GridBase*, Grid::FieldMetaData&): Assertion `line==std::string("BEGIN_HEADER")' failed.
[genoahost089:585309] *** Process received signal ***
[genoahost089:585309] Signal: Aborted (6)
[genoahost089:585309] Signal code:  (-6)
[genoahost094:2387377] [ 0] /lib64/libc.so.6(+0x3fc30)[0x14e60fc3fc30]
[genoahost094:2387377] [ 1] /lib64/libc.so.6(+0x8d02c)[0x14e60fc8d02c]
[genoahost094:2387377] [ 2] /lib64/libc.so.6(raise+0x16)[0x14e60fc3fb86]
[genoahost094:2387377] [ 3] /lib64/libc.so.6(abort+0xd3)[0x14e60fc29873]
[genoahost094:2387377] [ 4] /lib64/libc.so.6(+0x2979b)[0x14e60fc2979b]
[genoahost094:2387377] [ 5] /lib64/libc.so.6(+0x388c6)[0x14e60fc388c6]
[genoahost094:2387377] [ 6] /direct/sdcc+u/poare/Grid/build/examples/./Example_spec_kryschur[0x44da1d]
[genoahost094:2387377] [ 7] /direct/sdcc+u/poare/Grid/build/examples/./Example_spec_kryschur[0x42f64a]
[genoahost094:2387377] [ 8] /direct/sdcc+u/poare/Grid/build/examples/./Example_spec_kryschur[0x412670]
[genoahost094:2387377] [ 9] /lib64/libc.so.6(+0x2a610)[0x14e60fc2a610]
[genoahost094:2387377] [10] /lib64/libc.so.6(__libc_start_main+0x80)[0x14e60fc2a6c0]
[genoahost094:2387377] [11] /direct/sdcc+u/poare/Grid/build/examples/./Example_spec_kryschur[0x414705]
[genoahost094:2387377] *** End of error message ***
[genoahost089:585309] [ 0] /lib64/libc.so.6(+0x3fc30)[0x14afb8e3fc30]
[genoahost089:585309] [ 1] /lib64/libc.so.6(+0x8d02c)[0x14afb8e8d02c]
[genoahost089:585309] [ 2] /lib64/libc.so.6(raise+0x16)[0x14afb8e3fb86]
[genoahost089:585309] [ 3] /lib64/libc.so.6(abort+0xd3)[0x14afb8e29873]
[genoahost089:585309] [ 4] /lib64/libc.so.6(+0x2979b)[0x14afb8e2979b]
[genoahost089:585309] [ 5] /lib64/libc.so.6(+0x388c6)[0x14afb8e388c6]
[genoahost089:585309] [ 6] /direct/sdcc+u/poare/Grid/build/examples/./Example_spec_kryschur[0x44da1d]
[genoahost089:585309] [ 7] /direct/sdcc+u/poare/Grid/build/examples/./Example_spec_kryschur[0x42f64a]
[genoahost089:585309] [ 8] /direct/sdcc+u/poare/Grid/build/examples/./Example_spec_kryschur[0x412670]
[genoahost089:585309] [ 9] /lib64/libc.so.6(+0x2a610)[0x14afb8e2a610]
[genoahost089:585309] [10] /lib64/libc.so.6(__libc_start_main+0x80)[0x14afb8e2a6c0]
[genoahost089:585309] [11] /direct/sdcc+u/poare/Grid/build/examples/./Example_spec_kryschur[0x414705]
[genoahost089:585309] *** End of error message ***
Example_spec_kryschur: /direct/sdcc+u/poare/Grid/Grid/parallelIO/NerscIO.h:79: static int Grid::NerscIO::readHeader(std::string, Grid::GridBase*, Grid::FieldMetaData&): Assertion `line==std::string("BEGIN_HEADER")' failed.
[genoahost092:2290632] *** Process received signal ***
[genoahost092:2290632] Signal: Aborted (6)
[genoahost092:2290632] Signal code:  (-6)
[genoahost092:2290632] [ 0] /lib64/libc.so.6(+0x3fc30)[0x1492fac3fc30]
[genoahost092:2290632] [ 1] /lib64/libc.so.6(+0x8d02c)[0x1492fac8d02c]
[genoahost092:2290632] [ 2] /lib64/libc.so.6(raise+0x16)[0x1492fac3fb86]
[genoahost092:2290632] [ 3] /lib64/libc.so.6(abort+0xd3)[0x1492fac29873]
[genoahost092:2290632] [ 4] /lib64/libc.so.6(+0x2979b)[0x1492fac2979b]
[genoahost092:2290632] [ 5] /lib64/libc.so.6(+0x388c6)[0x1492fac388c6]
[genoahost092:2290632] [ 6] /direct/sdcc+u/poare/Grid/build/examples/./Example_spec_kryschur[0x44da1d]
[genoahost092:2290632] [ 7] /direct/sdcc+u/poare/Grid/build/examples/./Example_spec_kryschur[0x42f64a]
[genoahost092:2290632] [ 8] /direct/sdcc+u/poare/Grid/build/examples/./Example_spec_kryschur[0x412670]
[genoahost092:2290632] [ 9] /lib64/libc.so.6(+0x2a610)[0x1492fac2a610]
[genoahost092:2290632] [10] /lib64/libc.so.6(__libc_start_main+0x80)[0x1492fac2a6c0]
[genoahost092:2290632] [11] /direct/sdcc+u/poare/Grid/build/examples/./Example_spec_kryschur[0x414705]
[genoahost092:2290632] *** End of error message ***
[genoahost092:2290629] *** Process received signal ***
[genoahost092:2290629] Signal: Aborted (6)
[genoahost092:2290629] Signal code:  (-6)
Example_spec_kryschur: /direct/sdcc+u/poare/Grid/Grid/parallelIO/NerscIO.h:79: static int Grid::NerscIO::readHeader(std::string, Grid::GridBase*, Grid::FieldMetaData&): Assertion `line==std::string("BEGIN_HEADER")' failed.
[genoahost094:2387370] *** Process received signal ***
[genoahost094:2387370] Signal: Aborted (6)
[genoahost094:2387370] Signal code:  (-6)
[genoahost094:2387370] [ 0] /lib64/libc.so.6(+0x3fc30)[0x1504eb43fc30]
[genoahost092:2290629] [ 0] /lib64/libc.so.6(+0x3fc30)[0x149886c3fc30]
[genoahost094:2387370] [ 1] /lib64/libc.so.6(+0x8d02c)[0x1504eb48d02c]
[genoahost094:2387370] [ 2] /lib64/libc.so.6(raise+0x16)[0x1504eb43fb86]
[genoahost094:2387370] [ 3] /lib64/libc.so.6(abort+0xd3)[0x1504eb429873]
[genoahost092:2290629] [ 1] /lib64/libc.so.6(+0x8d02c)[0x149886c8d02c]
[genoahost094:2387370] [ 4] /lib64/libc.so.6(+0x2979b)[0x1504eb42979b]
[genoahost094:2387370] [ 5] /lib64/libc.so.6(+0x388c6)[0x1504eb4388c6]
[genoahost094:2387370] [ 6] /direct/sdcc+u/poare/Grid/build/examples/./Example_spec_kryschur[0x44da1d]
[genoahost094:2387370] [ 7] /direct/sdcc+u/poare/Grid/build/examples/./Example_spec_kryschur[0x42f64a]
[genoahost092:2290629] [ 2] /lib64/libc.so.6(raise+0x16)[0x149886c3fb86]
[genoahost094:2387370] [ 8] /direct/sdcc+u/poare/Grid/build/examples/./Example_spec_kryschur[0x412670]
[genoahost092:2290629] [ 3] /lib64/libc.so.6(abort+0xd3)[0x149886c29873]
[genoahost094:2387370] [ 9] /lib64/libc.so.6(+0x2a610)[0x1504eb42a610]
[genoahost094:2387370] [10] /lib64/libc.so.6(__libc_start_main+0x80)[0x1504eb42a6c0]
[genoahost092:2290629] [ 4] /lib64/libc.so.6(+0x2979b)[0x149886c2979b]
[genoahost092:2290629] [ 5] /lib64/libc.so.6(+0x388c6)[0x149886c388c6]
[genoahost092:2290629] [ 6] /direct/sdcc+u/poare/Grid/build/examples/./Example_spec_kryschur[0x44da1d]
[genoahost094:2387370] [11] /direct/sdcc+u/poare/Grid/build/examples/./Example_spec_kryschur[0x414705]
[genoahost094:2387370] *** End of error message ***
[genoahost092:2290629] [ 7] /direct/sdcc+u/poare/Grid/build/examples/./Example_spec_kryschur[0x42f64a]
[genoahost092:2290629] [ 8] /direct/sdcc+u/poare/Grid/build/examples/./Example_spec_kryschur[0x412670]
[genoahost092:2290629] [ 9] /lib64/libc.so.6(+0x2a610)[0x149886c2a610]
[genoahost092:2290629] [10] /lib64/libc.so.6(__libc_start_main+0x80)[0x149886c2a6c0]
[genoahost092:2290629] [11] /direct/sdcc+u/poare/Grid/build/examples/./Example_spec_kryschur[0x414705]
[genoahost092:2290629] *** End of error message ***
[genoahost092:2290641] *** Process received signal ***
[genoahost092:2290641] Signal: Aborted (6)
[genoahost092:2290641] Signal code:  (-6)
[genoahost092:2290641] [ 0] /lib64/libc.so.6(+0x3fc30)[0x147db5e3fc30]
[genoahost092:2290641] [ 1] /lib64/libc.so.6(+0x8d02c)[0x147db5e8d02c]
[genoahost092:2290641] [ 2] /lib64/libc.so.6(raise+0x16)[0x147db5e3fb86]
[genoahost092:2290641] [ 3] /lib64/libc.so.6(abort+0xd3)[0x147db5e29873]
[genoahost092:2290641] [ 4] /lib64/libc.so.6(+0x2979b)[0x147db5e2979b]
[genoahost092:2290641] [ 5] /lib64/libc.so.6(+0x388c6)[0x147db5e388c6]
[genoahost092:2290641] [ 6] /direct/sdcc+u/poare/Grid/build/examples/./Example_spec_kryschur[0x44da1d]
[genoahost092:2290641] [ 7] /direct/sdcc+u/poare/Grid/build/examples/./Example_spec_kryschur[0x42f64a]
[genoahost092:2290641] [ 8] /direct/sdcc+u/poare/Grid/build/examples/./Example_spec_kryschur[0x412670]
[genoahost092:2290641] [ 9] /lib64/libc.so.6(+0x2a610)[0x147db5e2a610]
[genoahost092:2290641] [10] /lib64/libc.so.6(__libc_start_main+0x80)[0x147db5e2a6c0]
[genoahost092:2290641] [11] /direct/sdcc+u/poare/Grid/build/examples/./Example_spec_kryschur[0x414705]
[genoahost092:2290641] *** End of error message ***
Example_spec_kryschur: /direct/sdcc+u/poare/Grid/Grid/parallelIO/NerscIO.h:79: static int Grid::NerscIO::readHeader(std::string, Grid::GridBase*, Grid::FieldMetaData&): Assertion `line==std::string("BEGIN_HEADER")' failed.
[genoahost092:2290642] *** Process received signal ***
[genoahost092:2290642] Signal: Aborted (6)
[genoahost092:2290642] Signal code:  (-6)
[genoahost092:2290642] [ 0] /lib64/libc.so.6(+0x3fc30)[0x150cdc43fc30]
[genoahost092:2290642] [ 1] /lib64/libc.so.6(+0x8d02c)[0x150cdc48d02c]
[genoahost092:2290642] [ 2] /lib64/libc.so.6(raise+0x16)[0x150cdc43fb86]
[genoahost092:2290642] [ 3] /lib64/libc.so.6(abort+0xd3)[0x150cdc429873]
[genoahost092:2290642] [ 4] /lib64/libc.so.6(+0x2979b)[0x150cdc42979b]
[genoahost092:2290642] [ 5] /lib64/libc.so.6(+0x388c6)[0x150cdc4388c6]
[genoahost092:2290642] [ 6] /direct/sdcc+u/poare/Grid/build/examples/./Example_spec_kryschur[0x44da1d]
[genoahost092:2290642] [ 7] /direct/sdcc+u/poare/Grid/build/examples/./Example_spec_kryschur[0x42f64a]
[genoahost092:2290642] [ 8] /direct/sdcc+u/poare/Grid/build/examples/./Example_spec_kryschur[0x412670]
[genoahost092:2290642] [ 9] /lib64/libc.so.6(+0x2a610)[0x150cdc42a610]
[genoahost092:2290642] [10] /lib64/libc.so.6(__libc_start_main+0x80)[0x150cdc42a6c0]
[genoahost092:2290642] [11] /direct/sdcc+u/poare/Grid/build/examples/./Example_spec_kryschur[0x414705]
[genoahost092:2290642] *** End of error message ***
Example_spec_kryschur: /direct/sdcc+u/poare/Grid/Grid/parallelIO/NerscIO.h:79: static int Grid::NerscIO::readHeader(std::string, Grid::GridBase*, Grid::FieldMetaData&): Assertion `line==std::string("BEGIN_HEADER")' failed.
[genoahost092:2290635] *** Process received signal ***
[genoahost092:2290635] Signal: Aborted (6)
[genoahost092:2290635] Signal code:  (-6)
[genoahost092:2290635] [ 0] /lib64/libc.so.6(+0x3fc30)[0x14e69323fc30]
[genoahost092:2290635] [ 1] /lib64/libc.so.6(+0x8d02c)[0x14e69328d02c]
[genoahost092:2290635] [ 2] /lib64/libc.so.6(raise+0x16)[0x14e69323fb86]
[genoahost092:2290635] [ 3] /lib64/libc.so.6(abort+0xd3)[0x14e693229873]
[genoahost092:2290635] [ 4] /lib64/libc.so.6(+0x2979b)[0x14e69322979b]
Example_spec_kryschur: /direct/sdcc+u/poare/Grid/Grid/parallelIO/NerscIO.h:79: static int Grid::NerscIO::readHeader(std::string, Grid::GridBase*, Grid::FieldMetaData&): Assertion `line==std::string("BEGIN_HEADER")' failed.
[genoahost092:2290635] [ 5] /lib64/libc.so.6(+0x388c6)[0x14e6932388c6]
[genoahost092:2290635] [ 6] /direct/sdcc+u/poare/Grid/build/examples/./Example_spec_kryschur[0x44da1d]
[genoahost092:2290635] [ 7] /direct/sdcc+u/poare/Grid/build/examples/./Example_spec_kryschur[0x42f64a]
[genoahost092:2290635] [ 8] /direct/sdcc+u/poare/Grid/build/examples/./Example_spec_kryschur[0x412670]
[genoahost091:2342487] *** Process received signal ***
[genoahost091:2342487] Signal: Aborted (6)
[genoahost091:2342487] Signal code:  (-6)
[genoahost092:2290635] [ 9] /lib64/libc.so.6(+0x2a610)[0x14e69322a610]
[genoahost092:2290635] [10] /lib64/libc.so.6(__libc_start_main+0x80)[0x14e69322a6c0]
[genoahost092:2290635] [11] /direct/sdcc+u/poare/Grid/build/examples/./Example_spec_kryschur[0x414705]
[genoahost092:2290635] *** End of error message ***
Example_spec_kryschur: /direct/sdcc+u/poare/Grid/Grid/parallelIO/NerscIO.h:79: static int Grid::NerscIO::readHeader(std::string, Grid::GridBase*, Grid::FieldMetaData&): Assertion `line==std::string("BEGIN_HEADER")' failed.
[genoahost092:2290631] *** Process received signal ***
[genoahost092:2290631] Signal: Aborted (6)
[genoahost092:2290631] Signal code:  (-6)
[genoahost091:2342487] [ 0] /lib64/libc.so.6(+0x3fc30)[0x14a09383fc30]
[genoahost091:2342487] [ 1] /lib64/libc.so.6(+0x8d02c)[0x14a09388d02c]
[genoahost091:2342487] [ 2] /lib64/libc.so.6(raise+0x16)[0x14a09383fb86]
[genoahost091:2342487] [ 3] /lib64/libc.so.6(abort+0xd3)[0x14a093829873]
[genoahost091:2342487] [ 4] /lib64/libc.so.6(+0x2979b)[0x14a09382979b]
[genoahost091:2342487] [ 5] /lib64/libc.so.6(+0x388c6)[0x14a0938388c6]
[genoahost091:2342487] [ 6] /direct/sdcc+u/poare/Grid/build/examples/./Example_spec_kryschur[0x44da1d]
[genoahost091:2342487] [ 7] /direct/sdcc+u/poare/Grid/build/examples/./Example_spec_kryschur[0x42f64a]
[genoahost091:2342487] [ 8] /direct/sdcc+u/poare/Grid/build/examples/./Example_spec_kryschur[0x412670]
[genoahost092:2290631] [ 0] /lib64/libc.so.6(+0x3fc30)[0x14708763fc30]
[genoahost091:2342487] [ 9] /lib64/libc.so.6(+0x2a610)[0x14a09382a610]
[genoahost092:2290631] [ 1] /lib64/libc.so.6(+0x8d02c)[0x14708768d02c]
[genoahost091:2342487] [10] /lib64/libc.so.6(__libc_start_main+0x80)[0x14a09382a6c0]
[genoahost091:2342487] [11] /direct/sdcc+u/poare/Grid/build/examples/./Example_spec_kryschur[0x414705]
[genoahost091:2342487] *** End of error message ***
[genoahost092:2290631] [ 2] /lib64/libc.so.6(raise+0x16)[0x14708763fb86]
[genoahost092:2290631] [ 3] /lib64/libc.so.6(abort+0xd3)[0x147087629873]
[genoahost092:2290631] [ 4] /lib64/libc.so.6(+0x2979b)[0x14708762979b]
[genoahost092:2290631] [ 5] /lib64/libc.so.6(+0x388c6)[0x1470876388c6]
[genoahost092:2290631] [ 6] /direct/sdcc+u/poare/Grid/build/examples/./Example_spec_kryschur[0x44da1d]
[genoahost092:2290631] [ 7] /direct/sdcc+u/poare/Grid/build/examples/./Example_spec_kryschur[0x42f64a]
[genoahost092:2290631] [ 8] /direct/sdcc+u/poare/Grid/build/examples/./Example_spec_kryschur[0x412670]
[genoahost092:2290631] [ 9] /lib64/libc.so.6(+0x2a610)[0x14708762a610]
[genoahost092:2290631] [10] /lib64/libc.so.6(__libc_start_main+0x80)[0x14708762a6c0]
[genoahost092:2290631] [11] /direct/sdcc+u/poare/Grid/build/examples/./Example_spec_kryschur[0x414705]
[genoahost092:2290631] *** End of error message ***
Example_spec_kryschur: /direct/sdcc+u/poare/Grid/Grid/parallelIO/NerscIO.h:79: static int Grid::NerscIO::readHeader(std::string, Grid::GridBase*, Grid::FieldMetaData&): Assertion `line==std::string("BEGIN_HEADER")' failed.
[genoahost091:2342489] *** Process received signal ***
[genoahost091:2342489] Signal: Aborted (6)
[genoahost091:2342489] Signal code:  (-6)
[genoahost091:2342489] [ 0] /lib64/libc.so.6(+0x3fc30)[0x14707663fc30]
[genoahost091:2342489] [ 1] /lib64/libc.so.6(+0x8d02c)[0x14707668d02c]
[genoahost091:2342489] [ 2] /lib64/libc.so.6(raise+0x16)[0x14707663fb86]
[genoahost091:2342489] [ 3] /lib64/libc.so.6(abort+0xd3)[0x147076629873]
[genoahost091:2342489] [ 4] /lib64/libc.so.6(+0x2979b)[0x14707662979b]
[genoahost091:2342489] [ 5] /lib64/libc.so.6(+0x388c6)[0x1470766388c6]
[genoahost091:2342489] [ 6] /direct/sdcc+u/poare/Grid/build/examples/./Example_spec_kryschur[0x44da1d]
[genoahost091:2342489] [ 7] /direct/sdcc+u/poare/Grid/build/examples/./Example_spec_kryschur[0x42f64a]
[genoahost091:2342489] [ 8] /direct/sdcc+u/poare/Grid/build/examples/./Example_spec_kryschur[0x412670]
[genoahost091:2342489] [ 9] /lib64/libc.so.6(+0x2a610)[0x14707662a610]
[genoahost091:2342489] [10] /lib64/libc.so.6(__libc_start_main+0x80)[0x14707662a6c0]
[genoahost091:2342489] [11] /direct/sdcc+u/poare/Grid/build/examples/./Example_spec_kryschur[0x414705]
[genoahost091:2342489] *** End of error message ***
Example_spec_kryschur: /direct/sdcc+u/poare/Grid/Grid/parallelIO/NerscIO.h:79: static int Grid::NerscIO::readHeader(std::string, Grid::GridBase*, Grid::FieldMetaData&): Assertion `line==std::string("BEGIN_HEADER")' failed.
[genoahost091:2342485] *** Process received signal ***
[genoahost091:2342485] Signal: Aborted (6)
[genoahost091:2342485] Signal code:  (-6)
Example_spec_kryschur: /direct/sdcc+u/poare/Grid/Grid/parallelIO/NerscIO.h:79: static int Grid::NerscIO::readHeader(std::string, Grid::GridBase*, Grid::FieldMetaData&): Assertion `line==std::string("BEGIN_HEADER")' failed.
[genoahost092:2290633] *** Process received signal ***
[genoahost092:2290633] Signal: Aborted (6)
[genoahost092:2290633] Signal code:  (-6)
[genoahost091:2342485] [ 0] /lib64/libc.so.6(+0x3fc30)[0x146cb703fc30]
[genoahost091:2342485] [ 1] /lib64/libc.so.6(+0x8d02c)[0x146cb708d02c]
[genoahost091:2342485] [ 2] /lib64/libc.so.6(raise+0x16)[0x146cb703fb86]
[genoahost091:2342485] [ 3] /lib64/libc.so.6(abort+0xd3)[0x146cb7029873]
[genoahost091:2342485] [ 4] /lib64/libc.so.6(+0x2979b)[0x146cb702979b]
[genoahost091:2342485] [ 5] /lib64/libc.so.6(+0x388c6)[0x146cb70388c6]
[genoahost091:2342485] [ 6] /direct/sdcc+u/poare/Grid/build/examples/./Example_spec_kryschur[0x44da1d]
[genoahost092:2290633] [ 0] /lib64/libc.so.6(+0x3fc30)[0x14d6b803fc30]
[genoahost091:2342485] [ 7] /direct/sdcc+u/poare/Grid/build/examples/./Example_spec_kryschur[0x42f64a]
[genoahost091:2342485] [ 8] /direct/sdcc+u/poare/Grid/build/examples/./Example_spec_kryschur[0x412670]
[genoahost092:2290633] [ 1] /lib64/libc.so.6(+0x8d02c)[0x14d6b808d02c]
[genoahost091:2342485] [ 9] /lib64/libc.so.6(+0x2a610)[0x146cb702a610]
[genoahost091:2342485] [10] /lib64/libc.so.6(__libc_start_main+0x80)[0x146cb702a6c0]
[genoahost092:2290633] [ 2] /lib64/libc.so.6(raise+0x16)[0x14d6b803fb86]
[genoahost091:2342485] [11] /direct/sdcc+u/poare/Grid/build/examples/./Example_spec_kryschur[0x414705]
[genoahost091:2342485] *** End of error message ***
[genoahost092:2290633] [ 3] /lib64/libc.so.6(abort+0xd3)[0x14d6b8029873]
[genoahost092:2290633] [ 4] /lib64/libc.so.6(+0x2979b)[0x14d6b802979b]
[genoahost092:2290633] [ 5] /lib64/libc.so.6(+0x388c6)[0x14d6b80388c6]
[genoahost092:2290633] [ 6] /direct/sdcc+u/poare/Grid/build/examples/./Example_spec_kryschur[0x44da1d]
[genoahost092:2290633] [ 7] /direct/sdcc+u/poare/Grid/build/examples/./Example_spec_kryschur[0x42f64a]
[genoahost092:2290633] [ 8] /direct/sdcc+u/poare/Grid/build/examples/./Example_spec_kryschur[0x412670]
[genoahost092:2290633] [ 9] /lib64/libc.so.6(+0x2a610)[0x14d6b802a610]
[genoahost092:2290633] [10] /lib64/libc.so.6(__libc_start_main+0x80)[0x14d6b802a6c0]
[genoahost092:2290633] [11] /direct/sdcc+u/poare/Grid/build/examples/./Example_spec_kryschur[0x414705]
[genoahost092:2290633] *** End of error message ***
Example_spec_kryschur: /direct/sdcc+u/poare/Grid/Grid/parallelIO/NerscIO.h:79: static int Grid::NerscIO::readHeader(std::string, Grid::GridBase*, Grid::FieldMetaData&): Assertion `line==std::string("BEGIN_HEADER")' failed.
[genoahost091:2342488] *** Process received signal ***
[genoahost091:2342488] Signal: Aborted (6)
[genoahost091:2342488] Signal code:  (-6)
[genoahost091:2342488] [ 0] /lib64/libc.so.6(+0x3fc30)[0x14866d83fc30]
[genoahost091:2342488] [ 1] /lib64/libc.so.6(+0x8d02c)[0x14866d88d02c]
[genoahost091:2342488] [ 2] /lib64/libc.so.6(raise+0x16)[0x14866d83fb86]
[genoahost091:2342488] [ 3] /lib64/libc.so.6(abort+0xd3)[0x14866d829873]
[genoahost091:2342488] [ 4] /lib64/libc.so.6(+0x2979b)[0x14866d82979b]
[genoahost091:2342488] [ 5] /lib64/libc.so.6(+0x388c6)[0x14866d8388c6]
[genoahost091:2342488] [ 6] /direct/sdcc+u/poare/Grid/build/examples/./Example_spec_kryschur[0x44da1d]
[genoahost091:2342488] [ 7] /direct/sdcc+u/poare/Grid/build/examples/./Example_spec_kryschur[0x42f64a]
[genoahost091:2342488] [ 8] /direct/sdcc+u/poare/Grid/build/examples/./Example_spec_kryschur[0x412670]
[genoahost091:2342488] [ 9] /lib64/libc.so.6(+0x2a610)[0x14866d82a610]
[genoahost091:2342488] [10] /lib64/libc.so.6(__libc_start_main+0x80)[0x14866d82a6c0]
[genoahost091:2342488] [11] /direct/sdcc+u/poare/Grid/build/examples/./Example_spec_kryschur[0x414705]
[genoahost091:2342488] *** End of error message ***
Example_spec_kryschur: /direct/sdcc+u/poare/Grid/Grid/parallelIO/NerscIO.h:79: static int Grid::NerscIO::readHeader(std::string, Grid::GridBase*, Grid::FieldMetaData&): Assertion `line==std::string("BEGIN_HEADER")' failed.
[genoahost091:2342483] *** Process received signal ***
[genoahost091:2342483] Signal: Aborted (6)
[genoahost091:2342483] Signal code:  (-6)
Example_spec_kryschur: /direct/sdcc+u/poare/Grid/Grid/parallelIO/NerscIO.h:79: static int Grid::NerscIO::readHeader(std::string, Grid::GridBase*, Grid::FieldMetaData&): Assertion `line==std::string("BEGIN_HEADER")' failed.
[genoahost095:2400154] *** Process received signal ***
[genoahost095:2400154] Signal: Aborted (6)
[genoahost095:2400154] Signal code:  (-6)
[genoahost091:2342483] [ 0] /lib64/libc.so.6(+0x3fc30)[0x15279b83fc30]
[genoahost091:2342483] [ 1] /lib64/libc.so.6(+0x8d02c)[0x15279b88d02c]
[genoahost091:2342483] [ 2] /lib64/libc.so.6(raise+0x16)[0x15279b83fb86]
[genoahost091:2342483] [ 3] /lib64/libc.so.6(abort+0xd3)[0x15279b829873]
[genoahost091:2342483] [ 4] /lib64/libc.so.6(+0x2979b)[0x15279b82979b]
[genoahost091:2342483] [ 5] /lib64/libc.so.6(+0x388c6)[0x15279b8388c6]
[genoahost091:2342483] [ 6] /direct/sdcc+u/poare/Grid/build/examples/./Example_spec_kryschur[0x44da1d]
[genoahost091:2342483] [ 7] /direct/sdcc+u/poare/Grid/build/examples/./Example_spec_kryschur[0x42f64a]
[genoahost091:2342483] [ 8] /direct/sdcc+u/poare/Grid/build/examples/./Example_spec_kryschur[0x412670]
[genoahost091:2342483] [ 9] /lib64/libc.so.6(+0x2a610)[0x15279b82a610]
[genoahost091:2342483] [10] /lib64/libc.so.6(__libc_start_main+0x80)[0x15279b82a6c0]
[genoahost091:2342483] [11] /direct/sdcc+u/poare/Grid/build/examples/./Example_spec_kryschur[0x414705]
[genoahost091:2342483] *** End of error message ***
[genoahost095:2400154] [ 0] /lib64/libc.so.6(+0x3fc30)[0x14f30a63fc30]
[genoahost095:2400154] [ 1] /lib64/libc.so.6(+0x8d02c)[0x14f30a68d02c]
[genoahost095:2400154] [ 2] /lib64/libc.so.6(raise+0x16)[0x14f30a63fb86]
Example_spec_kryschur: /direct/sdcc+u/poare/Grid/Grid/parallelIO/NerscIO.h:79: static int Grid::NerscIO::readHeader(std::string, Grid::GridBase*, Grid::FieldMetaData&): Assertion `line==std::string("BEGIN_HEADER")' failed.
[genoahost095:2400154] [ 3] /lib64/libc.so.6(abort+0xd3)[0x14f30a629873]
[genoahost091:2342480] *** Process received signal ***
[genoahost091:2342480] Signal: Aborted (6)
[genoahost091:2342480] Signal code:  (-6)
[genoahost095:2400154] [ 4] /lib64/libc.so.6(+0x2979b)[0x14f30a62979b]
[genoahost095:2400154] [ 5] /lib64/libc.so.6(+0x388c6)[0x14f30a6388c6]
[genoahost095:2400154] [ 6] /direct/sdcc+u/poare/Grid/build/examples/./Example_spec_kryschur[0x44da1d]
[genoahost095:2400154] [ 7] /direct/sdcc+u/poare/Grid/build/examples/./Example_spec_kryschur[0x42f64a]
[genoahost095:2400154] [ 8] /direct/sdcc+u/poare/Grid/build/examples/./Example_spec_kryschur[0x412670]
[genoahost095:2400154] [ 9] /lib64/libc.so.6(+0x2a610)[0x14f30a62a610]
[genoahost095:2400154] [10] /lib64/libc.so.6(__libc_start_main+0x80)[0x14f30a62a6c0]
[genoahost095:2400154] [11] /direct/sdcc+u/poare/Grid/build/examples/./Example_spec_kryschur[0x414705]
[genoahost095:2400154] *** End of error message ***
Example_spec_kryschur: /direct/sdcc+u/poare/Grid/Grid/parallelIO/NerscIO.h:79: static int Grid::NerscIO::readHeader(std::string, Grid::GridBase*, Grid::FieldMetaData&): Assertion `line==std::string("BEGIN_HEADER")' failed.
[genoahost095:2400149] *** Process received signal ***
[genoahost095:2400149] Signal: Aborted (6)
[genoahost095:2400149] Signal code:  (-6)
[genoahost091:2342480] [ 0] /lib64/libc.so.6(+0x3fc30)[0x1536d103fc30]
[genoahost091:2342480] [ 1] /lib64/libc.so.6(+0x8d02c)[0x1536d108d02c]
[genoahost091:2342480] [ 2] /lib64/libc.so.6(raise+0x16)[0x1536d103fb86]
[genoahost091:2342480] [ 3] /lib64/libc.so.6(abort+0xd3)[0x1536d1029873]
[genoahost091:2342480] [ 4] /lib64/libc.so.6(+0x2979b)[0x1536d102979b]
[genoahost091:2342480] [ 5] /lib64/libc.so.6(+0x388c6)[0x1536d10388c6]
[genoahost091:2342480] [ 6] /direct/sdcc+u/poare/Grid/build/examples/./Example_spec_kryschur[0x44da1d]
[genoahost091:2342480] [ 7] /direct/sdcc+u/poare/Grid/build/examples/./Example_spec_kryschur[0x42f64a]
[genoahost091:2342480] [ 8] /direct/sdcc+u/poare/Grid/build/examples/./Example_spec_kryschur[0x412670]
[genoahost091:2342480] [ 9] /lib64/libc.so.6(+0x2a610)[0x1536d102a610]
[genoahost091:2342480] [10] /lib64/libc.so.6(__libc_start_main+0x80)[0x1536d102a6c0]
[genoahost091:2342480] [11] /direct/sdcc+u/poare/Grid/build/examples/./Example_spec_kryschur[0x414705]
[genoahost091:2342480] *** End of error message ***
[genoahost095:2400149] [ 0] /lib64/libc.so.6(+0x3fc30)[0x14a63023fc30]
Example_spec_kryschur: /direct/sdcc+u/poare/Grid/Grid/parallelIO/NerscIO.h:79: static int Grid::NerscIO::readHeader(std::string, Grid::GridBase*, Grid::FieldMetaData&): Assertion `line==std::string("BEGIN_HEADER")' failed.
[genoahost095:2400149] [ 1] /lib64/libc.so.6(+0x8d02c)[0x14a63028d02c]
[genoahost095:2400149] [ 2] /lib64/libc.so.6(raise+0x16)[0x14a63023fb86]
[genoahost091:2342492] *** Process received signal ***
[genoahost091:2342492] Signal: Aborted (6)
[genoahost091:2342492] Signal code:  (-6)
[genoahost095:2400149] [ 3] /lib64/libc.so.6(abort+0xd3)[0x14a630229873]
[genoahost095:2400149] [ 4] /lib64/libc.so.6(+0x2979b)[0x14a63022979b]
[genoahost095:2400149] [ 5] /lib64/libc.so.6(+0x388c6)[0x14a6302388c6]
[genoahost095:2400149] [ 6] /direct/sdcc+u/poare/Grid/build/examples/./Example_spec_kryschur[0x44da1d]
[genoahost095:2400149] [ 7] /direct/sdcc+u/poare/Grid/build/examples/./Example_spec_kryschur[0x42f64a]
[genoahost095:2400149] [ 8] /direct/sdcc+u/poare/Grid/build/examples/./Example_spec_kryschur[0x412670]
[genoahost095:2400149] [ 9] /lib64/libc.so.6(+0x2a610)[0x14a63022a610]
[genoahost095:2400149] [10] /lib64/libc.so.6(__libc_start_main+0x80)[0x14a63022a6c0]
[genoahost095:2400149] [11] /direct/sdcc+u/poare/Grid/build/examples/./Example_spec_kryschur[0x414705]
[genoahost095:2400149] *** End of error message ***
Example_spec_kryschur: /direct/sdcc+u/poare/Grid/Grid/parallelIO/NerscIO.h:79: static int Grid::NerscIO::readHeader(std::string, Grid::GridBase*, Grid::FieldMetaData&): Assertion `line==std::string("BEGIN_HEADER")' failed.
[genoahost092:2290634] *** Process received signal ***
[genoahost092:2290634] Signal: Aborted (6)
[genoahost092:2290634] Signal code:  (-6)
[genoahost091:2342492] [ 0] /lib64/libc.so.6(+0x3fc30)[0x1526c8c3fc30]
[genoahost091:2342492] [ 1] /lib64/libc.so.6(+0x8d02c)[0x1526c8c8d02c]
[genoahost091:2342492] [ 2] /lib64/libc.so.6(raise+0x16)[0x1526c8c3fb86]
[genoahost091:2342492] [ 3] /lib64/libc.so.6(abort+0xd3)[0x1526c8c29873]
[genoahost091:2342492] [ 4] /lib64/libc.so.6(+0x2979b)[0x1526c8c2979b]
[genoahost091:2342492] [ 5] /lib64/libc.so.6(+0x388c6)[0x1526c8c388c6]
[genoahost091:2342492] [ 6] /direct/sdcc+u/poare/Grid/build/examples/./Example_spec_kryschur[0x44da1d]
[genoahost091:2342492] [ 7] /direct/sdcc+u/poare/Grid/build/examples/./Example_spec_kryschur[0x42f64a]
[genoahost091:2342492] [ 8] /direct/sdcc+u/poare/Grid/build/examples/./Example_spec_kryschur[0x412670]
[genoahost091:2342492] [ 9] /lib64/libc.so.6(+0x2a610)[0x1526c8c2a610]
[genoahost091:2342492] [10] /lib64/libc.so.6(__libc_start_main+0x80)[0x1526c8c2a6c0]
[genoahost091:2342492] [11] /direct/sdcc+u/poare/Grid/build/examples/./Example_spec_kryschur[0x414705]
[genoahost091:2342492] *** End of error message ***
Example_spec_kryschur: /direct/sdcc+u/poare/Grid/Grid/parallelIO/NerscIO.h:79: static int Grid::NerscIO::readHeader(std::string, Grid::GridBase*, Grid::FieldMetaData&): Assertion `line==std::string("BEGIN_HEADER")' failed.
[genoahost094:2387382] *** Process received signal ***
[genoahost094:2387382] Signal: Aborted (6)
[genoahost094:2387382] Signal code:  (-6)
Example_spec_kryschur: /direct/sdcc+u/poare/Grid/Grid/parallelIO/NerscIO.h:79: static int Grid::NerscIO::readHeader(std::string, Grid::GridBase*, Grid::FieldMetaData&): Assertion `line==std::string("BEGIN_HEADER")' failed.
[genoahost092:2290634] [ 0] /lib64/libc.so.6(+0x3fc30)[0x152a8063fc30]
[genoahost091:2342491] *** Process received signal ***
[genoahost091:2342491] Signal: Aborted (6)
[genoahost091:2342491] Signal code:  (-6)
[genoahost092:2290634] [ 1] /lib64/libc.so.6(+0x8d02c)[0x152a8068d02c]
[genoahost092:2290634] [ 2] /lib64/libc.so.6(raise+0x16)[0x152a8063fb86]
[genoahost092:2290634] [ 3] /lib64/libc.so.6(abort+0xd3)[0x152a80629873]
[genoahost092:2290634] [ 4] /lib64/libc.so.6(+0x2979b)[0x152a8062979b]
[genoahost092:2290634] [ 5] /lib64/libc.so.6(+0x388c6)[0x152a806388c6]
[genoahost092:2290634] [ 6] /direct/sdcc+u/poare/Grid/build/examples/./Example_spec_kryschur[0x44da1d]
[genoahost092:2290634] [ 7] /direct/sdcc+u/poare/Grid/build/examples/./Example_spec_kryschur[0x42f64a]
[genoahost092:2290634] [ 8] /direct/sdcc+u/poare/Grid/build/examples/./Example_spec_kryschur[0x412670]
[genoahost092:2290634] [ 9] /lib64/libc.so.6(+0x2a610)[0x152a8062a610]
[genoahost092:2290634] [10] /lib64/libc.so.6(__libc_start_main+0x80)[0x152a8062a6c0]
[genoahost092:2290634] [11] /direct/sdcc+u/poare/Grid/build/examples/./Example_spec_kryschur[0x414705]
[genoahost092:2290634] *** End of error message ***
[genoahost094:2387382] [ 0] /lib64/libc.so.6(+0x3fc30)[0x15402083fc30]
[genoahost094:2387382] [ 1] /lib64/libc.so.6(+0x8d02c)[0x15402088d02c]
[genoahost094:2387382] [ 2] /lib64/libc.so.6(raise+0x16)[0x15402083fb86]
[genoahost094:2387382] [ 3] /lib64/libc.so.6(abort+0xd3)[0x154020829873]
[genoahost091:2342491] [ 0] /lib64/libc.so.6(+0x3fc30)[0x14a22203fc30]
[genoahost094:2387382] [ 4] /lib64/libc.so.6(+0x2979b)[0x15402082979b]
[genoahost094:2387382] [ 5] /lib64/libc.so.6(+0x388c6)[0x1540208388c6]
[genoahost094:2387382] [ 6] /direct/sdcc+u/poare/Grid/build/examples/./Example_spec_kryschur[0x44da1d]
[genoahost091:2342491] [ 1] /lib64/libc.so.6(+0x8d02c)[0x14a22208d02c]
[genoahost091:2342491] [ 2] /lib64/libc.so.6(raise+0x16)[0x14a22203fb86]
[genoahost091:2342491] [ 3] /lib64/libc.so.6(abort+0xd3)[0x14a222029873]
[genoahost094:2387382] [ 7] /direct/sdcc+u/poare/Grid/build/examples/./Example_spec_kryschur[0x42f64a]
[genoahost094:2387382] [ 8] /direct/sdcc+u/poare/Grid/build/examples/./Example_spec_kryschur[0x412670]
[genoahost091:2342491] [ 4] /lib64/libc.so.6(+0x2979b)[0x14a22202979b]
[genoahost094:2387382] [ 9] /lib64/libc.so.6(+0x2a610)[0x15402082a610]
[genoahost091:2342491] [ 5] /lib64/libc.so.6(+0x388c6)[0x14a2220388c6]
[genoahost091:2342491] [ 6] /direct/sdcc+u/poare/Grid/build/examples/./Example_spec_kryschur[0x44da1d]
[genoahost091:2342491] [ 7] /direct/sdcc+u/poare/Grid/build/examples/./Example_spec_kryschur[0x42f64a]
[genoahost091:2342491] [ 8] /direct/sdcc+u/poare/Grid/build/examples/./Example_spec_kryschur[0x412670]
[genoahost094:2387382] [10] /lib64/libc.so.6(__libc_start_main+0x80)[0x15402082a6c0]
[genoahost094:2387382] [11] /direct/sdcc+u/poare/Grid/build/examples/./Example_spec_kryschur[0x414705]
[genoahost094:2387382] *** End of error message ***
[genoahost091:2342491] [ 9] /lib64/libc.so.6(+0x2a610)[0x14a22202a610]
[genoahost091:2342491] [10] /lib64/libc.so.6(__libc_start_main+0x80)[0x14a22202a6c0]
[genoahost091:2342491] [11] /direct/sdcc+u/poare/Grid/build/examples/./Example_spec_kryschur[0x414705]
[genoahost091:2342491] *** End of error message ***
Example_spec_kryschur: /direct/sdcc+u/poare/Grid/Grid/parallelIO/NerscIO.h:79: static int Grid::NerscIO::readHeader(std::string, Grid::GridBase*, Grid::FieldMetaData&): Assertion `line==std::string("BEGIN_HEADER")' failed.
[genoahost094:2387371] *** Process received signal ***
[genoahost094:2387371] Signal: Aborted (6)
[genoahost094:2387371] Signal code:  (-6)
[genoahost094:2387371] [ 0] /lib64/libc.so.6(+0x3fc30)[0x15092f23fc30]
[genoahost094:2387371] [ 1] /lib64/libc.so.6(+0x8d02c)[0x15092f28d02c]
[genoahost094:2387371] [ 2] /lib64/libc.so.6(raise+0x16)[0x15092f23fb86]
[genoahost094:2387371] [ 3] /lib64/libc.so.6(abort+0xd3)[0x15092f229873]
[genoahost094:2387371] [ 4] /lib64/libc.so.6(+0x2979b)[0x15092f22979b]
[genoahost094:2387371] [ 5] /lib64/libc.so.6(+0x388c6)[0x15092f2388c6]
[genoahost094:2387371] [ 6] /direct/sdcc+u/poare/Grid/build/examples/./Example_spec_kryschur[0x44da1d]
[genoahost094:2387371] [ 7] /direct/sdcc+u/poare/Grid/build/examples/./Example_spec_kryschur[0x42f64a]
[genoahost094:2387371] [ 8] /direct/sdcc+u/poare/Grid/build/examples/./Example_spec_kryschur[0x412670]
[genoahost094:2387371] [ 9] /lib64/libc.so.6(+0x2a610)[0x15092f22a610]
[genoahost094:2387371] [10] /lib64/libc.so.6(__libc_start_main+0x80)[0x15092f22a6c0]
[genoahost094:2387371] [11] /direct/sdcc+u/poare/Grid/build/examples/./Example_spec_kryschur[0x414705]
[genoahost094:2387371] *** End of error message ***
Example_spec_kryschur: /direct/sdcc+u/poare/Grid/Grid/parallelIO/NerscIO.h:79: static int Grid::NerscIO::readHeader(std::string, Grid::GridBase*, Grid::FieldMetaData&): Assertion `line==std::string("BEGIN_HEADER")' failed.
[genoahost095:2400158] *** Process received signal ***
[genoahost095:2400158] Signal: Aborted (6)
[genoahost095:2400158] Signal code:  (-6)
[genoahost095:2400158] [ 0] /lib64/libc.so.6(+0x3fc30)[0x154438c3fc30]
[genoahost095:2400158] [ 1] /lib64/libc.so.6(+0x8d02c)[0x154438c8d02c]
[genoahost095:2400158] [ 2] /lib64/libc.so.6(raise+0x16)[0x154438c3fb86]
[genoahost095:2400158] [ 3] /lib64/libc.so.6(abort+0xd3)[0x154438c29873]
[genoahost095:2400158] [ 4] /lib64/libc.so.6(+0x2979b)[0x154438c2979b]
[genoahost095:2400158] [ 5] /lib64/libc.so.6(+0x388c6)[0x154438c388c6]
[genoahost095:2400158] [ 6] /direct/sdcc+u/poare/Grid/build/examples/./Example_spec_kryschur[0x44da1d]
[genoahost095:2400158] [ 7] /direct/sdcc+u/poare/Grid/build/examples/./Example_spec_kryschur[0x42f64a]
[genoahost095:2400158] [ 8] /direct/sdcc+u/poare/Grid/build/examples/./Example_spec_kryschur[0x412670]
[genoahost095:2400158] [ 9] /lib64/libc.so.6(+0x2a610)[0x154438c2a610]
[genoahost095:2400158] [10] /lib64/libc.so.6(__libc_start_main+0x80)[0x154438c2a6c0]
[genoahost095:2400158] [11] /direct/sdcc+u/poare/Grid/build/examples/./Example_spec_kryschur[0x414705]
[genoahost095:2400158] *** End of error message ***
Example_spec_kryschur: /direct/sdcc+u/poare/Grid/Grid/parallelIO/NerscIO.h:79: static int Grid::NerscIO::readHeader(std::string, Grid::GridBase*, Grid::FieldMetaData&): Assertion `line==std::string("BEGIN_HEADER")' failed.
[genoahost094:2387372] *** Process received signal ***
[genoahost094:2387372] Signal: Aborted (6)
[genoahost094:2387372] Signal code:  (-6)
[genoahost094:2387372] [ 0] /lib64/libc.so.6(+0x3fc30)[0x14fb0d83fc30]
[genoahost094:2387372] [ 1] /lib64/libc.so.6(+0x8d02c)[0x14fb0d88d02c]
[genoahost094:2387372] [ 2] /lib64/libc.so.6(raise+0x16)[0x14fb0d83fb86]
[genoahost094:2387372] [ 3] /lib64/libc.so.6(abort+0xd3)[0x14fb0d829873]
[genoahost094:2387372] [ 4] /lib64/libc.so.6(+0x2979b)[0x14fb0d82979b]
[genoahost094:2387372] [ 5] /lib64/libc.so.6(+0x388c6)[0x14fb0d8388c6]
[genoahost094:2387372] [ 6] /direct/sdcc+u/poare/Grid/build/examples/./Example_spec_kryschur[0x44da1d]
[genoahost094:2387372] [ 7] /direct/sdcc+u/poare/Grid/build/examples/./Example_spec_kryschur[0x42f64a]
[genoahost094:2387372] [ 8] /direct/sdcc+u/poare/Grid/build/examples/./Example_spec_kryschur[0x412670]
[genoahost094:2387372] [ 9] /lib64/libc.so.6(+0x2a610)[0x14fb0d82a610]
[genoahost094:2387372] [10] /lib64/libc.so.6(__libc_start_main+0x80)[0x14fb0d82a6c0]
[genoahost094:2387372] [11] /direct/sdcc+u/poare/Grid/build/examples/./Example_spec_kryschur[0x414705]
[genoahost094:2387372] *** End of error message ***
Example_spec_kryschur: /direct/sdcc+u/poare/Grid/Grid/parallelIO/NerscIO.h:79: static int Grid::NerscIO::readHeader(std::string, Grid::GridBase*, Grid::FieldMetaData&): Assertion `line==std::string("BEGIN_HEADER")' failed.
[genoahost094:2387378] *** Process received signal ***
[genoahost094:2387378] Signal: Aborted (6)
[genoahost094:2387378] Signal code:  (-6)
Example_spec_kryschur: /direct/sdcc+u/poare/Grid/Grid/parallelIO/NerscIO.h:79: static int Grid::NerscIO::readHeader(std::string, Grid::GridBase*, Grid::FieldMetaData&): Assertion `line==std::string("BEGIN_HEADER")' failed.
[genoahost091:2342493] *** Process received signal ***
[genoahost091:2342493] Signal: Aborted (6)
[genoahost091:2342493] Signal code:  (-6)
[genoahost094:2387378] [ 0] /lib64/libc.so.6(+0x3fc30)[0x147a9963fc30]
[genoahost094:2387378] [ 1] /lib64/libc.so.6(+0x8d02c)[0x147a9968d02c]
[genoahost094:2387378] [ 2] /lib64/libc.so.6(raise+0x16)[0x147a9963fb86]
[genoahost094:2387378] [ 3] /lib64/libc.so.6(abort+0xd3)[0x147a99629873]
[genoahost094:2387378] [ 4] /lib64/libc.so.6(+0x2979b)[0x147a9962979b]
[genoahost094:2387378] [ 5] /lib64/libc.so.6(+0x388c6)[0x147a996388c6]
[genoahost094:2387378] [ 6] /direct/sdcc+u/poare/Grid/build/examples/./Example_spec_kryschur[0x44da1d]
[genoahost094:2387378] [ 7] /direct/sdcc+u/poare/Grid/build/examples/./Example_spec_kryschur[0x42f64a]
[genoahost094:2387378] [ 8] /direct/sdcc+u/poare/Grid/build/examples/./Example_spec_kryschur[0x412670]
[genoahost091:2342493] [ 0] /lib64/libc.so.6(+0x3fc30)[0x14f91123fc30]
[genoahost094:2387378] [ 9] /lib64/libc.so.6(+0x2a610)[0x147a9962a610]
[genoahost094:2387378] [10] /lib64/libc.so.6(__libc_start_main+0x80)[0x147a9962a6c0]
[genoahost091:2342493] [ 1] /lib64/libc.so.6(+0x8d02c)[0x14f91128d02c]
[genoahost094:2387378] [11] /direct/sdcc+u/poare/Grid/build/examples/./Example_spec_kryschur[0x414705]
[genoahost094:2387378] *** End of error message ***
[genoahost091:2342493] [ 2] /lib64/libc.so.6(raise+0x16)[0x14f91123fb86]
[genoahost091:2342493] [ 3] /lib64/libc.so.6(abort+0xd3)[0x14f911229873]
[genoahost091:2342493] [ 4] /lib64/libc.so.6(+0x2979b)[0x14f91122979b]
[genoahost091:2342493] [ 5] /lib64/libc.so.6(+0x388c6)[0x14f9112388c6]
[genoahost091:2342493] [ 6] /direct/sdcc+u/poare/Grid/build/examples/./Example_spec_kryschur[0x44da1d]
[genoahost091:2342493] [ 7] /direct/sdcc+u/poare/Grid/build/examples/./Example_spec_kryschur[0x42f64a]
[genoahost091:2342493] [ 8] /direct/sdcc+u/poare/Grid/build/examples/./Example_spec_kryschur[0x412670]
[genoahost091:2342493] [ 9] /lib64/libc.so.6(+0x2a610)[0x14f91122a610]
[genoahost091:2342493] [10] /lib64/libc.so.6(__libc_start_main+0x80)[0x14f91122a6c0]
[genoahost091:2342493] [11] /direct/sdcc+u/poare/Grid/build/examples/./Example_spec_kryschur[0x414705]
[genoahost091:2342493] *** End of error message ***
Example_spec_kryschur: /direct/sdcc+u/poare/Grid/Grid/parallelIO/NerscIO.h:79: static int Grid::NerscIO::readHeader(std::string, Grid::GridBase*, Grid::FieldMetaData&): Assertion `line==std::string("BEGIN_HEADER")' failed.
[genoahost095:2400159] *** Process received signal ***
[genoahost095:2400159] Signal: Aborted (6)
[genoahost095:2400159] Signal code:  (-6)
[genoahost095:2400159] [ 0] /lib64/libc.so.6(+0x3fc30)[0x1458f503fc30]
[genoahost095:2400159] [ 1] /lib64/libc.so.6(+0x8d02c)[0x1458f508d02c]
[genoahost095:2400159] [ 2] /lib64/libc.so.6(raise+0x16)[0x1458f503fb86]
[genoahost095:2400159] [ 3] /lib64/libc.so.6(abort+0xd3)[0x1458f5029873]
[genoahost095:2400159] [ 4] /lib64/libc.so.6(+0x2979b)[0x1458f502979b]
[genoahost095:2400159] [ 5] /lib64/libc.so.6(+0x388c6)[0x1458f50388c6]
[genoahost095:2400159] [ 6] /direct/sdcc+u/poare/Grid/build/examples/./Example_spec_kryschur[0x44da1d]
[genoahost095:2400159] [ 7] /direct/sdcc+u/poare/Grid/build/examples/./Example_spec_kryschur[0x42f64a]
[genoahost095:2400159] [ 8] /direct/sdcc+u/poare/Grid/build/examples/./Example_spec_kryschur[0x412670]
[genoahost095:2400159] [ 9] /lib64/libc.so.6(+0x2a610)[0x1458f502a610]
[genoahost095:2400159] [10] /lib64/libc.so.6(__libc_start_main+0x80)[0x1458f502a6c0]
[genoahost095:2400159] [11] /direct/sdcc+u/poare/Grid/build/examples/./Example_spec_kryschur[0x414705]
[genoahost095:2400159] *** End of error message ***
Example_spec_kryschur: /direct/sdcc+u/poare/Grid/Grid/parallelIO/NerscIO.h:79: static int Grid::NerscIO::readHeader(std::string, Grid::GridBase*, Grid::FieldMetaData&): Assertion `line==std::string("BEGIN_HEADER")' failed.
[genoahost095:2400146] *** Process received signal ***
[genoahost095:2400146] Signal: Aborted (6)
[genoahost095:2400146] Signal code:  (-6)
[genoahost095:2400146] [ 0] /lib64/libc.so.6(+0x3fc30)[0x14bc1ba3fc30]
[genoahost095:2400146] [ 1] /lib64/libc.so.6(+0x8d02c)[0x14bc1ba8d02c]
[genoahost095:2400146] [ 2] /lib64/libc.so.6(raise+0x16)[0x14bc1ba3fb86]
[genoahost095:2400146] [ 3] /lib64/libc.so.6(abort+0xd3)[0x14bc1ba29873]
[genoahost095:2400146] [ 4] /lib64/libc.so.6(+0x2979b)[0x14bc1ba2979b]
[genoahost095:2400146] [ 5] /lib64/libc.so.6(+0x388c6)[0x14bc1ba388c6]
[genoahost095:2400146] [ 6] /direct/sdcc+u/poare/Grid/build/examples/./Example_spec_kryschur[0x44da1d]
[genoahost095:2400146] [ 7] /direct/sdcc+u/poare/Grid/build/examples/./Example_spec_kryschur[0x42f64a]
[genoahost095:2400146] [ 8] /direct/sdcc+u/poare/Grid/build/examples/./Example_spec_kryschur[0x412670]
[genoahost095:2400146] [ 9] /lib64/libc.so.6(+0x2a610)[0x14bc1ba2a610]
[genoahost095:2400146] [10] /lib64/libc.so.6(__libc_start_main+0x80)[0x14bc1ba2a6c0]
[genoahost095:2400146] [11] /direct/sdcc+u/poare/Grid/build/examples/./Example_spec_kryschur[0x414705]
[genoahost095:2400146] *** End of error message ***
Example_spec_kryschur: /direct/sdcc+u/poare/Grid/Grid/parallelIO/NerscIO.h:79: static int Grid::NerscIO::readHeader(std::string, Grid::GridBase*, Grid::FieldMetaData&): Assertion `line==std::string("BEGIN_HEADER")' failed.
[genoahost095:2400150] *** Process received signal ***
[genoahost095:2400150] Signal: Aborted (6)
[genoahost095:2400150] Signal code:  (-6)
[genoahost095:2400150] [ 0] /lib64/libc.so.6(+0x3fc30)[0x14d04a23fc30]
[genoahost095:2400150] [ 1] /lib64/libc.so.6(+0x8d02c)[0x14d04a28d02c]
[genoahost095:2400150] [ 2] /lib64/libc.so.6(raise+0x16)[0x14d04a23fb86]
[genoahost095:2400150] [ 3] /lib64/libc.so.6(abort+0xd3)[0x14d04a229873]
[genoahost095:2400150] [ 4] /lib64/libc.so.6(+0x2979b)[0x14d04a22979b]
[genoahost095:2400150] [ 5] /lib64/libc.so.6(+0x388c6)[0x14d04a2388c6]
[genoahost095:2400150] [ 6] /direct/sdcc+u/poare/Grid/build/examples/./Example_spec_kryschur[0x44da1d]
[genoahost095:2400150] [ 7] /direct/sdcc+u/poare/Grid/build/examples/./Example_spec_kryschur[0x42f64a]
[genoahost095:2400150] [ 8] /direct/sdcc+u/poare/Grid/build/examples/./Example_spec_kryschur[0x412670]
[genoahost095:2400150] [ 9] /lib64/libc.so.6(+0x2a610)[0x14d04a22a610]
[genoahost095:2400150] [10] /lib64/libc.so.6(__libc_start_main+0x80)[0x14d04a22a6c0]
[genoahost095:2400150] [11] /direct/sdcc+u/poare/Grid/build/examples/./Example_spec_kryschur[0x414705]
[genoahost095:2400150] *** End of error message ***
Example_spec_kryschur: /direct/sdcc+u/poare/Grid/Grid/parallelIO/NerscIO.h:79: static int Grid::NerscIO::readHeader(std::string, Grid::GridBase*, Grid::FieldMetaData&): Assertion `line==std::string("BEGIN_HEADER")' failed.
[genoahost095:2400151] *** Process received signal ***
[genoahost095:2400151] Signal: Aborted (6)
[genoahost095:2400151] Signal code:  (-6)
[genoahost095:2400151] [ 0] /lib64/libc.so.6(+0x3fc30)[0x14a48d03fc30]
[genoahost095:2400151] [ 1] /lib64/libc.so.6(+0x8d02c)[0x14a48d08d02c]
[genoahost095:2400151] [ 2] /lib64/libc.so.6(raise+0x16)[0x14a48d03fb86]
[genoahost095:2400151] [ 3] /lib64/libc.so.6(abort+0xd3)[0x14a48d029873]
[genoahost095:2400151] [ 4] /lib64/libc.so.6(+0x2979b)[0x14a48d02979b]
[genoahost095:2400151] [ 5] /lib64/libc.so.6(+0x388c6)[0x14a48d0388c6]
[genoahost095:2400151] [ 6] /direct/sdcc+u/poare/Grid/build/examples/./Example_spec_kryschur[0x44da1d]
[genoahost095:2400151] [ 7] /direct/sdcc+u/poare/Grid/build/examples/./Example_spec_kryschur[0x42f64a]
[genoahost095:2400151] [ 8] /direct/sdcc+u/poare/Grid/build/examples/./Example_spec_kryschur[0x412670]
[genoahost095:2400151] [ 9] /lib64/libc.so.6(+0x2a610)[0x14a48d02a610]
[genoahost095:2400151] [10] /lib64/libc.so.6(__libc_start_main+0x80)[0x14a48d02a6c0]
[genoahost095:2400151] [11] /direct/sdcc+u/poare/Grid/build/examples/./Example_spec_kryschur[0x414705]
[genoahost095:2400151] *** End of error message ***
Example_spec_kryschur: /direct/sdcc+u/poare/Grid/Grid/parallelIO/NerscIO.h:79: static int Grid::NerscIO::readHeader(std::string, Grid::GridBase*, Grid::FieldMetaData&): Assertion `line==std::string("BEGIN_HEADER")' failed.
[genoahost095:2400156] *** Process received signal ***
[genoahost095:2400156] Signal: Aborted (6)
[genoahost095:2400156] Signal code:  (-6)
[genoahost095:2400156] [ 0] /lib64/libc.so.6(+0x3fc30)[0x14fa0bc3fc30]
[genoahost095:2400156] [ 1] /lib64/libc.so.6(+0x8d02c)[0x14fa0bc8d02c]
[genoahost095:2400156] [ 2] /lib64/libc.so.6(raise+0x16)[0x14fa0bc3fb86]
[genoahost095:2400156] [ 3] /lib64/libc.so.6(abort+0xd3)[0x14fa0bc29873]
[genoahost095:2400156] [ 4] /lib64/libc.so.6(+0x2979b)[0x14fa0bc2979b]
[genoahost095:2400156] [ 5] /lib64/libc.so.6(+0x388c6)[0x14fa0bc388c6]
[genoahost095:2400156] [ 6] /direct/sdcc+u/poare/Grid/build/examples/./Example_spec_kryschur[0x44da1d]
[genoahost095:2400156] [ 7] /direct/sdcc+u/poare/Grid/build/examples/./Example_spec_kryschur[0x42f64a]
[genoahost095:2400156] [ 8] /direct/sdcc+u/poare/Grid/build/examples/./Example_spec_kryschur[0x412670]
[genoahost095:2400156] [ 9] /lib64/libc.so.6(+0x2a610)[0x14fa0bc2a610]
[genoahost095:2400156] [10] /lib64/libc.so.6(__libc_start_main+0x80)[0x14fa0bc2a6c0]
[genoahost095:2400156] [11] /direct/sdcc+u/poare/Grid/build/examples/./Example_spec_kryschur[0x414705]
[genoahost095:2400156] *** End of error message ***
Example_spec_kryschur: /direct/sdcc+u/poare/Grid/Grid/parallelIO/NerscIO.h:79: static int Grid::NerscIO::readHeader(std::string, Grid::GridBase*, Grid::FieldMetaData&): Assertion `line==std::string("BEGIN_HEADER")' failed.
[genoahost095:2400148] *** Process received signal ***
[genoahost095:2400148] Signal: Aborted (6)
[genoahost095:2400148] Signal code:  (-6)
[genoahost095:2400148] [ 0] /lib64/libc.so.6(+0x3fc30)[0x146d6ac3fc30]
[genoahost095:2400148] [ 1] /lib64/libc.so.6(+0x8d02c)[0x146d6ac8d02c]
[genoahost095:2400148] [ 2] /lib64/libc.so.6(raise+0x16)[0x146d6ac3fb86]
[genoahost095:2400148] [ 3] /lib64/libc.so.6(abort+0xd3)[0x146d6ac29873]
[genoahost095:2400148] [ 4] /lib64/libc.so.6(+0x2979b)[0x146d6ac2979b]
[genoahost095:2400148] [ 5] /lib64/libc.so.6(+0x388c6)[0x146d6ac388c6]
[genoahost095:2400148] [ 6] /direct/sdcc+u/poare/Grid/build/examples/./Example_spec_kryschur[0x44da1d]
[genoahost095:2400148] [ 7] /direct/sdcc+u/poare/Grid/build/examples/./Example_spec_kryschur[0x42f64a]
[genoahost095:2400148] [ 8] /direct/sdcc+u/poare/Grid/build/examples/./Example_spec_kryschur[0x412670]
[genoahost095:2400148] [ 9] /lib64/libc.so.6(+0x2a610)[0x146d6ac2a610]
[genoahost095:2400148] [10] /lib64/libc.so.6(__libc_start_main+0x80)[0x146d6ac2a6c0]
[genoahost095:2400148] [11] /direct/sdcc+u/poare/Grid/build/examples/./Example_spec_kryschur[0x414705]
[genoahost095:2400148] *** End of error message ***
Example_spec_kryschur: /direct/sdcc+u/poare/Grid/Grid/parallelIO/NerscIO.h:79: static int Grid::NerscIO::readHeader(std::string, Grid::GridBase*, Grid::FieldMetaData&): Assertion `line==std::string("BEGIN_HEADER")' failed.
[genoahost094:2387381] *** Process received signal ***
[genoahost094:2387381] Signal: Aborted (6)
[genoahost094:2387381] Signal code:  (-6)
Example_spec_kryschur: /direct/sdcc+u/poare/Grid/Grid/parallelIO/NerscIO.h:79: static int Grid::NerscIO::readHeader(std::string, Grid::GridBase*, Grid::FieldMetaData&): Assertion `line==std::string("BEGIN_HEADER")' failed.
[genoahost095:2400160] *** Process received signal ***
[genoahost095:2400160] Signal: Aborted (6)
[genoahost095:2400160] Signal code:  (-6)
[genoahost094:2387381] [ 0] /lib64/libc.so.6(+0x3fc30)[0x15293303fc30]
[genoahost094:2387381] [ 1] /lib64/libc.so.6(+0x8d02c)[0x15293308d02c]
[genoahost094:2387381] [ 2] /lib64/libc.so.6(raise+0x16)[0x15293303fb86]
[genoahost095:2400160] [ 0] /lib64/libc.so.6(+0x3fc30)[0x153e9783fc30]
[genoahost094:2387381] [ 3] /lib64/libc.so.6(abort+0xd3)[0x152933029873]
[genoahost095:2400160] [ 1] /lib64/libc.so.6(+0x8d02c)[0x153e9788d02c]
[genoahost094:2387381] [ 4] /lib64/libc.so.6(+0x2979b)[0x15293302979b]
[genoahost095:2400160] [ 2] /lib64/libc.so.6(raise+0x16)[0x153e9783fb86]
[genoahost094:2387381] [ 5] /lib64/libc.so.6(+0x388c6)[0x1529330388c6]
[genoahost094:2387381] [ 6] /direct/sdcc+u/poare/Grid/build/examples/./Example_spec_kryschur[0x44da1d]
[genoahost094:2387381] [ 7] /direct/sdcc+u/poare/Grid/build/examples/./Example_spec_kryschur[0x42f64a]
[genoahost095:2400160] [ 3] /lib64/libc.so.6(abort+0xd3)[0x153e97829873]
[genoahost094:2387381] [ 8] /direct/sdcc+u/poare/Grid/build/examples/./Example_spec_kryschur[0x412670]
[genoahost095:2400160] [ 4] /lib64/libc.so.6(+0x2979b)[0x153e9782979b]
[genoahost095:2400160] [ 5] /lib64/libc.so.6(+0x388c6)[0x153e978388c6]
[genoahost094:2387381] [ 9] /lib64/libc.so.6(+0x2a610)[0x15293302a610]
[genoahost095:2400160] [ 6] /direct/sdcc+u/poare/Grid/build/examples/./Example_spec_kryschur[0x44da1d]
[genoahost095:2400160] [ 7] /direct/sdcc+u/poare/Grid/build/examples/./Example_spec_kryschur[0x42f64a]
[genoahost095:2400160] [ 8] /direct/sdcc+u/poare/Grid/build/examples/./Example_spec_kryschur[0x412670]
[genoahost094:2387381] [10] /lib64/libc.so.6(__libc_start_main+0x80)[0x15293302a6c0]
[genoahost094:2387381] [11] /direct/sdcc+u/poare/Grid/build/examples/./Example_spec_kryschur[0x414705]
[genoahost094:2387381] *** End of error message ***
[genoahost095:2400160] [ 9] /lib64/libc.so.6(+0x2a610)[0x153e9782a610]
[genoahost095:2400160] [10] /lib64/libc.so.6(__libc_start_main+0x80)[0x153e9782a6c0]
[genoahost095:2400160] [11] /direct/sdcc+u/poare/Grid/build/examples/./Example_spec_kryschur[0x414705]
[genoahost095:2400160] *** End of error message ***
Example_spec_kryschur: /direct/sdcc+u/poare/Grid/Grid/parallelIO/NerscIO.h:79: static int Grid::NerscIO::readHeader(std::string, Grid::GridBase*, Grid::FieldMetaData&): Assertion `line==std::string("BEGIN_HEADER")' failed.
[genoahost096:2316790] *** Process received signal ***
[genoahost096:2316790] Signal: Aborted (6)
[genoahost096:2316790] Signal code:  (-6)
[genoahost096:2316790] [ 0] /lib64/libc.so.6(+0x3fc30)[0x14bed603fc30]
Example_spec_kryschur: /direct/sdcc+u/poare/Grid/Grid/parallelIO/NerscIO.h:79: static int Grid::NerscIO::readHeader(std::string, Grid::GridBase*, Grid::FieldMetaData&): Assertion `line==std::string("BEGIN_HEADER")' failed.
[genoahost095:2400152] *** Process received signal ***
[genoahost095:2400152] Signal: Aborted (6)
[genoahost095:2400152] Signal code:  (-6)
[genoahost095:2400152] [ 0] /lib64/libc.so.6(+0x3fc30)[0x154030a3fc30]
[genoahost095:2400152] [ 1] /lib64/libc.so.6(+0x8d02c)[0x154030a8d02c]
[genoahost095:2400152] [ 2] /lib64/libc.so.6(raise+0x16)[0x154030a3fb86]
[genoahost095:2400152] [ 3] /lib64/libc.so.6(abort+0xd3)[0x154030a29873]
[genoahost095:2400152] [ 4] /lib64/libc.so.6(+0x2979b)[0x154030a2979b]
[genoahost095:2400152] [ 5] /lib64/libc.so.6(+0x388c6)[0x154030a388c6]
[genoahost095:2400152] [ 6] /direct/sdcc+u/poare/Grid/build/examples/./Example_spec_kryschur[0x44da1d]
[genoahost095:2400152] [ 7] /direct/sdcc+u/poare/Grid/build/examples/./Example_spec_kryschur[0x42f64a]
[genoahost096:2316790] [ 1] /lib64/libc.so.6(+0x8d02c)[0x14bed608d02c]
[genoahost096:2316790] [ 2] /lib64/libc.so.6(raise+0x16)[0x14bed603fb86]
[genoahost095:2400152] [ 8] /direct/sdcc+u/poare/Grid/build/examples/./Example_spec_kryschur[0x412670]
[genoahost095:2400152] [ 9] /lib64/libc.so.6(+0x2a610)[0x154030a2a610]
[genoahost095:2400152] [10] /lib64/libc.so.6(__libc_start_main+0x80)[0x154030a2a6c0]
[genoahost095:2400152] [11] /direct/sdcc+u/poare/Grid/build/examples/./Example_spec_kryschur[0x414705]
[genoahost095:2400152] *** End of error message ***
[genoahost096:2316790] [ 3] /lib64/libc.so.6(abort+0xd3)[0x14bed6029873]
[genoahost096:2316790] [ 4] /lib64/libc.so.6(+0x2979b)[0x14bed602979b]
[genoahost096:2316790] [ 5] /lib64/libc.so.6(+0x388c6)[0x14bed60388c6]
[genoahost096:2316790] [ 6] /direct/sdcc+u/poare/Grid/build/examples/./Example_spec_kryschur[0x44da1d]
[genoahost096:2316790] [ 7] /direct/sdcc+u/poare/Grid/build/examples/./Example_spec_kryschur[0x42f64a]
[genoahost096:2316790] [ 8] /direct/sdcc+u/poare/Grid/build/examples/./Example_spec_kryschur[0x412670]
[genoahost096:2316790] [ 9] /lib64/libc.so.6(+0x2a610)[0x14bed602a610]
[genoahost096:2316790] [10] /lib64/libc.so.6(__libc_start_main+0x80)[0x14bed602a6c0]
[genoahost096:2316790] [11] /direct/sdcc+u/poare/Grid/build/examples/./Example_spec_kryschur[0x414705]
[genoahost096:2316790] *** End of error message ***
Example_spec_kryschur: /direct/sdcc+u/poare/Grid/Grid/parallelIO/NerscIO.h:79: static int Grid::NerscIO::readHeader(std::string, Grid::GridBase*, Grid::FieldMetaData&): Assertion `line==std::string("BEGIN_HEADER")' failed.
[genoahost094:2387375] *** Process received signal ***
[genoahost094:2387375] Signal: Aborted (6)
[genoahost094:2387375] Signal code:  (-6)
[genoahost094:2387375] [ 0] /lib64/libc.so.6(+0x3fc30)[0x154f68c3fc30]
[genoahost094:2387375] [ 1] /lib64/libc.so.6(+0x8d02c)[0x154f68c8d02c]
[genoahost094:2387375] [ 2] /lib64/libc.so.6(raise+0x16)[0x154f68c3fb86]
[genoahost094:2387375] [ 3] /lib64/libc.so.6(abort+0xd3)[0x154f68c29873]
[genoahost094:2387375] [ 4] /lib64/libc.so.6(+0x2979b)[0x154f68c2979b]
[genoahost094:2387375] [ 5] /lib64/libc.so.6(+0x388c6)[0x154f68c388c6]
[genoahost094:2387375] [ 6] /direct/sdcc+u/poare/Grid/build/examples/./Example_spec_kryschur[0x44da1d]
[genoahost094:2387375] [ 7] /direct/sdcc+u/poare/Grid/build/examples/./Example_spec_kryschur[0x42f64a]
[genoahost094:2387375] [ 8] /direct/sdcc+u/poare/Grid/build/examples/./Example_spec_kryschur[0x412670]
[genoahost094:2387375] [ 9] /lib64/libc.so.6(+0x2a610)[0x154f68c2a610]
[genoahost094:2387375] [10] /lib64/libc.so.6(__libc_start_main+0x80)[0x154f68c2a6c0]
[genoahost094:2387375] [11] /direct/sdcc+u/poare/Grid/build/examples/./Example_spec_kryschur[0x414705]
[genoahost094:2387375] *** End of error message ***
Example_spec_kryschur: /direct/sdcc+u/poare/Grid/Grid/parallelIO/NerscIO.h:79: static int Grid::NerscIO::readHeader(std::string, Grid::GridBase*, Grid::FieldMetaData&): Assertion `line==std::string("BEGIN_HEADER")' failed.
[genoahost094:2387384] *** Process received signal ***
[genoahost094:2387384] Signal: Aborted (6)
[genoahost094:2387384] Signal code:  (-6)
[genoahost094:2387384] [ 0] /lib64/libc.so.6(+0x3fc30)[0x14878563fc30]
[genoahost094:2387384] [ 1] /lib64/libc.so.6(+0x8d02c)[0x14878568d02c]
[genoahost094:2387384] [ 2] /lib64/libc.so.6(raise+0x16)[0x14878563fb86]
[genoahost094:2387384] [ 3] /lib64/libc.so.6(abort+0xd3)[0x148785629873]
[genoahost094:2387384] [ 4] /lib64/libc.so.6(+0x2979b)[0x14878562979b]
[genoahost094:2387384] [ 5] /lib64/libc.so.6(+0x388c6)[0x1487856388c6]
[genoahost094:2387384] [ 6] /direct/sdcc+u/poare/Grid/build/examples/./Example_spec_kryschur[0x44da1d]
[genoahost094:2387384] [ 7] /direct/sdcc+u/poare/Grid/build/examples/./Example_spec_kryschur[0x42f64a]
[genoahost094:2387384] [ 8] /direct/sdcc+u/poare/Grid/build/examples/./Example_spec_kryschur[0x412670]
[genoahost094:2387384] [ 9] /lib64/libc.so.6(+0x2a610)[0x14878562a610]
[genoahost094:2387384] [10] /lib64/libc.so.6(__libc_start_main+0x80)[0x14878562a6c0]
[genoahost094:2387384] [11] /direct/sdcc+u/poare/Grid/build/examples/./Example_spec_kryschur[0x414705]
[genoahost094:2387384] *** End of error message ***
Example_spec_kryschur: /direct/sdcc+u/poare/Grid/Grid/parallelIO/NerscIO.h:79: static int Grid::NerscIO::readHeader(std::string, Grid::GridBase*, Grid::FieldMetaData&): Assertion `line==std::string("BEGIN_HEADER")' failed.
[genoahost094:2387383] *** Process received signal ***
[genoahost094:2387383] Signal: Aborted (6)
[genoahost094:2387383] Signal code:  (-6)
[genoahost094:2387383] [ 0] /lib64/libc.so.6(+0x3fc30)[0x1516e1c3fc30]
[genoahost094:2387383] [ 1] /lib64/libc.so.6(+0x8d02c)[0x1516e1c8d02c]
[genoahost094:2387383] [ 2] /lib64/libc.so.6(raise+0x16)[0x1516e1c3fb86]
[genoahost094:2387383] [ 3] /lib64/libc.so.6(abort+0xd3)[0x1516e1c29873]
[genoahost094:2387383] [ 4] /lib64/libc.so.6(+0x2979b)[0x1516e1c2979b]
[genoahost094:2387383] [ 5] /lib64/libc.so.6(+0x388c6)[0x1516e1c388c6]
[genoahost094:2387383] [ 6] /direct/sdcc+u/poare/Grid/build/examples/./Example_spec_kryschur[0x44da1d]
[genoahost094:2387383] [ 7] /direct/sdcc+u/poare/Grid/build/examples/./Example_spec_kryschur[0x42f64a]
[genoahost094:2387383] [ 8] /direct/sdcc+u/poare/Grid/build/examples/./Example_spec_kryschur[0x412670]
[genoahost094:2387383] [ 9] /lib64/libc.so.6(+0x2a610)[0x1516e1c2a610]
[genoahost094:2387383] [10] /lib64/libc.so.6(__libc_start_main+0x80)[0x1516e1c2a6c0]
[genoahost094:2387383] [11] /direct/sdcc+u/poare/Grid/build/examples/./Example_spec_kryschur[0x414705]
[genoahost094:2387383] *** End of error message ***
Example_spec_kryschur: /direct/sdcc+u/poare/Grid/Grid/parallelIO/NerscIO.h:79: static int Grid::NerscIO::readHeader(std::string, Grid::GridBase*, Grid::FieldMetaData&): Assertion `line==std::string("BEGIN_HEADER")' failed.
[genoahost094:2387374] *** Process received signal ***
[genoahost094:2387374] Signal: Aborted (6)
[genoahost094:2387374] Signal code:  (-6)
[genoahost094:2387374] [ 0] /lib64/libc.so.6(+0x3fc30)[0x145d1343fc30]
[genoahost094:2387374] [ 1] /lib64/libc.so.6(+0x8d02c)[0x145d1348d02c]
[genoahost094:2387374] [ 2] /lib64/libc.so.6(raise+0x16)[0x145d1343fb86]
[genoahost094:2387374] [ 3] /lib64/libc.so.6(abort+0xd3)[0x145d13429873]
[genoahost094:2387374] [ 4] /lib64/libc.so.6(+0x2979b)[0x145d1342979b]
[genoahost094:2387374] [ 5] /lib64/libc.so.6(+0x388c6)[0x145d134388c6]
[genoahost094:2387374] [ 6] /direct/sdcc+u/poare/Grid/build/examples/./Example_spec_kryschur[0x44da1d]
[genoahost094:2387374] [ 7] /direct/sdcc+u/poare/Grid/build/examples/./Example_spec_kryschur[0x42f64a]
[genoahost094:2387374] [ 8] /direct/sdcc+u/poare/Grid/build/examples/./Example_spec_kryschur[0x412670]
[genoahost094:2387374] [ 9] /lib64/libc.so.6(+0x2a610)[0x145d1342a610]
[genoahost094:2387374] [10] /lib64/libc.so.6(__libc_start_main+0x80)[0x145d1342a6c0]
[genoahost094:2387374] [11] /direct/sdcc+u/poare/Grid/build/examples/./Example_spec_kryschur[0x414705]
[genoahost094:2387374] *** End of error message ***
Example_spec_kryschur: /direct/sdcc+u/poare/Grid/Grid/parallelIO/NerscIO.h:79: static int Grid::NerscIO::readHeader(std::string, Grid::GridBase*, Grid::FieldMetaData&): Assertion `line==std::string("BEGIN_HEADER")' failed.
[genoahost094:2387376] *** Process received signal ***
[genoahost094:2387376] Signal: Aborted (6)
[genoahost094:2387376] Signal code:  (-6)
[genoahost094:2387376] [ 0] /lib64/libc.so.6(+0x3fc30)[0x148869a3fc30]
[genoahost094:2387376] [ 1] /lib64/libc.so.6(+0x8d02c)[0x148869a8d02c]
[genoahost094:2387376] [ 2] /lib64/libc.so.6(raise+0x16)[0x148869a3fb86]
[genoahost094:2387376] [ 3] /lib64/libc.so.6(abort+0xd3)[0x148869a29873]
[genoahost094:2387376] [ 4] /lib64/libc.so.6(+0x2979b)[0x148869a2979b]
[genoahost094:2387376] [ 5] /lib64/libc.so.6(+0x388c6)[0x148869a388c6]
[genoahost094:2387376] [ 6] /direct/sdcc+u/poare/Grid/build/examples/./Example_spec_kryschur[0x44da1d]
[genoahost094:2387376] [ 7] /direct/sdcc+u/poare/Grid/build/examples/./Example_spec_kryschur[0x42f64a]
[genoahost094:2387376] [ 8] /direct/sdcc+u/poare/Grid/build/examples/./Example_spec_kryschur[0x412670]
[genoahost094:2387376] [ 9] /lib64/libc.so.6(+0x2a610)[0x148869a2a610]
[genoahost094:2387376] [10] /lib64/libc.so.6(__libc_start_main+0x80)[0x148869a2a6c0]
[genoahost094:2387376] [11] /direct/sdcc+u/poare/Grid/build/examples/./Example_spec_kryschur[0x414705]
[genoahost094:2387376] *** End of error message ***
Example_spec_kryschur: /direct/sdcc+u/poare/Grid/Grid/parallelIO/NerscIO.h:79: static int Grid::NerscIO::readHeader(std::string, Grid::GridBase*, Grid::FieldMetaData&): Assertion `line==std::string("BEGIN_HEADER")' failed.
[genoahost094:2387379] *** Process received signal ***
[genoahost094:2387379] Signal: Aborted (6)
[genoahost094:2387379] Signal code:  (-6)
[genoahost094:2387379] [ 0] /lib64/libc.so.6(+0x3fc30)[0x14a8bea3fc30]
[genoahost094:2387379] [ 1] /lib64/libc.so.6(+0x8d02c)[0x14a8bea8d02c]
[genoahost094:2387379] [ 2] /lib64/libc.so.6(raise+0x16)[0x14a8bea3fb86]
[genoahost094:2387379] [ 3] /lib64/libc.so.6(abort+0xd3)[0x14a8bea29873]
[genoahost094:2387379] [ 4] /lib64/libc.so.6(+0x2979b)[0x14a8bea2979b]
[genoahost094:2387379] [ 5] /lib64/libc.so.6(+0x388c6)[0x14a8bea388c6]
[genoahost094:2387379] [ 6] /direct/sdcc+u/poare/Grid/build/examples/./Example_spec_kryschur[0x44da1d]
[genoahost094:2387379] [ 7] /direct/sdcc+u/poare/Grid/build/examples/./Example_spec_kryschur[0x42f64a]
[genoahost094:2387379] [ 8] /direct/sdcc+u/poare/Grid/build/examples/./Example_spec_kryschur[0x412670]
[genoahost094:2387379] [ 9] /lib64/libc.so.6(+0x2a610)[0x14a8bea2a610]
[genoahost094:2387379] [10] /lib64/libc.so.6(__libc_start_main+0x80)[0x14a8bea2a6c0]
[genoahost094:2387379] [11] /direct/sdcc+u/poare/Grid/build/examples/./Example_spec_kryschur[0x414705]
[genoahost094:2387379] *** End of error message ***
Example_spec_kryschur: /direct/sdcc+u/poare/Grid/Grid/parallelIO/NerscIO.h:79: static int Grid::NerscIO::readHeader(std::string, Grid::GridBase*, Grid::FieldMetaData&): Assertion `line==std::string("BEGIN_HEADER")' failed.
[genoahost094:2387380] *** Process received signal ***
[genoahost094:2387380] Signal: Aborted (6)
[genoahost094:2387380] Signal code:  (-6)
[genoahost094:2387380] [ 0] /lib64/libc.so.6(+0x3fc30)[0x14ab5783fc30]
[genoahost094:2387380] [ 1] /lib64/libc.so.6(+0x8d02c)[0x14ab5788d02c]
[genoahost094:2387380] [ 2] /lib64/libc.so.6(raise+0x16)[0x14ab5783fb86]
[genoahost094:2387380] [ 3] /lib64/libc.so.6(abort+0xd3)[0x14ab57829873]
[genoahost094:2387380] [ 4] /lib64/libc.so.6(+0x2979b)[0x14ab5782979b]
[genoahost094:2387380] [ 5] /lib64/libc.so.6(+0x388c6)[0x14ab578388c6]
[genoahost094:2387380] [ 6] /direct/sdcc+u/poare/Grid/build/examples/./Example_spec_kryschur[0x44da1d]
[genoahost094:2387380] [ 7] /direct/sdcc+u/poare/Grid/build/examples/./Example_spec_kryschur[0x42f64a]
[genoahost094:2387380] [ 8] /direct/sdcc+u/poare/Grid/build/examples/./Example_spec_kryschur[0x412670]
[genoahost094:2387380] [ 9] /lib64/libc.so.6(+0x2a610)[0x14ab5782a610]
[genoahost094:2387380] [10] /lib64/libc.so.6(__libc_start_main+0x80)[0x14ab5782a6c0]
[genoahost094:2387380] [11] /direct/sdcc+u/poare/Grid/build/examples/./Example_spec_kryschur[0x414705]
[genoahost094:2387380] *** End of error message ***
Example_spec_kryschur: /direct/sdcc+u/poare/Grid/Grid/parallelIO/NerscIO.h:79: static int Grid::NerscIO::readHeader(std::string, Grid::GridBase*, Grid::FieldMetaData&): Assertion `line==std::string("BEGIN_HEADER")' failed.
[genoahost096:2316799] *** Process received signal ***
[genoahost096:2316799] Signal: Aborted (6)
[genoahost096:2316799] Signal code:  (-6)
[genoahost096:2316799] [ 0] /lib64/libc.so.6(+0x3fc30)[0x14f15843fc30]
[genoahost096:2316799] [ 1] /lib64/libc.so.6(+0x8d02c)[0x14f15848d02c]
[genoahost096:2316799] [ 2] /lib64/libc.so.6(raise+0x16)[0x14f15843fb86]
[genoahost096:2316799] [ 3] /lib64/libc.so.6(abort+0xd3)[0x14f158429873]
[genoahost096:2316799] [ 4] /lib64/libc.so.6(+0x2979b)[0x14f15842979b]
[genoahost096:2316799] [ 5] /lib64/libc.so.6(+0x388c6)[0x14f1584388c6]
[genoahost096:2316799] [ 6] /direct/sdcc+u/poare/Grid/build/examples/./Example_spec_kryschur[0x44da1d]
[genoahost096:2316799] [ 7] /direct/sdcc+u/poare/Grid/build/examples/./Example_spec_kryschur[0x42f64a]
[genoahost096:2316799] [ 8] /direct/sdcc+u/poare/Grid/build/examples/./Example_spec_kryschur[0x412670]
[genoahost096:2316799] [ 9] /lib64/libc.so.6(+0x2a610)[0x14f15842a610]
[genoahost096:2316799] [10] /lib64/libc.so.6(__libc_start_main+0x80)[0x14f15842a6c0]
[genoahost096:2316799] [11] /direct/sdcc+u/poare/Grid/build/examples/./Example_spec_kryschur[0x414705]
[genoahost096:2316799] *** End of error message ***
Example_spec_kryschur: /direct/sdcc+u/poare/Grid/Grid/parallelIO/NerscIO.h:79: static int Grid::NerscIO::readHeader(std::string, Grid::GridBase*, Grid::FieldMetaData&): Assertion `line==std::string("BEGIN_HEADER")' failed.
[genoahost096:2316803] *** Process received signal ***
[genoahost096:2316803] Signal: Aborted (6)
[genoahost096:2316803] Signal code:  (-6)
[genoahost096:2316803] [ 0] /lib64/libc.so.6(+0x3fc30)[0x1528c383fc30]
[genoahost096:2316803] [ 1] /lib64/libc.so.6(+0x8d02c)[0x1528c388d02c]
[genoahost096:2316803] [ 2] /lib64/libc.so.6(raise+0x16)[0x1528c383fb86]
[genoahost096:2316803] [ 3] /lib64/libc.so.6(abort+0xd3)[0x1528c3829873]
[genoahost096:2316803] [ 4] /lib64/libc.so.6(+0x2979b)[0x1528c382979b]
[genoahost096:2316803] [ 5] /lib64/libc.so.6(+0x388c6)[0x1528c38388c6]
[genoahost096:2316803] [ 6] /direct/sdcc+u/poare/Grid/build/examples/./Example_spec_kryschur[0x44da1d]
[genoahost096:2316803] [ 7] /direct/sdcc+u/poare/Grid/build/examples/./Example_spec_kryschur[0x42f64a]
[genoahost096:2316803] [ 8] /direct/sdcc+u/poare/Grid/build/examples/./Example_spec_kryschur[0x412670]
[genoahost096:2316803] [ 9] /lib64/libc.so.6(+0x2a610)[0x1528c382a610]
[genoahost096:2316803] [10] /lib64/libc.so.6(__libc_start_main+0x80)[0x1528c382a6c0]
[genoahost096:2316803] [11] /direct/sdcc+u/poare/Grid/build/examples/./Example_spec_kryschur[0x414705]
[genoahost096:2316803] *** End of error message ***
Example_spec_kryschur: /direct/sdcc+u/poare/Grid/Grid/parallelIO/NerscIO.h:79: static int Grid::NerscIO::readHeader(std::string, Grid::GridBase*, Grid::FieldMetaData&): Assertion `line==std::string("BEGIN_HEADER")' failed.
[genoahost096:2316797] *** Process received signal ***
[genoahost096:2316797] Signal: Aborted (6)
[genoahost096:2316797] Signal code:  (-6)
[genoahost096:2316797] [ 0] /lib64/libc.so.6(+0x3fc30)[0x146598e3fc30]
[genoahost096:2316797] [ 1] /lib64/libc.so.6(+0x8d02c)[0x146598e8d02c]
[genoahost096:2316797] [ 2] /lib64/libc.so.6(raise+0x16)[0x146598e3fb86]
[genoahost096:2316797] [ 3] /lib64/libc.so.6(abort+0xd3)[0x146598e29873]
[genoahost096:2316797] [ 4] /lib64/libc.so.6(+0x2979b)[0x146598e2979b]
[genoahost096:2316797] [ 5] /lib64/libc.so.6(+0x388c6)[0x146598e388c6]
[genoahost096:2316797] [ 6] /direct/sdcc+u/poare/Grid/build/examples/./Example_spec_kryschur[0x44da1d]
[genoahost096:2316797] [ 7] /direct/sdcc+u/poare/Grid/build/examples/./Example_spec_kryschur[0x42f64a]
[genoahost096:2316797] [ 8] /direct/sdcc+u/poare/Grid/build/examples/./Example_spec_kryschur[0x412670]
[genoahost096:2316797] [ 9] /lib64/libc.so.6(+0x2a610)[0x146598e2a610]
[genoahost096:2316797] [10] /lib64/libc.so.6(__libc_start_main+0x80)[0x146598e2a6c0]
[genoahost096:2316797] [11] /direct/sdcc+u/poare/Grid/build/examples/./Example_spec_kryschur[0x414705]
[genoahost096:2316797] *** End of error message ***
Example_spec_kryschur: /direct/sdcc+u/poare/Grid/Grid/parallelIO/NerscIO.h:79: static int Grid::NerscIO::readHeader(std::string, Grid::GridBase*, Grid::FieldMetaData&): Assertion `line==std::string("BEGIN_HEADER")' failed.
[genoahost096:2316792] *** Process received signal ***
[genoahost096:2316792] Signal: Aborted (6)
[genoahost096:2316792] Signal code:  (-6)
[genoahost096:2316792] [ 0] /lib64/libc.so.6(+0x3fc30)[0x14a7c463fc30]
[genoahost096:2316792] [ 1] /lib64/libc.so.6(+0x8d02c)[0x14a7c468d02c]
[genoahost096:2316792] [ 2] /lib64/libc.so.6(raise+0x16)[0x14a7c463fb86]
[genoahost096:2316792] [ 3] /lib64/libc.so.6(abort+0xd3)[0x14a7c4629873]
[genoahost096:2316792] [ 4] /lib64/libc.so.6(+0x2979b)[0x14a7c462979b]
[genoahost096:2316792] [ 5] /lib64/libc.so.6(+0x388c6)[0x14a7c46388c6]
[genoahost096:2316792] [ 6] /direct/sdcc+u/poare/Grid/build/examples/./Example_spec_kryschur[0x44da1d]
[genoahost096:2316792] [ 7] /direct/sdcc+u/poare/Grid/build/examples/./Example_spec_kryschur[0x42f64a]
[genoahost096:2316792] [ 8] /direct/sdcc+u/poare/Grid/build/examples/./Example_spec_kryschur[0x412670]
[genoahost096:2316792] [ 9] /lib64/libc.so.6(+0x2a610)[0x14a7c462a610]
[genoahost096:2316792] [10] /lib64/libc.so.6(__libc_start_main+0x80)[0x14a7c462a6c0]
[genoahost096:2316792] [11] /direct/sdcc+u/poare/Grid/build/examples/./Example_spec_kryschur[0x414705]
[genoahost096:2316792] *** End of error message ***
Example_spec_kryschur: /direct/sdcc+u/poare/Grid/Grid/parallelIO/NerscIO.h:79: static int Grid::NerscIO::readHeader(std::string, Grid::GridBase*, Grid::FieldMetaData&): Assertion `line==std::string("BEGIN_HEADER")' failed.
[genoahost096:2316802] *** Process received signal ***
[genoahost096:2316802] Signal: Aborted (6)
[genoahost096:2316802] Signal code:  (-6)
[genoahost096:2316802] [ 0] /lib64/libc.so.6(+0x3fc30)[0x14dbb723fc30]
[genoahost096:2316802] [ 1] /lib64/libc.so.6(+0x8d02c)[0x14dbb728d02c]
[genoahost096:2316802] [ 2] /lib64/libc.so.6(raise+0x16)[0x14dbb723fb86]
[genoahost096:2316802] [ 3] /lib64/libc.so.6(abort+0xd3)[0x14dbb7229873]
[genoahost096:2316802] [ 4] /lib64/libc.so.6(+0x2979b)[0x14dbb722979b]
[genoahost096:2316802] [ 5] /lib64/libc.so.6(+0x388c6)[0x14dbb72388c6]
[genoahost096:2316802] [ 6] /direct/sdcc+u/poare/Grid/build/examples/./Example_spec_kryschur[0x44da1d]
[genoahost096:2316802] [ 7] /direct/sdcc+u/poare/Grid/build/examples/./Example_spec_kryschur[0x42f64a]
[genoahost096:2316802] [ 8] /direct/sdcc+u/poare/Grid/build/examples/./Example_spec_kryschur[0x412670]
[genoahost096:2316802] [ 9] /lib64/libc.so.6(+0x2a610)[0x14dbb722a610]
[genoahost096:2316802] [10] /lib64/libc.so.6(__libc_start_main+0x80)[0x14dbb722a6c0]
[genoahost096:2316802] [11] /direct/sdcc+u/poare/Grid/build/examples/./Example_spec_kryschur[0x414705]
[genoahost096:2316802] *** End of error message ***
Example_spec_kryschur: /direct/sdcc+u/poare/Grid/Grid/parallelIO/NerscIO.h:79: static int Grid::NerscIO::readHeader(std::string, Grid::GridBase*, Grid::FieldMetaData&): Assertion `line==std::string("BEGIN_HEADER")' failed.
[genoahost096:2316796] *** Process received signal ***
[genoahost096:2316796] Signal: Aborted (6)
[genoahost096:2316796] Signal code:  (-6)
[genoahost096:2316796] [ 0] /lib64/libc.so.6(+0x3fc30)[0x14e98e43fc30]
[genoahost096:2316796] [ 1] /lib64/libc.so.6(+0x8d02c)[0x14e98e48d02c]
[genoahost096:2316796] [ 2] /lib64/libc.so.6(raise+0x16)[0x14e98e43fb86]
[genoahost096:2316796] [ 3] /lib64/libc.so.6(abort+0xd3)[0x14e98e429873]
[genoahost096:2316796] [ 4] /lib64/libc.so.6(+0x2979b)[0x14e98e42979b]
[genoahost096:2316796] [ 5] /lib64/libc.so.6(+0x388c6)[0x14e98e4388c6]
[genoahost096:2316796] [ 6] /direct/sdcc+u/poare/Grid/build/examples/./Example_spec_kryschur[0x44da1d]
[genoahost096:2316796] [ 7] /direct/sdcc+u/poare/Grid/build/examples/./Example_spec_kryschur[0x42f64a]
[genoahost096:2316796] [ 8] /direct/sdcc+u/poare/Grid/build/examples/./Example_spec_kryschur[0x412670]
[genoahost096:2316796] [ 9] /lib64/libc.so.6(+0x2a610)[0x14e98e42a610]
[genoahost096:2316796] [10] /lib64/libc.so.6(__libc_start_main+0x80)[0x14e98e42a6c0]
[genoahost096:2316796] [11] /direct/sdcc+u/poare/Grid/build/examples/./Example_spec_kryschur[0x414705]
[genoahost096:2316796] *** End of error message ***
Example_spec_kryschur: /direct/sdcc+u/poare/Grid/Grid/parallelIO/NerscIO.h:79: static int Grid::NerscIO::readHeader(std::string, Grid::GridBase*, Grid::FieldMetaData&): Assertion `line==std::string("BEGIN_HEADER")' failed.
[genoahost096:2316798] *** Process received signal ***
[genoahost096:2316798] Signal: Aborted (6)
[genoahost096:2316798] Signal code:  (-6)
[genoahost096:2316798] [ 0] /lib64/libc.so.6(+0x3fc30)[0x14921323fc30]
[genoahost096:2316798] [ 1] /lib64/libc.so.6(+0x8d02c)[0x14921328d02c]
[genoahost096:2316798] [ 2] /lib64/libc.so.6(raise+0x16)[0x14921323fb86]
[genoahost096:2316798] [ 3] /lib64/libc.so.6(abort+0xd3)[0x149213229873]
[genoahost096:2316798] [ 4] /lib64/libc.so.6(+0x2979b)[0x14921322979b]
[genoahost096:2316798] [ 5] /lib64/libc.so.6(+0x388c6)[0x1492132388c6]
[genoahost096:2316798] [ 6] /direct/sdcc+u/poare/Grid/build/examples/./Example_spec_kryschur[0x44da1d]
[genoahost096:2316798] [ 7] /direct/sdcc+u/poare/Grid/build/examples/./Example_spec_kryschur[0x42f64a]
[genoahost096:2316798] [ 8] /direct/sdcc+u/poare/Grid/build/examples/./Example_spec_kryschur[0x412670]
[genoahost096:2316798] [ 9] /lib64/libc.so.6(+0x2a610)[0x14921322a610]
[genoahost096:2316798] [10] /lib64/libc.so.6(__libc_start_main+0x80)[0x14921322a6c0]
[genoahost096:2316798] [11] /direct/sdcc+u/poare/Grid/build/examples/./Example_spec_kryschur[0x414705]
[genoahost096:2316798] *** End of error message ***
Example_spec_kryschur: /direct/sdcc+u/poare/Grid/Grid/parallelIO/NerscIO.h:79: static int Grid::NerscIO::readHeader(std::string, Grid::GridBase*, Grid::FieldMetaData&): Assertion `line==std::string("BEGIN_HEADER")' failed.
[genoahost096:2316791] *** Process received signal ***
[genoahost096:2316791] Signal: Aborted (6)
[genoahost096:2316791] Signal code:  (-6)
[genoahost096:2316791] [ 0] /lib64/libc.so.6(+0x3fc30)[0x1543bd43fc30]
[genoahost096:2316791] [ 1] /lib64/libc.so.6(+0x8d02c)[0x1543bd48d02c]
[genoahost096:2316791] [ 2] /lib64/libc.so.6(raise+0x16)[0x1543bd43fb86]
[genoahost096:2316791] [ 3] /lib64/libc.so.6(abort+0xd3)[0x1543bd429873]
[genoahost096:2316791] [ 4] /lib64/libc.so.6(+0x2979b)[0x1543bd42979b]
[genoahost096:2316791] [ 5] /lib64/libc.so.6(+0x388c6)[0x1543bd4388c6]
[genoahost096:2316791] [ 6] /direct/sdcc+u/poare/Grid/build/examples/./Example_spec_kryschur[0x44da1d]
[genoahost096:2316791] [ 7] /direct/sdcc+u/poare/Grid/build/examples/./Example_spec_kryschur[0x42f64a]
[genoahost096:2316791] [ 8] /direct/sdcc+u/poare/Grid/build/examples/./Example_spec_kryschur[0x412670]
[genoahost096:2316791] [ 9] /lib64/libc.so.6(+0x2a610)[0x1543bd42a610]
[genoahost096:2316791] [10] /lib64/libc.so.6(__libc_start_main+0x80)[0x1543bd42a6c0]
[genoahost096:2316791] [11] /direct/sdcc+u/poare/Grid/build/examples/./Example_spec_kryschur[0x414705]
[genoahost096:2316791] *** End of error message ***
Example_spec_kryschur: /direct/sdcc+u/poare/Grid/Grid/parallelIO/NerscIO.h:79: static int Grid::NerscIO::readHeader(std::string, Grid::GridBase*, Grid::FieldMetaData&): Assertion `line==std::string("BEGIN_HEADER")' failed.
[genoahost096:2316794] *** Process received signal ***
[genoahost096:2316794] Signal: Aborted (6)
[genoahost096:2316794] Signal code:  (-6)
[genoahost096:2316794] [ 0] /lib64/libc.so.6(+0x3fc30)[0x14ec66e3fc30]
[genoahost096:2316794] [ 1] /lib64/libc.so.6(+0x8d02c)[0x14ec66e8d02c]
[genoahost096:2316794] [ 2] /lib64/libc.so.6(raise+0x16)[0x14ec66e3fb86]
[genoahost096:2316794] [ 3] /lib64/libc.so.6(abort+0xd3)[0x14ec66e29873]
[genoahost096:2316794] [ 4] /lib64/libc.so.6(+0x2979b)[0x14ec66e2979b]
[genoahost096:2316794] [ 5] /lib64/libc.so.6(+0x388c6)[0x14ec66e388c6]
[genoahost096:2316794] [ 6] /direct/sdcc+u/poare/Grid/build/examples/./Example_spec_kryschur[0x44da1d]
[genoahost096:2316794] [ 7] /direct/sdcc+u/poare/Grid/build/examples/./Example_spec_kryschur[0x42f64a]
[genoahost096:2316794] [ 8] /direct/sdcc+u/poare/Grid/build/examples/./Example_spec_kryschur[0x412670]
[genoahost096:2316794] [ 9] /lib64/libc.so.6(+0x2a610)[0x14ec66e2a610]
[genoahost096:2316794] [10] /lib64/libc.so.6(__libc_start_main+0x80)[0x14ec66e2a6c0]
[genoahost096:2316794] [11] /direct/sdcc+u/poare/Grid/build/examples/./Example_spec_kryschur[0x414705]
[genoahost096:2316794] *** End of error message ***
Example_spec_kryschur: /direct/sdcc+u/poare/Grid/Grid/parallelIO/NerscIO.h:79: static int Grid::NerscIO::readHeader(std::string, Grid::GridBase*, Grid::FieldMetaData&): Assertion `line==std::string("BEGIN_HEADER")' failed.
[genoahost096:2316793] *** Process received signal ***
[genoahost096:2316793] Signal: Aborted (6)
[genoahost096:2316793] Signal code:  (-6)
[genoahost096:2316793] [ 0] /lib64/libc.so.6(+0x3fc30)[0x14d73243fc30]
[genoahost096:2316793] [ 1] /lib64/libc.so.6(+0x8d02c)[0x14d73248d02c]
[genoahost096:2316793] [ 2] /lib64/libc.so.6(raise+0x16)[0x14d73243fb86]
[genoahost096:2316793] [ 3] /lib64/libc.so.6(abort+0xd3)[0x14d732429873]
[genoahost096:2316793] [ 4] /lib64/libc.so.6(+0x2979b)[0x14d73242979b]
[genoahost096:2316793] [ 5] /lib64/libc.so.6(+0x388c6)[0x14d7324388c6]
[genoahost096:2316793] [ 6] /direct/sdcc+u/poare/Grid/build/examples/./Example_spec_kryschur[0x44da1d]
[genoahost096:2316793] [ 7] /direct/sdcc+u/poare/Grid/build/examples/./Example_spec_kryschur[0x42f64a]
[genoahost096:2316793] [ 8] /direct/sdcc+u/poare/Grid/build/examples/./Example_spec_kryschur[0x412670]
[genoahost096:2316793] [ 9] /lib64/libc.so.6(+0x2a610)[0x14d73242a610]
[genoahost096:2316793] [10] /lib64/libc.so.6(__libc_start_main+0x80)[0x14d73242a6c0]
[genoahost096:2316793] [11] /direct/sdcc+u/poare/Grid/build/examples/./Example_spec_kryschur[0x414705]
[genoahost096:2316793] *** End of error message ***
Example_spec_kryschur: /direct/sdcc+u/poare/Grid/Grid/parallelIO/NerscIO.h:79: static int Grid::NerscIO::readHeader(std::string, Grid::GridBase*, Grid::FieldMetaData&): Assertion `line==std::string("BEGIN_HEADER")' failed.
[genoahost096:2316795] *** Process received signal ***
[genoahost096:2316795] Signal: Aborted (6)
[genoahost096:2316795] Signal code:  (-6)
[genoahost096:2316795] [ 0] /lib64/libc.so.6(+0x3fc30)[0x14737303fc30]
[genoahost096:2316795] [ 1] /lib64/libc.so.6(+0x8d02c)[0x14737308d02c]
[genoahost096:2316795] [ 2] /lib64/libc.so.6(raise+0x16)[0x14737303fb86]
[genoahost096:2316795] [ 3] /lib64/libc.so.6(abort+0xd3)[0x147373029873]
[genoahost096:2316795] [ 4] /lib64/libc.so.6(+0x2979b)[0x14737302979b]
[genoahost096:2316795] [ 5] /lib64/libc.so.6(+0x388c6)[0x1473730388c6]
[genoahost096:2316795] [ 6] /direct/sdcc+u/poare/Grid/build/examples/./Example_spec_kryschur[0x44da1d]
[genoahost096:2316795] [ 7] /direct/sdcc+u/poare/Grid/build/examples/./Example_spec_kryschur[0x42f64a]
[genoahost096:2316795] [ 8] /direct/sdcc+u/poare/Grid/build/examples/./Example_spec_kryschur[0x412670]
[genoahost096:2316795] [ 9] /lib64/libc.so.6(+0x2a610)[0x14737302a610]
[genoahost096:2316795] [10] /lib64/libc.so.6(__libc_start_main+0x80)[0x14737302a6c0]
[genoahost096:2316795] [11] /direct/sdcc+u/poare/Grid/build/examples/./Example_spec_kryschur[0x414705]
[genoahost096:2316795] *** End of error message ***
Example_spec_kryschur: /direct/sdcc+u/poare/Grid/Grid/parallelIO/NerscIO.h:79: static int Grid::NerscIO::readHeader(std::string, Grid::GridBase*, Grid::FieldMetaData&): Assertion `line==std::string("BEGIN_HEADER")' failed.
[genoahost096:2316801] *** Process received signal ***
[genoahost096:2316801] Signal: Aborted (6)
[genoahost096:2316801] Signal code:  (-6)
[genoahost096:2316801] [ 0] /lib64/libc.so.6(+0x3fc30)[0x14e73183fc30]
[genoahost096:2316801] [ 1] /lib64/libc.so.6(+0x8d02c)[0x14e73188d02c]
[genoahost096:2316801] [ 2] /lib64/libc.so.6(raise+0x16)[0x14e73183fb86]
[genoahost096:2316801] [ 3] /lib64/libc.so.6(abort+0xd3)[0x14e731829873]
[genoahost096:2316801] [ 4] /lib64/libc.so.6(+0x2979b)[0x14e73182979b]
[genoahost096:2316801] [ 5] /lib64/libc.so.6(+0x388c6)[0x14e7318388c6]
[genoahost096:2316801] [ 6] /direct/sdcc+u/poare/Grid/build/examples/./Example_spec_kryschur[0x44da1d]
[genoahost096:2316801] [ 7] /direct/sdcc+u/poare/Grid/build/examples/./Example_spec_kryschur[0x42f64a]
[genoahost096:2316801] [ 8] /direct/sdcc+u/poare/Grid/build/examples/./Example_spec_kryschur[0x412670]
[genoahost096:2316801] [ 9] /lib64/libc.so.6(+0x2a610)[0x14e73182a610]
[genoahost096:2316801] [10] /lib64/libc.so.6(__libc_start_main+0x80)[0x14e73182a6c0]
[genoahost096:2316801] [11] /direct/sdcc+u/poare/Grid/build/examples/./Example_spec_kryschur[0x414705]
[genoahost096:2316801] *** End of error message ***
Example_spec_kryschur: /direct/sdcc+u/poare/Grid/Grid/parallelIO/NerscIO.h:79: static int Grid::NerscIO::readHeader(std::string, Grid::GridBase*, Grid::FieldMetaData&): Assertion `line==std::string("BEGIN_HEADER")' failed.
[genoahost096:2316804] *** Process received signal ***
[genoahost096:2316804] Signal: Aborted (6)
[genoahost096:2316804] Signal code:  (-6)
[genoahost096:2316804] [ 0] /lib64/libc.so.6(+0x3fc30)[0x14caeb43fc30]
[genoahost096:2316804] [ 1] /lib64/libc.so.6(+0x8d02c)[0x14caeb48d02c]
[genoahost096:2316804] [ 2] /lib64/libc.so.6(raise+0x16)[0x14caeb43fb86]
[genoahost096:2316804] [ 3] /lib64/libc.so.6(abort+0xd3)[0x14caeb429873]
[genoahost096:2316804] [ 4] /lib64/libc.so.6(+0x2979b)[0x14caeb42979b]
[genoahost096:2316804] [ 5] /lib64/libc.so.6(+0x388c6)[0x14caeb4388c6]
[genoahost096:2316804] [ 6] /direct/sdcc+u/poare/Grid/build/examples/./Example_spec_kryschur[0x44da1d]
[genoahost096:2316804] [ 7] /direct/sdcc+u/poare/Grid/build/examples/./Example_spec_kryschur[0x42f64a]
[genoahost096:2316804] [ 8] /direct/sdcc+u/poare/Grid/build/examples/./Example_spec_kryschur[0x412670]
[genoahost096:2316804] [ 9] /lib64/libc.so.6(+0x2a610)[0x14caeb42a610]
[genoahost096:2316804] [10] /lib64/libc.so.6(__libc_start_main+0x80)[0x14caeb42a6c0]
[genoahost096:2316804] [11] /direct/sdcc+u/poare/Grid/build/examples/./Example_spec_kryschur[0x414705]
[genoahost096:2316804] *** End of error message ***
Example_spec_kryschur: /direct/sdcc+u/poare/Grid/Grid/parallelIO/NerscIO.h:79: static int Grid::NerscIO::readHeader(std::string, Grid::GridBase*, Grid::FieldMetaData&): Assertion `line==std::string("BEGIN_HEADER")' failed.
[genoahost096:2316800] *** Process received signal ***
[genoahost096:2316800] Signal: Aborted (6)
[genoahost096:2316800] Signal code:  (-6)
[genoahost096:2316800] [ 0] /lib64/libc.so.6(+0x3fc30)[0x14b29343fc30]
[genoahost096:2316800] [ 1] /lib64/libc.so.6(+0x8d02c)[0x14b29348d02c]
[genoahost096:2316800] [ 2] /lib64/libc.so.6(raise+0x16)[0x14b29343fb86]
[genoahost096:2316800] [ 3] /lib64/libc.so.6(abort+0xd3)[0x14b293429873]
[genoahost096:2316800] [ 4] /lib64/libc.so.6(+0x2979b)[0x14b29342979b]
[genoahost096:2316800] [ 5] /lib64/libc.so.6(+0x388c6)[0x14b2934388c6]
[genoahost096:2316800] [ 6] /direct/sdcc+u/poare/Grid/build/examples/./Example_spec_kryschur[0x44da1d]
[genoahost096:2316800] [ 7] /direct/sdcc+u/poare/Grid/build/examples/./Example_spec_kryschur[0x42f64a]
[genoahost096:2316800] [ 8] /direct/sdcc+u/poare/Grid/build/examples/./Example_spec_kryschur[0x412670]
[genoahost096:2316800] [ 9] /lib64/libc.so.6(+0x2a610)[0x14b29342a610]
[genoahost096:2316800] [10] /lib64/libc.so.6(__libc_start_main+0x80)[0x14b29342a6c0]
[genoahost096:2316800] [11] /direct/sdcc+u/poare/Grid/build/examples/./Example_spec_kryschur[0x414705]
[genoahost096:2316800] *** End of error message ***
Example_spec_kryschur: /direct/sdcc+u/poare/Grid/Grid/parallelIO/NerscIO.h:79: static int Grid::NerscIO::readHeader(std::string, Grid::GridBase*, Grid::FieldMetaData&): Assertion `line==std::string("BEGIN_HEADER")' failed.
[genoahost096:2316805] *** Process received signal ***
[genoahost096:2316805] Signal: Aborted (6)
[genoahost096:2316805] Signal code:  (-6)
[genoahost096:2316805] [ 0] /lib64/libc.so.6(+0x3fc30)[0x154dde83fc30]
[genoahost096:2316805] [ 1] /lib64/libc.so.6(+0x8d02c)[0x154dde88d02c]
[genoahost096:2316805] [ 2] /lib64/libc.so.6(raise+0x16)[0x154dde83fb86]
[genoahost096:2316805] [ 3] /lib64/libc.so.6(abort+0xd3)[0x154dde829873]
[genoahost096:2316805] [ 4] /lib64/libc.so.6(+0x2979b)[0x154dde82979b]
[genoahost096:2316805] [ 5] /lib64/libc.so.6(+0x388c6)[0x154dde8388c6]
[genoahost096:2316805] [ 6] /direct/sdcc+u/poare/Grid/build/examples/./Example_spec_kryschur[0x44da1d]
[genoahost096:2316805] [ 7] /direct/sdcc+u/poare/Grid/build/examples/./Example_spec_kryschur[0x42f64a]
[genoahost096:2316805] [ 8] /direct/sdcc+u/poare/Grid/build/examples/./Example_spec_kryschur[0x412670]
[genoahost096:2316805] [ 9] /lib64/libc.so.6(+0x2a610)[0x154dde82a610]
[genoahost096:2316805] [10] /lib64/libc.so.6(__libc_start_main+0x80)[0x154dde82a6c0]
[genoahost096:2316805] [11] /direct/sdcc+u/poare/Grid/build/examples/./Example_spec_kryschur[0x414705]
[genoahost096:2316805] *** End of error message ***
srun: error: genoahost092: task 59: Aborted (core dumped)
slurmstepd: error:  mpi/pmix_v5: _errhandler: genoahost092 [3]: pmixp_client_v2.c:211: Error handler invoked: status = -61, source = [slurm.pmix.329388.0:59]
slurmstepd: error: *** STEP 329388.0 ON genoahost089 CANCELLED AT 2026-03-04T13:35:45 ***
srun: Job step aborted: Waiting up to 32 seconds for job step to finish.
srun: error: genoahost089: task 3: Aborted (core dumped)
srun: error: genoahost094: task 82: Aborted (core dumped)
srun: error: genoahost090: tasks 20,25,29: Aborted (core dumped)
srun: error: genoahost093: tasks 70,78: Aborted (core dumped)
srun: error: genoahost090: task 17: Aborted (core dumped)
srun: error: genoahost094: task 90: Aborted (core dumped)
srun: error: genoahost095: tasks 103,109: Aborted (core dumped)
srun: error: genoahost089: task 11: Aborted (core dumped)
srun: error: genoahost093: tasks 65,72,74: Aborted (core dumped)
srun: error: genoahost090: task 30: Aborted (core dumped)
srun: error: genoahost095: tasks 101,107-108,111: Aborted (core dumped)
srun: error: genoahost094: task 88: Aborted (core dumped)
srun: error: genoahost096: tasks 115,119,125: Aborted (core dumped)
srun: error: genoahost093: task 75: Aborted (core dumped)
srun: error: genoahost094: tasks 83,89: Aborted (core dumped)
srun: error: genoahost090: tasks 19,21,31: Aborted (core dumped)
srun: error: genoahost095: tasks 97,99,106: Aborted (core dumped)
srun: error: genoahost096: tasks 121,123: Aborted (core dumped)
srun: error: genoahost095: tasks 98,104,110: Aborted (core dumped)
srun: error: genoahost091: tasks 34,36,43-44: Aborted (core dumped)
srun: error: genoahost093: tasks 67-68: Aborted (core dumped)
srun: error: genoahost094: tasks 84,86,93-94: Aborted (core dumped)
srun: error: genoahost090: tasks 22-24,27-28: Aborted (core dumped)
srun: error: genoahost092: tasks 57-58,63: Aborted (core dumped)
srun: error: genoahost093: tasks 69,71,79: Aborted (core dumped)
srun: error: genoahost094: tasks 87,95: Aborted (core dumped)
srun: error: genoahost096: tasks 116,126: Aborted (core dumped)
srun: error: genoahost089: tasks 2,9: Aborted (core dumped)
srun: error: genoahost091: tasks 33,37,39: Aborted (core dumped)
srun: error: genoahost094: task 91: Aborted (core dumped)
srun: error: genoahost092: task 61: Aborted (core dumped)
srun: error: genoahost093: tasks 66,76: Aborted (core dumped)
srun: error: genoahost089: tasks 1,4-6,12: Aborted (core dumped)
srun: error: genoahost094: task 92: Aborted (core dumped)
srun: error: genoahost095: tasks 100,102,105: Aborted (core dumped)
srun: error: genoahost096: tasks 114,118,122,124: Aborted (core dumped)
srun: error: genoahost092: tasks 50,53-55,60: Aborted (core dumped)
srun: error: genoahost093: tasks 73,77: Aborted (core dumped)
srun: error: genoahost090: tasks 18,26: Aborted (core dumped)
srun: error: genoahost089: tasks 7,13-15: Aborted (core dumped)
srun: error: genoahost094: tasks 81,85: Aborted (core dumped)
srun: error: genoahost091: tasks 38,41-42: Aborted (core dumped)
srun: error: genoahost096: tasks 113,117,120,127: Aborted (core dumped)
srun: error: genoahost092: tasks 49,51-52,56,62: Aborted (core dumped)
srun: error: genoahost091: tasks 35,40: Aborted (core dumped)
srun: error: genoahost089: tasks 8,10: Aborted (core dumped)
srun: error: genoahost091: tasks 45-47: Aborted (core dumped)
slurmstepd: error:  mpi/pmix_v5: _errhandler: genoahost093 [4]: pmixp_client_v2.c:211: Error handler invoked: status = -61, source = [slurm.pmix.329388.0:78]
slurmstepd: error:  mpi/pmix_v5: _errhandler: genoahost090 [1]: pmixp_client_v2.c:211: Error handler invoked: status = -61, source = [slurm.pmix.329388.0:29]
slurmstepd: error:  mpi/pmix_v5: _errhandler: genoahost095 [6]: pmixp_client_v2.c:211: Error handler invoked: status = -61, source = [slurm.pmix.329388.0:103]
slurmstepd: error:  mpi/pmix_v5: _errhandler: genoahost094 [5]: pmixp_client_v2.c:211: Error handler invoked: status = -61, source = [slurm.pmix.329388.0:82]
slurmstepd: error:  mpi/pmix_v5: _errhandler: genoahost096 [7]: pmixp_client_v2.c:211: Error handler invoked: status = -61, source = [slurm.pmix.329388.0:125]
slurmstepd: error:  mpi/pmix_v5: _errhandler: genoahost092 [3]: pmixp_client_v2.c:211: Error handler invoked: status = -61, source = [slurm.pmix.329388.0:57]
slurmstepd: error:  mpi/pmix_v5: _errhandler: genoahost089 [0]: pmixp_client_v2.c:211: Error handler invoked: status = -61, source = [slurm.pmix.329388.0:3]
slurmstepd: error:  mpi/pmix_v5: _errhandler: genoahost091 [2]: pmixp_client_v2.c:211: Error handler invoked: status = -61, source = [slurm.pmix.329388.0:43]
srun: error: genoahost093: task 64: Aborted (core dumped)
srun: error: genoahost094: task 80: Aborted (core dumped)
srun: error: genoahost095: task 96: Aborted (core dumped)
srun: error: genoahost090: task 16: Aborted (core dumped)
srun: error: genoahost091: task 32: Aborted (core dumped)
srun: error: genoahost096: task 112: Aborted (core dumped)
srun: error: genoahost092: task 48: Aborted (core dumped)
srun: error: genoahost089: task 0: Aborted (core dumped)
