
libgomp: Invalid value for environment variable OMP_PLACES

libgomp: Invalid value for environment variable OMP_PLACES

libgomp: Invalid value for environment variable OMP_PLACES

libgomp: Invalid value for environment variable OMP_PLACES

libgomp: Invalid value for environment variable OMP_PLACES

libgomp: Invalid value for environment variable OMP_PLACES

libgomp: Invalid value for environment variable OMP_PLACES

libgomp: Invalid value for environment variable OMP_PLACES

libgomp: Invalid value for environment variable OMP_PLACES

libgomp: Invalid value for environment variable OMP_PLACES

libgomp: Invalid value for environment variable OMP_PLACES

libgomp: Invalid value for environment variable OMP_PLACES

libgomp: Invalid value for environment variable OMP_PLACES

libgomp: Invalid value for environment variable OMP_PLACES

libgomp: Invalid value for environment variable OMP_PLACES

libgomp: Invalid value for environment variable OMP_PLACES

libgomp: Invalid value for environment variable OMP_PLACES

libgomp: Invalid value for environment variable OMP_PLACES

libgomp: Invalid value for environment variable OMP_PLACES

libgomp: Invalid value for environment variable OMP_PLACES

libgomp: Invalid value for environment variable OMP_PLACES

libgomp: Invalid value for environment variable OMP_PLACES

libgomp: Invalid value for environment variable OMP_PLACES

libgomp: Invalid value for environment variable OMP_PLACES

libgomp: Invalid value for environment variable OMP_PLACES

libgomp: Invalid value for environment variable OMP_PLACES

libgomp: Invalid value for environment variable OMP_PLACES

libgomp: Invalid value for environment variable OMP_PLACES

libgomp: Invalid value for environment variable OMP_PLACES

libgomp: Invalid value for environment variable OMP_PLACES

libgomp: Invalid value for environment variable OMP_PLACES

libgomp: Invalid value for environment variable OMP_PLACES

libgomp: Invalid value for environment variable OMP_PLACES

libgomp: Invalid value for environment variable OMP_PLACES

libgomp: Invalid value for environment variable OMP_PLACES

libgomp: Invalid value for environment variable OMP_PLACES

libgomp: Invalid value for environment variable OMP_PLACES

libgomp: Invalid value for environment variable OMP_PLACES

libgomp: Invalid value for environment variable OMP_PLACES

libgomp: Invalid value for environment variable OMP_PLACES

libgomp: Invalid value for environment variable OMP_PLACES

libgomp: Invalid value for environment variable OMP_PLACES

libgomp: Invalid value for environment variable OMP_PLACES

libgomp: Invalid value for environment variable OMP_PLACES

libgomp: Invalid value for environment variable OMP_PLACES

libgomp: Invalid value for environment variable OMP_PLACES

libgomp: Invalid value for environment variable OMP_PLACES

libgomp: Invalid value for environment variable OMP_PLACES

libgomp: Invalid value for environment variable OMP_PLACES

libgomp: Invalid value for environment variable OMP_PLACES

libgomp: Invalid value for environment variable OMP_PLACES

libgomp: Invalid value for environment variable OMP_PLACES

libgomp: Invalid value for environment variable OMP_PLACES

libgomp: Invalid value for environment variable OMP_PLACES

libgomp: Invalid value for environment variable OMP_PLACES

libgomp: Invalid value for environment variable OMP_PLACES

libgomp: Invalid value for environment variable OMP_PLACES

libgomp: Invalid value for environment variable OMP_PLACES

libgomp: Invalid value for environment variable OMP_PLACES

libgomp: Invalid value for environment variable OMP_PLACES

libgomp: Invalid value for environment variable OMP_PLACES

libgomp: Invalid value for environment variable OMP_PLACES

libgomp: Invalid value for environment variable OMP_PLACES

libgomp: Invalid value for environment variable OMP_PLACES

libgomp: Invalid value for environment variable OMP_PLACES

libgomp: Invalid value for environment variable OMP_PLACES

libgomp: Invalid value for environment variable OMP_PLACES

libgomp: Invalid value for environment variable OMP_PLACES

libgomp: Invalid value for environment variable OMP_PLACES

libgomp: Invalid value for environment variable OMP_PLACES

libgomp: Invalid value for environment variable OMP_PLACES

libgomp: Invalid value for environment variable OMP_PLACES

libgomp: Invalid value for environment variable OMP_PLACES

libgomp: Invalid value for environment variable OMP_PLACES

libgomp: Invalid value for environment variable OMP_PLACES

libgomp: Invalid value for environment variable OMP_PLACES

libgomp: Invalid value for environment variable OMP_PLACES

libgomp: Invalid value for environment variable OMP_PLACES

libgomp: Invalid value for environment variable OMP_PLACES

libgomp: Invalid value for environment variable OMP_PLACES

libgomp: Invalid value for environment variable OMP_PLACES

libgomp: Invalid value for environment variable OMP_PLACES

libgomp: Invalid value for environment variable OMP_PLACES

libgomp: Invalid value for environment variable OMP_PLACES

libgomp: Invalid value for environment variable OMP_PLACES

libgomp: Invalid value for environment variable OMP_PLACES

libgomp: Invalid value for environment variable OMP_PLACES

libgomp: Invalid value for environment variable OMP_PLACES

libgomp: Invalid value for environment variable OMP_PLACES

libgomp: Invalid value for environment variable OMP_PLACES

libgomp: Invalid value for environment variable OMP_PLACES

libgomp: Invalid value for environment variable OMP_PLACES

libgomp: Invalid value for environment variable OMP_PLACES

libgomp: Invalid value for environment variable OMP_PLACES

libgomp: Invalid value for environment variable OMP_PLACES

libgomp: Invalid value for environment variable OMP_PLACES

libgomp: Invalid value for environment variable OMP_PLACES

libgomp: Invalid value for environment variable OMP_PLACES

libgomp: Invalid value for environment variable OMP_PLACES

libgomp: Invalid value for environment variable OMP_PLACES


libgomp: Invalid value for environment variable OMP_PLACES
libgomp: Invalid value for environment variable OMP_PLACES

libgomp: Invalid value for environment variable OMP_PLACES

libgomp: Invalid value for environment variable OMP_PLACES

libgomp: Invalid value for environment variable OMP_PLACES

libgomp: Invalid value for environment variable OMP_PLACES

libgomp: Invalid value for environment variable OMP_PLACES

libgomp: Invalid value for environment variable OMP_PLACES

libgomp: Invalid value for environment variable OMP_PLACES

libgomp: Invalid value for environment variable OMP_PLACES

libgomp: Invalid value for environment variable OMP_PLACES

libgomp: Invalid value for environment variable OMP_PLACES

libgomp: Invalid value for environment variable OMP_PLACES

libgomp: Invalid value for environment variable OMP_PLACES

libgomp: Invalid value for environment variable OMP_PLACES

libgomp: Invalid value for environment variable OMP_PLACES

libgomp: Invalid value for environment variable OMP_PLACES

libgomp: Invalid value for environment variable OMP_PLACES

libgomp: Invalid value for environment variable OMP_PLACES

libgomp: Invalid value for environment variable OMP_PLACES

libgomp: Invalid value for environment variable OMP_PLACES

libgomp: Invalid value for environment variable OMP_PLACES

libgomp: Invalid value for environment variable OMP_PLACES

libgomp: Invalid value for environment variable OMP_PLACES

libgomp: Invalid value for environment variable OMP_PLACES

libgomp: Invalid value for environment variable OMP_PLACES

libgomp: Invalid value for environment variable OMP_PLACES

libgomp: Invalid value for environment variable OMP_PLACES
No PMIx server was reachable, but a PMI1/2 was detected.
If srun is being used to launch application,  128 singletons will be started.
Example_spec_kryschur: ../../Grid/communicator/SharedMemoryMPI.cc:434: static void Grid::GlobalSharedMemory::OptimalCommunicatorSharedMemory(const Coordinate&, ompi_communicator_t*&, Grid::Coordinate&): Assertion `WorldSize==Nprocessors' failed.
[genoahost101:1136886] *** Process received signal ***
[genoahost101:1136886] Signal: Aborted (6)
[genoahost101:1136886] Signal code:  (-6)
[genoahost101:1136886] [ 0] /lib64/libc.so.6(+0x3fc30)[0x147d8063fc30]
[genoahost101:1136886] [ 1] /lib64/libc.so.6(+0x8d02c)[0x147d8068d02c]
[genoahost101:1136886] [ 2] /lib64/libc.so.6(raise+0x16)[0x147d8063fb86]
[genoahost101:1136886] [ 3] /lib64/libc.so.6(abort+0xd3)[0x147d80629873]
[genoahost101:1136886] [ 4] /lib64/libc.so.6(+0x2979b)[0x147d8062979b]
[genoahost101:1136886] [ 5] /lib64/libc.so.6(+0x388c6)[0x147d806388c6]
[genoahost101:1136886] [ 6] /direct/sdcc+u/poare/Grid/build/examples/./Example_spec_kryschur[0x4cc206]
[genoahost101:1136886] [ 7] /direct/sdcc+u/poare/Grid/build/examples/./Example_spec_kryschur[0x4cc2f1]
[genoahost101:1136886] [ 8] /direct/sdcc+u/poare/Grid/build/examples/./Example_spec_kryschur[0x4c7e95]
[genoahost101:1136886] [ 9] /direct/sdcc+u/poare/Grid/build/examples/./Example_spec_kryschur[0x4b5f4f]
[genoahost101:1136886] [10] /direct/sdcc+u/poare/Grid/build/examples/./Example_spec_kryschur[0x41180d]
[genoahost101:1136886] [11] /lib64/libc.so.6(+0x2a610)[0x147d8062a610]
[genoahost101:1136886] [12] /lib64/libc.so.6(__libc_start_main+0x80)[0x147d8062a6c0]
[genoahost101:1136886] [13] /direct/sdcc+u/poare/Grid/build/examples/./Example_spec_kryschur[0x4147f5]
[genoahost101:1136886] *** End of error message ***
Example_spec_kryschur: ../../Grid/communicator/SharedMemoryMPI.cc:434: static void Grid::GlobalSharedMemory::OptimalCommunicatorSharedMemory(const Coordinate&, ompi_communicator_t*&, Grid::Coordinate&): Assertion `WorldSize==Nprocessors' failed.
[genoahost098:1619095] *** Process received signal ***
[genoahost098:1619095] Signal: Aborted (6)
[genoahost098:1619095] Signal code:  (-6)
[genoahost098:1619095] [ 0] /lib64/libc.so.6(+0x3fc30)[0x14df5803fc30]
[genoahost098:1619095] [ 1] /lib64/libc.so.6(+0x8d02c)[0x14df5808d02c]
[genoahost098:1619095] [ 2] /lib64/libc.so.6(raise+0x16)[0x14df5803fb86]
[genoahost098:1619095] [ 3] /lib64/libc.so.6(abort+0xd3)[0x14df58029873]
[genoahost098:1619095] [ 4] /lib64/libc.so.6(+0x2979b)[0x14df5802979b]
[genoahost098:1619095] [ 5] /lib64/libc.so.6(+0x388c6)[0x14df580388c6]
[genoahost098:1619095] [ 6] /direct/sdcc+u/poare/Grid/build/examples/./Example_spec_kryschur[0x4cc206]
[genoahost098:1619095] [ 7] /direct/sdcc+u/poare/Grid/build/examples/./Example_spec_kryschur[0x4cc2f1]
[genoahost098:1619095] [ 8] /direct/sdcc+u/poare/Grid/build/examples/./Example_spec_kryschur[0x4c7e95]
[genoahost098:1619095] [ 9] /direct/sdcc+u/poare/Grid/build/examples/./Example_spec_kryschur[0x4b5f4f]
[genoahost098:1619095] [10] /direct/sdcc+u/poare/Grid/build/examples/./Example_spec_kryschur[0x41180d]
[genoahost098:1619095] [11] /lib64/libc.so.6(+0x2a610)[0x14df5802a610]
[genoahost098:1619095] [12] /lib64/libc.so.6(__libc_start_main+0x80)[0x14df5802a6c0]
[genoahost098:1619095] [13] /direct/sdcc+u/poare/Grid/build/examples/./Example_spec_kryschur[0x4147f5]
[genoahost098:1619095] *** End of error message ***
Example_spec_kryschur: ../../Grid/communicator/SharedMemoryMPI.cc:434: static void Grid::GlobalSharedMemory::OptimalCommunicatorSharedMemory(const Coordinate&, ompi_communicator_t*&, Grid::Coordinate&): Assertion `WorldSize==Nprocessors' failed.
[genoahost100:637729] *** Process received signal ***
[genoahost100:637729] Signal: Aborted (6)
[genoahost100:637729] Signal code:  (-6)
[genoahost100:637729] [ 0] /lib64/libc.so.6(+0x3fc30)[0x14f63e23fc30]
[genoahost100:637729] [ 1] /lib64/libc.so.6(+0x8d02c)[0x14f63e28d02c]
[genoahost100:637729] [ 2] /lib64/libc.so.6(raise+0x16)[0x14f63e23fb86]
[genoahost100:637729] [ 3] /lib64/libc.so.6(abort+0xd3)[0x14f63e229873]
[genoahost100:637729] [ 4] /lib64/libc.so.6(+0x2979b)[0x14f63e22979b]
[genoahost100:637729] [ 5] /lib64/libc.so.6(+0x388c6)[0x14f63e2388c6]
[genoahost100:637729] [ 6] /direct/sdcc+u/poare/Grid/build/examples/./Example_spec_kryschur[0x4cc206]
[genoahost100:637729] [ 7] /direct/sdcc+u/poare/Grid/build/examples/./Example_spec_kryschur[0x4cc2f1]
[genoahost100:637729] [ 8] /direct/sdcc+u/poare/Grid/build/examples/./Example_spec_kryschur[0x4c7e95]
[genoahost100:637729] [ 9] /direct/sdcc+u/poare/Grid/build/examples/./Example_spec_kryschur[0x4b5f4f]
[genoahost100:637729] [10] /direct/sdcc+u/poare/Grid/build/examples/./Example_spec_kryschur[0x41180d]
[genoahost100:637729] [11] /lib64/libc.so.6(+0x2a610)[0x14f63e22a610]
[genoahost100:637729] [12] /lib64/libc.so.6(__libc_start_main+0x80)[0x14f63e22a6c0]
[genoahost100:637729] [13] /direct/sdcc+u/poare/Grid/build/examples/./Example_spec_kryschur[0x4147f5]
[genoahost100:637729] *** End of error message ***
Example_spec_kryschur: ../../Grid/communicator/SharedMemoryMPI.cc:434: static void Grid::GlobalSharedMemory::OptimalCommunicatorSharedMemory(const Coordinate&, ompi_communicator_t*&, Grid::Coordinate&): Assertion `WorldSize==Nprocessors' failed.
[genoahost104:617603] *** Process received signal ***
[genoahost104:617603] Signal: Aborted (6)
[genoahost104:617603] Signal code:  (-6)
[genoahost104:617603] [ 0] /lib64/libc.so.6(+0x3fc30)[0x147fb183fc30]
[genoahost104:617603] [ 1] /lib64/libc.so.6(+0x8d02c)[0x147fb188d02c]
[genoahost104:617603] [ 2] /lib64/libc.so.6(raise+0x16)[0x147fb183fb86]
[genoahost104:617603] [ 3] /lib64/libc.so.6(abort+0xd3)[0x147fb1829873]
[genoahost104:617603] [ 4] /lib64/libc.so.6(+0x2979b)[0x147fb182979b]
[genoahost104:617603] [ 5] /lib64/libc.so.6(+0x388c6)[0x147fb18388c6]
[genoahost104:617603] [ 6] /direct/sdcc+u/poare/Grid/build/examples/./Example_spec_kryschur[0x4cc206]
[genoahost104:617603] [ 7] /direct/sdcc+u/poare/Grid/build/examples/./Example_spec_kryschur[0x4cc2f1]
[genoahost104:617603] [ 8] /direct/sdcc+u/poare/Grid/build/examples/./Example_spec_kryschur[0x4c7e95]
[genoahost104:617603] [ 9] /direct/sdcc+u/poare/Grid/build/examples/./Example_spec_kryschur[0x4b5f4f]
[genoahost104:617603] [10] /direct/sdcc+u/poare/Grid/build/examples/./Example_spec_kryschur[0x41180d]
[genoahost104:617603] [11] /lib64/libc.so.6(+0x2a610)[0x147fb182a610]
[genoahost104:617603] [12] /lib64/libc.so.6(__libc_start_main+0x80)[0x147fb182a6c0]
[genoahost104:617603] [13] /direct/sdcc+u/poare/Grid/build/examples/./Example_spec_kryschur[0x4147f5]
[genoahost104:617603] *** End of error message ***
Example_spec_kryschur: ../../Grid/communicator/SharedMemoryMPI.cc:434: static void Grid::GlobalSharedMemory::OptimalCommunicatorSharedMemory(const Coordinate&, ompi_communicator_t*&, Grid::Coordinate&): Assertion `WorldSize==Nprocessors' failed.
[genoahost100:637719] *** Process received signal ***
[genoahost100:637719] Signal: Aborted (6)
[genoahost100:637719] Signal code:  (-6)
[genoahost100:637719] [ 0] /lib64/libc.so.6(+0x3fc30)[0x14ca1a63fc30]
[genoahost100:637719] [ 1] /lib64/libc.so.6(+0x8d02c)[0x14ca1a68d02c]
[genoahost100:637719] [ 2] /lib64/libc.so.6(raise+0x16)[0x14ca1a63fb86]
[genoahost100:637719] [ 3] /lib64/libc.so.6(abort+0xd3)[0x14ca1a629873]
[genoahost100:637719] [ 4] /lib64/libc.so.6(+0x2979b)[0x14ca1a62979b]
[genoahost100:637719] [ 5] /lib64/libc.so.6(+0x388c6)[0x14ca1a6388c6]
[genoahost100:637719] [ 6] /direct/sdcc+u/poare/Grid/build/examples/./Example_spec_kryschur[0x4cc206]
[genoahost100:637719] [ 7] /direct/sdcc+u/poare/Grid/build/examples/./Example_spec_kryschur[0x4cc2f1]
[genoahost100:637719] [ 8] /direct/sdcc+u/poare/Grid/build/examples/./Example_spec_kryschur[0x4c7e95]
[genoahost100:637719] [ 9] /direct/sdcc+u/poare/Grid/build/examples/./Example_spec_kryschur[0x4b5f4f]
[genoahost100:637719] [10] /direct/sdcc+u/poare/Grid/build/examples/./Example_spec_kryschur[0x41180d]
[genoahost100:637719] [11] /lib64/libc.so.6(+0x2a610)[0x14ca1a62a610]
[genoahost100:637719] [12] /lib64/libc.so.6(__libc_start_main+0x80)[0x14ca1a62a6c0]
[genoahost100:637719] [13] /direct/sdcc+u/poare/Grid/build/examples/./Example_spec_kryschur[0x4147f5]
[genoahost100:637719] *** End of error message ***
Example_spec_kryschur: ../../Grid/communicator/SharedMemoryMPI.cc:434: static void Grid::GlobalSharedMemory::OptimalCommunicatorSharedMemory(const Coordinate&, ompi_communicator_t*&, Grid::Coordinate&): Assertion `WorldSize==Nprocessors' failed.
[genoahost099:1598298] *** Process received signal ***
[genoahost099:1598298] Signal: Aborted (6)
[genoahost099:1598298] Signal code:  (-6)
[genoahost099:1598298] [ 0] /lib64/libc.so.6(+0x3fc30)[0x148e8723fc30]
[genoahost099:1598298] [ 1] /lib64/libc.so.6(+0x8d02c)[0x148e8728d02c]
[genoahost099:1598298] [ 2] /lib64/libc.so.6(raise+0x16)[0x148e8723fb86]
[genoahost099:1598298] [ 3] /lib64/libc.so.6(abort+0xd3)[0x148e87229873]
[genoahost099:1598298] [ 4] /lib64/libc.so.6(+0x2979b)[0x148e8722979b]
[genoahost099:1598298] [ 5] /lib64/libc.so.6(+0x388c6)[0x148e872388c6]
[genoahost099:1598298] [ 6] /direct/sdcc+u/poare/Grid/build/examples/./Example_spec_kryschur[0x4cc206]
[genoahost099:1598298] [ 7] /direct/sdcc+u/poare/Grid/build/examples/./Example_spec_kryschur[0x4cc2f1]
[genoahost099:1598298] [ 8] /direct/sdcc+u/poare/Grid/build/examples/./Example_spec_kryschur[0x4c7e95]
[genoahost099:1598298] [ 9] /direct/sdcc+u/poare/Grid/build/examples/./Example_spec_kryschur[0x4b5f4f]
[genoahost099:1598298] [10] /direct/sdcc+u/poare/Grid/build/examples/./Example_spec_kryschur[0x41180d]
[genoahost099:1598298] [11] /lib64/libc.so.6(+0x2a610)[0x148e8722a610]
[genoahost099:1598298] [12] /lib64/libc.so.6(__libc_start_main+0x80)[0x148e8722a6c0]
[genoahost099:1598298] [13] /direct/sdcc+u/poare/Grid/build/examples/./Example_spec_kryschur[0x4147f5]
[genoahost099:1598298] *** End of error message ***
Example_spec_kryschur: ../../Grid/communicator/SharedMemoryMPI.cc:434: static void Grid::GlobalSharedMemory::OptimalCommunicatorSharedMemory(const Coordinate&, ompi_communicator_t*&, Grid::Coordinate&): Assertion `WorldSize==Nprocessors' failed.
[genoahost099:1598290] *** Process received signal ***
[genoahost099:1598290] Signal: Aborted (6)
[genoahost099:1598290] Signal code:  (-6)
[genoahost099:1598290] [ 0] /lib64/libc.so.6(+0x3fc30)[0x14940c23fc30]
[genoahost099:1598290] [ 1] /lib64/libc.so.6(+0x8d02c)[0x14940c28d02c]
[genoahost099:1598290] [ 2] /lib64/libc.so.6(raise+0x16)[0x14940c23fb86]
[genoahost099:1598290] [ 3] /lib64/libc.so.6(abort+0xd3)[0x14940c229873]
[genoahost099:1598290] [ 4] /lib64/libc.so.6(+0x2979b)[0x14940c22979b]
[genoahost099:1598290] [ 5] /lib64/libc.so.6(+0x388c6)[0x14940c2388c6]
[genoahost099:1598290] [ 6] /direct/sdcc+u/poare/Grid/build/examples/./Example_spec_kryschur[0x4cc206]
[genoahost099:1598290] [ 7] /direct/sdcc+u/poare/Grid/build/examples/./Example_spec_kryschur[0x4cc2f1]
[genoahost099:1598290] [ 8] /direct/sdcc+u/poare/Grid/build/examples/./Example_spec_kryschur[0x4c7e95]
[genoahost099:1598290] [ 9] /direct/sdcc+u/poare/Grid/build/examples/./Example_spec_kryschur[0x4b5f4f]
[genoahost099:1598290] [10] /direct/sdcc+u/poare/Grid/build/examples/./Example_spec_kryschur[0x41180d]
[genoahost099:1598290] [11] /lib64/libc.so.6(+0x2a610)[0x14940c22a610]
[genoahost099:1598290] [12] /lib64/libc.so.6(__libc_start_main+0x80)[0x14940c22a6c0]
[genoahost099:1598290] [13] /direct/sdcc+u/poare/Grid/build/examples/./Example_spec_kryschur[0x4147f5]
[genoahost099:1598290] *** End of error message ***
Example_spec_kryschur: ../../Grid/communicator/SharedMemoryMPI.cc:434: static void Grid::GlobalSharedMemory::OptimalCommunicatorSharedMemory(const Coordinate&, ompi_communicator_t*&, Grid::Coordinate&): Assertion `WorldSize==Nprocessors' failed.
[genoahost101:1136887] *** Process received signal ***
[genoahost101:1136887] Signal: Aborted (6)
[genoahost101:1136887] Signal code:  (-6)
[genoahost101:1136887] [ 0] /lib64/libc.so.6(+0x3fc30)[0x14995ac3fc30]
[genoahost101:1136887] [ 1] /lib64/libc.so.6(+0x8d02c)[0x14995ac8d02c]
[genoahost101:1136887] [ 2] /lib64/libc.so.6(raise+0x16)[0x14995ac3fb86]
[genoahost101:1136887] [ 3] /lib64/libc.so.6(abort+0xd3)[0x14995ac29873]
[genoahost101:1136887] [ 4] /lib64/libc.so.6(+0x2979b)[0x14995ac2979b]
[genoahost101:1136887] [ 5] /lib64/libc.so.6(+0x388c6)[0x14995ac388c6]
[genoahost101:1136887] [ 6] /direct/sdcc+u/poare/Grid/build/examples/./Example_spec_kryschur[0x4cc206]
[genoahost101:1136887] [ 7] /direct/sdcc+u/poare/Grid/build/examples/./Example_spec_kryschur[0x4cc2f1]
[genoahost101:1136887] [ 8] /direct/sdcc+u/poare/Grid/build/examples/./Example_spec_kryschur[0x4c7e95]
[genoahost101:1136887] [ 9] /direct/sdcc+u/poare/Grid/build/examples/./Example_spec_kryschur[0x4b5f4f]
[genoahost101:1136887] [10] /direct/sdcc+u/poare/Grid/build/examples/./Example_spec_kryschur[0x41180d]
[genoahost101:1136887] [11] /lib64/libc.so.6(+0x2a610)[0x14995ac2a610]
[genoahost101:1136887] [12] /lib64/libc.so.6(__libc_start_main+0x80)[0x14995ac2a6c0]
[genoahost101:1136887] [13] /direct/sdcc+u/poare/Grid/build/examples/./Example_spec_kryschur[0x4147f5]
[genoahost101:1136887] *** End of error message ***
Example_spec_kryschur: ../../Grid/communicator/SharedMemoryMPI.cc:434: static void Grid::GlobalSharedMemory::OptimalCommunicatorSharedMemory(const Coordinate&, ompi_communicator_t*&, Grid::Coordinate&): Assertion `WorldSize==Nprocessors' failed.
[genoahost099:1598285] *** Process received signal ***
[genoahost099:1598285] Signal: Aborted (6)
[genoahost099:1598285] Signal code:  (-6)
[genoahost099:1598285] [ 0] /lib64/libc.so.6(+0x3fc30)[0x14719aa3fc30]
[genoahost099:1598285] [ 1] /lib64/libc.so.6(+0x8d02c)[0x14719aa8d02c]
[genoahost099:1598285] [ 2] /lib64/libc.so.6(raise+0x16)[0x14719aa3fb86]
[genoahost099:1598285] [ 3] /lib64/libc.so.6(abort+0xd3)[0x14719aa29873]
[genoahost099:1598285] [ 4] /lib64/libc.so.6(+0x2979b)[0x14719aa2979b]
[genoahost099:1598285] [ 5] /lib64/libc.so.6(+0x388c6)[0x14719aa388c6]
[genoahost099:1598285] [ 6] /direct/sdcc+u/poare/Grid/build/examples/./Example_spec_kryschur[0x4cc206]
[genoahost099:1598285] [ 7] /direct/sdcc+u/poare/Grid/build/examples/./Example_spec_kryschur[0x4cc2f1]
[genoahost099:1598285] [ 8] /direct/sdcc+u/poare/Grid/build/examples/./Example_spec_kryschur[0x4c7e95]
[genoahost099:1598285] [ 9] /direct/sdcc+u/poare/Grid/build/examples/./Example_spec_kryschur[0x4b5f4f]
[genoahost099:1598285] [10] /direct/sdcc+u/poare/Grid/build/examples/./Example_spec_kryschur[0x41180d]
[genoahost099:1598285] [11] /lib64/libc.so.6(+0x2a610)[0x14719aa2a610]
[genoahost099:1598285] [12] /lib64/libc.so.6(__libc_start_main+0x80)[0x14719aa2a6c0]
[genoahost099:1598285] [13] /direct/sdcc+u/poare/Grid/build/examples/./Example_spec_kryschur[0x4147f5]
[genoahost099:1598285] *** End of error message ***
Example_spec_kryschur: ../../Grid/communicator/SharedMemoryMPI.cc:434: static void Grid::GlobalSharedMemory::OptimalCommunicatorSharedMemory(const Coordinate&, ompi_communicator_t*&, Grid::Coordinate&): Assertion `WorldSize==Nprocessors' failed.
[genoahost101:1136889] *** Process received signal ***
[genoahost101:1136889] Signal: Aborted (6)
[genoahost101:1136889] Signal code:  (-6)
[genoahost101:1136889] [ 0] /lib64/libc.so.6(+0x3fc30)[0x1484fb63fc30]
[genoahost101:1136889] [ 1] /lib64/libc.so.6(+0x8d02c)[0x1484fb68d02c]
[genoahost101:1136889] [ 2] /lib64/libc.so.6(raise+0x16)[0x1484fb63fb86]
[genoahost101:1136889] [ 3] /lib64/libc.so.6(abort+0xd3)[0x1484fb629873]
[genoahost101:1136889] [ 4] /lib64/libc.so.6(+0x2979b)[0x1484fb62979b]
[genoahost101:1136889] [ 5] /lib64/libc.so.6(+0x388c6)[0x1484fb6388c6]
[genoahost101:1136889] [ 6] /direct/sdcc+u/poare/Grid/build/examples/./Example_spec_kryschur[0x4cc206]
[genoahost101:1136889] [ 7] /direct/sdcc+u/poare/Grid/build/examples/./Example_spec_kryschur[0x4cc2f1]
[genoahost101:1136889] [ 8] /direct/sdcc+u/poare/Grid/build/examples/./Example_spec_kryschur[0x4c7e95]
[genoahost101:1136889] [ 9] /direct/sdcc+u/poare/Grid/build/examples/./Example_spec_kryschur[0x4b5f4f]
[genoahost101:1136889] [10] /direct/sdcc+u/poare/Grid/build/examples/./Example_spec_kryschur[0x41180d]
[genoahost101:1136889] [11] /lib64/libc.so.6(+0x2a610)[0x1484fb62a610]
[genoahost101:1136889] [12] /lib64/libc.so.6(__libc_start_main+0x80)[0x1484fb62a6c0]
[genoahost101:1136889] [13] /direct/sdcc+u/poare/Grid/build/examples/./Example_spec_kryschur[0x4147f5]
[genoahost101:1136889] *** End of error message ***
Example_spec_kryschur: ../../Grid/communicator/SharedMemoryMPI.cc:434: static void Grid::GlobalSharedMemory::OptimalCommunicatorSharedMemory(const Coordinate&, ompi_communicator_t*&, Grid::Coordinate&): Assertion `WorldSize==Nprocessors' failed.
[genoahost104:617614] *** Process received signal ***
[genoahost104:617614] Signal: Aborted (6)
[genoahost104:617614] Signal code:  (-6)
[genoahost104:617614] [ 0] /lib64/libc.so.6(+0x3fc30)[0x14853923fc30]
[genoahost104:617614] [ 1] /lib64/libc.so.6(+0x8d02c)[0x14853928d02c]
[genoahost104:617614] [ 2] /lib64/libc.so.6(raise+0x16)[0x14853923fb86]
[genoahost104:617614] [ 3] /lib64/libc.so.6(abort+0xd3)[0x148539229873]
[genoahost104:617614] [ 4] /lib64/libc.so.6(+0x2979b)[0x14853922979b]
[genoahost104:617614] [ 5] /lib64/libc.so.6(+0x388c6)[0x1485392388c6]
[genoahost104:617614] [ 6] /direct/sdcc+u/poare/Grid/build/examples/./Example_spec_kryschur[0x4cc206]
[genoahost104:617614] [ 7] /direct/sdcc+u/poare/Grid/build/examples/./Example_spec_kryschur[0x4cc2f1]
[genoahost104:617614] [ 8] /direct/sdcc+u/poare/Grid/build/examples/./Example_spec_kryschur[0x4c7e95]
[genoahost104:617614] [ 9] /direct/sdcc+u/poare/Grid/build/examples/./Example_spec_kryschur[0x4b5f4f]
[genoahost104:617614] [10] /direct/sdcc+u/poare/Grid/build/examples/./Example_spec_kryschur[0x41180d]
[genoahost104:617614] [11] /lib64/libc.so.6(+0x2a610)[0x14853922a610]
[genoahost104:617614] [12] /lib64/libc.so.6(__libc_start_main+0x80)[0x14853922a6c0]
[genoahost104:617614] [13] /direct/sdcc+u/poare/Grid/build/examples/./Example_spec_kryschur[0x4147f5]
[genoahost104:617614] *** End of error message ***
Example_spec_kryschur: ../../Grid/communicator/SharedMemoryMPI.cc:434: static void Grid::GlobalSharedMemory::OptimalCommunicatorSharedMemory(const Coordinate&, ompi_communicator_t*&, Grid::Coordinate&): Assertion `WorldSize==Nprocessors' failed.
[genoahost099:1598292] *** Process received signal ***
[genoahost099:1598292] Signal: Aborted (6)
[genoahost099:1598292] Signal code:  (-6)
[genoahost099:1598292] [ 0] /lib64/libc.so.6(+0x3fc30)[0x14868403fc30]
[genoahost099:1598292] [ 1] /lib64/libc.so.6(+0x8d02c)[0x14868408d02c]
[genoahost099:1598292] [ 2] /lib64/libc.so.6(raise+0x16)[0x14868403fb86]
[genoahost099:1598292] [ 3] /lib64/libc.so.6(abort+0xd3)[0x148684029873]
[genoahost099:1598292] [ 4] /lib64/libc.so.6(+0x2979b)[0x14868402979b]
[genoahost099:1598292] [ 5] /lib64/libc.so.6(+0x388c6)[0x1486840388c6]
[genoahost099:1598292] [ 6] /direct/sdcc+u/poare/Grid/build/examples/./Example_spec_kryschur[0x4cc206]
[genoahost099:1598292] [ 7] /direct/sdcc+u/poare/Grid/build/examples/./Example_spec_kryschur[0x4cc2f1]
[genoahost099:1598292] [ 8] /direct/sdcc+u/poare/Grid/build/examples/./Example_spec_kryschur[0x4c7e95]
[genoahost099:1598292] [ 9] /direct/sdcc+u/poare/Grid/build/examples/./Example_spec_kryschur[0x4b5f4f]
[genoahost099:1598292] [10] /direct/sdcc+u/poare/Grid/build/examples/./Example_spec_kryschur[0x41180d]
[genoahost099:1598292] [11] /lib64/libc.so.6(+0x2a610)[0x14868402a610]
[genoahost099:1598292] [12] /lib64/libc.so.6(__libc_start_main+0x80)[0x14868402a6c0]
[genoahost099:1598292] [13] /direct/sdcc+u/poare/Grid/build/examples/./Example_spec_kryschur[0x4147f5]
[genoahost099:1598292] *** End of error message ***
Example_spec_kryschur: ../../Grid/communicator/SharedMemoryMPI.cc:434: static void Grid::GlobalSharedMemory::OptimalCommunicatorSharedMemory(const Coordinate&, ompi_communicator_t*&, Grid::Coordinate&): Assertion `WorldSize==Nprocessors' failed.
[genoahost101:1136891] *** Process received signal ***
[genoahost101:1136891] Signal: Aborted (6)
[genoahost101:1136891] Signal code:  (-6)
[genoahost101:1136891] [ 0] /lib64/libc.so.6(+0x3fc30)[0x148488a3fc30]
[genoahost101:1136891] [ 1] /lib64/libc.so.6(+0x8d02c)[0x148488a8d02c]
[genoahost101:1136891] [ 2] /lib64/libc.so.6(raise+0x16)[0x148488a3fb86]
[genoahost101:1136891] [ 3] /lib64/libc.so.6(abort+0xd3)[0x148488a29873]
[genoahost101:1136891] [ 4] /lib64/libc.so.6(+0x2979b)[0x148488a2979b]
[genoahost101:1136891] [ 5] /lib64/libc.so.6(+0x388c6)[0x148488a388c6]
[genoahost101:1136891] [ 6] /direct/sdcc+u/poare/Grid/build/examples/./Example_spec_kryschur[0x4cc206]
[genoahost101:1136891] [ 7] /direct/sdcc+u/poare/Grid/build/examples/./Example_spec_kryschur[0x4cc2f1]
[genoahost101:1136891] [ 8] /direct/sdcc+u/poare/Grid/build/examples/./Example_spec_kryschur[0x4c7e95]
[genoahost101:1136891] [ 9] /direct/sdcc+u/poare/Grid/build/examples/./Example_spec_kryschur[0x4b5f4f]
[genoahost101:1136891] [10] /direct/sdcc+u/poare/Grid/build/examples/./Example_spec_kryschur[0x41180d]
[genoahost101:1136891] [11] /lib64/libc.so.6(+0x2a610)[0x148488a2a610]
[genoahost101:1136891] [12] /lib64/libc.so.6(__libc_start_main+0x80)[0x148488a2a6c0]
[genoahost101:1136891] [13] /direct/sdcc+u/poare/Grid/build/examples/./Example_spec_kryschur[0x4147f5]
[genoahost101:1136891] *** End of error message ***
Example_spec_kryschur: ../../Grid/communicator/SharedMemoryMPI.cc:434: static void Grid::GlobalSharedMemory::OptimalCommunicatorSharedMemory(const Coordinate&, ompi_communicator_t*&, Grid::Coordinate&): Assertion `WorldSize==Nprocessors' failed.
[genoahost100:637722] *** Process received signal ***
[genoahost100:637722] Signal: Aborted (6)
[genoahost100:637722] Signal code:  (-6)
[genoahost100:637722] [ 0] /lib64/libc.so.6(+0x3fc30)[0x148cb883fc30]
[genoahost100:637722] [ 1] /lib64/libc.so.6(+0x8d02c)[0x148cb888d02c]
[genoahost100:637722] [ 2] /lib64/libc.so.6(raise+0x16)[0x148cb883fb86]
[genoahost100:637722] [ 3] /lib64/libc.so.6(abort+0xd3)[0x148cb8829873]
[genoahost100:637722] [ 4] /lib64/libc.so.6(+0x2979b)[0x148cb882979b]
[genoahost100:637722] [ 5] /lib64/libc.so.6(+0x388c6)[0x148cb88388c6]
[genoahost100:637722] [ 6] /direct/sdcc+u/poare/Grid/build/examples/./Example_spec_kryschur[0x4cc206]
[genoahost100:637722] [ 7] /direct/sdcc+u/poare/Grid/build/examples/./Example_spec_kryschur[0x4cc2f1]
[genoahost100:637722] [ 8] /direct/sdcc+u/poare/Grid/build/examples/./Example_spec_kryschur[0x4c7e95]
[genoahost100:637722] [ 9] /direct/sdcc+u/poare/Grid/build/examples/./Example_spec_kryschur[0x4b5f4f]
[genoahost100:637722] [10] /direct/sdcc+u/poare/Grid/build/examples/./Example_spec_kryschur[0x41180d]
[genoahost100:637722] [11] /lib64/libc.so.6(+0x2a610)[0x148cb882a610]
[genoahost100:637722] [12] /lib64/libc.so.6(__libc_start_main+0x80)[0x148cb882a6c0]
[genoahost100:637722] [13] /direct/sdcc+u/poare/Grid/build/examples/./Example_spec_kryschur[0x4147f5]
[genoahost100:637722] *** End of error message ***
Example_spec_kryschur: ../../Grid/communicator/SharedMemoryMPI.cc:434: static void Grid::GlobalSharedMemory::OptimalCommunicatorSharedMemory(const Coordinate&, ompi_communicator_t*&, Grid::Coordinate&): Assertion `WorldSize==Nprocessors' failed.
[genoahost098:1619098] *** Process received signal ***
[genoahost098:1619098] Signal: Aborted (6)
[genoahost098:1619098] Signal code:  (-6)
[genoahost098:1619098] [ 0] /lib64/libc.so.6(+0x3fc30)[0x14645ec3fc30]
[genoahost098:1619098] [ 1] /lib64/libc.so.6(+0x8d02c)[0x14645ec8d02c]
[genoahost098:1619098] [ 2] /lib64/libc.so.6(raise+0x16)[0x14645ec3fb86]
[genoahost098:1619098] [ 3] /lib64/libc.so.6(abort+0xd3)[0x14645ec29873]
[genoahost098:1619098] [ 4] /lib64/libc.so.6(+0x2979b)[0x14645ec2979b]
[genoahost098:1619098] [ 5] /lib64/libc.so.6(+0x388c6)[0x14645ec388c6]
[genoahost098:1619098] [ 6] /direct/sdcc+u/poare/Grid/build/examples/./Example_spec_kryschur[0x4cc206]
[genoahost098:1619098] [ 7] /direct/sdcc+u/poare/Grid/build/examples/./Example_spec_kryschur[0x4cc2f1]
[genoahost098:1619098] [ 8] /direct/sdcc+u/poare/Grid/build/examples/./Example_spec_kryschur[0x4c7e95]
[genoahost098:1619098] [ 9] /direct/sdcc+u/poare/Grid/build/examples/./Example_spec_kryschur[0x4b5f4f]
[genoahost098:1619098] [10] /direct/sdcc+u/poare/Grid/build/examples/./Example_spec_kryschur[0x41180d]
[genoahost098:1619098] [11] /lib64/libc.so.6(+0x2a610)[0x14645ec2a610]
[genoahost098:1619098] [12] /lib64/libc.so.6(__libc_start_main+0x80)[0x14645ec2a6c0]
[genoahost098:1619098] [13] /direct/sdcc+u/poare/Grid/build/examples/./Example_spec_kryschur[0x4147f5]
[genoahost098:1619098] *** End of error message ***
Example_spec_kryschur: ../../Grid/communicator/SharedMemoryMPI.cc:434: static void Grid::GlobalSharedMemory::OptimalCommunicatorSharedMemory(const Coordinate&, ompi_communicator_t*&, Grid::Coordinate&): Assertion `WorldSize==Nprocessors' failed.
[genoahost100:637724] *** Process received signal ***
[genoahost100:637724] Signal: Aborted (6)
[genoahost100:637724] Signal code:  (-6)
[genoahost100:637724] [ 0] /lib64/libc.so.6(+0x3fc30)[0x14b74663fc30]
[genoahost100:637724] [ 1] /lib64/libc.so.6(+0x8d02c)[0x14b74668d02c]
[genoahost100:637724] [ 2] /lib64/libc.so.6(raise+0x16)[0x14b74663fb86]
[genoahost100:637724] [ 3] /lib64/libc.so.6(abort+0xd3)[0x14b746629873]
[genoahost100:637724] [ 4] /lib64/libc.so.6(+0x2979b)[0x14b74662979b]
[genoahost100:637724] [ 5] /lib64/libc.so.6(+0x388c6)[0x14b7466388c6]
[genoahost100:637724] [ 6] /direct/sdcc+u/poare/Grid/build/examples/./Example_spec_kryschur[0x4cc206]
[genoahost100:637724] [ 7] /direct/sdcc+u/poare/Grid/build/examples/./Example_spec_kryschur[0x4cc2f1]
[genoahost100:637724] [ 8] /direct/sdcc+u/poare/Grid/build/examples/./Example_spec_kryschur[0x4c7e95]
[genoahost100:637724] [ 9] /direct/sdcc+u/poare/Grid/build/examples/./Example_spec_kryschur[0x4b5f4f]
[genoahost100:637724] [10] /direct/sdcc+u/poare/Grid/build/examples/./Example_spec_kryschur[0x41180d]
[genoahost100:637724] [11] /lib64/libc.so.6(+0x2a610)[0x14b74662a610]
[genoahost100:637724] [12] /lib64/libc.so.6(__libc_start_main+0x80)[0x14b74662a6c0]
[genoahost100:637724] [13] /direct/sdcc+u/poare/Grid/build/examples/./Example_spec_kryschur[0x4147f5]
[genoahost100:637724] *** End of error message ***
Example_spec_kryschur: ../../Grid/communicator/SharedMemoryMPI.cc:434: static void Grid::GlobalSharedMemory::OptimalCommunicatorSharedMemory(const Coordinate&, ompi_communicator_t*&, Grid::Coordinate&): Assertion `WorldSize==Nprocessors' failed.
[genoahost104:617617] *** Process received signal ***
[genoahost104:617617] Signal: Aborted (6)
[genoahost104:617617] Signal code:  (-6)
[genoahost104:617617] [ 0] /lib64/libc.so.6(+0x3fc30)[0x1479ad23fc30]
[genoahost104:617617] [ 1] /lib64/libc.so.6(+0x8d02c)[0x1479ad28d02c]
[genoahost104:617617] [ 2] /lib64/libc.so.6(raise+0x16)[0x1479ad23fb86]
[genoahost104:617617] [ 3] /lib64/libc.so.6(abort+0xd3)[0x1479ad229873]
[genoahost104:617617] [ 4] /lib64/libc.so.6(+0x2979b)[0x1479ad22979b]
[genoahost104:617617] [ 5] /lib64/libc.so.6(+0x388c6)[0x1479ad2388c6]
[genoahost104:617617] [ 6] /direct/sdcc+u/poare/Grid/build/examples/./Example_spec_kryschur[0x4cc206]
[genoahost104:617617] [ 7] /direct/sdcc+u/poare/Grid/build/examples/./Example_spec_kryschur[0x4cc2f1]
[genoahost104:617617] [ 8] /direct/sdcc+u/poare/Grid/build/examples/./Example_spec_kryschur[0x4c7e95]
[genoahost104:617617] [ 9] /direct/sdcc+u/poare/Grid/build/examples/./Example_spec_kryschur[0x4b5f4f]
[genoahost104:617617] [10] /direct/sdcc+u/poare/Grid/build/examples/./Example_spec_kryschur[0x41180d]
[genoahost104:617617] [11] /lib64/libc.so.6(+0x2a610)[0x1479ad22a610]
[genoahost104:617617] [12] /lib64/libc.so.6(__libc_start_main+0x80)[0x1479ad22a6c0]
[genoahost104:617617] [13] /direct/sdcc+u/poare/Grid/build/examples/./Example_spec_kryschur[0x4147f5]
[genoahost104:617617] *** End of error message ***
Example_spec_kryschur: ../../Grid/communicator/SharedMemoryMPI.cc:434: static void Grid::GlobalSharedMemory::OptimalCommunicatorSharedMemory(const Coordinate&, ompi_communicator_t*&, Grid::Coordinate&): Assertion `WorldSize==Nprocessors' failed.
[genoahost099:1598284] *** Process received signal ***
[genoahost099:1598284] Signal: Aborted (6)
[genoahost099:1598284] Signal code:  (-6)
[genoahost099:1598284] [ 0] /lib64/libc.so.6(+0x3fc30)[0x154b78e3fc30]
[genoahost099:1598284] [ 1] /lib64/libc.so.6(+0x8d02c)[0x154b78e8d02c]
[genoahost099:1598284] [ 2] /lib64/libc.so.6(raise+0x16)[0x154b78e3fb86]
[genoahost099:1598284] [ 3] /lib64/libc.so.6(abort+0xd3)[0x154b78e29873]
[genoahost099:1598284] [ 4] /lib64/libc.so.6(+0x2979b)[0x154b78e2979b]
[genoahost099:1598284] [ 5] /lib64/libc.so.6(+0x388c6)[0x154b78e388c6]
[genoahost099:1598284] [ 6] /direct/sdcc+u/poare/Grid/build/examples/./Example_spec_kryschur[0x4cc206]
[genoahost099:1598284] [ 7] /direct/sdcc+u/poare/Grid/build/examples/./Example_spec_kryschur[0x4cc2f1]
[genoahost099:1598284] [ 8] /direct/sdcc+u/poare/Grid/build/examples/./Example_spec_kryschur[0x4c7e95]
[genoahost099:1598284] [ 9] /direct/sdcc+u/poare/Grid/build/examples/./Example_spec_kryschur[0x4b5f4f]
[genoahost099:1598284] [10] /direct/sdcc+u/poare/Grid/build/examples/./Example_spec_kryschur[0x41180d]
[genoahost099:1598284] [11] /lib64/libc.so.6(+0x2a610)[0x154b78e2a610]
[genoahost099:1598284] [12] /lib64/libc.so.6(__libc_start_main+0x80)[0x154b78e2a6c0]
[genoahost099:1598284] [13] /direct/sdcc+u/poare/Grid/build/examples/./Example_spec_kryschur[0x4147f5]
[genoahost099:1598284] *** End of error message ***
Example_spec_kryschur: ../../Grid/communicator/SharedMemoryMPI.cc:434: static void Grid::GlobalSharedMemory::OptimalCommunicatorSharedMemory(const Coordinate&, ompi_communicator_t*&, Grid::Coordinate&): Assertion `WorldSize==Nprocessors' failed.
[genoahost100:637728] *** Process received signal ***
[genoahost100:637728] Signal: Aborted (6)
[genoahost100:637728] Signal code:  (-6)
[genoahost100:637728] [ 0] /lib64/libc.so.6(+0x3fc30)[0x146f4543fc30]
[genoahost100:637728] [ 1] /lib64/libc.so.6(+0x8d02c)[0x146f4548d02c]
[genoahost100:637728] [ 2] /lib64/libc.so.6(raise+0x16)[0x146f4543fb86]
[genoahost100:637728] [ 3] /lib64/libc.so.6(abort+0xd3)[0x146f45429873]
[genoahost100:637728] [ 4] /lib64/libc.so.6(+0x2979b)[0x146f4542979b]
[genoahost100:637728] [ 5] /lib64/libc.so.6(+0x388c6)[0x146f454388c6]
[genoahost100:637728] [ 6] /direct/sdcc+u/poare/Grid/build/examples/./Example_spec_kryschur[0x4cc206]
[genoahost100:637728] [ 7] /direct/sdcc+u/poare/Grid/build/examples/./Example_spec_kryschur[0x4cc2f1]
[genoahost100:637728] [ 8] /direct/sdcc+u/poare/Grid/build/examples/./Example_spec_kryschur[0x4c7e95]
[genoahost100:637728] [ 9] /direct/sdcc+u/poare/Grid/build/examples/./Example_spec_kryschur[0x4b5f4f]
[genoahost100:637728] [10] /direct/sdcc+u/poare/Grid/build/examples/./Example_spec_kryschur[0x41180d]
[genoahost100:637728] [11] /lib64/libc.so.6(+0x2a610)[0x146f4542a610]
[genoahost100:637728] [12] /lib64/libc.so.6(__libc_start_main+0x80)[0x146f4542a6c0]
[genoahost100:637728] [13] /direct/sdcc+u/poare/Grid/build/examples/./Example_spec_kryschur[0x4147f5]
[genoahost100:637728] *** End of error message ***
Example_spec_kryschur: ../../Grid/communicator/SharedMemoryMPI.cc:434: static void Grid::GlobalSharedMemory::OptimalCommunicatorSharedMemory(const Coordinate&, ompi_communicator_t*&, Grid::Coordinate&): Assertion `WorldSize==Nprocessors' failed.
[genoahost098:1619090] *** Process received signal ***
[genoahost098:1619090] Signal: Aborted (6)
[genoahost098:1619090] Signal code:  (-6)
[genoahost098:1619090] [ 0] /lib64/libc.so.6(+0x3fc30)[0x145c5503fc30]
[genoahost098:1619090] [ 1] /lib64/libc.so.6(+0x8d02c)[0x145c5508d02c]
[genoahost098:1619090] [ 2] /lib64/libc.so.6(raise+0x16)[0x145c5503fb86]
[genoahost098:1619090] [ 3] /lib64/libc.so.6(abort+0xd3)[0x145c55029873]
[genoahost098:1619090] [ 4] /lib64/libc.so.6(+0x2979b)[0x145c5502979b]
[genoahost098:1619090] [ 5] /lib64/libc.so.6(+0x388c6)[0x145c550388c6]
[genoahost098:1619090] [ 6] /direct/sdcc+u/poare/Grid/build/examples/./Example_spec_kryschur[0x4cc206]
[genoahost098:1619090] [ 7] /direct/sdcc+u/poare/Grid/build/examples/./Example_spec_kryschur[0x4cc2f1]
[genoahost098:1619090] [ 8] /direct/sdcc+u/poare/Grid/build/examples/./Example_spec_kryschur[0x4c7e95]
[genoahost098:1619090] [ 9] /direct/sdcc+u/poare/Grid/build/examples/./Example_spec_kryschur[0x4b5f4f]
[genoahost098:1619090] [10] /direct/sdcc+u/poare/Grid/build/examples/./Example_spec_kryschur[0x41180d]
[genoahost098:1619090] [11] /lib64/libc.so.6(+0x2a610)[0x145c5502a610]
[genoahost098:1619090] [12] /lib64/libc.so.6(__libc_start_main+0x80)[0x145c5502a6c0]
[genoahost098:1619090] [13] /direct/sdcc+u/poare/Grid/build/examples/./Example_spec_kryschur[0x4147f5]
[genoahost098:1619090] *** End of error message ***
Example_spec_kryschur: ../../Grid/communicator/SharedMemoryMPI.cc:434: static void Grid::GlobalSharedMemory::OptimalCommunicatorSharedMemory(const Coordinate&, ompi_communicator_t*&, Grid::Coordinate&): Assertion `WorldSize==Nprocessors' failed.
[genoahost104:617606] *** Process received signal ***
[genoahost104:617606] Signal: Aborted (6)
[genoahost104:617606] Signal code:  (-6)
[genoahost104:617606] [ 0] /lib64/libc.so.6(+0x3fc30)[0x151f5f03fc30]
[genoahost104:617606] [ 1] /lib64/libc.so.6(+0x8d02c)[0x151f5f08d02c]
[genoahost104:617606] [ 2] /lib64/libc.so.6(raise+0x16)[0x151f5f03fb86]
[genoahost104:617606] [ 3] /lib64/libc.so.6(abort+0xd3)[0x151f5f029873]
[genoahost104:617606] [ 4] /lib64/libc.so.6(+0x2979b)[0x151f5f02979b]
[genoahost104:617606] [ 5] /lib64/libc.so.6(+0x388c6)[0x151f5f0388c6]
[genoahost104:617606] [ 6] /direct/sdcc+u/poare/Grid/build/examples/./Example_spec_kryschur[0x4cc206]
[genoahost104:617606] [ 7] /direct/sdcc+u/poare/Grid/build/examples/./Example_spec_kryschur[0x4cc2f1]
[genoahost104:617606] [ 8] /direct/sdcc+u/poare/Grid/build/examples/./Example_spec_kryschur[0x4c7e95]
[genoahost104:617606] [ 9] /direct/sdcc+u/poare/Grid/build/examples/./Example_spec_kryschur[0x4b5f4f]
[genoahost104:617606] [10] /direct/sdcc+u/poare/Grid/build/examples/./Example_spec_kryschur[0x41180d]
[genoahost104:617606] [11] /lib64/libc.so.6(+0x2a610)[0x151f5f02a610]
[genoahost104:617606] [12] /lib64/libc.so.6(__libc_start_main+0x80)[0x151f5f02a6c0]
[genoahost104:617606] [13] /direct/sdcc+u/poare/Grid/build/examples/./Example_spec_kryschur[0x4147f5]
[genoahost104:617606] *** End of error message ***
Example_spec_kryschur: ../../Grid/communicator/SharedMemoryMPI.cc:434: static void Grid::GlobalSharedMemory::OptimalCommunicatorSharedMemory(const Coordinate&, ompi_communicator_t*&, Grid::Coordinate&): Assertion `WorldSize==Nprocessors' failed.
[genoahost103:606425] *** Process received signal ***
[genoahost103:606425] Signal: Aborted (6)
[genoahost103:606425] Signal code:  (-6)
[genoahost103:606425] [ 0] /lib64/libc.so.6(+0x3fc30)[0x14e5b6e3fc30]
[genoahost103:606425] [ 1] /lib64/libc.so.6(+0x8d02c)[0x14e5b6e8d02c]
[genoahost103:606425] [ 2] /lib64/libc.so.6(raise+0x16)[0x14e5b6e3fb86]
[genoahost103:606425] [ 3] /lib64/libc.so.6(abort+0xd3)[0x14e5b6e29873]
[genoahost103:606425] [ 4] /lib64/libc.so.6(+0x2979b)[0x14e5b6e2979b]
[genoahost103:606425] [ 5] /lib64/libc.so.6(+0x388c6)[0x14e5b6e388c6]
[genoahost103:606425] [ 6] /direct/sdcc+u/poare/Grid/build/examples/./Example_spec_kryschur[0x4cc206]
[genoahost103:606425] [ 7] /direct/sdcc+u/poare/Grid/build/examples/./Example_spec_kryschur[0x4cc2f1]
[genoahost103:606425] [ 8] /direct/sdcc+u/poare/Grid/build/examples/./Example_spec_kryschur[0x4c7e95]
[genoahost103:606425] [ 9] /direct/sdcc+u/poare/Grid/build/examples/./Example_spec_kryschur[0x4b5f4f]
[genoahost103:606425] [10] /direct/sdcc+u/poare/Grid/build/examples/./Example_spec_kryschur[0x41180d]
[genoahost103:606425] [11] /lib64/libc.so.6(+0x2a610)[0x14e5b6e2a610]
[genoahost103:606425] [12] /lib64/libc.so.6(__libc_start_main+0x80)[0x14e5b6e2a6c0]
[genoahost103:606425] [13] /direct/sdcc+u/poare/Grid/build/examples/./Example_spec_kryschur[0x4147f5]
[genoahost103:606425] *** End of error message ***
Example_spec_kryschur: ../../Grid/communicator/SharedMemoryMPI.cc:434: static void Grid::GlobalSharedMemory::OptimalCommunicatorSharedMemory(const Coordinate&, ompi_communicator_t*&, Grid::Coordinate&): Assertion `WorldSize==Nprocessors' failed.
[genoahost097:1719450] *** Process received signal ***
[genoahost097:1719450] Signal: Aborted (6)
[genoahost097:1719450] Signal code:  (-6)
[genoahost097:1719450] [ 0] /lib64/libc.so.6(+0x3fc30)[0x1466a523fc30]
[genoahost097:1719450] [ 1] /lib64/libc.so.6(+0x8d02c)[0x1466a528d02c]
[genoahost097:1719450] [ 2] /lib64/libc.so.6(raise+0x16)[0x1466a523fb86]
[genoahost097:1719450] [ 3] /lib64/libc.so.6(abort+0xd3)[0x1466a5229873]
[genoahost097:1719450] [ 4] /lib64/libc.so.6(+0x2979b)[0x1466a522979b]
[genoahost097:1719450] [ 5] /lib64/libc.so.6(+0x388c6)[0x1466a52388c6]
[genoahost097:1719450] [ 6] /direct/sdcc+u/poare/Grid/build/examples/./Example_spec_kryschur[0x4cc206]
[genoahost097:1719450] [ 7] /direct/sdcc+u/poare/Grid/build/examples/./Example_spec_kryschur[0x4cc2f1]
[genoahost097:1719450] [ 8] /direct/sdcc+u/poare/Grid/build/examples/./Example_spec_kryschur[0x4c7e95]
[genoahost097:1719450] [ 9] /direct/sdcc+u/poare/Grid/build/examples/./Example_spec_kryschur[0x4b5f4f]
[genoahost097:1719450] [10] /direct/sdcc+u/poare/Grid/build/examples/./Example_spec_kryschur[0x41180d]
[genoahost097:1719450] [11] /lib64/libc.so.6(+0x2a610)[0x1466a522a610]
[genoahost097:1719450] [12] /lib64/libc.so.6(__libc_start_main+0x80)[0x1466a522a6c0]
[genoahost097:1719450] [13] /direct/sdcc+u/poare/Grid/build/examples/./Example_spec_kryschur[0x4147f5]
[genoahost097:1719450] *** End of error message ***
Example_spec_kryschur: ../../Grid/communicator/SharedMemoryMPI.cc:434: static void Grid::GlobalSharedMemory::OptimalCommunicatorSharedMemory(const Coordinate&, ompi_communicator_t*&, Grid::Coordinate&): Assertion `WorldSize==Nprocessors' failed.
[genoahost100:637730] *** Process received signal ***
[genoahost100:637730] Signal: Aborted (6)
[genoahost100:637730] Signal code:  (-6)
[genoahost100:637730] [ 0] /lib64/libc.so.6(+0x3fc30)[0x153b17a3fc30]
[genoahost100:637730] [ 1] /lib64/libc.so.6(+0x8d02c)[0x153b17a8d02c]
[genoahost100:637730] [ 2] /lib64/libc.so.6(raise+0x16)[0x153b17a3fb86]
[genoahost100:637730] [ 3] /lib64/libc.so.6(abort+0xd3)[0x153b17a29873]
[genoahost100:637730] [ 4] /lib64/libc.so.6(+0x2979b)[0x153b17a2979b]
[genoahost100:637730] [ 5] /lib64/libc.so.6(+0x388c6)[0x153b17a388c6]
[genoahost100:637730] [ 6] /direct/sdcc+u/poare/Grid/build/examples/./Example_spec_kryschur[0x4cc206]
[genoahost100:637730] [ 7] /direct/sdcc+u/poare/Grid/build/examples/./Example_spec_kryschur[0x4cc2f1]
[genoahost100:637730] [ 8] /direct/sdcc+u/poare/Grid/build/examples/./Example_spec_kryschur[0x4c7e95]
[genoahost100:637730] [ 9] /direct/sdcc+u/poare/Grid/build/examples/./Example_spec_kryschur[0x4b5f4f]
[genoahost100:637730] [10] /direct/sdcc+u/poare/Grid/build/examples/./Example_spec_kryschur[0x41180d]
[genoahost100:637730] [11] /lib64/libc.so.6(+0x2a610)[0x153b17a2a610]
[genoahost100:637730] [12] /lib64/libc.so.6(__libc_start_main+0x80)[0x153b17a2a6c0]
[genoahost100:637730] [13] /direct/sdcc+u/poare/Grid/build/examples/./Example_spec_kryschur[0x4147f5]
[genoahost100:637730] *** End of error message ***
Example_spec_kryschur: ../../Grid/communicator/SharedMemoryMPI.cc:434: static void Grid::GlobalSharedMemory::OptimalCommunicatorSharedMemory(const Coordinate&, ompi_communicator_t*&, Grid::Coordinate&): Assertion `WorldSize==Nprocessors' failed.
[genoahost100:637731] *** Process received signal ***
[genoahost100:637731] Signal: Aborted (6)
[genoahost100:637731] Signal code:  (-6)
[genoahost100:637731] [ 0] /lib64/libc.so.6(+0x3fc30)[0x1519b323fc30]
[genoahost100:637731] [ 1] /lib64/libc.so.6(+0x8d02c)[0x1519b328d02c]
[genoahost100:637731] [ 2] /lib64/libc.so.6(raise+0x16)[0x1519b323fb86]
[genoahost100:637731] [ 3] /lib64/libc.so.6(abort+0xd3)[0x1519b3229873]
[genoahost100:637731] [ 4] /lib64/libc.so.6(+0x2979b)[0x1519b322979b]
[genoahost100:637731] [ 5] /lib64/libc.so.6(+0x388c6)[0x1519b32388c6]
[genoahost100:637731] [ 6] /direct/sdcc+u/poare/Grid/build/examples/./Example_spec_kryschur[0x4cc206]
[genoahost100:637731] [ 7] /direct/sdcc+u/poare/Grid/build/examples/./Example_spec_kryschur[0x4cc2f1]
[genoahost100:637731] [ 8] /direct/sdcc+u/poare/Grid/build/examples/./Example_spec_kryschur[0x4c7e95]
[genoahost100:637731] [ 9] /direct/sdcc+u/poare/Grid/build/examples/./Example_spec_kryschur[0x4b5f4f]
[genoahost100:637731] [10] /direct/sdcc+u/poare/Grid/build/examples/./Example_spec_kryschur[0x41180d]
[genoahost100:637731] [11] /lib64/libc.so.6(+0x2a610)[0x1519b322a610]
[genoahost100:637731] [12] /lib64/libc.so.6(__libc_start_main+0x80)[0x1519b322a6c0]
[genoahost100:637731] [13] /direct/sdcc+u/poare/Grid/build/examples/./Example_spec_kryschur[0x4147f5]
[genoahost100:637731] *** End of error message ***
Example_spec_kryschur: ../../Grid/communicator/SharedMemoryMPI.cc:434: static void Grid::GlobalSharedMemory::OptimalCommunicatorSharedMemory(const Coordinate&, ompi_communicator_t*&, Grid::Coordinate&): Assertion `WorldSize==Nprocessors' failed.
[genoahost099:1598289] *** Process received signal ***
[genoahost099:1598289] Signal: Aborted (6)
[genoahost099:1598289] Signal code:  (-6)
[genoahost099:1598289] [ 0] /lib64/libc.so.6(+0x3fc30)[0x1471ad63fc30]
[genoahost099:1598289] [ 1] /lib64/libc.so.6(+0x8d02c)[0x1471ad68d02c]
[genoahost099:1598289] [ 2] /lib64/libc.so.6(raise+0x16)[0x1471ad63fb86]
[genoahost099:1598289] [ 3] /lib64/libc.so.6(abort+0xd3)[0x1471ad629873]
[genoahost099:1598289] [ 4] /lib64/libc.so.6(+0x2979b)[0x1471ad62979b]
[genoahost099:1598289] [ 5] /lib64/libc.so.6(+0x388c6)[0x1471ad6388c6]
[genoahost099:1598289] [ 6] /direct/sdcc+u/poare/Grid/build/examples/./Example_spec_kryschur[0x4cc206]
[genoahost099:1598289] [ 7] /direct/sdcc+u/poare/Grid/build/examples/./Example_spec_kryschur[0x4cc2f1]
[genoahost099:1598289] [ 8] /direct/sdcc+u/poare/Grid/build/examples/./Example_spec_kryschur[0x4c7e95]
[genoahost099:1598289] [ 9] /direct/sdcc+u/poare/Grid/build/examples/./Example_spec_kryschur[0x4b5f4f]
[genoahost099:1598289] [10] /direct/sdcc+u/poare/Grid/build/examples/./Example_spec_kryschur[0x41180d]
[genoahost099:1598289] [11] /lib64/libc.so.6(+0x2a610)[0x1471ad62a610]
[genoahost099:1598289] [12] /lib64/libc.so.6(__libc_start_main+0x80)[0x1471ad62a6c0]
[genoahost099:1598289] [13] /direct/sdcc+u/poare/Grid/build/examples/./Example_spec_kryschur[0x4147f5]
[genoahost099:1598289] *** End of error message ***
Example_spec_kryschur: ../../Grid/communicator/SharedMemoryMPI.cc:434: static void Grid::GlobalSharedMemory::OptimalCommunicatorSharedMemory(const Coordinate&, ompi_communicator_t*&, Grid::Coordinate&): Assertion `WorldSize==Nprocessors' failed.
[genoahost103:606433] *** Process received signal ***
[genoahost103:606433] Signal: Aborted (6)
[genoahost103:606433] Signal code:  (-6)
[genoahost103:606433] [ 0] /lib64/libc.so.6(+0x3fc30)[0x14aa8463fc30]
[genoahost103:606433] [ 1] /lib64/libc.so.6(+0x8d02c)[0x14aa8468d02c]
[genoahost103:606433] [ 2] /lib64/libc.so.6(raise+0x16)[0x14aa8463fb86]
[genoahost103:606433] [ 3] /lib64/libc.so.6(abort+0xd3)[0x14aa84629873]
[genoahost103:606433] [ 4] /lib64/libc.so.6(+0x2979b)[0x14aa8462979b]
[genoahost103:606433] [ 5] /lib64/libc.so.6(+0x388c6)[0x14aa846388c6]
[genoahost103:606433] [ 6] /direct/sdcc+u/poare/Grid/build/examples/./Example_spec_kryschur[0x4cc206]
[genoahost103:606433] [ 7] /direct/sdcc+u/poare/Grid/build/examples/./Example_spec_kryschur[0x4cc2f1]
[genoahost103:606433] [ 8] /direct/sdcc+u/poare/Grid/build/examples/./Example_spec_kryschur[0x4c7e95]
[genoahost103:606433] [ 9] /direct/sdcc+u/poare/Grid/build/examples/./Example_spec_kryschur[0x4b5f4f]
[genoahost103:606433] [10] /direct/sdcc+u/poare/Grid/build/examples/./Example_spec_kryschur[0x41180d]
[genoahost103:606433] [11] /lib64/libc.so.6(+0x2a610)[0x14aa8462a610]
[genoahost103:606433] [12] /lib64/libc.so.6(__libc_start_main+0x80)[0x14aa8462a6c0]
[genoahost103:606433] [13] /direct/sdcc+u/poare/Grid/build/examples/./Example_spec_kryschur[0x4147f5]
[genoahost103:606433] *** End of error message ***
Example_spec_kryschur: ../../Grid/communicator/SharedMemoryMPI.cc:434: static void Grid::GlobalSharedMemory::OptimalCommunicatorSharedMemory(const Coordinate&, ompi_communicator_t*&, Grid::Coordinate&): Assertion `WorldSize==Nprocessors' failed.
[genoahost101:1136883] *** Process received signal ***
[genoahost101:1136883] Signal: Aborted (6)
[genoahost101:1136883] Signal code:  (-6)
[genoahost101:1136883] [ 0] /lib64/libc.so.6(+0x3fc30)[0x152913e3fc30]
[genoahost101:1136883] [ 1] /lib64/libc.so.6(+0x8d02c)[0x152913e8d02c]
[genoahost101:1136883] [ 2] /lib64/libc.so.6(raise+0x16)[0x152913e3fb86]
[genoahost101:1136883] [ 3] /lib64/libc.so.6(abort+0xd3)[0x152913e29873]
[genoahost101:1136883] [ 4] /lib64/libc.so.6(+0x2979b)[0x152913e2979b]
[genoahost101:1136883] [ 5] /lib64/libc.so.6(+0x388c6)[0x152913e388c6]
[genoahost101:1136883] [ 6] /direct/sdcc+u/poare/Grid/build/examples/./Example_spec_kryschur[0x4cc206]
[genoahost101:1136883] [ 7] /direct/sdcc+u/poare/Grid/build/examples/./Example_spec_kryschur[0x4cc2f1]
[genoahost101:1136883] [ 8] /direct/sdcc+u/poare/Grid/build/examples/./Example_spec_kryschur[0x4c7e95]
[genoahost101:1136883] [ 9] /direct/sdcc+u/poare/Grid/build/examples/./Example_spec_kryschur[0x4b5f4f]
[genoahost101:1136883] [10] /direct/sdcc+u/poare/Grid/build/examples/./Example_spec_kryschur[0x41180d]
[genoahost101:1136883] [11] /lib64/libc.so.6(+0x2a610)[0x152913e2a610]
[genoahost101:1136883] [12] /lib64/libc.so.6(__libc_start_main+0x80)[0x152913e2a6c0]
[genoahost101:1136883] [13] /direct/sdcc+u/poare/Grid/build/examples/./Example_spec_kryschur[0x4147f5]
[genoahost101:1136883] *** End of error message ***
Example_spec_kryschur: ../../Grid/communicator/SharedMemoryMPI.cc:434: static void Grid::GlobalSharedMemory::OptimalCommunicatorSharedMemory(const Coordinate&, ompi_communicator_t*&, Grid::Coordinate&): Assertion `WorldSize==Nprocessors' failed.
[genoahost100:637718] *** Process received signal ***
[genoahost100:637718] Signal: Aborted (6)
[genoahost100:637718] Signal code:  (-6)
[genoahost100:637718] [ 0] /lib64/libc.so.6(+0x3fc30)[0x15528543fc30]
[genoahost100:637718] [ 1] /lib64/libc.so.6(+0x8d02c)[0x15528548d02c]
[genoahost100:637718] [ 2] /lib64/libc.so.6(raise+0x16)[0x15528543fb86]
[genoahost100:637718] [ 3] /lib64/libc.so.6(abort+0xd3)[0x155285429873]
[genoahost100:637718] [ 4] /lib64/libc.so.6(+0x2979b)[0x15528542979b]
[genoahost100:637718] [ 5] /lib64/libc.so.6(+0x388c6)[0x1552854388c6]
[genoahost100:637718] [ 6] /direct/sdcc+u/poare/Grid/build/examples/./Example_spec_kryschur[0x4cc206]
[genoahost100:637718] [ 7] /direct/sdcc+u/poare/Grid/build/examples/./Example_spec_kryschur[0x4cc2f1]
[genoahost100:637718] [ 8] /direct/sdcc+u/poare/Grid/build/examples/./Example_spec_kryschur[0x4c7e95]
[genoahost100:637718] [ 9] /direct/sdcc+u/poare/Grid/build/examples/./Example_spec_kryschur[0x4b5f4f]
[genoahost100:637718] [10] /direct/sdcc+u/poare/Grid/build/examples/./Example_spec_kryschur[0x41180d]
[genoahost100:637718] [11] /lib64/libc.so.6(+0x2a610)[0x15528542a610]
[genoahost100:637718] [12] /lib64/libc.so.6(__libc_start_main+0x80)[0x15528542a6c0]
[genoahost100:637718] [13] /direct/sdcc+u/poare/Grid/build/examples/./Example_spec_kryschur[0x4147f5]
[genoahost100:637718] *** End of error message ***
Example_spec_kryschur: ../../Grid/communicator/SharedMemoryMPI.cc:434: static void Grid::GlobalSharedMemory::OptimalCommunicatorSharedMemory(const Coordinate&, ompi_communicator_t*&, Grid::Coordinate&): Assertion `WorldSize==Nprocessors' failed.
[genoahost097:1719445] *** Process received signal ***
[genoahost097:1719445] Signal: Aborted (6)
[genoahost097:1719445] Signal code:  (-6)
[genoahost097:1719445] [ 0] /lib64/libc.so.6(+0x3fc30)[0x15065563fc30]
[genoahost097:1719445] [ 1] /lib64/libc.so.6(+0x8d02c)[0x15065568d02c]
[genoahost097:1719445] [ 2] /lib64/libc.so.6(raise+0x16)[0x15065563fb86]
[genoahost097:1719445] [ 3] /lib64/libc.so.6(abort+0xd3)[0x150655629873]
[genoahost097:1719445] [ 4] /lib64/libc.so.6(+0x2979b)[0x15065562979b]
[genoahost097:1719445] [ 5] /lib64/libc.so.6(+0x388c6)[0x1506556388c6]
[genoahost097:1719445] [ 6] /direct/sdcc+u/poare/Grid/build/examples/./Example_spec_kryschur[0x4cc206]
[genoahost097:1719445] [ 7] /direct/sdcc+u/poare/Grid/build/examples/./Example_spec_kryschur[0x4cc2f1]
[genoahost097:1719445] [ 8] /direct/sdcc+u/poare/Grid/build/examples/./Example_spec_kryschur[0x4c7e95]
[genoahost097:1719445] [ 9] /direct/sdcc+u/poare/Grid/build/examples/./Example_spec_kryschur[0x4b5f4f]
[genoahost097:1719445] [10] /direct/sdcc+u/poare/Grid/build/examples/./Example_spec_kryschur[0x41180d]
[genoahost097:1719445] [11] /lib64/libc.so.6(+0x2a610)[0x15065562a610]
[genoahost097:1719445] [12] /lib64/libc.so.6(__libc_start_main+0x80)[0x15065562a6c0]
[genoahost097:1719445] [13] /direct/sdcc+u/poare/Grid/build/examples/./Example_spec_kryschur[0x4147f5]
[genoahost097:1719445] *** End of error message ***
Example_spec_kryschur: ../../Grid/communicator/SharedMemoryMPI.cc:434: static void Grid::GlobalSharedMemory::OptimalCommunicatorSharedMemory(const Coordinate&, ompi_communicator_t*&, Grid::Coordinate&): Assertion `WorldSize==Nprocessors' failed.
[genoahost097:1719442] *** Process received signal ***
[genoahost097:1719442] Signal: Aborted (6)
[genoahost097:1719442] Signal code:  (-6)
Example_spec_kryschur: ../../Grid/communicator/SharedMemoryMPI.cc:434: static void Grid::GlobalSharedMemory::OptimalCommunicatorSharedMemory(const Coordinate&, ompi_communicator_t*&, Grid::Coordinate&): Assertion `WorldSize==Nprocessors' failed.
[genoahost097:1719442] [ 0] /lib64/libc.so.6(+0x3fc30)[0x14a2c423fc30]
[genoahost097:1719442] [ 1] /lib64/libc.so.6(+0x8d02c)[0x14a2c428d02c]
[genoahost097:1719442] [ 2] /lib64/libc.so.6(raise+0x16)[0x14a2c423fb86]
[genoahost097:1719442] [ 3] /lib64/libc.so.6(abort+0xd3)[0x14a2c4229873]
[genoahost101:1136884] *** Process received signal ***
[genoahost101:1136884] Signal: Aborted (6)
[genoahost101:1136884] Signal code:  (-6)
[genoahost097:1719442] [ 4] /lib64/libc.so.6(+0x2979b)[0x14a2c422979b]
[genoahost097:1719442] [ 5] /lib64/libc.so.6(+0x388c6)[0x14a2c42388c6]
[genoahost097:1719442] [ 6] /direct/sdcc+u/poare/Grid/build/examples/./Example_spec_kryschur[0x4cc206]
[genoahost097:1719442] [ 7] /direct/sdcc+u/poare/Grid/build/examples/./Example_spec_kryschur[0x4cc2f1]
[genoahost097:1719442] [ 8] /direct/sdcc+u/poare/Grid/build/examples/./Example_spec_kryschur[0x4c7e95]
[genoahost097:1719442] [ 9] /direct/sdcc+u/poare/Grid/build/examples/./Example_spec_kryschur[0x4b5f4f]
[genoahost097:1719442] [10] /direct/sdcc+u/poare/Grid/build/examples/./Example_spec_kryschur[0x41180d]
[genoahost097:1719442] [11] /lib64/libc.so.6(+0x2a610)[0x14a2c422a610]
[genoahost097:1719442] [12] /lib64/libc.so.6(__libc_start_main+0x80)[0x14a2c422a6c0]
[genoahost097:1719442] [13] /direct/sdcc+u/poare/Grid/build/examples/./Example_spec_kryschur[0x4147f5]
[genoahost097:1719442] *** End of error message ***
[genoahost101:1136884] [ 0] /lib64/libc.so.6(+0x3fc30)[0x1467cde3fc30]
[genoahost101:1136884] [ 1] /lib64/libc.so.6(+0x8d02c)[0x1467cde8d02c]
[genoahost101:1136884] [ 2] /lib64/libc.so.6(raise+0x16)[0x1467cde3fb86]
[genoahost101:1136884] [ 3] /lib64/libc.so.6(abort+0xd3)[0x1467cde29873]
[genoahost101:1136884] [ 4] /lib64/libc.so.6(+0x2979b)[0x1467cde2979b]
[genoahost101:1136884] [ 5] /lib64/libc.so.6(+0x388c6)[0x1467cde388c6]
[genoahost101:1136884] [ 6] /direct/sdcc+u/poare/Grid/build/examples/./Example_spec_kryschur[0x4cc206]
[genoahost101:1136884] [ 7] /direct/sdcc+u/poare/Grid/build/examples/./Example_spec_kryschur[0x4cc2f1]
[genoahost101:1136884] [ 8] /direct/sdcc+u/poare/Grid/build/examples/./Example_spec_kryschur[0x4c7e95]
[genoahost101:1136884] [ 9] /direct/sdcc+u/poare/Grid/build/examples/./Example_spec_kryschur[0x4b5f4f]
[genoahost101:1136884] [10] /direct/sdcc+u/poare/Grid/build/examples/./Example_spec_kryschur[0x41180d]
[genoahost101:1136884] [11] /lib64/libc.so.6(+0x2a610)[0x1467cde2a610]
[genoahost101:1136884] [12] /lib64/libc.so.6(__libc_start_main+0x80)[0x1467cde2a6c0]
[genoahost101:1136884] [13] /direct/sdcc+u/poare/Grid/build/examples/./Example_spec_kryschur[0x4147f5]
[genoahost101:1136884] *** End of error message ***
Example_spec_kryschur: ../../Grid/communicator/SharedMemoryMPI.cc:434: static void Grid::GlobalSharedMemory::OptimalCommunicatorSharedMemory(const Coordinate&, ompi_communicator_t*&, Grid::Coordinate&): Assertion `WorldSize==Nprocessors' failed.
[genoahost097:1719448] *** Process received signal ***
[genoahost097:1719448] Signal: Aborted (6)
[genoahost097:1719448] Signal code:  (-6)
[genoahost097:1719448] [ 0] /lib64/libc.so.6(+0x3fc30)[0x14f22d23fc30]
[genoahost097:1719448] [ 1] /lib64/libc.so.6(+0x8d02c)[0x14f22d28d02c]
[genoahost097:1719448] [ 2] /lib64/libc.so.6(raise+0x16)[0x14f22d23fb86]
[genoahost097:1719448] [ 3] /lib64/libc.so.6(abort+0xd3)[0x14f22d229873]
[genoahost097:1719448] [ 4] /lib64/libc.so.6(+0x2979b)[0x14f22d22979b]
[genoahost097:1719448] [ 5] /lib64/libc.so.6(+0x388c6)[0x14f22d2388c6]
[genoahost097:1719448] [ 6] /direct/sdcc+u/poare/Grid/build/examples/./Example_spec_kryschur[0x4cc206]
[genoahost097:1719448] [ 7] /direct/sdcc+u/poare/Grid/build/examples/./Example_spec_kryschur[0x4cc2f1]
[genoahost097:1719448] [ 8] /direct/sdcc+u/poare/Grid/build/examples/./Example_spec_kryschur[0x4c7e95]
[genoahost097:1719448] [ 9] /direct/sdcc+u/poare/Grid/build/examples/./Example_spec_kryschur[0x4b5f4f]
[genoahost097:1719448] [10] /direct/sdcc+u/poare/Grid/build/examples/./Example_spec_kryschur[0x41180d]
[genoahost097:1719448] [11] /lib64/libc.so.6(+0x2a610)[0x14f22d22a610]
[genoahost097:1719448] [12] /lib64/libc.so.6(__libc_start_main+0x80)[0x14f22d22a6c0]
[genoahost097:1719448] [13] /direct/sdcc+u/poare/Grid/build/examples/./Example_spec_kryschur[0x4147f5]
[genoahost097:1719448] *** End of error message ***
Example_spec_kryschur: ../../Grid/communicator/SharedMemoryMPI.cc:434: static void Grid::GlobalSharedMemory::OptimalCommunicatorSharedMemory(const Coordinate&, ompi_communicator_t*&, Grid::Coordinate&): Assertion `WorldSize==Nprocessors' failed.
[genoahost100:637732] *** Process received signal ***
[genoahost100:637732] Signal: Aborted (6)
[genoahost100:637732] Signal code:  (-6)
[genoahost100:637732] [ 0] /lib64/libc.so.6(+0x3fc30)[0x14a98283fc30]
[genoahost100:637732] [ 1] /lib64/libc.so.6(+0x8d02c)[0x14a98288d02c]
[genoahost100:637732] [ 2] /lib64/libc.so.6(raise+0x16)[0x14a98283fb86]
[genoahost100:637732] [ 3] /lib64/libc.so.6(abort+0xd3)[0x14a982829873]
[genoahost100:637732] [ 4] /lib64/libc.so.6(+0x2979b)[0x14a98282979b]
[genoahost100:637732] [ 5] /lib64/libc.so.6(+0x388c6)[0x14a9828388c6]
[genoahost100:637732] [ 6] /direct/sdcc+u/poare/Grid/build/examples/./Example_spec_kryschur[0x4cc206]
[genoahost100:637732] [ 7] /direct/sdcc+u/poare/Grid/build/examples/./Example_spec_kryschur[0x4cc2f1]
[genoahost100:637732] [ 8] /direct/sdcc+u/poare/Grid/build/examples/./Example_spec_kryschur[0x4c7e95]
[genoahost100:637732] [ 9] /direct/sdcc+u/poare/Grid/build/examples/./Example_spec_kryschur[0x4b5f4f]
[genoahost100:637732] [10] /direct/sdcc+u/poare/Grid/build/examples/./Example_spec_kryschur[0x41180d]
[genoahost100:637732] [11] /lib64/libc.so.6(+0x2a610)[0x14a98282a610]
[genoahost100:637732] [12] /lib64/libc.so.6(__libc_start_main+0x80)[0x14a98282a6c0]
[genoahost100:637732] [13] /direct/sdcc+u/poare/Grid/build/examples/./Example_spec_kryschur[0x4147f5]
[genoahost100:637732] *** End of error message ***
Example_spec_kryschur: ../../Grid/communicator/SharedMemoryMPI.cc:434: static void Grid::GlobalSharedMemory::OptimalCommunicatorSharedMemory(const Coordinate&, ompi_communicator_t*&, Grid::Coordinate&): Assertion `WorldSize==Nprocessors' failed.
[genoahost100:637726] *** Process received signal ***
[genoahost100:637726] Signal: Aborted (6)
[genoahost100:637726] Signal code:  (-6)
[genoahost100:637726] [ 0] /lib64/libc.so.6(+0x3fc30)[0x1528a2e3fc30]
[genoahost100:637726] [ 1] /lib64/libc.so.6(+0x8d02c)[0x1528a2e8d02c]
[genoahost100:637726] [ 2] /lib64/libc.so.6(raise+0x16)[0x1528a2e3fb86]
[genoahost100:637726] [ 3] /lib64/libc.so.6(abort+0xd3)[0x1528a2e29873]
[genoahost100:637726] [ 4] /lib64/libc.so.6(+0x2979b)[0x1528a2e2979b]
[genoahost100:637726] [ 5] /lib64/libc.so.6(+0x388c6)[0x1528a2e388c6]
[genoahost100:637726] [ 6] /direct/sdcc+u/poare/Grid/build/examples/./Example_spec_kryschur[0x4cc206]
[genoahost100:637726] [ 7] /direct/sdcc+u/poare/Grid/build/examples/./Example_spec_kryschur[0x4cc2f1]
[genoahost100:637726] [ 8] /direct/sdcc+u/poare/Grid/build/examples/./Example_spec_kryschur[0x4c7e95]
[genoahost100:637726] [ 9] /direct/sdcc+u/poare/Grid/build/examples/./Example_spec_kryschur[0x4b5f4f]
[genoahost100:637726] [10] /direct/sdcc+u/poare/Grid/build/examples/./Example_spec_kryschur[0x41180d]
[genoahost100:637726] [11] /lib64/libc.so.6(+0x2a610)[0x1528a2e2a610]
[genoahost100:637726] [12] /lib64/libc.so.6(__libc_start_main+0x80)[0x1528a2e2a6c0]
[genoahost100:637726] [13] /direct/sdcc+u/poare/Grid/build/examples/./Example_spec_kryschur[0x4147f5]
[genoahost100:637726] *** End of error message ***
Example_spec_kryschur: ../../Grid/communicator/SharedMemoryMPI.cc:434: static void Grid::GlobalSharedMemory::OptimalCommunicatorSharedMemory(const Coordinate&, ompi_communicator_t*&, Grid::Coordinate&): Assertion `WorldSize==Nprocessors' failed.
[genoahost101:1136882] *** Process received signal ***
[genoahost101:1136882] Signal: Aborted (6)
[genoahost101:1136882] Signal code:  (-6)
[genoahost101:1136882] [ 0] /lib64/libc.so.6(+0x3fc30)[0x14f2f6c3fc30]
[genoahost101:1136882] [ 1] /lib64/libc.so.6(+0x8d02c)[0x14f2f6c8d02c]
[genoahost101:1136882] [ 2] /lib64/libc.so.6(raise+0x16)[0x14f2f6c3fb86]
[genoahost101:1136882] [ 3] /lib64/libc.so.6(abort+0xd3)[0x14f2f6c29873]
[genoahost101:1136882] [ 4] /lib64/libc.so.6(+0x2979b)[0x14f2f6c2979b]
[genoahost101:1136882] [ 5] /lib64/libc.so.6(+0x388c6)[0x14f2f6c388c6]
[genoahost101:1136882] [ 6] /direct/sdcc+u/poare/Grid/build/examples/./Example_spec_kryschur[0x4cc206]
[genoahost101:1136882] [ 7] /direct/sdcc+u/poare/Grid/build/examples/./Example_spec_kryschur[0x4cc2f1]
[genoahost101:1136882] [ 8] /direct/sdcc+u/poare/Grid/build/examples/./Example_spec_kryschur[0x4c7e95]
[genoahost101:1136882] [ 9] /direct/sdcc+u/poare/Grid/build/examples/./Example_spec_kryschur[0x4b5f4f]
[genoahost101:1136882] [10] /direct/sdcc+u/poare/Grid/build/examples/./Example_spec_kryschur[0x41180d]
[genoahost101:1136882] [11] /lib64/libc.so.6(+0x2a610)[0x14f2f6c2a610]
[genoahost101:1136882] [12] /lib64/libc.so.6(__libc_start_main+0x80)[0x14f2f6c2a6c0]
[genoahost101:1136882] [13] /direct/sdcc+u/poare/Grid/build/examples/./Example_spec_kryschur[0x4147f5]
[genoahost101:1136882] *** End of error message ***
Example_spec_kryschur: ../../Grid/communicator/SharedMemoryMPI.cc:434: static void Grid::GlobalSharedMemory::OptimalCommunicatorSharedMemory(const Coordinate&, ompi_communicator_t*&, Grid::Coordinate&): Assertion `WorldSize==Nprocessors' failed.
[genoahost104:617613] *** Process received signal ***
[genoahost104:617613] Signal: Aborted (6)
[genoahost104:617613] Signal code:  (-6)
[genoahost104:617613] [ 0] /lib64/libc.so.6(+0x3fc30)[0x1495c3e3fc30]
[genoahost104:617613] [ 1] /lib64/libc.so.6(+0x8d02c)[0x1495c3e8d02c]
[genoahost104:617613] [ 2] /lib64/libc.so.6(raise+0x16)[0x1495c3e3fb86]
[genoahost104:617613] [ 3] /lib64/libc.so.6(abort+0xd3)[0x1495c3e29873]
[genoahost104:617613] [ 4] /lib64/libc.so.6(+0x2979b)[0x1495c3e2979b]
[genoahost104:617613] [ 5] /lib64/libc.so.6(+0x388c6)[0x1495c3e388c6]
[genoahost104:617613] [ 6] /direct/sdcc+u/poare/Grid/build/examples/./Example_spec_kryschur[0x4cc206]
[genoahost104:617613] [ 7] /direct/sdcc+u/poare/Grid/build/examples/./Example_spec_kryschur[0x4cc2f1]
[genoahost104:617613] [ 8] /direct/sdcc+u/poare/Grid/build/examples/./Example_spec_kryschur[0x4c7e95]
[genoahost104:617613] [ 9] /direct/sdcc+u/poare/Grid/build/examples/./Example_spec_kryschur[0x4b5f4f]
[genoahost104:617613] [10] /direct/sdcc+u/poare/Grid/build/examples/./Example_spec_kryschur[0x41180d]
[genoahost104:617613] [11] /lib64/libc.so.6(+0x2a610)[0x1495c3e2a610]
[genoahost104:617613] [12] /lib64/libc.so.6(__libc_start_main+0x80)[0x1495c3e2a6c0]
[genoahost104:617613] [13] /direct/sdcc+u/poare/Grid/build/examples/./Example_spec_kryschur[0x4147f5]
[genoahost104:617613] *** End of error message ***
Example_spec_kryschur: ../../Grid/communicator/SharedMemoryMPI.cc:434: static void Grid::GlobalSharedMemory::OptimalCommunicatorSharedMemory(const Coordinate&, ompi_communicator_t*&, Grid::Coordinate&): Assertion `WorldSize==Nprocessors' failed.
[genoahost099:1598293] *** Process received signal ***
[genoahost099:1598293] Signal: Aborted (6)
[genoahost099:1598293] Signal code:  (-6)
[genoahost099:1598293] [ 0] /lib64/libc.so.6(+0x3fc30)[0x151e2143fc30]
[genoahost099:1598293] [ 1] /lib64/libc.so.6(+0x8d02c)[0x151e2148d02c]
[genoahost099:1598293] [ 2] /lib64/libc.so.6(raise+0x16)[0x151e2143fb86]
[genoahost099:1598293] [ 3] /lib64/libc.so.6(abort+0xd3)[0x151e21429873]
[genoahost099:1598293] [ 4] /lib64/libc.so.6(+0x2979b)[0x151e2142979b]
[genoahost099:1598293] [ 5] /lib64/libc.so.6(+0x388c6)[0x151e214388c6]
[genoahost099:1598293] [ 6] /direct/sdcc+u/poare/Grid/build/examples/./Example_spec_kryschur[0x4cc206]
[genoahost099:1598293] [ 7] /direct/sdcc+u/poare/Grid/build/examples/./Example_spec_kryschur[0x4cc2f1]
[genoahost099:1598293] [ 8] /direct/sdcc+u/poare/Grid/build/examples/./Example_spec_kryschur[0x4c7e95]
[genoahost099:1598293] [ 9] /direct/sdcc+u/poare/Grid/build/examples/./Example_spec_kryschur[0x4b5f4f]
[genoahost099:1598293] [10] /direct/sdcc+u/poare/Grid/build/examples/./Example_spec_kryschur[0x41180d]
[genoahost099:1598293] [11] /lib64/libc.so.6(+0x2a610)[0x151e2142a610]
[genoahost099:1598293] [12] /lib64/libc.so.6(__libc_start_main+0x80)[0x151e2142a6c0]
[genoahost099:1598293] [13] /direct/sdcc+u/poare/Grid/build/examples/./Example_spec_kryschur[0x4147f5]
[genoahost099:1598293] *** End of error message ***
Example_spec_kryschur: ../../Grid/communicator/SharedMemoryMPI.cc:434: static void Grid::GlobalSharedMemory::OptimalCommunicatorSharedMemory(const Coordinate&, ompi_communicator_t*&, Grid::Coordinate&): Assertion `WorldSize==Nprocessors' failed.
[genoahost104:617611] *** Process received signal ***
[genoahost104:617611] Signal: Aborted (6)
[genoahost104:617611] Signal code:  (-6)
[genoahost104:617611] [ 0] /lib64/libc.so.6(+0x3fc30)[0x14af6303fc30]
[genoahost104:617611] [ 1] /lib64/libc.so.6(+0x8d02c)[0x14af6308d02c]
[genoahost104:617611] [ 2] /lib64/libc.so.6(raise+0x16)[0x14af6303fb86]
[genoahost104:617611] [ 3] /lib64/libc.so.6(abort+0xd3)[0x14af63029873]
[genoahost104:617611] [ 4] /lib64/libc.so.6(+0x2979b)[0x14af6302979b]
[genoahost104:617611] [ 5] /lib64/libc.so.6(+0x388c6)[0x14af630388c6]
[genoahost104:617611] [ 6] /direct/sdcc+u/poare/Grid/build/examples/./Example_spec_kryschur[0x4cc206]
[genoahost104:617611] [ 7] /direct/sdcc+u/poare/Grid/build/examples/./Example_spec_kryschur[0x4cc2f1]
[genoahost104:617611] [ 8] /direct/sdcc+u/poare/Grid/build/examples/./Example_spec_kryschur[0x4c7e95]
[genoahost104:617611] [ 9] /direct/sdcc+u/poare/Grid/build/examples/./Example_spec_kryschur[0x4b5f4f]
[genoahost104:617611] [10] /direct/sdcc+u/poare/Grid/build/examples/./Example_spec_kryschur[0x41180d]
[genoahost104:617611] [11] /lib64/libc.so.6(+0x2a610)[0x14af6302a610]
[genoahost104:617611] [12] /lib64/libc.so.6(__libc_start_main+0x80)[0x14af6302a6c0]
[genoahost104:617611] [13] /direct/sdcc+u/poare/Grid/build/examples/./Example_spec_kryschur[0x4147f5]
[genoahost104:617611] *** End of error message ***
Example_spec_kryschur: ../../Grid/communicator/SharedMemoryMPI.cc:434: static void Grid::GlobalSharedMemory::OptimalCommunicatorSharedMemory(const Coordinate&, ompi_communicator_t*&, Grid::Coordinate&): Assertion `WorldSize==Nprocessors' failed.
[genoahost101:1136880] *** Process received signal ***
[genoahost101:1136880] Signal: Aborted (6)
[genoahost101:1136880] Signal code:  (-6)
[genoahost101:1136880] [ 0] /lib64/libc.so.6(+0x3fc30)[0x146756a3fc30]
[genoahost101:1136880] [ 1] /lib64/libc.so.6(+0x8d02c)[0x146756a8d02c]
[genoahost101:1136880] [ 2] /lib64/libc.so.6(raise+0x16)[0x146756a3fb86]
[genoahost101:1136880] [ 3] /lib64/libc.so.6(abort+0xd3)[0x146756a29873]
[genoahost101:1136880] [ 4] /lib64/libc.so.6(+0x2979b)[0x146756a2979b]
[genoahost101:1136880] [ 5] /lib64/libc.so.6(+0x388c6)[0x146756a388c6]
[genoahost101:1136880] [ 6] /direct/sdcc+u/poare/Grid/build/examples/./Example_spec_kryschur[0x4cc206]
[genoahost101:1136880] [ 7] /direct/sdcc+u/poare/Grid/build/examples/./Example_spec_kryschur[0x4cc2f1]
[genoahost101:1136880] [ 8] /direct/sdcc+u/poare/Grid/build/examples/./Example_spec_kryschur[0x4c7e95]
[genoahost101:1136880] [ 9] /direct/sdcc+u/poare/Grid/build/examples/./Example_spec_kryschur[0x4b5f4f]
[genoahost101:1136880] [10] /direct/sdcc+u/poare/Grid/build/examples/./Example_spec_kryschur[0x41180d]
[genoahost101:1136880] [11] /lib64/libc.so.6(+0x2a610)[0x146756a2a610]
[genoahost101:1136880] [12] /lib64/libc.so.6(__libc_start_main+0x80)[0x146756a2a6c0]
[genoahost101:1136880] [13] /direct/sdcc+u/poare/Grid/build/examples/./Example_spec_kryschur[0x4147f5]
[genoahost101:1136880] *** End of error message ***
Example_spec_kryschur: ../../Grid/communicator/SharedMemoryMPI.cc:434: static void Grid::GlobalSharedMemory::OptimalCommunicatorSharedMemory(const Coordinate&, ompi_communicator_t*&, Grid::Coordinate&): Assertion `WorldSize==Nprocessors' failed.
[genoahost099:1598294] *** Process received signal ***
[genoahost099:1598294] Signal: Aborted (6)
[genoahost099:1598294] Signal code:  (-6)
[genoahost099:1598294] [ 0] /lib64/libc.so.6(+0x3fc30)[0x14e6acc3fc30]
[genoahost099:1598294] [ 1] /lib64/libc.so.6(+0x8d02c)[0x14e6acc8d02c]
[genoahost099:1598294] [ 2] /lib64/libc.so.6(raise+0x16)[0x14e6acc3fb86]
[genoahost099:1598294] [ 3] /lib64/libc.so.6(abort+0xd3)[0x14e6acc29873]
[genoahost099:1598294] [ 4] /lib64/libc.so.6(+0x2979b)[0x14e6acc2979b]
[genoahost099:1598294] [ 5] /lib64/libc.so.6(+0x388c6)[0x14e6acc388c6]
[genoahost099:1598294] [ 6] /direct/sdcc+u/poare/Grid/build/examples/./Example_spec_kryschur[0x4cc206]
[genoahost099:1598294] [ 7] /direct/sdcc+u/poare/Grid/build/examples/./Example_spec_kryschur[0x4cc2f1]
[genoahost099:1598294] [ 8] /direct/sdcc+u/poare/Grid/build/examples/./Example_spec_kryschur[0x4c7e95]
[genoahost099:1598294] [ 9] /direct/sdcc+u/poare/Grid/build/examples/./Example_spec_kryschur[0x4b5f4f]
[genoahost099:1598294] [10] /direct/sdcc+u/poare/Grid/build/examples/./Example_spec_kryschur[0x41180d]
[genoahost099:1598294] [11] /lib64/libc.so.6(+0x2a610)[0x14e6acc2a610]
[genoahost099:1598294] [12] /lib64/libc.so.6(__libc_start_main+0x80)[0x14e6acc2a6c0]
[genoahost099:1598294] [13] /direct/sdcc+u/poare/Grid/build/examples/./Example_spec_kryschur[0x4147f5]
[genoahost099:1598294] *** End of error message ***
Example_spec_kryschur: ../../Grid/communicator/SharedMemoryMPI.cc:434: static void Grid::GlobalSharedMemory::OptimalCommunicatorSharedMemory(const Coordinate&, ompi_communicator_t*&, Grid::Coordinate&): Assertion `WorldSize==Nprocessors' failed.
[genoahost104:617605] *** Process received signal ***
[genoahost104:617605] Signal: Aborted (6)
[genoahost104:617605] Signal code:  (-6)
[genoahost104:617605] [ 0] /lib64/libc.so.6(+0x3fc30)[0x153b9ac3fc30]
[genoahost104:617605] [ 1] /lib64/libc.so.6(+0x8d02c)[0x153b9ac8d02c]
[genoahost104:617605] [ 2] /lib64/libc.so.6(raise+0x16)[0x153b9ac3fb86]
[genoahost104:617605] [ 3] /lib64/libc.so.6(abort+0xd3)[0x153b9ac29873]
[genoahost104:617605] [ 4] /lib64/libc.so.6(+0x2979b)[0x153b9ac2979b]
[genoahost104:617605] [ 5] /lib64/libc.so.6(+0x388c6)[0x153b9ac388c6]
[genoahost104:617605] [ 6] /direct/sdcc+u/poare/Grid/build/examples/./Example_spec_kryschur[0x4cc206]
[genoahost104:617605] [ 7] /direct/sdcc+u/poare/Grid/build/examples/./Example_spec_kryschur[0x4cc2f1]
[genoahost104:617605] [ 8] /direct/sdcc+u/poare/Grid/build/examples/./Example_spec_kryschur[0x4c7e95]
[genoahost104:617605] [ 9] /direct/sdcc+u/poare/Grid/build/examples/./Example_spec_kryschur[0x4b5f4f]
[genoahost104:617605] [10] /direct/sdcc+u/poare/Grid/build/examples/./Example_spec_kryschur[0x41180d]
[genoahost104:617605] [11] /lib64/libc.so.6(+0x2a610)[0x153b9ac2a610]
[genoahost104:617605] [12] /lib64/libc.so.6(__libc_start_main+0x80)[0x153b9ac2a6c0]
[genoahost104:617605] [13] /direct/sdcc+u/poare/Grid/build/examples/./Example_spec_kryschur[0x4147f5]
[genoahost104:617605] *** End of error message ***
Example_spec_kryschur: ../../Grid/communicator/SharedMemoryMPI.cc:434: static void Grid::GlobalSharedMemory::OptimalCommunicatorSharedMemory(const Coordinate&, ompi_communicator_t*&, Grid::Coordinate&): Assertion `WorldSize==Nprocessors' failed.
[genoahost098:1619094] *** Process received signal ***
[genoahost098:1619094] Signal: Aborted (6)
[genoahost098:1619094] Signal code:  (-6)
[genoahost098:1619094] [ 0] /lib64/libc.so.6(+0x3fc30)[0x154b1cc3fc30]
[genoahost098:1619094] [ 1] /lib64/libc.so.6(+0x8d02c)[0x154b1cc8d02c]
[genoahost098:1619094] [ 2] /lib64/libc.so.6(raise+0x16)[0x154b1cc3fb86]
[genoahost098:1619094] [ 3] /lib64/libc.so.6(abort+0xd3)[0x154b1cc29873]
[genoahost098:1619094] [ 4] /lib64/libc.so.6(+0x2979b)[0x154b1cc2979b]
[genoahost098:1619094] [ 5] /lib64/libc.so.6(+0x388c6)[0x154b1cc388c6]
[genoahost098:1619094] [ 6] /direct/sdcc+u/poare/Grid/build/examples/./Example_spec_kryschur[0x4cc206]
[genoahost098:1619094] [ 7] /direct/sdcc+u/poare/Grid/build/examples/./Example_spec_kryschur[0x4cc2f1]
[genoahost098:1619094] [ 8] /direct/sdcc+u/poare/Grid/build/examples/./Example_spec_kryschur[0x4c7e95]
[genoahost098:1619094] [ 9] /direct/sdcc+u/poare/Grid/build/examples/./Example_spec_kryschur[0x4b5f4f]
[genoahost098:1619094] [10] /direct/sdcc+u/poare/Grid/build/examples/./Example_spec_kryschur[0x41180d]
[genoahost098:1619094] [11] /lib64/libc.so.6(+0x2a610)[0x154b1cc2a610]
[genoahost098:1619094] [12] /lib64/libc.so.6(__libc_start_main+0x80)[0x154b1cc2a6c0]
[genoahost098:1619094] [13] /direct/sdcc+u/poare/Grid/build/examples/./Example_spec_kryschur[0x4147f5]
[genoahost098:1619094] *** End of error message ***
Example_spec_kryschur: ../../Grid/communicator/SharedMemoryMPI.cc:434: static void Grid::GlobalSharedMemory::OptimalCommunicatorSharedMemory(const Coordinate&, ompi_communicator_t*&, Grid::Coordinate&): Assertion `WorldSize==Nprocessors' failed.
[genoahost100:637723] *** Process received signal ***
[genoahost100:637723] Signal: Aborted (6)
[genoahost100:637723] Signal code:  (-6)
[genoahost100:637723] [ 0] /lib64/libc.so.6(+0x3fc30)[0x14936ac3fc30]
[genoahost100:637723] [ 1] /lib64/libc.so.6(+0x8d02c)[0x14936ac8d02c]
[genoahost100:637723] [ 2] /lib64/libc.so.6(raise+0x16)[0x14936ac3fb86]
[genoahost100:637723] [ 3] /lib64/libc.so.6(abort+0xd3)[0x14936ac29873]
[genoahost100:637723] [ 4] /lib64/libc.so.6(+0x2979b)[0x14936ac2979b]
[genoahost100:637723] [ 5] /lib64/libc.so.6(+0x388c6)[0x14936ac388c6]
[genoahost100:637723] [ 6] /direct/sdcc+u/poare/Grid/build/examples/./Example_spec_kryschur[0x4cc206]
[genoahost100:637723] [ 7] /direct/sdcc+u/poare/Grid/build/examples/./Example_spec_kryschur[0x4cc2f1]
[genoahost100:637723] [ 8] /direct/sdcc+u/poare/Grid/build/examples/./Example_spec_kryschur[0x4c7e95]
[genoahost100:637723] [ 9] /direct/sdcc+u/poare/Grid/build/examples/./Example_spec_kryschur[0x4b5f4f]
[genoahost100:637723] [10] /direct/sdcc+u/poare/Grid/build/examples/./Example_spec_kryschur[0x41180d]
[genoahost100:637723] [11] /lib64/libc.so.6(+0x2a610)[0x14936ac2a610]
[genoahost100:637723] [12] /lib64/libc.so.6(__libc_start_main+0x80)[0x14936ac2a6c0]
[genoahost100:637723] [13] /direct/sdcc+u/poare/Grid/build/examples/./Example_spec_kryschur[0x4147f5]
[genoahost100:637723] *** End of error message ***
Example_spec_kryschur: ../../Grid/communicator/SharedMemoryMPI.cc:434: static void Grid::GlobalSharedMemory::OptimalCommunicatorSharedMemory(const Coordinate&, ompi_communicator_t*&, Grid::Coordinate&): Assertion `WorldSize==Nprocessors' failed.
[genoahost098:1619089] *** Process received signal ***
[genoahost098:1619089] Signal: Aborted (6)
[genoahost098:1619089] Signal code:  (-6)
[genoahost098:1619089] [ 0] /lib64/libc.so.6(+0x3fc30)[0x14dd1623fc30]
[genoahost098:1619089] [ 1] /lib64/libc.so.6(+0x8d02c)[0x14dd1628d02c]
[genoahost098:1619089] [ 2] /lib64/libc.so.6(raise+0x16)[0x14dd1623fb86]
[genoahost098:1619089] [ 3] /lib64/libc.so.6(abort+0xd3)[0x14dd16229873]
[genoahost098:1619089] [ 4] /lib64/libc.so.6(+0x2979b)[0x14dd1622979b]
[genoahost098:1619089] [ 5] /lib64/libc.so.6(+0x388c6)[0x14dd162388c6]
[genoahost098:1619089] [ 6] /direct/sdcc+u/poare/Grid/build/examples/./Example_spec_kryschur[0x4cc206]
[genoahost098:1619089] [ 7] /direct/sdcc+u/poare/Grid/build/examples/./Example_spec_kryschur[0x4cc2f1]
[genoahost098:1619089] [ 8] /direct/sdcc+u/poare/Grid/build/examples/./Example_spec_kryschur[0x4c7e95]
[genoahost098:1619089] [ 9] /direct/sdcc+u/poare/Grid/build/examples/./Example_spec_kryschur[0x4b5f4f]
[genoahost098:1619089] [10] /direct/sdcc+u/poare/Grid/build/examples/./Example_spec_kryschur[0x41180d]
[genoahost098:1619089] [11] /lib64/libc.so.6(+0x2a610)[0x14dd1622a610]
[genoahost098:1619089] [12] /lib64/libc.so.6(__libc_start_main+0x80)[0x14dd1622a6c0]
[genoahost098:1619089] [13] /direct/sdcc+u/poare/Grid/build/examples/./Example_spec_kryschur[0x4147f5]
[genoahost098:1619089] *** End of error message ***
Example_spec_kryschur: ../../Grid/communicator/SharedMemoryMPI.cc:434: static void Grid::GlobalSharedMemory::OptimalCommunicatorSharedMemory(const Coordinate&, ompi_communicator_t*&, Grid::Coordinate&): Assertion `WorldSize==Nprocessors' failed.
[genoahost100:637725] *** Process received signal ***
[genoahost100:637725] Signal: Aborted (6)
[genoahost100:637725] Signal code:  (-6)
Example_spec_kryschur: ../../Grid/communicator/SharedMemoryMPI.cc:434: static void Grid::GlobalSharedMemory::OptimalCommunicatorSharedMemory(const Coordinate&, ompi_communicator_t*&, Grid::Coordinate&): Assertion `WorldSize==Nprocessors' failed.
[genoahost100:637725] [ 0] /lib64/libc.so.6(+0x3fc30)[0x1482bfc3fc30]
[genoahost100:637725] [ 1] /lib64/libc.so.6(+0x8d02c)[0x1482bfc8d02c]
[genoahost098:1619097] *** Process received signal ***
[genoahost098:1619097] Signal: Aborted (6)
[genoahost098:1619097] Signal code:  (-6)
[genoahost100:637725] [ 2] /lib64/libc.so.6(raise+0x16)[0x1482bfc3fb86]
[genoahost100:637725] [ 3] /lib64/libc.so.6(abort+0xd3)[0x1482bfc29873]
[genoahost100:637725] [ 4] /lib64/libc.so.6(+0x2979b)[0x1482bfc2979b]
[genoahost100:637725] [ 5] /lib64/libc.so.6(+0x388c6)[0x1482bfc388c6]
[genoahost100:637725] [ 6] /direct/sdcc+u/poare/Grid/build/examples/./Example_spec_kryschur[0x4cc206]
[genoahost100:637725] [ 7] /direct/sdcc+u/poare/Grid/build/examples/./Example_spec_kryschur[0x4cc2f1]
[genoahost100:637725] [ 8] /direct/sdcc+u/poare/Grid/build/examples/./Example_spec_kryschur[0x4c7e95]
[genoahost100:637725] [ 9] /direct/sdcc+u/poare/Grid/build/examples/./Example_spec_kryschur[0x4b5f4f]
[genoahost100:637725] [10] /direct/sdcc+u/poare/Grid/build/examples/./Example_spec_kryschur[0x41180d]
[genoahost100:637725] [11] /lib64/libc.so.6(+0x2a610)[0x1482bfc2a610]
[genoahost100:637725] [12] /lib64/libc.so.6(__libc_start_main+0x80)[0x1482bfc2a6c0]
[genoahost100:637725] [13] /direct/sdcc+u/poare/Grid/build/examples/./Example_spec_kryschur[0x4147f5]
[genoahost100:637725] *** End of error message ***
[genoahost098:1619097] [ 0] /lib64/libc.so.6(+0x3fc30)[0x153b7323fc30]
[genoahost098:1619097] [ 1] /lib64/libc.so.6(+0x8d02c)[0x153b7328d02c]
[genoahost098:1619097] [ 2] /lib64/libc.so.6(raise+0x16)[0x153b7323fb86]
[genoahost098:1619097] [ 3] /lib64/libc.so.6(abort+0xd3)[0x153b73229873]
[genoahost098:1619097] [ 4] /lib64/libc.so.6(+0x2979b)[0x153b7322979b]
[genoahost098:1619097] [ 5] /lib64/libc.so.6(+0x388c6)[0x153b732388c6]
[genoahost098:1619097] [ 6] /direct/sdcc+u/poare/Grid/build/examples/./Example_spec_kryschur[0x4cc206]
[genoahost098:1619097] [ 7] /direct/sdcc+u/poare/Grid/build/examples/./Example_spec_kryschur[0x4cc2f1]
[genoahost098:1619097] [ 8] /direct/sdcc+u/poare/Grid/build/examples/./Example_spec_kryschur[0x4c7e95]
[genoahost098:1619097] [ 9] /direct/sdcc+u/poare/Grid/build/examples/./Example_spec_kryschur[0x4b5f4f]
[genoahost098:1619097] [10] /direct/sdcc+u/poare/Grid/build/examples/./Example_spec_kryschur[0x41180d]
[genoahost098:1619097] [11] /lib64/libc.so.6(+0x2a610)[0x153b7322a610]
[genoahost098:1619097] [12] /lib64/libc.so.6(__libc_start_main+0x80)[0x153b7322a6c0]
[genoahost098:1619097] [13] /direct/sdcc+u/poare/Grid/build/examples/./Example_spec_kryschur[0x4147f5]
[genoahost098:1619097] *** End of error message ***
Example_spec_kryschur: ../../Grid/communicator/SharedMemoryMPI.cc:434: static void Grid::GlobalSharedMemory::OptimalCommunicatorSharedMemory(const Coordinate&, ompi_communicator_t*&, Grid::Coordinate&): Assertion `WorldSize==Nprocessors' failed.
[genoahost104:617612] *** Process received signal ***
[genoahost104:617612] Signal: Aborted (6)
[genoahost104:617612] Signal code:  (-6)
[genoahost104:617612] [ 0] /lib64/libc.so.6(+0x3fc30)[0x1554e0a3fc30]
[genoahost104:617612] [ 1] /lib64/libc.so.6(+0x8d02c)[0x1554e0a8d02c]
[genoahost104:617612] [ 2] /lib64/libc.so.6(raise+0x16)[0x1554e0a3fb86]
[genoahost104:617612] [ 3] /lib64/libc.so.6(abort+0xd3)[0x1554e0a29873]
[genoahost104:617612] [ 4] /lib64/libc.so.6(+0x2979b)[0x1554e0a2979b]
[genoahost104:617612] [ 5] /lib64/libc.so.6(+0x388c6)[0x1554e0a388c6]
[genoahost104:617612] [ 6] /direct/sdcc+u/poare/Grid/build/examples/./Example_spec_kryschur[0x4cc206]
[genoahost104:617612] [ 7] /direct/sdcc+u/poare/Grid/build/examples/./Example_spec_kryschur[0x4cc2f1]
[genoahost104:617612] [ 8] /direct/sdcc+u/poare/Grid/build/examples/./Example_spec_kryschur[0x4c7e95]
[genoahost104:617612] [ 9] /direct/sdcc+u/poare/Grid/build/examples/./Example_spec_kryschur[0x4b5f4f]
[genoahost104:617612] [10] /direct/sdcc+u/poare/Grid/build/examples/./Example_spec_kryschur[0x41180d]
[genoahost104:617612] [11] /lib64/libc.so.6(+0x2a610)[0x1554e0a2a610]
[genoahost104:617612] [12] /lib64/libc.so.6(__libc_start_main+0x80)[0x1554e0a2a6c0]
[genoahost104:617612] [13] /direct/sdcc+u/poare/Grid/build/examples/./Example_spec_kryschur[0x4147f5]
[genoahost104:617612] *** End of error message ***
Example_spec_kryschur: ../../Grid/communicator/SharedMemoryMPI.cc:434: static void Grid::GlobalSharedMemory::OptimalCommunicatorSharedMemory(const Coordinate&, ompi_communicator_t*&, Grid::Coordinate&): Assertion `WorldSize==Nprocessors' failed.
[genoahost099:1598291] *** Process received signal ***
[genoahost099:1598291] Signal: Aborted (6)
[genoahost099:1598291] Signal code:  (-6)
Example_spec_kryschur: ../../Grid/communicator/SharedMemoryMPI.cc:434: static void Grid::GlobalSharedMemory::OptimalCommunicatorSharedMemory(const Coordinate&, ompi_communicator_t*&, Grid::Coordinate&): Assertion `WorldSize==Nprocessors' failed.
[genoahost099:1598291] [ 0] /lib64/libc.so.6(+0x3fc30)[0x14ed0a03fc30]
[genoahost104:617607] *** Process received signal ***
[genoahost104:617607] Signal: Aborted (6)
[genoahost104:617607] Signal code:  (-6)
[genoahost099:1598291] [ 1] /lib64/libc.so.6(+0x8d02c)[0x14ed0a08d02c]
[genoahost099:1598291] [ 2] /lib64/libc.so.6(raise+0x16)[0x14ed0a03fb86]
[genoahost099:1598291] [ 3] /lib64/libc.so.6(abort+0xd3)[0x14ed0a029873]
[genoahost099:1598291] [ 4] /lib64/libc.so.6(+0x2979b)[0x14ed0a02979b]
[genoahost099:1598291] [ 5] /lib64/libc.so.6(+0x388c6)[0x14ed0a0388c6]
[genoahost099:1598291] [ 6] /direct/sdcc+u/poare/Grid/build/examples/./Example_spec_kryschur[0x4cc206]
[genoahost099:1598291] [ 7] /direct/sdcc+u/poare/Grid/build/examples/./Example_spec_kryschur[0x4cc2f1]
[genoahost099:1598291] [ 8] /direct/sdcc+u/poare/Grid/build/examples/./Example_spec_kryschur[0x4c7e95]
[genoahost099:1598291] [ 9] /direct/sdcc+u/poare/Grid/build/examples/./Example_spec_kryschur[0x4b5f4f]
[genoahost099:1598291] [10] /direct/sdcc+u/poare/Grid/build/examples/./Example_spec_kryschur[0x41180d]
[genoahost099:1598291] [11] /lib64/libc.so.6(+0x2a610)[0x14ed0a02a610]
[genoahost099:1598291] [12] /lib64/libc.so.6(__libc_start_main+0x80)[0x14ed0a02a6c0]
[genoahost099:1598291] [13] /direct/sdcc+u/poare/Grid/build/examples/./Example_spec_kryschur[0x4147f5]
[genoahost099:1598291] *** End of error message ***
[genoahost104:617607] [ 0] /lib64/libc.so.6(+0x3fc30)[0x150d4423fc30]
[genoahost104:617607] [ 1] /lib64/libc.so.6(+0x8d02c)[0x150d4428d02c]
[genoahost104:617607] [ 2] /lib64/libc.so.6(raise+0x16)[0x150d4423fb86]
[genoahost104:617607] [ 3] /lib64/libc.so.6(abort+0xd3)[0x150d44229873]
[genoahost104:617607] [ 4] /lib64/libc.so.6(+0x2979b)[0x150d4422979b]
[genoahost104:617607] [ 5] /lib64/libc.so.6(+0x388c6)[0x150d442388c6]
[genoahost104:617607] [ 6] /direct/sdcc+u/poare/Grid/build/examples/./Example_spec_kryschur[0x4cc206]
[genoahost104:617607] [ 7] /direct/sdcc+u/poare/Grid/build/examples/./Example_spec_kryschur[0x4cc2f1]
[genoahost104:617607] [ 8] /direct/sdcc+u/poare/Grid/build/examples/./Example_spec_kryschur[0x4c7e95]
[genoahost104:617607] [ 9] /direct/sdcc+u/poare/Grid/build/examples/./Example_spec_kryschur[0x4b5f4f]
[genoahost104:617607] [10] /direct/sdcc+u/poare/Grid/build/examples/./Example_spec_kryschur[0x41180d]
[genoahost104:617607] [11] /lib64/libc.so.6(+0x2a610)[0x150d4422a610]
[genoahost104:617607] [12] /lib64/libc.so.6(__libc_start_main+0x80)[0x150d4422a6c0]
[genoahost104:617607] [13] /direct/sdcc+u/poare/Grid/build/examples/./Example_spec_kryschur[0x4147f5]
[genoahost104:617607] *** End of error message ***
Example_spec_kryschur: ../../Grid/communicator/SharedMemoryMPI.cc:434: static void Grid::GlobalSharedMemory::OptimalCommunicatorSharedMemory(const Coordinate&, ompi_communicator_t*&, Grid::Coordinate&): Assertion `WorldSize==Nprocessors' failed.
[genoahost100:637721] *** Process received signal ***
[genoahost100:637721] Signal: Aborted (6)
[genoahost100:637721] Signal code:  (-6)
[genoahost100:637721] [ 0] /lib64/libc.so.6(+0x3fc30)[0x1507a003fc30]
[genoahost100:637721] [ 1] /lib64/libc.so.6(+0x8d02c)[0x1507a008d02c]
[genoahost100:637721] [ 2] /lib64/libc.so.6(raise+0x16)[0x1507a003fb86]
[genoahost100:637721] [ 3] /lib64/libc.so.6(abort+0xd3)[0x1507a0029873]
[genoahost100:637721] [ 4] /lib64/libc.so.6(+0x2979b)[0x1507a002979b]
[genoahost100:637721] [ 5] /lib64/libc.so.6(+0x388c6)[0x1507a00388c6]
[genoahost100:637721] [ 6] /direct/sdcc+u/poare/Grid/build/examples/./Example_spec_kryschur[0x4cc206]
[genoahost100:637721] [ 7] /direct/sdcc+u/poare/Grid/build/examples/./Example_spec_kryschur[0x4cc2f1]
[genoahost100:637721] [ 8] /direct/sdcc+u/poare/Grid/build/examples/./Example_spec_kryschur[0x4c7e95]
[genoahost100:637721] [ 9] /direct/sdcc+u/poare/Grid/build/examples/./Example_spec_kryschur[0x4b5f4f]
[genoahost100:637721] [10] /direct/sdcc+u/poare/Grid/build/examples/./Example_spec_kryschur[0x41180d]
[genoahost100:637721] [11] /lib64/libc.so.6(+0x2a610)[0x1507a002a610]
[genoahost100:637721] [12] /lib64/libc.so.6(__libc_start_main+0x80)[0x1507a002a6c0]
[genoahost100:637721] [13] /direct/sdcc+u/poare/Grid/build/examples/./Example_spec_kryschur[0x4147f5]
[genoahost100:637721] *** End of error message ***
Example_spec_kryschur: ../../Grid/communicator/SharedMemoryMPI.cc:434: static void Grid::GlobalSharedMemory::OptimalCommunicatorSharedMemory(const Coordinate&, ompi_communicator_t*&, Grid::Coordinate&): Assertion `WorldSize==Nprocessors' failed.
[genoahost100:637720] *** Process received signal ***
[genoahost100:637720] Signal: Aborted (6)
[genoahost100:637720] Signal code:  (-6)
[genoahost100:637720] [ 0] /lib64/libc.so.6(+0x3fc30)[0x14edd863fc30]
[genoahost100:637720] [ 1] /lib64/libc.so.6(+0x8d02c)[0x14edd868d02c]
[genoahost100:637720] [ 2] /lib64/libc.so.6(raise+0x16)[0x14edd863fb86]
[genoahost100:637720] [ 3] /lib64/libc.so.6(abort+0xd3)[0x14edd8629873]
[genoahost100:637720] [ 4] /lib64/libc.so.6(+0x2979b)[0x14edd862979b]
[genoahost100:637720] [ 5] /lib64/libc.so.6(+0x388c6)[0x14edd86388c6]
[genoahost100:637720] [ 6] /direct/sdcc+u/poare/Grid/build/examples/./Example_spec_kryschur[0x4cc206]
[genoahost100:637720] [ 7] /direct/sdcc+u/poare/Grid/build/examples/./Example_spec_kryschur[0x4cc2f1]
[genoahost100:637720] [ 8] /direct/sdcc+u/poare/Grid/build/examples/./Example_spec_kryschur[0x4c7e95]
[genoahost100:637720] [ 9] /direct/sdcc+u/poare/Grid/build/examples/./Example_spec_kryschur[0x4b5f4f]
[genoahost100:637720] [10] /direct/sdcc+u/poare/Grid/build/examples/./Example_spec_kryschur[0x41180d]
[genoahost100:637720] [11] /lib64/libc.so.6(+0x2a610)[0x14edd862a610]
[genoahost100:637720] [12] /lib64/libc.so.6(__libc_start_main+0x80)[0x14edd862a6c0]
[genoahost100:637720] [13] /direct/sdcc+u/poare/Grid/build/examples/./Example_spec_kryschur[0x4147f5]
[genoahost100:637720] *** End of error message ***
Example_spec_kryschur: ../../Grid/communicator/SharedMemoryMPI.cc:434: static void Grid::GlobalSharedMemory::OptimalCommunicatorSharedMemory(const Coordinate&, ompi_communicator_t*&, Grid::Coordinate&): Assertion `WorldSize==Nprocessors' failed.
[genoahost102:616954] *** Process received signal ***
[genoahost102:616954] Signal: Aborted (6)
[genoahost102:616954] Signal code:  (-6)
[genoahost102:616954] [ 0] /lib64/libc.so.6(+0x3fc30)[0x151a9023fc30]
[genoahost102:616954] [ 1] /lib64/libc.so.6(+0x8d02c)[0x151a9028d02c]
[genoahost102:616954] [ 2] /lib64/libc.so.6(raise+0x16)[0x151a9023fb86]
[genoahost102:616954] [ 3] /lib64/libc.so.6(abort+0xd3)[0x151a90229873]
[genoahost102:616954] [ 4] /lib64/libc.so.6(+0x2979b)[0x151a9022979b]
[genoahost102:616954] [ 5] /lib64/libc.so.6(+0x388c6)[0x151a902388c6]
[genoahost102:616954] [ 6] /direct/sdcc+u/poare/Grid/build/examples/./Example_spec_kryschur[0x4cc206]
[genoahost102:616954] [ 7] /direct/sdcc+u/poare/Grid/build/examples/./Example_spec_kryschur[0x4cc2f1]
[genoahost102:616954] [ 8] /direct/sdcc+u/poare/Grid/build/examples/./Example_spec_kryschur[0x4c7e95]
[genoahost102:616954] [ 9] /direct/sdcc+u/poare/Grid/build/examples/./Example_spec_kryschur[0x4b5f4f]
[genoahost102:616954] [10] /direct/sdcc+u/poare/Grid/build/examples/./Example_spec_kryschur[0x41180d]
[genoahost102:616954] [11] /lib64/libc.so.6(+0x2a610)[0x151a9022a610]
[genoahost102:616954] [12] /lib64/libc.so.6(__libc_start_main+0x80)[0x151a9022a6c0]
[genoahost102:616954] [13] /direct/sdcc+u/poare/Grid/build/examples/./Example_spec_kryschur[0x4147f5]
[genoahost102:616954] *** End of error message ***
Example_spec_kryschur: ../../Grid/communicator/SharedMemoryMPI.cc:434: static void Grid::GlobalSharedMemory::OptimalCommunicatorSharedMemory(const Coordinate&, ompi_communicator_t*&, Grid::Coordinate&): Assertion `WorldSize==Nprocessors' failed.
[genoahost104:617604] *** Process received signal ***
[genoahost104:617604] Signal: Aborted (6)
[genoahost104:617604] Signal code:  (-6)
[genoahost104:617604] [ 0] /lib64/libc.so.6(+0x3fc30)[0x154b4de3fc30]
[genoahost104:617604] [ 1] /lib64/libc.so.6(+0x8d02c)[0x154b4de8d02c]
[genoahost104:617604] [ 2] /lib64/libc.so.6(raise+0x16)[0x154b4de3fb86]
[genoahost104:617604] [ 3] /lib64/libc.so.6(abort+0xd3)[0x154b4de29873]
[genoahost104:617604] [ 4] /lib64/libc.so.6(+0x2979b)[0x154b4de2979b]
[genoahost104:617604] [ 5] /lib64/libc.so.6(+0x388c6)[0x154b4de388c6]
[genoahost104:617604] [ 6] /direct/sdcc+u/poare/Grid/build/examples/./Example_spec_kryschur[0x4cc206]
[genoahost104:617604] [ 7] /direct/sdcc+u/poare/Grid/build/examples/./Example_spec_kryschur[0x4cc2f1]
[genoahost104:617604] [ 8] /direct/sdcc+u/poare/Grid/build/examples/./Example_spec_kryschur[0x4c7e95]
[genoahost104:617604] [ 9] /direct/sdcc+u/poare/Grid/build/examples/./Example_spec_kryschur[0x4b5f4f]
[genoahost104:617604] [10] /direct/sdcc+u/poare/Grid/build/examples/./Example_spec_kryschur[0x41180d]
[genoahost104:617604] [11] /lib64/libc.so.6(+0x2a610)[0x154b4de2a610]
[genoahost104:617604] [12] /lib64/libc.so.6(__libc_start_main+0x80)[0x154b4de2a6c0]
[genoahost104:617604] [13] /direct/sdcc+u/poare/Grid/build/examples/./Example_spec_kryschur[0x4147f5]
[genoahost104:617604] *** End of error message ***
Example_spec_kryschur: ../../Grid/communicator/SharedMemoryMPI.cc:434: static void Grid::GlobalSharedMemory::OptimalCommunicatorSharedMemory(const Coordinate&, ompi_communicator_t*&, Grid::Coordinate&): Assertion `WorldSize==Nprocessors' failed.
[genoahost098:1619092] *** Process received signal ***
[genoahost098:1619092] Signal: Aborted (6)
[genoahost098:1619092] Signal code:  (-6)
[genoahost098:1619092] [ 0] /lib64/libc.so.6(+0x3fc30)[0x148367c3fc30]
[genoahost098:1619092] [ 1] /lib64/libc.so.6(+0x8d02c)[0x148367c8d02c]
[genoahost098:1619092] [ 2] /lib64/libc.so.6(raise+0x16)[0x148367c3fb86]
[genoahost098:1619092] [ 3] /lib64/libc.so.6(abort+0xd3)[0x148367c29873]
[genoahost098:1619092] [ 4] /lib64/libc.so.6(+0x2979b)[0x148367c2979b]
[genoahost098:1619092] [ 5] /lib64/libc.so.6(+0x388c6)[0x148367c388c6]
[genoahost098:1619092] [ 6] /direct/sdcc+u/poare/Grid/build/examples/./Example_spec_kryschur[0x4cc206]
[genoahost098:1619092] [ 7] /direct/sdcc+u/poare/Grid/build/examples/./Example_spec_kryschur[0x4cc2f1]
[genoahost098:1619092] [ 8] /direct/sdcc+u/poare/Grid/build/examples/./Example_spec_kryschur[0x4c7e95]
[genoahost098:1619092] [ 9] /direct/sdcc+u/poare/Grid/build/examples/./Example_spec_kryschur[0x4b5f4f]
[genoahost098:1619092] [10] /direct/sdcc+u/poare/Grid/build/examples/./Example_spec_kryschur[0x41180d]
[genoahost098:1619092] [11] /lib64/libc.so.6(+0x2a610)[0x148367c2a610]
[genoahost098:1619092] [12] /lib64/libc.so.6(__libc_start_main+0x80)[0x148367c2a6c0]
[genoahost098:1619092] [13] /direct/sdcc+u/poare/Grid/build/examples/./Example_spec_kryschur[0x4147f5]
[genoahost098:1619092] *** End of error message ***
Example_spec_kryschur: ../../Grid/communicator/SharedMemoryMPI.cc:434: static void Grid::GlobalSharedMemory::OptimalCommunicatorSharedMemory(const Coordinate&, ompi_communicator_t*&, Grid::Coordinate&): Assertion `WorldSize==Nprocessors' failed.
[genoahost104:617616] *** Process received signal ***
[genoahost104:617616] Signal: Aborted (6)
[genoahost104:617616] Signal code:  (-6)
[genoahost104:617616] [ 0] /lib64/libc.so.6(+0x3fc30)[0x14c10fa3fc30]
[genoahost104:617616] [ 1] /lib64/libc.so.6(+0x8d02c)[0x14c10fa8d02c]
[genoahost104:617616] [ 2] /lib64/libc.so.6(raise+0x16)[0x14c10fa3fb86]
[genoahost104:617616] [ 3] /lib64/libc.so.6(abort+0xd3)[0x14c10fa29873]
[genoahost104:617616] [ 4] /lib64/libc.so.6(+0x2979b)[0x14c10fa2979b]
[genoahost104:617616] [ 5] /lib64/libc.so.6(+0x388c6)[0x14c10fa388c6]
[genoahost104:617616] [ 6] /direct/sdcc+u/poare/Grid/build/examples/./Example_spec_kryschur[0x4cc206]
[genoahost104:617616] [ 7] /direct/sdcc+u/poare/Grid/build/examples/./Example_spec_kryschur[0x4cc2f1]
[genoahost104:617616] [ 8] /direct/sdcc+u/poare/Grid/build/examples/./Example_spec_kryschur[0x4c7e95]
[genoahost104:617616] [ 9] /direct/sdcc+u/poare/Grid/build/examples/./Example_spec_kryschur[0x4b5f4f]
[genoahost104:617616] [10] /direct/sdcc+u/poare/Grid/build/examples/./Example_spec_kryschur[0x41180d]
[genoahost104:617616] [11] /lib64/libc.so.6(+0x2a610)[0x14c10fa2a610]
[genoahost104:617616] [12] /lib64/libc.so.6(__libc_start_main+0x80)[0x14c10fa2a6c0]
[genoahost104:617616] [13] /direct/sdcc+u/poare/Grid/build/examples/./Example_spec_kryschur[0x4147f5]
[genoahost104:617616] *** End of error message ***
Example_spec_kryschur: ../../Grid/communicator/SharedMemoryMPI.cc:434: static void Grid::GlobalSharedMemory::OptimalCommunicatorSharedMemory(const Coordinate&, ompi_communicator_t*&, Grid::Coordinate&): Assertion `WorldSize==Nprocessors' failed.
[genoahost103:606428] *** Process received signal ***
[genoahost103:606428] Signal: Aborted (6)
[genoahost103:606428] Signal code:  (-6)
[genoahost103:606428] [ 0] /lib64/libc.so.6(+0x3fc30)[0x14ba6d83fc30]
[genoahost103:606428] [ 1] /lib64/libc.so.6(+0x8d02c)[0x14ba6d88d02c]
[genoahost103:606428] [ 2] /lib64/libc.so.6(raise+0x16)[0x14ba6d83fb86]
[genoahost103:606428] [ 3] /lib64/libc.so.6(abort+0xd3)[0x14ba6d829873]
[genoahost103:606428] [ 4] /lib64/libc.so.6(+0x2979b)[0x14ba6d82979b]
[genoahost103:606428] [ 5] /lib64/libc.so.6(+0x388c6)[0x14ba6d8388c6]
[genoahost103:606428] [ 6] /direct/sdcc+u/poare/Grid/build/examples/./Example_spec_kryschur[0x4cc206]
[genoahost103:606428] [ 7] /direct/sdcc+u/poare/Grid/build/examples/./Example_spec_kryschur[0x4cc2f1]
[genoahost103:606428] [ 8] /direct/sdcc+u/poare/Grid/build/examples/./Example_spec_kryschur[0x4c7e95]
[genoahost103:606428] [ 9] /direct/sdcc+u/poare/Grid/build/examples/./Example_spec_kryschur[0x4b5f4f]
[genoahost103:606428] [10] /direct/sdcc+u/poare/Grid/build/examples/./Example_spec_kryschur[0x41180d]
[genoahost103:606428] [11] /lib64/libc.so.6(+0x2a610)[0x14ba6d82a610]
[genoahost103:606428] [12] /lib64/libc.so.6(__libc_start_main+0x80)[0x14ba6d82a6c0]
[genoahost103:606428] [13] /direct/sdcc+u/poare/Grid/build/examples/./Example_spec_kryschur[0x4147f5]
[genoahost103:606428] *** End of error message ***
Example_spec_kryschur: ../../Grid/communicator/SharedMemoryMPI.cc:434: static void Grid::GlobalSharedMemory::OptimalCommunicatorSharedMemory(const Coordinate&, ompi_communicator_t*&, Grid::Coordinate&): Assertion `WorldSize==Nprocessors' failed.
[genoahost098:1619093] *** Process received signal ***
[genoahost098:1619093] Signal: Aborted (6)
[genoahost098:1619093] Signal code:  (-6)
[genoahost098:1619093] [ 0] /lib64/libc.so.6(+0x3fc30)[0x146e6963fc30]
[genoahost098:1619093] [ 1] /lib64/libc.so.6(+0x8d02c)[0x146e6968d02c]
[genoahost098:1619093] [ 2] /lib64/libc.so.6(raise+0x16)[0x146e6963fb86]
[genoahost098:1619093] [ 3] /lib64/libc.so.6(abort+0xd3)[0x146e69629873]
[genoahost098:1619093] [ 4] /lib64/libc.so.6(+0x2979b)[0x146e6962979b]
[genoahost098:1619093] [ 5] /lib64/libc.so.6(+0x388c6)[0x146e696388c6]
[genoahost098:1619093] [ 6] /direct/sdcc+u/poare/Grid/build/examples/./Example_spec_kryschur[0x4cc206]
[genoahost098:1619093] [ 7] /direct/sdcc+u/poare/Grid/build/examples/./Example_spec_kryschur[0x4cc2f1]
[genoahost098:1619093] [ 8] /direct/sdcc+u/poare/Grid/build/examples/./Example_spec_kryschur[0x4c7e95]
[genoahost098:1619093] [ 9] /direct/sdcc+u/poare/Grid/build/examples/./Example_spec_kryschur[0x4b5f4f]
[genoahost098:1619093] [10] /direct/sdcc+u/poare/Grid/build/examples/./Example_spec_kryschur[0x41180d]
[genoahost098:1619093] [11] /lib64/libc.so.6(+0x2a610)[0x146e6962a610]
[genoahost098:1619093] [12] /lib64/libc.so.6(__libc_start_main+0x80)[0x146e6962a6c0]
[genoahost098:1619093] [13] /direct/sdcc+u/poare/Grid/build/examples/./Example_spec_kryschur[0x4147f5]
[genoahost098:1619093] *** End of error message ***
Example_spec_kryschur: ../../Grid/communicator/SharedMemoryMPI.cc:434: static void Grid::GlobalSharedMemory::OptimalCommunicatorSharedMemory(const Coordinate&, ompi_communicator_t*&, Grid::Coordinate&): Assertion `WorldSize==Nprocessors' failed.
[genoahost098:1619101] *** Process received signal ***
[genoahost098:1619101] Signal: Aborted (6)
[genoahost098:1619101] Signal code:  (-6)
[genoahost098:1619101] [ 0] /lib64/libc.so.6(+0x3fc30)[0x14834003fc30]
[genoahost098:1619101] [ 1] /lib64/libc.so.6(+0x8d02c)[0x14834008d02c]
[genoahost098:1619101] [ 2] /lib64/libc.so.6(raise+0x16)[0x14834003fb86]
[genoahost098:1619101] [ 3] /lib64/libc.so.6(abort+0xd3)[0x148340029873]
[genoahost098:1619101] [ 4] /lib64/libc.so.6(+0x2979b)[0x14834002979b]
[genoahost098:1619101] [ 5] /lib64/libc.so.6(+0x388c6)[0x1483400388c6]
[genoahost098:1619101] [ 6] /direct/sdcc+u/poare/Grid/build/examples/./Example_spec_kryschur[0x4cc206]
[genoahost098:1619101] [ 7] /direct/sdcc+u/poare/Grid/build/examples/./Example_spec_kryschur[0x4cc2f1]
[genoahost098:1619101] [ 8] /direct/sdcc+u/poare/Grid/build/examples/./Example_spec_kryschur[0x4c7e95]
[genoahost098:1619101] [ 9] /direct/sdcc+u/poare/Grid/build/examples/./Example_spec_kryschur[0x4b5f4f]
[genoahost098:1619101] [10] /direct/sdcc+u/poare/Grid/build/examples/./Example_spec_kryschur[0x41180d]
[genoahost098:1619101] [11] /lib64/libc.so.6(+0x2a610)[0x14834002a610]
[genoahost098:1619101] [12] /lib64/libc.so.6(__libc_start_main+0x80)[0x14834002a6c0]
[genoahost098:1619101] [13] /direct/sdcc+u/poare/Grid/build/examples/./Example_spec_kryschur[0x4147f5]
[genoahost098:1619101] *** End of error message ***
Example_spec_kryschur: ../../Grid/communicator/SharedMemoryMPI.cc:434: static void Grid::GlobalSharedMemory::OptimalCommunicatorSharedMemory(const Coordinate&, ompi_communicator_t*&, Grid::Coordinate&): Assertion `WorldSize==Nprocessors' failed.
[genoahost097:1719454] *** Process received signal ***
[genoahost097:1719454] Signal: Aborted (6)
[genoahost097:1719454] Signal code:  (-6)
[genoahost097:1719454] [ 0] /lib64/libc.so.6(+0x3fc30)[0x152fa9c3fc30]
[genoahost097:1719454] [ 1] /lib64/libc.so.6(+0x8d02c)[0x152fa9c8d02c]
[genoahost097:1719454] [ 2] /lib64/libc.so.6(raise+0x16)[0x152fa9c3fb86]
[genoahost097:1719454] [ 3] /lib64/libc.so.6(abort+0xd3)[0x152fa9c29873]
[genoahost097:1719454] [ 4] /lib64/libc.so.6(+0x2979b)[0x152fa9c2979b]
[genoahost097:1719454] [ 5] /lib64/libc.so.6(+0x388c6)[0x152fa9c388c6]
[genoahost097:1719454] [ 6] /direct/sdcc+u/poare/Grid/build/examples/./Example_spec_kryschur[0x4cc206]
[genoahost097:1719454] [ 7] /direct/sdcc+u/poare/Grid/build/examples/./Example_spec_kryschur[0x4cc2f1]
[genoahost097:1719454] [ 8] /direct/sdcc+u/poare/Grid/build/examples/./Example_spec_kryschur[0x4c7e95]
[genoahost097:1719454] [ 9] /direct/sdcc+u/poare/Grid/build/examples/./Example_spec_kryschur[0x4b5f4f]
[genoahost097:1719454] [10] /direct/sdcc+u/poare/Grid/build/examples/./Example_spec_kryschur[0x41180d]
[genoahost097:1719454] [11] /lib64/libc.so.6(+0x2a610)[0x152fa9c2a610]
[genoahost097:1719454] [12] /lib64/libc.so.6(__libc_start_main+0x80)[0x152fa9c2a6c0]
[genoahost097:1719454] [13] /direct/sdcc+u/poare/Grid/build/examples/./Example_spec_kryschur[0x4147f5]
[genoahost097:1719454] *** End of error message ***
Example_spec_kryschur: ../../Grid/communicator/SharedMemoryMPI.cc:434: static void Grid::GlobalSharedMemory::OptimalCommunicatorSharedMemory(const Coordinate&, ompi_communicator_t*&, Grid::Coordinate&): Assertion `WorldSize==Nprocessors' failed.
[genoahost102:616965] *** Process received signal ***
[genoahost102:616965] Signal: Aborted (6)
[genoahost102:616965] Signal code:  (-6)
[genoahost102:616965] [ 0] /lib64/libc.so.6(+0x3fc30)[0x15448c83fc30]
[genoahost102:616965] [ 1] /lib64/libc.so.6(+0x8d02c)[0x15448c88d02c]
[genoahost102:616965] [ 2] /lib64/libc.so.6(raise+0x16)[0x15448c83fb86]
[genoahost102:616965] [ 3] /lib64/libc.so.6(abort+0xd3)[0x15448c829873]
[genoahost102:616965] [ 4] /lib64/libc.so.6(+0x2979b)[0x15448c82979b]
[genoahost102:616965] [ 5] /lib64/libc.so.6(+0x388c6)[0x15448c8388c6]
[genoahost102:616965] [ 6] /direct/sdcc+u/poare/Grid/build/examples/./Example_spec_kryschur[0x4cc206]
[genoahost102:616965] [ 7] /direct/sdcc+u/poare/Grid/build/examples/./Example_spec_kryschur[0x4cc2f1]
[genoahost102:616965] [ 8] /direct/sdcc+u/poare/Grid/build/examples/./Example_spec_kryschur[0x4c7e95]
[genoahost102:616965] [ 9] /direct/sdcc+u/poare/Grid/build/examples/./Example_spec_kryschur[0x4b5f4f]
[genoahost102:616965] [10] /direct/sdcc+u/poare/Grid/build/examples/./Example_spec_kryschur[0x41180d]
[genoahost102:616965] [11] /lib64/libc.so.6(+0x2a610)[0x15448c82a610]
[genoahost102:616965] [12] /lib64/libc.so.6(__libc_start_main+0x80)[0x15448c82a6c0]
[genoahost102:616965] [13] /direct/sdcc+u/poare/Grid/build/examples/./Example_spec_kryschur[0x4147f5]
[genoahost102:616965] *** End of error message ***
Example_spec_kryschur: ../../Grid/communicator/SharedMemoryMPI.cc:434: static void Grid::GlobalSharedMemory::OptimalCommunicatorSharedMemory(const Coordinate&, ompi_communicator_t*&, Grid::Coordinate&): Assertion `WorldSize==Nprocessors' failed.
[genoahost104:617602] *** Process received signal ***
[genoahost104:617602] Signal: Aborted (6)
[genoahost104:617602] Signal code:  (-6)
[genoahost104:617602] [ 0] /lib64/libc.so.6(+0x3fc30)[0x15536863fc30]
[genoahost104:617602] [ 1] /lib64/libc.so.6(+0x8d02c)[0x15536868d02c]
[genoahost104:617602] [ 2] /lib64/libc.so.6(raise+0x16)[0x15536863fb86]
[genoahost104:617602] [ 3] /lib64/libc.so.6(abort+0xd3)[0x155368629873]
[genoahost104:617602] [ 4] /lib64/libc.so.6(+0x2979b)[0x15536862979b]
[genoahost104:617602] [ 5] /lib64/libc.so.6(+0x388c6)[0x1553686388c6]
[genoahost104:617602] [ 6] /direct/sdcc+u/poare/Grid/build/examples/./Example_spec_kryschur[0x4cc206]
[genoahost104:617602] [ 7] /direct/sdcc+u/poare/Grid/build/examples/./Example_spec_kryschur[0x4cc2f1]
[genoahost104:617602] [ 8] /direct/sdcc+u/poare/Grid/build/examples/./Example_spec_kryschur[0x4c7e95]
[genoahost104:617602] [ 9] /direct/sdcc+u/poare/Grid/build/examples/./Example_spec_kryschur[0x4b5f4f]
[genoahost104:617602] [10] /direct/sdcc+u/poare/Grid/build/examples/./Example_spec_kryschur[0x41180d]
[genoahost104:617602] [11] /lib64/libc.so.6(+0x2a610)[0x15536862a610]
[genoahost104:617602] [12] /lib64/libc.so.6(__libc_start_main+0x80)[0x15536862a6c0]
[genoahost104:617602] [13] /direct/sdcc+u/poare/Grid/build/examples/./Example_spec_kryschur[0x4147f5]
[genoahost104:617602] *** End of error message ***
Example_spec_kryschur: ../../Grid/communicator/SharedMemoryMPI.cc:434: static void Grid::GlobalSharedMemory::OptimalCommunicatorSharedMemory(const Coordinate&, ompi_communicator_t*&, Grid::Coordinate&): Assertion `WorldSize==Nprocessors' failed.
[genoahost102:616955] *** Process received signal ***
[genoahost102:616955] Signal: Aborted (6)
[genoahost102:616955] Signal code:  (-6)
[genoahost102:616955] [ 0] /lib64/libc.so.6(+0x3fc30)[0x153ec7a3fc30]
[genoahost102:616955] [ 1] /lib64/libc.so.6(+0x8d02c)[0x153ec7a8d02c]
[genoahost102:616955] [ 2] /lib64/libc.so.6(raise+0x16)[0x153ec7a3fb86]
[genoahost102:616955] [ 3] /lib64/libc.so.6(abort+0xd3)[0x153ec7a29873]
[genoahost102:616955] [ 4] /lib64/libc.so.6(+0x2979b)[0x153ec7a2979b]
[genoahost102:616955] [ 5] /lib64/libc.so.6(+0x388c6)[0x153ec7a388c6]
[genoahost102:616955] [ 6] /direct/sdcc+u/poare/Grid/build/examples/./Example_spec_kryschur[0x4cc206]
[genoahost102:616955] [ 7] /direct/sdcc+u/poare/Grid/build/examples/./Example_spec_kryschur[0x4cc2f1]
[genoahost102:616955] [ 8] /direct/sdcc+u/poare/Grid/build/examples/./Example_spec_kryschur[0x4c7e95]
[genoahost102:616955] [ 9] /direct/sdcc+u/poare/Grid/build/examples/./Example_spec_kryschur[0x4b5f4f]
[genoahost102:616955] [10] /direct/sdcc+u/poare/Grid/build/examples/./Example_spec_kryschur[0x41180d]
[genoahost102:616955] [11] /lib64/libc.so.6(+0x2a610)[0x153ec7a2a610]
[genoahost102:616955] [12] /lib64/libc.so.6(__libc_start_main+0x80)[0x153ec7a2a6c0]
[genoahost102:616955] [13] /direct/sdcc+u/poare/Grid/build/examples/./Example_spec_kryschur[0x4147f5]
[genoahost102:616955] *** End of error message ***
Example_spec_kryschur: ../../Grid/communicator/SharedMemoryMPI.cc:434: static void Grid::GlobalSharedMemory::OptimalCommunicatorSharedMemory(const Coordinate&, ompi_communicator_t*&, Grid::Coordinate&): Assertion `WorldSize==Nprocessors' failed.
[genoahost101:1136888] *** Process received signal ***
[genoahost101:1136888] Signal: Aborted (6)
[genoahost101:1136888] Signal code:  (-6)
[genoahost101:1136888] [ 0] /lib64/libc.so.6(+0x3fc30)[0x151ccbe3fc30]
[genoahost101:1136888] [ 1] /lib64/libc.so.6(+0x8d02c)[0x151ccbe8d02c]
[genoahost101:1136888] [ 2] /lib64/libc.so.6(raise+0x16)[0x151ccbe3fb86]
[genoahost101:1136888] [ 3] /lib64/libc.so.6(abort+0xd3)[0x151ccbe29873]
[genoahost101:1136888] [ 4] /lib64/libc.so.6(+0x2979b)[0x151ccbe2979b]
[genoahost101:1136888] [ 5] /lib64/libc.so.6(+0x388c6)[0x151ccbe388c6]
[genoahost101:1136888] [ 6] /direct/sdcc+u/poare/Grid/build/examples/./Example_spec_kryschur[0x4cc206]
[genoahost101:1136888] [ 7] /direct/sdcc+u/poare/Grid/build/examples/./Example_spec_kryschur[0x4cc2f1]
[genoahost101:1136888] [ 8] /direct/sdcc+u/poare/Grid/build/examples/./Example_spec_kryschur[0x4c7e95]
[genoahost101:1136888] [ 9] /direct/sdcc+u/poare/Grid/build/examples/./Example_spec_kryschur[0x4b5f4f]
[genoahost101:1136888] [10] /direct/sdcc+u/poare/Grid/build/examples/./Example_spec_kryschur[0x41180d]
[genoahost101:1136888] [11] /lib64/libc.so.6(+0x2a610)[0x151ccbe2a610]
[genoahost101:1136888] [12] /lib64/libc.so.6(__libc_start_main+0x80)[0x151ccbe2a6c0]
[genoahost101:1136888] [13] /direct/sdcc+u/poare/Grid/build/examples/./Example_spec_kryschur[0x4147f5]
[genoahost101:1136888] *** End of error message ***
Example_spec_kryschur: ../../Grid/communicator/SharedMemoryMPI.cc:434: static void Grid::GlobalSharedMemory::OptimalCommunicatorSharedMemory(const Coordinate&, ompi_communicator_t*&, Grid::Coordinate&): Assertion `WorldSize==Nprocessors' failed.
[genoahost097:1719443] *** Process received signal ***
[genoahost097:1719443] Signal: Aborted (6)
[genoahost097:1719443] Signal code:  (-6)
[genoahost097:1719443] [ 0] /lib64/libc.so.6(+0x3fc30)[0x14cbc403fc30]
[genoahost097:1719443] [ 1] /lib64/libc.so.6(+0x8d02c)[0x14cbc408d02c]
[genoahost097:1719443] [ 2] /lib64/libc.so.6(raise+0x16)[0x14cbc403fb86]
[genoahost097:1719443] [ 3] /lib64/libc.so.6(abort+0xd3)[0x14cbc4029873]
[genoahost097:1719443] [ 4] /lib64/libc.so.6(+0x2979b)[0x14cbc402979b]
[genoahost097:1719443] [ 5] /lib64/libc.so.6(+0x388c6)[0x14cbc40388c6]
[genoahost097:1719443] [ 6] /direct/sdcc+u/poare/Grid/build/examples/./Example_spec_kryschur[0x4cc206]
[genoahost097:1719443] [ 7] /direct/sdcc+u/poare/Grid/build/examples/./Example_spec_kryschur[0x4cc2f1]
[genoahost097:1719443] [ 8] /direct/sdcc+u/poare/Grid/build/examples/./Example_spec_kryschur[0x4c7e95]
[genoahost097:1719443] [ 9] /direct/sdcc+u/poare/Grid/build/examples/./Example_spec_kryschur[0x4b5f4f]
[genoahost097:1719443] [10] /direct/sdcc+u/poare/Grid/build/examples/./Example_spec_kryschur[0x41180d]
[genoahost097:1719443] [11] /lib64/libc.so.6(+0x2a610)[0x14cbc402a610]
[genoahost097:1719443] [12] /lib64/libc.so.6(__libc_start_main+0x80)[0x14cbc402a6c0]
[genoahost097:1719443] [13] /direct/sdcc+u/poare/Grid/build/examples/./Example_spec_kryschur[0x4147f5]
[genoahost097:1719443] *** End of error message ***
Example_spec_kryschur: ../../Grid/communicator/SharedMemoryMPI.cc:434: static void Grid::GlobalSharedMemory::OptimalCommunicatorSharedMemory(const Coordinate&, ompi_communicator_t*&, Grid::Coordinate&): Assertion `WorldSize==Nprocessors' failed.
[genoahost103:606427] *** Process received signal ***
[genoahost103:606427] Signal: Aborted (6)
[genoahost103:606427] Signal code:  (-6)
[genoahost103:606427] [ 0] /lib64/libc.so.6(+0x3fc30)[0x1541d903fc30]
[genoahost103:606427] [ 1] /lib64/libc.so.6(+0x8d02c)[0x1541d908d02c]
[genoahost103:606427] [ 2] /lib64/libc.so.6(raise+0x16)[0x1541d903fb86]
[genoahost103:606427] [ 3] /lib64/libc.so.6(abort+0xd3)[0x1541d9029873]
[genoahost103:606427] [ 4] /lib64/libc.so.6(+0x2979b)[0x1541d902979b]
[genoahost103:606427] [ 5] /lib64/libc.so.6(+0x388c6)[0x1541d90388c6]
[genoahost103:606427] [ 6] /direct/sdcc+u/poare/Grid/build/examples/./Example_spec_kryschur[0x4cc206]
[genoahost103:606427] [ 7] /direct/sdcc+u/poare/Grid/build/examples/./Example_spec_kryschur[0x4cc2f1]
[genoahost103:606427] [ 8] /direct/sdcc+u/poare/Grid/build/examples/./Example_spec_kryschur[0x4c7e95]
[genoahost103:606427] [ 9] /direct/sdcc+u/poare/Grid/build/examples/./Example_spec_kryschur[0x4b5f4f]
[genoahost103:606427] [10] /direct/sdcc+u/poare/Grid/build/examples/./Example_spec_kryschur[0x41180d]
[genoahost103:606427] [11] /lib64/libc.so.6(+0x2a610)[0x1541d902a610]
[genoahost103:606427] [12] /lib64/libc.so.6(__libc_start_main+0x80)[0x1541d902a6c0]
[genoahost103:606427] [13] /direct/sdcc+u/poare/Grid/build/examples/./Example_spec_kryschur[0x4147f5]
[genoahost103:606427] *** End of error message ***
Example_spec_kryschur: ../../Grid/communicator/SharedMemoryMPI.cc:434: static void Grid::GlobalSharedMemory::OptimalCommunicatorSharedMemory(const Coordinate&, ompi_communicator_t*&, Grid::Coordinate&): Assertion `WorldSize==Nprocessors' failed.
[genoahost103:606434] *** Process received signal ***
[genoahost103:606434] Signal: Aborted (6)
[genoahost103:606434] Signal code:  (-6)
[genoahost103:606434] [ 0] /lib64/libc.so.6(+0x3fc30)[0x1526e903fc30]
[genoahost103:606434] [ 1] /lib64/libc.so.6(+0x8d02c)[0x1526e908d02c]
[genoahost103:606434] [ 2] /lib64/libc.so.6(raise+0x16)[0x1526e903fb86]
[genoahost103:606434] [ 3] /lib64/libc.so.6(abort+0xd3)[0x1526e9029873]
[genoahost103:606434] [ 4] /lib64/libc.so.6(+0x2979b)[0x1526e902979b]
[genoahost103:606434] [ 5] /lib64/libc.so.6(+0x388c6)[0x1526e90388c6]
[genoahost103:606434] [ 6] /direct/sdcc+u/poare/Grid/build/examples/./Example_spec_kryschur[0x4cc206]
[genoahost103:606434] [ 7] /direct/sdcc+u/poare/Grid/build/examples/./Example_spec_kryschur[0x4cc2f1]
[genoahost103:606434] [ 8] /direct/sdcc+u/poare/Grid/build/examples/./Example_spec_kryschur[0x4c7e95]
[genoahost103:606434] [ 9] /direct/sdcc+u/poare/Grid/build/examples/./Example_spec_kryschur[0x4b5f4f]
[genoahost103:606434] [10] /direct/sdcc+u/poare/Grid/build/examples/./Example_spec_kryschur[0x41180d]
[genoahost103:606434] [11] /lib64/libc.so.6(+0x2a610)[0x1526e902a610]
[genoahost103:606434] [12] /lib64/libc.so.6(__libc_start_main+0x80)[0x1526e902a6c0]
[genoahost103:606434] [13] /direct/sdcc+u/poare/Grid/build/examples/./Example_spec_kryschur[0x4147f5]
[genoahost103:606434] *** End of error message ***
Example_spec_kryschur: ../../Grid/communicator/SharedMemoryMPI.cc:434: static void Grid::GlobalSharedMemory::OptimalCommunicatorSharedMemory(const Coordinate&, ompi_communicator_t*&, Grid::Coordinate&): Assertion `WorldSize==Nprocessors' failed.
[genoahost097:1719453] *** Process received signal ***
[genoahost097:1719453] Signal: Aborted (6)
[genoahost097:1719453] Signal code:  (-6)
[genoahost097:1719453] [ 0] /lib64/libc.so.6(+0x3fc30)[0x1543e263fc30]
[genoahost097:1719453] [ 1] /lib64/libc.so.6(+0x8d02c)[0x1543e268d02c]
[genoahost097:1719453] [ 2] /lib64/libc.so.6(raise+0x16)[0x1543e263fb86]
[genoahost097:1719453] [ 3] /lib64/libc.so.6(abort+0xd3)[0x1543e2629873]
[genoahost097:1719453] [ 4] /lib64/libc.so.6(+0x2979b)[0x1543e262979b]
[genoahost097:1719453] [ 5] /lib64/libc.so.6(+0x388c6)[0x1543e26388c6]
[genoahost097:1719453] [ 6] /direct/sdcc+u/poare/Grid/build/examples/./Example_spec_kryschur[0x4cc206]
[genoahost097:1719453] [ 7] /direct/sdcc+u/poare/Grid/build/examples/./Example_spec_kryschur[0x4cc2f1]
[genoahost097:1719453] [ 8] /direct/sdcc+u/poare/Grid/build/examples/./Example_spec_kryschur[0x4c7e95]
[genoahost097:1719453] [ 9] /direct/sdcc+u/poare/Grid/build/examples/./Example_spec_kryschur[0x4b5f4f]
[genoahost097:1719453] [10] /direct/sdcc+u/poare/Grid/build/examples/./Example_spec_kryschur[0x41180d]
[genoahost097:1719453] [11] /lib64/libc.so.6(+0x2a610)[0x1543e262a610]
[genoahost097:1719453] [12] /lib64/libc.so.6(__libc_start_main+0x80)[0x1543e262a6c0]
[genoahost097:1719453] [13] /direct/sdcc+u/poare/Grid/build/examples/./Example_spec_kryschur[0x4147f5]
[genoahost097:1719453] *** End of error message ***
Example_spec_kryschur: ../../Grid/communicator/SharedMemoryMPI.cc:434: static void Grid::GlobalSharedMemory::OptimalCommunicatorSharedMemory(const Coordinate&, ompi_communicator_t*&, Grid::Coordinate&): Assertion `WorldSize==Nprocessors' failed.
[genoahost097:1719449] *** Process received signal ***
[genoahost097:1719449] Signal: Aborted (6)
[genoahost097:1719449] Signal code:  (-6)
[genoahost097:1719449] [ 0] /lib64/libc.so.6(+0x3fc30)[0x1474d283fc30]
[genoahost097:1719449] [ 1] /lib64/libc.so.6(+0x8d02c)[0x1474d288d02c]
[genoahost097:1719449] [ 2] /lib64/libc.so.6(raise+0x16)[0x1474d283fb86]
[genoahost097:1719449] [ 3] /lib64/libc.so.6(abort+0xd3)[0x1474d2829873]
[genoahost097:1719449] [ 4] /lib64/libc.so.6(+0x2979b)[0x1474d282979b]
[genoahost097:1719449] [ 5] /lib64/libc.so.6(+0x388c6)[0x1474d28388c6]
[genoahost097:1719449] [ 6] /direct/sdcc+u/poare/Grid/build/examples/./Example_spec_kryschur[0x4cc206]
[genoahost097:1719449] [ 7] /direct/sdcc+u/poare/Grid/build/examples/./Example_spec_kryschur[0x4cc2f1]
[genoahost097:1719449] [ 8] /direct/sdcc+u/poare/Grid/build/examples/./Example_spec_kryschur[0x4c7e95]
[genoahost097:1719449] [ 9] /direct/sdcc+u/poare/Grid/build/examples/./Example_spec_kryschur[0x4b5f4f]
[genoahost097:1719449] [10] /direct/sdcc+u/poare/Grid/build/examples/./Example_spec_kryschur[0x41180d]
[genoahost097:1719449] [11] /lib64/libc.so.6(+0x2a610)[0x1474d282a610]
[genoahost097:1719449] [12] /lib64/libc.so.6(__libc_start_main+0x80)[0x1474d282a6c0]
[genoahost097:1719449] [13] /direct/sdcc+u/poare/Grid/build/examples/./Example_spec_kryschur[0x4147f5]
[genoahost097:1719449] *** End of error message ***
Example_spec_kryschur: ../../Grid/communicator/SharedMemoryMPI.cc:434: static void Grid::GlobalSharedMemory::OptimalCommunicatorSharedMemory(const Coordinate&, ompi_communicator_t*&, Grid::Coordinate&): Assertion `WorldSize==Nprocessors' failed.
[genoahost103:606424] *** Process received signal ***
[genoahost103:606424] Signal: Aborted (6)
[genoahost103:606424] Signal code:  (-6)
[genoahost103:606424] [ 0] /lib64/libc.so.6(+0x3fc30)[0x146ad043fc30]
[genoahost103:606424] [ 1] /lib64/libc.so.6(+0x8d02c)[0x146ad048d02c]
[genoahost103:606424] [ 2] /lib64/libc.so.6(raise+0x16)[0x146ad043fb86]
[genoahost103:606424] [ 3] /lib64/libc.so.6(abort+0xd3)[0x146ad0429873]
[genoahost103:606424] [ 4] /lib64/libc.so.6(+0x2979b)[0x146ad042979b]
[genoahost103:606424] [ 5] /lib64/libc.so.6(+0x388c6)[0x146ad04388c6]
[genoahost103:606424] [ 6] /direct/sdcc+u/poare/Grid/build/examples/./Example_spec_kryschur[0x4cc206]
[genoahost103:606424] [ 7] /direct/sdcc+u/poare/Grid/build/examples/./Example_spec_kryschur[0x4cc2f1]
[genoahost103:606424] [ 8] /direct/sdcc+u/poare/Grid/build/examples/./Example_spec_kryschur[0x4c7e95]
[genoahost103:606424] [ 9] /direct/sdcc+u/poare/Grid/build/examples/./Example_spec_kryschur[0x4b5f4f]
[genoahost103:606424] [10] /direct/sdcc+u/poare/Grid/build/examples/./Example_spec_kryschur[0x41180d]
[genoahost103:606424] [11] /lib64/libc.so.6(+0x2a610)[0x146ad042a610]
[genoahost103:606424] [12] /lib64/libc.so.6(__libc_start_main+0x80)[0x146ad042a6c0]
[genoahost103:606424] [13] /direct/sdcc+u/poare/Grid/build/examples/./Example_spec_kryschur[0x4147f5]
[genoahost103:606424] *** End of error message ***
Example_spec_kryschur: ../../Grid/communicator/SharedMemoryMPI.cc:434: static void Grid::GlobalSharedMemory::OptimalCommunicatorSharedMemory(const Coordinate&, ompi_communicator_t*&, Grid::Coordinate&): Assertion `WorldSize==Nprocessors' failed.
[genoahost104:617610] *** Process received signal ***
[genoahost104:617610] Signal: Aborted (6)
[genoahost104:617610] Signal code:  (-6)
[genoahost104:617610] [ 0] /lib64/libc.so.6(+0x3fc30)[0x15478163fc30]
[genoahost104:617610] [ 1] /lib64/libc.so.6(+0x8d02c)[0x15478168d02c]
[genoahost104:617610] [ 2] /lib64/libc.so.6(raise+0x16)[0x15478163fb86]
[genoahost104:617610] [ 3] /lib64/libc.so.6(abort+0xd3)[0x154781629873]
[genoahost104:617610] [ 4] /lib64/libc.so.6(+0x2979b)[0x15478162979b]
[genoahost104:617610] [ 5] /lib64/libc.so.6(+0x388c6)[0x1547816388c6]
[genoahost104:617610] [ 6] /direct/sdcc+u/poare/Grid/build/examples/./Example_spec_kryschur[0x4cc206]
[genoahost104:617610] [ 7] /direct/sdcc+u/poare/Grid/build/examples/./Example_spec_kryschur[0x4cc2f1]
[genoahost104:617610] [ 8] /direct/sdcc+u/poare/Grid/build/examples/./Example_spec_kryschur[0x4c7e95]
[genoahost104:617610] [ 9] /direct/sdcc+u/poare/Grid/build/examples/./Example_spec_kryschur[0x4b5f4f]
[genoahost104:617610] [10] /direct/sdcc+u/poare/Grid/build/examples/./Example_spec_kryschur[0x41180d]
[genoahost104:617610] [11] /lib64/libc.so.6(+0x2a610)[0x15478162a610]
[genoahost104:617610] [12] /lib64/libc.so.6(__libc_start_main+0x80)[0x15478162a6c0]
[genoahost104:617610] [13] /direct/sdcc+u/poare/Grid/build/examples/./Example_spec_kryschur[0x4147f5]
[genoahost104:617610] *** End of error message ***
Example_spec_kryschur: ../../Grid/communicator/SharedMemoryMPI.cc:434: static void Grid::GlobalSharedMemory::OptimalCommunicatorSharedMemory(const Coordinate&, ompi_communicator_t*&, Grid::Coordinate&): Assertion `WorldSize==Nprocessors' failed.
[genoahost102:616968] *** Process received signal ***
[genoahost102:616968] Signal: Aborted (6)
[genoahost102:616968] Signal code:  (-6)
[genoahost102:616968] [ 0] /lib64/libc.so.6(+0x3fc30)[0x145f6b83fc30]
[genoahost102:616968] [ 1] /lib64/libc.so.6(+0x8d02c)[0x145f6b88d02c]
[genoahost102:616968] [ 2] /lib64/libc.so.6(raise+0x16)[0x145f6b83fb86]
[genoahost102:616968] [ 3] /lib64/libc.so.6(abort+0xd3)[0x145f6b829873]
[genoahost102:616968] [ 4] /lib64/libc.so.6(+0x2979b)[0x145f6b82979b]
[genoahost102:616968] [ 5] /lib64/libc.so.6(+0x388c6)[0x145f6b8388c6]
[genoahost102:616968] [ 6] /direct/sdcc+u/poare/Grid/build/examples/./Example_spec_kryschur[0x4cc206]
[genoahost102:616968] [ 7] /direct/sdcc+u/poare/Grid/build/examples/./Example_spec_kryschur[0x4cc2f1]
[genoahost102:616968] [ 8] /direct/sdcc+u/poare/Grid/build/examples/./Example_spec_kryschur[0x4c7e95]
[genoahost102:616968] [ 9] /direct/sdcc+u/poare/Grid/build/examples/./Example_spec_kryschur[0x4b5f4f]
[genoahost102:616968] [10] /direct/sdcc+u/poare/Grid/build/examples/./Example_spec_kryschur[0x41180d]
[genoahost102:616968] [11] /lib64/libc.so.6(+0x2a610)[0x145f6b82a610]
[genoahost102:616968] [12] /lib64/libc.so.6(__libc_start_main+0x80)[0x145f6b82a6c0]
[genoahost102:616968] [13] /direct/sdcc+u/poare/Grid/build/examples/./Example_spec_kryschur[0x4147f5]
[genoahost102:616968] *** End of error message ***
Example_spec_kryschur: ../../Grid/communicator/SharedMemoryMPI.cc:434: static void Grid::GlobalSharedMemory::OptimalCommunicatorSharedMemory(const Coordinate&, ompi_communicator_t*&, Grid::Coordinate&): Assertion `WorldSize==Nprocessors' failed.
[genoahost097:1719441] *** Process received signal ***
[genoahost097:1719441] Signal: Aborted (6)
[genoahost097:1719441] Signal code:  (-6)
[genoahost097:1719441] [ 0] /lib64/libc.so.6(+0x3fc30)[0x14da23a3fc30]
[genoahost097:1719441] [ 1] /lib64/libc.so.6(+0x8d02c)[0x14da23a8d02c]
[genoahost097:1719441] [ 2] /lib64/libc.so.6(raise+0x16)[0x14da23a3fb86]
[genoahost097:1719441] [ 3] /lib64/libc.so.6(abort+0xd3)[0x14da23a29873]
[genoahost097:1719441] [ 4] /lib64/libc.so.6(+0x2979b)[0x14da23a2979b]
[genoahost097:1719441] [ 5] /lib64/libc.so.6(+0x388c6)[0x14da23a388c6]
[genoahost097:1719441] [ 6] /direct/sdcc+u/poare/Grid/build/examples/./Example_spec_kryschur[0x4cc206]
[genoahost097:1719441] [ 7] /direct/sdcc+u/poare/Grid/build/examples/./Example_spec_kryschur[0x4cc2f1]
[genoahost097:1719441] [ 8] /direct/sdcc+u/poare/Grid/build/examples/./Example_spec_kryschur[0x4c7e95]
[genoahost097:1719441] [ 9] /direct/sdcc+u/poare/Grid/build/examples/./Example_spec_kryschur[0x4b5f4f]
[genoahost097:1719441] [10] /direct/sdcc+u/poare/Grid/build/examples/./Example_spec_kryschur[0x41180d]
[genoahost097:1719441] [11] /lib64/libc.so.6(+0x2a610)[0x14da23a2a610]
[genoahost097:1719441] [12] /lib64/libc.so.6(__libc_start_main+0x80)[0x14da23a2a6c0]
[genoahost097:1719441] [13] /direct/sdcc+u/poare/Grid/build/examples/./Example_spec_kryschur[0x4147f5]
[genoahost097:1719441] *** End of error message ***
Example_spec_kryschur: ../../Grid/communicator/SharedMemoryMPI.cc:434: static void Grid::GlobalSharedMemory::OptimalCommunicatorSharedMemory(const Coordinate&, ompi_communicator_t*&, Grid::Coordinate&): Assertion `WorldSize==Nprocessors' failed.
[genoahost103:606438] *** Process received signal ***
[genoahost103:606438] Signal: Aborted (6)
[genoahost103:606438] Signal code:  (-6)
[genoahost103:606438] [ 0] /lib64/libc.so.6(+0x3fc30)[0x145a9b23fc30]
[genoahost103:606438] [ 1] /lib64/libc.so.6(+0x8d02c)[0x145a9b28d02c]
[genoahost103:606438] [ 2] /lib64/libc.so.6(raise+0x16)[0x145a9b23fb86]
[genoahost103:606438] [ 3] /lib64/libc.so.6(abort+0xd3)[0x145a9b229873]
[genoahost103:606438] [ 4] /lib64/libc.so.6(+0x2979b)[0x145a9b22979b]
[genoahost103:606438] [ 5] /lib64/libc.so.6(+0x388c6)[0x145a9b2388c6]
[genoahost103:606438] [ 6] /direct/sdcc+u/poare/Grid/build/examples/./Example_spec_kryschur[0x4cc206]
[genoahost103:606438] [ 7] /direct/sdcc+u/poare/Grid/build/examples/./Example_spec_kryschur[0x4cc2f1]
[genoahost103:606438] [ 8] /direct/sdcc+u/poare/Grid/build/examples/./Example_spec_kryschur[0x4c7e95]
[genoahost103:606438] [ 9] /direct/sdcc+u/poare/Grid/build/examples/./Example_spec_kryschur[0x4b5f4f]
[genoahost103:606438] [10] /direct/sdcc+u/poare/Grid/build/examples/./Example_spec_kryschur[0x41180d]
[genoahost103:606438] [11] /lib64/libc.so.6(+0x2a610)[0x145a9b22a610]
[genoahost103:606438] [12] /lib64/libc.so.6(__libc_start_main+0x80)[0x145a9b22a6c0]
[genoahost103:606438] [13] /direct/sdcc+u/poare/Grid/build/examples/./Example_spec_kryschur[0x4147f5]
[genoahost103:606438] *** End of error message ***
Example_spec_kryschur: ../../Grid/communicator/SharedMemoryMPI.cc:434: static void Grid::GlobalSharedMemory::OptimalCommunicatorSharedMemory(const Coordinate&, ompi_communicator_t*&, Grid::Coordinate&): Assertion `WorldSize==Nprocessors' failed.
[genoahost104:617615] *** Process received signal ***
[genoahost104:617615] Signal: Aborted (6)
[genoahost104:617615] Signal code:  (-6)
[genoahost104:617615] [ 0] /lib64/libc.so.6(+0x3fc30)[0x14936103fc30]
[genoahost104:617615] [ 1] /lib64/libc.so.6(+0x8d02c)[0x14936108d02c]
[genoahost104:617615] [ 2] /lib64/libc.so.6(raise+0x16)[0x14936103fb86]
[genoahost104:617615] [ 3] /lib64/libc.so.6(abort+0xd3)[0x149361029873]
[genoahost104:617615] [ 4] /lib64/libc.so.6(+0x2979b)[0x14936102979b]
[genoahost104:617615] [ 5] /lib64/libc.so.6(+0x388c6)[0x1493610388c6]
[genoahost104:617615] [ 6] /direct/sdcc+u/poare/Grid/build/examples/./Example_spec_kryschur[0x4cc206]
[genoahost104:617615] [ 7] /direct/sdcc+u/poare/Grid/build/examples/./Example_spec_kryschur[0x4cc2f1]
[genoahost104:617615] [ 8] /direct/sdcc+u/poare/Grid/build/examples/./Example_spec_kryschur[0x4c7e95]
[genoahost104:617615] [ 9] /direct/sdcc+u/poare/Grid/build/examples/./Example_spec_kryschur[0x4b5f4f]
[genoahost104:617615] [10] /direct/sdcc+u/poare/Grid/build/examples/./Example_spec_kryschur[0x41180d]
[genoahost104:617615] [11] /lib64/libc.so.6(+0x2a610)[0x14936102a610]
[genoahost104:617615] [12] /lib64/libc.so.6(__libc_start_main+0x80)[0x14936102a6c0]
[genoahost104:617615] [13] /direct/sdcc+u/poare/Grid/build/examples/./Example_spec_kryschur[0x4147f5]
[genoahost104:617615] *** End of error message ***
Example_spec_kryschur: ../../Grid/communicator/SharedMemoryMPI.cc:434: static void Grid::GlobalSharedMemory::OptimalCommunicatorSharedMemory(const Coordinate&, ompi_communicator_t*&, Grid::Coordinate&): Assertion `WorldSize==Nprocessors' failed.
[genoahost101:1136892] *** Process received signal ***
[genoahost101:1136892] Signal: Aborted (6)
[genoahost101:1136892] Signal code:  (-6)
Example_spec_kryschur: ../../Grid/communicator/SharedMemoryMPI.cc:434: static void Grid::GlobalSharedMemory::OptimalCommunicatorSharedMemory(const Coordinate&, ompi_communicator_t*&, Grid::Coordinate&): Assertion `WorldSize==Nprocessors' failed.
[genoahost103:606432] *** Process received signal ***
[genoahost103:606432] Signal: Aborted (6)
[genoahost103:606432] Signal code:  (-6)
[genoahost101:1136892] [ 0] /lib64/libc.so.6(+0x3fc30)[0x1529e0e3fc30]
[genoahost101:1136892] [ 1] /lib64/libc.so.6(+0x8d02c)[0x1529e0e8d02c]
[genoahost101:1136892] [ 2] /lib64/libc.so.6(raise+0x16)[0x1529e0e3fb86]
[genoahost101:1136892] [ 3] /lib64/libc.so.6(abort+0xd3)[0x1529e0e29873]
[genoahost101:1136892] [ 4] /lib64/libc.so.6(+0x2979b)[0x1529e0e2979b]
[genoahost101:1136892] [ 5] /lib64/libc.so.6(+0x388c6)[0x1529e0e388c6]
[genoahost101:1136892] [ 6] /direct/sdcc+u/poare/Grid/build/examples/./Example_spec_kryschur[0x4cc206]
[genoahost101:1136892] [ 7] /direct/sdcc+u/poare/Grid/build/examples/./Example_spec_kryschur[0x4cc2f1]
[genoahost101:1136892] [ 8] /direct/sdcc+u/poare/Grid/build/examples/./Example_spec_kryschur[0x4c7e95]
Example_spec_kryschur: ../../Grid/communicator/SharedMemoryMPI.cc:434: static void Grid::GlobalSharedMemory::OptimalCommunicatorSharedMemory(const Coordinate&, ompi_communicator_t*&, Grid::Coordinate&): Assertion `WorldSize==Nprocessors' failed.
[genoahost101:1136892] [ 9] /direct/sdcc+u/poare/Grid/build/examples/./Example_spec_kryschur[0x4b5f4f]
[genoahost101:1136892] [10] /direct/sdcc+u/poare/Grid/build/examples/./Example_spec_kryschur[0x41180d]
[genoahost101:1136892] [11] /lib64/libc.so.6(+0x2a610)[0x1529e0e2a610]
[genoahost101:1136892] [12] /lib64/libc.so.6(__libc_start_main+0x80)[0x1529e0e2a6c0]
[genoahost101:1136892] [13] /direct/sdcc+u/poare/Grid/build/examples/./Example_spec_kryschur[0x4147f5]
[genoahost101:1136892] *** End of error message ***
[genoahost097:1719447] *** Process received signal ***
[genoahost097:1719447] Signal: Aborted (6)
[genoahost097:1719447] Signal code:  (-6)
[genoahost103:606432] [ 0] /lib64/libc.so.6(+0x3fc30)[0x14ae7043fc30]
[genoahost103:606432] [ 1] /lib64/libc.so.6(+0x8d02c)[0x14ae7048d02c]
[genoahost103:606432] [ 2] /lib64/libc.so.6(raise+0x16)[0x14ae7043fb86]
[genoahost103:606432] [ 3] /lib64/libc.so.6(abort+0xd3)[0x14ae70429873]
[genoahost103:606432] [ 4] /lib64/libc.so.6(+0x2979b)[0x14ae7042979b]
[genoahost103:606432] [ 5] /lib64/libc.so.6(+0x388c6)[0x14ae704388c6]
[genoahost103:606432] [ 6] /direct/sdcc+u/poare/Grid/build/examples/./Example_spec_kryschur[0x4cc206]
[genoahost103:606432] [ 7] /direct/sdcc+u/poare/Grid/build/examples/./Example_spec_kryschur[0x4cc2f1]
[genoahost103:606432] [ 8] /direct/sdcc+u/poare/Grid/build/examples/./Example_spec_kryschur[0x4c7e95]
[genoahost103:606432] [ 9] /direct/sdcc+u/poare/Grid/build/examples/./Example_spec_kryschur[0x4b5f4f]
[genoahost103:606432] [10] /direct/sdcc+u/poare/Grid/build/examples/./Example_spec_kryschur[0x41180d]
[genoahost103:606432] [11] /lib64/libc.so.6(+0x2a610)[0x14ae7042a610]
[genoahost103:606432] [12] /lib64/libc.so.6(__libc_start_main+0x80)[0x14ae7042a6c0]
[genoahost103:606432] [13] /direct/sdcc+u/poare/Grid/build/examples/./Example_spec_kryschur[0x4147f5]
[genoahost103:606432] *** End of error message ***
[genoahost097:1719447] [ 0] /lib64/libc.so.6(+0x3fc30)[0x14b4a7e3fc30]
[genoahost097:1719447] [ 1] /lib64/libc.so.6(+0x8d02c)[0x14b4a7e8d02c]
[genoahost097:1719447] [ 2] /lib64/libc.so.6(raise+0x16)[0x14b4a7e3fb86]
[genoahost097:1719447] [ 3] /lib64/libc.so.6(abort+0xd3)[0x14b4a7e29873]
[genoahost097:1719447] [ 4] /lib64/libc.so.6(+0x2979b)[0x14b4a7e2979b]
[genoahost097:1719447] [ 5] /lib64/libc.so.6(+0x388c6)[0x14b4a7e388c6]
[genoahost097:1719447] [ 6] /direct/sdcc+u/poare/Grid/build/examples/./Example_spec_kryschur[0x4cc206]
[genoahost097:1719447] [ 7] /direct/sdcc+u/poare/Grid/build/examples/./Example_spec_kryschur[0x4cc2f1]
[genoahost097:1719447] [ 8] /direct/sdcc+u/poare/Grid/build/examples/./Example_spec_kryschur[0x4c7e95]
[genoahost097:1719447] [ 9] /direct/sdcc+u/poare/Grid/build/examples/./Example_spec_kryschur[0x4b5f4f]
[genoahost097:1719447] [10] /direct/sdcc+u/poare/Grid/build/examples/./Example_spec_kryschur[0x41180d]
[genoahost097:1719447] [11] /lib64/libc.so.6(+0x2a610)[0x14b4a7e2a610]
[genoahost097:1719447] [12] /lib64/libc.so.6(__libc_start_main+0x80)[0x14b4a7e2a6c0]
[genoahost097:1719447] [13] /direct/sdcc+u/poare/Grid/build/examples/./Example_spec_kryschur[0x4147f5]
[genoahost097:1719447] *** End of error message ***
Example_spec_kryschur: ../../Grid/communicator/SharedMemoryMPI.cc:434: static void Grid::GlobalSharedMemory::OptimalCommunicatorSharedMemory(const Coordinate&, ompi_communicator_t*&, Grid::Coordinate&): Assertion `WorldSize==Nprocessors' failed.
[genoahost098:1619091] *** Process received signal ***
[genoahost098:1619091] Signal: Aborted (6)
[genoahost098:1619091] Signal code:  (-6)
[genoahost098:1619091] [ 0] /lib64/libc.so.6(+0x3fc30)[0x14abaee3fc30]
[genoahost098:1619091] [ 1] /lib64/libc.so.6(+0x8d02c)[0x14abaee8d02c]
[genoahost098:1619091] [ 2] /lib64/libc.so.6(raise+0x16)[0x14abaee3fb86]
[genoahost098:1619091] [ 3] /lib64/libc.so.6(abort+0xd3)[0x14abaee29873]
[genoahost098:1619091] [ 4] /lib64/libc.so.6(+0x2979b)[0x14abaee2979b]
[genoahost098:1619091] [ 5] /lib64/libc.so.6(+0x388c6)[0x14abaee388c6]
[genoahost098:1619091] [ 6] /direct/sdcc+u/poare/Grid/build/examples/./Example_spec_kryschur[0x4cc206]
[genoahost098:1619091] [ 7] /direct/sdcc+u/poare/Grid/build/examples/./Example_spec_kryschur[0x4cc2f1]
[genoahost098:1619091] [ 8] /direct/sdcc+u/poare/Grid/build/examples/./Example_spec_kryschur[0x4c7e95]
[genoahost098:1619091] [ 9] /direct/sdcc+u/poare/Grid/build/examples/./Example_spec_kryschur[0x4b5f4f]
[genoahost098:1619091] [10] /direct/sdcc+u/poare/Grid/build/examples/./Example_spec_kryschur[0x41180d]
[genoahost098:1619091] [11] /lib64/libc.so.6(+0x2a610)[0x14abaee2a610]
[genoahost098:1619091] [12] /lib64/libc.so.6(__libc_start_main+0x80)[0x14abaee2a6c0]
[genoahost098:1619091] [13] /direct/sdcc+u/poare/Grid/build/examples/./Example_spec_kryschur[0x4147f5]
[genoahost098:1619091] *** End of error message ***
Example_spec_kryschur: ../../Grid/communicator/SharedMemoryMPI.cc:434: static void Grid::GlobalSharedMemory::OptimalCommunicatorSharedMemory(const Coordinate&, ompi_communicator_t*&, Grid::Coordinate&): Assertion `WorldSize==Nprocessors' failed.
[genoahost103:606435] *** Process received signal ***
[genoahost103:606435] Signal: Aborted (6)
[genoahost103:606435] Signal code:  (-6)
[genoahost103:606435] [ 0] /lib64/libc.so.6(+0x3fc30)[0x15426603fc30]
[genoahost103:606435] [ 1] /lib64/libc.so.6(+0x8d02c)[0x15426608d02c]
[genoahost103:606435] [ 2] /lib64/libc.so.6(raise+0x16)[0x15426603fb86]
[genoahost103:606435] [ 3] /lib64/libc.so.6(abort+0xd3)[0x154266029873]
[genoahost103:606435] [ 4] /lib64/libc.so.6(+0x2979b)[0x15426602979b]
[genoahost103:606435] [ 5] /lib64/libc.so.6(+0x388c6)[0x1542660388c6]
[genoahost103:606435] [ 6] /direct/sdcc+u/poare/Grid/build/examples/./Example_spec_kryschur[0x4cc206]
[genoahost103:606435] [ 7] /direct/sdcc+u/poare/Grid/build/examples/./Example_spec_kryschur[0x4cc2f1]
[genoahost103:606435] [ 8] /direct/sdcc+u/poare/Grid/build/examples/./Example_spec_kryschur[0x4c7e95]
[genoahost103:606435] [ 9] /direct/sdcc+u/poare/Grid/build/examples/./Example_spec_kryschur[0x4b5f4f]
[genoahost103:606435] [10] /direct/sdcc+u/poare/Grid/build/examples/./Example_spec_kryschur[0x41180d]
[genoahost103:606435] [11] /lib64/libc.so.6(+0x2a610)[0x15426602a610]
[genoahost103:606435] [12] /lib64/libc.so.6(__libc_start_main+0x80)[0x15426602a6c0]
[genoahost103:606435] [13] /direct/sdcc+u/poare/Grid/build/examples/./Example_spec_kryschur[0x4147f5]
[genoahost103:606435] *** End of error message ***
Example_spec_kryschur: ../../Grid/communicator/SharedMemoryMPI.cc:434: static void Grid::GlobalSharedMemory::OptimalCommunicatorSharedMemory(const Coordinate&, ompi_communicator_t*&, Grid::Coordinate&): Assertion `WorldSize==Nprocessors' failed.
[genoahost103:606437] *** Process received signal ***
[genoahost103:606437] Signal: Aborted (6)
[genoahost103:606437] Signal code:  (-6)
[genoahost103:606437] [ 0] /lib64/libc.so.6(+0x3fc30)[0x150c90e3fc30]
[genoahost103:606437] [ 1] /lib64/libc.so.6(+0x8d02c)[0x150c90e8d02c]
[genoahost103:606437] [ 2] /lib64/libc.so.6(raise+0x16)[0x150c90e3fb86]
[genoahost103:606437] [ 3] /lib64/libc.so.6(abort+0xd3)[0x150c90e29873]
[genoahost103:606437] [ 4] /lib64/libc.so.6(+0x2979b)[0x150c90e2979b]
[genoahost103:606437] [ 5] /lib64/libc.so.6(+0x388c6)[0x150c90e388c6]
[genoahost103:606437] [ 6] /direct/sdcc+u/poare/Grid/build/examples/./Example_spec_kryschur[0x4cc206]
[genoahost103:606437] [ 7] /direct/sdcc+u/poare/Grid/build/examples/./Example_spec_kryschur[0x4cc2f1]
[genoahost103:606437] [ 8] /direct/sdcc+u/poare/Grid/build/examples/./Example_spec_kryschur[0x4c7e95]
[genoahost103:606437] [ 9] /direct/sdcc+u/poare/Grid/build/examples/./Example_spec_kryschur[0x4b5f4f]
[genoahost103:606437] [10] /direct/sdcc+u/poare/Grid/build/examples/./Example_spec_kryschur[0x41180d]
[genoahost103:606437] [11] /lib64/libc.so.6(+0x2a610)[0x150c90e2a610]
[genoahost103:606437] [12] /lib64/libc.so.6(__libc_start_main+0x80)[0x150c90e2a6c0]
[genoahost103:606437] [13] /direct/sdcc+u/poare/Grid/build/examples/./Example_spec_kryschur[0x4147f5]
[genoahost103:606437] *** End of error message ***
Example_spec_kryschur: ../../Grid/communicator/SharedMemoryMPI.cc:434: static void Grid::GlobalSharedMemory::OptimalCommunicatorSharedMemory(const Coordinate&, ompi_communicator_t*&, Grid::Coordinate&): Assertion `WorldSize==Nprocessors' failed.
[genoahost099:1598288] *** Process received signal ***
[genoahost099:1598288] Signal: Aborted (6)
[genoahost099:1598288] Signal code:  (-6)
[genoahost099:1598288] [ 0] /lib64/libc.so.6(+0x3fc30)[0x14fea583fc30]
[genoahost099:1598288] [ 1] /lib64/libc.so.6(+0x8d02c)[0x14fea588d02c]
[genoahost099:1598288] [ 2] /lib64/libc.so.6(raise+0x16)[0x14fea583fb86]
[genoahost099:1598288] [ 3] /lib64/libc.so.6(abort+0xd3)[0x14fea5829873]
[genoahost099:1598288] [ 4] /lib64/libc.so.6(+0x2979b)[0x14fea582979b]
[genoahost099:1598288] [ 5] /lib64/libc.so.6(+0x388c6)[0x14fea58388c6]
[genoahost099:1598288] [ 6] /direct/sdcc+u/poare/Grid/build/examples/./Example_spec_kryschur[0x4cc206]
[genoahost099:1598288] [ 7] /direct/sdcc+u/poare/Grid/build/examples/./Example_spec_kryschur[0x4cc2f1]
[genoahost099:1598288] [ 8] /direct/sdcc+u/poare/Grid/build/examples/./Example_spec_kryschur[0x4c7e95]
[genoahost099:1598288] [ 9] /direct/sdcc+u/poare/Grid/build/examples/./Example_spec_kryschur[0x4b5f4f]
[genoahost099:1598288] [10] /direct/sdcc+u/poare/Grid/build/examples/./Example_spec_kryschur[0x41180d]
[genoahost099:1598288] [11] /lib64/libc.so.6(+0x2a610)[0x14fea582a610]
[genoahost099:1598288] [12] /lib64/libc.so.6(__libc_start_main+0x80)[0x14fea582a6c0]
[genoahost099:1598288] [13] /direct/sdcc+u/poare/Grid/build/examples/./Example_spec_kryschur[0x4147f5]
[genoahost099:1598288] *** End of error message ***
Example_spec_kryschur: ../../Grid/communicator/SharedMemoryMPI.cc:434: static void Grid::GlobalSharedMemory::OptimalCommunicatorSharedMemory(const Coordinate&, ompi_communicator_t*&, Grid::Coordinate&): Assertion `WorldSize==Nprocessors' failed.
[genoahost097:1719444] *** Process received signal ***
[genoahost097:1719444] Signal: Aborted (6)
[genoahost097:1719444] Signal code:  (-6)
[genoahost097:1719444] [ 0] /lib64/libc.so.6(+0x3fc30)[0x149a1de3fc30]
[genoahost097:1719444] [ 1] /lib64/libc.so.6(+0x8d02c)[0x149a1de8d02c]
[genoahost097:1719444] [ 2] /lib64/libc.so.6(raise+0x16)[0x149a1de3fb86]
[genoahost097:1719444] [ 3] /lib64/libc.so.6(abort+0xd3)[0x149a1de29873]
[genoahost097:1719444] [ 4] /lib64/libc.so.6(+0x2979b)[0x149a1de2979b]
[genoahost097:1719444] [ 5] /lib64/libc.so.6(+0x388c6)[0x149a1de388c6]
[genoahost097:1719444] [ 6] /direct/sdcc+u/poare/Grid/build/examples/./Example_spec_kryschur[0x4cc206]
[genoahost097:1719444] [ 7] /direct/sdcc+u/poare/Grid/build/examples/./Example_spec_kryschur[0x4cc2f1]
[genoahost097:1719444] [ 8] /direct/sdcc+u/poare/Grid/build/examples/./Example_spec_kryschur[0x4c7e95]
[genoahost097:1719444] [ 9] /direct/sdcc+u/poare/Grid/build/examples/./Example_spec_kryschur[0x4b5f4f]
[genoahost097:1719444] [10] /direct/sdcc+u/poare/Grid/build/examples/./Example_spec_kryschur[0x41180d]
[genoahost097:1719444] [11] /lib64/libc.so.6(+0x2a610)[0x149a1de2a610]
[genoahost097:1719444] [12] /lib64/libc.so.6(__libc_start_main+0x80)[0x149a1de2a6c0]
[genoahost097:1719444] [13] /direct/sdcc+u/poare/Grid/build/examples/./Example_spec_kryschur[0x4147f5]
[genoahost097:1719444] *** End of error message ***
Example_spec_kryschur: ../../Grid/communicator/SharedMemoryMPI.cc:434: static void Grid::GlobalSharedMemory::OptimalCommunicatorSharedMemory(const Coordinate&, ompi_communicator_t*&, Grid::Coordinate&): Assertion `WorldSize==Nprocessors' failed.
[genoahost098:1619086] *** Process received signal ***
[genoahost098:1619086] Signal: Aborted (6)
[genoahost098:1619086] Signal code:  (-6)
[genoahost098:1619086] [ 0] /lib64/libc.so.6(+0x3fc30)[0x15006103fc30]
[genoahost098:1619086] [ 1] /lib64/libc.so.6(+0x8d02c)[0x15006108d02c]
[genoahost098:1619086] [ 2] /lib64/libc.so.6(raise+0x16)[0x15006103fb86]
[genoahost098:1619086] [ 3] /lib64/libc.so.6(abort+0xd3)[0x150061029873]
[genoahost098:1619086] [ 4] /lib64/libc.so.6(+0x2979b)[0x15006102979b]
[genoahost098:1619086] [ 5] /lib64/libc.so.6(+0x388c6)[0x1500610388c6]
[genoahost098:1619086] [ 6] /direct/sdcc+u/poare/Grid/build/examples/./Example_spec_kryschur[0x4cc206]
[genoahost098:1619086] [ 7] /direct/sdcc+u/poare/Grid/build/examples/./Example_spec_kryschur[0x4cc2f1]
[genoahost098:1619086] [ 8] /direct/sdcc+u/poare/Grid/build/examples/./Example_spec_kryschur[0x4c7e95]
[genoahost098:1619086] [ 9] /direct/sdcc+u/poare/Grid/build/examples/./Example_spec_kryschur[0x4b5f4f]
[genoahost098:1619086] [10] /direct/sdcc+u/poare/Grid/build/examples/./Example_spec_kryschur[0x41180d]
[genoahost098:1619086] [11] /lib64/libc.so.6(+0x2a610)[0x15006102a610]
[genoahost098:1619086] [12] /lib64/libc.so.6(__libc_start_main+0x80)[0x15006102a6c0]
[genoahost098:1619086] [13] /direct/sdcc+u/poare/Grid/build/examples/./Example_spec_kryschur[0x4147f5]
[genoahost098:1619086] *** End of error message ***
Example_spec_kryschur: ../../Grid/communicator/SharedMemoryMPI.cc:434: static void Grid::GlobalSharedMemory::OptimalCommunicatorSharedMemory(const Coordinate&, ompi_communicator_t*&, Grid::Coordinate&): Assertion `WorldSize==Nprocessors' failed.
[genoahost102:616959] *** Process received signal ***
[genoahost102:616959] Signal: Aborted (6)
[genoahost102:616959] Signal code:  (-6)
Example_spec_kryschur: ../../Grid/communicator/SharedMemoryMPI.cc:434: static void Grid::GlobalSharedMemory::OptimalCommunicatorSharedMemory(const Coordinate&, ompi_communicator_t*&, Grid::Coordinate&): Assertion `WorldSize==Nprocessors' failed.
[genoahost102:616967] *** Process received signal ***
[genoahost102:616967] Signal: Aborted (6)
[genoahost102:616967] Signal code:  (-6)
[genoahost102:616959] [ 0] /lib64/libc.so.6(+0x3fc30)[0x150e1f23fc30]
[genoahost102:616959] [ 1] /lib64/libc.so.6(+0x8d02c)[0x150e1f28d02c]
[genoahost102:616959] [ 2] /lib64/libc.so.6(raise+0x16)[0x150e1f23fb86]
[genoahost102:616959] [ 3] /lib64/libc.so.6(abort+0xd3)[0x150e1f229873]
[genoahost102:616959] [ 4] /lib64/libc.so.6(+0x2979b)[0x150e1f22979b]
[genoahost102:616959] [ 5] /lib64/libc.so.6(+0x388c6)[0x150e1f2388c6]
[genoahost102:616959] [ 6] /direct/sdcc+u/poare/Grid/build/examples/./Example_spec_kryschur[0x4cc206]
[genoahost102:616959] [ 7] /direct/sdcc+u/poare/Grid/build/examples/./Example_spec_kryschur[0x4cc2f1]
[genoahost102:616959] [ 8] /direct/sdcc+u/poare/Grid/build/examples/./Example_spec_kryschur[0x4c7e95]
[genoahost102:616959] [ 9] /direct/sdcc+u/poare/Grid/build/examples/./Example_spec_kryschur[0x4b5f4f]
[genoahost102:616959] [10] /direct/sdcc+u/poare/Grid/build/examples/./Example_spec_kryschur[0x41180d]
[genoahost102:616959] [11] /lib64/libc.so.6(+0x2a610)[0x150e1f22a610]
[genoahost102:616959] [12] /lib64/libc.so.6(__libc_start_main+0x80)[0x150e1f22a6c0]
[genoahost102:616959] [13] /direct/sdcc+u/poare/Grid/build/examples/./Example_spec_kryschur[0x4147f5]
[genoahost102:616959] *** End of error message ***
[genoahost102:616967] [ 0] /lib64/libc.so.6(+0x3fc30)[0x151c9703fc30]
[genoahost102:616967] [ 1] /lib64/libc.so.6(+0x8d02c)[0x151c9708d02c]
[genoahost102:616967] [ 2] /lib64/libc.so.6(raise+0x16)[0x151c9703fb86]
[genoahost102:616967] [ 3] /lib64/libc.so.6(abort+0xd3)[0x151c97029873]
[genoahost102:616967] [ 4] /lib64/libc.so.6(+0x2979b)[0x151c9702979b]
[genoahost102:616967] [ 5] /lib64/libc.so.6(+0x388c6)[0x151c970388c6]
[genoahost102:616967] [ 6] /direct/sdcc+u/poare/Grid/build/examples/./Example_spec_kryschur[0x4cc206]
[genoahost102:616967] [ 7] /direct/sdcc+u/poare/Grid/build/examples/./Example_spec_kryschur[0x4cc2f1]
[genoahost102:616967] [ 8] /direct/sdcc+u/poare/Grid/build/examples/./Example_spec_kryschur[0x4c7e95]
[genoahost102:616967] [ 9] /direct/sdcc+u/poare/Grid/build/examples/./Example_spec_kryschur[0x4b5f4f]
[genoahost102:616967] [10] /direct/sdcc+u/poare/Grid/build/examples/./Example_spec_kryschur[0x41180d]
[genoahost102:616967] [11] /lib64/libc.so.6(+0x2a610)[0x151c9702a610]
[genoahost102:616967] [12] /lib64/libc.so.6(__libc_start_main+0x80)[0x151c9702a6c0]
[genoahost102:616967] [13] /direct/sdcc+u/poare/Grid/build/examples/./Example_spec_kryschur[0x4147f5]
[genoahost102:616967] *** End of error message ***
Example_spec_kryschur: ../../Grid/communicator/SharedMemoryMPI.cc:434: static void Grid::GlobalSharedMemory::OptimalCommunicatorSharedMemory(const Coordinate&, ompi_communicator_t*&, Grid::Coordinate&): Assertion `WorldSize==Nprocessors' failed.
[genoahost103:606431] *** Process received signal ***
[genoahost103:606431] Signal: Aborted (6)
[genoahost103:606431] Signal code:  (-6)
[genoahost103:606431] [ 0] /lib64/libc.so.6(+0x3fc30)[0x15450f63fc30]
[genoahost103:606431] [ 1] /lib64/libc.so.6(+0x8d02c)[0x15450f68d02c]
[genoahost103:606431] [ 2] /lib64/libc.so.6(raise+0x16)[0x15450f63fb86]
[genoahost103:606431] [ 3] /lib64/libc.so.6(abort+0xd3)[0x15450f629873]
[genoahost103:606431] [ 4] /lib64/libc.so.6(+0x2979b)[0x15450f62979b]
[genoahost103:606431] [ 5] /lib64/libc.so.6(+0x388c6)[0x15450f6388c6]
[genoahost103:606431] [ 6] /direct/sdcc+u/poare/Grid/build/examples/./Example_spec_kryschur[0x4cc206]
[genoahost103:606431] [ 7] /direct/sdcc+u/poare/Grid/build/examples/./Example_spec_kryschur[0x4cc2f1]
[genoahost103:606431] [ 8] /direct/sdcc+u/poare/Grid/build/examples/./Example_spec_kryschur[0x4c7e95]
[genoahost103:606431] [ 9] /direct/sdcc+u/poare/Grid/build/examples/./Example_spec_kryschur[0x4b5f4f]
[genoahost103:606431] [10] /direct/sdcc+u/poare/Grid/build/examples/./Example_spec_kryschur[0x41180d]
[genoahost103:606431] [11] /lib64/libc.so.6(+0x2a610)[0x15450f62a610]
[genoahost103:606431] [12] /lib64/libc.so.6(__libc_start_main+0x80)[0x15450f62a6c0]
[genoahost103:606431] [13] /direct/sdcc+u/poare/Grid/build/examples/./Example_spec_kryschur[0x4147f5]
[genoahost103:606431] *** End of error message ***
Example_spec_kryschur: ../../Grid/communicator/SharedMemoryMPI.cc:434: static void Grid::GlobalSharedMemory::OptimalCommunicatorSharedMemory(const Coordinate&, ompi_communicator_t*&, Grid::Coordinate&): Assertion `WorldSize==Nprocessors' failed.
[genoahost101:1136877] *** Process received signal ***
[genoahost101:1136877] Signal: Aborted (6)
[genoahost101:1136877] Signal code:  (-6)
[genoahost101:1136877] [ 0] /lib64/libc.so.6(+0x3fc30)[0x14a96543fc30]
[genoahost101:1136877] [ 1] /lib64/libc.so.6(+0x8d02c)[0x14a96548d02c]
[genoahost101:1136877] [ 2] /lib64/libc.so.6(raise+0x16)[0x14a96543fb86]
[genoahost101:1136877] [ 3] /lib64/libc.so.6(abort+0xd3)[0x14a965429873]
[genoahost101:1136877] [ 4] /lib64/libc.so.6(+0x2979b)[0x14a96542979b]
[genoahost101:1136877] [ 5] /lib64/libc.so.6(+0x388c6)[0x14a9654388c6]
[genoahost101:1136877] [ 6] /direct/sdcc+u/poare/Grid/build/examples/./Example_spec_kryschur[0x4cc206]
[genoahost101:1136877] [ 7] /direct/sdcc+u/poare/Grid/build/examples/./Example_spec_kryschur[0x4cc2f1]
[genoahost101:1136877] [ 8] /direct/sdcc+u/poare/Grid/build/examples/./Example_spec_kryschur[0x4c7e95]
[genoahost101:1136877] [ 9] /direct/sdcc+u/poare/Grid/build/examples/./Example_spec_kryschur[0x4b5f4f]
[genoahost101:1136877] [10] /direct/sdcc+u/poare/Grid/build/examples/./Example_spec_kryschur[0x41180d]
[genoahost101:1136877] [11] /lib64/libc.so.6(+0x2a610)[0x14a96542a610]
[genoahost101:1136877] [12] /lib64/libc.so.6(__libc_start_main+0x80)[0x14a96542a6c0]
[genoahost101:1136877] [13] /direct/sdcc+u/poare/Grid/build/examples/./Example_spec_kryschur[0x4147f5]
[genoahost101:1136877] *** End of error message ***
Example_spec_kryschur: ../../Grid/communicator/SharedMemoryMPI.cc:434: static void Grid::GlobalSharedMemory::OptimalCommunicatorSharedMemory(const Coordinate&, ompi_communicator_t*&, Grid::Coordinate&): Assertion `WorldSize==Nprocessors' failed.
[genoahost102:616957] *** Process received signal ***
[genoahost102:616957] Signal: Aborted (6)
[genoahost102:616957] Signal code:  (-6)
[genoahost102:616957] [ 0] /lib64/libc.so.6(+0x3fc30)[0x150ab823fc30]
[genoahost102:616957] [ 1] /lib64/libc.so.6(+0x8d02c)[0x150ab828d02c]
[genoahost102:616957] [ 2] /lib64/libc.so.6(raise+0x16)[0x150ab823fb86]
[genoahost102:616957] [ 3] /lib64/libc.so.6(abort+0xd3)[0x150ab8229873]
[genoahost102:616957] [ 4] /lib64/libc.so.6(+0x2979b)[0x150ab822979b]
[genoahost102:616957] [ 5] /lib64/libc.so.6(+0x388c6)[0x150ab82388c6]
[genoahost102:616957] [ 6] /direct/sdcc+u/poare/Grid/build/examples/./Example_spec_kryschur[0x4cc206]
[genoahost102:616957] [ 7] /direct/sdcc+u/poare/Grid/build/examples/./Example_spec_kryschur[0x4cc2f1]
[genoahost102:616957] [ 8] /direct/sdcc+u/poare/Grid/build/examples/./Example_spec_kryschur[0x4c7e95]
[genoahost102:616957] [ 9] /direct/sdcc+u/poare/Grid/build/examples/./Example_spec_kryschur[0x4b5f4f]
[genoahost102:616957] [10] /direct/sdcc+u/poare/Grid/build/examples/./Example_spec_kryschur[0x41180d]
[genoahost102:616957] [11] /lib64/libc.so.6(+0x2a610)[0x150ab822a610]
[genoahost102:616957] [12] /lib64/libc.so.6(__libc_start_main+0x80)[0x150ab822a6c0]
[genoahost102:616957] [13] /direct/sdcc+u/poare/Grid/build/examples/./Example_spec_kryschur[0x4147f5]
[genoahost102:616957] *** End of error message ***
Example_spec_kryschur: ../../Grid/communicator/SharedMemoryMPI.cc:434: static void Grid::GlobalSharedMemory::OptimalCommunicatorSharedMemory(const Coordinate&, ompi_communicator_t*&, Grid::Coordinate&): Assertion `WorldSize==Nprocessors' failed.
[genoahost103:606429] *** Process received signal ***
[genoahost103:606429] Signal: Aborted (6)
[genoahost103:606429] Signal code:  (-6)
[genoahost103:606429] [ 0] /lib64/libc.so.6(+0x3fc30)[0x14ab45c3fc30]
[genoahost103:606429] [ 1] /lib64/libc.so.6(+0x8d02c)[0x14ab45c8d02c]
[genoahost103:606429] [ 2] /lib64/libc.so.6(raise+0x16)[0x14ab45c3fb86]
[genoahost103:606429] [ 3] /lib64/libc.so.6(abort+0xd3)[0x14ab45c29873]
[genoahost103:606429] [ 4] /lib64/libc.so.6(+0x2979b)[0x14ab45c2979b]
[genoahost103:606429] [ 5] /lib64/libc.so.6(+0x388c6)[0x14ab45c388c6]
[genoahost103:606429] [ 6] /direct/sdcc+u/poare/Grid/build/examples/./Example_spec_kryschur[0x4cc206]
[genoahost103:606429] [ 7] /direct/sdcc+u/poare/Grid/build/examples/./Example_spec_kryschur[0x4cc2f1]
[genoahost103:606429] [ 8] /direct/sdcc+u/poare/Grid/build/examples/./Example_spec_kryschur[0x4c7e95]
[genoahost103:606429] [ 9] /direct/sdcc+u/poare/Grid/build/examples/./Example_spec_kryschur[0x4b5f4f]
[genoahost103:606429] [10] /direct/sdcc+u/poare/Grid/build/examples/./Example_spec_kryschur[0x41180d]
[genoahost103:606429] [11] /lib64/libc.so.6(+0x2a610)[0x14ab45c2a610]
[genoahost103:606429] [12] /lib64/libc.so.6(__libc_start_main+0x80)[0x14ab45c2a6c0]
[genoahost103:606429] [13] /direct/sdcc+u/poare/Grid/build/examples/./Example_spec_kryschur[0x4147f5]
[genoahost103:606429] *** End of error message ***
Example_spec_kryschur: ../../Grid/communicator/SharedMemoryMPI.cc:434: static void Grid::GlobalSharedMemory::OptimalCommunicatorSharedMemory(const Coordinate&, ompi_communicator_t*&, Grid::Coordinate&): Assertion `WorldSize==Nprocessors' failed.
[genoahost098:1619099] *** Process received signal ***
[genoahost098:1619099] Signal: Aborted (6)
[genoahost098:1619099] Signal code:  (-6)
[genoahost098:1619099] [ 0] /lib64/libc.so.6(+0x3fc30)[0x153de503fc30]
[genoahost098:1619099] [ 1] /lib64/libc.so.6(+0x8d02c)[0x153de508d02c]
[genoahost098:1619099] [ 2] /lib64/libc.so.6(raise+0x16)[0x153de503fb86]
[genoahost098:1619099] [ 3] /lib64/libc.so.6(abort+0xd3)[0x153de5029873]
[genoahost098:1619099] [ 4] /lib64/libc.so.6(+0x2979b)[0x153de502979b]
[genoahost098:1619099] [ 5] /lib64/libc.so.6(+0x388c6)[0x153de50388c6]
[genoahost098:1619099] [ 6] /direct/sdcc+u/poare/Grid/build/examples/./Example_spec_kryschur[0x4cc206]
[genoahost098:1619099] [ 7] /direct/sdcc+u/poare/Grid/build/examples/./Example_spec_kryschur[0x4cc2f1]
[genoahost098:1619099] [ 8] /direct/sdcc+u/poare/Grid/build/examples/./Example_spec_kryschur[0x4c7e95]
[genoahost098:1619099] [ 9] /direct/sdcc+u/poare/Grid/build/examples/./Example_spec_kryschur[0x4b5f4f]
[genoahost098:1619099] [10] /direct/sdcc+u/poare/Grid/build/examples/./Example_spec_kryschur[0x41180d]
[genoahost098:1619099] [11] /lib64/libc.so.6(+0x2a610)[0x153de502a610]
[genoahost098:1619099] [12] /lib64/libc.so.6(__libc_start_main+0x80)[0x153de502a6c0]
[genoahost098:1619099] [13] /direct/sdcc+u/poare/Grid/build/examples/./Example_spec_kryschur[0x4147f5]
[genoahost098:1619099] *** End of error message ***
Example_spec_kryschur: ../../Grid/communicator/SharedMemoryMPI.cc:434: static void Grid::GlobalSharedMemory::OptimalCommunicatorSharedMemory(const Coordinate&, ompi_communicator_t*&, Grid::Coordinate&): Assertion `WorldSize==Nprocessors' failed.
[genoahost102:616962] *** Process received signal ***
[genoahost102:616962] Signal: Aborted (6)
[genoahost102:616962] Signal code:  (-6)
[genoahost102:616962] [ 0] /lib64/libc.so.6(+0x3fc30)[0x154cc043fc30]
[genoahost102:616962] [ 1] /lib64/libc.so.6(+0x8d02c)[0x154cc048d02c]
[genoahost102:616962] [ 2] /lib64/libc.so.6(raise+0x16)[0x154cc043fb86]
[genoahost102:616962] [ 3] /lib64/libc.so.6(abort+0xd3)[0x154cc0429873]
[genoahost102:616962] [ 4] /lib64/libc.so.6(+0x2979b)[0x154cc042979b]
[genoahost102:616962] [ 5] /lib64/libc.so.6(+0x388c6)[0x154cc04388c6]
[genoahost102:616962] [ 6] /direct/sdcc+u/poare/Grid/build/examples/./Example_spec_kryschur[0x4cc206]
[genoahost102:616962] [ 7] /direct/sdcc+u/poare/Grid/build/examples/./Example_spec_kryschur[0x4cc2f1]
[genoahost102:616962] [ 8] /direct/sdcc+u/poare/Grid/build/examples/./Example_spec_kryschur[0x4c7e95]
[genoahost102:616962] [ 9] /direct/sdcc+u/poare/Grid/build/examples/./Example_spec_kryschur[0x4b5f4f]
[genoahost102:616962] [10] /direct/sdcc+u/poare/Grid/build/examples/./Example_spec_kryschur[0x41180d]
[genoahost102:616962] [11] /lib64/libc.so.6(+0x2a610)[0x154cc042a610]
[genoahost102:616962] [12] /lib64/libc.so.6(__libc_start_main+0x80)[0x154cc042a6c0]
[genoahost102:616962] [13] /direct/sdcc+u/poare/Grid/build/examples/./Example_spec_kryschur[0x4147f5]
[genoahost102:616962] *** End of error message ***
Example_spec_kryschur: ../../Grid/communicator/SharedMemoryMPI.cc:434: static void Grid::GlobalSharedMemory::OptimalCommunicatorSharedMemory(const Coordinate&, ompi_communicator_t*&, Grid::Coordinate&): Assertion `WorldSize==Nprocessors' failed.
[genoahost101:1136878] *** Process received signal ***
[genoahost101:1136878] Signal: Aborted (6)
[genoahost101:1136878] Signal code:  (-6)
[genoahost101:1136878] [ 0] /lib64/libc.so.6(+0x3fc30)[0x14d47dc3fc30]
[genoahost101:1136878] [ 1] /lib64/libc.so.6(+0x8d02c)[0x14d47dc8d02c]
[genoahost101:1136878] [ 2] /lib64/libc.so.6(raise+0x16)[0x14d47dc3fb86]
[genoahost101:1136878] [ 3] /lib64/libc.so.6(abort+0xd3)[0x14d47dc29873]
[genoahost101:1136878] [ 4] /lib64/libc.so.6(+0x2979b)[0x14d47dc2979b]
[genoahost101:1136878] [ 5] /lib64/libc.so.6(+0x388c6)[0x14d47dc388c6]
[genoahost101:1136878] [ 6] /direct/sdcc+u/poare/Grid/build/examples/./Example_spec_kryschur[0x4cc206]
[genoahost101:1136878] [ 7] /direct/sdcc+u/poare/Grid/build/examples/./Example_spec_kryschur[0x4cc2f1]
[genoahost101:1136878] [ 8] /direct/sdcc+u/poare/Grid/build/examples/./Example_spec_kryschur[0x4c7e95]
[genoahost101:1136878] [ 9] /direct/sdcc+u/poare/Grid/build/examples/./Example_spec_kryschur[0x4b5f4f]
[genoahost101:1136878] [10] /direct/sdcc+u/poare/Grid/build/examples/./Example_spec_kryschur[0x41180d]
[genoahost101:1136878] [11] /lib64/libc.so.6(+0x2a610)[0x14d47dc2a610]
[genoahost101:1136878] [12] /lib64/libc.so.6(__libc_start_main+0x80)[0x14d47dc2a6c0]
[genoahost101:1136878] [13] /direct/sdcc+u/poare/Grid/build/examples/./Example_spec_kryschur[0x4147f5]
[genoahost101:1136878] *** End of error message ***
Example_spec_kryschur: ../../Grid/communicator/SharedMemoryMPI.cc:434: static void Grid::GlobalSharedMemory::OptimalCommunicatorSharedMemory(const Coordinate&, ompi_communicator_t*&, Grid::Coordinate&): Assertion `WorldSize==Nprocessors' failed.
[genoahost102:616961] *** Process received signal ***
[genoahost102:616961] Signal: Aborted (6)
[genoahost102:616961] Signal code:  (-6)
[genoahost102:616961] [ 0] /lib64/libc.so.6(+0x3fc30)[0x14de7ac3fc30]
[genoahost102:616961] [ 1] /lib64/libc.so.6(+0x8d02c)[0x14de7ac8d02c]
[genoahost102:616961] [ 2] /lib64/libc.so.6(raise+0x16)[0x14de7ac3fb86]
[genoahost102:616961] [ 3] /lib64/libc.so.6(abort+0xd3)[0x14de7ac29873]
[genoahost102:616961] [ 4] /lib64/libc.so.6(+0x2979b)[0x14de7ac2979b]
[genoahost102:616961] [ 5] /lib64/libc.so.6(+0x388c6)[0x14de7ac388c6]
[genoahost102:616961] [ 6] /direct/sdcc+u/poare/Grid/build/examples/./Example_spec_kryschur[0x4cc206]
[genoahost102:616961] [ 7] /direct/sdcc+u/poare/Grid/build/examples/./Example_spec_kryschur[0x4cc2f1]
[genoahost102:616961] [ 8] /direct/sdcc+u/poare/Grid/build/examples/./Example_spec_kryschur[0x4c7e95]
[genoahost102:616961] [ 9] /direct/sdcc+u/poare/Grid/build/examples/./Example_spec_kryschur[0x4b5f4f]
[genoahost102:616961] [10] /direct/sdcc+u/poare/Grid/build/examples/./Example_spec_kryschur[0x41180d]
[genoahost102:616961] [11] /lib64/libc.so.6(+0x2a610)[0x14de7ac2a610]
[genoahost102:616961] [12] /lib64/libc.so.6(__libc_start_main+0x80)[0x14de7ac2a6c0]
[genoahost102:616961] [13] /direct/sdcc+u/poare/Grid/build/examples/./Example_spec_kryschur[0x4147f5]
[genoahost102:616961] *** End of error message ***
Example_spec_kryschur: ../../Grid/communicator/SharedMemoryMPI.cc:434: static void Grid::GlobalSharedMemory::OptimalCommunicatorSharedMemory(const Coordinate&, ompi_communicator_t*&, Grid::Coordinate&): Assertion `WorldSize==Nprocessors' failed.
[genoahost103:606423] *** Process received signal ***
[genoahost103:606423] Signal: Aborted (6)
[genoahost103:606423] Signal code:  (-6)
[genoahost103:606423] [ 0] /lib64/libc.so.6(+0x3fc30)[0x145996a3fc30]
[genoahost103:606423] [ 1] /lib64/libc.so.6(+0x8d02c)[0x145996a8d02c]
[genoahost103:606423] [ 2] /lib64/libc.so.6(raise+0x16)[0x145996a3fb86]
[genoahost103:606423] [ 3] /lib64/libc.so.6(abort+0xd3)[0x145996a29873]
[genoahost103:606423] [ 4] /lib64/libc.so.6(+0x2979b)[0x145996a2979b]
[genoahost103:606423] [ 5] /lib64/libc.so.6(+0x388c6)[0x145996a388c6]
[genoahost103:606423] [ 6] /direct/sdcc+u/poare/Grid/build/examples/./Example_spec_kryschur[0x4cc206]
[genoahost103:606423] [ 7] /direct/sdcc+u/poare/Grid/build/examples/./Example_spec_kryschur[0x4cc2f1]
[genoahost103:606423] [ 8] /direct/sdcc+u/poare/Grid/build/examples/./Example_spec_kryschur[0x4c7e95]
[genoahost103:606423] [ 9] /direct/sdcc+u/poare/Grid/build/examples/./Example_spec_kryschur[0x4b5f4f]
[genoahost103:606423] [10] /direct/sdcc+u/poare/Grid/build/examples/./Example_spec_kryschur[0x41180d]
[genoahost103:606423] [11] /lib64/libc.so.6(+0x2a610)[0x145996a2a610]
[genoahost103:606423] [12] /lib64/libc.so.6(__libc_start_main+0x80)[0x145996a2a6c0]
[genoahost103:606423] [13] /direct/sdcc+u/poare/Grid/build/examples/./Example_spec_kryschur[0x4147f5]
[genoahost103:606423] *** End of error message ***
Example_spec_kryschur: ../../Grid/communicator/SharedMemoryMPI.cc:434: static void Grid::GlobalSharedMemory::OptimalCommunicatorSharedMemory(const Coordinate&, ompi_communicator_t*&, Grid::Coordinate&): Assertion `WorldSize==Nprocessors' failed.
[genoahost097:1719446] *** Process received signal ***
[genoahost097:1719446] Signal: Aborted (6)
[genoahost097:1719446] Signal code:  (-6)
[genoahost097:1719446] [ 0] /lib64/libc.so.6(+0x3fc30)[0x14bbf7c3fc30]
[genoahost097:1719446] [ 1] /lib64/libc.so.6(+0x8d02c)[0x14bbf7c8d02c]
[genoahost097:1719446] [ 2] /lib64/libc.so.6(raise+0x16)[0x14bbf7c3fb86]
[genoahost097:1719446] [ 3] /lib64/libc.so.6(abort+0xd3)[0x14bbf7c29873]
[genoahost097:1719446] [ 4] /lib64/libc.so.6(+0x2979b)[0x14bbf7c2979b]
[genoahost097:1719446] [ 5] /lib64/libc.so.6(+0x388c6)[0x14bbf7c388c6]
[genoahost097:1719446] [ 6] /direct/sdcc+u/poare/Grid/build/examples/./Example_spec_kryschur[0x4cc206]
[genoahost097:1719446] [ 7] /direct/sdcc+u/poare/Grid/build/examples/./Example_spec_kryschur[0x4cc2f1]
[genoahost097:1719446] [ 8] /direct/sdcc+u/poare/Grid/build/examples/./Example_spec_kryschur[0x4c7e95]
[genoahost097:1719446] [ 9] /direct/sdcc+u/poare/Grid/build/examples/./Example_spec_kryschur[0x4b5f4f]
[genoahost097:1719446] [10] /direct/sdcc+u/poare/Grid/build/examples/./Example_spec_kryschur[0x41180d]
[genoahost097:1719446] [11] /lib64/libc.so.6(+0x2a610)[0x14bbf7c2a610]
[genoahost097:1719446] [12] /lib64/libc.so.6(__libc_start_main+0x80)[0x14bbf7c2a6c0]
[genoahost097:1719446] [13] /direct/sdcc+u/poare/Grid/build/examples/./Example_spec_kryschur[0x4147f5]
[genoahost097:1719446] *** End of error message ***
Example_spec_kryschur: ../../Grid/communicator/SharedMemoryMPI.cc:434: static void Grid::GlobalSharedMemory::OptimalCommunicatorSharedMemory(const Coordinate&, ompi_communicator_t*&, Grid::Coordinate&): Assertion `WorldSize==Nprocessors' failed.
[genoahost103:606426] *** Process received signal ***
[genoahost103:606426] Signal: Aborted (6)
[genoahost103:606426] Signal code:  (-6)
[genoahost103:606426] [ 0] /lib64/libc.so.6(+0x3fc30)[0x14877da3fc30]
[genoahost103:606426] [ 1] /lib64/libc.so.6(+0x8d02c)[0x14877da8d02c]
[genoahost103:606426] [ 2] /lib64/libc.so.6(raise+0x16)[0x14877da3fb86]
[genoahost103:606426] [ 3] /lib64/libc.so.6(abort+0xd3)[0x14877da29873]
[genoahost103:606426] [ 4] /lib64/libc.so.6(+0x2979b)[0x14877da2979b]
[genoahost103:606426] [ 5] /lib64/libc.so.6(+0x388c6)[0x14877da388c6]
[genoahost103:606426] [ 6] /direct/sdcc+u/poare/Grid/build/examples/./Example_spec_kryschur[0x4cc206]
[genoahost103:606426] [ 7] /direct/sdcc+u/poare/Grid/build/examples/./Example_spec_kryschur[0x4cc2f1]
[genoahost103:606426] [ 8] /direct/sdcc+u/poare/Grid/build/examples/./Example_spec_kryschur[0x4c7e95]
[genoahost103:606426] [ 9] /direct/sdcc+u/poare/Grid/build/examples/./Example_spec_kryschur[0x4b5f4f]
[genoahost103:606426] [10] /direct/sdcc+u/poare/Grid/build/examples/./Example_spec_kryschur[0x41180d]
[genoahost103:606426] [11] /lib64/libc.so.6(+0x2a610)[0x14877da2a610]
[genoahost103:606426] [12] /lib64/libc.so.6(__libc_start_main+0x80)[0x14877da2a6c0]
[genoahost103:606426] [13] /direct/sdcc+u/poare/Grid/build/examples/./Example_spec_kryschur[0x4147f5]
[genoahost103:606426] *** End of error message ***
Example_spec_kryschur: ../../Grid/communicator/SharedMemoryMPI.cc:434: static void Grid::GlobalSharedMemory::OptimalCommunicatorSharedMemory(const Coordinate&, ompi_communicator_t*&, Grid::Coordinate&): Assertion `WorldSize==Nprocessors' failed.
[genoahost102:616958] *** Process received signal ***
[genoahost102:616958] Signal: Aborted (6)
[genoahost102:616958] Signal code:  (-6)
[genoahost102:616958] [ 0] /lib64/libc.so.6(+0x3fc30)[0x14a6e363fc30]
[genoahost102:616958] [ 1] /lib64/libc.so.6(+0x8d02c)[0x14a6e368d02c]
[genoahost102:616958] [ 2] /lib64/libc.so.6(raise+0x16)[0x14a6e363fb86]
[genoahost102:616958] [ 3] /lib64/libc.so.6(abort+0xd3)[0x14a6e3629873]
[genoahost102:616958] [ 4] /lib64/libc.so.6(+0x2979b)[0x14a6e362979b]
[genoahost102:616958] [ 5] /lib64/libc.so.6(+0x388c6)[0x14a6e36388c6]
[genoahost102:616958] [ 6] /direct/sdcc+u/poare/Grid/build/examples/./Example_spec_kryschur[0x4cc206]
[genoahost102:616958] [ 7] /direct/sdcc+u/poare/Grid/build/examples/./Example_spec_kryschur[0x4cc2f1]
[genoahost102:616958] [ 8] /direct/sdcc+u/poare/Grid/build/examples/./Example_spec_kryschur[0x4c7e95]
[genoahost102:616958] [ 9] /direct/sdcc+u/poare/Grid/build/examples/./Example_spec_kryschur[0x4b5f4f]
[genoahost102:616958] [10] /direct/sdcc+u/poare/Grid/build/examples/./Example_spec_kryschur[0x41180d]
[genoahost102:616958] [11] /lib64/libc.so.6(+0x2a610)[0x14a6e362a610]
[genoahost102:616958] [12] /lib64/libc.so.6(__libc_start_main+0x80)[0x14a6e362a6c0]
[genoahost102:616958] [13] /direct/sdcc+u/poare/Grid/build/examples/./Example_spec_kryschur[0x4147f5]
[genoahost102:616958] *** End of error message ***
Example_spec_kryschur: ../../Grid/communicator/SharedMemoryMPI.cc:434: static void Grid::GlobalSharedMemory::OptimalCommunicatorSharedMemory(const Coordinate&, ompi_communicator_t*&, Grid::Coordinate&): Assertion `WorldSize==Nprocessors' failed.
[genoahost101:1136890] *** Process received signal ***
[genoahost101:1136890] Signal: Aborted (6)
[genoahost101:1136890] Signal code:  (-6)
[genoahost101:1136890] [ 0] /lib64/libc.so.6(+0x3fc30)[0x1462cdc3fc30]
[genoahost101:1136890] [ 1] /lib64/libc.so.6(+0x8d02c)[0x1462cdc8d02c]
[genoahost101:1136890] [ 2] /lib64/libc.so.6(raise+0x16)[0x1462cdc3fb86]
[genoahost101:1136890] [ 3] /lib64/libc.so.6(abort+0xd3)[0x1462cdc29873]
[genoahost101:1136890] [ 4] /lib64/libc.so.6(+0x2979b)[0x1462cdc2979b]
[genoahost101:1136890] [ 5] /lib64/libc.so.6(+0x388c6)[0x1462cdc388c6]
[genoahost101:1136890] [ 6] /direct/sdcc+u/poare/Grid/build/examples/./Example_spec_kryschur[0x4cc206]
[genoahost101:1136890] [ 7] /direct/sdcc+u/poare/Grid/build/examples/./Example_spec_kryschur[0x4cc2f1]
[genoahost101:1136890] [ 8] /direct/sdcc+u/poare/Grid/build/examples/./Example_spec_kryschur[0x4c7e95]
[genoahost101:1136890] [ 9] /direct/sdcc+u/poare/Grid/build/examples/./Example_spec_kryschur[0x4b5f4f]
[genoahost101:1136890] [10] /direct/sdcc+u/poare/Grid/build/examples/./Example_spec_kryschur[0x41180d]
[genoahost101:1136890] [11] /lib64/libc.so.6(+0x2a610)[0x1462cdc2a610]
[genoahost101:1136890] [12] /lib64/libc.so.6(__libc_start_main+0x80)[0x1462cdc2a6c0]
[genoahost101:1136890] [13] /direct/sdcc+u/poare/Grid/build/examples/./Example_spec_kryschur[0x4147f5]
[genoahost101:1136890] *** End of error message ***
Example_spec_kryschur: ../../Grid/communicator/SharedMemoryMPI.cc:434: static void Grid::GlobalSharedMemory::OptimalCommunicatorSharedMemory(const Coordinate&, ompi_communicator_t*&, Grid::Coordinate&): Assertion `WorldSize==Nprocessors' failed.
[genoahost102:616960] *** Process received signal ***
[genoahost102:616960] Signal: Aborted (6)
[genoahost102:616960] Signal code:  (-6)
[genoahost102:616960] [ 0] /lib64/libc.so.6(+0x3fc30)[0x14e943e3fc30]
[genoahost102:616960] [ 1] /lib64/libc.so.6(+0x8d02c)[0x14e943e8d02c]
[genoahost102:616960] [ 2] /lib64/libc.so.6(raise+0x16)[0x14e943e3fb86]
[genoahost102:616960] [ 3] /lib64/libc.so.6(abort+0xd3)[0x14e943e29873]
[genoahost102:616960] [ 4] /lib64/libc.so.6(+0x2979b)[0x14e943e2979b]
[genoahost102:616960] [ 5] /lib64/libc.so.6(+0x388c6)[0x14e943e388c6]
[genoahost102:616960] [ 6] /direct/sdcc+u/poare/Grid/build/examples/./Example_spec_kryschur[0x4cc206]
[genoahost102:616960] [ 7] /direct/sdcc+u/poare/Grid/build/examples/./Example_spec_kryschur[0x4cc2f1]
[genoahost102:616960] [ 8] /direct/sdcc+u/poare/Grid/build/examples/./Example_spec_kryschur[0x4c7e95]
[genoahost102:616960] [ 9] /direct/sdcc+u/poare/Grid/build/examples/./Example_spec_kryschur[0x4b5f4f]
[genoahost102:616960] [10] /direct/sdcc+u/poare/Grid/build/examples/./Example_spec_kryschur[0x41180d]
[genoahost102:616960] [11] /lib64/libc.so.6(+0x2a610)[0x14e943e2a610]
[genoahost102:616960] [12] /lib64/libc.so.6(__libc_start_main+0x80)[0x14e943e2a6c0]
[genoahost102:616960] [13] /direct/sdcc+u/poare/Grid/build/examples/./Example_spec_kryschur[0x4147f5]
[genoahost102:616960] *** End of error message ***
Example_spec_kryschur: ../../Grid/communicator/SharedMemoryMPI.cc:434: static void Grid::GlobalSharedMemory::OptimalCommunicatorSharedMemory(const Coordinate&, ompi_communicator_t*&, Grid::Coordinate&): Assertion `WorldSize==Nprocessors' failed.
[genoahost102:616964] *** Process received signal ***
[genoahost102:616964] Signal: Aborted (6)
[genoahost102:616964] Signal code:  (-6)
[genoahost102:616964] [ 0] /lib64/libc.so.6(+0x3fc30)[0x146a5a23fc30]
[genoahost102:616964] [ 1] /lib64/libc.so.6(+0x8d02c)[0x146a5a28d02c]
[genoahost102:616964] [ 2] /lib64/libc.so.6(raise+0x16)[0x146a5a23fb86]
[genoahost102:616964] [ 3] /lib64/libc.so.6(abort+0xd3)[0x146a5a229873]
[genoahost102:616964] [ 4] /lib64/libc.so.6(+0x2979b)[0x146a5a22979b]
[genoahost102:616964] [ 5] /lib64/libc.so.6(+0x388c6)[0x146a5a2388c6]
[genoahost102:616964] [ 6] /direct/sdcc+u/poare/Grid/build/examples/./Example_spec_kryschur[0x4cc206]
[genoahost102:616964] [ 7] /direct/sdcc+u/poare/Grid/build/examples/./Example_spec_kryschur[0x4cc2f1]
[genoahost102:616964] [ 8] /direct/sdcc+u/poare/Grid/build/examples/./Example_spec_kryschur[0x4c7e95]
[genoahost102:616964] [ 9] /direct/sdcc+u/poare/Grid/build/examples/./Example_spec_kryschur[0x4b5f4f]
[genoahost102:616964] [10] /direct/sdcc+u/poare/Grid/build/examples/./Example_spec_kryschur[0x41180d]
[genoahost102:616964] [11] /lib64/libc.so.6(+0x2a610)[0x146a5a22a610]
[genoahost102:616964] [12] /lib64/libc.so.6(__libc_start_main+0x80)[0x146a5a22a6c0]
[genoahost102:616964] [13] /direct/sdcc+u/poare/Grid/build/examples/./Example_spec_kryschur[0x4147f5]
[genoahost102:616964] *** End of error message ***
Example_spec_kryschur: ../../Grid/communicator/SharedMemoryMPI.cc:434: static void Grid::GlobalSharedMemory::OptimalCommunicatorSharedMemory(const Coordinate&, ompi_communicator_t*&, Grid::Coordinate&): Assertion `WorldSize==Nprocessors' failed.
[genoahost101:1136885] *** Process received signal ***
[genoahost101:1136885] Signal: Aborted (6)
[genoahost101:1136885] Signal code:  (-6)
[genoahost101:1136885] [ 0] /lib64/libc.so.6(+0x3fc30)[0x1539a043fc30]
[genoahost101:1136885] [ 1] /lib64/libc.so.6(+0x8d02c)[0x1539a048d02c]
[genoahost101:1136885] [ 2] /lib64/libc.so.6(raise+0x16)[0x1539a043fb86]
[genoahost101:1136885] [ 3] /lib64/libc.so.6(abort+0xd3)[0x1539a0429873]
[genoahost101:1136885] [ 4] /lib64/libc.so.6(+0x2979b)[0x1539a042979b]
[genoahost101:1136885] [ 5] /lib64/libc.so.6(+0x388c6)[0x1539a04388c6]
[genoahost101:1136885] [ 6] /direct/sdcc+u/poare/Grid/build/examples/./Example_spec_kryschur[0x4cc206]
[genoahost101:1136885] [ 7] /direct/sdcc+u/poare/Grid/build/examples/./Example_spec_kryschur[0x4cc2f1]
[genoahost101:1136885] [ 8] /direct/sdcc+u/poare/Grid/build/examples/./Example_spec_kryschur[0x4c7e95]
[genoahost101:1136885] [ 9] /direct/sdcc+u/poare/Grid/build/examples/./Example_spec_kryschur[0x4b5f4f]
[genoahost101:1136885] [10] /direct/sdcc+u/poare/Grid/build/examples/./Example_spec_kryschur[0x41180d]
[genoahost101:1136885] [11] /lib64/libc.so.6(+0x2a610)[0x1539a042a610]
[genoahost101:1136885] [12] /lib64/libc.so.6(__libc_start_main+0x80)[0x1539a042a6c0]
[genoahost101:1136885] [13] /direct/sdcc+u/poare/Grid/build/examples/./Example_spec_kryschur[0x4147f5]
[genoahost101:1136885] *** End of error message ***
Example_spec_kryschur: ../../Grid/communicator/SharedMemoryMPI.cc:434: static void Grid::GlobalSharedMemory::OptimalCommunicatorSharedMemory(const Coordinate&, ompi_communicator_t*&, Grid::Coordinate&): Assertion `WorldSize==Nprocessors' failed.
Example_spec_kryschur: ../../Grid/communicator/SharedMemoryMPI.cc:434: static void Grid::GlobalSharedMemory::OptimalCommunicatorSharedMemory(const Coordinate&, ompi_communicator_t*&, Grid::Coordinate&): Assertion `WorldSize==Nprocessors' failed.
[genoahost098:1619087] *** Process received signal ***
[genoahost098:1619096] *** Process received signal ***
[genoahost098:1619096] Signal: Aborted (6)
[genoahost098:1619096] Signal code:  (-6)
[genoahost098:1619087] Signal: Aborted (6)
[genoahost098:1619087] Signal code:  (-6)
[genoahost098:1619087] [ 0] /lib64/libc.so.6(+0x3fc30)[0x146d1e43fc30]
[genoahost098:1619096] [ 0] /lib64/libc.so.6(+0x3fc30)[0x14977ce3fc30]
[genoahost098:1619087] [ 1] /lib64/libc.so.6(+0x8d02c)[0x146d1e48d02c]
[genoahost098:1619096] [ 1] /lib64/libc.so.6(+0x8d02c)[0x14977ce8d02c]
[genoahost098:1619087] [ 2] /lib64/libc.so.6(raise+0x16)[0x146d1e43fb86]
[genoahost098:1619096] [ 2] /lib64/libc.so.6(raise+0x16)[0x14977ce3fb86]
[genoahost098:1619096] [ 3] /lib64/libc.so.6(abort+0xd3)[0x14977ce29873]
[genoahost098:1619087] [ 3] /lib64/libc.so.6(abort+0xd3)[0x146d1e429873]
[genoahost098:1619087] [ 4] /lib64/libc.so.6(+0x2979b)[0x146d1e42979b]
[genoahost098:1619087] [ 5] /lib64/libc.so.6(+0x388c6)[0x146d1e4388c6]
[genoahost098:1619096] [ 4] /lib64/libc.so.6(+0x2979b)[0x14977ce2979b]
[genoahost098:1619087] [ 6] /direct/sdcc+u/poare/Grid/build/examples/./Example_spec_kryschur[0x4cc206]
[genoahost098:1619087] [ 7] /direct/sdcc+u/poare/Grid/build/examples/./Example_spec_kryschur[0x4cc2f1]
[genoahost098:1619087] [ 8] /direct/sdcc+u/poare/Grid/build/examples/./Example_spec_kryschur[0x4c7e95]
[genoahost098:1619087] [ 9] /direct/sdcc+u/poare/Grid/build/examples/./Example_spec_kryschur[0x4b5f4f]
[genoahost098:1619087] [10] /direct/sdcc+u/poare/Grid/build/examples/./Example_spec_kryschur[0x41180d]
[genoahost098:1619096] [ 5] /lib64/libc.so.6(+0x388c6)[0x14977ce388c6]
[genoahost098:1619096] [ 6] /direct/sdcc+u/poare/Grid/build/examples/./Example_spec_kryschur[0x4cc206]
[genoahost098:1619096] [ 7] /direct/sdcc+u/poare/Grid/build/examples/./Example_spec_kryschur[0x4cc2f1]
[genoahost098:1619096] [ 8] /direct/sdcc+u/poare/Grid/build/examples/./Example_spec_kryschur[0x4c7e95]
[genoahost098:1619096] [ 9] /direct/sdcc+u/poare/Grid/build/examples/./Example_spec_kryschur[0x4b5f4f]
[genoahost098:1619087] [11] /lib64/libc.so.6(+0x2a610)[0x146d1e42a610]
[genoahost098:1619096] [10] /direct/sdcc+u/poare/Grid/build/examples/./Example_spec_kryschur[0x41180d]
[genoahost098:1619096] [11] /lib64/libc.so.6(+0x2a610)[0x14977ce2a610]
[genoahost098:1619087] [12] /lib64/libc.so.6(__libc_start_main+0x80)[0x146d1e42a6c0]
[genoahost098:1619087] [13] /direct/sdcc+u/poare/Grid/build/examples/./Example_spec_kryschur[0x4147f5]
[genoahost098:1619087] *** End of error message ***
[genoahost098:1619096] [12] /lib64/libc.so.6(__libc_start_main+0x80)[0x14977ce2a6c0]
[genoahost098:1619096] [13] /direct/sdcc+u/poare/Grid/build/examples/./Example_spec_kryschur[0x4147f5]
[genoahost098:1619096] *** End of error message ***
Example_spec_kryschur: ../../Grid/communicator/SharedMemoryMPI.cc:434: static void Grid::GlobalSharedMemory::OptimalCommunicatorSharedMemory(const Coordinate&, ompi_communicator_t*&, Grid::Coordinate&): Assertion `WorldSize==Nprocessors' failed.
[genoahost100:637727] *** Process received signal ***
[genoahost100:637727] Signal: Aborted (6)
[genoahost100:637727] Signal code:  (-6)
Example_spec_kryschur: ../../Grid/communicator/SharedMemoryMPI.cc:434: static void Grid::GlobalSharedMemory::OptimalCommunicatorSharedMemory(const Coordinate&, ompi_communicator_t*&, Grid::Coordinate&): Assertion `WorldSize==Nprocessors' failed.
[genoahost100:637733] *** Process received signal ***
[genoahost100:637733] Signal: Aborted (6)
[genoahost100:637733] Signal code:  (-6)
[genoahost100:637727] [ 0] /lib64/libc.so.6(+0x3fc30)[0x14e79383fc30]
[genoahost100:637727] [ 1] /lib64/libc.so.6(+0x8d02c)[0x14e79388d02c]
[genoahost100:637727] [ 2] /lib64/libc.so.6(raise+0x16)[0x14e79383fb86]
[genoahost100:637727] [ 3] /lib64/libc.so.6(abort+0xd3)[0x14e793829873]
[genoahost100:637727] [ 4] /lib64/libc.so.6(+0x2979b)[0x14e79382979b]
[genoahost100:637727] [ 5] /lib64/libc.so.6(+0x388c6)[0x14e7938388c6]
[genoahost100:637727] [ 6] /direct/sdcc+u/poare/Grid/build/examples/./Example_spec_kryschur[0x4cc206]
[genoahost100:637727] [ 7] /direct/sdcc+u/poare/Grid/build/examples/./Example_spec_kryschur[0x4cc2f1]
[genoahost100:637727] [ 8] /direct/sdcc+u/poare/Grid/build/examples/./Example_spec_kryschur[0x4c7e95]
[genoahost100:637727] [ 9] /direct/sdcc+u/poare/Grid/build/examples/./Example_spec_kryschur[0x4b5f4f]
[genoahost100:637727] [10] /direct/sdcc+u/poare/Grid/build/examples/./Example_spec_kryschur[0x41180d]
[genoahost100:637733] [ 0] /lib64/libc.so.6(+0x3fc30)[0x1549e8e3fc30]
[genoahost100:637727] [11] /lib64/libc.so.6(+0x2a610)[0x14e79382a610]
[genoahost100:637727] [12] /lib64/libc.so.6(__libc_start_main+0x80)[0x14e79382a6c0]
[genoahost100:637727] [13] /direct/sdcc+u/poare/Grid/build/examples/./Example_spec_kryschur[0x4147f5]
[genoahost100:637727] *** End of error message ***
[genoahost100:637733] [ 1] /lib64/libc.so.6(+0x8d02c)[0x1549e8e8d02c]
[genoahost100:637733] [ 2] /lib64/libc.so.6(raise+0x16)[0x1549e8e3fb86]
[genoahost100:637733] [ 3] /lib64/libc.so.6(abort+0xd3)[0x1549e8e29873]
[genoahost100:637733] [ 4] /lib64/libc.so.6(+0x2979b)[0x1549e8e2979b]
[genoahost100:637733] [ 5] /lib64/libc.so.6(+0x388c6)[0x1549e8e388c6]
[genoahost100:637733] [ 6] /direct/sdcc+u/poare/Grid/build/examples/./Example_spec_kryschur[0x4cc206]
[genoahost100:637733] [ 7] /direct/sdcc+u/poare/Grid/build/examples/./Example_spec_kryschur[0x4cc2f1]
[genoahost100:637733] [ 8] /direct/sdcc+u/poare/Grid/build/examples/./Example_spec_kryschur[0x4c7e95]
[genoahost100:637733] [ 9] /direct/sdcc+u/poare/Grid/build/examples/./Example_spec_kryschur[0x4b5f4f]
[genoahost100:637733] [10] /direct/sdcc+u/poare/Grid/build/examples/./Example_spec_kryschur[0x41180d]
[genoahost100:637733] [11] /lib64/libc.so.6(+0x2a610)[0x1549e8e2a610]
[genoahost100:637733] [12] /lib64/libc.so.6(__libc_start_main+0x80)[0x1549e8e2a6c0]
[genoahost100:637733] [13] /direct/sdcc+u/poare/Grid/build/examples/./Example_spec_kryschur[0x4147f5]
[genoahost100:637733] *** End of error message ***
Example_spec_kryschur: ../../Grid/communicator/SharedMemoryMPI.cc:434: static void Grid::GlobalSharedMemory::OptimalCommunicatorSharedMemory(const Coordinate&, ompi_communicator_t*&, Grid::Coordinate&): Assertion `WorldSize==Nprocessors' failed.
Example_spec_kryschur: ../../Grid/communicator/SharedMemoryMPI.cc:434: static void Grid::GlobalSharedMemory::OptimalCommunicatorSharedMemory(const Coordinate&, ompi_communicator_t*&, Grid::Coordinate&): Assertion `WorldSize==Nprocessors' failed.
[genoahost102:616969] *** Process received signal ***
[genoahost102:616969] Signal: Aborted (6)
[genoahost102:616969] Signal code:  (-6)
[genoahost102:616956] *** Process received signal ***
[genoahost102:616956] Signal: Aborted (6)
[genoahost102:616956] Signal code:  (-6)
[genoahost102:616969] [ 0] /lib64/libc.so.6(+0x3fc30)[0x154040e3fc30]
[genoahost102:616969] [ 1] /lib64/libc.so.6(+0x8d02c)[0x154040e8d02c]
[genoahost102:616956] [ 0] /lib64/libc.so.6(+0x3fc30)[0x14ec6783fc30]
[genoahost102:616969] [ 2] /lib64/libc.so.6(raise+0x16)[0x154040e3fb86]
[genoahost102:616956] [ 1] /lib64/libc.so.6(+0x8d02c)[0x14ec6788d02c]
[genoahost102:616969] [ 3] /lib64/libc.so.6(abort+0xd3)[0x154040e29873]
[genoahost102:616969] [ 4] /lib64/libc.so.6(+0x2979b)[0x154040e2979b]
[genoahost102:616956] [ 2] /lib64/libc.so.6(raise+0x16)[0x14ec6783fb86]
[genoahost102:616969] [ 5] /lib64/libc.so.6(+0x388c6)[0x154040e388c6]
[genoahost102:616969] [ 6] /direct/sdcc+u/poare/Grid/build/examples/./Example_spec_kryschur[0x4cc206]
[genoahost102:616969] [ 7] /direct/sdcc+u/poare/Grid/build/examples/./Example_spec_kryschur[0x4cc2f1]
[genoahost102:616956] [ 3] /lib64/libc.so.6(abort+0xd3)[0x14ec67829873]
[genoahost102:616956] [ 4] /lib64/libc.so.6(+0x2979b)[0x14ec6782979b]
[genoahost102:616969] [ 8] /direct/sdcc+u/poare/Grid/build/examples/./Example_spec_kryschur[0x4c7e95]
[genoahost102:616969] [ 9] /direct/sdcc+u/poare/Grid/build/examples/./Example_spec_kryschur[0x4b5f4f]
[genoahost102:616969] [10] /direct/sdcc+u/poare/Grid/build/examples/./Example_spec_kryschur[0x41180d]
[genoahost102:616956] [ 5] /lib64/libc.so.6(+0x388c6)[0x14ec678388c6]
[genoahost102:616956] [ 6] /direct/sdcc+u/poare/Grid/build/examples/./Example_spec_kryschur[0x4cc206]
[genoahost102:616956] [ 7] /direct/sdcc+u/poare/Grid/build/examples/./Example_spec_kryschur[0x4cc2f1]
[genoahost102:616956] [ 8] /direct/sdcc+u/poare/Grid/build/examples/./Example_spec_kryschur[0x4c7e95]
[genoahost102:616956] [ 9] /direct/sdcc+u/poare/Grid/build/examples/./Example_spec_kryschur[0x4b5f4f]
[genoahost102:616969] [11] /lib64/libc.so.6(+0x2a610)[0x154040e2a610]
[genoahost102:616969] [12] /lib64/libc.so.6(__libc_start_main+0x80)[0x154040e2a6c0]
[genoahost102:616969] [13] /direct/sdcc+u/poare/Grid/build/examples/./Example_spec_kryschur[0x4147f5]
[genoahost102:616969] *** End of error message ***
[genoahost102:616956] [10] /direct/sdcc+u/poare/Grid/build/examples/./Example_spec_kryschur[0x41180d]
[genoahost102:616956] [11] /lib64/libc.so.6(+0x2a610)[0x14ec6782a610]
[genoahost102:616956] [12] /lib64/libc.so.6(__libc_start_main+0x80)[0x14ec6782a6c0]
[genoahost102:616956] [13] /direct/sdcc+u/poare/Grid/build/examples/./Example_spec_kryschur[0x4147f5]
[genoahost102:616956] *** End of error message ***
Example_spec_kryschur: ../../Grid/communicator/SharedMemoryMPI.cc:434: static void Grid::GlobalSharedMemory::OptimalCommunicatorSharedMemory(const Coordinate&, ompi_communicator_t*&, Grid::Coordinate&): Assertion `WorldSize==Nprocessors' failed.
[genoahost099:1598296] *** Process received signal ***
[genoahost099:1598296] Signal: Aborted (6)
[genoahost099:1598296] Signal code:  (-6)
[genoahost099:1598296] [ 0] /lib64/libc.so.6(+0x3fc30)[0x14cecac3fc30]
[genoahost099:1598296] [ 1] /lib64/libc.so.6(+0x8d02c)[0x14cecac8d02c]
Example_spec_kryschur: ../../Grid/communicator/SharedMemoryMPI.cc:434: static void Grid::GlobalSharedMemory::OptimalCommunicatorSharedMemory(const Coordinate&, ompi_communicator_t*&, Grid::Coordinate&): Assertion `WorldSize==Nprocessors' failed.
[genoahost099:1598296] [ 2] /lib64/libc.so.6(raise+0x16)[0x14cecac3fb86]
[genoahost099:1598296] [ 3] /lib64/libc.so.6(abort+0xd3)[0x14cecac29873]
[genoahost099:1598296] [ 4] /lib64/libc.so.6(+0x2979b)[0x14cecac2979b]
[genoahost099:1598296] [ 5] /lib64/libc.so.6(+0x388c6)[0x14cecac388c6]
[genoahost099:1598296] [ 6] /direct/sdcc+u/poare/Grid/build/examples/./Example_spec_kryschur[0x4cc206]
[genoahost099:1598296] [ 7] /direct/sdcc+u/poare/Grid/build/examples/./Example_spec_kryschur[0x4cc2f1]
[genoahost099:1598296] [ 8] /direct/sdcc+u/poare/Grid/build/examples/./Example_spec_kryschur[0x4c7e95]
[genoahost099:1598296] [ 9] /direct/sdcc+u/poare/Grid/build/examples/./Example_spec_kryschur[0x4b5f4f]
[genoahost099:1598296] [10] /direct/sdcc+u/poare/Grid/build/examples/./Example_spec_kryschur[0x41180d]
[genoahost099:1598296] [11] /lib64/libc.so.6(+0x2a610)[0x14cecac2a610]
[genoahost099:1598287] *** Process received signal ***
[genoahost099:1598287] Signal: Aborted (6)
[genoahost099:1598287] Signal code:  (-6)
[genoahost099:1598296] [12] /lib64/libc.so.6(__libc_start_main+0x80)[0x14cecac2a6c0]
[genoahost099:1598296] [13] /direct/sdcc+u/poare/Grid/build/examples/./Example_spec_kryschur[0x4147f5]
[genoahost099:1598296] *** End of error message ***
[genoahost099:1598287] [ 0] /lib64/libc.so.6(+0x3fc30)[0x1540ce23fc30]
[genoahost099:1598287] [ 1] /lib64/libc.so.6(+0x8d02c)[0x1540ce28d02c]
[genoahost099:1598287] [ 2] /lib64/libc.so.6(raise+0x16)[0x1540ce23fb86]
[genoahost099:1598287] [ 3] /lib64/libc.so.6(abort+0xd3)[0x1540ce229873]
[genoahost099:1598287] [ 4] /lib64/libc.so.6(+0x2979b)[0x1540ce22979b]
[genoahost099:1598287] [ 5] /lib64/libc.so.6(+0x388c6)[0x1540ce2388c6]
[genoahost099:1598287] [ 6] /direct/sdcc+u/poare/Grid/build/examples/./Example_spec_kryschur[0x4cc206]
[genoahost099:1598287] [ 7] /direct/sdcc+u/poare/Grid/build/examples/./Example_spec_kryschur[0x4cc2f1]
[genoahost099:1598287] [ 8] /direct/sdcc+u/poare/Grid/build/examples/./Example_spec_kryschur[0x4c7e95]
[genoahost099:1598287] [ 9] /direct/sdcc+u/poare/Grid/build/examples/./Example_spec_kryschur[0x4b5f4f]
[genoahost099:1598287] [10] /direct/sdcc+u/poare/Grid/build/examples/./Example_spec_kryschur[0x41180d]
[genoahost099:1598287] [11] /lib64/libc.so.6(+0x2a610)[0x1540ce22a610]
[genoahost099:1598287] [12] /lib64/libc.so.6(__libc_start_main+0x80)[0x1540ce22a6c0]
[genoahost099:1598287] [13] /direct/sdcc+u/poare/Grid/build/examples/./Example_spec_kryschur[0x4147f5]
[genoahost099:1598287] *** End of error message ***
Example_spec_kryschur: ../../Grid/communicator/SharedMemoryMPI.cc:434: static void Grid::GlobalSharedMemory::OptimalCommunicatorSharedMemory(const Coordinate&, ompi_communicator_t*&, Grid::Coordinate&): Assertion `WorldSize==Nprocessors' failed.
Example_spec_kryschur: ../../Grid/communicator/SharedMemoryMPI.cc:434: static void Grid::GlobalSharedMemory::OptimalCommunicatorSharedMemory(const Coordinate&, ompi_communicator_t*&, Grid::Coordinate&): Assertion `WorldSize==Nprocessors' failed.
[genoahost102:616963] *** Process received signal ***
[genoahost102:616963] Signal: Aborted (6)
[genoahost102:616963] Signal code:  (-6)
[genoahost102:616966] *** Process received signal ***
[genoahost102:616966] Signal: Aborted (6)
[genoahost102:616966] Signal code:  (-6)
[genoahost102:616963] [ 0] /lib64/libc.so.6(+0x3fc30)[0x14ba3bc3fc30]
[genoahost102:616963] [ 1] /lib64/libc.so.6(+0x8d02c)[0x14ba3bc8d02c]
[genoahost102:616966] [ 0] /lib64/libc.so.6(+0x3fc30)[0x153838e3fc30]
[genoahost102:616963] [ 2] /lib64/libc.so.6(raise+0x16)[0x14ba3bc3fb86]
[genoahost102:616963] [ 3] /lib64/libc.so.6(abort+0xd3)[0x14ba3bc29873]
[genoahost102:616966] [ 1] /lib64/libc.so.6(+0x8d02c)[0x153838e8d02c]
[genoahost102:616966] [ 2] /lib64/libc.so.6(raise+0x16)[0x153838e3fb86]
[genoahost102:616963] [ 4] /lib64/libc.so.6(+0x2979b)[0x14ba3bc2979b]
[genoahost102:616963] [ 5] /lib64/libc.so.6(+0x388c6)[0x14ba3bc388c6]
[genoahost102:616966] [ 3] /lib64/libc.so.6(abort+0xd3)[0x153838e29873]
[genoahost102:616963] [ 6] /direct/sdcc+u/poare/Grid/build/examples/./Example_spec_kryschur[0x4cc206]
[genoahost102:616963] [ 7] /direct/sdcc+u/poare/Grid/build/examples/./Example_spec_kryschur[0x4cc2f1]
[genoahost102:616963] [ 8] /direct/sdcc+u/poare/Grid/build/examples/./Example_spec_kryschur[0x4c7e95]
[genoahost102:616963] [ 9] /direct/sdcc+u/poare/Grid/build/examples/./Example_spec_kryschur[0x4b5f4f]
[genoahost102:616963] [10] /direct/sdcc+u/poare/Grid/build/examples/./Example_spec_kryschur[0x41180d]
[genoahost102:616966] [ 4] /lib64/libc.so.6(+0x2979b)[0x153838e2979b]
[genoahost102:616966] [ 5] /lib64/libc.so.6(+0x388c6)[0x153838e388c6]
[genoahost102:616963] [11] /lib64/libc.so.6(+0x2a610)[0x14ba3bc2a610]
[genoahost102:616966] [ 6] /direct/sdcc+u/poare/Grid/build/examples/./Example_spec_kryschur[0x4cc206]
[genoahost102:616966] [ 7] /direct/sdcc+u/poare/Grid/build/examples/./Example_spec_kryschur[0x4cc2f1]
[genoahost102:616966] [ 8] /direct/sdcc+u/poare/Grid/build/examples/./Example_spec_kryschur[0x4c7e95]
[genoahost102:616966] [ 9] /direct/sdcc+u/poare/Grid/build/examples/./Example_spec_kryschur[0x4b5f4f]
[genoahost102:616963] [12] /lib64/libc.so.6(__libc_start_main+0x80)[0x14ba3bc2a6c0]
[genoahost102:616963] [13] /direct/sdcc+u/poare/Grid/build/examples/./Example_spec_kryschur[0x4147f5]
[genoahost102:616963] *** End of error message ***
[genoahost102:616966] [10] /direct/sdcc+u/poare/Grid/build/examples/./Example_spec_kryschur[0x41180d]
[genoahost102:616966] [11] /lib64/libc.so.6(+0x2a610)[0x153838e2a610]
[genoahost102:616966] [12] /lib64/libc.so.6(__libc_start_main+0x80)[0x153838e2a6c0]
[genoahost102:616966] [13] /direct/sdcc+u/poare/Grid/build/examples/./Example_spec_kryschur[0x4147f5]
[genoahost102:616966] *** End of error message ***
Example_spec_kryschur: ../../Grid/communicator/SharedMemoryMPI.cc:434: static void Grid::GlobalSharedMemory::OptimalCommunicatorSharedMemory(const Coordinate&, ompi_communicator_t*&, Grid::Coordinate&): Assertion `WorldSize==Nprocessors' failed.
[genoahost097:1719452] *** Process received signal ***
[genoahost097:1719452] Signal: Aborted (6)
[genoahost097:1719452] Signal code:  (-6)
Example_spec_kryschur: ../../Grid/communicator/SharedMemoryMPI.cc:434: static void Grid::GlobalSharedMemory::OptimalCommunicatorSharedMemory(const Coordinate&, ompi_communicator_t*&, Grid::Coordinate&): Assertion `WorldSize==Nprocessors' failed.
[genoahost097:1719456] *** Process received signal ***
[genoahost097:1719456] Signal: Aborted (6)
[genoahost097:1719456] Signal code:  (-6)
[genoahost097:1719452] [ 0] /lib64/libc.so.6(+0x3fc30)[0x1518d723fc30]
[genoahost097:1719452] [ 1] /lib64/libc.so.6(+0x8d02c)[0x1518d728d02c]
[genoahost097:1719452] [ 2] /lib64/libc.so.6(raise+0x16)[0x1518d723fb86]
[genoahost097:1719452] [ 3] /lib64/libc.so.6(abort+0xd3)[0x1518d7229873]
[genoahost097:1719452] [ 4] /lib64/libc.so.6(+0x2979b)[0x1518d722979b]
[genoahost097:1719452] [ 5] /lib64/libc.so.6(+0x388c6)[0x1518d72388c6]
[genoahost097:1719452] [ 6] /direct/sdcc+u/poare/Grid/build/examples/./Example_spec_kryschur[0x4cc206]
[genoahost097:1719452] [ 7] /direct/sdcc+u/poare/Grid/build/examples/./Example_spec_kryschur[0x4cc2f1]
[genoahost097:1719452] [ 8] /direct/sdcc+u/poare/Grid/build/examples/./Example_spec_kryschur[0x4c7e95]
[genoahost097:1719452] [ 9] /direct/sdcc+u/poare/Grid/build/examples/./Example_spec_kryschur[0x4b5f4f]
[genoahost097:1719452] [10] /direct/sdcc+u/poare/Grid/build/examples/./Example_spec_kryschur[0x41180d]
[genoahost097:1719452] [11] /lib64/libc.so.6(+0x2a610)[0x1518d722a610]
[genoahost097:1719452] [12] /lib64/libc.so.6(__libc_start_main+0x80)[0x1518d722a6c0]
[genoahost097:1719452] [13] /direct/sdcc+u/poare/Grid/build/examples/./Example_spec_kryschur[0x4147f5]
[genoahost097:1719452] *** End of error message ***
[genoahost097:1719456] [ 0] /lib64/libc.so.6(+0x3fc30)[0x150817c3fc30]
[genoahost097:1719456] [ 1] /lib64/libc.so.6(+0x8d02c)[0x150817c8d02c]
[genoahost097:1719456] [ 2] /lib64/libc.so.6(raise+0x16)[0x150817c3fb86]
[genoahost097:1719456] [ 3] /lib64/libc.so.6(abort+0xd3)[0x150817c29873]
[genoahost097:1719456] [ 4] /lib64/libc.so.6(+0x2979b)[0x150817c2979b]
[genoahost097:1719456] [ 5] /lib64/libc.so.6(+0x388c6)[0x150817c388c6]
[genoahost097:1719456] [ 6] /direct/sdcc+u/poare/Grid/build/examples/./Example_spec_kryschur[0x4cc206]
[genoahost097:1719456] [ 7] /direct/sdcc+u/poare/Grid/build/examples/./Example_spec_kryschur[0x4cc2f1]
[genoahost097:1719456] [ 8] /direct/sdcc+u/poare/Grid/build/examples/./Example_spec_kryschur[0x4c7e95]
[genoahost097:1719456] [ 9] /direct/sdcc+u/poare/Grid/build/examples/./Example_spec_kryschur[0x4b5f4f]
[genoahost097:1719456] [10] /direct/sdcc+u/poare/Grid/build/examples/./Example_spec_kryschur[0x41180d]
[genoahost097:1719456] [11] /lib64/libc.so.6(+0x2a610)[0x150817c2a610]
[genoahost097:1719456] [12] /lib64/libc.so.6(__libc_start_main+0x80)[0x150817c2a6c0]
[genoahost097:1719456] [13] /direct/sdcc+u/poare/Grid/build/examples/./Example_spec_kryschur[0x4147f5]
[genoahost097:1719456] *** End of error message ***
srun: error: genoahost100: task 57: Aborted (core dumped)
Example_spec_kryschur: ../../Grid/communicator/SharedMemoryMPI.cc:434: static void Grid::GlobalSharedMemory::OptimalCommunicatorSharedMemory(const Coordinate&, ompi_communicator_t*&, Grid::Coordinate&): Assertion `WorldSize==Nprocessors' failed.
Example_spec_kryschur: ../../Grid/communicator/SharedMemoryMPI.cc:434: static void Grid::GlobalSharedMemory::OptimalCommunicatorSharedMemory(const Coordinate&, ompi_communicator_t*&, Grid::Coordinate&): Assertion `WorldSize==Nprocessors' failed.
[genoahost099:1598297] *** Process received signal ***
[genoahost099:1598297] Signal: Aborted (6)
[genoahost099:1598297] Signal code:  (-6)
[genoahost099:1598286] *** Process received signal ***
[genoahost099:1598286] Signal: Aborted (6)
[genoahost099:1598286] Signal code:  (-6)
[genoahost099:1598297] [ 0] /lib64/libc.so.6(+0x3fc30)[0x14d4ebc3fc30]
[genoahost099:1598286] [ 0] /lib64/libc.so.6(+0x3fc30)[0x149f7023fc30]
[genoahost099:1598297] [ 1] /lib64/libc.so.6(+0x8d02c)[0x14d4ebc8d02c]
[genoahost099:1598286] [ 1] /lib64/libc.so.6(+0x8d02c)[0x149f7028d02c]
[genoahost099:1598297] [ 2] /lib64/libc.so.6(raise+0x16)[0x14d4ebc3fb86]
[genoahost099:1598297] [ 3] /lib64/libc.so.6(abort+0xd3)[0x14d4ebc29873]
[genoahost099:1598286] [ 2] /lib64/libc.so.6(raise+0x16)[0x149f7023fb86]
[genoahost099:1598297] [ 4] /lib64/libc.so.6(+0x2979b)[0x14d4ebc2979b]
[genoahost099:1598297] [ 5] /lib64/libc.so.6(+0x388c6)[0x14d4ebc388c6]
[genoahost099:1598286] [ 3] /lib64/libc.so.6(abort+0xd3)[0x149f70229873]
[genoahost099:1598286] [ 4] /lib64/libc.so.6(+0x2979b)[0x149f7022979b]
[genoahost099:1598297] [ 6] /direct/sdcc+u/poare/Grid/build/examples/./Example_spec_kryschur[0x4cc206]
[genoahost099:1598297] [ 7] /direct/sdcc+u/poare/Grid/build/examples/./Example_spec_kryschur[0x4cc2f1]
[genoahost099:1598297] [ 8] /direct/sdcc+u/poare/Grid/build/examples/./Example_spec_kryschur[0x4c7e95]
[genoahost099:1598297] [ 9] /direct/sdcc+u/poare/Grid/build/examples/./Example_spec_kryschur[0x4b5f4f]
[genoahost099:1598297] [10] /direct/sdcc+u/poare/Grid/build/examples/./Example_spec_kryschur[0x41180d]
[genoahost099:1598286] [ 5] /lib64/libc.so.6(+0x388c6)[0x149f702388c6]
[genoahost099:1598286] [ 6] /direct/sdcc+u/poare/Grid/build/examples/./Example_spec_kryschur[0x4cc206]
[genoahost099:1598286] [ 7] /direct/sdcc+u/poare/Grid/build/examples/./Example_spec_kryschur[0x4cc2f1]
[genoahost099:1598297] [11] /lib64/libc.so.6(+0x2a610)[0x14d4ebc2a610]
[genoahost099:1598286] [ 8] /direct/sdcc+u/poare/Grid/build/examples/./Example_spec_kryschur[0x4c7e95]
[genoahost099:1598286] [ 9] /direct/sdcc+u/poare/Grid/build/examples/./Example_spec_kryschur[0x4b5f4f]
[genoahost099:1598286] [10] /direct/sdcc+u/poare/Grid/build/examples/./Example_spec_kryschur[0x41180d]
[genoahost099:1598297] [12] /lib64/libc.so.6(__libc_start_main+0x80)[0x14d4ebc2a6c0]
[genoahost099:1598297] [13] /direct/sdcc+u/poare/Grid/build/examples/./Example_spec_kryschur[0x4147f5]
[genoahost099:1598297] *** End of error message ***
[genoahost099:1598286] [11] /lib64/libc.so.6(+0x2a610)[0x149f7022a610]
[genoahost099:1598286] [12] /lib64/libc.so.6(__libc_start_main+0x80)[0x149f7022a6c0]
[genoahost099:1598286] [13] /direct/sdcc+u/poare/Grid/build/examples/./Example_spec_kryschur[0x4147f5]
[genoahost099:1598286] *** End of error message ***
srun: error: genoahost099: task 35: Aborted (core dumped)
srun: error: genoahost102: task 95: Aborted (core dumped)
srun: error: genoahost100: task 63: Aborted (core dumped)
srun: error: genoahost099: task 44: Aborted (core dumped)
srun: error: genoahost102: task 82: Aborted (core dumped)
Example_spec_kryschur: ../../Grid/communicator/SharedMemoryMPI.cc:434: static void Grid::GlobalSharedMemory::OptimalCommunicatorSharedMemory(const Coordinate&, ompi_communicator_t*&, Grid::Coordinate&): Assertion `WorldSize==Nprocessors' failed.
[genoahost099:1598295] *** Process received signal ***
[genoahost099:1598295] Signal: Aborted (6)
[genoahost099:1598295] Signal code:  (-6)
Example_spec_kryschur: ../../Grid/communicator/SharedMemoryMPI.cc:434: static void Grid::GlobalSharedMemory::OptimalCommunicatorSharedMemory(const Coordinate&, ompi_communicator_t*&, Grid::Coordinate&): Assertion `WorldSize==Nprocessors' failed.
[genoahost099:1598299] *** Process received signal ***
[genoahost099:1598299] Signal: Aborted (6)
[genoahost099:1598299] Signal code:  (-6)
[genoahost099:1598295] [ 0] /lib64/libc.so.6(+0x3fc30)[0x150a2823fc30]
[genoahost099:1598295] [ 1] /lib64/libc.so.6(+0x8d02c)[0x150a2828d02c]
[genoahost099:1598295] [ 2] /lib64/libc.so.6(raise+0x16)[0x150a2823fb86]
[genoahost099:1598295] [ 3] /lib64/libc.so.6(abort+0xd3)[0x150a28229873]
[genoahost099:1598295] [ 4] /lib64/libc.so.6(+0x2979b)[0x150a2822979b]
[genoahost099:1598295] [ 5] /lib64/libc.so.6(+0x388c6)[0x150a282388c6]
[genoahost099:1598295] [ 6] /direct/sdcc+u/poare/Grid/build/examples/./Example_spec_kryschur[0x4cc206]
[genoahost099:1598295] [ 7] /direct/sdcc+u/poare/Grid/build/examples/./Example_spec_kryschur[0x4cc2f1]
[genoahost099:1598295] [ 8] /direct/sdcc+u/poare/Grid/build/examples/./Example_spec_kryschur[0x4c7e95]
[genoahost099:1598295] [ 9] /direct/sdcc+u/poare/Grid/build/examples/./Example_spec_kryschur[0x4b5f4f]
[genoahost099:1598295] [10] /direct/sdcc+u/poare/Grid/build/examples/./Example_spec_kryschur[0x41180d]
[genoahost099:1598295] [11] /lib64/libc.so.6(+0x2a610)[0x150a2822a610]
[genoahost099:1598295] [12] /lib64/libc.so.6(__libc_start_main+0x80)[0x150a2822a6c0]
[genoahost099:1598295] [13] /direct/sdcc+u/poare/Grid/build/examples/./Example_spec_kryschur[0x4147f5]
[genoahost099:1598295] *** End of error message ***
[genoahost099:1598299] [ 0] /lib64/libc.so.6(+0x3fc30)[0x14764f43fc30]
[genoahost099:1598299] [ 1] /lib64/libc.so.6(+0x8d02c)[0x14764f48d02c]
[genoahost099:1598299] [ 2] /lib64/libc.so.6(raise+0x16)[0x14764f43fb86]
[genoahost099:1598299] [ 3] /lib64/libc.so.6(abort+0xd3)[0x14764f429873]
[genoahost099:1598299] [ 4] /lib64/libc.so.6(+0x2979b)[0x14764f42979b]
[genoahost099:1598299] [ 5] /lib64/libc.so.6(+0x388c6)[0x14764f4388c6]
[genoahost099:1598299] [ 6] /direct/sdcc+u/poare/Grid/build/examples/./Example_spec_kryschur[0x4cc206]
[genoahost099:1598299] [ 7] /direct/sdcc+u/poare/Grid/build/examples/./Example_spec_kryschur[0x4cc2f1]
[genoahost099:1598299] [ 8] /direct/sdcc+u/poare/Grid/build/examples/./Example_spec_kryschur[0x4c7e95]
[genoahost099:1598299] [ 9] /direct/sdcc+u/poare/Grid/build/examples/./Example_spec_kryschur[0x4b5f4f]
[genoahost099:1598299] [10] /direct/sdcc+u/poare/Grid/build/examples/./Example_spec_kryschur[0x41180d]
[genoahost099:1598299] [11] /lib64/libc.so.6(+0x2a610)[0x14764f42a610]
[genoahost099:1598299] [12] /lib64/libc.so.6(__libc_start_main+0x80)[0x14764f42a6c0]
[genoahost099:1598299] [13] /direct/sdcc+u/poare/Grid/build/examples/./Example_spec_kryschur[0x4147f5]
[genoahost099:1598299] *** End of error message ***
srun: error: genoahost098: task 25: Aborted (core dumped)
srun: error: genoahost101: task 73: Aborted (core dumped)
srun: error: genoahost097: task 15: Aborted (core dumped)
srun: error: genoahost100: task 49: Aborted (core dumped)
srun: error: genoahost098: task 28: Aborted (core dumped)
srun: error: genoahost099: tasks 38,40: Aborted (core dumped)
srun: error: genoahost104: tasks 113,124: Aborted (core dumped)
srun: error: genoahost097: tasks 9,11: Aborted (core dumped)
srun: error: genoahost100: task 59: Aborted (core dumped)
srun: error: genoahost098: task 26: Aborted (core dumped)
srun: error: genoahost099: tasks 37,46: Aborted (core dumped)
srun: error: genoahost101: tasks 74,76: Aborted (core dumped)
srun: error: genoahost104: task 127: Aborted (core dumped)
srun: error: genoahost100: tasks 48,54: Aborted (core dumped)
srun: error: genoahost101: tasks 69-71: Aborted (core dumped)
srun: error: genoahost098: task 22: Aborted (core dumped)
srun: error: genoahost102: tasks 80-81,91: Aborted (core dumped)
srun: error: genoahost103: task 98: Aborted (core dumped)
srun: error: genoahost097: task 7: Aborted (core dumped)
srun: error: genoahost104: tasks 116,126: Aborted (core dumped)
srun: error: genoahost100: task 50: Aborted (core dumped)
srun: error: genoahost098: task 20: Aborted (core dumped)
srun: error: genoahost101: tasks 67,78: Aborted (core dumped)
srun: error: genoahost099: task 32: Aborted (core dumped)
srun: error: genoahost097: tasks 4-5,12: Aborted (core dumped)
Example_spec_kryschur: ../../Grid/communicator/SharedMemoryMPI.cc:434: static void Grid::GlobalSharedMemory::OptimalCommunicatorSharedMemory(const Coordinate&, ompi_communicator_t*&, Grid::Coordinate&): Assertion `WorldSize==Nprocessors' failed.
[genoahost101:1136879] *** Process received signal ***
[genoahost101:1136879] Signal: Aborted (6)
[genoahost101:1136879] Signal code:  (-6)
Example_spec_kryschur: ../../Grid/communicator/SharedMemoryMPI.cc:434: static void Grid::GlobalSharedMemory::OptimalCommunicatorSharedMemory(const Coordinate&, ompi_communicator_t*&, Grid::Coordinate&): Assertion `WorldSize==Nprocessors' failed.
[genoahost101:1136881] *** Process received signal ***
[genoahost101:1136881] Signal: Aborted (6)
[genoahost101:1136881] Signal code:  (-6)
[genoahost101:1136879] [ 0] /lib64/libc.so.6(+0x3fc30)[0x14b4fa23fc30]
[genoahost101:1136879] [ 1] /lib64/libc.so.6(+0x8d02c)[0x14b4fa28d02c]
[genoahost101:1136879] [ 2] /lib64/libc.so.6(raise+0x16)[0x14b4fa23fb86]
[genoahost101:1136879] [ 3] /lib64/libc.so.6(abort+0xd3)[0x14b4fa229873]
[genoahost101:1136879] [ 4] /lib64/libc.so.6(+0x2979b)[0x14b4fa22979b]
[genoahost101:1136879] [ 5] /lib64/libc.so.6(+0x388c6)[0x14b4fa2388c6]
[genoahost101:1136879] [ 6] /direct/sdcc+u/poare/Grid/build/examples/./Example_spec_kryschur[0x4cc206]
[genoahost101:1136879] [ 7] /direct/sdcc+u/poare/Grid/build/examples/./Example_spec_kryschur[0x4cc2f1]
[genoahost101:1136879] [ 8] /direct/sdcc+u/poare/Grid/build/examples/./Example_spec_kryschur[0x4c7e95]
[genoahost101:1136879] [ 9] /direct/sdcc+u/poare/Grid/build/examples/./Example_spec_kryschur[0x4b5f4f]
[genoahost101:1136879] [10] /direct/sdcc+u/poare/Grid/build/examples/./Example_spec_kryschur[0x41180d]
[genoahost101:1136881] [ 0] /lib64/libc.so.6(+0x3fc30)[0x14887483fc30]
[genoahost101:1136879] [11] /lib64/libc.so.6(+0x2a610)[0x14b4fa22a610]
[genoahost101:1136879] [12] /lib64/libc.so.6(__libc_start_main+0x80)[0x14b4fa22a6c0]
[genoahost101:1136879] [13] /direct/sdcc+u/poare/Grid/build/examples/./Example_spec_kryschur[0x4147f5]
[genoahost101:1136879] *** End of error message ***
[genoahost101:1136881] [ 1] /lib64/libc.so.6(+0x8d02c)[0x14887488d02c]
[genoahost101:1136881] [ 2] /lib64/libc.so.6(raise+0x16)[0x14887483fb86]
[genoahost101:1136881] [ 3] /lib64/libc.so.6(abort+0xd3)[0x148874829873]
[genoahost101:1136881] [ 4] /lib64/libc.so.6(+0x2979b)[0x14887482979b]
[genoahost101:1136881] [ 5] /lib64/libc.so.6(+0x388c6)[0x1488748388c6]
[genoahost101:1136881] [ 6] /direct/sdcc+u/poare/Grid/build/examples/./Example_spec_kryschur[0x4cc206]
[genoahost101:1136881] [ 7] /direct/sdcc+u/poare/Grid/build/examples/./Example_spec_kryschur[0x4cc2f1]
[genoahost101:1136881] [ 8] /direct/sdcc+u/poare/Grid/build/examples/./Example_spec_kryschur[0x4c7e95]
[genoahost101:1136881] [ 9] /direct/sdcc+u/poare/Grid/build/examples/./Example_spec_kryschur[0x4b5f4f]
[genoahost101:1136881] [10] /direct/sdcc+u/poare/Grid/build/examples/./Example_spec_kryschur[0x41180d]
[genoahost101:1136881] [11] /lib64/libc.so.6(+0x2a610)[0x14887482a610]
[genoahost101:1136881] [12] /lib64/libc.so.6(__libc_start_main+0x80)[0x14887482a6c0]
[genoahost101:1136881] [13] /direct/sdcc+u/poare/Grid/build/examples/./Example_spec_kryschur[0x4147f5]
[genoahost101:1136881] *** End of error message ***
srun: error: genoahost098: tasks 16,19,24: Aborted (core dumped)
Example_spec_kryschur: ../../Grid/communicator/SharedMemoryMPI.cc:434: static void Grid::GlobalSharedMemory::OptimalCommunicatorSharedMemory(const Coordinate&, ompi_communicator_t*&, Grid::Coordinate&): Assertion `WorldSize==Nprocessors' failed.
[genoahost104:617608] *** Process received signal ***
[genoahost104:617608] Signal: Aborted (6)
[genoahost104:617608] Signal code:  (-6)
Example_spec_kryschur: ../../Grid/communicator/SharedMemoryMPI.cc:434: static void Grid::GlobalSharedMemory::OptimalCommunicatorSharedMemory(const Coordinate&, ompi_communicator_t*&, Grid::Coordinate&): Assertion `WorldSize==Nprocessors' failed.
[genoahost104:617609] *** Process received signal ***
[genoahost104:617609] Signal: Aborted (6)
[genoahost104:617609] Signal code:  (-6)
[genoahost104:617608] [ 0] /lib64/libc.so.6(+0x3fc30)[0x14f40823fc30]
[genoahost104:617608] [ 1] /lib64/libc.so.6(+0x8d02c)[0x14f40828d02c]
[genoahost104:617608] [ 2] /lib64/libc.so.6(raise+0x16)[0x14f40823fb86]
[genoahost104:617608] [ 3] /lib64/libc.so.6(abort+0xd3)[0x14f408229873]
[genoahost104:617608] [ 4] /lib64/libc.so.6(+0x2979b)[0x14f40822979b]
[genoahost104:617608] [ 5] /lib64/libc.so.6(+0x388c6)[0x14f4082388c6]
[genoahost104:617608] [ 6] /direct/sdcc+u/poare/Grid/build/examples/./Example_spec_kryschur[0x4cc206]
[genoahost104:617608] [ 7] /direct/sdcc+u/poare/Grid/build/examples/./Example_spec_kryschur[0x4cc2f1]
[genoahost104:617608] [ 8] /direct/sdcc+u/poare/Grid/build/examples/./Example_spec_kryschur[0x4c7e95]
[genoahost104:617608] [ 9] /direct/sdcc+u/poare/Grid/build/examples/./Example_spec_kryschur[0x4b5f4f]
[genoahost104:617608] [10] /direct/sdcc+u/poare/Grid/build/examples/./Example_spec_kryschur[0x41180d]
[genoahost104:617608] [11] /lib64/libc.so.6(+0x2a610)[0x14f40822a610]
[genoahost104:617608] [12] /lib64/libc.so.6(__libc_start_main+0x80)[0x14f40822a6c0]
[genoahost104:617608] [13] /direct/sdcc+u/poare/Grid/build/examples/./Example_spec_kryschur[0x4147f5]
[genoahost104:617608] *** End of error message ***
[genoahost104:617609] [ 0] /lib64/libc.so.6(+0x3fc30)[0x145dfba3fc30]
[genoahost104:617609] [ 1] /lib64/libc.so.6(+0x8d02c)[0x145dfba8d02c]
[genoahost104:617609] [ 2] /lib64/libc.so.6(raise+0x16)[0x145dfba3fb86]
[genoahost104:617609] [ 3] /lib64/libc.so.6(abort+0xd3)[0x145dfba29873]
[genoahost104:617609] [ 4] /lib64/libc.so.6(+0x2979b)[0x145dfba2979b]
[genoahost104:617609] [ 5] /lib64/libc.so.6(+0x388c6)[0x145dfba388c6]
[genoahost104:617609] [ 6] /direct/sdcc+u/poare/Grid/build/examples/./Example_spec_kryschur[0x4cc206]
[genoahost104:617609] [ 7] /direct/sdcc+u/poare/Grid/build/examples/./Example_spec_kryschur[0x4cc2f1]
[genoahost104:617609] [ 8] /direct/sdcc+u/poare/Grid/build/examples/./Example_spec_kryschur[0x4c7e95]
[genoahost104:617609] [ 9] /direct/sdcc+u/poare/Grid/build/examples/./Example_spec_kryschur[0x4b5f4f]
[genoahost104:617609] [10] /direct/sdcc+u/poare/Grid/build/examples/./Example_spec_kryschur[0x41180d]
[genoahost104:617609] [11] /lib64/libc.so.6(+0x2a610)[0x145dfba2a610]
[genoahost104:617609] [12] /lib64/libc.so.6(__libc_start_main+0x80)[0x145dfba2a6c0]
[genoahost104:617609] [13] /direct/sdcc+u/poare/Grid/build/examples/./Example_spec_kryschur[0x4147f5]
[genoahost104:617609] *** End of error message ***
srun: error: genoahost100: tasks 52,55,58,60: Aborted (core dumped)
srun: error: genoahost102: task 85: Aborted (core dumped)
srun: error: genoahost103: tasks 101,107-108,110: Aborted (core dumped)
srun: error: genoahost097: tasks 1,13: Aborted (core dumped)
srun: error: genoahost099: task 42: Aborted (core dumped)
srun: error: genoahost102: tasks 83,88: Aborted (core dumped)
srun: error: genoahost104: tasks 112,120,123: Aborted (core dumped)
srun: error: genoahost103: task 105: Aborted (core dumped)
Example_spec_kryschur: ../../Grid/communicator/SharedMemoryMPI.cc:434: static void Grid::GlobalSharedMemory::OptimalCommunicatorSharedMemory(const Coordinate&, ompi_communicator_t*&, Grid::Coordinate&): Assertion `WorldSize==Nprocessors' failed.
[genoahost103:606430] *** Process received signal ***
[genoahost103:606430] Signal: Aborted (6)
[genoahost103:606430] Signal code:  (-6)
Example_spec_kryschur: ../../Grid/communicator/SharedMemoryMPI.cc:434: static void Grid::GlobalSharedMemory::OptimalCommunicatorSharedMemory(const Coordinate&, ompi_communicator_t*&, Grid::Coordinate&): Assertion `WorldSize==Nprocessors' failed.
[genoahost103:606436] *** Process received signal ***
[genoahost103:606436] Signal: Aborted (6)
[genoahost103:606436] Signal code:  (-6)
[genoahost103:606430] [ 0] /lib64/libc.so.6(+0x3fc30)[0x15145d43fc30]
[genoahost103:606430] [ 1] /lib64/libc.so.6(+0x8d02c)[0x15145d48d02c]
[genoahost103:606430] [ 2] /lib64/libc.so.6(raise+0x16)[0x15145d43fb86]
[genoahost103:606430] [ 3] /lib64/libc.so.6(abort+0xd3)[0x15145d429873]
[genoahost103:606430] [ 4] /lib64/libc.so.6(+0x2979b)[0x15145d42979b]
[genoahost103:606430] [ 5] /lib64/libc.so.6(+0x388c6)[0x15145d4388c6]
[genoahost103:606430] [ 6] /direct/sdcc+u/poare/Grid/build/examples/./Example_spec_kryschur[0x4cc206]
[genoahost103:606430] [ 7] /direct/sdcc+u/poare/Grid/build/examples/./Example_spec_kryschur[0x4cc2f1]
[genoahost103:606430] [ 8] /direct/sdcc+u/poare/Grid/build/examples/./Example_spec_kryschur[0x4c7e95]
[genoahost103:606430] [ 9] /direct/sdcc+u/poare/Grid/build/examples/./Example_spec_kryschur[0x4b5f4f]
[genoahost103:606430] [10] /direct/sdcc+u/poare/Grid/build/examples/./Example_spec_kryschur[0x41180d]
[genoahost103:606430] [11] /lib64/libc.so.6(+0x2a610)[0x15145d42a610]
[genoahost103:606430] [12] /lib64/libc.so.6(__libc_start_main+0x80)[0x15145d42a6c0]
[genoahost103:606430] [13] /direct/sdcc+u/poare/Grid/build/examples/./Example_spec_kryschur[0x4147f5]
[genoahost103:606430] *** End of error message ***
[genoahost103:606436] [ 0] /lib64/libc.so.6(+0x3fc30)[0x14ae0ca3fc30]
[genoahost103:606436] [ 1] /lib64/libc.so.6(+0x8d02c)[0x14ae0ca8d02c]
[genoahost103:606436] [ 2] /lib64/libc.so.6(raise+0x16)[0x14ae0ca3fb86]
[genoahost103:606436] [ 3] /lib64/libc.so.6(abort+0xd3)[0x14ae0ca29873]
[genoahost103:606436] [ 4] /lib64/libc.so.6(+0x2979b)[0x14ae0ca2979b]
[genoahost103:606436] [ 5] /lib64/libc.so.6(+0x388c6)[0x14ae0ca388c6]
[genoahost103:606436] [ 6] /direct/sdcc+u/poare/Grid/build/examples/./Example_spec_kryschur[0x4cc206]
[genoahost103:606436] [ 7] /direct/sdcc+u/poare/Grid/build/examples/./Example_spec_kryschur[0x4cc2f1]
[genoahost103:606436] [ 8] /direct/sdcc+u/poare/Grid/build/examples/./Example_spec_kryschur[0x4c7e95]
[genoahost103:606436] [ 9] /direct/sdcc+u/poare/Grid/build/examples/./Example_spec_kryschur[0x4b5f4f]
[genoahost103:606436] [10] /direct/sdcc+u/poare/Grid/build/examples/./Example_spec_kryschur[0x41180d]
[genoahost103:606436] [11] /lib64/libc.so.6(+0x2a610)[0x14ae0ca2a610]
[genoahost103:606436] [12] /lib64/libc.so.6(__libc_start_main+0x80)[0x14ae0ca2a6c0]
[genoahost103:606436] [13] /direct/sdcc+u/poare/Grid/build/examples/./Example_spec_kryschur[0x4147f5]
[genoahost103:606436] *** End of error message ***
srun: error: genoahost100: tasks 51,61-62: Aborted (core dumped)
srun: error: genoahost098: tasks 23,29: Aborted (core dumped)
srun: error: genoahost099: tasks 33,39: Aborted (core dumped)
srun: error: genoahost104: tasks 114-115,117,122: Aborted (core dumped)
srun: error: genoahost102: tasks 87,94: Aborted (core dumped)
srun: error: genoahost103: tasks 96,100,104,106,111: Aborted (core dumped)
srun: error: genoahost101: tasks 64-65,79: Aborted (core dumped)
srun: error: genoahost100: task 56: Aborted (core dumped)
srun: error: genoahost099: task 41: Aborted (core dumped)
srun: error: genoahost103: tasks 97,99: Aborted (core dumped)
srun: error: genoahost104: task 125: Aborted (core dumped)
srun: error: genoahost097: tasks 3,8: Aborted (core dumped)
srun: error: genoahost098: tasks 27,31: Aborted (core dumped)
srun: error: genoahost100: task 53: Aborted (core dumped)
srun: error: genoahost101: task 75: Aborted (core dumped)
srun: error: genoahost099: task 36: Aborted (core dumped)
srun: error: genoahost102: tasks 86,92-93: Aborted (core dumped)
srun: error: genoahost097: tasks 2,6: Aborted (core dumped)
srun: error: genoahost102: tasks 84,90: Aborted (core dumped)
srun: error: genoahost101: tasks 68,77: Aborted (core dumped)
srun: error: genoahost104: tasks 118,121: Aborted (core dumped)
Example_spec_kryschur: ../../Grid/communicator/SharedMemoryMPI.cc:434: static void Grid::GlobalSharedMemory::OptimalCommunicatorSharedMemory(const Coordinate&, ompi_communicator_t*&, Grid::Coordinate&): Assertion `WorldSize==Nprocessors' failed.
[genoahost098:1619088] *** Process received signal ***
[genoahost098:1619088] Signal: Aborted (6)
[genoahost098:1619088] Signal code:  (-6)
Example_spec_kryschur: ../../Grid/communicator/SharedMemoryMPI.cc:434: static void Grid::GlobalSharedMemory::OptimalCommunicatorSharedMemory(const Coordinate&, ompi_communicator_t*&, Grid::Coordinate&): Assertion `WorldSize==Nprocessors' failed.
[genoahost098:1619100] *** Process received signal ***
[genoahost098:1619100] Signal: Aborted (6)
[genoahost098:1619100] Signal code:  (-6)
[genoahost098:1619088] [ 0] /lib64/libc.so.6(+0x3fc30)[0x151dba03fc30]
[genoahost098:1619088] [ 1] /lib64/libc.so.6(+0x8d02c)[0x151dba08d02c]
[genoahost098:1619088] [ 2] /lib64/libc.so.6(raise+0x16)[0x151dba03fb86]
[genoahost098:1619088] [ 3] /lib64/libc.so.6(abort+0xd3)[0x151dba029873]
[genoahost098:1619088] [ 4] /lib64/libc.so.6(+0x2979b)[0x151dba02979b]
[genoahost098:1619088] [ 5] /lib64/libc.so.6(+0x388c6)[0x151dba0388c6]
[genoahost098:1619088] [ 6] /direct/sdcc+u/poare/Grid/build/examples/./Example_spec_kryschur[0x4cc206]
[genoahost098:1619088] [ 7] /direct/sdcc+u/poare/Grid/build/examples/./Example_spec_kryschur[0x4cc2f1]
[genoahost098:1619088] [ 8] /direct/sdcc+u/poare/Grid/build/examples/./Example_spec_kryschur[0x4c7e95]
[genoahost098:1619088] [ 9] /direct/sdcc+u/poare/Grid/build/examples/./Example_spec_kryschur[0x4b5f4f]
[genoahost098:1619088] [10] /direct/sdcc+u/poare/Grid/build/examples/./Example_spec_kryschur[0x41180d]
[genoahost098:1619088] [11] /lib64/libc.so.6(+0x2a610)[0x151dba02a610]
[genoahost098:1619088] [12] /lib64/libc.so.6(__libc_start_main+0x80)[0x151dba02a6c0]
[genoahost098:1619088] [13] /direct/sdcc+u/poare/Grid/build/examples/./Example_spec_kryschur[0x4147f5]
[genoahost098:1619088] *** End of error message ***
[genoahost098:1619100] [ 0] /lib64/libc.so.6(+0x3fc30)[0x14f682e3fc30]
[genoahost098:1619100] [ 1] /lib64/libc.so.6(+0x8d02c)[0x14f682e8d02c]
[genoahost098:1619100] [ 2] /lib64/libc.so.6(raise+0x16)[0x14f682e3fb86]
[genoahost098:1619100] [ 3] /lib64/libc.so.6(abort+0xd3)[0x14f682e29873]
[genoahost098:1619100] [ 4] /lib64/libc.so.6(+0x2979b)[0x14f682e2979b]
[genoahost098:1619100] [ 5] /lib64/libc.so.6(+0x388c6)[0x14f682e388c6]
[genoahost098:1619100] [ 6] /direct/sdcc+u/poare/Grid/build/examples/./Example_spec_kryschur[0x4cc206]
[genoahost098:1619100] [ 7] /direct/sdcc+u/poare/Grid/build/examples/./Example_spec_kryschur[0x4cc2f1]
[genoahost098:1619100] [ 8] /direct/sdcc+u/poare/Grid/build/examples/./Example_spec_kryschur[0x4c7e95]
[genoahost098:1619100] [ 9] /direct/sdcc+u/poare/Grid/build/examples/./Example_spec_kryschur[0x4b5f4f]
[genoahost098:1619100] [10] /direct/sdcc+u/poare/Grid/build/examples/./Example_spec_kryschur[0x41180d]
[genoahost098:1619100] [11] /lib64/libc.so.6(+0x2a610)[0x14f682e2a610]
[genoahost098:1619100] [12] /lib64/libc.so.6(__libc_start_main+0x80)[0x14f682e2a6c0]
[genoahost098:1619100] [13] /direct/sdcc+u/poare/Grid/build/examples/./Example_spec_kryschur[0x4147f5]
[genoahost098:1619100] *** End of error message ***
srun: error: genoahost103: task 102: Aborted (core dumped)
srun: error: genoahost097: task 0: Aborted (core dumped)
srun: error: genoahost098: task 21: Aborted (core dumped)
srun: error: genoahost104: task 119: Aborted (core dumped)
srun: error: genoahost101: task 66: Aborted (core dumped)
srun: error: genoahost101: task 72: Aborted (core dumped)
srun: error: genoahost103: task 109: Aborted (core dumped)
Example_spec_kryschur: ../../Grid/communicator/SharedMemoryMPI.cc:434: static void Grid::GlobalSharedMemory::OptimalCommunicatorSharedMemory(const Coordinate&, ompi_communicator_t*&, Grid::Coordinate&): Assertion `WorldSize==Nprocessors' failed.
[genoahost097:1719451] *** Process received signal ***
[genoahost097:1719451] Signal: Aborted (6)
[genoahost097:1719451] Signal code:  (-6)
Example_spec_kryschur: ../../Grid/communicator/SharedMemoryMPI.cc:434: static void Grid::GlobalSharedMemory::OptimalCommunicatorSharedMemory(const Coordinate&, ompi_communicator_t*&, Grid::Coordinate&): Assertion `WorldSize==Nprocessors' failed.
[genoahost097:1719455] *** Process received signal ***
[genoahost097:1719455] Signal: Aborted (6)
[genoahost097:1719455] Signal code:  (-6)
[genoahost097:1719451] [ 0] /lib64/libc.so.6(+0x3fc30)[0x14f9d3e3fc30]
[genoahost097:1719451] [ 1] /lib64/libc.so.6(+0x8d02c)[0x14f9d3e8d02c]
[genoahost097:1719451] [ 2] /lib64/libc.so.6(raise+0x16)[0x14f9d3e3fb86]
[genoahost097:1719451] [ 3] /lib64/libc.so.6(abort+0xd3)[0x14f9d3e29873]
[genoahost097:1719451] [ 4] /lib64/libc.so.6(+0x2979b)[0x14f9d3e2979b]
[genoahost097:1719451] [ 5] /lib64/libc.so.6(+0x388c6)[0x14f9d3e388c6]
[genoahost097:1719451] [ 6] /direct/sdcc+u/poare/Grid/build/examples/./Example_spec_kryschur[0x4cc206]
[genoahost097:1719451] [ 7] /direct/sdcc+u/poare/Grid/build/examples/./Example_spec_kryschur[0x4cc2f1]
[genoahost097:1719451] [ 8] /direct/sdcc+u/poare/Grid/build/examples/./Example_spec_kryschur[0x4c7e95]
[genoahost097:1719451] [ 9] /direct/sdcc+u/poare/Grid/build/examples/./Example_spec_kryschur[0x4b5f4f]
[genoahost097:1719451] [10] /direct/sdcc+u/poare/Grid/build/examples/./Example_spec_kryschur[0x41180d]
[genoahost097:1719455] [ 0] /lib64/libc.so.6(+0x3fc30)[0x14d6bc63fc30]
[genoahost097:1719451] [11] /lib64/libc.so.6(+0x2a610)[0x14f9d3e2a610]
[genoahost097:1719455] [ 1] /lib64/libc.so.6(+0x8d02c)[0x14d6bc68d02c]
[genoahost097:1719451] [12] /lib64/libc.so.6(__libc_start_main+0x80)[0x14f9d3e2a6c0]
[genoahost097:1719451] [13] /direct/sdcc+u/poare/Grid/build/examples/./Example_spec_kryschur[0x4147f5]
[genoahost097:1719451] *** End of error message ***
[genoahost097:1719455] [ 2] /lib64/libc.so.6(raise+0x16)[0x14d6bc63fb86]
[genoahost097:1719455] [ 3] /lib64/libc.so.6(abort+0xd3)[0x14d6bc629873]
[genoahost097:1719455] [ 4] /lib64/libc.so.6(+0x2979b)[0x14d6bc62979b]
[genoahost097:1719455] [ 5] /lib64/libc.so.6(+0x388c6)[0x14d6bc6388c6]
[genoahost097:1719455] [ 6] /direct/sdcc+u/poare/Grid/build/examples/./Example_spec_kryschur[0x4cc206]
[genoahost097:1719455] [ 7] /direct/sdcc+u/poare/Grid/build/examples/./Example_spec_kryschur[0x4cc2f1]
[genoahost097:1719455] [ 8] /direct/sdcc+u/poare/Grid/build/examples/./Example_spec_kryschur[0x4c7e95]
[genoahost097:1719455] [ 9] /direct/sdcc+u/poare/Grid/build/examples/./Example_spec_kryschur[0x4b5f4f]
[genoahost097:1719455] [10] /direct/sdcc+u/poare/Grid/build/examples/./Example_spec_kryschur[0x41180d]
[genoahost097:1719455] [11] /lib64/libc.so.6(+0x2a610)[0x14d6bc62a610]
[genoahost097:1719455] [12] /lib64/libc.so.6(__libc_start_main+0x80)[0x14d6bc62a6c0]
[genoahost097:1719455] [13] /direct/sdcc+u/poare/Grid/build/examples/./Example_spec_kryschur[0x4147f5]
[genoahost097:1719455] *** End of error message ***
srun: error: genoahost103: task 103: Aborted (core dumped)
srun: error: genoahost099: task 34: Aborted (core dumped)
srun: error: genoahost098: task 18: Aborted (core dumped)
srun: error: genoahost099: task 43: Aborted (core dumped)
srun: error: genoahost098: task 30: Aborted (core dumped)
srun: error: genoahost098: task 17: Aborted (core dumped)
srun: error: genoahost102: task 89: Aborted (core dumped)
srun: error: genoahost099: task 45: Aborted (core dumped)
srun: error: genoahost099: task 47: Aborted (core dumped)
srun: error: genoahost097: task 14: Aborted (core dumped)
srun: error: genoahost097: task 10: Aborted (core dumped)
