
libgomp: Invalid value for environment variable OMP_PLACES

libgomp: Invalid value for environment variable OMP_PLACES

libgomp: Invalid value for environment variable OMP_PLACES

libgomp: Invalid value for environment variable OMP_PLACES

libgomp: Invalid value for environment variable OMP_PLACES

libgomp: Invalid value for environment variable OMP_PLACES

libgomp: Invalid value for environment variable OMP_PLACES

libgomp: Invalid value for environment variable OMP_PLACES

libgomp: Invalid value for environment variable OMP_PLACES

libgomp: Invalid value for environment variable OMP_PLACES

libgomp: Invalid value for environment variable OMP_PLACES

libgomp: Invalid value for environment variable OMP_PLACES

libgomp: Invalid value for environment variable OMP_PLACES

libgomp: Invalid value for environment variable OMP_PLACES

libgomp: Invalid value for environment variable OMP_PLACES

libgomp: Invalid value for environment variable OMP_PLACES

libgomp: Invalid value for environment variable OMP_PLACES

libgomp: Invalid value for environment variable OMP_PLACES

libgomp: Invalid value for environment variable OMP_PLACES

libgomp: Invalid value for environment variable OMP_PLACES

libgomp: Invalid value for environment variable OMP_PLACES

libgomp: Invalid value for environment variable OMP_PLACES

libgomp: Invalid value for environment variable OMP_PLACES

libgomp: Invalid value for environment variable OMP_PLACES

libgomp: Invalid value for environment variable OMP_PLACES

libgomp: Invalid value for environment variable OMP_PLACES

libgomp: Invalid value for environment variable OMP_PLACES

libgomp: Invalid value for environment variable OMP_PLACES

libgomp: Invalid value for environment variable OMP_PLACES

libgomp: Invalid value for environment variable OMP_PLACES

libgomp: Invalid value for environment variable OMP_PLACES

libgomp: Invalid value for environment variable OMP_PLACES

libgomp: Invalid value for environment variable OMP_PLACES

libgomp: Invalid value for environment variable OMP_PLACES

libgomp: Invalid value for environment variable OMP_PLACES

libgomp: Invalid value for environment variable OMP_PLACES

libgomp: Invalid value for environment variable OMP_PLACES

libgomp: Invalid value for environment variable OMP_PLACES

libgomp: Invalid value for environment variable OMP_PLACES

libgomp: Invalid value for environment variable OMP_PLACES

libgomp: Invalid value for environment variable OMP_PLACES

libgomp: Invalid value for environment variable OMP_PLACES

libgomp: Invalid value for environment variable OMP_PLACES

libgomp: Invalid value for environment variable OMP_PLACES

libgomp: Invalid value for environment variable OMP_PLACES

libgomp: Invalid value for environment variable OMP_PLACES

libgomp: Invalid value for environment variable OMP_PLACES

libgomp: Invalid value for environment variable OMP_PLACES

libgomp: Invalid value for environment variable OMP_PLACES

libgomp: Invalid value for environment variable OMP_PLACES

libgomp: Invalid value for environment variable OMP_PLACES

libgomp: Invalid value for environment variable OMP_PLACES

libgomp: Invalid value for environment variable OMP_PLACES

libgomp: Invalid value for environment variable OMP_PLACES

libgomp: Invalid value for environment variable OMP_PLACES

libgomp: Invalid value for environment variable OMP_PLACES

libgomp: Invalid value for environment variable OMP_PLACES

libgomp: Invalid value for environment variable OMP_PLACES

libgomp: Invalid value for environment variable OMP_PLACES

libgomp: Invalid value for environment variable OMP_PLACES

libgomp: Invalid value for environment variable OMP_PLACES

libgomp: Invalid value for environment variable OMP_PLACES

libgomp: Invalid value for environment variable OMP_PLACES

libgomp: Invalid value for environment variable OMP_PLACES

libgomp: Invalid value for environment variable OMP_PLACES

libgomp: Invalid value for environment variable OMP_PLACES

libgomp: Invalid value for environment variable OMP_PLACES

libgomp: Invalid value for environment variable OMP_PLACES

libgomp: Invalid value for environment variable OMP_PLACES

libgomp: Invalid value for environment variable OMP_PLACES

libgomp: Invalid value for environment variable OMP_PLACES

libgomp: Invalid value for environment variable OMP_PLACES

libgomp: Invalid value for environment variable OMP_PLACES

libgomp: Invalid value for environment variable OMP_PLACES

libgomp: Invalid value for environment variable OMP_PLACES

libgomp: Invalid value for environment variable OMP_PLACES

libgomp: Invalid value for environment variable OMP_PLACES

libgomp: Invalid value for environment variable OMP_PLACES

libgomp: Invalid value for environment variable OMP_PLACES

libgomp: Invalid value for environment variable OMP_PLACES

libgomp: Invalid value for environment variable OMP_PLACES

libgomp: Invalid value for environment variable OMP_PLACES

libgomp: Invalid value for environment variable OMP_PLACES

libgomp: Invalid value for environment variable OMP_PLACES

libgomp: Invalid value for environment variable OMP_PLACES

libgomp: Invalid value for environment variable OMP_PLACES

libgomp: Invalid value for environment variable OMP_PLACES

libgomp: Invalid value for environment variable OMP_PLACES

libgomp: Invalid value for environment variable OMP_PLACES

libgomp: Invalid value for environment variable OMP_PLACES

libgomp: Invalid value for environment variable OMP_PLACES

libgomp: Invalid value for environment variable OMP_PLACES

libgomp: Invalid value for environment variable OMP_PLACES

libgomp: Invalid value for environment variable OMP_PLACES

libgomp: Invalid value for environment variable OMP_PLACES

libgomp: Invalid value for environment variable OMP_PLACES

libgomp: Invalid value for environment variable OMP_PLACES

libgomp: Invalid value for environment variable OMP_PLACES

libgomp: Invalid value for environment variable OMP_PLACES

libgomp: Invalid value for environment variable OMP_PLACES

libgomp: Invalid value for environment variable OMP_PLACES

libgomp: Invalid value for environment variable OMP_PLACES

libgomp: Invalid value for environment variable OMP_PLACES

libgomp: Invalid value for environment variable OMP_PLACES

libgomp: Invalid value for environment variable OMP_PLACES

libgomp: Invalid value for environment variable OMP_PLACES

libgomp: Invalid value for environment variable OMP_PLACES

libgomp: Invalid value for environment variable OMP_PLACES

libgomp: Invalid value for environment variable OMP_PLACES

libgomp: Invalid value for environment variable OMP_PLACES

libgomp: Invalid value for environment variable OMP_PLACES

libgomp: Invalid value for environment variable OMP_PLACES

libgomp: Invalid value for environment variable OMP_PLACES

libgomp: Invalid value for environment variable OMP_PLACES

libgomp: Invalid value for environment variable OMP_PLACES

libgomp: Invalid value for environment variable OMP_PLACES

libgomp: Invalid value for environment variable OMP_PLACES

libgomp: Invalid value for environment variable OMP_PLACES

libgomp: Invalid value for environment variable OMP_PLACES

libgomp: Invalid value for environment variable OMP_PLACES

libgomp: Invalid value for environment variable OMP_PLACES

libgomp: Invalid value for environment variable OMP_PLACES

libgomp: Invalid value for environment variable OMP_PLACES

libgomp: Invalid value for environment variable OMP_PLACES

libgomp: Invalid value for environment variable OMP_PLACES

libgomp: Invalid value for environment variable OMP_PLACES

libgomp: Invalid value for environment variable OMP_PLACES

libgomp: Invalid value for environment variable OMP_PLACES
No PMIx server was reachable, but a PMI1/2 was detected.
If srun is being used to launch application,  128 singletons will be started.
Example_spec_kryschur: ../../Grid/communicator/SharedMemoryMPI.cc:434: static void Grid::GlobalSharedMemory::OptimalCommunicatorSharedMemory(const Coordinate&, ompi_communicator_t*&, Grid::Coordinate&): Assertion `WorldSize==Nprocessors' failed.
[genoahost097:1717546] *** Process received signal ***
[genoahost097:1717546] Signal: Aborted (6)
[genoahost097:1717546] Signal code:  (-6)
[genoahost097:1717546] [ 0] /lib64/libc.so.6(+0x3fc30)[0x151d0043fc30]
[genoahost097:1717546] [ 1] /lib64/libc.so.6(+0x8d02c)[0x151d0048d02c]
[genoahost097:1717546] [ 2] /lib64/libc.so.6(raise+0x16)[0x151d0043fb86]
[genoahost097:1717546] [ 3] /lib64/libc.so.6(abort+0xd3)[0x151d00429873]
[genoahost097:1717546] [ 4] /lib64/libc.so.6(+0x2979b)[0x151d0042979b]
[genoahost097:1717546] [ 5] /lib64/libc.so.6(+0x388c6)[0x151d004388c6]
[genoahost097:1717546] [ 6] ./Example_spec_kryschur[0x4cc206]
[genoahost097:1717546] [ 7] ./Example_spec_kryschur[0x4cc2f1]
[genoahost097:1717546] [ 8] ./Example_spec_kryschur[0x4c7e95]
[genoahost097:1717546] [ 9] ./Example_spec_kryschur[0x4b5f4f]
[genoahost097:1717546] [10] ./Example_spec_kryschur[0x41180d]
[genoahost097:1717546] [11] /lib64/libc.so.6(+0x2a610)[0x151d0042a610]
[genoahost097:1717546] [12] /lib64/libc.so.6(__libc_start_main+0x80)[0x151d0042a6c0]
[genoahost097:1717546] [13] ./Example_spec_kryschur[0x4147f5]
[genoahost097:1717546] *** End of error message ***
Example_spec_kryschur: ../../Grid/communicator/SharedMemoryMPI.cc:434: static void Grid::GlobalSharedMemory::OptimalCommunicatorSharedMemory(const Coordinate&, ompi_communicator_t*&, Grid::Coordinate&): Assertion `WorldSize==Nprocessors' failed.
[genoahost097:1717536] *** Process received signal ***
[genoahost097:1717536] Signal: Aborted (6)
[genoahost097:1717536] Signal code:  (-6)
[genoahost097:1717536] [ 0] /lib64/libc.so.6(+0x3fc30)[0x152e6763fc30]
[genoahost097:1717536] [ 1] /lib64/libc.so.6(+0x8d02c)[0x152e6768d02c]
[genoahost097:1717536] [ 2] /lib64/libc.so.6(raise+0x16)[0x152e6763fb86]
[genoahost097:1717536] [ 3] /lib64/libc.so.6(abort+0xd3)[0x152e67629873]
[genoahost097:1717536] [ 4] /lib64/libc.so.6(+0x2979b)[0x152e6762979b]
[genoahost097:1717536] [ 5] /lib64/libc.so.6(+0x388c6)[0x152e676388c6]
[genoahost097:1717536] [ 6] ./Example_spec_kryschur[0x4cc206]
[genoahost097:1717536] [ 7] ./Example_spec_kryschur[0x4cc2f1]
[genoahost097:1717536] [ 8] ./Example_spec_kryschur[0x4c7e95]
[genoahost097:1717536] [ 9] ./Example_spec_kryschur[0x4b5f4f]
[genoahost097:1717536] [10] ./Example_spec_kryschur[0x41180d]
[genoahost097:1717536] [11] /lib64/libc.so.6(+0x2a610)[0x152e6762a610]
[genoahost097:1717536] [12] /lib64/libc.so.6(__libc_start_main+0x80)[0x152e6762a6c0]
[genoahost097:1717536] [13] ./Example_spec_kryschur[0x4147f5]
[genoahost097:1717536] *** End of error message ***
Example_spec_kryschur: ../../Grid/communicator/SharedMemoryMPI.cc:434: static void Grid::GlobalSharedMemory::OptimalCommunicatorSharedMemory(const Coordinate&, ompi_communicator_t*&, Grid::Coordinate&): Assertion `WorldSize==Nprocessors' failed.
[genoahost102:615489] *** Process received signal ***
[genoahost102:615489] Signal: Aborted (6)
[genoahost102:615489] Signal code:  (-6)
[genoahost102:615489] [ 0] /lib64/libc.so.6(+0x3fc30)[0x147eb283fc30]
[genoahost102:615489] [ 1] /lib64/libc.so.6(+0x8d02c)[0x147eb288d02c]
[genoahost102:615489] [ 2] /lib64/libc.so.6(raise+0x16)[0x147eb283fb86]
[genoahost102:615489] [ 3] /lib64/libc.so.6(abort+0xd3)[0x147eb2829873]
[genoahost102:615489] [ 4] /lib64/libc.so.6(+0x2979b)[0x147eb282979b]
[genoahost102:615489] [ 5] /lib64/libc.so.6(+0x388c6)[0x147eb28388c6]
[genoahost102:615489] [ 6] ./Example_spec_kryschur[0x4cc206]
[genoahost102:615489] [ 7] ./Example_spec_kryschur[0x4cc2f1]
[genoahost102:615489] [ 8] ./Example_spec_kryschur[0x4c7e95]
[genoahost102:615489] [ 9] ./Example_spec_kryschur[0x4b5f4f]
[genoahost102:615489] [10] ./Example_spec_kryschur[0x41180d]
[genoahost102:615489] [11] /lib64/libc.so.6(+0x2a610)[0x147eb282a610]
[genoahost102:615489] [12] /lib64/libc.so.6(__libc_start_main+0x80)[0x147eb282a6c0]
[genoahost102:615489] [13] ./Example_spec_kryschur[0x4147f5]
[genoahost102:615489] *** End of error message ***
Example_spec_kryschur: ../../Grid/communicator/SharedMemoryMPI.cc:434: static void Grid::GlobalSharedMemory::OptimalCommunicatorSharedMemory(const Coordinate&, ompi_communicator_t*&, Grid::Coordinate&): Assertion `WorldSize==Nprocessors' failed.
[genoahost097:1717531] *** Process received signal ***
[genoahost097:1717531] Signal: Aborted (6)
[genoahost097:1717531] Signal code:  (-6)
[genoahost097:1717531] [ 0] /lib64/libc.so.6(+0x3fc30)[0x148150e3fc30]
[genoahost097:1717531] [ 1] /lib64/libc.so.6(+0x8d02c)[0x148150e8d02c]
[genoahost097:1717531] [ 2] /lib64/libc.so.6(raise+0x16)[0x148150e3fb86]
[genoahost097:1717531] [ 3] /lib64/libc.so.6(abort+0xd3)[0x148150e29873]
[genoahost097:1717531] [ 4] /lib64/libc.so.6(+0x2979b)[0x148150e2979b]
[genoahost097:1717531] [ 5] /lib64/libc.so.6(+0x388c6)[0x148150e388c6]
[genoahost097:1717531] [ 6] ./Example_spec_kryschur[0x4cc206]
[genoahost097:1717531] [ 7] ./Example_spec_kryschur[0x4cc2f1]
[genoahost097:1717531] [ 8] ./Example_spec_kryschur[0x4c7e95]
[genoahost097:1717531] [ 9] ./Example_spec_kryschur[0x4b5f4f]
[genoahost097:1717531] [10] ./Example_spec_kryschur[0x41180d]
[genoahost097:1717531] [11] /lib64/libc.so.6(+0x2a610)[0x148150e2a610]
[genoahost097:1717531] [12] /lib64/libc.so.6(__libc_start_main+0x80)[0x148150e2a6c0]
[genoahost097:1717531] [13] ./Example_spec_kryschur[0x4147f5]
[genoahost097:1717531] *** End of error message ***
Example_spec_kryschur: ../../Grid/communicator/SharedMemoryMPI.cc:434: static void Grid::GlobalSharedMemory::OptimalCommunicatorSharedMemory(const Coordinate&, ompi_communicator_t*&, Grid::Coordinate&): Assertion `WorldSize==Nprocessors' failed.
[genoahost097:1717532] *** Process received signal ***
[genoahost097:1717532] Signal: Aborted (6)
[genoahost097:1717532] Signal code:  (-6)
[genoahost097:1717532] [ 0] /lib64/libc.so.6(+0x3fc30)[0x14abed83fc30]
[genoahost097:1717532] [ 1] /lib64/libc.so.6(+0x8d02c)[0x14abed88d02c]
[genoahost097:1717532] [ 2] /lib64/libc.so.6(raise+0x16)[0x14abed83fb86]
[genoahost097:1717532] [ 3] /lib64/libc.so.6(abort+0xd3)[0x14abed829873]
[genoahost097:1717532] [ 4] /lib64/libc.so.6(+0x2979b)[0x14abed82979b]
[genoahost097:1717532] [ 5] /lib64/libc.so.6(+0x388c6)[0x14abed8388c6]
[genoahost097:1717532] [ 6] ./Example_spec_kryschur[0x4cc206]
[genoahost097:1717532] [ 7] ./Example_spec_kryschur[0x4cc2f1]
[genoahost097:1717532] [ 8] ./Example_spec_kryschur[0x4c7e95]
[genoahost097:1717532] [ 9] ./Example_spec_kryschur[0x4b5f4f]
[genoahost097:1717532] [10] ./Example_spec_kryschur[0x41180d]
[genoahost097:1717532] [11] /lib64/libc.so.6(+0x2a610)[0x14abed82a610]
[genoahost097:1717532] [12] /lib64/libc.so.6(__libc_start_main+0x80)[0x14abed82a6c0]
[genoahost097:1717532] [13] ./Example_spec_kryschur[0x4147f5]
[genoahost097:1717532] *** End of error message ***
Example_spec_kryschur: ../../Grid/communicator/SharedMemoryMPI.cc:434: static void Grid::GlobalSharedMemory::OptimalCommunicatorSharedMemory(const Coordinate&, ompi_communicator_t*&, Grid::Coordinate&): Assertion `WorldSize==Nprocessors' failed.
[genoahost102:615501] *** Process received signal ***
[genoahost102:615501] Signal: Aborted (6)
[genoahost102:615501] Signal code:  (-6)
[genoahost102:615501] [ 0] /lib64/libc.so.6(+0x3fc30)[0x14dc0483fc30]
[genoahost102:615501] [ 1] /lib64/libc.so.6(+0x8d02c)[0x14dc0488d02c]
[genoahost102:615501] [ 2] /lib64/libc.so.6(raise+0x16)[0x14dc0483fb86]
[genoahost102:615501] [ 3] /lib64/libc.so.6(abort+0xd3)[0x14dc04829873]
[genoahost102:615501] [ 4] /lib64/libc.so.6(+0x2979b)[0x14dc0482979b]
[genoahost102:615501] [ 5] /lib64/libc.so.6(+0x388c6)[0x14dc048388c6]
[genoahost102:615501] [ 6] ./Example_spec_kryschur[0x4cc206]
[genoahost102:615501] [ 7] ./Example_spec_kryschur[0x4cc2f1]
[genoahost102:615501] [ 8] ./Example_spec_kryschur[0x4c7e95]
[genoahost102:615501] [ 9] ./Example_spec_kryschur[0x4b5f4f]
[genoahost102:615501] [10] ./Example_spec_kryschur[0x41180d]
[genoahost102:615501] [11] /lib64/libc.so.6(+0x2a610)[0x14dc0482a610]
[genoahost102:615501] [12] /lib64/libc.so.6(__libc_start_main+0x80)[0x14dc0482a6c0]
[genoahost102:615501] [13] ./Example_spec_kryschur[0x4147f5]
[genoahost102:615501] *** End of error message ***
Example_spec_kryschur: ../../Grid/communicator/SharedMemoryMPI.cc:434: static void Grid::GlobalSharedMemory::OptimalCommunicatorSharedMemory(const Coordinate&, ompi_communicator_t*&, Grid::Coordinate&): Assertion `WorldSize==Nprocessors' failed.
[genoahost102:615499] *** Process received signal ***
[genoahost102:615499] Signal: Aborted (6)
[genoahost102:615499] Signal code:  (-6)
[genoahost102:615499] [ 0] /lib64/libc.so.6(+0x3fc30)[0x15391ca3fc30]
[genoahost102:615499] [ 1] /lib64/libc.so.6(+0x8d02c)[0x15391ca8d02c]
[genoahost102:615499] [ 2] /lib64/libc.so.6(raise+0x16)[0x15391ca3fb86]
[genoahost102:615499] [ 3] /lib64/libc.so.6(abort+0xd3)[0x15391ca29873]
[genoahost102:615499] [ 4] /lib64/libc.so.6(+0x2979b)[0x15391ca2979b]
[genoahost102:615499] [ 5] /lib64/libc.so.6(+0x388c6)[0x15391ca388c6]
[genoahost102:615499] [ 6] ./Example_spec_kryschur[0x4cc206]
[genoahost102:615499] [ 7] ./Example_spec_kryschur[0x4cc2f1]
[genoahost102:615499] [ 8] ./Example_spec_kryschur[0x4c7e95]
[genoahost102:615499] [ 9] ./Example_spec_kryschur[0x4b5f4f]
[genoahost102:615499] [10] ./Example_spec_kryschur[0x41180d]
[genoahost102:615499] [11] /lib64/libc.so.6(+0x2a610)[0x15391ca2a610]
[genoahost102:615499] [12] /lib64/libc.so.6(__libc_start_main+0x80)[0x15391ca2a6c0]
[genoahost102:615499] [13] ./Example_spec_kryschur[0x4147f5]
[genoahost102:615499] *** End of error message ***
Example_spec_kryschur: ../../Grid/communicator/SharedMemoryMPI.cc:434: static void Grid::GlobalSharedMemory::OptimalCommunicatorSharedMemory(const Coordinate&, ompi_communicator_t*&, Grid::Coordinate&): Assertion `WorldSize==Nprocessors' failed.
[genoahost099:1596769] *** Process received signal ***
[genoahost099:1596769] Signal: Aborted (6)
[genoahost099:1596769] Signal code:  (-6)
[genoahost099:1596769] [ 0] /lib64/libc.so.6(+0x3fc30)[0x14bfbd23fc30]
[genoahost099:1596769] [ 1] /lib64/libc.so.6(+0x8d02c)[0x14bfbd28d02c]
[genoahost099:1596769] [ 2] /lib64/libc.so.6(raise+0x16)[0x14bfbd23fb86]
[genoahost099:1596769] [ 3] /lib64/libc.so.6(abort+0xd3)[0x14bfbd229873]
[genoahost099:1596769] [ 4] /lib64/libc.so.6(+0x2979b)[0x14bfbd22979b]
[genoahost099:1596769] [ 5] /lib64/libc.so.6(+0x388c6)[0x14bfbd2388c6]
[genoahost099:1596769] [ 6] ./Example_spec_kryschur[0x4cc206]
[genoahost099:1596769] [ 7] ./Example_spec_kryschur[0x4cc2f1]
[genoahost099:1596769] [ 8] ./Example_spec_kryschur[0x4c7e95]
[genoahost099:1596769] [ 9] ./Example_spec_kryschur[0x4b5f4f]
[genoahost099:1596769] [10] ./Example_spec_kryschur[0x41180d]
[genoahost099:1596769] [11] /lib64/libc.so.6(+0x2a610)[0x14bfbd22a610]
[genoahost099:1596769] [12] /lib64/libc.so.6(__libc_start_main+0x80)[0x14bfbd22a6c0]
[genoahost099:1596769] [13] ./Example_spec_kryschur[0x4147f5]
[genoahost099:1596769] *** End of error message ***
/direct/sdcc+u/poare/Grid/build/examples/./gpu_tile.sh: line 43: 1717546 Aborted                 (core dumped) numactl -p $NUMAP -N $NUMAP "$@"
Example_spec_kryschur: ../../Grid/communicator/SharedMemoryMPI.cc:434: static void Grid::GlobalSharedMemory::OptimalCommunicatorSharedMemory(const Coordinate&, ompi_communicator_t*&, Grid::Coordinate&): Assertion `WorldSize==Nprocessors' failed.
[genoahost101:1135138] *** Process received signal ***
[genoahost101:1135138] Signal: Aborted (6)
[genoahost101:1135138] Signal code:  (-6)
[genoahost101:1135138] [ 0] /lib64/libc.so.6(+0x3fc30)[0x14af71a3fc30]
[genoahost101:1135138] [ 1] /lib64/libc.so.6(+0x8d02c)[0x14af71a8d02c]
[genoahost101:1135138] [ 2] /lib64/libc.so.6(raise+0x16)[0x14af71a3fb86]
[genoahost101:1135138] [ 3] /lib64/libc.so.6(abort+0xd3)[0x14af71a29873]
[genoahost101:1135138] [ 4] /lib64/libc.so.6(+0x2979b)[0x14af71a2979b]
[genoahost101:1135138] [ 5] /lib64/libc.so.6(+0x388c6)[0x14af71a388c6]
[genoahost101:1135138] [ 6] ./Example_spec_kryschur[0x4cc206]
[genoahost101:1135138] [ 7] ./Example_spec_kryschur[0x4cc2f1]
[genoahost101:1135138] [ 8] ./Example_spec_kryschur[0x4c7e95]
[genoahost101:1135138] [ 9] ./Example_spec_kryschur[0x4b5f4f]
[genoahost101:1135138] [10] ./Example_spec_kryschur[0x41180d]
[genoahost101:1135138] [11] /lib64/libc.so.6(+0x2a610)[0x14af71a2a610]
[genoahost101:1135138] [12] /lib64/libc.so.6(__libc_start_main+0x80)[0x14af71a2a6c0]
[genoahost101:1135138] [13] ./Example_spec_kryschur[0x4147f5]
[genoahost101:1135138] *** End of error message ***
Example_spec_kryschur: ../../Grid/communicator/SharedMemoryMPI.cc:434: static void Grid::GlobalSharedMemory::OptimalCommunicatorSharedMemory(const Coordinate&, ompi_communicator_t*&, Grid::Coordinate&): Assertion `WorldSize==Nprocessors' failed.
[genoahost102:615492] *** Process received signal ***
[genoahost102:615492] Signal: Aborted (6)
[genoahost102:615492] Signal code:  (-6)
[genoahost102:615492] [ 0] /lib64/libc.so.6(+0x3fc30)[0x14f61c03fc30]
[genoahost102:615492] [ 1] /lib64/libc.so.6(+0x8d02c)[0x14f61c08d02c]
[genoahost102:615492] [ 2] /lib64/libc.so.6(raise+0x16)[0x14f61c03fb86]
[genoahost102:615492] [ 3] /lib64/libc.so.6(abort+0xd3)[0x14f61c029873]
[genoahost102:615492] [ 4] /lib64/libc.so.6(+0x2979b)[0x14f61c02979b]
[genoahost102:615492] [ 5] /lib64/libc.so.6(+0x388c6)[0x14f61c0388c6]
[genoahost102:615492] [ 6] ./Example_spec_kryschur[0x4cc206]
[genoahost102:615492] [ 7] ./Example_spec_kryschur[0x4cc2f1]
[genoahost102:615492] [ 8] ./Example_spec_kryschur[0x4c7e95]
[genoahost102:615492] [ 9] ./Example_spec_kryschur[0x4b5f4f]
[genoahost102:615492] [10] ./Example_spec_kryschur[0x41180d]
[genoahost102:615492] [11] /lib64/libc.so.6(+0x2a610)[0x14f61c02a610]
[genoahost102:615492] [12] /lib64/libc.so.6(__libc_start_main+0x80)[0x14f61c02a6c0]
[genoahost102:615492] [13] ./Example_spec_kryschur[0x4147f5]
[genoahost102:615492] *** End of error message ***
srun: error: genoahost097: task 4: Exited with exit code 134
/direct/sdcc+u/poare/Grid/build/examples/./gpu_tile.sh: line 43: 615489 Aborted                 (core dumped) numactl -p $NUMAP -N $NUMAP "$@"
srun: error: genoahost102: task 85: Exited with exit code 134
Example_spec_kryschur: ../../Grid/communicator/SharedMemoryMPI.cc:434: static void Grid::GlobalSharedMemory::OptimalCommunicatorSharedMemory(const Coordinate&, ompi_communicator_t*&, Grid::Coordinate&): Assertion `WorldSize==Nprocessors' failed.
[genoahost100:636306] *** Process received signal ***
[genoahost100:636306] Signal: Aborted (6)
[genoahost100:636306] Signal code:  (-6)
[genoahost100:636306] [ 0] /lib64/libc.so.6(+0x3fc30)[0x148a7ec3fc30]
[genoahost100:636306] [ 1] /lib64/libc.so.6(+0x8d02c)[0x148a7ec8d02c]
[genoahost100:636306] [ 2] /lib64/libc.so.6(raise+0x16)[0x148a7ec3fb86]
[genoahost100:636306] [ 3] /lib64/libc.so.6(abort+0xd3)[0x148a7ec29873]
[genoahost100:636306] [ 4] /lib64/libc.so.6(+0x2979b)[0x148a7ec2979b]
[genoahost100:636306] [ 5] /lib64/libc.so.6(+0x388c6)[0x148a7ec388c6]
[genoahost100:636306] [ 6] ./Example_spec_kryschur[0x4cc206]
[genoahost100:636306] [ 7] ./Example_spec_kryschur[0x4cc2f1]
[genoahost100:636306] [ 8] ./Example_spec_kryschur[0x4c7e95]
[genoahost100:636306] [ 9] ./Example_spec_kryschur[0x4b5f4f]
[genoahost100:636306] [10] ./Example_spec_kryschur[0x41180d]
[genoahost100:636306] [11] /lib64/libc.so.6(+0x2a610)[0x148a7ec2a610]
[genoahost100:636306] [12] /lib64/libc.so.6(__libc_start_main+0x80)[0x148a7ec2a6c0]
[genoahost100:636306] [13] ./Example_spec_kryschur[0x4147f5]
[genoahost100:636306] *** End of error message ***
Example_spec_kryschur: ../../Grid/communicator/SharedMemoryMPI.cc:434: static void Grid::GlobalSharedMemory::OptimalCommunicatorSharedMemory(const Coordinate&, ompi_communicator_t*&, Grid::Coordinate&): Assertion `WorldSize==Nprocessors' failed.
[genoahost100:636304] *** Process received signal ***
[genoahost100:636304] Signal: Aborted (6)
[genoahost100:636304] Signal code:  (-6)
[genoahost100:636304] [ 0] /lib64/libc.so.6(+0x3fc30)[0x152c5703fc30]
[genoahost100:636304] [ 1] /lib64/libc.so.6(+0x8d02c)[0x152c5708d02c]
[genoahost100:636304] [ 2] /lib64/libc.so.6(raise+0x16)[0x152c5703fb86]
[genoahost100:636304] [ 3] /lib64/libc.so.6(abort+0xd3)[0x152c57029873]
[genoahost100:636304] [ 4] /lib64/libc.so.6(+0x2979b)[0x152c5702979b]
[genoahost100:636304] [ 5] /lib64/libc.so.6(+0x388c6)[0x152c570388c6]
[genoahost100:636304] [ 6] ./Example_spec_kryschur[0x4cc206]
[genoahost100:636304] [ 7] ./Example_spec_kryschur[0x4cc2f1]
[genoahost100:636304] [ 8] ./Example_spec_kryschur[0x4c7e95]
[genoahost100:636304] [ 9] ./Example_spec_kryschur[0x4b5f4f]
[genoahost100:636304] [10] ./Example_spec_kryschur[0x41180d]
[genoahost100:636304] [11] /lib64/libc.so.6(+0x2a610)[0x152c5702a610]
[genoahost100:636304] [12] /lib64/libc.so.6(__libc_start_main+0x80)[0x152c5702a6c0]
[genoahost100:636304] [13] ./Example_spec_kryschur[0x4147f5]
[genoahost100:636304] *** End of error message ***
Example_spec_kryschur: ../../Grid/communicator/SharedMemoryMPI.cc:434: static void Grid::GlobalSharedMemory::OptimalCommunicatorSharedMemory(const Coordinate&, ompi_communicator_t*&, Grid::Coordinate&): Assertion `WorldSize==Nprocessors' failed.
[genoahost103:604638] *** Process received signal ***
[genoahost103:604638] Signal: Aborted (6)
[genoahost103:604638] Signal code:  (-6)
[genoahost103:604638] [ 0] /lib64/libc.so.6(+0x3fc30)[0x14d185c3fc30]
[genoahost103:604638] [ 1] /lib64/libc.so.6(+0x8d02c)[0x14d185c8d02c]
[genoahost103:604638] [ 2] /lib64/libc.so.6(raise+0x16)[0x14d185c3fb86]
[genoahost103:604638] [ 3] /lib64/libc.so.6(abort+0xd3)[0x14d185c29873]
[genoahost103:604638] [ 4] /lib64/libc.so.6(+0x2979b)[0x14d185c2979b]
[genoahost103:604638] [ 5] /lib64/libc.so.6(+0x388c6)[0x14d185c388c6]
[genoahost103:604638] [ 6] ./Example_spec_kryschur[0x4cc206]
[genoahost103:604638] [ 7] ./Example_spec_kryschur[0x4cc2f1]
[genoahost103:604638] [ 8] ./Example_spec_kryschur[0x4c7e95]
[genoahost103:604638] [ 9] ./Example_spec_kryschur[0x4b5f4f]
[genoahost103:604638] [10] ./Example_spec_kryschur[0x41180d]
[genoahost103:604638] [11] /lib64/libc.so.6(+0x2a610)[0x14d185c2a610]
[genoahost103:604638] [12] /lib64/libc.so.6(__libc_start_main+0x80)[0x14d185c2a6c0]
[genoahost103:604638] [13] ./Example_spec_kryschur[0x4147f5]
[genoahost103:604638] *** End of error message ***
Example_spec_kryschur: ../../Grid/communicator/SharedMemoryMPI.cc:434: static void Grid::GlobalSharedMemory::OptimalCommunicatorSharedMemory(const Coordinate&, ompi_communicator_t*&, Grid::Coordinate&): Assertion `WorldSize==Nprocessors' failed.
[genoahost103:604637] *** Process received signal ***
[genoahost103:604637] Signal: Aborted (6)
[genoahost103:604637] Signal code:  (-6)
[genoahost103:604637] [ 0] /lib64/libc.so.6(+0x3fc30)[0x14f7be23fc30]
[genoahost103:604637] [ 1] /lib64/libc.so.6(+0x8d02c)[0x14f7be28d02c]
[genoahost103:604637] [ 2] /lib64/libc.so.6(raise+0x16)[0x14f7be23fb86]
[genoahost103:604637] [ 3] /lib64/libc.so.6(abort+0xd3)[0x14f7be229873]
[genoahost103:604637] [ 4] /lib64/libc.so.6(+0x2979b)[0x14f7be22979b]
[genoahost103:604637] [ 5] /lib64/libc.so.6(+0x388c6)[0x14f7be2388c6]
[genoahost103:604637] [ 6] ./Example_spec_kryschur[0x4cc206]
[genoahost103:604637] [ 7] ./Example_spec_kryschur[0x4cc2f1]
[genoahost103:604637] [ 8] ./Example_spec_kryschur[0x4c7e95]
[genoahost103:604637] [ 9] ./Example_spec_kryschur[0x4b5f4f]
[genoahost103:604637] [10] ./Example_spec_kryschur[0x41180d]
[genoahost103:604637] [11] /lib64/libc.so.6(+0x2a610)[0x14f7be22a610]
[genoahost103:604637] [12] /lib64/libc.so.6(__libc_start_main+0x80)[0x14f7be22a6c0]
[genoahost103:604637] [13] ./Example_spec_kryschur[0x4147f5]
[genoahost103:604637] *** End of error message ***
Example_spec_kryschur: ../../Grid/communicator/SharedMemoryMPI.cc:434: static void Grid::GlobalSharedMemory::OptimalCommunicatorSharedMemory(const Coordinate&, ompi_communicator_t*&, Grid::Coordinate&): Assertion `WorldSize==Nprocessors' failed.
[genoahost104:616133] *** Process received signal ***
[genoahost104:616133] Signal: Aborted (6)
[genoahost104:616133] Signal code:  (-6)
[genoahost104:616133] [ 0] /lib64/libc.so.6(+0x3fc30)[0x14f1a3a3fc30]
[genoahost104:616133] [ 1] /lib64/libc.so.6(+0x8d02c)[0x14f1a3a8d02c]
[genoahost104:616133] [ 2] /lib64/libc.so.6(raise+0x16)[0x14f1a3a3fb86]
[genoahost104:616133] [ 3] /lib64/libc.so.6(abort+0xd3)[0x14f1a3a29873]
[genoahost104:616133] [ 4] /lib64/libc.so.6(+0x2979b)[0x14f1a3a2979b]
[genoahost104:616133] [ 5] /lib64/libc.so.6(+0x388c6)[0x14f1a3a388c6]
[genoahost104:616133] [ 6] ./Example_spec_kryschur[0x4cc206]
[genoahost104:616133] [ 7] ./Example_spec_kryschur[0x4cc2f1]
[genoahost104:616133] [ 8] ./Example_spec_kryschur[0x4c7e95]
[genoahost104:616133] [ 9] ./Example_spec_kryschur[0x4b5f4f]
[genoahost104:616133] [10] ./Example_spec_kryschur[0x41180d]
[genoahost104:616133] [11] /lib64/libc.so.6(+0x2a610)[0x14f1a3a2a610]
[genoahost104:616133] [12] /lib64/libc.so.6(__libc_start_main+0x80)[0x14f1a3a2a6c0]
[genoahost104:616133] [13] ./Example_spec_kryschur[0x4147f5]
[genoahost104:616133] *** End of error message ***
Example_spec_kryschur: ../../Grid/communicator/SharedMemoryMPI.cc:434: static void Grid::GlobalSharedMemory::OptimalCommunicatorSharedMemory(const Coordinate&, ompi_communicator_t*&, Grid::Coordinate&): Assertion `WorldSize==Nprocessors' failed.
[genoahost104:616127] *** Process received signal ***
[genoahost104:616127] Signal: Aborted (6)
[genoahost104:616127] Signal code:  (-6)
[genoahost104:616127] [ 0] /lib64/libc.so.6(+0x3fc30)[0x145a6823fc30]
[genoahost104:616127] [ 1] /lib64/libc.so.6(+0x8d02c)[0x145a6828d02c]
[genoahost104:616127] [ 2] /lib64/libc.so.6(raise+0x16)[0x145a6823fb86]
[genoahost104:616127] [ 3] /lib64/libc.so.6(abort+0xd3)[0x145a68229873]
[genoahost104:616127] [ 4] /lib64/libc.so.6(+0x2979b)[0x145a6822979b]
[genoahost104:616127] [ 5] /lib64/libc.so.6(+0x388c6)[0x145a682388c6]
[genoahost104:616127] [ 6] ./Example_spec_kryschur[0x4cc206]
[genoahost104:616127] [ 7] ./Example_spec_kryschur[0x4cc2f1]
[genoahost104:616127] [ 8] ./Example_spec_kryschur[0x4c7e95]
[genoahost104:616127] [ 9] ./Example_spec_kryschur[0x4b5f4f]
[genoahost104:616127] [10] ./Example_spec_kryschur[0x41180d]
[genoahost104:616127] [11] /lib64/libc.so.6(+0x2a610)[0x145a6822a610]
[genoahost104:616127] [12] /lib64/libc.so.6(__libc_start_main+0x80)[0x145a6822a6c0]
[genoahost104:616127] [13] ./Example_spec_kryschur[0x4147f5]
[genoahost104:616127] *** End of error message ***
Example_spec_kryschur: ../../Grid/communicator/SharedMemoryMPI.cc:434: static void Grid::GlobalSharedMemory::OptimalCommunicatorSharedMemory(const Coordinate&, ompi_communicator_t*&, Grid::Coordinate&): Assertion `WorldSize==Nprocessors' failed.
[genoahost098:1617349] *** Process received signal ***
[genoahost098:1617349] Signal: Aborted (6)
[genoahost098:1617349] Signal code:  (-6)
[genoahost098:1617349] [ 0] /lib64/libc.so.6(+0x3fc30)[0x1499ec63fc30]
[genoahost098:1617349] [ 1] /lib64/libc.so.6(+0x8d02c)[0x1499ec68d02c]
[genoahost098:1617349] [ 2] /lib64/libc.so.6(raise+0x16)[0x1499ec63fb86]
[genoahost098:1617349] [ 3] /lib64/libc.so.6(abort+0xd3)[0x1499ec629873]
[genoahost098:1617349] [ 4] /lib64/libc.so.6(+0x2979b)[0x1499ec62979b]
[genoahost098:1617349] [ 5] /lib64/libc.so.6(+0x388c6)[0x1499ec6388c6]
[genoahost098:1617349] [ 6] ./Example_spec_kryschur[0x4cc206]
[genoahost098:1617349] [ 7] ./Example_spec_kryschur[0x4cc2f1]
[genoahost098:1617349] [ 8] ./Example_spec_kryschur[0x4c7e95]
[genoahost098:1617349] [ 9] ./Example_spec_kryschur[0x4b5f4f]
[genoahost098:1617349] [10] ./Example_spec_kryschur[0x41180d]
[genoahost098:1617349] [11] /lib64/libc.so.6(+0x2a610)[0x1499ec62a610]
[genoahost098:1617349] [12] /lib64/libc.so.6(__libc_start_main+0x80)[0x1499ec62a6c0]
[genoahost098:1617349] [13] ./Example_spec_kryschur[0x4147f5]
[genoahost098:1617349] *** End of error message ***
Example_spec_kryschur: ../../Grid/communicator/SharedMemoryMPI.cc:434: static void Grid::GlobalSharedMemory::OptimalCommunicatorSharedMemory(const Coordinate&, ompi_communicator_t*&, Grid::Coordinate&): Assertion `WorldSize==Nprocessors' failed.
[genoahost101:1135147] *** Process received signal ***
[genoahost101:1135147] Signal: Aborted (6)
[genoahost101:1135147] Signal code:  (-6)
[genoahost101:1135147] [ 0] /lib64/libc.so.6(+0x3fc30)[0x14afb7c3fc30]
[genoahost101:1135147] [ 1] /lib64/libc.so.6(+0x8d02c)[0x14afb7c8d02c]
[genoahost101:1135147] [ 2] /lib64/libc.so.6(raise+0x16)[0x14afb7c3fb86]
[genoahost101:1135147] [ 3] /lib64/libc.so.6(abort+0xd3)[0x14afb7c29873]
[genoahost101:1135147] [ 4] /lib64/libc.so.6(+0x2979b)[0x14afb7c2979b]
[genoahost101:1135147] [ 5] /lib64/libc.so.6(+0x388c6)[0x14afb7c388c6]
[genoahost101:1135147] [ 6] ./Example_spec_kryschur[0x4cc206]
[genoahost101:1135147] [ 7] ./Example_spec_kryschur[0x4cc2f1]
[genoahost101:1135147] [ 8] ./Example_spec_kryschur[0x4c7e95]
[genoahost101:1135147] [ 9] ./Example_spec_kryschur[0x4b5f4f]
[genoahost101:1135147] [10] ./Example_spec_kryschur[0x41180d]
[genoahost101:1135147] [11] /lib64/libc.so.6(+0x2a610)[0x14afb7c2a610]
[genoahost101:1135147] [12] /lib64/libc.so.6(__libc_start_main+0x80)[0x14afb7c2a6c0]
[genoahost101:1135147] [13] ./Example_spec_kryschur[0x4147f5]
[genoahost101:1135147] *** End of error message ***
Example_spec_kryschur: ../../Grid/communicator/SharedMemoryMPI.cc:434: static void Grid::GlobalSharedMemory::OptimalCommunicatorSharedMemory(const Coordinate&, ompi_communicator_t*&, Grid::Coordinate&): Assertion `WorldSize==Nprocessors' failed.
[genoahost099:1596764] *** Process received signal ***
[genoahost099:1596764] Signal: Aborted (6)
[genoahost099:1596764] Signal code:  (-6)
[genoahost099:1596764] [ 0] /lib64/libc.so.6(+0x3fc30)[0x15502303fc30]
[genoahost099:1596764] [ 1] /lib64/libc.so.6(+0x8d02c)[0x15502308d02c]
[genoahost099:1596764] [ 2] /lib64/libc.so.6(raise+0x16)[0x15502303fb86]
[genoahost099:1596764] [ 3] /lib64/libc.so.6(abort+0xd3)[0x155023029873]
[genoahost099:1596764] [ 4] /lib64/libc.so.6(+0x2979b)[0x15502302979b]
[genoahost099:1596764] [ 5] /lib64/libc.so.6(+0x388c6)[0x1550230388c6]
[genoahost099:1596764] [ 6] ./Example_spec_kryschur[0x4cc206]
[genoahost099:1596764] [ 7] ./Example_spec_kryschur[0x4cc2f1]
[genoahost099:1596764] [ 8] ./Example_spec_kryschur[0x4c7e95]
[genoahost099:1596764] [ 9] ./Example_spec_kryschur[0x4b5f4f]
[genoahost099:1596764] [10] ./Example_spec_kryschur[0x41180d]
[genoahost099:1596764] [11] /lib64/libc.so.6(+0x2a610)[0x15502302a610]
[genoahost099:1596764] [12] /lib64/libc.so.6(__libc_start_main+0x80)[0x15502302a6c0]
[genoahost099:1596764] [13] ./Example_spec_kryschur[0x4147f5]
[genoahost099:1596764] *** End of error message ***
Example_spec_kryschur: ../../Grid/communicator/SharedMemoryMPI.cc:434: static void Grid::GlobalSharedMemory::OptimalCommunicatorSharedMemory(const Coordinate&, ompi_communicator_t*&, Grid::Coordinate&): Assertion `WorldSize==Nprocessors' failed.
[genoahost099:1596757] *** Process received signal ***
[genoahost099:1596757] Signal: Aborted (6)
[genoahost099:1596757] Signal code:  (-6)
[genoahost099:1596757] [ 0] /lib64/libc.so.6(+0x3fc30)[0x14bbcb43fc30]
[genoahost099:1596757] [ 1] /lib64/libc.so.6(+0x8d02c)[0x14bbcb48d02c]
[genoahost099:1596757] [ 2] /lib64/libc.so.6(raise+0x16)[0x14bbcb43fb86]
[genoahost099:1596757] [ 3] /lib64/libc.so.6(abort+0xd3)[0x14bbcb429873]
[genoahost099:1596757] [ 4] /lib64/libc.so.6(+0x2979b)[0x14bbcb42979b]
[genoahost099:1596757] [ 5] /lib64/libc.so.6(+0x388c6)[0x14bbcb4388c6]
[genoahost099:1596757] [ 6] ./Example_spec_kryschur[0x4cc206]
[genoahost099:1596757] [ 7] ./Example_spec_kryschur[0x4cc2f1]
[genoahost099:1596757] [ 8] ./Example_spec_kryschur[0x4c7e95]
[genoahost099:1596757] [ 9] ./Example_spec_kryschur[0x4b5f4f]
[genoahost099:1596757] [10] ./Example_spec_kryschur[0x41180d]
[genoahost099:1596757] [11] /lib64/libc.so.6(+0x2a610)[0x14bbcb42a610]
[genoahost099:1596757] [12] /lib64/libc.so.6(__libc_start_main+0x80)[0x14bbcb42a6c0]
[genoahost099:1596757] [13] ./Example_spec_kryschur[0x4147f5]
[genoahost099:1596757] *** End of error message ***
Example_spec_kryschur: ../../Grid/communicator/SharedMemoryMPI.cc:434: static void Grid::GlobalSharedMemory::OptimalCommunicatorSharedMemory(const Coordinate&, ompi_communicator_t*&, Grid::Coordinate&): Assertion `WorldSize==Nprocessors' failed.
[genoahost103:604650] *** Process received signal ***
[genoahost103:604650] Signal: Aborted (6)
[genoahost103:604650] Signal code:  (-6)
[genoahost103:604650] [ 0] /lib64/libc.so.6(+0x3fc30)[0x1522af03fc30]
[genoahost103:604650] [ 1] /lib64/libc.so.6(+0x8d02c)[0x1522af08d02c]
[genoahost103:604650] [ 2] /lib64/libc.so.6(raise+0x16)[0x1522af03fb86]
[genoahost103:604650] [ 3] /lib64/libc.so.6(abort+0xd3)[0x1522af029873]
[genoahost103:604650] [ 4] /lib64/libc.so.6(+0x2979b)[0x1522af02979b]
[genoahost103:604650] [ 5] /lib64/libc.so.6(+0x388c6)[0x1522af0388c6]
[genoahost103:604650] [ 6] ./Example_spec_kryschur[0x4cc206]
[genoahost103:604650] [ 7] ./Example_spec_kryschur[0x4cc2f1]
[genoahost103:604650] [ 8] ./Example_spec_kryschur[0x4c7e95]
[genoahost103:604650] [ 9] ./Example_spec_kryschur[0x4b5f4f]
[genoahost103:604650] [10] ./Example_spec_kryschur[0x41180d]
[genoahost103:604650] [11] /lib64/libc.so.6(+0x2a610)[0x1522af02a610]
[genoahost103:604650] [12] /lib64/libc.so.6(__libc_start_main+0x80)[0x1522af02a6c0]
[genoahost103:604650] [13] ./Example_spec_kryschur[0x4147f5]
[genoahost103:604650] *** End of error message ***
Example_spec_kryschur: ../../Grid/communicator/SharedMemoryMPI.cc:434: static void Grid::GlobalSharedMemory::OptimalCommunicatorSharedMemory(const Coordinate&, ompi_communicator_t*&, Grid::Coordinate&): Assertion `WorldSize==Nprocessors' failed.
[genoahost100:636313] *** Process received signal ***
[genoahost100:636313] Signal: Aborted (6)
[genoahost100:636313] Signal code:  (-6)
[genoahost100:636313] [ 0] /lib64/libc.so.6(+0x3fc30)[0x14f42863fc30]
[genoahost100:636313] [ 1] /lib64/libc.so.6(+0x8d02c)[0x14f42868d02c]
[genoahost100:636313] [ 2] /lib64/libc.so.6(raise+0x16)[0x14f42863fb86]
[genoahost100:636313] [ 3] /lib64/libc.so.6(abort+0xd3)[0x14f428629873]
[genoahost100:636313] [ 4] /lib64/libc.so.6(+0x2979b)[0x14f42862979b]
[genoahost100:636313] [ 5] /lib64/libc.so.6(+0x388c6)[0x14f4286388c6]
[genoahost100:636313] [ 6] ./Example_spec_kryschur[0x4cc206]
[genoahost100:636313] [ 7] ./Example_spec_kryschur[0x4cc2f1]
[genoahost100:636313] [ 8] ./Example_spec_kryschur[0x4c7e95]
[genoahost100:636313] [ 9] ./Example_spec_kryschur[0x4b5f4f]
[genoahost100:636313] [10] ./Example_spec_kryschur[0x41180d]
[genoahost100:636313] [11] /lib64/libc.so.6(+0x2a610)[0x14f42862a610]
[genoahost100:636313] [12] /lib64/libc.so.6(__libc_start_main+0x80)[0x14f42862a6c0]
[genoahost100:636313] [13] ./Example_spec_kryschur[0x4147f5]
[genoahost100:636313] *** End of error message ***
Example_spec_kryschur: ../../Grid/communicator/SharedMemoryMPI.cc:434: static void Grid::GlobalSharedMemory::OptimalCommunicatorSharedMemory(const Coordinate&, ompi_communicator_t*&, Grid::Coordinate&): Assertion `WorldSize==Nprocessors' failed.
[genoahost099:1596766] *** Process received signal ***
[genoahost099:1596766] Signal: Aborted (6)
[genoahost099:1596766] Signal code:  (-6)
[genoahost099:1596766] [ 0] /lib64/libc.so.6(+0x3fc30)[0x149c3d83fc30]
[genoahost099:1596766] [ 1] /lib64/libc.so.6(+0x8d02c)[0x149c3d88d02c]
[genoahost099:1596766] [ 2] /lib64/libc.so.6(raise+0x16)[0x149c3d83fb86]
[genoahost099:1596766] [ 3] /lib64/libc.so.6(abort+0xd3)[0x149c3d829873]
[genoahost099:1596766] [ 4] /lib64/libc.so.6(+0x2979b)[0x149c3d82979b]
[genoahost099:1596766] [ 5] /lib64/libc.so.6(+0x388c6)[0x149c3d8388c6]
[genoahost099:1596766] [ 6] ./Example_spec_kryschur[0x4cc206]
[genoahost099:1596766] [ 7] ./Example_spec_kryschur[0x4cc2f1]
[genoahost099:1596766] [ 8] ./Example_spec_kryschur[0x4c7e95]
[genoahost099:1596766] [ 9] ./Example_spec_kryschur[0x4b5f4f]
[genoahost099:1596766] [10] ./Example_spec_kryschur[0x41180d]
[genoahost099:1596766] [11] /lib64/libc.so.6(+0x2a610)[0x149c3d82a610]
[genoahost099:1596766] [12] /lib64/libc.so.6(__libc_start_main+0x80)[0x149c3d82a6c0]
[genoahost099:1596766] [13] ./Example_spec_kryschur[0x4147f5]
[genoahost099:1596766] *** End of error message ***
Example_spec_kryschur: ../../Grid/communicator/SharedMemoryMPI.cc:434: static void Grid::GlobalSharedMemory::OptimalCommunicatorSharedMemory(const Coordinate&, ompi_communicator_t*&, Grid::Coordinate&): Assertion `WorldSize==Nprocessors' failed.
[genoahost098:1617346] *** Process received signal ***
[genoahost098:1617346] Signal: Aborted (6)
[genoahost098:1617346] Signal code:  (-6)
[genoahost098:1617346] [ 0] /lib64/libc.so.6(+0x3fc30)[0x15024283fc30]
[genoahost098:1617346] [ 1] /lib64/libc.so.6(+0x8d02c)[0x15024288d02c]
[genoahost098:1617346] [ 2] /lib64/libc.so.6(raise+0x16)[0x15024283fb86]
[genoahost098:1617346] [ 3] /lib64/libc.so.6(abort+0xd3)[0x150242829873]
[genoahost098:1617346] [ 4] /lib64/libc.so.6(+0x2979b)[0x15024282979b]
[genoahost098:1617346] [ 5] /lib64/libc.so.6(+0x388c6)[0x1502428388c6]
[genoahost098:1617346] [ 6] ./Example_spec_kryschur[0x4cc206]
[genoahost098:1617346] [ 7] ./Example_spec_kryschur[0x4cc2f1]
[genoahost098:1617346] [ 8] ./Example_spec_kryschur[0x4c7e95]
[genoahost098:1617346] [ 9] ./Example_spec_kryschur[0x4b5f4f]
[genoahost098:1617346] [10] ./Example_spec_kryschur[0x41180d]
[genoahost098:1617346] [11] /lib64/libc.so.6(+0x2a610)[0x15024282a610]
[genoahost098:1617346] [12] /lib64/libc.so.6(__libc_start_main+0x80)[0x15024282a6c0]
[genoahost098:1617346] [13] ./Example_spec_kryschur[0x4147f5]
[genoahost098:1617346] *** End of error message ***
Example_spec_kryschur: ../../Grid/communicator/SharedMemoryMPI.cc:434: static void Grid::GlobalSharedMemory::OptimalCommunicatorSharedMemory(const Coordinate&, ompi_communicator_t*&, Grid::Coordinate&): Assertion `WorldSize==Nprocessors' failed.
[genoahost101:1135151] *** Process received signal ***
[genoahost101:1135151] Signal: Aborted (6)
[genoahost101:1135151] Signal code:  (-6)
[genoahost101:1135151] [ 0] /lib64/libc.so.6(+0x3fc30)[0x154774c3fc30]
[genoahost101:1135151] [ 1] /lib64/libc.so.6(+0x8d02c)[0x154774c8d02c]
[genoahost101:1135151] [ 2] /lib64/libc.so.6(raise+0x16)[0x154774c3fb86]
[genoahost101:1135151] [ 3] /lib64/libc.so.6(abort+0xd3)[0x154774c29873]
[genoahost101:1135151] [ 4] /lib64/libc.so.6(+0x2979b)[0x154774c2979b]
[genoahost101:1135151] [ 5] /lib64/libc.so.6(+0x388c6)[0x154774c388c6]
[genoahost101:1135151] [ 6] ./Example_spec_kryschur[0x4cc206]
[genoahost101:1135151] [ 7] ./Example_spec_kryschur[0x4cc2f1]
[genoahost101:1135151] [ 8] ./Example_spec_kryschur[0x4c7e95]
[genoahost101:1135151] [ 9] ./Example_spec_kryschur[0x4b5f4f]
[genoahost101:1135151] [10] ./Example_spec_kryschur[0x41180d]
[genoahost101:1135151] [11] /lib64/libc.so.6(+0x2a610)[0x154774c2a610]
[genoahost101:1135151] [12] /lib64/libc.so.6(__libc_start_main+0x80)[0x154774c2a6c0]
[genoahost101:1135151] [13] ./Example_spec_kryschur[0x4147f5]
[genoahost101:1135151] *** End of error message ***
Example_spec_kryschur: ../../Grid/communicator/SharedMemoryMPI.cc:434: static void Grid::GlobalSharedMemory::OptimalCommunicatorSharedMemory(const Coordinate&, ompi_communicator_t*&, Grid::Coordinate&): Assertion `WorldSize==Nprocessors' failed.
[genoahost104:616141] *** Process received signal ***
[genoahost104:616141] Signal: Aborted (6)
[genoahost104:616141] Signal code:  (-6)
[genoahost104:616141] [ 0] /lib64/libc.so.6(+0x3fc30)[0x14b9b263fc30]
[genoahost104:616141] [ 1] /lib64/libc.so.6(+0x8d02c)[0x14b9b268d02c]
[genoahost104:616141] [ 2] /lib64/libc.so.6(raise+0x16)[0x14b9b263fb86]
[genoahost104:616141] [ 3] /lib64/libc.so.6(abort+0xd3)[0x14b9b2629873]
[genoahost104:616141] [ 4] /lib64/libc.so.6(+0x2979b)[0x14b9b262979b]
[genoahost104:616141] [ 5] /lib64/libc.so.6(+0x388c6)[0x14b9b26388c6]
[genoahost104:616141] [ 6] ./Example_spec_kryschur[0x4cc206]
[genoahost104:616141] [ 7] ./Example_spec_kryschur[0x4cc2f1]
[genoahost104:616141] [ 8] ./Example_spec_kryschur[0x4c7e95]
[genoahost104:616141] [ 9] ./Example_spec_kryschur[0x4b5f4f]
[genoahost104:616141] [10] ./Example_spec_kryschur[0x41180d]
[genoahost104:616141] [11] /lib64/libc.so.6(+0x2a610)[0x14b9b262a610]
[genoahost104:616141] [12] /lib64/libc.so.6(__libc_start_main+0x80)[0x14b9b262a6c0]
[genoahost104:616141] [13] ./Example_spec_kryschur[0x4147f5]
[genoahost104:616141] *** End of error message ***
Example_spec_kryschur: ../../Grid/communicator/SharedMemoryMPI.cc:434: static void Grid::GlobalSharedMemory::OptimalCommunicatorSharedMemory(const Coordinate&, ompi_communicator_t*&, Grid::Coordinate&): Assertion `WorldSize==Nprocessors' failed.
[genoahost098:1617339] *** Process received signal ***
[genoahost098:1617339] Signal: Aborted (6)
[genoahost098:1617339] Signal code:  (-6)
[genoahost098:1617339] [ 0] /lib64/libc.so.6(+0x3fc30)[0x149abbc3fc30]
[genoahost098:1617339] [ 1] /lib64/libc.so.6(+0x8d02c)[0x149abbc8d02c]
[genoahost098:1617339] [ 2] /lib64/libc.so.6(raise+0x16)[0x149abbc3fb86]
[genoahost098:1617339] [ 3] /lib64/libc.so.6(abort+0xd3)[0x149abbc29873]
[genoahost098:1617339] [ 4] /lib64/libc.so.6(+0x2979b)[0x149abbc2979b]
[genoahost098:1617339] [ 5] /lib64/libc.so.6(+0x388c6)[0x149abbc388c6]
[genoahost098:1617339] [ 6] ./Example_spec_kryschur[0x4cc206]
[genoahost098:1617339] [ 7] ./Example_spec_kryschur[0x4cc2f1]
[genoahost098:1617339] [ 8] ./Example_spec_kryschur[0x4c7e95]
[genoahost098:1617339] [ 9] ./Example_spec_kryschur[0x4b5f4f]
[genoahost098:1617339] [10] ./Example_spec_kryschur[0x41180d]
[genoahost098:1617339] [11] /lib64/libc.so.6(+0x2a610)[0x149abbc2a610]
[genoahost098:1617339] [12] /lib64/libc.so.6(__libc_start_main+0x80)[0x149abbc2a6c0]
[genoahost098:1617339] [13] ./Example_spec_kryschur[0x4147f5]
[genoahost098:1617339] *** End of error message ***
Example_spec_kryschur: ../../Grid/communicator/SharedMemoryMPI.cc:434: static void Grid::GlobalSharedMemory::OptimalCommunicatorSharedMemory(const Coordinate&, ompi_communicator_t*&, Grid::Coordinate&): Assertion `WorldSize==Nprocessors' failed.
[genoahost099:1596771] *** Process received signal ***
[genoahost099:1596771] Signal: Aborted (6)
[genoahost099:1596771] Signal code:  (-6)
[genoahost099:1596771] [ 0] /lib64/libc.so.6(+0x3fc30)[0x150fa323fc30]
[genoahost099:1596771] [ 1] /lib64/libc.so.6(+0x8d02c)[0x150fa328d02c]
[genoahost099:1596771] [ 2] /lib64/libc.so.6(raise+0x16)[0x150fa323fb86]
[genoahost099:1596771] [ 3] /lib64/libc.so.6(abort+0xd3)[0x150fa3229873]
[genoahost099:1596771] [ 4] /lib64/libc.so.6(+0x2979b)[0x150fa322979b]
[genoahost099:1596771] [ 5] /lib64/libc.so.6(+0x388c6)[0x150fa32388c6]
[genoahost099:1596771] [ 6] ./Example_spec_kryschur[0x4cc206]
[genoahost099:1596771] [ 7] ./Example_spec_kryschur[0x4cc2f1]
[genoahost099:1596771] [ 8] ./Example_spec_kryschur[0x4c7e95]
[genoahost099:1596771] [ 9] ./Example_spec_kryschur[0x4b5f4f]
[genoahost099:1596771] [10] ./Example_spec_kryschur[0x41180d]
[genoahost099:1596771] [11] /lib64/libc.so.6(+0x2a610)[0x150fa322a610]
[genoahost099:1596771] [12] /lib64/libc.so.6(__libc_start_main+0x80)[0x150fa322a6c0]
[genoahost099:1596771] [13] ./Example_spec_kryschur[0x4147f5]
[genoahost099:1596771] *** End of error message ***
Example_spec_kryschur: ../../Grid/communicator/SharedMemoryMPI.cc:434: static void Grid::GlobalSharedMemory::OptimalCommunicatorSharedMemory(const Coordinate&, ompi_communicator_t*&, Grid::Coordinate&): Assertion `WorldSize==Nprocessors' failed.
[genoahost102:615496] *** Process received signal ***
[genoahost102:615496] Signal: Aborted (6)
[genoahost102:615496] Signal code:  (-6)
[genoahost102:615496] [ 0] /lib64/libc.so.6(+0x3fc30)[0x14a71563fc30]
[genoahost102:615496] [ 1] /lib64/libc.so.6(+0x8d02c)[0x14a71568d02c]
[genoahost102:615496] [ 2] /lib64/libc.so.6(raise+0x16)[0x14a71563fb86]
[genoahost102:615496] [ 3] /lib64/libc.so.6(abort+0xd3)[0x14a715629873]
[genoahost102:615496] [ 4] /lib64/libc.so.6(+0x2979b)[0x14a71562979b]
[genoahost102:615496] [ 5] /lib64/libc.so.6(+0x388c6)[0x14a7156388c6]
[genoahost102:615496] [ 6] ./Example_spec_kryschur[0x4cc206]
[genoahost102:615496] [ 7] ./Example_spec_kryschur[0x4cc2f1]
[genoahost102:615496] [ 8] ./Example_spec_kryschur[0x4c7e95]
[genoahost102:615496] [ 9] ./Example_spec_kryschur[0x4b5f4f]
[genoahost102:615496] [10] ./Example_spec_kryschur[0x41180d]
[genoahost102:615496] [11] /lib64/libc.so.6(+0x2a610)[0x14a71562a610]
[genoahost102:615496] [12] /lib64/libc.so.6(__libc_start_main+0x80)[0x14a71562a6c0]
[genoahost102:615496] [13] ./Example_spec_kryschur[0x4147f5]
[genoahost102:615496] *** End of error message ***
Example_spec_kryschur: ../../Grid/communicator/SharedMemoryMPI.cc:434: static void Grid::GlobalSharedMemory::OptimalCommunicatorSharedMemory(const Coordinate&, ompi_communicator_t*&, Grid::Coordinate&): Assertion `WorldSize==Nprocessors' failed.
[genoahost104:616130] *** Process received signal ***
[genoahost104:616130] Signal: Aborted (6)
[genoahost104:616130] Signal code:  (-6)
[genoahost104:616130] [ 0] /lib64/libc.so.6(+0x3fc30)[0x14db7b23fc30]
[genoahost104:616130] [ 1] /lib64/libc.so.6(+0x8d02c)[0x14db7b28d02c]
[genoahost104:616130] [ 2] /lib64/libc.so.6(raise+0x16)[0x14db7b23fb86]
[genoahost104:616130] [ 3] /lib64/libc.so.6(abort+0xd3)[0x14db7b229873]
[genoahost104:616130] [ 4] /lib64/libc.so.6(+0x2979b)[0x14db7b22979b]
[genoahost104:616130] [ 5] /lib64/libc.so.6(+0x388c6)[0x14db7b2388c6]
[genoahost104:616130] [ 6] ./Example_spec_kryschur[0x4cc206]
[genoahost104:616130] [ 7] ./Example_spec_kryschur[0x4cc2f1]
[genoahost104:616130] [ 8] ./Example_spec_kryschur[0x4c7e95]
[genoahost104:616130] [ 9] ./Example_spec_kryschur[0x4b5f4f]
[genoahost104:616130] [10] ./Example_spec_kryschur[0x41180d]
[genoahost104:616130] [11] /lib64/libc.so.6(+0x2a610)[0x14db7b22a610]
[genoahost104:616130] [12] /lib64/libc.so.6(__libc_start_main+0x80)[0x14db7b22a6c0]
[genoahost104:616130] [13] ./Example_spec_kryschur[0x4147f5]
[genoahost104:616130] *** End of error message ***
Example_spec_kryschur: ../../Grid/communicator/SharedMemoryMPI.cc:434: static void Grid::GlobalSharedMemory::OptimalCommunicatorSharedMemory(const Coordinate&, ompi_communicator_t*&, Grid::Coordinate&): Assertion `WorldSize==Nprocessors' failed.
[genoahost101:1135145] *** Process received signal ***
[genoahost101:1135145] Signal: Aborted (6)
[genoahost101:1135145] Signal code:  (-6)
[genoahost101:1135145] [ 0] /lib64/libc.so.6(+0x3fc30)[0x14773883fc30]
[genoahost101:1135145] [ 1] /lib64/libc.so.6(+0x8d02c)[0x14773888d02c]
[genoahost101:1135145] [ 2] /lib64/libc.so.6(raise+0x16)[0x14773883fb86]
[genoahost101:1135145] [ 3] /lib64/libc.so.6(abort+0xd3)[0x147738829873]
[genoahost101:1135145] [ 4] /lib64/libc.so.6(+0x2979b)[0x14773882979b]
[genoahost101:1135145] [ 5] /lib64/libc.so.6(+0x388c6)[0x1477388388c6]
[genoahost101:1135145] [ 6] ./Example_spec_kryschur[0x4cc206]
[genoahost101:1135145] [ 7] ./Example_spec_kryschur[0x4cc2f1]
[genoahost101:1135145] [ 8] ./Example_spec_kryschur[0x4c7e95]
[genoahost101:1135145] [ 9] ./Example_spec_kryschur[0x4b5f4f]
[genoahost101:1135145] [10] ./Example_spec_kryschur[0x41180d]
[genoahost101:1135145] [11] /lib64/libc.so.6(+0x2a610)[0x14773882a610]
[genoahost101:1135145] [12] /lib64/libc.so.6(__libc_start_main+0x80)[0x14773882a6c0]
[genoahost101:1135145] [13] ./Example_spec_kryschur[0x4147f5]
[genoahost101:1135145] *** End of error message ***
Example_spec_kryschur: ../../Grid/communicator/SharedMemoryMPI.cc:434: static void Grid::GlobalSharedMemory::OptimalCommunicatorSharedMemory(const Coordinate&, ompi_communicator_t*&, Grid::Coordinate&): Assertion `WorldSize==Nprocessors' failed.
[genoahost101:1135144] *** Process received signal ***
[genoahost101:1135144] Signal: Aborted (6)
[genoahost101:1135144] Signal code:  (-6)
[genoahost101:1135144] [ 0] /lib64/libc.so.6(+0x3fc30)[0x14708a43fc30]
[genoahost101:1135144] [ 1] /lib64/libc.so.6(+0x8d02c)[0x14708a48d02c]
[genoahost101:1135144] [ 2] /lib64/libc.so.6(raise+0x16)[0x14708a43fb86]
[genoahost101:1135144] [ 3] /lib64/libc.so.6(abort+0xd3)[0x14708a429873]
[genoahost101:1135144] [ 4] /lib64/libc.so.6(+0x2979b)[0x14708a42979b]
[genoahost101:1135144] [ 5] /lib64/libc.so.6(+0x388c6)[0x14708a4388c6]
[genoahost101:1135144] [ 6] ./Example_spec_kryschur[0x4cc206]
[genoahost101:1135144] [ 7] ./Example_spec_kryschur[0x4cc2f1]
[genoahost101:1135144] [ 8] ./Example_spec_kryschur[0x4c7e95]
[genoahost101:1135144] [ 9] ./Example_spec_kryschur[0x4b5f4f]
[genoahost101:1135144] [10] ./Example_spec_kryschur[0x41180d]
[genoahost101:1135144] [11] /lib64/libc.so.6(+0x2a610)[0x14708a42a610]
[genoahost101:1135144] [12] /lib64/libc.so.6(__libc_start_main+0x80)[0x14708a42a6c0]
[genoahost101:1135144] [13] ./Example_spec_kryschur[0x4147f5]
[genoahost101:1135144] *** End of error message ***
Example_spec_kryschur: ../../Grid/communicator/SharedMemoryMPI.cc:434: static void Grid::GlobalSharedMemory::OptimalCommunicatorSharedMemory(const Coordinate&, ompi_communicator_t*&, Grid::Coordinate&): Assertion `WorldSize==Nprocessors' failed.
[genoahost098:1617338] *** Process received signal ***
[genoahost098:1617338] Signal: Aborted (6)
[genoahost098:1617338] Signal code:  (-6)
[genoahost098:1617338] [ 0] /lib64/libc.so.6(+0x3fc30)[0x15107843fc30]
[genoahost098:1617338] [ 1] /lib64/libc.so.6(+0x8d02c)[0x15107848d02c]
[genoahost098:1617338] [ 2] /lib64/libc.so.6(raise+0x16)[0x15107843fb86]
[genoahost098:1617338] [ 3] /lib64/libc.so.6(abort+0xd3)[0x151078429873]
[genoahost098:1617338] [ 4] /lib64/libc.so.6(+0x2979b)[0x15107842979b]
[genoahost098:1617338] [ 5] /lib64/libc.so.6(+0x388c6)[0x1510784388c6]
[genoahost098:1617338] [ 6] ./Example_spec_kryschur[0x4cc206]
[genoahost098:1617338] [ 7] ./Example_spec_kryschur[0x4cc2f1]
[genoahost098:1617338] [ 8] ./Example_spec_kryschur[0x4c7e95]
[genoahost098:1617338] [ 9] ./Example_spec_kryschur[0x4b5f4f]
[genoahost098:1617338] [10] ./Example_spec_kryschur[0x41180d]
[genoahost098:1617338] [11] /lib64/libc.so.6(+0x2a610)[0x15107842a610]
[genoahost098:1617338] [12] /lib64/libc.so.6(__libc_start_main+0x80)[0x15107842a6c0]
[genoahost098:1617338] [13] ./Example_spec_kryschur[0x4147f5]
[genoahost098:1617338] *** End of error message ***
Example_spec_kryschur: ../../Grid/communicator/SharedMemoryMPI.cc:434: static void Grid::GlobalSharedMemory::OptimalCommunicatorSharedMemory(const Coordinate&, ompi_communicator_t*&, Grid::Coordinate&): Assertion `WorldSize==Nprocessors' failed.
[genoahost098:1617344] *** Process received signal ***
[genoahost098:1617344] Signal: Aborted (6)
[genoahost098:1617344] Signal code:  (-6)
[genoahost098:1617344] [ 0] /lib64/libc.so.6(+0x3fc30)[0x15514d03fc30]
[genoahost098:1617344] [ 1] /lib64/libc.so.6(+0x8d02c)[0x15514d08d02c]
[genoahost098:1617344] [ 2] /lib64/libc.so.6(raise+0x16)[0x15514d03fb86]
[genoahost098:1617344] [ 3] /lib64/libc.so.6(abort+0xd3)[0x15514d029873]
[genoahost098:1617344] [ 4] /lib64/libc.so.6(+0x2979b)[0x15514d02979b]
[genoahost098:1617344] [ 5] /lib64/libc.so.6(+0x388c6)[0x15514d0388c6]
[genoahost098:1617344] [ 6] ./Example_spec_kryschur[0x4cc206]
[genoahost098:1617344] [ 7] ./Example_spec_kryschur[0x4cc2f1]
[genoahost098:1617344] [ 8] ./Example_spec_kryschur[0x4c7e95]
[genoahost098:1617344] [ 9] ./Example_spec_kryschur[0x4b5f4f]
[genoahost098:1617344] [10] ./Example_spec_kryschur[0x41180d]
[genoahost098:1617344] [11] /lib64/libc.so.6(+0x2a610)[0x15514d02a610]
[genoahost098:1617344] [12] /lib64/libc.so.6(__libc_start_main+0x80)[0x15514d02a6c0]
[genoahost098:1617344] [13] ./Example_spec_kryschur[0x4147f5]
[genoahost098:1617344] *** End of error message ***
Example_spec_kryschur: ../../Grid/communicator/SharedMemoryMPI.cc:434: static void Grid::GlobalSharedMemory::OptimalCommunicatorSharedMemory(const Coordinate&, ompi_communicator_t*&, Grid::Coordinate&): Assertion `WorldSize==Nprocessors' failed.
[genoahost098:1617345] *** Process received signal ***
[genoahost098:1617345] Signal: Aborted (6)
[genoahost098:1617345] Signal code:  (-6)
[genoahost098:1617345] [ 0] /lib64/libc.so.6(+0x3fc30)[0x147c9f63fc30]
[genoahost098:1617345] [ 1] /lib64/libc.so.6(+0x8d02c)[0x147c9f68d02c]
[genoahost098:1617345] [ 2] /lib64/libc.so.6(raise+0x16)[0x147c9f63fb86]
[genoahost098:1617345] [ 3] /lib64/libc.so.6(abort+0xd3)[0x147c9f629873]
[genoahost098:1617345] [ 4] /lib64/libc.so.6(+0x2979b)[0x147c9f62979b]
[genoahost098:1617345] [ 5] /lib64/libc.so.6(+0x388c6)[0x147c9f6388c6]
[genoahost098:1617345] [ 6] ./Example_spec_kryschur[0x4cc206]
[genoahost098:1617345] [ 7] ./Example_spec_kryschur[0x4cc2f1]
[genoahost098:1617345] [ 8] ./Example_spec_kryschur[0x4c7e95]
[genoahost098:1617345] [ 9] ./Example_spec_kryschur[0x4b5f4f]
[genoahost098:1617345] [10] ./Example_spec_kryschur[0x41180d]
[genoahost098:1617345] [11] /lib64/libc.so.6(+0x2a610)[0x147c9f62a610]
[genoahost098:1617345] [12] /lib64/libc.so.6(__libc_start_main+0x80)[0x147c9f62a6c0]
[genoahost098:1617345] [13] ./Example_spec_kryschur[0x4147f5]
[genoahost098:1617345] *** End of error message ***
Example_spec_kryschur: ../../Grid/communicator/SharedMemoryMPI.cc:434: static void Grid::GlobalSharedMemory::OptimalCommunicatorSharedMemory(const Coordinate&, ompi_communicator_t*&, Grid::Coordinate&): Assertion `WorldSize==Nprocessors' failed.
[genoahost099:1596762] *** Process received signal ***
[genoahost099:1596762] Signal: Aborted (6)
[genoahost099:1596762] Signal code:  (-6)
[genoahost099:1596762] [ 0] /lib64/libc.so.6(+0x3fc30)[0x1525d8c3fc30]
[genoahost099:1596762] [ 1] /lib64/libc.so.6(+0x8d02c)[0x1525d8c8d02c]
[genoahost099:1596762] [ 2] /lib64/libc.so.6(raise+0x16)[0x1525d8c3fb86]
[genoahost099:1596762] [ 3] /lib64/libc.so.6(abort+0xd3)[0x1525d8c29873]
[genoahost099:1596762] [ 4] /lib64/libc.so.6(+0x2979b)[0x1525d8c2979b]
[genoahost099:1596762] [ 5] /lib64/libc.so.6(+0x388c6)[0x1525d8c388c6]
[genoahost099:1596762] [ 6] ./Example_spec_kryschur[0x4cc206]
[genoahost099:1596762] [ 7] ./Example_spec_kryschur[0x4cc2f1]
[genoahost099:1596762] [ 8] ./Example_spec_kryschur[0x4c7e95]
[genoahost099:1596762] [ 9] ./Example_spec_kryschur[0x4b5f4f]
[genoahost099:1596762] [10] ./Example_spec_kryschur[0x41180d]
[genoahost099:1596762] [11] /lib64/libc.so.6(+0x2a610)[0x1525d8c2a610]
[genoahost099:1596762] [12] /lib64/libc.so.6(__libc_start_main+0x80)[0x1525d8c2a6c0]
[genoahost099:1596762] [13] ./Example_spec_kryschur[0x4147f5]
[genoahost099:1596762] *** End of error message ***
Example_spec_kryschur: ../../Grid/communicator/SharedMemoryMPI.cc:434: static void Grid::GlobalSharedMemory::OptimalCommunicatorSharedMemory(const Coordinate&, ompi_communicator_t*&, Grid::Coordinate&): Assertion `WorldSize==Nprocessors' failed.
[genoahost101:1135141] *** Process received signal ***
[genoahost101:1135141] Signal: Aborted (6)
[genoahost101:1135141] Signal code:  (-6)
[genoahost101:1135141] [ 0] /lib64/libc.so.6(+0x3fc30)[0x15274883fc30]
[genoahost101:1135141] [ 1] /lib64/libc.so.6(+0x8d02c)[0x15274888d02c]
[genoahost101:1135141] [ 2] /lib64/libc.so.6(raise+0x16)[0x15274883fb86]
[genoahost101:1135141] [ 3] /lib64/libc.so.6(abort+0xd3)[0x152748829873]
[genoahost101:1135141] [ 4] /lib64/libc.so.6(+0x2979b)[0x15274882979b]
[genoahost101:1135141] [ 5] /lib64/libc.so.6(+0x388c6)[0x1527488388c6]
[genoahost101:1135141] [ 6] ./Example_spec_kryschur[0x4cc206]
[genoahost101:1135141] [ 7] ./Example_spec_kryschur[0x4cc2f1]
[genoahost101:1135141] [ 8] ./Example_spec_kryschur[0x4c7e95]
[genoahost101:1135141] [ 9] ./Example_spec_kryschur[0x4b5f4f]
[genoahost101:1135141] [10] ./Example_spec_kryschur[0x41180d]
[genoahost101:1135141] [11] /lib64/libc.so.6(+0x2a610)[0x15274882a610]
[genoahost101:1135141] [12] /lib64/libc.so.6(__libc_start_main+0x80)[0x15274882a6c0]
[genoahost101:1135141] [13] ./Example_spec_kryschur[0x4147f5]
[genoahost101:1135141] *** End of error message ***
Example_spec_kryschur: ../../Grid/communicator/SharedMemoryMPI.cc:434: static void Grid::GlobalSharedMemory::OptimalCommunicatorSharedMemory(const Coordinate&, ompi_communicator_t*&, Grid::Coordinate&): Assertion `WorldSize==Nprocessors' failed.
[genoahost101:1135137] *** Process received signal ***
[genoahost101:1135137] Signal: Aborted (6)
[genoahost101:1135137] Signal code:  (-6)
[genoahost101:1135137] [ 0] /lib64/libc.so.6(+0x3fc30)[0x146bc423fc30]
[genoahost101:1135137] [ 1] /lib64/libc.so.6(+0x8d02c)[0x146bc428d02c]
[genoahost101:1135137] [ 2] /lib64/libc.so.6(raise+0x16)[0x146bc423fb86]
[genoahost101:1135137] [ 3] /lib64/libc.so.6(abort+0xd3)[0x146bc4229873]
[genoahost101:1135137] [ 4] /lib64/libc.so.6(+0x2979b)[0x146bc422979b]
[genoahost101:1135137] [ 5] /lib64/libc.so.6(+0x388c6)[0x146bc42388c6]
[genoahost101:1135137] [ 6] ./Example_spec_kryschur[0x4cc206]
[genoahost101:1135137] [ 7] ./Example_spec_kryschur[0x4cc2f1]
[genoahost101:1135137] [ 8] ./Example_spec_kryschur[0x4c7e95]
[genoahost101:1135137] [ 9] ./Example_spec_kryschur[0x4b5f4f]
[genoahost101:1135137] [10] ./Example_spec_kryschur[0x41180d]
[genoahost101:1135137] [11] /lib64/libc.so.6(+0x2a610)[0x146bc422a610]
[genoahost101:1135137] [12] /lib64/libc.so.6(__libc_start_main+0x80)[0x146bc422a6c0]
[genoahost101:1135137] [13] ./Example_spec_kryschur[0x4147f5]
[genoahost101:1135137] *** End of error message ***
Example_spec_kryschur: ../../Grid/communicator/SharedMemoryMPI.cc:434: static void Grid::GlobalSharedMemory::OptimalCommunicatorSharedMemory(const Coordinate&, ompi_communicator_t*&, Grid::Coordinate&): Assertion `WorldSize==Nprocessors' failed.
[genoahost104:616137] *** Process received signal ***
[genoahost104:616137] Signal: Aborted (6)
[genoahost104:616137] Signal code:  (-6)
[genoahost104:616137] [ 0] /lib64/libc.so.6(+0x3fc30)[0x14ed34e3fc30]
[genoahost104:616137] [ 1] /lib64/libc.so.6(+0x8d02c)[0x14ed34e8d02c]
[genoahost104:616137] [ 2] /lib64/libc.so.6(raise+0x16)[0x14ed34e3fb86]
[genoahost104:616137] [ 3] /lib64/libc.so.6(abort+0xd3)[0x14ed34e29873]
[genoahost104:616137] [ 4] /lib64/libc.so.6(+0x2979b)[0x14ed34e2979b]
[genoahost104:616137] [ 5] /lib64/libc.so.6(+0x388c6)[0x14ed34e388c6]
[genoahost104:616137] [ 6] ./Example_spec_kryschur[0x4cc206]
[genoahost104:616137] [ 7] ./Example_spec_kryschur[0x4cc2f1]
[genoahost104:616137] [ 8] ./Example_spec_kryschur[0x4c7e95]
[genoahost104:616137] [ 9] ./Example_spec_kryschur[0x4b5f4f]
[genoahost104:616137] [10] ./Example_spec_kryschur[0x41180d]
[genoahost104:616137] [11] /lib64/libc.so.6(+0x2a610)[0x14ed34e2a610]
[genoahost104:616137] [12] /lib64/libc.so.6(__libc_start_main+0x80)[0x14ed34e2a6c0]
[genoahost104:616137] [13] ./Example_spec_kryschur[0x4147f5]
[genoahost104:616137] *** End of error message ***
Example_spec_kryschur: ../../Grid/communicator/SharedMemoryMPI.cc:434: static void Grid::GlobalSharedMemory::OptimalCommunicatorSharedMemory(const Coordinate&, ompi_communicator_t*&, Grid::Coordinate&): Assertion `WorldSize==Nprocessors' failed.
[genoahost098:1617343] *** Process received signal ***
[genoahost098:1617343] Signal: Aborted (6)
[genoahost098:1617343] Signal code:  (-6)
[genoahost098:1617343] [ 0] /lib64/libc.so.6(+0x3fc30)[0x14939d43fc30]
[genoahost098:1617343] [ 1] /lib64/libc.so.6(+0x8d02c)[0x14939d48d02c]
[genoahost098:1617343] [ 2] /lib64/libc.so.6(raise+0x16)[0x14939d43fb86]
[genoahost098:1617343] [ 3] /lib64/libc.so.6(abort+0xd3)[0x14939d429873]
[genoahost098:1617343] [ 4] /lib64/libc.so.6(+0x2979b)[0x14939d42979b]
[genoahost098:1617343] [ 5] /lib64/libc.so.6(+0x388c6)[0x14939d4388c6]
[genoahost098:1617343] [ 6] ./Example_spec_kryschur[0x4cc206]
[genoahost098:1617343] [ 7] ./Example_spec_kryschur[0x4cc2f1]
[genoahost098:1617343] [ 8] ./Example_spec_kryschur[0x4c7e95]
[genoahost098:1617343] [ 9] ./Example_spec_kryschur[0x4b5f4f]
[genoahost098:1617343] [10] ./Example_spec_kryschur[0x41180d]
[genoahost098:1617343] [11] /lib64/libc.so.6(+0x2a610)[0x14939d42a610]
[genoahost098:1617343] [12] /lib64/libc.so.6(__libc_start_main+0x80)[0x14939d42a6c0]
[genoahost098:1617343] [13] ./Example_spec_kryschur[0x4147f5]
[genoahost098:1617343] *** End of error message ***
Example_spec_kryschur: ../../Grid/communicator/SharedMemoryMPI.cc:434: static void Grid::GlobalSharedMemory::OptimalCommunicatorSharedMemory(const Coordinate&, ompi_communicator_t*&, Grid::Coordinate&): Assertion `WorldSize==Nprocessors' failed.
[genoahost098:1617334] *** Process received signal ***
[genoahost098:1617334] Signal: Aborted (6)
[genoahost098:1617334] Signal code:  (-6)
[genoahost098:1617334] [ 0] /lib64/libc.so.6(+0x3fc30)[0x14904063fc30]
[genoahost098:1617334] [ 1] /lib64/libc.so.6(+0x8d02c)[0x14904068d02c]
[genoahost098:1617334] [ 2] /lib64/libc.so.6(raise+0x16)[0x14904063fb86]
[genoahost098:1617334] [ 3] /lib64/libc.so.6(abort+0xd3)[0x149040629873]
[genoahost098:1617334] [ 4] /lib64/libc.so.6(+0x2979b)[0x14904062979b]
[genoahost098:1617334] [ 5] /lib64/libc.so.6(+0x388c6)[0x1490406388c6]
[genoahost098:1617334] [ 6] ./Example_spec_kryschur[0x4cc206]
[genoahost098:1617334] [ 7] ./Example_spec_kryschur[0x4cc2f1]
[genoahost098:1617334] [ 8] ./Example_spec_kryschur[0x4c7e95]
[genoahost098:1617334] [ 9] ./Example_spec_kryschur[0x4b5f4f]
[genoahost098:1617334] [10] ./Example_spec_kryschur[0x41180d]
[genoahost098:1617334] [11] /lib64/libc.so.6(+0x2a610)[0x14904062a610]
[genoahost098:1617334] [12] /lib64/libc.so.6(__libc_start_main+0x80)[0x14904062a6c0]
[genoahost098:1617334] [13] ./Example_spec_kryschur[0x4147f5]
[genoahost098:1617334] *** End of error message ***
Example_spec_kryschur: ../../Grid/communicator/SharedMemoryMPI.cc:434: static void Grid::GlobalSharedMemory::OptimalCommunicatorSharedMemory(const Coordinate&, ompi_communicator_t*&, Grid::Coordinate&): Assertion `WorldSize==Nprocessors' failed.
[genoahost099:1596772] *** Process received signal ***
[genoahost099:1596772] Signal: Aborted (6)
[genoahost099:1596772] Signal code:  (-6)
Example_spec_kryschur: ../../Grid/communicator/SharedMemoryMPI.cc:434: static void Grid::GlobalSharedMemory::OptimalCommunicatorSharedMemory(const Coordinate&, ompi_communicator_t*&, Grid::Coordinate&): Assertion `WorldSize==Nprocessors' failed.
[genoahost100:636298] *** Process received signal ***
[genoahost100:636298] Signal: Aborted (6)
[genoahost100:636298] Signal code:  (-6)
[genoahost099:1596772] [ 0] /lib64/libc.so.6(+0x3fc30)[0x15143143fc30]
[genoahost099:1596772] [ 1] /lib64/libc.so.6(+0x8d02c)[0x15143148d02c]
[genoahost099:1596772] [ 2] /lib64/libc.so.6(raise+0x16)[0x15143143fb86]
[genoahost099:1596772] [ 3] /lib64/libc.so.6(abort+0xd3)[0x151431429873]
[genoahost099:1596772] [ 4] /lib64/libc.so.6(+0x2979b)[0x15143142979b]
[genoahost099:1596772] [ 5] /lib64/libc.so.6(+0x388c6)[0x1514314388c6]
[genoahost099:1596772] [ 6] ./Example_spec_kryschur[0x4cc206]
[genoahost099:1596772] [ 7] ./Example_spec_kryschur[0x4cc2f1]
[genoahost099:1596772] [ 8] ./Example_spec_kryschur[0x4c7e95]
[genoahost099:1596772] [ 9] ./Example_spec_kryschur[0x4b5f4f]
[genoahost099:1596772] [10] ./Example_spec_kryschur[0x41180d]
[genoahost099:1596772] [11] /lib64/libc.so.6(+0x2a610)[0x15143142a610]
[genoahost099:1596772] [12] /lib64/libc.so.6(__libc_start_main+0x80)[0x15143142a6c0]
[genoahost099:1596772] [13] ./Example_spec_kryschur[0x4147f5]
[genoahost099:1596772] *** End of error message ***
[genoahost100:636298] [ 0] /lib64/libc.so.6(+0x3fc30)[0x15374283fc30]
[genoahost100:636298] [ 1] /lib64/libc.so.6(+0x8d02c)[0x15374288d02c]
[genoahost100:636298] [ 2] /lib64/libc.so.6(raise+0x16)[0x15374283fb86]
[genoahost100:636298] [ 3] /lib64/libc.so.6(abort+0xd3)[0x153742829873]
[genoahost100:636298] [ 4] /lib64/libc.so.6(+0x2979b)[0x15374282979b]
[genoahost100:636298] [ 5] /lib64/libc.so.6(+0x388c6)[0x1537428388c6]
[genoahost100:636298] [ 6] ./Example_spec_kryschur[0x4cc206]
[genoahost100:636298] [ 7] ./Example_spec_kryschur[0x4cc2f1]
[genoahost100:636298] [ 8] ./Example_spec_kryschur[0x4c7e95]
[genoahost100:636298] [ 9] ./Example_spec_kryschur[0x4b5f4f]
[genoahost100:636298] [10] ./Example_spec_kryschur[0x41180d]
[genoahost100:636298] [11] /lib64/libc.so.6(+0x2a610)[0x15374282a610]
[genoahost100:636298] [12] /lib64/libc.so.6(__libc_start_main+0x80)[0x15374282a6c0]
[genoahost100:636298] [13] ./Example_spec_kryschur[0x4147f5]
[genoahost100:636298] *** End of error message ***
Example_spec_kryschur: ../../Grid/communicator/SharedMemoryMPI.cc:434: static void Grid::GlobalSharedMemory::OptimalCommunicatorSharedMemory(const Coordinate&, ompi_communicator_t*&, Grid::Coordinate&): Assertion `WorldSize==Nprocessors' failed.
[genoahost099:1596759] *** Process received signal ***
[genoahost099:1596759] Signal: Aborted (6)
[genoahost099:1596759] Signal code:  (-6)
[genoahost099:1596759] [ 0] /lib64/libc.so.6(+0x3fc30)[0x14627fa3fc30]
[genoahost099:1596759] [ 1] /lib64/libc.so.6(+0x8d02c)[0x14627fa8d02c]
[genoahost099:1596759] [ 2] /lib64/libc.so.6(raise+0x16)[0x14627fa3fb86]
[genoahost099:1596759] [ 3] /lib64/libc.so.6(abort+0xd3)[0x14627fa29873]
[genoahost099:1596759] [ 4] /lib64/libc.so.6(+0x2979b)[0x14627fa2979b]
[genoahost099:1596759] [ 5] /lib64/libc.so.6(+0x388c6)[0x14627fa388c6]
[genoahost099:1596759] [ 6] ./Example_spec_kryschur[0x4cc206]
[genoahost099:1596759] [ 7] ./Example_spec_kryschur[0x4cc2f1]
[genoahost099:1596759] [ 8] ./Example_spec_kryschur[0x4c7e95]
[genoahost099:1596759] [ 9] ./Example_spec_kryschur[0x4b5f4f]
[genoahost099:1596759] [10] ./Example_spec_kryschur[0x41180d]
[genoahost099:1596759] [11] /lib64/libc.so.6(+0x2a610)[0x14627fa2a610]
[genoahost099:1596759] [12] /lib64/libc.so.6(__libc_start_main+0x80)[0x14627fa2a6c0]
[genoahost099:1596759] [13] ./Example_spec_kryschur[0x4147f5]
[genoahost099:1596759] *** End of error message ***
/direct/sdcc+u/poare/Grid/build/examples/./gpu_tile.sh: line 43: 615501 Aborted                 (core dumped) numactl -p $NUMAP -N $NUMAP "$@"
Example_spec_kryschur: ../../Grid/communicator/SharedMemoryMPI.cc:434: static void Grid::GlobalSharedMemory::OptimalCommunicatorSharedMemory(const Coordinate&, ompi_communicator_t*&, Grid::Coordinate&): Assertion `WorldSize==Nprocessors' failed.
[genoahost100:636309] *** Process received signal ***
[genoahost100:636309] Signal: Aborted (6)
[genoahost100:636309] Signal code:  (-6)
[genoahost100:636309] [ 0] /lib64/libc.so.6(+0x3fc30)[0x148a9ac3fc30]
[genoahost100:636309] [ 1] /lib64/libc.so.6(+0x8d02c)[0x148a9ac8d02c]
[genoahost100:636309] [ 2] /lib64/libc.so.6(raise+0x16)[0x148a9ac3fb86]
[genoahost100:636309] [ 3] /lib64/libc.so.6(abort+0xd3)[0x148a9ac29873]
[genoahost100:636309] [ 4] /lib64/libc.so.6(+0x2979b)[0x148a9ac2979b]
[genoahost100:636309] [ 5] /lib64/libc.so.6(+0x388c6)[0x148a9ac388c6]
[genoahost100:636309] [ 6] ./Example_spec_kryschur[0x4cc206]
[genoahost100:636309] [ 7] ./Example_spec_kryschur[0x4cc2f1]
[genoahost100:636309] [ 8] ./Example_spec_kryschur[0x4c7e95]
[genoahost100:636309] [ 9] ./Example_spec_kryschur[0x4b5f4f]
[genoahost100:636309] [10] ./Example_spec_kryschur[0x41180d]
[genoahost100:636309] [11] /lib64/libc.so.6(+0x2a610)[0x148a9ac2a610]
[genoahost100:636309] [12] /lib64/libc.so.6(__libc_start_main+0x80)[0x148a9ac2a6c0]
[genoahost100:636309] [13] ./Example_spec_kryschur[0x4147f5]
[genoahost100:636309] *** End of error message ***
Example_spec_kryschur: ../../Grid/communicator/SharedMemoryMPI.cc:434: static void Grid::GlobalSharedMemory::OptimalCommunicatorSharedMemory(const Coordinate&, ompi_communicator_t*&, Grid::Coordinate&): Assertion `WorldSize==Nprocessors' failed.
[genoahost098:1617333] *** Process received signal ***
[genoahost098:1617333] Signal: Aborted (6)
[genoahost098:1617333] Signal code:  (-6)
Example_spec_kryschur: ../../Grid/communicator/SharedMemoryMPI.cc:434: static void Grid::GlobalSharedMemory::OptimalCommunicatorSharedMemory(const Coordinate&, ompi_communicator_t*&, Grid::Coordinate&): Assertion `WorldSize==Nprocessors' failed.
[genoahost103:604645] *** Process received signal ***
[genoahost103:604645] Signal: Aborted (6)
[genoahost103:604645] Signal code:  (-6)
[genoahost103:604645] [ 0] /lib64/libc.so.6(+0x3fc30)[0x14a29103fc30]
[genoahost103:604645] [ 1] /lib64/libc.so.6(+0x8d02c)[0x14a29108d02c]
[genoahost103:604645] [ 2] /lib64/libc.so.6(raise+0x16)[0x14a29103fb86]
[genoahost103:604645] [ 3] /lib64/libc.so.6(abort+0xd3)[0x14a291029873]
[genoahost103:604645] [ 4] /lib64/libc.so.6(+0x2979b)[0x14a29102979b]
[genoahost103:604645] [ 5] /lib64/libc.so.6(+0x388c6)[0x14a2910388c6]
[genoahost103:604645] [ 6] ./Example_spec_kryschur[0x4cc206]
[genoahost103:604645] [ 7] ./Example_spec_kryschur[0x4cc2f1]
[genoahost103:604645] [ 8] ./Example_spec_kryschur[0x4c7e95]
[genoahost103:604645] [ 9] ./Example_spec_kryschur[0x4b5f4f]
[genoahost103:604645] [10] ./Example_spec_kryschur[0x41180d]
[genoahost103:604645] [11] /lib64/libc.so.6(+0x2a610)[0x14a29102a610]
[genoahost103:604645] [12] /lib64/libc.so.6(__libc_start_main+0x80)[0x14a29102a6c0]
[genoahost103:604645] [13] ./Example_spec_kryschur[0x4147f5]
[genoahost103:604645] *** End of error message ***
[genoahost098:1617333] [ 0] /lib64/libc.so.6(+0x3fc30)[0x153d2063fc30]
[genoahost098:1617333] [ 1] /lib64/libc.so.6(+0x8d02c)[0x153d2068d02c]
[genoahost098:1617333] [ 2] /lib64/libc.so.6(raise+0x16)[0x153d2063fb86]
[genoahost098:1617333] [ 3] /lib64/libc.so.6(abort+0xd3)[0x153d20629873]
[genoahost098:1617333] [ 4] /lib64/libc.so.6(+0x2979b)[0x153d2062979b]
[genoahost098:1617333] [ 5] /lib64/libc.so.6(+0x388c6)[0x153d206388c6]
[genoahost098:1617333] [ 6] ./Example_spec_kryschur[0x4cc206]
[genoahost098:1617333] [ 7] ./Example_spec_kryschur[0x4cc2f1]
[genoahost098:1617333] [ 8] ./Example_spec_kryschur[0x4c7e95]
[genoahost098:1617333] [ 9] ./Example_spec_kryschur[0x4b5f4f]
[genoahost098:1617333] [10] ./Example_spec_kryschur[0x41180d]
[genoahost098:1617333] [11] /lib64/libc.so.6(+0x2a610)[0x153d2062a610]
[genoahost098:1617333] [12] /lib64/libc.so.6(__libc_start_main+0x80)[0x153d2062a6c0]
[genoahost098:1617333] [13] ./Example_spec_kryschur[0x4147f5]
[genoahost098:1617333] *** End of error message ***
Example_spec_kryschur: ../../Grid/communicator/SharedMemoryMPI.cc:434: static void Grid::GlobalSharedMemory::OptimalCommunicatorSharedMemory(const Coordinate&, ompi_communicator_t*&, Grid::Coordinate&): Assertion `WorldSize==Nprocessors' failed.
[genoahost104:616139] *** Process received signal ***
[genoahost104:616139] Signal: Aborted (6)
[genoahost104:616139] Signal code:  (-6)
[genoahost104:616139] [ 0] /lib64/libc.so.6(+0x3fc30)[0x153ec123fc30]
[genoahost104:616139] [ 1] /lib64/libc.so.6(+0x8d02c)[0x153ec128d02c]
[genoahost104:616139] [ 2] /lib64/libc.so.6(raise+0x16)[0x153ec123fb86]
[genoahost104:616139] [ 3] /lib64/libc.so.6(abort+0xd3)[0x153ec1229873]
[genoahost104:616139] [ 4] /lib64/libc.so.6(+0x2979b)[0x153ec122979b]
[genoahost104:616139] [ 5] /lib64/libc.so.6(+0x388c6)[0x153ec12388c6]
[genoahost104:616139] [ 6] ./Example_spec_kryschur[0x4cc206]
[genoahost104:616139] [ 7] ./Example_spec_kryschur[0x4cc2f1]
[genoahost104:616139] [ 8] ./Example_spec_kryschur[0x4c7e95]
[genoahost104:616139] [ 9] ./Example_spec_kryschur[0x4b5f4f]
[genoahost104:616139] [10] ./Example_spec_kryschur[0x41180d]
[genoahost104:616139] [11] /lib64/libc.so.6(+0x2a610)[0x153ec122a610]
[genoahost104:616139] [12] /lib64/libc.so.6(__libc_start_main+0x80)[0x153ec122a6c0]
[genoahost104:616139] [13] ./Example_spec_kryschur[0x4147f5]
[genoahost104:616139] *** End of error message ***
Example_spec_kryschur: ../../Grid/communicator/SharedMemoryMPI.cc:434: static void Grid::GlobalSharedMemory::OptimalCommunicatorSharedMemory(const Coordinate&, ompi_communicator_t*&, Grid::Coordinate&): Assertion `WorldSize==Nprocessors' failed.
[genoahost097:1717534] *** Process received signal ***
[genoahost097:1717534] Signal: Aborted (6)
[genoahost097:1717534] Signal code:  (-6)
[genoahost097:1717534] [ 0] /lib64/libc.so.6(+0x3fc30)[0x14a3b443fc30]
[genoahost097:1717534] [ 1] /lib64/libc.so.6(+0x8d02c)[0x14a3b448d02c]
[genoahost097:1717534] [ 2] /lib64/libc.so.6(raise+0x16)[0x14a3b443fb86]
[genoahost097:1717534] [ 3] /lib64/libc.so.6(abort+0xd3)[0x14a3b4429873]
[genoahost097:1717534] [ 4] /lib64/libc.so.6(+0x2979b)[0x14a3b442979b]
[genoahost097:1717534] [ 5] /lib64/libc.so.6(+0x388c6)[0x14a3b44388c6]
[genoahost097:1717534] [ 6] ./Example_spec_kryschur[0x4cc206]
[genoahost097:1717534] [ 7] ./Example_spec_kryschur[0x4cc2f1]
[genoahost097:1717534] [ 8] ./Example_spec_kryschur[0x4c7e95]
[genoahost097:1717534] [ 9] ./Example_spec_kryschur[0x4b5f4f]
[genoahost097:1717534] [10] ./Example_spec_kryschur[0x41180d]
[genoahost097:1717534] [11] /lib64/libc.so.6(+0x2a610)[0x14a3b442a610]
[genoahost097:1717534] [12] /lib64/libc.so.6(__libc_start_main+0x80)[0x14a3b442a6c0]
[genoahost097:1717534] [13] ./Example_spec_kryschur[0x4147f5]
[genoahost097:1717534] *** End of error message ***
Example_spec_kryschur: ../../Grid/communicator/SharedMemoryMPI.cc:434: static void Grid::GlobalSharedMemory::OptimalCommunicatorSharedMemory(const Coordinate&, ompi_communicator_t*&, Grid::Coordinate&): Assertion `WorldSize==Nprocessors' failed.
[genoahost104:616142] *** Process received signal ***
[genoahost104:616142] Signal: Aborted (6)
[genoahost104:616142] Signal code:  (-6)
[genoahost104:616142] [ 0] /lib64/libc.so.6(+0x3fc30)[0x152caec3fc30]
[genoahost104:616142] [ 1] /lib64/libc.so.6(+0x8d02c)[0x152caec8d02c]
[genoahost104:616142] [ 2] /lib64/libc.so.6(raise+0x16)[0x152caec3fb86]
[genoahost104:616142] [ 3] /lib64/libc.so.6(abort+0xd3)[0x152caec29873]
[genoahost104:616142] [ 4] /lib64/libc.so.6(+0x2979b)[0x152caec2979b]
[genoahost104:616142] [ 5] /lib64/libc.so.6(+0x388c6)[0x152caec388c6]
[genoahost104:616142] [ 6] ./Example_spec_kryschur[0x4cc206]
[genoahost104:616142] [ 7] ./Example_spec_kryschur[0x4cc2f1]
[genoahost104:616142] [ 8] ./Example_spec_kryschur[0x4c7e95]
[genoahost104:616142] [ 9] ./Example_spec_kryschur[0x4b5f4f]
[genoahost104:616142] [10] ./Example_spec_kryschur[0x41180d]
[genoahost104:616142] [11] /lib64/libc.so.6(+0x2a610)[0x152caec2a610]
[genoahost104:616142] [12] /lib64/libc.so.6(__libc_start_main+0x80)[0x152caec2a6c0]
[genoahost104:616142] [13] ./Example_spec_kryschur[0x4147f5]
[genoahost104:616142] *** End of error message ***
Example_spec_kryschur: ../../Grid/communicator/SharedMemoryMPI.cc:434: static void Grid::GlobalSharedMemory::OptimalCommunicatorSharedMemory(const Coordinate&, ompi_communicator_t*&, Grid::Coordinate&): Assertion `WorldSize==Nprocessors' failed.
[genoahost103:604642] *** Process received signal ***
[genoahost103:604642] Signal: Aborted (6)
[genoahost103:604642] Signal code:  (-6)
[genoahost103:604642] [ 0] /lib64/libc.so.6(+0x3fc30)[0x1554c663fc30]
[genoahost103:604642] [ 1] /lib64/libc.so.6(+0x8d02c)[0x1554c668d02c]
[genoahost103:604642] [ 2] /lib64/libc.so.6(raise+0x16)[0x1554c663fb86]
[genoahost103:604642] [ 3] /lib64/libc.so.6(abort+0xd3)[0x1554c6629873]
[genoahost103:604642] [ 4] /lib64/libc.so.6(+0x2979b)[0x1554c662979b]
[genoahost103:604642] [ 5] /lib64/libc.so.6(+0x388c6)[0x1554c66388c6]
[genoahost103:604642] [ 6] ./Example_spec_kryschur[0x4cc206]
[genoahost103:604642] [ 7] ./Example_spec_kryschur[0x4cc2f1]
[genoahost103:604642] [ 8] ./Example_spec_kryschur[0x4c7e95]
[genoahost103:604642] [ 9] ./Example_spec_kryschur[0x4b5f4f]
[genoahost103:604642] [10] ./Example_spec_kryschur[0x41180d]
[genoahost103:604642] [11] /lib64/libc.so.6(+0x2a610)[0x1554c662a610]
[genoahost103:604642] [12] /lib64/libc.so.6(__libc_start_main+0x80)[0x1554c662a6c0]
[genoahost103:604642] [13] ./Example_spec_kryschur[0x4147f5]
[genoahost103:604642] *** End of error message ***
srun: error: genoahost102: task 86: Exited with exit code 134
Example_spec_kryschur: ../../Grid/communicator/SharedMemoryMPI.cc:434: static void Grid::GlobalSharedMemory::OptimalCommunicatorSharedMemory(const Coordinate&, ompi_communicator_t*&, Grid::Coordinate&): Assertion `WorldSize==Nprocessors' failed.
[genoahost099:1596761] *** Process received signal ***
[genoahost099:1596761] Signal: Aborted (6)
[genoahost099:1596761] Signal code:  (-6)
[genoahost099:1596761] [ 0] /lib64/libc.so.6(+0x3fc30)[0x14b64b63fc30]
[genoahost099:1596761] [ 1] /lib64/libc.so.6(+0x8d02c)[0x14b64b68d02c]
[genoahost099:1596761] [ 2] /lib64/libc.so.6(raise+0x16)[0x14b64b63fb86]
[genoahost099:1596761] [ 3] /lib64/libc.so.6(abort+0xd3)[0x14b64b629873]
[genoahost099:1596761] [ 4] /lib64/libc.so.6(+0x2979b)[0x14b64b62979b]
[genoahost099:1596761] [ 5] /lib64/libc.so.6(+0x388c6)[0x14b64b6388c6]
[genoahost099:1596761] [ 6] ./Example_spec_kryschur[0x4cc206]
[genoahost099:1596761] [ 7] ./Example_spec_kryschur[0x4cc2f1]
[genoahost099:1596761] [ 8] ./Example_spec_kryschur[0x4c7e95]
[genoahost099:1596761] [ 9] ./Example_spec_kryschur[0x4b5f4f]
[genoahost099:1596761] [10] ./Example_spec_kryschur[0x41180d]
[genoahost099:1596761] [11] /lib64/libc.so.6(+0x2a610)[0x14b64b62a610]
[genoahost099:1596761] [12] /lib64/libc.so.6(__libc_start_main+0x80)[0x14b64b62a6c0]
[genoahost099:1596761] [13] ./Example_spec_kryschur[0x4147f5]
[genoahost099:1596761] *** End of error message ***
Example_spec_kryschur: ../../Grid/communicator/SharedMemoryMPI.cc:434: static void Grid::GlobalSharedMemory::OptimalCommunicatorSharedMemory(const Coordinate&, ompi_communicator_t*&, Grid::Coordinate&): Assertion `WorldSize==Nprocessors' failed.
[genoahost100:636300] *** Process received signal ***
[genoahost100:636300] Signal: Aborted (6)
[genoahost100:636300] Signal code:  (-6)
[genoahost100:636300] [ 0] /lib64/libc.so.6(+0x3fc30)[0x15116723fc30]
[genoahost100:636300] [ 1] /lib64/libc.so.6(+0x8d02c)[0x15116728d02c]
[genoahost100:636300] [ 2] /lib64/libc.so.6(raise+0x16)[0x15116723fb86]
[genoahost100:636300] [ 3] /lib64/libc.so.6(abort+0xd3)[0x151167229873]
[genoahost100:636300] [ 4] /lib64/libc.so.6(+0x2979b)[0x15116722979b]
[genoahost100:636300] [ 5] /lib64/libc.so.6(+0x388c6)[0x1511672388c6]
[genoahost100:636300] [ 6] ./Example_spec_kryschur[0x4cc206]
[genoahost100:636300] [ 7] ./Example_spec_kryschur[0x4cc2f1]
[genoahost100:636300] [ 8] ./Example_spec_kryschur[0x4c7e95]
[genoahost100:636300] [ 9] ./Example_spec_kryschur[0x4b5f4f]
[genoahost100:636300] [10] ./Example_spec_kryschur[0x41180d]
[genoahost100:636300] [11] /lib64/libc.so.6(+0x2a610)[0x15116722a610]
[genoahost100:636300] [12] /lib64/libc.so.6(__libc_start_main+0x80)[0x15116722a6c0]
[genoahost100:636300] [13] ./Example_spec_kryschur[0x4147f5]
[genoahost100:636300] *** End of error message ***
Example_spec_kryschur: ../../Grid/communicator/SharedMemoryMPI.cc:434: static void Grid::GlobalSharedMemory::OptimalCommunicatorSharedMemory(const Coordinate&, ompi_communicator_t*&, Grid::Coordinate&): Assertion `WorldSize==Nprocessors' failed.
[genoahost103:604649] *** Process received signal ***
[genoahost103:604649] Signal: Aborted (6)
[genoahost103:604649] Signal code:  (-6)
[genoahost103:604649] [ 0] /lib64/libc.so.6(+0x3fc30)[0x148013c3fc30]
[genoahost103:604649] [ 1] /lib64/libc.so.6(+0x8d02c)[0x148013c8d02c]
[genoahost103:604649] [ 2] /lib64/libc.so.6(raise+0x16)[0x148013c3fb86]
[genoahost103:604649] [ 3] /lib64/libc.so.6(abort+0xd3)[0x148013c29873]
[genoahost103:604649] [ 4] /lib64/libc.so.6(+0x2979b)[0x148013c2979b]
[genoahost103:604649] [ 5] /lib64/libc.so.6(+0x388c6)[0x148013c388c6]
[genoahost103:604649] [ 6] ./Example_spec_kryschur[0x4cc206]
[genoahost103:604649] [ 7] ./Example_spec_kryschur[0x4cc2f1]
[genoahost103:604649] [ 8] ./Example_spec_kryschur[0x4c7e95]
[genoahost103:604649] [ 9] ./Example_spec_kryschur[0x4b5f4f]
[genoahost103:604649] [10] ./Example_spec_kryschur[0x41180d]
[genoahost103:604649] [11] /lib64/libc.so.6(+0x2a610)[0x148013c2a610]
[genoahost103:604649] [12] /lib64/libc.so.6(__libc_start_main+0x80)[0x148013c2a6c0]
[genoahost103:604649] [13] ./Example_spec_kryschur[0x4147f5]
[genoahost103:604649] *** End of error message ***
Example_spec_kryschur: ../../Grid/communicator/SharedMemoryMPI.cc:434: static void Grid::GlobalSharedMemory::OptimalCommunicatorSharedMemory(const Coordinate&, ompi_communicator_t*&, Grid::Coordinate&): Assertion `WorldSize==Nprocessors' failed.
[genoahost099:1596760] *** Process received signal ***
[genoahost099:1596760] Signal: Aborted (6)
[genoahost099:1596760] Signal code:  (-6)
[genoahost099:1596760] [ 0] /lib64/libc.so.6(+0x3fc30)[0x14d60983fc30]
[genoahost099:1596760] [ 1] /lib64/libc.so.6(+0x8d02c)[0x14d60988d02c]
[genoahost099:1596760] [ 2] /lib64/libc.so.6(raise+0x16)[0x14d60983fb86]
[genoahost099:1596760] [ 3] /lib64/libc.so.6(abort+0xd3)[0x14d609829873]
[genoahost099:1596760] [ 4] /lib64/libc.so.6(+0x2979b)[0x14d60982979b]
[genoahost099:1596760] [ 5] /lib64/libc.so.6(+0x388c6)[0x14d6098388c6]
[genoahost099:1596760] [ 6] ./Example_spec_kryschur[0x4cc206]
[genoahost099:1596760] [ 7] ./Example_spec_kryschur[0x4cc2f1]
[genoahost099:1596760] [ 8] ./Example_spec_kryschur[0x4c7e95]
[genoahost099:1596760] [ 9] ./Example_spec_kryschur[0x4b5f4f]
[genoahost099:1596760] [10] ./Example_spec_kryschur[0x41180d]
[genoahost099:1596760] [11] /lib64/libc.so.6(+0x2a610)[0x14d60982a610]
[genoahost099:1596760] [12] /lib64/libc.so.6(__libc_start_main+0x80)[0x14d60982a6c0]
[genoahost099:1596760] [13] ./Example_spec_kryschur[0x4147f5]
[genoahost099:1596760] *** End of error message ***
Example_spec_kryschur: ../../Grid/communicator/SharedMemoryMPI.cc:434: static void Grid::GlobalSharedMemory::OptimalCommunicatorSharedMemory(const Coordinate&, ompi_communicator_t*&, Grid::Coordinate&): Assertion `WorldSize==Nprocessors' failed.
[genoahost100:636311] *** Process received signal ***
[genoahost100:636311] Signal: Aborted (6)
[genoahost100:636311] Signal code:  (-6)
[genoahost100:636311] [ 0] /lib64/libc.so.6(+0x3fc30)[0x152b5063fc30]
[genoahost100:636311] [ 1] /lib64/libc.so.6(+0x8d02c)[0x152b5068d02c]
[genoahost100:636311] [ 2] /lib64/libc.so.6(raise+0x16)[0x152b5063fb86]
[genoahost100:636311] [ 3] /lib64/libc.so.6(abort+0xd3)[0x152b50629873]
[genoahost100:636311] [ 4] /lib64/libc.so.6(+0x2979b)[0x152b5062979b]
[genoahost100:636311] [ 5] /lib64/libc.so.6(+0x388c6)[0x152b506388c6]
[genoahost100:636311] [ 6] ./Example_spec_kryschur[0x4cc206]
[genoahost100:636311] [ 7] ./Example_spec_kryschur[0x4cc2f1]
[genoahost100:636311] [ 8] ./Example_spec_kryschur[0x4c7e95]
[genoahost100:636311] [ 9] ./Example_spec_kryschur[0x4b5f4f]
[genoahost100:636311] [10] ./Example_spec_kryschur[0x41180d]
[genoahost100:636311] [11] /lib64/libc.so.6(+0x2a610)[0x152b5062a610]
[genoahost100:636311] [12] /lib64/libc.so.6(__libc_start_main+0x80)[0x152b5062a6c0]
[genoahost100:636311] [13] ./Example_spec_kryschur[0x4147f5]
[genoahost100:636311] *** End of error message ***
Example_spec_kryschur: ../../Grid/communicator/SharedMemoryMPI.cc:434: static void Grid::GlobalSharedMemory::OptimalCommunicatorSharedMemory(const Coordinate&, ompi_communicator_t*&, Grid::Coordinate&): Assertion `WorldSize==Nprocessors' failed.
[genoahost100:636303] *** Process received signal ***
[genoahost100:636303] Signal: Aborted (6)
[genoahost100:636303] Signal code:  (-6)
[genoahost100:636303] [ 0] /lib64/libc.so.6(+0x3fc30)[0x151e6423fc30]
[genoahost100:636303] [ 1] /lib64/libc.so.6(+0x8d02c)[0x151e6428d02c]
[genoahost100:636303] [ 2] /lib64/libc.so.6(raise+0x16)[0x151e6423fb86]
[genoahost100:636303] [ 3] /lib64/libc.so.6(abort+0xd3)[0x151e64229873]
[genoahost100:636303] [ 4] /lib64/libc.so.6(+0x2979b)[0x151e6422979b]
[genoahost100:636303] [ 5] /lib64/libc.so.6(+0x388c6)[0x151e642388c6]
[genoahost100:636303] [ 6] ./Example_spec_kryschur[0x4cc206]
[genoahost100:636303] [ 7] ./Example_spec_kryschur[0x4cc2f1]
[genoahost100:636303] [ 8] ./Example_spec_kryschur[0x4c7e95]
[genoahost100:636303] [ 9] ./Example_spec_kryschur[0x4b5f4f]
[genoahost100:636303] [10] ./Example_spec_kryschur[0x41180d]
[genoahost100:636303] [11] /lib64/libc.so.6(+0x2a610)[0x151e6422a610]
[genoahost100:636303] [12] /lib64/libc.so.6(__libc_start_main+0x80)[0x151e6422a6c0]
[genoahost100:636303] [13] ./Example_spec_kryschur[0x4147f5]
[genoahost100:636303] *** End of error message ***
Example_spec_kryschur: ../../Grid/communicator/SharedMemoryMPI.cc:434: static void Grid::GlobalSharedMemory::OptimalCommunicatorSharedMemory(const Coordinate&, ompi_communicator_t*&, Grid::Coordinate&): Assertion `WorldSize==Nprocessors' failed.
[genoahost098:1617340] *** Process received signal ***
[genoahost098:1617340] Signal: Aborted (6)
[genoahost098:1617340] Signal code:  (-6)
[genoahost098:1617340] [ 0] /lib64/libc.so.6(+0x3fc30)[0x152514e3fc30]
[genoahost098:1617340] [ 1] /lib64/libc.so.6(+0x8d02c)[0x152514e8d02c]
[genoahost098:1617340] [ 2] /lib64/libc.so.6(raise+0x16)[0x152514e3fb86]
[genoahost098:1617340] [ 3] /lib64/libc.so.6(abort+0xd3)[0x152514e29873]
[genoahost098:1617340] [ 4] /lib64/libc.so.6(+0x2979b)[0x152514e2979b]
[genoahost098:1617340] [ 5] /lib64/libc.so.6(+0x388c6)[0x152514e388c6]
[genoahost098:1617340] [ 6] ./Example_spec_kryschur[0x4cc206]
[genoahost098:1617340] [ 7] ./Example_spec_kryschur[0x4cc2f1]
[genoahost098:1617340] [ 8] ./Example_spec_kryschur[0x4c7e95]
[genoahost098:1617340] [ 9] ./Example_spec_kryschur[0x4b5f4f]
[genoahost098:1617340] [10] ./Example_spec_kryschur[0x41180d]
[genoahost098:1617340] [11] /lib64/libc.so.6(+0x2a610)[0x152514e2a610]
[genoahost098:1617340] [12] /lib64/libc.so.6(__libc_start_main+0x80)[0x152514e2a6c0]
[genoahost098:1617340] [13] ./Example_spec_kryschur[0x4147f5]
[genoahost098:1617340] *** End of error message ***
Example_spec_kryschur: ../../Grid/communicator/SharedMemoryMPI.cc:434: static void Grid::GlobalSharedMemory::OptimalCommunicatorSharedMemory(const Coordinate&, ompi_communicator_t*&, Grid::Coordinate&): Assertion `WorldSize==Nprocessors' failed.
[genoahost098:1617336] *** Process received signal ***
[genoahost098:1617336] Signal: Aborted (6)
[genoahost098:1617336] Signal code:  (-6)
[genoahost098:1617336] [ 0] /lib64/libc.so.6(+0x3fc30)[0x15514623fc30]
[genoahost098:1617336] [ 1] /lib64/libc.so.6(+0x8d02c)[0x15514628d02c]
[genoahost098:1617336] [ 2] /lib64/libc.so.6(raise+0x16)[0x15514623fb86]
[genoahost098:1617336] [ 3] /lib64/libc.so.6(abort+0xd3)[0x155146229873]
[genoahost098:1617336] [ 4] /lib64/libc.so.6(+0x2979b)[0x15514622979b]
[genoahost098:1617336] [ 5] /lib64/libc.so.6(+0x388c6)[0x1551462388c6]
[genoahost098:1617336] [ 6] ./Example_spec_kryschur[0x4cc206]
[genoahost098:1617336] [ 7] ./Example_spec_kryschur[0x4cc2f1]
[genoahost098:1617336] [ 8] ./Example_spec_kryschur[0x4c7e95]
[genoahost098:1617336] [ 9] ./Example_spec_kryschur[0x4b5f4f]
[genoahost098:1617336] [10] ./Example_spec_kryschur[0x41180d]
[genoahost098:1617336] [11] /lib64/libc.so.6(+0x2a610)[0x15514622a610]
[genoahost098:1617336] [12] /lib64/libc.so.6(__libc_start_main+0x80)[0x15514622a6c0]
[genoahost098:1617336] [13] ./Example_spec_kryschur[0x4147f5]
[genoahost098:1617336] *** End of error message ***
Example_spec_kryschur: ../../Grid/communicator/SharedMemoryMPI.cc:434: static void Grid::GlobalSharedMemory::OptimalCommunicatorSharedMemory(const Coordinate&, ompi_communicator_t*&, Grid::Coordinate&): Assertion `WorldSize==Nprocessors' failed.
[genoahost099:1596765] *** Process received signal ***
[genoahost099:1596765] Signal: Aborted (6)
[genoahost099:1596765] Signal code:  (-6)
[genoahost099:1596765] [ 0] /lib64/libc.so.6(+0x3fc30)[0x150a8d83fc30]
[genoahost099:1596765] [ 1] /lib64/libc.so.6(+0x8d02c)[0x150a8d88d02c]
[genoahost099:1596765] [ 2] /lib64/libc.so.6(raise+0x16)[0x150a8d83fb86]
[genoahost099:1596765] [ 3] /lib64/libc.so.6(abort+0xd3)[0x150a8d829873]
[genoahost099:1596765] [ 4] /lib64/libc.so.6(+0x2979b)[0x150a8d82979b]
[genoahost099:1596765] [ 5] /lib64/libc.so.6(+0x388c6)[0x150a8d8388c6]
[genoahost099:1596765] [ 6] ./Example_spec_kryschur[0x4cc206]
[genoahost099:1596765] [ 7] ./Example_spec_kryschur[0x4cc2f1]
[genoahost099:1596765] [ 8] ./Example_spec_kryschur[0x4c7e95]
[genoahost099:1596765] [ 9] ./Example_spec_kryschur[0x4b5f4f]
[genoahost099:1596765] [10] ./Example_spec_kryschur[0x41180d]
[genoahost099:1596765] [11] /lib64/libc.so.6(+0x2a610)[0x150a8d82a610]
[genoahost099:1596765] [12] /lib64/libc.so.6(__libc_start_main+0x80)[0x150a8d82a6c0]
[genoahost099:1596765] [13] ./Example_spec_kryschur[0x4147f5]
[genoahost099:1596765] *** End of error message ***
Example_spec_kryschur: ../../Grid/communicator/SharedMemoryMPI.cc:434: static void Grid::GlobalSharedMemory::OptimalCommunicatorSharedMemory(const Coordinate&, ompi_communicator_t*&, Grid::Coordinate&): Assertion `WorldSize==Nprocessors' failed.
[genoahost101:1135149] *** Process received signal ***
[genoahost101:1135149] Signal: Aborted (6)
[genoahost101:1135149] Signal code:  (-6)
[genoahost101:1135149] [ 0] /lib64/libc.so.6(+0x3fc30)[0x150f5003fc30]
[genoahost101:1135149] [ 1] /lib64/libc.so.6(+0x8d02c)[0x150f5008d02c]
[genoahost101:1135149] [ 2] /lib64/libc.so.6(raise+0x16)[0x150f5003fb86]
[genoahost101:1135149] [ 3] /lib64/libc.so.6(abort+0xd3)[0x150f50029873]
[genoahost101:1135149] [ 4] /lib64/libc.so.6(+0x2979b)[0x150f5002979b]
[genoahost101:1135149] [ 5] /lib64/libc.so.6(+0x388c6)[0x150f500388c6]
[genoahost101:1135149] [ 6] ./Example_spec_kryschur[0x4cc206]
[genoahost101:1135149] [ 7] ./Example_spec_kryschur[0x4cc2f1]
[genoahost101:1135149] [ 8] ./Example_spec_kryschur[0x4c7e95]
[genoahost101:1135149] [ 9] ./Example_spec_kryschur[0x4b5f4f]
[genoahost101:1135149] [10] ./Example_spec_kryschur[0x41180d]
[genoahost101:1135149] [11] /lib64/libc.so.6(+0x2a610)[0x150f5002a610]
[genoahost101:1135149] [12] /lib64/libc.so.6(__libc_start_main+0x80)[0x150f5002a6c0]
[genoahost101:1135149] [13] ./Example_spec_kryschur[0x4147f5]
[genoahost101:1135149] *** End of error message ***
Example_spec_kryschur: ../../Grid/communicator/SharedMemoryMPI.cc:434: static void Grid::GlobalSharedMemory::OptimalCommunicatorSharedMemory(const Coordinate&, ompi_communicator_t*&, Grid::Coordinate&): Assertion `WorldSize==Nprocessors' failed.
[genoahost104:616140] *** Process received signal ***
[genoahost104:616140] Signal: Aborted (6)
[genoahost104:616140] Signal code:  (-6)
[genoahost104:616140] [ 0] /lib64/libc.so.6(+0x3fc30)[0x146cda03fc30]
[genoahost104:616140] [ 1] /lib64/libc.so.6(+0x8d02c)[0x146cda08d02c]
[genoahost104:616140] [ 2] /lib64/libc.so.6(raise+0x16)[0x146cda03fb86]
[genoahost104:616140] [ 3] /lib64/libc.so.6(abort+0xd3)[0x146cda029873]
[genoahost104:616140] [ 4] /lib64/libc.so.6(+0x2979b)[0x146cda02979b]
[genoahost104:616140] [ 5] /lib64/libc.so.6(+0x388c6)[0x146cda0388c6]
[genoahost104:616140] [ 6] ./Example_spec_kryschur[0x4cc206]
[genoahost104:616140] [ 7] ./Example_spec_kryschur[0x4cc2f1]
[genoahost104:616140] [ 8] ./Example_spec_kryschur[0x4c7e95]
[genoahost104:616140] [ 9] ./Example_spec_kryschur[0x4b5f4f]
[genoahost104:616140] [10] ./Example_spec_kryschur[0x41180d]
[genoahost104:616140] [11] /lib64/libc.so.6(+0x2a610)[0x146cda02a610]
[genoahost104:616140] [12] /lib64/libc.so.6(__libc_start_main+0x80)[0x146cda02a6c0]
[genoahost104:616140] [13] ./Example_spec_kryschur[0x4147f5]
[genoahost104:616140] *** End of error message ***
Example_spec_kryschur: ../../Grid/communicator/SharedMemoryMPI.cc:434: static void Grid::GlobalSharedMemory::OptimalCommunicatorSharedMemory(const Coordinate&, ompi_communicator_t*&, Grid::Coordinate&): Assertion `WorldSize==Nprocessors' failed.
[genoahost098:1617337] *** Process received signal ***
[genoahost098:1617337] Signal: Aborted (6)
[genoahost098:1617337] Signal code:  (-6)
[genoahost098:1617337] [ 0] /lib64/libc.so.6(+0x3fc30)[0x151e0ec3fc30]
[genoahost098:1617337] [ 1] /lib64/libc.so.6(+0x8d02c)[0x151e0ec8d02c]
[genoahost098:1617337] [ 2] /lib64/libc.so.6(raise+0x16)[0x151e0ec3fb86]
[genoahost098:1617337] [ 3] /lib64/libc.so.6(abort+0xd3)[0x151e0ec29873]
[genoahost098:1617337] [ 4] /lib64/libc.so.6(+0x2979b)[0x151e0ec2979b]
[genoahost098:1617337] [ 5] /lib64/libc.so.6(+0x388c6)[0x151e0ec388c6]
[genoahost098:1617337] [ 6] ./Example_spec_kryschur[0x4cc206]
[genoahost098:1617337] [ 7] ./Example_spec_kryschur[0x4cc2f1]
[genoahost098:1617337] [ 8] ./Example_spec_kryschur[0x4c7e95]
[genoahost098:1617337] [ 9] ./Example_spec_kryschur[0x4b5f4f]
[genoahost098:1617337] [10] ./Example_spec_kryschur[0x41180d]
[genoahost098:1617337] [11] /lib64/libc.so.6(+0x2a610)[0x151e0ec2a610]
[genoahost098:1617337] [12] /lib64/libc.so.6(__libc_start_main+0x80)[0x151e0ec2a6c0]
[genoahost098:1617337] [13] ./Example_spec_kryschur[0x4147f5]
[genoahost098:1617337] *** End of error message ***
/direct/sdcc+u/poare/Grid/build/examples/./gpu_tile.sh: line 43: 1717532 Aborted                 (core dumped) numactl -p $NUMAP -N $NUMAP "$@"
Example_spec_kryschur: ../../Grid/communicator/SharedMemoryMPI.cc:434: static void Grid::GlobalSharedMemory::OptimalCommunicatorSharedMemory(const Coordinate&, ompi_communicator_t*&, Grid::Coordinate&): Assertion `WorldSize==Nprocessors' failed.
[genoahost103:604651] *** Process received signal ***
[genoahost103:604651] Signal: Aborted (6)
[genoahost103:604651] Signal code:  (-6)
[genoahost103:604651] [ 0] /lib64/libc.so.6(+0x3fc30)[0x1458dac3fc30]
[genoahost103:604651] [ 1] /lib64/libc.so.6(+0x8d02c)[0x1458dac8d02c]
[genoahost103:604651] [ 2] /lib64/libc.so.6(raise+0x16)[0x1458dac3fb86]
[genoahost103:604651] [ 3] /lib64/libc.so.6(abort+0xd3)[0x1458dac29873]
[genoahost103:604651] [ 4] /lib64/libc.so.6(+0x2979b)[0x1458dac2979b]
[genoahost103:604651] [ 5] /lib64/libc.so.6(+0x388c6)[0x1458dac388c6]
[genoahost103:604651] [ 6] ./Example_spec_kryschur[0x4cc206]
[genoahost103:604651] [ 7] ./Example_spec_kryschur[0x4cc2f1]
[genoahost103:604651] [ 8] ./Example_spec_kryschur[0x4c7e95]
[genoahost103:604651] [ 9] ./Example_spec_kryschur[0x4b5f4f]
[genoahost103:604651] [10] ./Example_spec_kryschur[0x41180d]
[genoahost103:604651] [11] /lib64/libc.so.6(+0x2a610)[0x1458dac2a610]
[genoahost103:604651] [12] /lib64/libc.so.6(__libc_start_main+0x80)[0x1458dac2a6c0]
[genoahost103:604651] [13] ./Example_spec_kryschur[0x4147f5]
[genoahost103:604651] *** End of error message ***
Example_spec_kryschur: ../../Grid/communicator/SharedMemoryMPI.cc:434: static void Grid::GlobalSharedMemory::OptimalCommunicatorSharedMemory(const Coordinate&, ompi_communicator_t*&, Grid::Coordinate&): Assertion `WorldSize==Nprocessors' failed.
[genoahost104:616136] *** Process received signal ***
[genoahost104:616136] Signal: Aborted (6)
[genoahost104:616136] Signal code:  (-6)
[genoahost104:616136] [ 0] /lib64/libc.so.6(+0x3fc30)[0x14934c43fc30]
[genoahost104:616136] [ 1] /lib64/libc.so.6(+0x8d02c)[0x14934c48d02c]
[genoahost104:616136] [ 2] /lib64/libc.so.6(raise+0x16)[0x14934c43fb86]
[genoahost104:616136] [ 3] /lib64/libc.so.6(abort+0xd3)[0x14934c429873]
[genoahost104:616136] [ 4] /lib64/libc.so.6(+0x2979b)[0x14934c42979b]
[genoahost104:616136] [ 5] /lib64/libc.so.6(+0x388c6)[0x14934c4388c6]
[genoahost104:616136] [ 6] ./Example_spec_kryschur[0x4cc206]
[genoahost104:616136] [ 7] ./Example_spec_kryschur[0x4cc2f1]
[genoahost104:616136] [ 8] ./Example_spec_kryschur[0x4c7e95]
[genoahost104:616136] [ 9] ./Example_spec_kryschur[0x4b5f4f]
[genoahost104:616136] [10] ./Example_spec_kryschur[0x41180d]
[genoahost104:616136] [11] /lib64/libc.so.6(+0x2a610)[0x14934c42a610]
[genoahost104:616136] [12] /lib64/libc.so.6(__libc_start_main+0x80)[0x14934c42a6c0]
[genoahost104:616136] [13] ./Example_spec_kryschur[0x4147f5]
[genoahost104:616136] *** End of error message ***
Example_spec_kryschur: ../../Grid/communicator/SharedMemoryMPI.cc:434: static void Grid::GlobalSharedMemory::OptimalCommunicatorSharedMemory(const Coordinate&, ompi_communicator_t*&, Grid::Coordinate&): Assertion `WorldSize==Nprocessors' failed.
[genoahost103:604643] *** Process received signal ***
[genoahost103:604643] Signal: Aborted (6)
[genoahost103:604643] Signal code:  (-6)
[genoahost103:604643] [ 0] /lib64/libc.so.6(+0x3fc30)[0x14eb0f63fc30]
[genoahost103:604643] [ 1] /lib64/libc.so.6(+0x8d02c)[0x14eb0f68d02c]
[genoahost103:604643] [ 2] /lib64/libc.so.6(raise+0x16)[0x14eb0f63fb86]
[genoahost103:604643] [ 3] /lib64/libc.so.6(abort+0xd3)[0x14eb0f629873]
[genoahost103:604643] [ 4] /lib64/libc.so.6(+0x2979b)[0x14eb0f62979b]
[genoahost103:604643] [ 5] /lib64/libc.so.6(+0x388c6)[0x14eb0f6388c6]
[genoahost103:604643] [ 6] ./Example_spec_kryschur[0x4cc206]
[genoahost103:604643] [ 7] ./Example_spec_kryschur[0x4cc2f1]
[genoahost103:604643] [ 8] ./Example_spec_kryschur[0x4c7e95]
[genoahost103:604643] [ 9] ./Example_spec_kryschur[0x4b5f4f]
[genoahost103:604643] [10] ./Example_spec_kryschur[0x41180d]
[genoahost103:604643] [11] /lib64/libc.so.6(+0x2a610)[0x14eb0f62a610]
[genoahost103:604643] [12] /lib64/libc.so.6(__libc_start_main+0x80)[0x14eb0f62a6c0]
[genoahost103:604643] [13] ./Example_spec_kryschur[0x4147f5]
[genoahost103:604643] *** End of error message ***
Example_spec_kryschur: ../../Grid/communicator/SharedMemoryMPI.cc:434: static void Grid::GlobalSharedMemory::OptimalCommunicatorSharedMemory(const Coordinate&, ompi_communicator_t*&, Grid::Coordinate&): Assertion `WorldSize==Nprocessors' failed.
[genoahost099:1596768] *** Process received signal ***
[genoahost099:1596768] Signal: Aborted (6)
[genoahost099:1596768] Signal code:  (-6)
[genoahost099:1596768] [ 0] /lib64/libc.so.6(+0x3fc30)[0x15042683fc30]
[genoahost099:1596768] [ 1] /lib64/libc.so.6(+0x8d02c)[0x15042688d02c]
[genoahost099:1596768] [ 2] /lib64/libc.so.6(raise+0x16)[0x15042683fb86]
[genoahost099:1596768] [ 3] /lib64/libc.so.6(abort+0xd3)[0x150426829873]
[genoahost099:1596768] [ 4] /lib64/libc.so.6(+0x2979b)[0x15042682979b]
[genoahost099:1596768] [ 5] /lib64/libc.so.6(+0x388c6)[0x1504268388c6]
[genoahost099:1596768] [ 6] ./Example_spec_kryschur[0x4cc206]
[genoahost099:1596768] [ 7] ./Example_spec_kryschur[0x4cc2f1]
[genoahost099:1596768] [ 8] ./Example_spec_kryschur[0x4c7e95]
[genoahost099:1596768] [ 9] ./Example_spec_kryschur[0x4b5f4f]
[genoahost099:1596768] [10] ./Example_spec_kryschur[0x41180d]
[genoahost099:1596768] [11] /lib64/libc.so.6(+0x2a610)[0x15042682a610]
[genoahost099:1596768] [12] /lib64/libc.so.6(__libc_start_main+0x80)[0x15042682a6c0]
[genoahost099:1596768] [13] ./Example_spec_kryschur[0x4147f5]
[genoahost099:1596768] *** End of error message ***
Example_spec_kryschur: ../../Grid/communicator/SharedMemoryMPI.cc:434: static void Grid::GlobalSharedMemory::OptimalCommunicatorSharedMemory(const Coordinate&, ompi_communicator_t*&, Grid::Coordinate&): Assertion `WorldSize==Nprocessors' failed.
[genoahost098:1617342] *** Process received signal ***
[genoahost098:1617342] Signal: Aborted (6)
[genoahost098:1617342] Signal code:  (-6)
[genoahost098:1617342] [ 0] /lib64/libc.so.6(+0x3fc30)[0x14d73183fc30]
[genoahost098:1617342] [ 1] /lib64/libc.so.6(+0x8d02c)[0x14d73188d02c]
[genoahost098:1617342] [ 2] /lib64/libc.so.6(raise+0x16)[0x14d73183fb86]
[genoahost098:1617342] [ 3] /lib64/libc.so.6(abort+0xd3)[0x14d731829873]
[genoahost098:1617342] [ 4] /lib64/libc.so.6(+0x2979b)[0x14d73182979b]
[genoahost098:1617342] [ 5] /lib64/libc.so.6(+0x388c6)[0x14d7318388c6]
[genoahost098:1617342] [ 6] ./Example_spec_kryschur[0x4cc206]
[genoahost098:1617342] [ 7] ./Example_spec_kryschur[0x4cc2f1]
[genoahost098:1617342] [ 8] ./Example_spec_kryschur[0x4c7e95]
[genoahost098:1617342] [ 9] ./Example_spec_kryschur[0x4b5f4f]
[genoahost098:1617342] [10] ./Example_spec_kryschur[0x41180d]
[genoahost098:1617342] [11] /lib64/libc.so.6(+0x2a610)[0x14d73182a610]
[genoahost098:1617342] [12] /lib64/libc.so.6(__libc_start_main+0x80)[0x14d73182a6c0]
[genoahost098:1617342] [13] ./Example_spec_kryschur[0x4147f5]
[genoahost098:1617342] *** End of error message ***
Example_spec_kryschur: ../../Grid/communicator/SharedMemoryMPI.cc:434: static void Grid::GlobalSharedMemory::OptimalCommunicatorSharedMemory(const Coordinate&, ompi_communicator_t*&, Grid::Coordinate&): Assertion `WorldSize==Nprocessors' failed.
[genoahost104:616129] *** Process received signal ***
[genoahost104:616129] Signal: Aborted (6)
[genoahost104:616129] Signal code:  (-6)
[genoahost104:616129] [ 0] /lib64/libc.so.6(+0x3fc30)[0x1465ac43fc30]
[genoahost104:616129] [ 1] /lib64/libc.so.6(+0x8d02c)[0x1465ac48d02c]
[genoahost104:616129] [ 2] /lib64/libc.so.6(raise+0x16)[0x1465ac43fb86]
[genoahost104:616129] [ 3] /lib64/libc.so.6(abort+0xd3)[0x1465ac429873]
[genoahost104:616129] [ 4] /lib64/libc.so.6(+0x2979b)[0x1465ac42979b]
[genoahost104:616129] [ 5] /lib64/libc.so.6(+0x388c6)[0x1465ac4388c6]
[genoahost104:616129] [ 6] ./Example_spec_kryschur[0x4cc206]
[genoahost104:616129] [ 7] ./Example_spec_kryschur[0x4cc2f1]
[genoahost104:616129] [ 8] ./Example_spec_kryschur[0x4c7e95]
[genoahost104:616129] [ 9] ./Example_spec_kryschur[0x4b5f4f]
[genoahost104:616129] [10] ./Example_spec_kryschur[0x41180d]
[genoahost104:616129] [11] /lib64/libc.so.6(+0x2a610)[0x1465ac42a610]
[genoahost104:616129] [12] /lib64/libc.so.6(__libc_start_main+0x80)[0x1465ac42a6c0]
[genoahost104:616129] [13] ./Example_spec_kryschur[0x4147f5]
[genoahost104:616129] *** End of error message ***
srun: error: genoahost097: task 6: Exited with exit code 134
Example_spec_kryschur: ../../Grid/communicator/SharedMemoryMPI.cc:434: static void Grid::GlobalSharedMemory::OptimalCommunicatorSharedMemory(const Coordinate&, ompi_communicator_t*&, Grid::Coordinate&): Assertion `WorldSize==Nprocessors' failed.
[genoahost100:636305] *** Process received signal ***
[genoahost100:636305] Signal: Aborted (6)
[genoahost100:636305] Signal code:  (-6)
[genoahost100:636305] [ 0] /lib64/libc.so.6(+0x3fc30)[0x15304c03fc30]
[genoahost100:636305] [ 1] /lib64/libc.so.6(+0x8d02c)[0x15304c08d02c]
[genoahost100:636305] [ 2] /lib64/libc.so.6(raise+0x16)[0x15304c03fb86]
[genoahost100:636305] [ 3] /lib64/libc.so.6(abort+0xd3)[0x15304c029873]
[genoahost100:636305] [ 4] /lib64/libc.so.6(+0x2979b)[0x15304c02979b]
[genoahost100:636305] [ 5] /lib64/libc.so.6(+0x388c6)[0x15304c0388c6]
[genoahost100:636305] [ 6] ./Example_spec_kryschur[0x4cc206]
[genoahost100:636305] [ 7] ./Example_spec_kryschur[0x4cc2f1]
[genoahost100:636305] [ 8] ./Example_spec_kryschur[0x4c7e95]
[genoahost100:636305] [ 9] ./Example_spec_kryschur[0x4b5f4f]
[genoahost100:636305] [10] ./Example_spec_kryschur[0x41180d]
[genoahost100:636305] [11] /lib64/libc.so.6(+0x2a610)[0x15304c02a610]
[genoahost100:636305] [12] /lib64/libc.so.6(__libc_start_main+0x80)[0x15304c02a6c0]
[genoahost100:636305] [13] ./Example_spec_kryschur[0x4147f5]
[genoahost100:636305] *** End of error message ***
Example_spec_kryschur: ../../Grid/communicator/SharedMemoryMPI.cc:434: static void Grid::GlobalSharedMemory::OptimalCommunicatorSharedMemory(const Coordinate&, ompi_communicator_t*&, Grid::Coordinate&): Assertion `WorldSize==Nprocessors' failed.
[genoahost100:636302] *** Process received signal ***
[genoahost100:636302] Signal: Aborted (6)
[genoahost100:636302] Signal code:  (-6)
[genoahost100:636302] [ 0] /lib64/libc.so.6(+0x3fc30)[0x148c8ec3fc30]
[genoahost100:636302] [ 1] /lib64/libc.so.6(+0x8d02c)[0x148c8ec8d02c]
[genoahost100:636302] [ 2] /lib64/libc.so.6(raise+0x16)[0x148c8ec3fb86]
[genoahost100:636302] [ 3] /lib64/libc.so.6(abort+0xd3)[0x148c8ec29873]
[genoahost100:636302] [ 4] /lib64/libc.so.6(+0x2979b)[0x148c8ec2979b]
[genoahost100:636302] [ 5] /lib64/libc.so.6(+0x388c6)[0x148c8ec388c6]
[genoahost100:636302] [ 6] ./Example_spec_kryschur[0x4cc206]
[genoahost100:636302] [ 7] ./Example_spec_kryschur[0x4cc2f1]
[genoahost100:636302] [ 8] ./Example_spec_kryschur[0x4c7e95]
[genoahost100:636302] [ 9] ./Example_spec_kryschur[0x4b5f4f]
[genoahost100:636302] [10] ./Example_spec_kryschur[0x41180d]
[genoahost100:636302] [11] /lib64/libc.so.6(+0x2a610)[0x148c8ec2a610]
[genoahost100:636302] [12] /lib64/libc.so.6(__libc_start_main+0x80)[0x148c8ec2a6c0]
[genoahost100:636302] [13] ./Example_spec_kryschur[0x4147f5]
[genoahost100:636302] *** End of error message ***
Example_spec_kryschur: ../../Grid/communicator/SharedMemoryMPI.cc:434: static void Grid::GlobalSharedMemory::OptimalCommunicatorSharedMemory(const Coordinate&, ompi_communicator_t*&, Grid::Coordinate&): Assertion `WorldSize==Nprocessors' failed.
[genoahost103:604646] *** Process received signal ***
[genoahost103:604646] Signal: Aborted (6)
[genoahost103:604646] Signal code:  (-6)
[genoahost103:604646] [ 0] /lib64/libc.so.6(+0x3fc30)[0x14eb6503fc30]
[genoahost103:604646] [ 1] /lib64/libc.so.6(+0x8d02c)[0x14eb6508d02c]
[genoahost103:604646] [ 2] /lib64/libc.so.6(raise+0x16)[0x14eb6503fb86]
[genoahost103:604646] [ 3] /lib64/libc.so.6(abort+0xd3)[0x14eb65029873]
[genoahost103:604646] [ 4] /lib64/libc.so.6(+0x2979b)[0x14eb6502979b]
[genoahost103:604646] [ 5] /lib64/libc.so.6(+0x388c6)[0x14eb650388c6]
[genoahost103:604646] [ 6] ./Example_spec_kryschur[0x4cc206]
[genoahost103:604646] [ 7] ./Example_spec_kryschur[0x4cc2f1]
[genoahost103:604646] [ 8] ./Example_spec_kryschur[0x4c7e95]
[genoahost103:604646] [ 9] ./Example_spec_kryschur[0x4b5f4f]
[genoahost103:604646] [10] ./Example_spec_kryschur[0x41180d]
[genoahost103:604646] [11] /lib64/libc.so.6(+0x2a610)[0x14eb6502a610]
[genoahost103:604646] [12] /lib64/libc.so.6(__libc_start_main+0x80)[0x14eb6502a6c0]
[genoahost103:604646] [13] ./Example_spec_kryschur[0x4147f5]
[genoahost103:604646] *** End of error message ***
Example_spec_kryschur: ../../Grid/communicator/SharedMemoryMPI.cc:434: static void Grid::GlobalSharedMemory::OptimalCommunicatorSharedMemory(const Coordinate&, ompi_communicator_t*&, Grid::Coordinate&): Assertion `WorldSize==Nprocessors' failed.
[genoahost098:1617335] *** Process received signal ***
[genoahost098:1617335] Signal: Aborted (6)
[genoahost098:1617335] Signal code:  (-6)
[genoahost098:1617335] [ 0] /lib64/libc.so.6(+0x3fc30)[0x1539fbe3fc30]
[genoahost098:1617335] [ 1] /lib64/libc.so.6(+0x8d02c)[0x1539fbe8d02c]
[genoahost098:1617335] [ 2] /lib64/libc.so.6(raise+0x16)[0x1539fbe3fb86]
[genoahost098:1617335] [ 3] /lib64/libc.so.6(abort+0xd3)[0x1539fbe29873]
[genoahost098:1617335] [ 4] /lib64/libc.so.6(+0x2979b)[0x1539fbe2979b]
[genoahost098:1617335] [ 5] /lib64/libc.so.6(+0x388c6)[0x1539fbe388c6]
[genoahost098:1617335] [ 6] ./Example_spec_kryschur[0x4cc206]
[genoahost098:1617335] [ 7] ./Example_spec_kryschur[0x4cc2f1]
[genoahost098:1617335] [ 8] ./Example_spec_kryschur[0x4c7e95]
[genoahost098:1617335] [ 9] ./Example_spec_kryschur[0x4b5f4f]
[genoahost098:1617335] [10] ./Example_spec_kryschur[0x41180d]
[genoahost098:1617335] [11] /lib64/libc.so.6(+0x2a610)[0x1539fbe2a610]
[genoahost098:1617335] [12] /lib64/libc.so.6(__libc_start_main+0x80)[0x1539fbe2a6c0]
[genoahost098:1617335] [13] ./Example_spec_kryschur[0x4147f5]
[genoahost098:1617335] *** End of error message ***
Example_spec_kryschur: ../../Grid/communicator/SharedMemoryMPI.cc:434: static void Grid::GlobalSharedMemory::OptimalCommunicatorSharedMemory(const Coordinate&, ompi_communicator_t*&, Grid::Coordinate&): Assertion `WorldSize==Nprocessors' failed.
[genoahost101:1135148] *** Process received signal ***
[genoahost101:1135148] Signal: Aborted (6)
[genoahost101:1135148] Signal code:  (-6)
[genoahost101:1135148] [ 0] /lib64/libc.so.6(+0x3fc30)[0x14b69943fc30]
[genoahost101:1135148] [ 1] /lib64/libc.so.6(+0x8d02c)[0x14b69948d02c]
[genoahost101:1135148] [ 2] /lib64/libc.so.6(raise+0x16)[0x14b69943fb86]
[genoahost101:1135148] [ 3] /lib64/libc.so.6(abort+0xd3)[0x14b699429873]
[genoahost101:1135148] [ 4] /lib64/libc.so.6(+0x2979b)[0x14b69942979b]
[genoahost101:1135148] [ 5] /lib64/libc.so.6(+0x388c6)[0x14b6994388c6]
[genoahost101:1135148] [ 6] ./Example_spec_kryschur[0x4cc206]
[genoahost101:1135148] [ 7] ./Example_spec_kryschur[0x4cc2f1]
[genoahost101:1135148] [ 8] ./Example_spec_kryschur[0x4c7e95]
[genoahost101:1135148] [ 9] ./Example_spec_kryschur[0x4b5f4f]
[genoahost101:1135148] [10] ./Example_spec_kryschur[0x41180d]
[genoahost101:1135148] [11] /lib64/libc.so.6(+0x2a610)[0x14b69942a610]
[genoahost101:1135148] [12] /lib64/libc.so.6(__libc_start_main+0x80)[0x14b69942a6c0]
[genoahost101:1135148] [13] ./Example_spec_kryschur[0x4147f5]
[genoahost101:1135148] *** End of error message ***
Example_spec_kryschur: ../../Grid/communicator/SharedMemoryMPI.cc:434: static void Grid::GlobalSharedMemory::OptimalCommunicatorSharedMemory(const Coordinate&, ompi_communicator_t*&, Grid::Coordinate&): Assertion `WorldSize==Nprocessors' failed.
[genoahost098:1617347] *** Process received signal ***
[genoahost098:1617347] Signal: Aborted (6)
[genoahost098:1617347] Signal code:  (-6)
[genoahost098:1617347] [ 0] /lib64/libc.so.6(+0x3fc30)[0x150ca763fc30]
[genoahost098:1617347] [ 1] /lib64/libc.so.6(+0x8d02c)[0x150ca768d02c]
[genoahost098:1617347] [ 2] /lib64/libc.so.6(raise+0x16)[0x150ca763fb86]
[genoahost098:1617347] [ 3] /lib64/libc.so.6(abort+0xd3)[0x150ca7629873]
[genoahost098:1617347] [ 4] /lib64/libc.so.6(+0x2979b)[0x150ca762979b]
[genoahost098:1617347] [ 5] /lib64/libc.so.6(+0x388c6)[0x150ca76388c6]
[genoahost098:1617347] [ 6] ./Example_spec_kryschur[0x4cc206]
[genoahost098:1617347] [ 7] ./Example_spec_kryschur[0x4cc2f1]
[genoahost098:1617347] [ 8] ./Example_spec_kryschur[0x4c7e95]
[genoahost098:1617347] [ 9] ./Example_spec_kryschur[0x4b5f4f]
[genoahost098:1617347] [10] ./Example_spec_kryschur[0x41180d]
[genoahost098:1617347] [11] /lib64/libc.so.6(+0x2a610)[0x150ca762a610]
[genoahost098:1617347] [12] /lib64/libc.so.6(__libc_start_main+0x80)[0x150ca762a6c0]
[genoahost098:1617347] [13] ./Example_spec_kryschur[0x4147f5]
[genoahost098:1617347] *** End of error message ***
Example_spec_kryschur: ../../Grid/communicator/SharedMemoryMPI.cc:434: static void Grid::GlobalSharedMemory::OptimalCommunicatorSharedMemory(const Coordinate&, ompi_communicator_t*&, Grid::Coordinate&): Assertion `WorldSize==Nprocessors' failed.
[genoahost100:636310] *** Process received signal ***
[genoahost100:636310] Signal: Aborted (6)
[genoahost100:636310] Signal code:  (-6)
[genoahost100:636310] [ 0] /lib64/libc.so.6(+0x3fc30)[0x14830d03fc30]
[genoahost100:636310] [ 1] /lib64/libc.so.6(+0x8d02c)[0x14830d08d02c]
[genoahost100:636310] [ 2] /lib64/libc.so.6(raise+0x16)[0x14830d03fb86]
[genoahost100:636310] [ 3] /lib64/libc.so.6(abort+0xd3)[0x14830d029873]
[genoahost100:636310] [ 4] /lib64/libc.so.6(+0x2979b)[0x14830d02979b]
[genoahost100:636310] [ 5] /lib64/libc.so.6(+0x388c6)[0x14830d0388c6]
[genoahost100:636310] [ 6] ./Example_spec_kryschur[0x4cc206]
[genoahost100:636310] [ 7] ./Example_spec_kryschur[0x4cc2f1]
[genoahost100:636310] [ 8] ./Example_spec_kryschur[0x4c7e95]
[genoahost100:636310] [ 9] ./Example_spec_kryschur[0x4b5f4f]
[genoahost100:636310] [10] ./Example_spec_kryschur[0x41180d]
[genoahost100:636310] [11] /lib64/libc.so.6(+0x2a610)[0x14830d02a610]
[genoahost100:636310] [12] /lib64/libc.so.6(__libc_start_main+0x80)[0x14830d02a6c0]
[genoahost100:636310] [13] ./Example_spec_kryschur[0x4147f5]
[genoahost100:636310] *** End of error message ***
Example_spec_kryschur: ../../Grid/communicator/SharedMemoryMPI.cc:434: static void Grid::GlobalSharedMemory::OptimalCommunicatorSharedMemory(const Coordinate&, ompi_communicator_t*&, Grid::Coordinate&): Assertion `WorldSize==Nprocessors' failed.
[genoahost102:615503] *** Process received signal ***
[genoahost102:615503] Signal: Aborted (6)
[genoahost102:615503] Signal code:  (-6)
[genoahost102:615503] [ 0] /lib64/libc.so.6(+0x3fc30)[0x154ce483fc30]
[genoahost102:615503] [ 1] /lib64/libc.so.6(+0x8d02c)[0x154ce488d02c]
[genoahost102:615503] [ 2] /lib64/libc.so.6(raise+0x16)[0x154ce483fb86]
[genoahost102:615503] [ 3] /lib64/libc.so.6(abort+0xd3)[0x154ce4829873]
[genoahost102:615503] [ 4] /lib64/libc.so.6(+0x2979b)[0x154ce482979b]
[genoahost102:615503] [ 5] /lib64/libc.so.6(+0x388c6)[0x154ce48388c6]
[genoahost102:615503] [ 6] ./Example_spec_kryschur[0x4cc206]
[genoahost102:615503] [ 7] ./Example_spec_kryschur[0x4cc2f1]
[genoahost102:615503] [ 8] ./Example_spec_kryschur[0x4c7e95]
[genoahost102:615503] [ 9] ./Example_spec_kryschur[0x4b5f4f]
[genoahost102:615503] [10] ./Example_spec_kryschur[0x41180d]
[genoahost102:615503] [11] /lib64/libc.so.6(+0x2a610)[0x154ce482a610]
[genoahost102:615503] [12] /lib64/libc.so.6(__libc_start_main+0x80)[0x154ce482a6c0]
[genoahost102:615503] [13] ./Example_spec_kryschur[0x4147f5]
[genoahost102:615503] *** End of error message ***
Example_spec_kryschur: ../../Grid/communicator/SharedMemoryMPI.cc:434: static void Grid::GlobalSharedMemory::OptimalCommunicatorSharedMemory(const Coordinate&, ompi_communicator_t*&, Grid::Coordinate&): Assertion `WorldSize==Nprocessors' failed.
[genoahost103:604644] *** Process received signal ***
[genoahost103:604644] Signal: Aborted (6)
[genoahost103:604644] Signal code:  (-6)
[genoahost103:604644] [ 0] /lib64/libc.so.6(+0x3fc30)[0x14b06683fc30]
[genoahost103:604644] [ 1] /lib64/libc.so.6(+0x8d02c)[0x14b06688d02c]
[genoahost103:604644] [ 2] /lib64/libc.so.6(raise+0x16)[0x14b06683fb86]
[genoahost103:604644] [ 3] /lib64/libc.so.6(abort+0xd3)[0x14b066829873]
[genoahost103:604644] [ 4] /lib64/libc.so.6(+0x2979b)[0x14b06682979b]
[genoahost103:604644] [ 5] /lib64/libc.so.6(+0x388c6)[0x14b0668388c6]
[genoahost103:604644] [ 6] ./Example_spec_kryschur[0x4cc206]
[genoahost103:604644] [ 7] ./Example_spec_kryschur[0x4cc2f1]
[genoahost103:604644] [ 8] ./Example_spec_kryschur[0x4c7e95]
[genoahost103:604644] [ 9] ./Example_spec_kryschur[0x4b5f4f]
[genoahost103:604644] [10] ./Example_spec_kryschur[0x41180d]
[genoahost103:604644] [11] /lib64/libc.so.6(+0x2a610)[0x14b06682a610]
[genoahost103:604644] [12] /lib64/libc.so.6(__libc_start_main+0x80)[0x14b06682a6c0]
[genoahost103:604644] [13] ./Example_spec_kryschur[0x4147f5]
[genoahost103:604644] *** End of error message ***
Example_spec_kryschur: ../../Grid/communicator/SharedMemoryMPI.cc:434: static void Grid::GlobalSharedMemory::OptimalCommunicatorSharedMemory(const Coordinate&, ompi_communicator_t*&, Grid::Coordinate&): Assertion `WorldSize==Nprocessors' failed.
[genoahost104:616134] *** Process received signal ***
[genoahost104:616134] Signal: Aborted (6)
[genoahost104:616134] Signal code:  (-6)
[genoahost104:616134] [ 0] /lib64/libc.so.6(+0x3fc30)[0x1545d1e3fc30]
[genoahost104:616134] [ 1] /lib64/libc.so.6(+0x8d02c)[0x1545d1e8d02c]
[genoahost104:616134] [ 2] /lib64/libc.so.6(raise+0x16)[0x1545d1e3fb86]
[genoahost104:616134] [ 3] /lib64/libc.so.6(abort+0xd3)[0x1545d1e29873]
[genoahost104:616134] [ 4] /lib64/libc.so.6(+0x2979b)[0x1545d1e2979b]
[genoahost104:616134] [ 5] /lib64/libc.so.6(+0x388c6)[0x1545d1e388c6]
[genoahost104:616134] [ 6] ./Example_spec_kryschur[0x4cc206]
[genoahost104:616134] [ 7] ./Example_spec_kryschur[0x4cc2f1]
[genoahost104:616134] [ 8] ./Example_spec_kryschur[0x4c7e95]
[genoahost104:616134] [ 9] ./Example_spec_kryschur[0x4b5f4f]
[genoahost104:616134] [10] ./Example_spec_kryschur[0x41180d]
[genoahost104:616134] [11] /lib64/libc.so.6(+0x2a610)[0x1545d1e2a610]
[genoahost104:616134] [12] /lib64/libc.so.6(__libc_start_main+0x80)[0x1545d1e2a6c0]
[genoahost104:616134] [13] ./Example_spec_kryschur[0x4147f5]
[genoahost104:616134] *** End of error message ***
Example_spec_kryschur: ../../Grid/communicator/SharedMemoryMPI.cc:434: static void Grid::GlobalSharedMemory::OptimalCommunicatorSharedMemory(const Coordinate&, ompi_communicator_t*&, Grid::Coordinate&): Assertion `WorldSize==Nprocessors' failed.
[genoahost104:616131] *** Process received signal ***
[genoahost104:616131] Signal: Aborted (6)
[genoahost104:616131] Signal code:  (-6)
[genoahost104:616131] [ 0] /lib64/libc.so.6(+0x3fc30)[0x15281d63fc30]
[genoahost104:616131] [ 1] /lib64/libc.so.6(+0x8d02c)[0x15281d68d02c]
[genoahost104:616131] [ 2] /lib64/libc.so.6(raise+0x16)[0x15281d63fb86]
[genoahost104:616131] [ 3] /lib64/libc.so.6(abort+0xd3)[0x15281d629873]
[genoahost104:616131] [ 4] /lib64/libc.so.6(+0x2979b)[0x15281d62979b]
[genoahost104:616131] [ 5] /lib64/libc.so.6(+0x388c6)[0x15281d6388c6]
[genoahost104:616131] [ 6] ./Example_spec_kryschur[0x4cc206]
[genoahost104:616131] [ 7] ./Example_spec_kryschur[0x4cc2f1]
[genoahost104:616131] [ 8] ./Example_spec_kryschur[0x4c7e95]
[genoahost104:616131] [ 9] ./Example_spec_kryschur[0x4b5f4f]
[genoahost104:616131] [10] ./Example_spec_kryschur[0x41180d]
[genoahost104:616131] [11] /lib64/libc.so.6(+0x2a610)[0x15281d62a610]
[genoahost104:616131] [12] /lib64/libc.so.6(__libc_start_main+0x80)[0x15281d62a6c0]
[genoahost104:616131] [13] ./Example_spec_kryschur[0x4147f5]
[genoahost104:616131] *** End of error message ***
/direct/sdcc+u/poare/Grid/build/examples/./gpu_tile.sh: line 43: 1717536 Aborted                 (core dumped) numactl -p $NUMAP -N $NUMAP "$@"
Example_spec_kryschur: ../../Grid/communicator/SharedMemoryMPI.cc:434: static void Grid::GlobalSharedMemory::OptimalCommunicatorSharedMemory(const Coordinate&, ompi_communicator_t*&, Grid::Coordinate&): Assertion `WorldSize==Nprocessors' failed.
[genoahost102:615491] *** Process received signal ***
[genoahost102:615491] Signal: Aborted (6)
[genoahost102:615491] Signal code:  (-6)
[genoahost102:615491] [ 0] /lib64/libc.so.6(+0x3fc30)[0x14e375e3fc30]
[genoahost102:615491] [ 1] /lib64/libc.so.6(+0x8d02c)[0x14e375e8d02c]
[genoahost102:615491] [ 2] /lib64/libc.so.6(raise+0x16)[0x14e375e3fb86]
[genoahost102:615491] [ 3] /lib64/libc.so.6(abort+0xd3)[0x14e375e29873]
[genoahost102:615491] [ 4] /lib64/libc.so.6(+0x2979b)[0x14e375e2979b]
[genoahost102:615491] [ 5] /lib64/libc.so.6(+0x388c6)[0x14e375e388c6]
[genoahost102:615491] [ 6] ./Example_spec_kryschur[0x4cc206]
[genoahost102:615491] [ 7] ./Example_spec_kryschur[0x4cc2f1]
[genoahost102:615491] [ 8] ./Example_spec_kryschur[0x4c7e95]
[genoahost102:615491] [ 9] ./Example_spec_kryschur[0x4b5f4f]
[genoahost102:615491] [10] ./Example_spec_kryschur[0x41180d]
[genoahost102:615491] [11] /lib64/libc.so.6(+0x2a610)[0x14e375e2a610]
[genoahost102:615491] [12] /lib64/libc.so.6(__libc_start_main+0x80)[0x14e375e2a6c0]
[genoahost102:615491] [13] ./Example_spec_kryschur[0x4147f5]
[genoahost102:615491] *** End of error message ***
Example_spec_kryschur: ../../Grid/communicator/SharedMemoryMPI.cc:434: static void Grid::GlobalSharedMemory::OptimalCommunicatorSharedMemory(const Coordinate&, ompi_communicator_t*&, Grid::Coordinate&): Assertion `WorldSize==Nprocessors' failed.
[genoahost102:615490] *** Process received signal ***
[genoahost102:615490] Signal: Aborted (6)
[genoahost102:615490] Signal code:  (-6)
[genoahost102:615490] [ 0] /lib64/libc.so.6(+0x3fc30)[0x1498f103fc30]
[genoahost102:615490] [ 1] /lib64/libc.so.6(+0x8d02c)[0x1498f108d02c]
[genoahost102:615490] [ 2] /lib64/libc.so.6(raise+0x16)[0x1498f103fb86]
[genoahost102:615490] [ 3] /lib64/libc.so.6(abort+0xd3)[0x1498f1029873]
[genoahost102:615490] [ 4] /lib64/libc.so.6(+0x2979b)[0x1498f102979b]
[genoahost102:615490] [ 5] /lib64/libc.so.6(+0x388c6)[0x1498f10388c6]
[genoahost102:615490] [ 6] ./Example_spec_kryschur[0x4cc206]
[genoahost102:615490] [ 7] ./Example_spec_kryschur[0x4cc2f1]
[genoahost102:615490] [ 8] ./Example_spec_kryschur[0x4c7e95]
[genoahost102:615490] [ 9] ./Example_spec_kryschur[0x4b5f4f]
[genoahost102:615490] [10] ./Example_spec_kryschur[0x41180d]
[genoahost102:615490] [11] /lib64/libc.so.6(+0x2a610)[0x1498f102a610]
[genoahost102:615490] [12] /lib64/libc.so.6(__libc_start_main+0x80)[0x1498f102a6c0]
[genoahost102:615490] [13] ./Example_spec_kryschur[0x4147f5]
[genoahost102:615490] *** End of error message ***
Example_spec_kryschur: ../../Grid/communicator/SharedMemoryMPI.cc:434: static void Grid::GlobalSharedMemory::OptimalCommunicatorSharedMemory(const Coordinate&, ompi_communicator_t*&, Grid::Coordinate&): Assertion `WorldSize==Nprocessors' failed.
[genoahost099:1596758] *** Process received signal ***
[genoahost099:1596758] Signal: Aborted (6)
[genoahost099:1596758] Signal code:  (-6)
[genoahost099:1596758] [ 0] /lib64/libc.so.6(+0x3fc30)[0x149251a3fc30]
[genoahost099:1596758] [ 1] /lib64/libc.so.6(+0x8d02c)[0x149251a8d02c]
[genoahost099:1596758] [ 2] /lib64/libc.so.6(raise+0x16)[0x149251a3fb86]
[genoahost099:1596758] [ 3] /lib64/libc.so.6(abort+0xd3)[0x149251a29873]
[genoahost099:1596758] [ 4] /lib64/libc.so.6(+0x2979b)[0x149251a2979b]
[genoahost099:1596758] [ 5] /lib64/libc.so.6(+0x388c6)[0x149251a388c6]
[genoahost099:1596758] [ 6] ./Example_spec_kryschur[0x4cc206]
[genoahost099:1596758] [ 7] ./Example_spec_kryschur[0x4cc2f1]
[genoahost099:1596758] [ 8] ./Example_spec_kryschur[0x4c7e95]
[genoahost099:1596758] [ 9] ./Example_spec_kryschur[0x4b5f4f]
[genoahost099:1596758] [10] ./Example_spec_kryschur[0x41180d]
[genoahost099:1596758] [11] /lib64/libc.so.6(+0x2a610)[0x149251a2a610]
[genoahost099:1596758] [12] /lib64/libc.so.6(__libc_start_main+0x80)[0x149251a2a6c0]
[genoahost099:1596758] [13] ./Example_spec_kryschur[0x4147f5]
[genoahost099:1596758] *** End of error message ***
Example_spec_kryschur: ../../Grid/communicator/SharedMemoryMPI.cc:434: static void Grid::GlobalSharedMemory::OptimalCommunicatorSharedMemory(const Coordinate&, ompi_communicator_t*&, Grid::Coordinate&): Assertion `WorldSize==Nprocessors' failed.
[genoahost101:1135140] *** Process received signal ***
[genoahost101:1135140] Signal: Aborted (6)
[genoahost101:1135140] Signal code:  (-6)
[genoahost101:1135140] [ 0] /lib64/libc.so.6(+0x3fc30)[0x150602c3fc30]
[genoahost101:1135140] [ 1] /lib64/libc.so.6(+0x8d02c)[0x150602c8d02c]
[genoahost101:1135140] [ 2] /lib64/libc.so.6(raise+0x16)[0x150602c3fb86]
[genoahost101:1135140] [ 3] /lib64/libc.so.6(abort+0xd3)[0x150602c29873]
[genoahost101:1135140] [ 4] /lib64/libc.so.6(+0x2979b)[0x150602c2979b]
[genoahost101:1135140] [ 5] /lib64/libc.so.6(+0x388c6)[0x150602c388c6]
[genoahost101:1135140] [ 6] ./Example_spec_kryschur[0x4cc206]
[genoahost101:1135140] [ 7] ./Example_spec_kryschur[0x4cc2f1]
[genoahost101:1135140] [ 8] ./Example_spec_kryschur[0x4c7e95]
[genoahost101:1135140] [ 9] ./Example_spec_kryschur[0x4b5f4f]
[genoahost101:1135140] [10] ./Example_spec_kryschur[0x41180d]
[genoahost101:1135140] [11] /lib64/libc.so.6(+0x2a610)[0x150602c2a610]
[genoahost101:1135140] [12] /lib64/libc.so.6(__libc_start_main+0x80)[0x150602c2a6c0]
[genoahost101:1135140] [13] ./Example_spec_kryschur[0x4147f5]
[genoahost101:1135140] *** End of error message ***
srun: error: genoahost097: task 14: Exited with exit code 134
Example_spec_kryschur: ../../Grid/communicator/SharedMemoryMPI.cc:434: static void Grid::GlobalSharedMemory::OptimalCommunicatorSharedMemory(const Coordinate&, ompi_communicator_t*&, Grid::Coordinate&): Assertion `WorldSize==Nprocessors' failed.
[genoahost098:1617341] *** Process received signal ***
[genoahost098:1617341] Signal: Aborted (6)
[genoahost098:1617341] Signal code:  (-6)
[genoahost098:1617341] [ 0] /lib64/libc.so.6(+0x3fc30)[0x14fc96e3fc30]
[genoahost098:1617341] [ 1] /lib64/libc.so.6(+0x8d02c)[0x14fc96e8d02c]
[genoahost098:1617341] [ 2] /lib64/libc.so.6(raise+0x16)[0x14fc96e3fb86]
[genoahost098:1617341] [ 3] /lib64/libc.so.6(abort+0xd3)[0x14fc96e29873]
[genoahost098:1617341] [ 4] /lib64/libc.so.6(+0x2979b)[0x14fc96e2979b]
[genoahost098:1617341] [ 5] /lib64/libc.so.6(+0x388c6)[0x14fc96e388c6]
[genoahost098:1617341] [ 6] ./Example_spec_kryschur[0x4cc206]
[genoahost098:1617341] [ 7] ./Example_spec_kryschur[0x4cc2f1]
[genoahost098:1617341] [ 8] ./Example_spec_kryschur[0x4c7e95]
[genoahost098:1617341] [ 9] ./Example_spec_kryschur[0x4b5f4f]
[genoahost098:1617341] [10] ./Example_spec_kryschur[0x41180d]
[genoahost098:1617341] [11] /lib64/libc.so.6(+0x2a610)[0x14fc96e2a610]
[genoahost098:1617341] [12] /lib64/libc.so.6(__libc_start_main+0x80)[0x14fc96e2a6c0]
[genoahost098:1617341] [13] ./Example_spec_kryschur[0x4147f5]
[genoahost098:1617341] *** End of error message ***
Example_spec_kryschur: ../../Grid/communicator/SharedMemoryMPI.cc:434: static void Grid::GlobalSharedMemory::OptimalCommunicatorSharedMemory(const Coordinate&, ompi_communicator_t*&, Grid::Coordinate&): Assertion `WorldSize==Nprocessors' failed.
[genoahost100:636312] *** Process received signal ***
[genoahost100:636312] Signal: Aborted (6)
[genoahost100:636312] Signal code:  (-6)
[genoahost100:636312] [ 0] /lib64/libc.so.6(+0x3fc30)[0x14a0fa43fc30]
[genoahost100:636312] [ 1] /lib64/libc.so.6(+0x8d02c)[0x14a0fa48d02c]
[genoahost100:636312] [ 2] /lib64/libc.so.6(raise+0x16)[0x14a0fa43fb86]
[genoahost100:636312] [ 3] /lib64/libc.so.6(abort+0xd3)[0x14a0fa429873]
[genoahost100:636312] [ 4] /lib64/libc.so.6(+0x2979b)[0x14a0fa42979b]
[genoahost100:636312] [ 5] /lib64/libc.so.6(+0x388c6)[0x14a0fa4388c6]
[genoahost100:636312] [ 6] ./Example_spec_kryschur[0x4cc206]
[genoahost100:636312] [ 7] ./Example_spec_kryschur[0x4cc2f1]
[genoahost100:636312] [ 8] ./Example_spec_kryschur[0x4c7e95]
[genoahost100:636312] [ 9] ./Example_spec_kryschur[0x4b5f4f]
[genoahost100:636312] [10] ./Example_spec_kryschur[0x41180d]
[genoahost100:636312] [11] /lib64/libc.so.6(+0x2a610)[0x14a0fa42a610]
[genoahost100:636312] [12] /lib64/libc.so.6(__libc_start_main+0x80)[0x14a0fa42a6c0]
[genoahost100:636312] [13] ./Example_spec_kryschur[0x4147f5]
[genoahost100:636312] *** End of error message ***
Example_spec_kryschur: ../../Grid/communicator/SharedMemoryMPI.cc:434: static void Grid::GlobalSharedMemory::OptimalCommunicatorSharedMemory(const Coordinate&, ompi_communicator_t*&, Grid::Coordinate&): Assertion `WorldSize==Nprocessors' failed.
[genoahost101:1135136] *** Process received signal ***
[genoahost101:1135136] Signal: Aborted (6)
[genoahost101:1135136] Signal code:  (-6)
[genoahost101:1135136] [ 0] /lib64/libc.so.6(+0x3fc30)[0x15027543fc30]
[genoahost101:1135136] [ 1] /lib64/libc.so.6(+0x8d02c)[0x15027548d02c]
[genoahost101:1135136] [ 2] /lib64/libc.so.6(raise+0x16)[0x15027543fb86]
[genoahost101:1135136] [ 3] /lib64/libc.so.6(abort+0xd3)[0x150275429873]
[genoahost101:1135136] [ 4] /lib64/libc.so.6(+0x2979b)[0x15027542979b]
[genoahost101:1135136] [ 5] /lib64/libc.so.6(+0x388c6)[0x1502754388c6]
[genoahost101:1135136] [ 6] ./Example_spec_kryschur[0x4cc206]
[genoahost101:1135136] [ 7] ./Example_spec_kryschur[0x4cc2f1]
[genoahost101:1135136] [ 8] ./Example_spec_kryschur[0x4c7e95]
[genoahost101:1135136] [ 9] ./Example_spec_kryschur[0x4b5f4f]
[genoahost101:1135136] [10] ./Example_spec_kryschur[0x41180d]
[genoahost101:1135136] [11] /lib64/libc.so.6(+0x2a610)[0x15027542a610]
[genoahost101:1135136] [12] /lib64/libc.so.6(__libc_start_main+0x80)[0x15027542a6c0]
[genoahost101:1135136] [13] ./Example_spec_kryschur[0x4147f5]
[genoahost101:1135136] *** End of error message ***
Example_spec_kryschur: ../../Grid/communicator/SharedMemoryMPI.cc:434: static void Grid::GlobalSharedMemory::OptimalCommunicatorSharedMemory(const Coordinate&, ompi_communicator_t*&, Grid::Coordinate&): Assertion `WorldSize==Nprocessors' failed.
[genoahost103:604639] *** Process received signal ***
[genoahost103:604639] Signal: Aborted (6)
[genoahost103:604639] Signal code:  (-6)
[genoahost103:604639] [ 0] /lib64/libc.so.6(+0x3fc30)[0x14cfebe3fc30]
[genoahost103:604639] [ 1] /lib64/libc.so.6(+0x8d02c)[0x14cfebe8d02c]
[genoahost103:604639] [ 2] /lib64/libc.so.6(raise+0x16)[0x14cfebe3fb86]
[genoahost103:604639] [ 3] /lib64/libc.so.6(abort+0xd3)[0x14cfebe29873]
[genoahost103:604639] [ 4] /lib64/libc.so.6(+0x2979b)[0x14cfebe2979b]
[genoahost103:604639] [ 5] /lib64/libc.so.6(+0x388c6)[0x14cfebe388c6]
[genoahost103:604639] [ 6] ./Example_spec_kryschur[0x4cc206]
[genoahost103:604639] [ 7] ./Example_spec_kryschur[0x4cc2f1]
[genoahost103:604639] [ 8] ./Example_spec_kryschur[0x4c7e95]
[genoahost103:604639] [ 9] ./Example_spec_kryschur[0x4b5f4f]
[genoahost103:604639] [10] ./Example_spec_kryschur[0x41180d]
[genoahost103:604639] [11] /lib64/libc.so.6(+0x2a610)[0x14cfebe2a610]
[genoahost103:604639] [12] /lib64/libc.so.6(__libc_start_main+0x80)[0x14cfebe2a6c0]
[genoahost103:604639] [13] ./Example_spec_kryschur[0x4147f5]
[genoahost103:604639] *** End of error message ***
Example_spec_kryschur: ../../Grid/communicator/SharedMemoryMPI.cc:434: static void Grid::GlobalSharedMemory::OptimalCommunicatorSharedMemory(const Coordinate&, ompi_communicator_t*&, Grid::Coordinate&): Assertion `WorldSize==Nprocessors' failed.
[genoahost099:1596763] *** Process received signal ***
[genoahost099:1596763] Signal: Aborted (6)
[genoahost099:1596763] Signal code:  (-6)
[genoahost099:1596763] [ 0] /lib64/libc.so.6(+0x3fc30)[0x14ca7183fc30]
[genoahost099:1596763] [ 1] /lib64/libc.so.6(+0x8d02c)[0x14ca7188d02c]
[genoahost099:1596763] [ 2] /lib64/libc.so.6(raise+0x16)[0x14ca7183fb86]
[genoahost099:1596763] [ 3] /lib64/libc.so.6(abort+0xd3)[0x14ca71829873]
[genoahost099:1596763] [ 4] /lib64/libc.so.6(+0x2979b)[0x14ca7182979b]
[genoahost099:1596763] [ 5] /lib64/libc.so.6(+0x388c6)[0x14ca718388c6]
[genoahost099:1596763] [ 6] ./Example_spec_kryschur[0x4cc206]
[genoahost099:1596763] [ 7] ./Example_spec_kryschur[0x4cc2f1]
[genoahost099:1596763] [ 8] ./Example_spec_kryschur[0x4c7e95]
[genoahost099:1596763] [ 9] ./Example_spec_kryschur[0x4b5f4f]
[genoahost099:1596763] [10] ./Example_spec_kryschur[0x41180d]
[genoahost099:1596763] [11] /lib64/libc.so.6(+0x2a610)[0x14ca7182a610]
[genoahost099:1596763] [12] /lib64/libc.so.6(__libc_start_main+0x80)[0x14ca7182a6c0]
[genoahost099:1596763] [13] ./Example_spec_kryschur[0x4147f5]
[genoahost099:1596763] *** End of error message ***
Example_spec_kryschur: ../../Grid/communicator/SharedMemoryMPI.cc:434: static void Grid::GlobalSharedMemory::OptimalCommunicatorSharedMemory(const Coordinate&, ompi_communicator_t*&, Grid::Coordinate&): Assertion `WorldSize==Nprocessors' failed.
[genoahost103:604647] *** Process received signal ***
[genoahost103:604647] Signal: Aborted (6)
[genoahost103:604647] Signal code:  (-6)
[genoahost103:604647] [ 0] /lib64/libc.so.6(+0x3fc30)[0x1462d123fc30]
[genoahost103:604647] [ 1] /lib64/libc.so.6(+0x8d02c)[0x1462d128d02c]
[genoahost103:604647] [ 2] /lib64/libc.so.6(raise+0x16)[0x1462d123fb86]
[genoahost103:604647] [ 3] /lib64/libc.so.6(abort+0xd3)[0x1462d1229873]
[genoahost103:604647] [ 4] /lib64/libc.so.6(+0x2979b)[0x1462d122979b]
[genoahost103:604647] [ 5] /lib64/libc.so.6(+0x388c6)[0x1462d12388c6]
[genoahost103:604647] [ 6] ./Example_spec_kryschur[0x4cc206]
[genoahost103:604647] [ 7] ./Example_spec_kryschur[0x4cc2f1]
[genoahost103:604647] [ 8] ./Example_spec_kryschur[0x4c7e95]
[genoahost103:604647] [ 9] ./Example_spec_kryschur[0x4b5f4f]
[genoahost103:604647] [10] ./Example_spec_kryschur[0x41180d]
[genoahost103:604647] [11] /lib64/libc.so.6(+0x2a610)[0x1462d122a610]
[genoahost103:604647] [12] /lib64/libc.so.6(__libc_start_main+0x80)[0x1462d122a6c0]
[genoahost103:604647] [13] ./Example_spec_kryschur[0x4147f5]
[genoahost103:604647] *** End of error message ***
Example_spec_kryschur: ../../Grid/communicator/SharedMemoryMPI.cc:434: static void Grid::GlobalSharedMemory::OptimalCommunicatorSharedMemory(const Coordinate&, ompi_communicator_t*&, Grid::Coordinate&): Assertion `WorldSize==Nprocessors' failed.
[genoahost103:604640] *** Process received signal ***
[genoahost103:604640] Signal: Aborted (6)
[genoahost103:604640] Signal code:  (-6)
[genoahost103:604640] [ 0] /lib64/libc.so.6(+0x3fc30)[0x146224a3fc30]
[genoahost103:604640] [ 1] /lib64/libc.so.6(+0x8d02c)[0x146224a8d02c]
[genoahost103:604640] [ 2] /lib64/libc.so.6(raise+0x16)[0x146224a3fb86]
[genoahost103:604640] [ 3] /lib64/libc.so.6(abort+0xd3)[0x146224a29873]
[genoahost103:604640] [ 4] /lib64/libc.so.6(+0x2979b)[0x146224a2979b]
[genoahost103:604640] [ 5] /lib64/libc.so.6(+0x388c6)[0x146224a388c6]
[genoahost103:604640] [ 6] ./Example_spec_kryschur[0x4cc206]
[genoahost103:604640] [ 7] ./Example_spec_kryschur[0x4cc2f1]
[genoahost103:604640] [ 8] ./Example_spec_kryschur[0x4c7e95]
[genoahost103:604640] [ 9] ./Example_spec_kryschur[0x4b5f4f]
[genoahost103:604640] [10] ./Example_spec_kryschur[0x41180d]
[genoahost103:604640] [11] /lib64/libc.so.6(+0x2a610)[0x146224a2a610]
[genoahost103:604640] [12] /lib64/libc.so.6(__libc_start_main+0x80)[0x146224a2a6c0]
[genoahost103:604640] [13] ./Example_spec_kryschur[0x4147f5]
[genoahost103:604640] *** End of error message ***
Example_spec_kryschur: ../../Grid/communicator/SharedMemoryMPI.cc:434: static void Grid::GlobalSharedMemory::OptimalCommunicatorSharedMemory(const Coordinate&, ompi_communicator_t*&, Grid::Coordinate&): Assertion `WorldSize==Nprocessors' failed.
[genoahost103:604641] *** Process received signal ***
[genoahost103:604641] Signal: Aborted (6)
[genoahost103:604641] Signal code:  (-6)
[genoahost103:604641] [ 0] /lib64/libc.so.6(+0x3fc30)[0x1534f643fc30]
[genoahost103:604641] [ 1] /lib64/libc.so.6(+0x8d02c)[0x1534f648d02c]
[genoahost103:604641] [ 2] /lib64/libc.so.6(raise+0x16)[0x1534f643fb86]
[genoahost103:604641] [ 3] /lib64/libc.so.6(abort+0xd3)[0x1534f6429873]
[genoahost103:604641] [ 4] /lib64/libc.so.6(+0x2979b)[0x1534f642979b]
[genoahost103:604641] [ 5] /lib64/libc.so.6(+0x388c6)[0x1534f64388c6]
[genoahost103:604641] [ 6] ./Example_spec_kryschur[0x4cc206]
[genoahost103:604641] [ 7] ./Example_spec_kryschur[0x4cc2f1]
[genoahost103:604641] [ 8] ./Example_spec_kryschur[0x4c7e95]
[genoahost103:604641] [ 9] ./Example_spec_kryschur[0x4b5f4f]
[genoahost103:604641] [10] ./Example_spec_kryschur[0x41180d]
[genoahost103:604641] [11] /lib64/libc.so.6(+0x2a610)[0x1534f642a610]
[genoahost103:604641] [12] /lib64/libc.so.6(__libc_start_main+0x80)[0x1534f642a6c0]
[genoahost103:604641] [13] ./Example_spec_kryschur[0x4147f5]
[genoahost103:604641] *** End of error message ***
Example_spec_kryschur: ../../Grid/communicator/SharedMemoryMPI.cc:434: static void Grid::GlobalSharedMemory::OptimalCommunicatorSharedMemory(const Coordinate&, ompi_communicator_t*&, Grid::Coordinate&): Assertion `WorldSize==Nprocessors' failed.
[genoahost102:615500] *** Process received signal ***
[genoahost102:615500] Signal: Aborted (6)
[genoahost102:615500] Signal code:  (-6)
[genoahost102:615500] [ 0] /lib64/libc.so.6(+0x3fc30)[0x145d0343fc30]
[genoahost102:615500] [ 1] /lib64/libc.so.6(+0x8d02c)[0x145d0348d02c]
[genoahost102:615500] [ 2] /lib64/libc.so.6(raise+0x16)[0x145d0343fb86]
[genoahost102:615500] [ 3] /lib64/libc.so.6(abort+0xd3)[0x145d03429873]
[genoahost102:615500] [ 4] /lib64/libc.so.6(+0x2979b)[0x145d0342979b]
[genoahost102:615500] [ 5] /lib64/libc.so.6(+0x388c6)[0x145d034388c6]
[genoahost102:615500] [ 6] ./Example_spec_kryschur[0x4cc206]
[genoahost102:615500] [ 7] ./Example_spec_kryschur[0x4cc2f1]
[genoahost102:615500] [ 8] ./Example_spec_kryschur[0x4c7e95]
[genoahost102:615500] [ 9] ./Example_spec_kryschur[0x4b5f4f]
[genoahost102:615500] [10] ./Example_spec_kryschur[0x41180d]
[genoahost102:615500] [11] /lib64/libc.so.6(+0x2a610)[0x145d0342a610]
[genoahost102:615500] [12] /lib64/libc.so.6(__libc_start_main+0x80)[0x145d0342a6c0]
[genoahost102:615500] [13] ./Example_spec_kryschur[0x4147f5]
[genoahost102:615500] *** End of error message ***
Example_spec_kryschur: ../../Grid/communicator/SharedMemoryMPI.cc:434: static void Grid::GlobalSharedMemory::OptimalCommunicatorSharedMemory(const Coordinate&, ompi_communicator_t*&, Grid::Coordinate&): Assertion `WorldSize==Nprocessors' failed.
[genoahost099:1596767] *** Process received signal ***
[genoahost099:1596767] Signal: Aborted (6)
[genoahost099:1596767] Signal code:  (-6)
[genoahost099:1596767] [ 0] /lib64/libc.so.6(+0x3fc30)[0x146d6e63fc30]
[genoahost099:1596767] [ 1] /lib64/libc.so.6(+0x8d02c)[0x146d6e68d02c]
[genoahost099:1596767] [ 2] /lib64/libc.so.6(raise+0x16)[0x146d6e63fb86]
[genoahost099:1596767] [ 3] /lib64/libc.so.6(abort+0xd3)[0x146d6e629873]
[genoahost099:1596767] [ 4] /lib64/libc.so.6(+0x2979b)[0x146d6e62979b]
[genoahost099:1596767] [ 5] /lib64/libc.so.6(+0x388c6)[0x146d6e6388c6]
[genoahost099:1596767] [ 6] ./Example_spec_kryschur[0x4cc206]
[genoahost099:1596767] [ 7] ./Example_spec_kryschur[0x4cc2f1]
[genoahost099:1596767] [ 8] ./Example_spec_kryschur[0x4c7e95]
[genoahost099:1596767] [ 9] ./Example_spec_kryschur[0x4b5f4f]
[genoahost099:1596767] [10] ./Example_spec_kryschur[0x41180d]
[genoahost099:1596767] [11] /lib64/libc.so.6(+0x2a610)[0x146d6e62a610]
[genoahost099:1596767] [12] /lib64/libc.so.6(__libc_start_main+0x80)[0x146d6e62a6c0]
[genoahost099:1596767] [13] ./Example_spec_kryschur[0x4147f5]
[genoahost099:1596767] *** End of error message ***
Example_spec_kryschur: ../../Grid/communicator/SharedMemoryMPI.cc:434: static void Grid::GlobalSharedMemory::OptimalCommunicatorSharedMemory(const Coordinate&, ompi_communicator_t*&, Grid::Coordinate&): Assertion `WorldSize==Nprocessors' failed.
[genoahost103:604648] *** Process received signal ***
[genoahost103:604648] Signal: Aborted (6)
[genoahost103:604648] Signal code:  (-6)
[genoahost103:604648] [ 0] /lib64/libc.so.6(+0x3fc30)[0x1506f623fc30]
[genoahost103:604648] [ 1] /lib64/libc.so.6(+0x8d02c)[0x1506f628d02c]
[genoahost103:604648] [ 2] /lib64/libc.so.6(raise+0x16)[0x1506f623fb86]
[genoahost103:604648] [ 3] /lib64/libc.so.6(abort+0xd3)[0x1506f6229873]
[genoahost103:604648] [ 4] /lib64/libc.so.6(+0x2979b)[0x1506f622979b]
[genoahost103:604648] [ 5] /lib64/libc.so.6(+0x388c6)[0x1506f62388c6]
[genoahost103:604648] [ 6] ./Example_spec_kryschur[0x4cc206]
[genoahost103:604648] [ 7] ./Example_spec_kryschur[0x4cc2f1]
[genoahost103:604648] [ 8] ./Example_spec_kryschur[0x4c7e95]
[genoahost103:604648] [ 9] ./Example_spec_kryschur[0x4b5f4f]
[genoahost103:604648] [10] ./Example_spec_kryschur[0x41180d]
[genoahost103:604648] [11] /lib64/libc.so.6(+0x2a610)[0x1506f622a610]
[genoahost103:604648] [12] /lib64/libc.so.6(__libc_start_main+0x80)[0x1506f622a6c0]
[genoahost103:604648] [13] ./Example_spec_kryschur[0x4147f5]
[genoahost103:604648] *** End of error message ***
Example_spec_kryschur: ../../Grid/communicator/SharedMemoryMPI.cc:434: static void Grid::GlobalSharedMemory::OptimalCommunicatorSharedMemory(const Coordinate&, ompi_communicator_t*&, Grid::Coordinate&): Assertion `WorldSize==Nprocessors' failed.
[genoahost101:1135142] *** Process received signal ***
[genoahost101:1135142] Signal: Aborted (6)
[genoahost101:1135142] Signal code:  (-6)
[genoahost101:1135142] [ 0] /lib64/libc.so.6(+0x3fc30)[0x14720ae3fc30]
[genoahost101:1135142] [ 1] /lib64/libc.so.6(+0x8d02c)[0x14720ae8d02c]
[genoahost101:1135142] [ 2] /lib64/libc.so.6(raise+0x16)[0x14720ae3fb86]
[genoahost101:1135142] [ 3] /lib64/libc.so.6(abort+0xd3)[0x14720ae29873]
[genoahost101:1135142] [ 4] /lib64/libc.so.6(+0x2979b)[0x14720ae2979b]
[genoahost101:1135142] [ 5] /lib64/libc.so.6(+0x388c6)[0x14720ae388c6]
[genoahost101:1135142] [ 6] ./Example_spec_kryschur[0x4cc206]
[genoahost101:1135142] [ 7] ./Example_spec_kryschur[0x4cc2f1]
[genoahost101:1135142] [ 8] ./Example_spec_kryschur[0x4c7e95]
[genoahost101:1135142] [ 9] ./Example_spec_kryschur[0x4b5f4f]
[genoahost101:1135142] [10] ./Example_spec_kryschur[0x41180d]
[genoahost101:1135142] [11] /lib64/libc.so.6(+0x2a610)[0x14720ae2a610]
[genoahost101:1135142] [12] /lib64/libc.so.6(__libc_start_main+0x80)[0x14720ae2a6c0]
[genoahost101:1135142] [13] ./Example_spec_kryschur[0x4147f5]
[genoahost101:1135142] *** End of error message ***
Example_spec_kryschur: ../../Grid/communicator/SharedMemoryMPI.cc:434: static void Grid::GlobalSharedMemory::OptimalCommunicatorSharedMemory(const Coordinate&, ompi_communicator_t*&, Grid::Coordinate&): Assertion `WorldSize==Nprocessors' failed.
[genoahost100:636308] *** Process received signal ***
[genoahost100:636308] Signal: Aborted (6)
[genoahost100:636308] Signal code:  (-6)
[genoahost100:636308] [ 0] /lib64/libc.so.6(+0x3fc30)[0x14b1ef43fc30]
[genoahost100:636308] [ 1] /lib64/libc.so.6(+0x8d02c)[0x14b1ef48d02c]
[genoahost100:636308] [ 2] /lib64/libc.so.6(raise+0x16)[0x14b1ef43fb86]
[genoahost100:636308] [ 3] /lib64/libc.so.6(abort+0xd3)[0x14b1ef429873]
[genoahost100:636308] [ 4] /lib64/libc.so.6(+0x2979b)[0x14b1ef42979b]
[genoahost100:636308] [ 5] /lib64/libc.so.6(+0x388c6)[0x14b1ef4388c6]
[genoahost100:636308] [ 6] ./Example_spec_kryschur[0x4cc206]
[genoahost100:636308] [ 7] ./Example_spec_kryschur[0x4cc2f1]
[genoahost100:636308] [ 8] ./Example_spec_kryschur[0x4c7e95]
[genoahost100:636308] [ 9] ./Example_spec_kryschur[0x4b5f4f]
[genoahost100:636308] [10] ./Example_spec_kryschur[0x41180d]
[genoahost100:636308] [11] /lib64/libc.so.6(+0x2a610)[0x14b1ef42a610]
[genoahost100:636308] [12] /lib64/libc.so.6(__libc_start_main+0x80)[0x14b1ef42a6c0]
[genoahost100:636308] [13] ./Example_spec_kryschur[0x4147f5]
[genoahost100:636308] *** End of error message ***
Example_spec_kryschur: ../../Grid/communicator/SharedMemoryMPI.cc:434: static void Grid::GlobalSharedMemory::OptimalCommunicatorSharedMemory(const Coordinate&, ompi_communicator_t*&, Grid::Coordinate&): Assertion `WorldSize==Nprocessors' failed.
[genoahost101:1135143] *** Process received signal ***
[genoahost101:1135143] Signal: Aborted (6)
[genoahost101:1135143] Signal code:  (-6)
[genoahost101:1135143] [ 0] /lib64/libc.so.6(+0x3fc30)[0x14d877a3fc30]
[genoahost101:1135143] [ 1] /lib64/libc.so.6(+0x8d02c)[0x14d877a8d02c]
[genoahost101:1135143] [ 2] /lib64/libc.so.6(raise+0x16)[0x14d877a3fb86]
[genoahost101:1135143] [ 3] /lib64/libc.so.6(abort+0xd3)[0x14d877a29873]
[genoahost101:1135143] [ 4] /lib64/libc.so.6(+0x2979b)[0x14d877a2979b]
[genoahost101:1135143] [ 5] /lib64/libc.so.6(+0x388c6)[0x14d877a388c6]
[genoahost101:1135143] [ 6] ./Example_spec_kryschur[0x4cc206]
[genoahost101:1135143] [ 7] ./Example_spec_kryschur[0x4cc2f1]
[genoahost101:1135143] [ 8] ./Example_spec_kryschur[0x4c7e95]
[genoahost101:1135143] [ 9] ./Example_spec_kryschur[0x4b5f4f]
[genoahost101:1135143] [10] ./Example_spec_kryschur[0x41180d]
[genoahost101:1135143] [11] /lib64/libc.so.6(+0x2a610)[0x14d877a2a610]
[genoahost101:1135143] [12] /lib64/libc.so.6(__libc_start_main+0x80)[0x14d877a2a6c0]
[genoahost101:1135143] [13] ./Example_spec_kryschur[0x4147f5]
[genoahost101:1135143] *** End of error message ***
Example_spec_kryschur: ../../Grid/communicator/SharedMemoryMPI.cc:434: static void Grid::GlobalSharedMemory::OptimalCommunicatorSharedMemory(const Coordinate&, ompi_communicator_t*&, Grid::Coordinate&): Assertion `WorldSize==Nprocessors' failed.
[genoahost101:1135150] *** Process received signal ***
[genoahost101:1135150] Signal: Aborted (6)
[genoahost101:1135150] Signal code:  (-6)
[genoahost101:1135150] [ 0] /lib64/libc.so.6(+0x3fc30)[0x14d43263fc30]
[genoahost101:1135150] [ 1] /lib64/libc.so.6(+0x8d02c)[0x14d43268d02c]
[genoahost101:1135150] [ 2] /lib64/libc.so.6(raise+0x16)[0x14d43263fb86]
[genoahost101:1135150] [ 3] /lib64/libc.so.6(abort+0xd3)[0x14d432629873]
[genoahost101:1135150] [ 4] /lib64/libc.so.6(+0x2979b)[0x14d43262979b]
[genoahost101:1135150] [ 5] /lib64/libc.so.6(+0x388c6)[0x14d4326388c6]
[genoahost101:1135150] [ 6] ./Example_spec_kryschur[0x4cc206]
[genoahost101:1135150] [ 7] ./Example_spec_kryschur[0x4cc2f1]
[genoahost101:1135150] [ 8] ./Example_spec_kryschur[0x4c7e95]
[genoahost101:1135150] [ 9] ./Example_spec_kryschur[0x4b5f4f]
[genoahost101:1135150] [10] ./Example_spec_kryschur[0x41180d]
[genoahost101:1135150] [11] /lib64/libc.so.6(+0x2a610)[0x14d43262a610]
[genoahost101:1135150] [12] /lib64/libc.so.6(__libc_start_main+0x80)[0x14d43262a6c0]
[genoahost101:1135150] [13] ./Example_spec_kryschur[0x4147f5]
[genoahost101:1135150] *** End of error message ***
Example_spec_kryschur: ../../Grid/communicator/SharedMemoryMPI.cc:434: static void Grid::GlobalSharedMemory::OptimalCommunicatorSharedMemory(const Coordinate&, ompi_communicator_t*&, Grid::Coordinate&): Assertion `WorldSize==Nprocessors' failed.
[genoahost104:616138] *** Process received signal ***
[genoahost104:616138] Signal: Aborted (6)
[genoahost104:616138] Signal code:  (-6)
[genoahost104:616138] [ 0] /lib64/libc.so.6(+0x3fc30)[0x14a01f03fc30]
[genoahost104:616138] [ 1] /lib64/libc.so.6(+0x8d02c)[0x14a01f08d02c]
[genoahost104:616138] [ 2] /lib64/libc.so.6(raise+0x16)[0x14a01f03fb86]
[genoahost104:616138] [ 3] /lib64/libc.so.6(abort+0xd3)[0x14a01f029873]
[genoahost104:616138] [ 4] /lib64/libc.so.6(+0x2979b)[0x14a01f02979b]
[genoahost104:616138] [ 5] /lib64/libc.so.6(+0x388c6)[0x14a01f0388c6]
[genoahost104:616138] [ 6] ./Example_spec_kryschur[0x4cc206]
[genoahost104:616138] [ 7] ./Example_spec_kryschur[0x4cc2f1]
[genoahost104:616138] [ 8] ./Example_spec_kryschur[0x4c7e95]
[genoahost104:616138] [ 9] ./Example_spec_kryschur[0x4b5f4f]
[genoahost104:616138] [10] ./Example_spec_kryschur[0x41180d]
[genoahost104:616138] [11] /lib64/libc.so.6(+0x2a610)[0x14a01f02a610]
[genoahost104:616138] [12] /lib64/libc.so.6(__libc_start_main+0x80)[0x14a01f02a6c0]
[genoahost104:616138] [13] ./Example_spec_kryschur[0x4147f5]
[genoahost104:616138] *** End of error message ***
Example_spec_kryschur: ../../Grid/communicator/SharedMemoryMPI.cc:434: static void Grid::GlobalSharedMemory::OptimalCommunicatorSharedMemory(const Coordinate&, ompi_communicator_t*&, Grid::Coordinate&): Assertion `WorldSize==Nprocessors' failed.
[genoahost099:1596770] *** Process received signal ***
[genoahost099:1596770] Signal: Aborted (6)
[genoahost099:1596770] Signal code:  (-6)
[genoahost099:1596770] [ 0] /lib64/libc.so.6(+0x3fc30)[0x1482f7c3fc30]
[genoahost099:1596770] [ 1] /lib64/libc.so.6(+0x8d02c)[0x1482f7c8d02c]
[genoahost099:1596770] [ 2] /lib64/libc.so.6(raise+0x16)[0x1482f7c3fb86]
[genoahost099:1596770] [ 3] /lib64/libc.so.6(abort+0xd3)[0x1482f7c29873]
[genoahost099:1596770] [ 4] /lib64/libc.so.6(+0x2979b)[0x1482f7c2979b]
[genoahost099:1596770] [ 5] /lib64/libc.so.6(+0x388c6)[0x1482f7c388c6]
[genoahost099:1596770] [ 6] ./Example_spec_kryschur[0x4cc206]
[genoahost099:1596770] [ 7] ./Example_spec_kryschur[0x4cc2f1]
[genoahost099:1596770] [ 8] ./Example_spec_kryschur[0x4c7e95]
[genoahost099:1596770] [ 9] ./Example_spec_kryschur[0x4b5f4f]
[genoahost099:1596770] [10] ./Example_spec_kryschur[0x41180d]
[genoahost099:1596770] [11] /lib64/libc.so.6(+0x2a610)[0x1482f7c2a610]
[genoahost099:1596770] [12] /lib64/libc.so.6(__libc_start_main+0x80)[0x1482f7c2a6c0]
[genoahost099:1596770] [13] ./Example_spec_kryschur[0x4147f5]
[genoahost099:1596770] *** End of error message ***
Example_spec_kryschur: ../../Grid/communicator/SharedMemoryMPI.cc:434: static void Grid::GlobalSharedMemory::OptimalCommunicatorSharedMemory(const Coordinate&, ompi_communicator_t*&, Grid::Coordinate&): Assertion `WorldSize==Nprocessors' failed.
[genoahost104:616128] *** Process received signal ***
[genoahost104:616128] Signal: Aborted (6)
[genoahost104:616128] Signal code:  (-6)
[genoahost104:616128] [ 0] /lib64/libc.so.6(+0x3fc30)[0x14b801e3fc30]
[genoahost104:616128] [ 1] /lib64/libc.so.6(+0x8d02c)[0x14b801e8d02c]
[genoahost104:616128] [ 2] /lib64/libc.so.6(raise+0x16)[0x14b801e3fb86]
[genoahost104:616128] [ 3] /lib64/libc.so.6(abort+0xd3)[0x14b801e29873]
[genoahost104:616128] [ 4] /lib64/libc.so.6(+0x2979b)[0x14b801e2979b]
[genoahost104:616128] [ 5] /lib64/libc.so.6(+0x388c6)[0x14b801e388c6]
[genoahost104:616128] [ 6] ./Example_spec_kryschur[0x4cc206]
[genoahost104:616128] [ 7] ./Example_spec_kryschur[0x4cc2f1]
[genoahost104:616128] [ 8] ./Example_spec_kryschur[0x4c7e95]
[genoahost104:616128] [ 9] ./Example_spec_kryschur[0x4b5f4f]
[genoahost104:616128] [10] ./Example_spec_kryschur[0x41180d]
[genoahost104:616128] [11] /lib64/libc.so.6(+0x2a610)[0x14b801e2a610]
[genoahost104:616128] [12] /lib64/libc.so.6(__libc_start_main+0x80)[0x14b801e2a6c0]
[genoahost104:616128] [13] ./Example_spec_kryschur[0x4147f5]
[genoahost104:616128] *** End of error message ***
Example_spec_kryschur: ../../Grid/communicator/SharedMemoryMPI.cc:434: static void Grid::GlobalSharedMemory::OptimalCommunicatorSharedMemory(const Coordinate&, ompi_communicator_t*&, Grid::Coordinate&): Assertion `WorldSize==Nprocessors' failed.
[genoahost102:615495] *** Process received signal ***
[genoahost102:615495] Signal: Aborted (6)
[genoahost102:615495] Signal code:  (-6)
[genoahost102:615495] [ 0] /lib64/libc.so.6(+0x3fc30)[0x152c3ac3fc30]
[genoahost102:615495] [ 1] /lib64/libc.so.6(+0x8d02c)[0x152c3ac8d02c]
[genoahost102:615495] [ 2] /lib64/libc.so.6(raise+0x16)[0x152c3ac3fb86]
[genoahost102:615495] [ 3] /lib64/libc.so.6(abort+0xd3)[0x152c3ac29873]
[genoahost102:615495] [ 4] /lib64/libc.so.6(+0x2979b)[0x152c3ac2979b]
[genoahost102:615495] [ 5] /lib64/libc.so.6(+0x388c6)[0x152c3ac388c6]
[genoahost102:615495] [ 6] ./Example_spec_kryschur[0x4cc206]
[genoahost102:615495] [ 7] ./Example_spec_kryschur[0x4cc2f1]
[genoahost102:615495] [ 8] ./Example_spec_kryschur[0x4c7e95]
[genoahost102:615495] [ 9] ./Example_spec_kryschur[0x4b5f4f]
[genoahost102:615495] [10] ./Example_spec_kryschur[0x41180d]
[genoahost102:615495] [11] /lib64/libc.so.6(+0x2a610)[0x152c3ac2a610]
[genoahost102:615495] [12] /lib64/libc.so.6(__libc_start_main+0x80)[0x152c3ac2a6c0]
[genoahost102:615495] [13] ./Example_spec_kryschur[0x4147f5]
[genoahost102:615495] *** End of error message ***
Example_spec_kryschur: ../../Grid/communicator/SharedMemoryMPI.cc:434: static void Grid::GlobalSharedMemory::OptimalCommunicatorSharedMemory(const Coordinate&, ompi_communicator_t*&, Grid::Coordinate&): Assertion `WorldSize==Nprocessors' failed.
[genoahost104:616135] *** Process received signal ***
[genoahost104:616135] Signal: Aborted (6)
[genoahost104:616135] Signal code:  (-6)
[genoahost104:616135] [ 0] /lib64/libc.so.6(+0x3fc30)[0x1485c5c3fc30]
[genoahost104:616135] [ 1] /lib64/libc.so.6(+0x8d02c)[0x1485c5c8d02c]
[genoahost104:616135] [ 2] /lib64/libc.so.6(raise+0x16)[0x1485c5c3fb86]
[genoahost104:616135] [ 3] /lib64/libc.so.6(abort+0xd3)[0x1485c5c29873]
[genoahost104:616135] [ 4] /lib64/libc.so.6(+0x2979b)[0x1485c5c2979b]
[genoahost104:616135] [ 5] /lib64/libc.so.6(+0x388c6)[0x1485c5c388c6]
[genoahost104:616135] [ 6] ./Example_spec_kryschur[0x4cc206]
[genoahost104:616135] [ 7] ./Example_spec_kryschur[0x4cc2f1]
[genoahost104:616135] [ 8] ./Example_spec_kryschur[0x4c7e95]
[genoahost104:616135] [ 9] ./Example_spec_kryschur[0x4b5f4f]
[genoahost104:616135] [10] ./Example_spec_kryschur[0x41180d]
[genoahost104:616135] [11] /lib64/libc.so.6(+0x2a610)[0x1485c5c2a610]
[genoahost104:616135] [12] /lib64/libc.so.6(__libc_start_main+0x80)[0x1485c5c2a6c0]
[genoahost104:616135] [13] ./Example_spec_kryschur[0x4147f5]
[genoahost104:616135] *** End of error message ***
Example_spec_kryschur: ../../Grid/communicator/SharedMemoryMPI.cc:434: static void Grid::GlobalSharedMemory::OptimalCommunicatorSharedMemory(const Coordinate&, ompi_communicator_t*&, Grid::Coordinate&): Assertion `WorldSize==Nprocessors' failed.
[genoahost101:1135146] *** Process received signal ***
[genoahost101:1135146] Signal: Aborted (6)
[genoahost101:1135146] Signal code:  (-6)
[genoahost101:1135146] [ 0] /lib64/libc.so.6(+0x3fc30)[0x14a87b23fc30]
[genoahost101:1135146] [ 1] /lib64/libc.so.6(+0x8d02c)[0x14a87b28d02c]
[genoahost101:1135146] [ 2] /lib64/libc.so.6(raise+0x16)[0x14a87b23fb86]
[genoahost101:1135146] [ 3] /lib64/libc.so.6(abort+0xd3)[0x14a87b229873]
[genoahost101:1135146] [ 4] /lib64/libc.so.6(+0x2979b)[0x14a87b22979b]
[genoahost101:1135146] [ 5] /lib64/libc.so.6(+0x388c6)[0x14a87b2388c6]
[genoahost101:1135146] [ 6] ./Example_spec_kryschur[0x4cc206]
[genoahost101:1135146] [ 7] ./Example_spec_kryschur[0x4cc2f1]
[genoahost101:1135146] [ 8] ./Example_spec_kryschur[0x4c7e95]
[genoahost101:1135146] [ 9] ./Example_spec_kryschur[0x4b5f4f]
[genoahost101:1135146] [10] ./Example_spec_kryschur[0x41180d]
[genoahost101:1135146] [11] /lib64/libc.so.6(+0x2a610)[0x14a87b22a610]
[genoahost101:1135146] [12] /lib64/libc.so.6(__libc_start_main+0x80)[0x14a87b22a6c0]
[genoahost101:1135146] [13] ./Example_spec_kryschur[0x4147f5]
[genoahost101:1135146] *** End of error message ***
Example_spec_kryschur: ../../Grid/communicator/SharedMemoryMPI.cc:434: static void Grid::GlobalSharedMemory::OptimalCommunicatorSharedMemory(const Coordinate&, ompi_communicator_t*&, Grid::Coordinate&): Assertion `WorldSize==Nprocessors' failed.
[genoahost101:1135139] *** Process received signal ***
[genoahost101:1135139] Signal: Aborted (6)
[genoahost101:1135139] Signal code:  (-6)
[genoahost101:1135139] [ 0] /lib64/libc.so.6(+0x3fc30)[0x152a3ec3fc30]
[genoahost101:1135139] [ 1] /lib64/libc.so.6(+0x8d02c)[0x152a3ec8d02c]
[genoahost101:1135139] [ 2] /lib64/libc.so.6(raise+0x16)[0x152a3ec3fb86]
[genoahost101:1135139] [ 3] /lib64/libc.so.6(abort+0xd3)[0x152a3ec29873]
[genoahost101:1135139] [ 4] /lib64/libc.so.6(+0x2979b)[0x152a3ec2979b]
[genoahost101:1135139] [ 5] /lib64/libc.so.6(+0x388c6)[0x152a3ec388c6]
[genoahost101:1135139] [ 6] ./Example_spec_kryschur[0x4cc206]
[genoahost101:1135139] [ 7] ./Example_spec_kryschur[0x4cc2f1]
[genoahost101:1135139] [ 8] ./Example_spec_kryschur[0x4c7e95]
[genoahost101:1135139] [ 9] ./Example_spec_kryschur[0x4b5f4f]
[genoahost101:1135139] [10] ./Example_spec_kryschur[0x41180d]
[genoahost101:1135139] [11] /lib64/libc.so.6(+0x2a610)[0x152a3ec2a610]
[genoahost101:1135139] [12] /lib64/libc.so.6(__libc_start_main+0x80)[0x152a3ec2a6c0]
[genoahost101:1135139] [13] ./Example_spec_kryschur[0x4147f5]
[genoahost101:1135139] *** End of error message ***
Example_spec_kryschur: ../../Grid/communicator/SharedMemoryMPI.cc:434: static void Grid::GlobalSharedMemory::OptimalCommunicatorSharedMemory(const Coordinate&, ompi_communicator_t*&, Grid::Coordinate&): Assertion `WorldSize==Nprocessors' failed.
[genoahost104:616132] *** Process received signal ***
[genoahost104:616132] Signal: Aborted (6)
[genoahost104:616132] Signal code:  (-6)
[genoahost104:616132] [ 0] /lib64/libc.so.6(+0x3fc30)[0x152694a3fc30]
[genoahost104:616132] [ 1] /lib64/libc.so.6(+0x8d02c)[0x152694a8d02c]
[genoahost104:616132] [ 2] /lib64/libc.so.6(raise+0x16)[0x152694a3fb86]
[genoahost104:616132] [ 3] /lib64/libc.so.6(abort+0xd3)[0x152694a29873]
[genoahost104:616132] [ 4] /lib64/libc.so.6(+0x2979b)[0x152694a2979b]
[genoahost104:616132] [ 5] /lib64/libc.so.6(+0x388c6)[0x152694a388c6]
[genoahost104:616132] [ 6] ./Example_spec_kryschur[0x4cc206]
[genoahost104:616132] [ 7] ./Example_spec_kryschur[0x4cc2f1]
[genoahost104:616132] [ 8] ./Example_spec_kryschur[0x4c7e95]
[genoahost104:616132] [ 9] ./Example_spec_kryschur[0x4b5f4f]
[genoahost104:616132] [10] ./Example_spec_kryschur[0x41180d]
[genoahost104:616132] [11] /lib64/libc.so.6(+0x2a610)[0x152694a2a610]
[genoahost104:616132] [12] /lib64/libc.so.6(__libc_start_main+0x80)[0x152694a2a6c0]
[genoahost104:616132] [13] ./Example_spec_kryschur[0x4147f5]
[genoahost104:616132] *** End of error message ***
Example_spec_kryschur: ../../Grid/communicator/SharedMemoryMPI.cc:434: static void Grid::GlobalSharedMemory::OptimalCommunicatorSharedMemory(const Coordinate&, ompi_communicator_t*&, Grid::Coordinate&): Assertion `WorldSize==Nprocessors' failed.
[genoahost102:615493] *** Process received signal ***
[genoahost102:615493] Signal: Aborted (6)
[genoahost102:615493] Signal code:  (-6)
[genoahost102:615493] [ 0] /lib64/libc.so.6(+0x3fc30)[0x1455bea3fc30]
[genoahost102:615493] [ 1] /lib64/libc.so.6(+0x8d02c)[0x1455bea8d02c]
[genoahost102:615493] [ 2] /lib64/libc.so.6(raise+0x16)[0x1455bea3fb86]
[genoahost102:615493] [ 3] /lib64/libc.so.6(abort+0xd3)[0x1455bea29873]
[genoahost102:615493] [ 4] /lib64/libc.so.6(+0x2979b)[0x1455bea2979b]
[genoahost102:615493] [ 5] /lib64/libc.so.6(+0x388c6)[0x1455bea388c6]
[genoahost102:615493] [ 6] ./Example_spec_kryschur[0x4cc206]
[genoahost102:615493] [ 7] ./Example_spec_kryschur[0x4cc2f1]
[genoahost102:615493] [ 8] ./Example_spec_kryschur[0x4c7e95]
[genoahost102:615493] [ 9] ./Example_spec_kryschur[0x4b5f4f]
[genoahost102:615493] [10] ./Example_spec_kryschur[0x41180d]
[genoahost102:615493] [11] /lib64/libc.so.6(+0x2a610)[0x1455bea2a610]
[genoahost102:615493] [12] /lib64/libc.so.6(__libc_start_main+0x80)[0x1455bea2a6c0]
[genoahost102:615493] [13] ./Example_spec_kryschur[0x4147f5]
[genoahost102:615493] *** End of error message ***
Example_spec_kryschur: ../../Grid/communicator/SharedMemoryMPI.cc:434: static void Grid::GlobalSharedMemory::OptimalCommunicatorSharedMemory(const Coordinate&, ompi_communicator_t*&, Grid::Coordinate&): Assertion `WorldSize==Nprocessors' failed.
[genoahost100:636299] *** Process received signal ***
[genoahost100:636299] Signal: Aborted (6)
[genoahost100:636299] Signal code:  (-6)
[genoahost100:636299] [ 0] /lib64/libc.so.6(+0x3fc30)[0x148df5c3fc30]
[genoahost100:636299] [ 1] /lib64/libc.so.6(+0x8d02c)[0x148df5c8d02c]
[genoahost100:636299] [ 2] /lib64/libc.so.6(raise+0x16)[0x148df5c3fb86]
[genoahost100:636299] [ 3] /lib64/libc.so.6(abort+0xd3)[0x148df5c29873]
[genoahost100:636299] [ 4] /lib64/libc.so.6(+0x2979b)[0x148df5c2979b]
[genoahost100:636299] [ 5] /lib64/libc.so.6(+0x388c6)[0x148df5c388c6]
[genoahost100:636299] [ 6] ./Example_spec_kryschur[0x4cc206]
[genoahost100:636299] [ 7] ./Example_spec_kryschur[0x4cc2f1]
[genoahost100:636299] [ 8] ./Example_spec_kryschur[0x4c7e95]
[genoahost100:636299] [ 9] ./Example_spec_kryschur[0x4b5f4f]
[genoahost100:636299] [10] ./Example_spec_kryschur[0x41180d]
[genoahost100:636299] [11] /lib64/libc.so.6(+0x2a610)[0x148df5c2a610]
[genoahost100:636299] [12] /lib64/libc.so.6(__libc_start_main+0x80)[0x148df5c2a6c0]
[genoahost100:636299] [13] ./Example_spec_kryschur[0x4147f5]
[genoahost100:636299] *** End of error message ***
Example_spec_kryschur: ../../Grid/communicator/SharedMemoryMPI.cc:434: static void Grid::GlobalSharedMemory::OptimalCommunicatorSharedMemory(const Coordinate&, ompi_communicator_t*&, Grid::Coordinate&): Assertion `WorldSize==Nprocessors' failed.
[genoahost103:604652] *** Process received signal ***
[genoahost103:604652] Signal: Aborted (6)
[genoahost103:604652] Signal code:  (-6)
[genoahost103:604652] [ 0] /lib64/libc.so.6(+0x3fc30)[0x15401083fc30]
[genoahost103:604652] [ 1] /lib64/libc.so.6(+0x8d02c)[0x15401088d02c]
[genoahost103:604652] [ 2] /lib64/libc.so.6(raise+0x16)[0x15401083fb86]
[genoahost103:604652] [ 3] /lib64/libc.so.6(abort+0xd3)[0x154010829873]
[genoahost103:604652] [ 4] /lib64/libc.so.6(+0x2979b)[0x15401082979b]
[genoahost103:604652] [ 5] /lib64/libc.so.6(+0x388c6)[0x1540108388c6]
[genoahost103:604652] [ 6] ./Example_spec_kryschur[0x4cc206]
[genoahost103:604652] [ 7] ./Example_spec_kryschur[0x4cc2f1]
[genoahost103:604652] [ 8] ./Example_spec_kryschur[0x4c7e95]
[genoahost103:604652] [ 9] ./Example_spec_kryschur[0x4b5f4f]
[genoahost103:604652] [10] ./Example_spec_kryschur[0x41180d]
[genoahost103:604652] [11] /lib64/libc.so.6(+0x2a610)[0x15401082a610]
[genoahost103:604652] [12] /lib64/libc.so.6(__libc_start_main+0x80)[0x15401082a6c0]
[genoahost103:604652] [13] ./Example_spec_kryschur[0x4147f5]
[genoahost103:604652] *** End of error message ***
Example_spec_kryschur: ../../Grid/communicator/SharedMemoryMPI.cc:434: static void Grid::GlobalSharedMemory::OptimalCommunicatorSharedMemory(const Coordinate&, ompi_communicator_t*&, Grid::Coordinate&): Assertion `WorldSize==Nprocessors' failed.
[genoahost097:1717540] *** Process received signal ***
[genoahost097:1717540] Signal: Aborted (6)
[genoahost097:1717540] Signal code:  (-6)
[genoahost097:1717540] [ 0] /lib64/libc.so.6(+0x3fc30)[0x15211b63fc30]
[genoahost097:1717540] [ 1] /lib64/libc.so.6(+0x8d02c)[0x15211b68d02c]
[genoahost097:1717540] [ 2] /lib64/libc.so.6(raise+0x16)[0x15211b63fb86]
[genoahost097:1717540] [ 3] /lib64/libc.so.6(abort+0xd3)[0x15211b629873]
[genoahost097:1717540] [ 4] /lib64/libc.so.6(+0x2979b)[0x15211b62979b]
[genoahost097:1717540] [ 5] /lib64/libc.so.6(+0x388c6)[0x15211b6388c6]
[genoahost097:1717540] [ 6] ./Example_spec_kryschur[0x4cc206]
[genoahost097:1717540] [ 7] ./Example_spec_kryschur[0x4cc2f1]
[genoahost097:1717540] [ 8] ./Example_spec_kryschur[0x4c7e95]
[genoahost097:1717540] [ 9] ./Example_spec_kryschur[0x4b5f4f]
[genoahost097:1717540] [10] ./Example_spec_kryschur[0x41180d]
[genoahost097:1717540] [11] /lib64/libc.so.6(+0x2a610)[0x15211b62a610]
[genoahost097:1717540] [12] /lib64/libc.so.6(__libc_start_main+0x80)[0x15211b62a6c0]
[genoahost097:1717540] [13] ./Example_spec_kryschur[0x4147f5]
[genoahost097:1717540] *** End of error message ***
Example_spec_kryschur: ../../Grid/communicator/SharedMemoryMPI.cc:434: static void Grid::GlobalSharedMemory::OptimalCommunicatorSharedMemory(const Coordinate&, ompi_communicator_t*&, Grid::Coordinate&): Assertion `WorldSize==Nprocessors' failed.
[genoahost100:636307] *** Process received signal ***
[genoahost100:636307] Signal: Aborted (6)
[genoahost100:636307] Signal code:  (-6)
[genoahost100:636307] [ 0] /lib64/libc.so.6(+0x3fc30)[0x14870443fc30]
[genoahost100:636307] [ 1] /lib64/libc.so.6(+0x8d02c)[0x14870448d02c]
[genoahost100:636307] [ 2] /lib64/libc.so.6(raise+0x16)[0x14870443fb86]
[genoahost100:636307] [ 3] /lib64/libc.so.6(abort+0xd3)[0x148704429873]
[genoahost100:636307] [ 4] /lib64/libc.so.6(+0x2979b)[0x14870442979b]
[genoahost100:636307] [ 5] /lib64/libc.so.6(+0x388c6)[0x1487044388c6]
[genoahost100:636307] [ 6] ./Example_spec_kryschur[0x4cc206]
[genoahost100:636307] [ 7] ./Example_spec_kryschur[0x4cc2f1]
[genoahost100:636307] [ 8] ./Example_spec_kryschur[0x4c7e95]
[genoahost100:636307] [ 9] ./Example_spec_kryschur[0x4b5f4f]
[genoahost100:636307] [10] ./Example_spec_kryschur[0x41180d]
[genoahost100:636307] [11] /lib64/libc.so.6(+0x2a610)[0x14870442a610]
[genoahost100:636307] [12] /lib64/libc.so.6(__libc_start_main+0x80)[0x14870442a6c0]
[genoahost100:636307] [13] ./Example_spec_kryschur[0x4147f5]
[genoahost100:636307] *** End of error message ***
/direct/sdcc+u/poare/Grid/build/examples/./gpu_tile.sh: line 43: 1617344 Aborted                 (core dumped) numactl -p $NUMAP -N $NUMAP "$@"
Example_spec_kryschur: ../../Grid/communicator/SharedMemoryMPI.cc:434: static void Grid::GlobalSharedMemory::OptimalCommunicatorSharedMemory(const Coordinate&, ompi_communicator_t*&, Grid::Coordinate&): Assertion `WorldSize==Nprocessors' failed.
[genoahost102:615497] *** Process received signal ***
[genoahost102:615497] Signal: Aborted (6)
[genoahost102:615497] Signal code:  (-6)
[genoahost102:615497] [ 0] /lib64/libc.so.6(+0x3fc30)[0x14ef0903fc30]
[genoahost102:615497] [ 1] /lib64/libc.so.6(+0x8d02c)[0x14ef0908d02c]
[genoahost102:615497] [ 2] /lib64/libc.so.6(raise+0x16)[0x14ef0903fb86]
[genoahost102:615497] [ 3] /lib64/libc.so.6(abort+0xd3)[0x14ef09029873]
[genoahost102:615497] [ 4] /lib64/libc.so.6(+0x2979b)[0x14ef0902979b]
[genoahost102:615497] [ 5] /lib64/libc.so.6(+0x388c6)[0x14ef090388c6]
[genoahost102:615497] [ 6] ./Example_spec_kryschur[0x4cc206]
[genoahost102:615497] [ 7] ./Example_spec_kryschur[0x4cc2f1]
[genoahost102:615497] [ 8] ./Example_spec_kryschur[0x4c7e95]
[genoahost102:615497] [ 9] ./Example_spec_kryschur[0x4b5f4f]
[genoahost102:615497] [10] ./Example_spec_kryschur[0x41180d]
[genoahost102:615497] [11] /lib64/libc.so.6(+0x2a610)[0x14ef0902a610]
[genoahost102:615497] [12] /lib64/libc.so.6(__libc_start_main+0x80)[0x14ef0902a6c0]
[genoahost102:615497] [13] ./Example_spec_kryschur[0x4147f5]
[genoahost102:615497] *** End of error message ***
Example_spec_kryschur: ../../Grid/communicator/SharedMemoryMPI.cc:434: static void Grid::GlobalSharedMemory::OptimalCommunicatorSharedMemory(const Coordinate&, ompi_communicator_t*&, Grid::Coordinate&): Assertion `WorldSize==Nprocessors' failed.
[genoahost102:615488] *** Process received signal ***
[genoahost102:615488] Signal: Aborted (6)
[genoahost102:615488] Signal code:  (-6)
[genoahost102:615488] [ 0] /lib64/libc.so.6(+0x3fc30)[0x152a7d83fc30]
[genoahost102:615488] [ 1] /lib64/libc.so.6(+0x8d02c)[0x152a7d88d02c]
[genoahost102:615488] [ 2] /lib64/libc.so.6(raise+0x16)[0x152a7d83fb86]
[genoahost102:615488] [ 3] /lib64/libc.so.6(abort+0xd3)[0x152a7d829873]
[genoahost102:615488] [ 4] /lib64/libc.so.6(+0x2979b)[0x152a7d82979b]
[genoahost102:615488] [ 5] /lib64/libc.so.6(+0x388c6)[0x152a7d8388c6]
[genoahost102:615488] [ 6] ./Example_spec_kryschur[0x4cc206]
[genoahost102:615488] [ 7] ./Example_spec_kryschur[0x4cc2f1]
[genoahost102:615488] [ 8] ./Example_spec_kryschur[0x4c7e95]
[genoahost102:615488] [ 9] ./Example_spec_kryschur[0x4b5f4f]
[genoahost102:615488] [10] ./Example_spec_kryschur[0x41180d]
[genoahost102:615488] [11] /lib64/libc.so.6(+0x2a610)[0x152a7d82a610]
[genoahost102:615488] [12] /lib64/libc.so.6(__libc_start_main+0x80)[0x152a7d82a6c0]
[genoahost102:615488] [13] ./Example_spec_kryschur[0x4147f5]
[genoahost102:615488] *** End of error message ***
srun: error: genoahost098: task 26: Exited with exit code 134
/direct/sdcc+u/poare/Grid/build/examples/./gpu_tile.sh: line 43: 1596759 Aborted                 (core dumped) numactl -p $NUMAP -N $NUMAP "$@"
Example_spec_kryschur: ../../Grid/communicator/SharedMemoryMPI.cc:434: static void Grid::GlobalSharedMemory::OptimalCommunicatorSharedMemory(const Coordinate&, ompi_communicator_t*&, Grid::Coordinate&): Assertion `WorldSize==Nprocessors' failed.
[genoahost100:636301] *** Process received signal ***
[genoahost100:636301] Signal: Aborted (6)
[genoahost100:636301] Signal code:  (-6)
[genoahost100:636301] [ 0] /lib64/libc.so.6(+0x3fc30)[0x152853a3fc30]
[genoahost100:636301] [ 1] /lib64/libc.so.6(+0x8d02c)[0x152853a8d02c]
[genoahost100:636301] [ 2] /lib64/libc.so.6(raise+0x16)[0x152853a3fb86]
[genoahost100:636301] [ 3] /lib64/libc.so.6(abort+0xd3)[0x152853a29873]
[genoahost100:636301] [ 4] /lib64/libc.so.6(+0x2979b)[0x152853a2979b]
[genoahost100:636301] [ 5] /lib64/libc.so.6(+0x388c6)[0x152853a388c6]
[genoahost100:636301] [ 6] ./Example_spec_kryschur[0x4cc206]
[genoahost100:636301] [ 7] ./Example_spec_kryschur[0x4cc2f1]
[genoahost100:636301] [ 8] ./Example_spec_kryschur[0x4c7e95]
[genoahost100:636301] [ 9] ./Example_spec_kryschur[0x4b5f4f]
[genoahost100:636301] [10] ./Example_spec_kryschur[0x41180d]
[genoahost100:636301] [11] /lib64/libc.so.6(+0x2a610)[0x152853a2a610]
[genoahost100:636301] [12] /lib64/libc.so.6(__libc_start_main+0x80)[0x152853a2a6c0]
[genoahost100:636301] [13] ./Example_spec_kryschur[0x4147f5]
[genoahost100:636301] *** End of error message ***
srun: error: genoahost099: task 46: Exited with exit code 134
Example_spec_kryschur: ../../Grid/communicator/SharedMemoryMPI.cc:434: static void Grid::GlobalSharedMemory::OptimalCommunicatorSharedMemory(const Coordinate&, ompi_communicator_t*&, Grid::Coordinate&): Assertion `WorldSize==Nprocessors' failed.
[genoahost102:615494] *** Process received signal ***
[genoahost102:615494] Signal: Aborted (6)
[genoahost102:615494] Signal code:  (-6)
[genoahost102:615494] [ 0] /lib64/libc.so.6(+0x3fc30)[0x14eb5723fc30]
[genoahost102:615494] [ 1] /lib64/libc.so.6(+0x8d02c)[0x14eb5728d02c]
[genoahost102:615494] [ 2] /lib64/libc.so.6(raise+0x16)[0x14eb5723fb86]
[genoahost102:615494] [ 3] /lib64/libc.so.6(abort+0xd3)[0x14eb57229873]
[genoahost102:615494] [ 4] /lib64/libc.so.6(+0x2979b)[0x14eb5722979b]
[genoahost102:615494] [ 5] /lib64/libc.so.6(+0x388c6)[0x14eb572388c6]
[genoahost102:615494] [ 6] ./Example_spec_kryschur[0x4cc206]
[genoahost102:615494] [ 7] ./Example_spec_kryschur[0x4cc2f1]
[genoahost102:615494] [ 8] ./Example_spec_kryschur[0x4c7e95]
[genoahost102:615494] [ 9] ./Example_spec_kryschur[0x4b5f4f]
[genoahost102:615494] [10] ./Example_spec_kryschur[0x41180d]
[genoahost102:615494] [11] /lib64/libc.so.6(+0x2a610)[0x14eb5722a610]
[genoahost102:615494] [12] /lib64/libc.so.6(__libc_start_main+0x80)[0x14eb5722a6c0]
[genoahost102:615494] [13] ./Example_spec_kryschur[0x4147f5]
[genoahost102:615494] *** End of error message ***
Example_spec_kryschur: ../../Grid/communicator/SharedMemoryMPI.cc:434: static void Grid::GlobalSharedMemory::OptimalCommunicatorSharedMemory(const Coordinate&, ompi_communicator_t*&, Grid::Coordinate&): Assertion `WorldSize==Nprocessors' failed.
[genoahost102:615502] *** Process received signal ***
[genoahost102:615502] Signal: Aborted (6)
[genoahost102:615502] Signal code:  (-6)
[genoahost102:615502] [ 0] /lib64/libc.so.6(+0x3fc30)[0x148265e3fc30]
[genoahost102:615502] [ 1] /lib64/libc.so.6(+0x8d02c)[0x148265e8d02c]
[genoahost102:615502] [ 2] /lib64/libc.so.6(raise+0x16)[0x148265e3fb86]
[genoahost102:615502] [ 3] /lib64/libc.so.6(abort+0xd3)[0x148265e29873]
[genoahost102:615502] [ 4] /lib64/libc.so.6(+0x2979b)[0x148265e2979b]
[genoahost102:615502] [ 5] /lib64/libc.so.6(+0x388c6)[0x148265e388c6]
[genoahost102:615502] [ 6] ./Example_spec_kryschur[0x4cc206]
[genoahost102:615502] [ 7] ./Example_spec_kryschur[0x4cc2f1]
[genoahost102:615502] [ 8] ./Example_spec_kryschur[0x4c7e95]
[genoahost102:615502] [ 9] ./Example_spec_kryschur[0x4b5f4f]
[genoahost102:615502] [10] ./Example_spec_kryschur[0x41180d]
[genoahost102:615502] [11] /lib64/libc.so.6(+0x2a610)[0x148265e2a610]
[genoahost102:615502] [12] /lib64/libc.so.6(__libc_start_main+0x80)[0x148265e2a6c0]
[genoahost102:615502] [13] ./Example_spec_kryschur[0x4147f5]
[genoahost102:615502] *** End of error message ***
/direct/sdcc+u/poare/Grid/build/examples/./gpu_tile.sh: line 43: 1135140 Aborted                 (core dumped) numactl -p $NUMAP -N $NUMAP "$@"
srun: error: genoahost101: task 74: Exited with exit code 134
Example_spec_kryschur: ../../Grid/communicator/SharedMemoryMPI.cc:434: static void Grid::GlobalSharedMemory::OptimalCommunicatorSharedMemory(const Coordinate&, ompi_communicator_t*&, Grid::Coordinate&): Assertion `WorldSize==Nprocessors' failed.
[genoahost097:1717539] *** Process received signal ***
[genoahost097:1717539] Signal: Aborted (6)
[genoahost097:1717539] Signal code:  (-6)
[genoahost097:1717539] [ 0] /lib64/libc.so.6(+0x3fc30)[0x152f9583fc30]
[genoahost097:1717539] [ 1] /lib64/libc.so.6(+0x8d02c)[0x152f9588d02c]
[genoahost097:1717539] [ 2] /lib64/libc.so.6(raise+0x16)[0x152f9583fb86]
[genoahost097:1717539] [ 3] /lib64/libc.so.6(abort+0xd3)[0x152f95829873]
[genoahost097:1717539] [ 4] /lib64/libc.so.6(+0x2979b)[0x152f9582979b]
[genoahost097:1717539] [ 5] /lib64/libc.so.6(+0x388c6)[0x152f958388c6]
[genoahost097:1717539] [ 6] ./Example_spec_kryschur[0x4cc206]
[genoahost097:1717539] [ 7] ./Example_spec_kryschur[0x4cc2f1]
[genoahost097:1717539] [ 8] ./Example_spec_kryschur[0x4c7e95]
[genoahost097:1717539] [ 9] ./Example_spec_kryschur[0x4b5f4f]
[genoahost097:1717539] [10] ./Example_spec_kryschur[0x41180d]
[genoahost097:1717539] [11] /lib64/libc.so.6(+0x2a610)[0x152f9582a610]
[genoahost097:1717539] [12] /lib64/libc.so.6(__libc_start_main+0x80)[0x152f9582a6c0]
[genoahost097:1717539] [13] ./Example_spec_kryschur[0x4147f5]
[genoahost097:1717539] *** End of error message ***
/direct/sdcc+u/poare/Grid/build/examples/./gpu_tile.sh: line 43: 1717531 Aborted                 (core dumped) numactl -p $NUMAP -N $NUMAP "$@"
srun: error: genoahost097: task 13: Exited with exit code 134
Example_spec_kryschur: ../../Grid/communicator/SharedMemoryMPI.cc:434: static void Grid::GlobalSharedMemory::OptimalCommunicatorSharedMemory(const Coordinate&, ompi_communicator_t*&, Grid::Coordinate&): Assertion `WorldSize==Nprocessors' failed.
[genoahost097:1717541] *** Process received signal ***
[genoahost097:1717541] Signal: Aborted (6)
[genoahost097:1717541] Signal code:  (-6)
[genoahost097:1717541] [ 0] /lib64/libc.so.6(+0x3fc30)[0x145915e3fc30]
[genoahost097:1717541] [ 1] /lib64/libc.so.6(+0x8d02c)[0x145915e8d02c]
[genoahost097:1717541] [ 2] /lib64/libc.so.6(raise+0x16)[0x145915e3fb86]
[genoahost097:1717541] [ 3] /lib64/libc.so.6(abort+0xd3)[0x145915e29873]
[genoahost097:1717541] [ 4] /lib64/libc.so.6(+0x2979b)[0x145915e2979b]
[genoahost097:1717541] [ 5] /lib64/libc.so.6(+0x388c6)[0x145915e388c6]
[genoahost097:1717541] [ 6] ./Example_spec_kryschur[0x4cc206]
[genoahost097:1717541] [ 7] ./Example_spec_kryschur[0x4cc2f1]
[genoahost097:1717541] [ 8] ./Example_spec_kryschur[0x4c7e95]
[genoahost097:1717541] [ 9] ./Example_spec_kryschur[0x4b5f4f]
[genoahost097:1717541] [10] ./Example_spec_kryschur[0x41180d]
[genoahost097:1717541] [11] /lib64/libc.so.6(+0x2a610)[0x145915e2a610]
[genoahost097:1717541] [12] /lib64/libc.so.6(__libc_start_main+0x80)[0x145915e2a6c0]
[genoahost097:1717541] [13] ./Example_spec_kryschur[0x4147f5]
[genoahost097:1717541] *** End of error message ***
Example_spec_kryschur: ../../Grid/communicator/SharedMemoryMPI.cc:434: static void Grid::GlobalSharedMemory::OptimalCommunicatorSharedMemory(const Coordinate&, ompi_communicator_t*&, Grid::Coordinate&): Assertion `WorldSize==Nprocessors' failed.
[genoahost097:1717533] *** Process received signal ***
[genoahost097:1717533] Signal: Aborted (6)
[genoahost097:1717533] Signal code:  (-6)
[genoahost097:1717533] [ 0] /lib64/libc.so.6(+0x3fc30)[0x15478fe3fc30]
[genoahost097:1717533] [ 1] /lib64/libc.so.6(+0x8d02c)[0x15478fe8d02c]
[genoahost097:1717533] [ 2] /lib64/libc.so.6(raise+0x16)[0x15478fe3fb86]
[genoahost097:1717533] [ 3] /lib64/libc.so.6(abort+0xd3)[0x15478fe29873]
[genoahost097:1717533] [ 4] /lib64/libc.so.6(+0x2979b)[0x15478fe2979b]
[genoahost097:1717533] [ 5] /lib64/libc.so.6(+0x388c6)[0x15478fe388c6]
[genoahost097:1717533] [ 6] ./Example_spec_kryschur[0x4cc206]
[genoahost097:1717533] [ 7] ./Example_spec_kryschur[0x4cc2f1]
[genoahost097:1717533] [ 8] ./Example_spec_kryschur[0x4c7e95]
[genoahost097:1717533] [ 9] ./Example_spec_kryschur[0x4b5f4f]
[genoahost097:1717533] [10] ./Example_spec_kryschur[0x41180d]
[genoahost097:1717533] [11] /lib64/libc.so.6(+0x2a610)[0x15478fe2a610]
[genoahost097:1717533] [12] /lib64/libc.so.6(__libc_start_main+0x80)[0x15478fe2a6c0]
[genoahost097:1717533] [13] ./Example_spec_kryschur[0x4147f5]
[genoahost097:1717533] *** End of error message ***
/direct/sdcc+u/poare/Grid/build/examples/./gpu_tile.sh: line 43: 616138 Aborted                 (core dumped) numactl -p $NUMAP -N $NUMAP "$@"
srun: error: genoahost104: task 116: Exited with exit code 134
Example_spec_kryschur: ../../Grid/communicator/SharedMemoryMPI.cc:434: static void Grid::GlobalSharedMemory::OptimalCommunicatorSharedMemory(const Coordinate&, ompi_communicator_t*&, Grid::Coordinate&): Assertion `WorldSize==Nprocessors' failed.
[genoahost102:615498] *** Process received signal ***
[genoahost102:615498] Signal: Aborted (6)
[genoahost102:615498] Signal code:  (-6)
[genoahost102:615498] [ 0] /lib64/libc.so.6(+0x3fc30)[0x149eff63fc30]
[genoahost102:615498] [ 1] /lib64/libc.so.6(+0x8d02c)[0x149eff68d02c]
[genoahost102:615498] [ 2] /lib64/libc.so.6(raise+0x16)[0x149eff63fb86]
[genoahost102:615498] [ 3] /lib64/libc.so.6(abort+0xd3)[0x149eff629873]
[genoahost102:615498] [ 4] /lib64/libc.so.6(+0x2979b)[0x149eff62979b]
[genoahost102:615498] [ 5] /lib64/libc.so.6(+0x388c6)[0x149eff6388c6]
[genoahost102:615498] [ 6] ./Example_spec_kryschur[0x4cc206]
[genoahost102:615498] [ 7] ./Example_spec_kryschur[0x4cc2f1]
[genoahost102:615498] [ 8] ./Example_spec_kryschur[0x4c7e95]
[genoahost102:615498] [ 9] ./Example_spec_kryschur[0x4b5f4f]
[genoahost102:615498] [10] ./Example_spec_kryschur[0x41180d]
[genoahost102:615498] [11] /lib64/libc.so.6(+0x2a610)[0x149eff62a610]
[genoahost102:615498] [12] /lib64/libc.so.6(__libc_start_main+0x80)[0x149eff62a6c0]
[genoahost102:615498] [13] ./Example_spec_kryschur[0x4147f5]
[genoahost102:615498] *** End of error message ***
/direct/sdcc+u/poare/Grid/build/examples/./gpu_tile.sh: line 43: 604652 Aborted                 (core dumped) numactl -p $NUMAP -N $NUMAP "$@"
srun: error: genoahost103: task 104: Exited with exit code 134
Example_spec_kryschur: ../../Grid/communicator/SharedMemoryMPI.cc:434: static void Grid::GlobalSharedMemory::OptimalCommunicatorSharedMemory(const Coordinate&, ompi_communicator_t*&, Grid::Coordinate&): Assertion `WorldSize==Nprocessors' failed.
[genoahost097:1717542] *** Process received signal ***
[genoahost097:1717542] Signal: Aborted (6)
[genoahost097:1717542] Signal code:  (-6)
[genoahost097:1717542] [ 0] /lib64/libc.so.6(+0x3fc30)[0x14ffc123fc30]
[genoahost097:1717542] [ 1] /lib64/libc.so.6(+0x8d02c)[0x14ffc128d02c]
[genoahost097:1717542] [ 2] /lib64/libc.so.6(raise+0x16)[0x14ffc123fb86]
[genoahost097:1717542] [ 3] /lib64/libc.so.6(abort+0xd3)[0x14ffc1229873]
[genoahost097:1717542] [ 4] /lib64/libc.so.6(+0x2979b)[0x14ffc122979b]
[genoahost097:1717542] [ 5] /lib64/libc.so.6(+0x388c6)[0x14ffc12388c6]
[genoahost097:1717542] [ 6] ./Example_spec_kryschur[0x4cc206]
[genoahost097:1717542] [ 7] ./Example_spec_kryschur[0x4cc2f1]
[genoahost097:1717542] [ 8] ./Example_spec_kryschur[0x4c7e95]
[genoahost097:1717542] [ 9] ./Example_spec_kryschur[0x4b5f4f]
[genoahost097:1717542] [10] ./Example_spec_kryschur[0x41180d]
[genoahost097:1717542] [11] /lib64/libc.so.6(+0x2a610)[0x14ffc122a610]
[genoahost097:1717542] [12] /lib64/libc.so.6(__libc_start_main+0x80)[0x14ffc122a6c0]
[genoahost097:1717542] [13] ./Example_spec_kryschur[0x4147f5]
[genoahost097:1717542] *** End of error message ***
Example_spec_kryschur: ../../Grid/communicator/SharedMemoryMPI.cc:434: static void Grid::GlobalSharedMemory::OptimalCommunicatorSharedMemory(const Coordinate&, ompi_communicator_t*&, Grid::Coordinate&): Assertion `WorldSize==Nprocessors' failed.
[genoahost097:1717545] *** Process received signal ***
[genoahost097:1717545] Signal: Aborted (6)
[genoahost097:1717545] Signal code:  (-6)
[genoahost097:1717545] [ 0] /lib64/libc.so.6(+0x3fc30)[0x149ad7a3fc30]
[genoahost097:1717545] [ 1] /lib64/libc.so.6(+0x8d02c)[0x149ad7a8d02c]
[genoahost097:1717545] [ 2] /lib64/libc.so.6(raise+0x16)[0x149ad7a3fb86]
[genoahost097:1717545] [ 3] /lib64/libc.so.6(abort+0xd3)[0x149ad7a29873]
[genoahost097:1717545] [ 4] /lib64/libc.so.6(+0x2979b)[0x149ad7a2979b]
[genoahost097:1717545] [ 5] /lib64/libc.so.6(+0x388c6)[0x149ad7a388c6]
[genoahost097:1717545] [ 6] ./Example_spec_kryschur[0x4cc206]
[genoahost097:1717545] [ 7] ./Example_spec_kryschur[0x4cc2f1]
[genoahost097:1717545] [ 8] ./Example_spec_kryschur[0x4c7e95]
[genoahost097:1717545] [ 9] ./Example_spec_kryschur[0x4b5f4f]
[genoahost097:1717545] [10] ./Example_spec_kryschur[0x41180d]
[genoahost097:1717545] [11] /lib64/libc.so.6(+0x2a610)[0x149ad7a2a610]
[genoahost097:1717545] [12] /lib64/libc.so.6(__libc_start_main+0x80)[0x149ad7a2a6c0]
[genoahost097:1717545] [13] ./Example_spec_kryschur[0x4147f5]
[genoahost097:1717545] *** End of error message ***
/direct/sdcc+u/poare/Grid/build/examples/./gpu_tile.sh: line 43: 636307 Aborted                 (core dumped) numactl -p $NUMAP -N $NUMAP "$@"
Example_spec_kryschur: ../../Grid/communicator/SharedMemoryMPI.cc:434: static void Grid::GlobalSharedMemory::OptimalCommunicatorSharedMemory(const Coordinate&, ompi_communicator_t*&, Grid::Coordinate&): Assertion `WorldSize==Nprocessors' failed.
[genoahost097:1717544] *** Process received signal ***
[genoahost097:1717544] Signal: Aborted (6)
[genoahost097:1717544] Signal code:  (-6)
[genoahost097:1717544] [ 0] /lib64/libc.so.6(+0x3fc30)[0x1458ad83fc30]
[genoahost097:1717544] [ 1] /lib64/libc.so.6(+0x8d02c)[0x1458ad88d02c]
[genoahost097:1717544] [ 2] /lib64/libc.so.6(raise+0x16)[0x1458ad83fb86]
[genoahost097:1717544] [ 3] /lib64/libc.so.6(abort+0xd3)[0x1458ad829873]
[genoahost097:1717544] [ 4] /lib64/libc.so.6(+0x2979b)[0x1458ad82979b]
[genoahost097:1717544] [ 5] /lib64/libc.so.6(+0x388c6)[0x1458ad8388c6]
[genoahost097:1717544] [ 6] ./Example_spec_kryschur[0x4cc206]
[genoahost097:1717544] [ 7] ./Example_spec_kryschur[0x4cc2f1]
[genoahost097:1717544] [ 8] ./Example_spec_kryschur[0x4c7e95]
[genoahost097:1717544] [ 9] ./Example_spec_kryschur[0x4b5f4f]
[genoahost097:1717544] [10] ./Example_spec_kryschur[0x41180d]
[genoahost097:1717544] [11] /lib64/libc.so.6(+0x2a610)[0x1458ad82a610]
[genoahost097:1717544] [12] /lib64/libc.so.6(__libc_start_main+0x80)[0x1458ad82a6c0]
[genoahost097:1717544] [13] ./Example_spec_kryschur[0x4147f5]
[genoahost097:1717544] *** End of error message ***
srun: error: genoahost100: task 50: Exited with exit code 134
Example_spec_kryschur: ../../Grid/communicator/SharedMemoryMPI.cc:434: static void Grid::GlobalSharedMemory::OptimalCommunicatorSharedMemory(const Coordinate&, ompi_communicator_t*&, Grid::Coordinate&): Assertion `WorldSize==Nprocessors' failed.
[genoahost097:1717538] *** Process received signal ***
[genoahost097:1717538] Signal: Aborted (6)
[genoahost097:1717538] Signal code:  (-6)
[genoahost097:1717538] [ 0] /lib64/libc.so.6(+0x3fc30)[0x148826e3fc30]
[genoahost097:1717538] [ 1] /lib64/libc.so.6(+0x8d02c)[0x148826e8d02c]
[genoahost097:1717538] [ 2] /lib64/libc.so.6(raise+0x16)[0x148826e3fb86]
[genoahost097:1717538] [ 3] /lib64/libc.so.6(abort+0xd3)[0x148826e29873]
[genoahost097:1717538] [ 4] /lib64/libc.so.6(+0x2979b)[0x148826e2979b]
[genoahost097:1717538] [ 5] /lib64/libc.so.6(+0x388c6)[0x148826e388c6]
[genoahost097:1717538] [ 6] ./Example_spec_kryschur[0x4cc206]
[genoahost097:1717538] [ 7] ./Example_spec_kryschur[0x4cc2f1]
[genoahost097:1717538] [ 8] ./Example_spec_kryschur[0x4c7e95]
[genoahost097:1717538] [ 9] ./Example_spec_kryschur[0x4b5f4f]
[genoahost097:1717538] [10] ./Example_spec_kryschur[0x41180d]
[genoahost097:1717538] [11] /lib64/libc.so.6(+0x2a610)[0x148826e2a610]
[genoahost097:1717538] [12] /lib64/libc.so.6(__libc_start_main+0x80)[0x148826e2a6c0]
[genoahost097:1717538] [13] ./Example_spec_kryschur[0x4147f5]
[genoahost097:1717538] *** End of error message ***
Example_spec_kryschur: ../../Grid/communicator/SharedMemoryMPI.cc:434: static void Grid::GlobalSharedMemory::OptimalCommunicatorSharedMemory(const Coordinate&, ompi_communicator_t*&, Grid::Coordinate&): Assertion `WorldSize==Nprocessors' failed.
[genoahost097:1717535] *** Process received signal ***
[genoahost097:1717535] Signal: Aborted (6)
[genoahost097:1717535] Signal code:  (-6)
[genoahost097:1717535] [ 0] /lib64/libc.so.6(+0x3fc30)[0x151c2d03fc30]
[genoahost097:1717535] [ 1] /lib64/libc.so.6(+0x8d02c)[0x151c2d08d02c]
[genoahost097:1717535] [ 2] /lib64/libc.so.6(raise+0x16)[0x151c2d03fb86]
[genoahost097:1717535] [ 3] /lib64/libc.so.6(abort+0xd3)[0x151c2d029873]
[genoahost097:1717535] [ 4] /lib64/libc.so.6(+0x2979b)[0x151c2d02979b]
[genoahost097:1717535] [ 5] /lib64/libc.so.6(+0x388c6)[0x151c2d0388c6]
[genoahost097:1717535] [ 6] ./Example_spec_kryschur[0x4cc206]
[genoahost097:1717535] [ 7] ./Example_spec_kryschur[0x4cc2f1]
[genoahost097:1717535] [ 8] ./Example_spec_kryschur[0x4c7e95]
[genoahost097:1717535] [ 9] ./Example_spec_kryschur[0x4b5f4f]
[genoahost097:1717535] [10] ./Example_spec_kryschur[0x41180d]
[genoahost097:1717535] [11] /lib64/libc.so.6(+0x2a610)[0x151c2d02a610]
[genoahost097:1717535] [12] /lib64/libc.so.6(__libc_start_main+0x80)[0x151c2d02a6c0]
[genoahost097:1717535] [13] ./Example_spec_kryschur[0x4147f5]
[genoahost097:1717535] *** End of error message ***
Example_spec_kryschur: ../../Grid/communicator/SharedMemoryMPI.cc:434: static void Grid::GlobalSharedMemory::OptimalCommunicatorSharedMemory(const Coordinate&, ompi_communicator_t*&, Grid::Coordinate&): Assertion `WorldSize==Nprocessors' failed.
[genoahost097:1717537] *** Process received signal ***
[genoahost097:1717537] Signal: Aborted (6)
[genoahost097:1717537] Signal code:  (-6)
[genoahost097:1717537] [ 0] /lib64/libc.so.6(+0x3fc30)[0x148db6a3fc30]
[genoahost097:1717537] [ 1] /lib64/libc.so.6(+0x8d02c)[0x148db6a8d02c]
[genoahost097:1717537] [ 2] /lib64/libc.so.6(raise+0x16)[0x148db6a3fb86]
[genoahost097:1717537] [ 3] /lib64/libc.so.6(abort+0xd3)[0x148db6a29873]
[genoahost097:1717537] [ 4] /lib64/libc.so.6(+0x2979b)[0x148db6a2979b]
[genoahost097:1717537] [ 5] /lib64/libc.so.6(+0x388c6)[0x148db6a388c6]
[genoahost097:1717537] [ 6] ./Example_spec_kryschur[0x4cc206]
[genoahost097:1717537] [ 7] ./Example_spec_kryschur[0x4cc2f1]
[genoahost097:1717537] [ 8] ./Example_spec_kryschur[0x4c7e95]
[genoahost097:1717537] [ 9] ./Example_spec_kryschur[0x4b5f4f]
[genoahost097:1717537] [10] ./Example_spec_kryschur[0x41180d]
[genoahost097:1717537] [11] /lib64/libc.so.6(+0x2a610)[0x148db6a2a610]
[genoahost097:1717537] [12] /lib64/libc.so.6(__libc_start_main+0x80)[0x148db6a2a6c0]
[genoahost097:1717537] [13] ./Example_spec_kryschur[0x4147f5]
[genoahost097:1717537] *** End of error message ***
/direct/sdcc+u/poare/Grid/build/examples/./gpu_tile.sh: line 43: 1135138 Aborted                 (core dumped) numactl -p $NUMAP -N $NUMAP "$@"
srun: error: genoahost101: task 72: Exited with exit code 134
Example_spec_kryschur: ../../Grid/communicator/SharedMemoryMPI.cc:434: static void Grid::GlobalSharedMemory::OptimalCommunicatorSharedMemory(const Coordinate&, ompi_communicator_t*&, Grid::Coordinate&): Assertion `WorldSize==Nprocessors' failed.
[genoahost097:1717543] *** Process received signal ***
[genoahost097:1717543] Signal: Aborted (6)
[genoahost097:1717543] Signal code:  (-6)
[genoahost097:1717543] [ 0] /lib64/libc.so.6(+0x3fc30)[0x15194923fc30]
[genoahost097:1717543] [ 1] /lib64/libc.so.6(+0x8d02c)[0x15194928d02c]
[genoahost097:1717543] [ 2] /lib64/libc.so.6(raise+0x16)[0x15194923fb86]
[genoahost097:1717543] [ 3] /lib64/libc.so.6(abort+0xd3)[0x151949229873]
[genoahost097:1717543] [ 4] /lib64/libc.so.6(+0x2979b)[0x15194922979b]
[genoahost097:1717543] [ 5] /lib64/libc.so.6(+0x388c6)[0x1519492388c6]
[genoahost097:1717543] [ 6] ./Example_spec_kryschur[0x4cc206]
[genoahost097:1717543] [ 7] ./Example_spec_kryschur[0x4cc2f1]
[genoahost097:1717543] [ 8] ./Example_spec_kryschur[0x4c7e95]
[genoahost097:1717543] [ 9] ./Example_spec_kryschur[0x4b5f4f]
[genoahost097:1717543] [10] ./Example_spec_kryschur[0x41180d]
[genoahost097:1717543] [11] /lib64/libc.so.6(+0x2a610)[0x15194922a610]
[genoahost097:1717543] [12] /lib64/libc.so.6(__libc_start_main+0x80)[0x15194922a6c0]
[genoahost097:1717543] [13] ./Example_spec_kryschur[0x4147f5]
[genoahost097:1717543] *** End of error message ***
/direct/sdcc+u/poare/Grid/build/examples/./gpu_tile.sh: line 43: 1596769 Aborted                 (core dumped) numactl -p $NUMAP -N $NUMAP "$@"
srun: error: genoahost099: task 43: Exited with exit code 134
/direct/sdcc+u/poare/Grid/build/examples/./gpu_tile.sh: line 43: 615499 Aborted                 (core dumped) numactl -p $NUMAP -N $NUMAP "$@"
srun: error: genoahost102: task 89: Exited with exit code 134
/direct/sdcc+u/poare/Grid/build/examples/./gpu_tile.sh: line 43: 1717535 Aborted                 (core dumped) numactl -p $NUMAP -N $NUMAP "$@"
srun: error: genoahost097: task 10: Exited with exit code 134
/direct/sdcc+u/poare/Grid/build/examples/./gpu_tile.sh: line 43: 636304 Aborted                 (core dumped) numactl -p $NUMAP -N $NUMAP "$@"
/direct/sdcc+u/poare/Grid/build/examples/./gpu_tile.sh: line 43: 1617349 Aborted                 (core dumped) numactl -p $NUMAP -N $NUMAP "$@"
srun: error: genoahost100: task 60: Exited with exit code 134
srun: error: genoahost098: task 29: Exited with exit code 134
/direct/sdcc+u/poare/Grid/build/examples/./gpu_tile.sh: line 43: 615492 Aborted                 (core dumped) numactl -p $NUMAP -N $NUMAP "$@"
srun: error: genoahost102: task 82: Exited with exit code 134
/direct/sdcc+u/poare/Grid/build/examples/./gpu_tile.sh: line 43: 1617345 Aborted                 (core dumped) numactl -p $NUMAP -N $NUMAP "$@"
/direct/sdcc+u/poare/Grid/build/examples/./gpu_tile.sh: line 43: 616127 Aborted                 (core dumped) numactl -p $NUMAP -N $NUMAP "$@"
srun: error: genoahost098: task 24: Exited with exit code 134
/direct/sdcc+u/poare/Grid/build/examples/./gpu_tile.sh: line 43: 1596764 Aborted                 (core dumped) numactl -p $NUMAP -N $NUMAP "$@"
srun: error: genoahost104: task 114: Exited with exit code 134
srun: error: genoahost099: task 41: Exited with exit code 134
/direct/sdcc+u/poare/Grid/build/examples/./gpu_tile.sh: line 43: 604637 Aborted                 (core dumped) numactl -p $NUMAP -N $NUMAP "$@"
/direct/sdcc+u/poare/Grid/build/examples/./gpu_tile.sh: line 43: 1135147 Aborted                 (core dumped) numactl -p $NUMAP -N $NUMAP "$@"
srun: error: genoahost103: task 97: Exited with exit code 134
srun: error: genoahost101: task 70: Exited with exit code 134
/direct/sdcc+u/poare/Grid/build/examples/./gpu_tile.sh: line 43: 1135151 Aborted                 (core dumped) numactl -p $NUMAP -N $NUMAP "$@"
/direct/sdcc+u/poare/Grid/build/examples/./gpu_tile.sh: line 43: 616133 Aborted                 (core dumped) numactl -p $NUMAP -N $NUMAP "$@"
/direct/sdcc+u/poare/Grid/build/examples/./gpu_tile.sh: line 43: 616141 Aborted                 (core dumped) numactl -p $NUMAP -N $NUMAP "$@"
srun: error: genoahost101: task 71: Exited with exit code 134
srun: error: genoahost104: tasks 120,127: Exited with exit code 134
/direct/sdcc+u/poare/Grid/build/examples/./gpu_tile.sh: line 43: 615503 Aborted                 (core dumped) numactl -p $NUMAP -N $NUMAP "$@"
/direct/sdcc+u/poare/Grid/build/examples/./gpu_tile.sh: line 43: 604642 Aborted                 (core dumped) numactl -p $NUMAP -N $NUMAP "$@"
srun: error: genoahost102: task 91: Exited with exit code 134
/direct/sdcc+u/poare/Grid/build/examples/./gpu_tile.sh: line 43: 636306 Aborted                 (core dumped) numactl -p $NUMAP -N $NUMAP "$@"
/direct/sdcc+u/poare/Grid/build/examples/./gpu_tile.sh: line 43: 636313 Aborted                 (core dumped) numactl -p $NUMAP -N $NUMAP "$@"
/direct/sdcc+u/poare/Grid/build/examples/./gpu_tile.sh: line 43: 604650 Aborted                 (core dumped) numactl -p $NUMAP -N $NUMAP "$@"
srun: error: genoahost103: tasks 100-101: Exited with exit code 134
/direct/sdcc+u/poare/Grid/build/examples/./gpu_tile.sh: line 43: 604638 Aborted                 (core dumped) numactl -p $NUMAP -N $NUMAP "$@"
/direct/sdcc+u/poare/Grid/build/examples/./gpu_tile.sh: line 43: 1596766 Aborted                 (core dumped) numactl -p $NUMAP -N $NUMAP "$@"
/direct/sdcc+u/poare/Grid/build/examples/./gpu_tile.sh: line 43: 1717534 Aborted                 (core dumped) numactl -p $NUMAP -N $NUMAP "$@"
srun: error: genoahost100: tasks 56,61: Exited with exit code 134
srun: error: genoahost103: task 106: Exited with exit code 134
srun: error: genoahost099: task 38: Exited with exit code 134
srun: error: genoahost097: task 15: Exited with exit code 134
/direct/sdcc+u/poare/Grid/build/examples/./gpu_tile.sh: line 43: 615490 Aborted                 (core dumped) numactl -p $NUMAP -N $NUMAP "$@"
/direct/sdcc+u/poare/Grid/build/examples/./gpu_tile.sh: line 43: 636300 Aborted                 (core dumped) numactl -p $NUMAP -N $NUMAP "$@"
/direct/sdcc+u/poare/Grid/build/examples/./gpu_tile.sh: line 43: 1596771 Aborted                 (core dumped) numactl -p $NUMAP -N $NUMAP "$@"
srun: error: genoahost102: task 94: Exited with exit code 134
srun: error: genoahost100: task 58: Exited with exit code 134
/direct/sdcc+u/poare/Grid/build/examples/./gpu_tile.sh: line 43: 1617346 Aborted                 (core dumped) numactl -p $NUMAP -N $NUMAP "$@"
/direct/sdcc+u/poare/Grid/build/examples/./gpu_tile.sh: line 43: 1596757 Aborted                 (core dumped) numactl -p $NUMAP -N $NUMAP "$@"
/direct/sdcc+u/poare/Grid/build/examples/./gpu_tile.sh: line 43: 616129 Aborted                 (core dumped) numactl -p $NUMAP -N $NUMAP "$@"
/direct/sdcc+u/poare/Grid/build/examples/./gpu_tile.sh: line 43: 1596772 Aborted                 (core dumped) numactl -p $NUMAP -N $NUMAP "$@"
/direct/sdcc+u/poare/Grid/build/examples/./gpu_tile.sh: line 43: 636309 Aborted                 (core dumped) numactl -p $NUMAP -N $NUMAP "$@"
srun: error: genoahost099: tasks 39,42,45: Exited with exit code 134
/direct/sdcc+u/poare/Grid/build/examples/./gpu_tile.sh: line 43: 615496 Aborted                 (core dumped) numactl -p $NUMAP -N $NUMAP "$@"
srun: error: genoahost098: task 21: Exited with exit code 134
/direct/sdcc+u/poare/Grid/build/examples/./gpu_tile.sh: line 43: 1135136 Aborted                 (core dumped) numactl -p $NUMAP -N $NUMAP "$@"
srun: error: genoahost104: task 112: Exited with exit code 134
/direct/sdcc+u/poare/Grid/build/examples/./gpu_tile.sh: line 43: 1135137 Aborted                 (core dumped) numactl -p $NUMAP -N $NUMAP "$@"
srun: error: genoahost100: task 51: Exited with exit code 134
/direct/sdcc+u/poare/Grid/build/examples/./gpu_tile.sh: line 43: 1617338 Aborted                 (core dumped) numactl -p $NUMAP -N $NUMAP "$@"
/direct/sdcc+u/poare/Grid/build/examples/./gpu_tile.sh: line 43: 1617340 Aborted                 (core dumped) numactl -p $NUMAP -N $NUMAP "$@"
srun: error: genoahost102: task 84: Exited with exit code 134
srun: error: genoahost101: tasks 65,77: Exited with exit code 134
srun: error: genoahost098: tasks 17,31: Exited with exit code 134
/direct/sdcc+u/poare/Grid/build/examples/./gpu_tile.sh: line 43: 1617339 Aborted                 (core dumped) numactl -p $NUMAP -N $NUMAP "$@"
/direct/sdcc+u/poare/Grid/build/examples/./gpu_tile.sh: line 43: 616130 Aborted                 (core dumped) numactl -p $NUMAP -N $NUMAP "$@"
srun: error: genoahost098: task 30: Exited with exit code 134
srun: error: genoahost104: task 121: Exited with exit code 134
/direct/sdcc+u/poare/Grid/build/examples/./gpu_tile.sh: line 43: 616142 Aborted                 (core dumped) numactl -p $NUMAP -N $NUMAP "$@"
/direct/sdcc+u/poare/Grid/build/examples/./gpu_tile.sh: line 43: 1135145 Aborted                 (core dumped) numactl -p $NUMAP -N $NUMAP "$@"
/direct/sdcc+u/poare/Grid/build/examples/./gpu_tile.sh: line 43: 604645 Aborted                 (core dumped) numactl -p $NUMAP -N $NUMAP "$@"
/direct/sdcc+u/poare/Grid/build/examples/./gpu_tile.sh: line 43: 1596761 Aborted                 (core dumped) numactl -p $NUMAP -N $NUMAP "$@"
/direct/sdcc+u/poare/Grid/build/examples/./gpu_tile.sh: line 43: 1596762 Aborted                 (core dumped) numactl -p $NUMAP -N $NUMAP "$@"
/direct/sdcc+u/poare/Grid/build/examples/./gpu_tile.sh: line 43: 1617333 Aborted                 (core dumped) numactl -p $NUMAP -N $NUMAP "$@"
srun: error: genoahost104: task 119: Exited with exit code 134
srun: error: genoahost101: task 79: Exited with exit code 134
srun: error: genoahost103: task 105: Exited with exit code 134
/direct/sdcc+u/poare/Grid/build/examples/./gpu_tile.sh: line 43: 1596767 Aborted                 (core dumped) numactl -p $NUMAP -N $NUMAP "$@"
srun: error: genoahost099: tasks 36-37: Exited with exit code 134
/direct/sdcc+u/poare/Grid/build/examples/./gpu_tile.sh: line 43: 1596760 Aborted                 (core dumped) numactl -p $NUMAP -N $NUMAP "$@"
srun: error: genoahost098: task 22: Exited with exit code 134
/direct/sdcc+u/poare/Grid/build/examples/./gpu_tile.sh: line 43: 616139 Aborted                 (core dumped) numactl -p $NUMAP -N $NUMAP "$@"
/direct/sdcc+u/poare/Grid/build/examples/./gpu_tile.sh: line 43: 615491 Aborted                 (core dumped) numactl -p $NUMAP -N $NUMAP "$@"
/direct/sdcc+u/poare/Grid/build/examples/./gpu_tile.sh: line 43: 636302 Aborted                 (core dumped) numactl -p $NUMAP -N $NUMAP "$@"
srun: error: genoahost099: tasks 40,44: Exited with exit code 134
/direct/sdcc+u/poare/Grid/build/examples/./gpu_tile.sh: line 43: 616137 Aborted                 (core dumped) numactl -p $NUMAP -N $NUMAP "$@"
srun: error: genoahost104: tasks 122,126: Exited with exit code 134
/direct/sdcc+u/poare/Grid/build/examples/./gpu_tile.sh: line 43: 1596765 Aborted                 (core dumped) numactl -p $NUMAP -N $NUMAP "$@"
/direct/sdcc+u/poare/Grid/build/examples/./gpu_tile.sh: line 43: 615502 Aborted                 (core dumped) numactl -p $NUMAP -N $NUMAP "$@"
/direct/sdcc+u/poare/Grid/build/examples/./gpu_tile.sh: line 43: 636303 Aborted                 (core dumped) numactl -p $NUMAP -N $NUMAP "$@"
srun: error: genoahost102: tasks 81,90: Exited with exit code 134
srun: error: genoahost100: tasks 55,62: Exited with exit code 134
/direct/sdcc+u/poare/Grid/build/examples/./gpu_tile.sh: line 43: 1135143 Aborted                 (core dumped) numactl -p $NUMAP -N $NUMAP "$@"
/direct/sdcc+u/poare/Grid/build/examples/./gpu_tile.sh: line 43: 1717533 Aborted                 (core dumped) numactl -p $NUMAP -N $NUMAP "$@"
/direct/sdcc+u/poare/Grid/build/examples/./gpu_tile.sh: line 43: 616140 Aborted                 (core dumped) numactl -p $NUMAP -N $NUMAP "$@"
/direct/sdcc+u/poare/Grid/build/examples/./gpu_tile.sh: line 43: 616136 Aborted                 (core dumped) numactl -p $NUMAP -N $NUMAP "$@"
srun: error: genoahost099: task 35: Exited with exit code 134
/direct/sdcc+u/poare/Grid/build/examples/./gpu_tile.sh: line 43: 1135149 Aborted                 (core dumped) numactl -p $NUMAP -N $NUMAP "$@"
/direct/sdcc+u/poare/Grid/build/examples/./gpu_tile.sh: line 43: 1617337 Aborted                 (core dumped) numactl -p $NUMAP -N $NUMAP "$@"
/direct/sdcc+u/poare/Grid/build/examples/./gpu_tile.sh: line 43: 1617342 Aborted                 (core dumped) numactl -p $NUMAP -N $NUMAP "$@"
srun: error: genoahost101: tasks 67-68: Exited with exit code 134
/direct/sdcc+u/poare/Grid/build/examples/./gpu_tile.sh: line 43: 1596763 Aborted                 (core dumped) numactl -p $NUMAP -N $NUMAP "$@"
/direct/sdcc+u/poare/Grid/build/examples/./gpu_tile.sh: line 43: 1617334 Aborted                 (core dumped) numactl -p $NUMAP -N $NUMAP "$@"
/direct/sdcc+u/poare/Grid/build/examples/./gpu_tile.sh: line 43: 636311 Aborted                 (core dumped) numactl -p $NUMAP -N $NUMAP "$@"
srun: error: genoahost097: task 1: Exited with exit code 134
srun: error: genoahost104: tasks 113,124: Exited with exit code 134
/direct/sdcc+u/poare/Grid/build/examples/./gpu_tile.sh: line 43: 1135148 Aborted                 (core dumped) numactl -p $NUMAP -N $NUMAP "$@"
/direct/sdcc+u/poare/Grid/build/examples/./gpu_tile.sh: line 43: 1135141 Aborted                 (core dumped) numactl -p $NUMAP -N $NUMAP "$@"
srun: error: genoahost098: tasks 18-19,27: Exited with exit code 134
/direct/sdcc+u/poare/Grid/build/examples/./gpu_tile.sh: line 43: 616134 Aborted                 (core dumped) numactl -p $NUMAP -N $NUMAP "$@"
/direct/sdcc+u/poare/Grid/build/examples/./gpu_tile.sh: line 43: 1617347 Aborted                 (core dumped) numactl -p $NUMAP -N $NUMAP "$@"
/direct/sdcc+u/poare/Grid/build/examples/./gpu_tile.sh: line 43: 604643 Aborted                 (core dumped) numactl -p $NUMAP -N $NUMAP "$@"
/direct/sdcc+u/poare/Grid/build/examples/./gpu_tile.sh: line 43: 615493 Aborted                 (core dumped) numactl -p $NUMAP -N $NUMAP "$@"
/direct/sdcc+u/poare/Grid/build/examples/./gpu_tile.sh: line 43: 1135144 Aborted                 (core dumped) numactl -p $NUMAP -N $NUMAP "$@"
srun: error: genoahost099: task 32: Exited with exit code 134
srun: error: genoahost100: task 52: Exited with exit code 134
/direct/sdcc+u/poare/Grid/build/examples/./gpu_tile.sh: line 43: 636298 Aborted                 (core dumped) numactl -p $NUMAP -N $NUMAP "$@"
/direct/sdcc+u/poare/Grid/build/examples/./gpu_tile.sh: line 43: 636312 Aborted                 (core dumped) numactl -p $NUMAP -N $NUMAP "$@"
srun: error: genoahost101: tasks 64,69,78: Exited with exit code 134
/direct/sdcc+u/poare/Grid/build/examples/./gpu_tile.sh: line 43: 615495 Aborted                 (core dumped) numactl -p $NUMAP -N $NUMAP "$@"
/direct/sdcc+u/poare/Grid/build/examples/./gpu_tile.sh: line 43: 1617335 Aborted                 (core dumped) numactl -p $NUMAP -N $NUMAP "$@"
/direct/sdcc+u/poare/Grid/build/examples/./gpu_tile.sh: line 43: 1596758 Aborted                 (core dumped) numactl -p $NUMAP -N $NUMAP "$@"
srun: error: genoahost104: task 115: Exited with exit code 134
srun: error: genoahost098: tasks 20,28: Exited with exit code 134
srun: error: genoahost103: task 108: Exited with exit code 134
srun: error: genoahost102: tasks 80,95: Exited with exit code 134
/direct/sdcc+u/poare/Grid/build/examples/./gpu_tile.sh: line 43: 1617343 Aborted                 (core dumped) numactl -p $NUMAP -N $NUMAP "$@"
/direct/sdcc+u/poare/Grid/build/examples/./gpu_tile.sh: line 43: 604651 Aborted                 (core dumped) numactl -p $NUMAP -N $NUMAP "$@"
srun: error: genoahost100: tasks 57,63: Exited with exit code 134
/direct/sdcc+u/poare/Grid/build/examples/./gpu_tile.sh: line 43: 615488 Aborted                 (core dumped) numactl -p $NUMAP -N $NUMAP "$@"
/direct/sdcc+u/poare/Grid/build/examples/./gpu_tile.sh: line 43: 1135139 Aborted                 (core dumped) numactl -p $NUMAP -N $NUMAP "$@"
/direct/sdcc+u/poare/Grid/build/examples/./gpu_tile.sh: line 43: 616132 Aborted                 (core dumped) numactl -p $NUMAP -N $NUMAP "$@"
/direct/sdcc+u/poare/Grid/build/examples/./gpu_tile.sh: line 43: 615500 Aborted                 (core dumped) numactl -p $NUMAP -N $NUMAP "$@"
/direct/sdcc+u/poare/Grid/build/examples/./gpu_tile.sh: line 43: 636305 Aborted                 (core dumped) numactl -p $NUMAP -N $NUMAP "$@"
/direct/sdcc+u/poare/Grid/build/examples/./gpu_tile.sh: line 43: 1596768 Aborted                 (core dumped) numactl -p $NUMAP -N $NUMAP "$@"
srun: error: genoahost099: tasks 33,47: Exited with exit code 134
/direct/sdcc+u/poare/Grid/build/examples/./gpu_tile.sh: line 43: 616131 Aborted                 (core dumped) numactl -p $NUMAP -N $NUMAP "$@"
srun: error: genoahost098: task 23: Exited with exit code 134
srun: error: genoahost103: task 103: Exited with exit code 134
/direct/sdcc+u/poare/Grid/build/examples/./gpu_tile.sh: line 43: 604646 Aborted                 (core dumped) numactl -p $NUMAP -N $NUMAP "$@"
srun: error: genoahost102: tasks 87,93: Exited with exit code 134
srun: error: genoahost101: task 66: Exited with exit code 134
srun: error: genoahost104: tasks 117-118: Exited with exit code 134
/direct/sdcc+u/poare/Grid/build/examples/./gpu_tile.sh: line 43: 1717539 Aborted                 (core dumped) numactl -p $NUMAP -N $NUMAP "$@"
srun: error: genoahost100: task 59: Exited with exit code 134
/direct/sdcc+u/poare/Grid/build/examples/./gpu_tile.sh: line 43: 1717540 Aborted                 (core dumped) numactl -p $NUMAP -N $NUMAP "$@"
srun: error: genoahost103: task 96: Exited with exit code 134
/direct/sdcc+u/poare/Grid/build/examples/./gpu_tile.sh: line 43: 1135142 Aborted                 (core dumped) numactl -p $NUMAP -N $NUMAP "$@"
/direct/sdcc+u/poare/Grid/build/examples/./gpu_tile.sh: line 43: 604647 Aborted                 (core dumped) numactl -p $NUMAP -N $NUMAP "$@"
/direct/sdcc+u/poare/Grid/build/examples/./gpu_tile.sh: line 43: 1596770 Aborted                 (core dumped) numactl -p $NUMAP -N $NUMAP "$@"
srun: error: genoahost097: tasks 0,9: Exited with exit code 134
srun: error: genoahost099: task 34: Exited with exit code 134
/direct/sdcc+u/poare/Grid/build/examples/./gpu_tile.sh: line 43: 1617341 Aborted                 (core dumped) numactl -p $NUMAP -N $NUMAP "$@"
/direct/sdcc+u/poare/Grid/build/examples/./gpu_tile.sh: line 43: 636310 Aborted                 (core dumped) numactl -p $NUMAP -N $NUMAP "$@"
/direct/sdcc+u/poare/Grid/build/examples/./gpu_tile.sh: line 43: 1617336 Aborted                 (core dumped) numactl -p $NUMAP -N $NUMAP "$@"
/direct/sdcc+u/poare/Grid/build/examples/./gpu_tile.sh: line 43: 604644 Aborted                 (core dumped) numactl -p $NUMAP -N $NUMAP "$@"
srun: error: genoahost101: task 75: Exited with exit code 134
srun: error: genoahost103: tasks 99,102: Exited with exit code 134
/direct/sdcc+u/poare/Grid/build/examples/./gpu_tile.sh: line 43: 604639 Aborted                 (core dumped) numactl -p $NUMAP -N $NUMAP "$@"
/direct/sdcc+u/poare/Grid/build/examples/./gpu_tile.sh: line 43: 604649 Aborted                 (core dumped) numactl -p $NUMAP -N $NUMAP "$@"
srun: error: genoahost100: task 48: Exited with exit code 134
srun: error: genoahost098: tasks 16,25: Exited with exit code 134
/direct/sdcc+u/poare/Grid/build/examples/./gpu_tile.sh: line 43: 604648 Aborted                 (core dumped) numactl -p $NUMAP -N $NUMAP "$@"
/direct/sdcc+u/poare/Grid/build/examples/./gpu_tile.sh: line 43: 616135 Aborted                 (core dumped) numactl -p $NUMAP -N $NUMAP "$@"
/direct/sdcc+u/poare/Grid/build/examples/./gpu_tile.sh: line 43: 615494 Aborted                 (core dumped) numactl -p $NUMAP -N $NUMAP "$@"
/direct/sdcc+u/poare/Grid/build/examples/./gpu_tile.sh: line 43: 604641 Aborted                 (core dumped) numactl -p $NUMAP -N $NUMAP "$@"
srun: error: genoahost103: tasks 98,109-111: Exited with exit code 134
/direct/sdcc+u/poare/Grid/build/examples/./gpu_tile.sh: line 43: 636308 Aborted                 (core dumped) numactl -p $NUMAP -N $NUMAP "$@"
srun: error: genoahost104: task 125: Exited with exit code 134
srun: error: genoahost102: task 88: Exited with exit code 134
/direct/sdcc+u/poare/Grid/build/examples/./gpu_tile.sh: line 43: 1135150 Aborted                 (core dumped) numactl -p $NUMAP -N $NUMAP "$@"
srun: error: genoahost100: task 49: Exited with exit code 134
/direct/sdcc+u/poare/Grid/build/examples/./gpu_tile.sh: line 43: 604640 Aborted                 (core dumped) numactl -p $NUMAP -N $NUMAP "$@"
srun: error: genoahost103: task 107: Exited with exit code 134
/direct/sdcc+u/poare/Grid/build/examples/./gpu_tile.sh: line 43: 616128 Aborted                 (core dumped) numactl -p $NUMAP -N $NUMAP "$@"
srun: error: genoahost104: task 123: Exited with exit code 134
srun: error: genoahost101: task 73: Exited with exit code 134
/direct/sdcc+u/poare/Grid/build/examples/./gpu_tile.sh: line 43: 1135146 Aborted                 (core dumped) numactl -p $NUMAP -N $NUMAP "$@"
srun: error: genoahost101: task 76: Exited with exit code 134
/direct/sdcc+u/poare/Grid/build/examples/./gpu_tile.sh: line 43: 615497 Aborted                 (core dumped) numactl -p $NUMAP -N $NUMAP "$@"
srun: error: genoahost102: task 83: Exited with exit code 134
/direct/sdcc+u/poare/Grid/build/examples/./gpu_tile.sh: line 43: 636299 Aborted                 (core dumped) numactl -p $NUMAP -N $NUMAP "$@"
/direct/sdcc+u/poare/Grid/build/examples/./gpu_tile.sh: line 43: 636301 Aborted                 (core dumped) numactl -p $NUMAP -N $NUMAP "$@"
/direct/sdcc+u/poare/Grid/build/examples/./gpu_tile.sh: line 43: 1717542 Aborted                 (core dumped) numactl -p $NUMAP -N $NUMAP "$@"
srun: error: genoahost100: tasks 53-54: Exited with exit code 134
srun: error: genoahost097: task 2: Exited with exit code 134
/direct/sdcc+u/poare/Grid/build/examples/./gpu_tile.sh: line 43: 1717544 Aborted                 (core dumped) numactl -p $NUMAP -N $NUMAP "$@"
srun: error: genoahost097: task 3: Exited with exit code 134
/direct/sdcc+u/poare/Grid/build/examples/./gpu_tile.sh: line 43: 1717541 Aborted                 (core dumped) numactl -p $NUMAP -N $NUMAP "$@"
srun: error: genoahost097: task 5: Exited with exit code 134
/direct/sdcc+u/poare/Grid/build/examples/./gpu_tile.sh: line 43: 615498 Aborted                 (core dumped) numactl -p $NUMAP -N $NUMAP "$@"
srun: error: genoahost102: task 92: Exited with exit code 134
/direct/sdcc+u/poare/Grid/build/examples/./gpu_tile.sh: line 43: 1717545 Aborted                 (core dumped) numactl -p $NUMAP -N $NUMAP "$@"
/direct/sdcc+u/poare/Grid/build/examples/./gpu_tile.sh: line 43: 1717538 Aborted                 (core dumped) numactl -p $NUMAP -N $NUMAP "$@"
srun: error: genoahost097: tasks 8,12: Exited with exit code 134
/direct/sdcc+u/poare/Grid/build/examples/./gpu_tile.sh: line 43: 1717543 Aborted                 (core dumped) numactl -p $NUMAP -N $NUMAP "$@"
/direct/sdcc+u/poare/Grid/build/examples/./gpu_tile.sh: line 43: 1717537 Aborted                 (core dumped) numactl -p $NUMAP -N $NUMAP "$@"
srun: error: genoahost097: task 11: Exited with exit code 134
srun: error: genoahost097: task 7: Exited with exit code 134
