No PMIx server was reachable, but a PMI1/2 was detected.
If srun is being used to launch application,  128 singletons will be started.
Example_spec_kryschur: ../../Grid/communicator/SharedMemoryMPI.cc:434: static void Grid::GlobalSharedMemory::OptimalCommunicatorSharedMemory(const Coordinate&, ompi_communicator_t*&, Grid::Coordinate&): Assertion `WorldSize==Nprocessors' failed.
[genoahost100:639185] *** Process received signal ***
[genoahost100:639185] Signal: Aborted (6)
[genoahost100:639185] Signal code:  (-6)
[genoahost100:639185] [ 0] /lib64/libc.so.6(+0x3fc30)[0x14b7a0a3fc30]
[genoahost100:639185] [ 1] /lib64/libc.so.6(+0x8d02c)[0x14b7a0a8d02c]
[genoahost100:639185] [ 2] /lib64/libc.so.6(raise+0x16)[0x14b7a0a3fb86]
[genoahost100:639185] [ 3] /lib64/libc.so.6(abort+0xd3)[0x14b7a0a29873]
[genoahost100:639185] [ 4] /lib64/libc.so.6(+0x2979b)[0x14b7a0a2979b]
[genoahost100:639185] [ 5] /lib64/libc.so.6(+0x388c6)[0x14b7a0a388c6]
[genoahost100:639185] [ 6] /direct/sdcc+u/poare/Grid/build/examples/./Example_spec_kryschur[0x4cc206]
[genoahost100:639185] [ 7] /direct/sdcc+u/poare/Grid/build/examples/./Example_spec_kryschur[0x4cc2f1]
[genoahost100:639185] [ 8] /direct/sdcc+u/poare/Grid/build/examples/./Example_spec_kryschur[0x4c7e95]
[genoahost100:639185] [ 9] /direct/sdcc+u/poare/Grid/build/examples/./Example_spec_kryschur[0x4b5f4f]
[genoahost100:639185] [10] /direct/sdcc+u/poare/Grid/build/examples/./Example_spec_kryschur[0x41180d]
[genoahost100:639185] [11] /lib64/libc.so.6(+0x2a610)[0x14b7a0a2a610]
[genoahost100:639185] [12] /lib64/libc.so.6(__libc_start_main+0x80)[0x14b7a0a2a6c0]
[genoahost100:639185] [13] /direct/sdcc+u/poare/Grid/build/examples/./Example_spec_kryschur[0x4147f5]
[genoahost100:639185] *** End of error message ***
Example_spec_kryschur: ../../Grid/communicator/SharedMemoryMPI.cc:434: static void Grid::GlobalSharedMemory::OptimalCommunicatorSharedMemory(const Coordinate&, ompi_communicator_t*&, Grid::Coordinate&): Assertion `WorldSize==Nprocessors' failed.
[genoahost101:1138426] *** Process received signal ***
[genoahost101:1138426] Signal: Aborted (6)
[genoahost101:1138426] Signal code:  (-6)
[genoahost101:1138426] [ 0] /lib64/libc.so.6(+0x3fc30)[0x15091903fc30]
[genoahost101:1138426] [ 1] /lib64/libc.so.6(+0x8d02c)[0x15091908d02c]
[genoahost101:1138426] [ 2] /lib64/libc.so.6(raise+0x16)[0x15091903fb86]
[genoahost101:1138426] [ 3] /lib64/libc.so.6(abort+0xd3)[0x150919029873]
[genoahost101:1138426] [ 4] /lib64/libc.so.6(+0x2979b)[0x15091902979b]
[genoahost101:1138426] [ 5] /lib64/libc.so.6(+0x388c6)[0x1509190388c6]
[genoahost101:1138426] [ 6] /direct/sdcc+u/poare/Grid/build/examples/./Example_spec_kryschur[0x4cc206]
[genoahost101:1138426] [ 7] /direct/sdcc+u/poare/Grid/build/examples/./Example_spec_kryschur[0x4cc2f1]
[genoahost101:1138426] [ 8] /direct/sdcc+u/poare/Grid/build/examples/./Example_spec_kryschur[0x4c7e95]
[genoahost101:1138426] [ 9] /direct/sdcc+u/poare/Grid/build/examples/./Example_spec_kryschur[0x4b5f4f]
[genoahost101:1138426] [10] /direct/sdcc+u/poare/Grid/build/examples/./Example_spec_kryschur[0x41180d]
[genoahost101:1138426] [11] /lib64/libc.so.6(+0x2a610)[0x15091902a610]
[genoahost101:1138426] [12] /lib64/libc.so.6(__libc_start_main+0x80)[0x15091902a6c0]
[genoahost101:1138426] [13] /direct/sdcc+u/poare/Grid/build/examples/./Example_spec_kryschur[0x4147f5]
[genoahost101:1138426] *** End of error message ***
Example_spec_kryschur: ../../Grid/communicator/SharedMemoryMPI.cc:434: static void Grid::GlobalSharedMemory::OptimalCommunicatorSharedMemory(const Coordinate&, ompi_communicator_t*&, Grid::Coordinate&): Assertion `WorldSize==Nprocessors' failed.
[genoahost101:1138414] *** Process received signal ***
[genoahost101:1138414] Signal: Aborted (6)
[genoahost101:1138414] Signal code:  (-6)
[genoahost101:1138414] [ 0] /lib64/libc.so.6(+0x3fc30)[0x14f79863fc30]
[genoahost101:1138414] [ 1] /lib64/libc.so.6(+0x8d02c)[0x14f79868d02c]
[genoahost101:1138414] [ 2] /lib64/libc.so.6(raise+0x16)[0x14f79863fb86]
[genoahost101:1138414] [ 3] /lib64/libc.so.6(abort+0xd3)[0x14f798629873]
[genoahost101:1138414] [ 4] /lib64/libc.so.6(+0x2979b)[0x14f79862979b]
[genoahost101:1138414] [ 5] /lib64/libc.so.6(+0x388c6)[0x14f7986388c6]
[genoahost101:1138414] [ 6] /direct/sdcc+u/poare/Grid/build/examples/./Example_spec_kryschur[0x4cc206]
[genoahost101:1138414] [ 7] /direct/sdcc+u/poare/Grid/build/examples/./Example_spec_kryschur[0x4cc2f1]
[genoahost101:1138414] [ 8] /direct/sdcc+u/poare/Grid/build/examples/./Example_spec_kryschur[0x4c7e95]
[genoahost101:1138414] [ 9] /direct/sdcc+u/poare/Grid/build/examples/./Example_spec_kryschur[0x4b5f4f]
[genoahost101:1138414] [10] /direct/sdcc+u/poare/Grid/build/examples/./Example_spec_kryschur[0x41180d]
[genoahost101:1138414] [11] /lib64/libc.so.6(+0x2a610)[0x14f79862a610]
[genoahost101:1138414] [12] /lib64/libc.so.6(__libc_start_main+0x80)[0x14f79862a6c0]
[genoahost101:1138414] [13] /direct/sdcc+u/poare/Grid/build/examples/./Example_spec_kryschur[0x4147f5]
[genoahost101:1138414] *** End of error message ***
Example_spec_kryschur: ../../Grid/communicator/SharedMemoryMPI.cc:434: static void Grid::GlobalSharedMemory::OptimalCommunicatorSharedMemory(const Coordinate&, ompi_communicator_t*&, Grid::Coordinate&): Assertion `WorldSize==Nprocessors' failed.
[genoahost101:1138415] *** Process received signal ***
[genoahost101:1138415] Signal: Aborted (6)
[genoahost101:1138415] Signal code:  (-6)
[genoahost101:1138415] [ 0] /lib64/libc.so.6(+0x3fc30)[0x14c8fdc3fc30]
[genoahost101:1138415] [ 1] /lib64/libc.so.6(+0x8d02c)[0x14c8fdc8d02c]
[genoahost101:1138415] [ 2] /lib64/libc.so.6(raise+0x16)[0x14c8fdc3fb86]
[genoahost101:1138415] [ 3] /lib64/libc.so.6(abort+0xd3)[0x14c8fdc29873]
[genoahost101:1138415] [ 4] /lib64/libc.so.6(+0x2979b)[0x14c8fdc2979b]
[genoahost101:1138415] [ 5] /lib64/libc.so.6(+0x388c6)[0x14c8fdc388c6]
[genoahost101:1138415] [ 6] /direct/sdcc+u/poare/Grid/build/examples/./Example_spec_kryschur[0x4cc206]
[genoahost101:1138415] [ 7] /direct/sdcc+u/poare/Grid/build/examples/./Example_spec_kryschur[0x4cc2f1]
[genoahost101:1138415] [ 8] /direct/sdcc+u/poare/Grid/build/examples/./Example_spec_kryschur[0x4c7e95]
[genoahost101:1138415] [ 9] /direct/sdcc+u/poare/Grid/build/examples/./Example_spec_kryschur[0x4b5f4f]
[genoahost101:1138415] [10] /direct/sdcc+u/poare/Grid/build/examples/./Example_spec_kryschur[0x41180d]
[genoahost101:1138415] [11] /lib64/libc.so.6(+0x2a610)[0x14c8fdc2a610]
[genoahost101:1138415] [12] /lib64/libc.so.6(__libc_start_main+0x80)[0x14c8fdc2a6c0]
[genoahost101:1138415] [13] /direct/sdcc+u/poare/Grid/build/examples/./Example_spec_kryschur[0x4147f5]
[genoahost101:1138415] *** End of error message ***
Example_spec_kryschur: ../../Grid/communicator/SharedMemoryMPI.cc:434: static void Grid::GlobalSharedMemory::OptimalCommunicatorSharedMemory(const Coordinate&, ompi_communicator_t*&, Grid::Coordinate&): Assertion `WorldSize==Nprocessors' failed.
[genoahost100:639189] *** Process received signal ***
[genoahost100:639189] Signal: Aborted (6)
[genoahost100:639189] Signal code:  (-6)
[genoahost100:639189] [ 0] /lib64/libc.so.6(+0x3fc30)[0x152d60a3fc30]
[genoahost100:639189] [ 1] /lib64/libc.so.6(+0x8d02c)[0x152d60a8d02c]
[genoahost100:639189] [ 2] /lib64/libc.so.6(raise+0x16)[0x152d60a3fb86]
[genoahost100:639189] [ 3] /lib64/libc.so.6(abort+0xd3)[0x152d60a29873]
[genoahost100:639189] [ 4] /lib64/libc.so.6(+0x2979b)[0x152d60a2979b]
[genoahost100:639189] [ 5] /lib64/libc.so.6(+0x388c6)[0x152d60a388c6]
[genoahost100:639189] [ 6] /direct/sdcc+u/poare/Grid/build/examples/./Example_spec_kryschur[0x4cc206]
[genoahost100:639189] [ 7] /direct/sdcc+u/poare/Grid/build/examples/./Example_spec_kryschur[0x4cc2f1]
[genoahost100:639189] [ 8] /direct/sdcc+u/poare/Grid/build/examples/./Example_spec_kryschur[0x4c7e95]
[genoahost100:639189] [ 9] /direct/sdcc+u/poare/Grid/build/examples/./Example_spec_kryschur[0x4b5f4f]
[genoahost100:639189] [10] /direct/sdcc+u/poare/Grid/build/examples/./Example_spec_kryschur[0x41180d]
[genoahost100:639189] [11] /lib64/libc.so.6(+0x2a610)[0x152d60a2a610]
[genoahost100:639189] [12] /lib64/libc.so.6(__libc_start_main+0x80)[0x152d60a2a6c0]
[genoahost100:639189] [13] /direct/sdcc+u/poare/Grid/build/examples/./Example_spec_kryschur[0x4147f5]
[genoahost100:639189] *** End of error message ***
Example_spec_kryschur: ../../Grid/communicator/SharedMemoryMPI.cc:434: static void Grid::GlobalSharedMemory::OptimalCommunicatorSharedMemory(const Coordinate&, ompi_communicator_t*&, Grid::Coordinate&): Assertion `WorldSize==Nprocessors' failed.
[genoahost101:1138417] *** Process received signal ***
[genoahost101:1138417] Signal: Aborted (6)
[genoahost101:1138417] Signal code:  (-6)
[genoahost101:1138417] [ 0] /lib64/libc.so.6(+0x3fc30)[0x14cc71a3fc30]
[genoahost101:1138417] [ 1] /lib64/libc.so.6(+0x8d02c)[0x14cc71a8d02c]
[genoahost101:1138417] [ 2] /lib64/libc.so.6(raise+0x16)[0x14cc71a3fb86]
[genoahost101:1138417] [ 3] /lib64/libc.so.6(abort+0xd3)[0x14cc71a29873]
[genoahost101:1138417] [ 4] /lib64/libc.so.6(+0x2979b)[0x14cc71a2979b]
[genoahost101:1138417] [ 5] /lib64/libc.so.6(+0x388c6)[0x14cc71a388c6]
[genoahost101:1138417] [ 6] /direct/sdcc+u/poare/Grid/build/examples/./Example_spec_kryschur[0x4cc206]
[genoahost101:1138417] [ 7] /direct/sdcc+u/poare/Grid/build/examples/./Example_spec_kryschur[0x4cc2f1]
[genoahost101:1138417] [ 8] /direct/sdcc+u/poare/Grid/build/examples/./Example_spec_kryschur[0x4c7e95]
[genoahost101:1138417] [ 9] /direct/sdcc+u/poare/Grid/build/examples/./Example_spec_kryschur[0x4b5f4f]
[genoahost101:1138417] [10] /direct/sdcc+u/poare/Grid/build/examples/./Example_spec_kryschur[0x41180d]
[genoahost101:1138417] [11] /lib64/libc.so.6(+0x2a610)[0x14cc71a2a610]
[genoahost101:1138417] [12] /lib64/libc.so.6(__libc_start_main+0x80)[0x14cc71a2a6c0]
[genoahost101:1138417] [13] /direct/sdcc+u/poare/Grid/build/examples/./Example_spec_kryschur[0x4147f5]
[genoahost101:1138417] *** End of error message ***
Example_spec_kryschur: ../../Grid/communicator/SharedMemoryMPI.cc:434: static void Grid::GlobalSharedMemory::OptimalCommunicatorSharedMemory(const Coordinate&, ompi_communicator_t*&, Grid::Coordinate&): Assertion `WorldSize==Nprocessors' failed.
[genoahost098:1620652] *** Process received signal ***
[genoahost098:1620652] Signal: Aborted (6)
[genoahost098:1620652] Signal code:  (-6)
[genoahost098:1620652] [ 0] /lib64/libc.so.6(+0x3fc30)[0x14cf4e23fc30]
[genoahost098:1620652] [ 1] /lib64/libc.so.6(+0x8d02c)[0x14cf4e28d02c]
[genoahost098:1620652] [ 2] /lib64/libc.so.6(raise+0x16)[0x14cf4e23fb86]
[genoahost098:1620652] [ 3] /lib64/libc.so.6(abort+0xd3)[0x14cf4e229873]
[genoahost098:1620652] [ 4] /lib64/libc.so.6(+0x2979b)[0x14cf4e22979b]
[genoahost098:1620652] [ 5] /lib64/libc.so.6(+0x388c6)[0x14cf4e2388c6]
[genoahost098:1620652] [ 6] /direct/sdcc+u/poare/Grid/build/examples/./Example_spec_kryschur[0x4cc206]
[genoahost098:1620652] [ 7] /direct/sdcc+u/poare/Grid/build/examples/./Example_spec_kryschur[0x4cc2f1]
[genoahost098:1620652] [ 8] /direct/sdcc+u/poare/Grid/build/examples/./Example_spec_kryschur[0x4c7e95]
[genoahost098:1620652] [ 9] /direct/sdcc+u/poare/Grid/build/examples/./Example_spec_kryschur[0x4b5f4f]
[genoahost098:1620652] [10] /direct/sdcc+u/poare/Grid/build/examples/./Example_spec_kryschur[0x41180d]
[genoahost098:1620652] [11] /lib64/libc.so.6(+0x2a610)[0x14cf4e22a610]
[genoahost098:1620652] [12] /lib64/libc.so.6(__libc_start_main+0x80)[0x14cf4e22a6c0]
[genoahost098:1620652] [13] /direct/sdcc+u/poare/Grid/build/examples/./Example_spec_kryschur[0x4147f5]
[genoahost098:1620652] *** End of error message ***
Example_spec_kryschur: ../../Grid/communicator/SharedMemoryMPI.cc:434: static void Grid::GlobalSharedMemory::OptimalCommunicatorSharedMemory(const Coordinate&, ompi_communicator_t*&, Grid::Coordinate&): Assertion `WorldSize==Nprocessors' failed.
[genoahost104:619353] *** Process received signal ***
[genoahost104:619353] Signal: Aborted (6)
[genoahost104:619353] Signal code:  (-6)
[genoahost104:619353] [ 0] /lib64/libc.so.6(+0x3fc30)[0x14bd1ea3fc30]
[genoahost104:619353] [ 1] /lib64/libc.so.6(+0x8d02c)[0x14bd1ea8d02c]
[genoahost104:619353] [ 2] /lib64/libc.so.6(raise+0x16)[0x14bd1ea3fb86]
[genoahost104:619353] [ 3] /lib64/libc.so.6(abort+0xd3)[0x14bd1ea29873]
[genoahost104:619353] [ 4] /lib64/libc.so.6(+0x2979b)[0x14bd1ea2979b]
[genoahost104:619353] [ 5] /lib64/libc.so.6(+0x388c6)[0x14bd1ea388c6]
[genoahost104:619353] [ 6] /direct/sdcc+u/poare/Grid/build/examples/./Example_spec_kryschur[0x4cc206]
[genoahost104:619353] [ 7] /direct/sdcc+u/poare/Grid/build/examples/./Example_spec_kryschur[0x4cc2f1]
[genoahost104:619353] [ 8] /direct/sdcc+u/poare/Grid/build/examples/./Example_spec_kryschur[0x4c7e95]
[genoahost104:619353] [ 9] /direct/sdcc+u/poare/Grid/build/examples/./Example_spec_kryschur[0x4b5f4f]
[genoahost104:619353] [10] /direct/sdcc+u/poare/Grid/build/examples/./Example_spec_kryschur[0x41180d]
[genoahost104:619353] [11] /lib64/libc.so.6(+0x2a610)[0x14bd1ea2a610]
[genoahost104:619353] [12] /lib64/libc.so.6(__libc_start_main+0x80)[0x14bd1ea2a6c0]
[genoahost104:619353] [13] /direct/sdcc+u/poare/Grid/build/examples/./Example_spec_kryschur[0x4147f5]
[genoahost104:619353] *** End of error message ***
Example_spec_kryschur: ../../Grid/communicator/SharedMemoryMPI.cc:434: static void Grid::GlobalSharedMemory::OptimalCommunicatorSharedMemory(const Coordinate&, ompi_communicator_t*&, Grid::Coordinate&): Assertion `WorldSize==Nprocessors' failed.
[genoahost098:1620656] *** Process received signal ***
[genoahost098:1620656] Signal: Aborted (6)
[genoahost098:1620656] Signal code:  (-6)
[genoahost098:1620656] [ 0] /lib64/libc.so.6(+0x3fc30)[0x146de1a3fc30]
[genoahost098:1620656] [ 1] /lib64/libc.so.6(+0x8d02c)[0x146de1a8d02c]
[genoahost098:1620656] [ 2] /lib64/libc.so.6(raise+0x16)[0x146de1a3fb86]
[genoahost098:1620656] [ 3] /lib64/libc.so.6(abort+0xd3)[0x146de1a29873]
[genoahost098:1620656] [ 4] /lib64/libc.so.6(+0x2979b)[0x146de1a2979b]
[genoahost098:1620656] [ 5] /lib64/libc.so.6(+0x388c6)[0x146de1a388c6]
[genoahost098:1620656] [ 6] /direct/sdcc+u/poare/Grid/build/examples/./Example_spec_kryschur[0x4cc206]
[genoahost098:1620656] [ 7] /direct/sdcc+u/poare/Grid/build/examples/./Example_spec_kryschur[0x4cc2f1]
[genoahost098:1620656] [ 8] /direct/sdcc+u/poare/Grid/build/examples/./Example_spec_kryschur[0x4c7e95]
[genoahost098:1620656] [ 9] /direct/sdcc+u/poare/Grid/build/examples/./Example_spec_kryschur[0x4b5f4f]
[genoahost098:1620656] [10] /direct/sdcc+u/poare/Grid/build/examples/./Example_spec_kryschur[0x41180d]
[genoahost098:1620656] [11] /lib64/libc.so.6(+0x2a610)[0x146de1a2a610]
[genoahost098:1620656] [12] /lib64/libc.so.6(__libc_start_main+0x80)[0x146de1a2a6c0]
[genoahost098:1620656] [13] /direct/sdcc+u/poare/Grid/build/examples/./Example_spec_kryschur[0x4147f5]
[genoahost098:1620656] *** End of error message ***
Example_spec_kryschur: ../../Grid/communicator/SharedMemoryMPI.cc:434: static void Grid::GlobalSharedMemory::OptimalCommunicatorSharedMemory(const Coordinate&, ompi_communicator_t*&, Grid::Coordinate&): Assertion `WorldSize==Nprocessors' failed.
[genoahost104:619360] *** Process received signal ***
[genoahost104:619360] Signal: Aborted (6)
[genoahost104:619360] Signal code:  (-6)
[genoahost104:619360] [ 0] /lib64/libc.so.6(+0x3fc30)[0x155457e3fc30]
[genoahost104:619360] [ 1] /lib64/libc.so.6(+0x8d02c)[0x155457e8d02c]
[genoahost104:619360] [ 2] /lib64/libc.so.6(raise+0x16)[0x155457e3fb86]
[genoahost104:619360] [ 3] /lib64/libc.so.6(abort+0xd3)[0x155457e29873]
[genoahost104:619360] [ 4] /lib64/libc.so.6(+0x2979b)[0x155457e2979b]
[genoahost104:619360] [ 5] /lib64/libc.so.6(+0x388c6)[0x155457e388c6]
[genoahost104:619360] [ 6] /direct/sdcc+u/poare/Grid/build/examples/./Example_spec_kryschur[0x4cc206]
[genoahost104:619360] [ 7] /direct/sdcc+u/poare/Grid/build/examples/./Example_spec_kryschur[0x4cc2f1]
[genoahost104:619360] [ 8] /direct/sdcc+u/poare/Grid/build/examples/./Example_spec_kryschur[0x4c7e95]
[genoahost104:619360] [ 9] /direct/sdcc+u/poare/Grid/build/examples/./Example_spec_kryschur[0x4b5f4f]
[genoahost104:619360] [10] /direct/sdcc+u/poare/Grid/build/examples/./Example_spec_kryschur[0x41180d]
[genoahost104:619360] [11] /lib64/libc.so.6(+0x2a610)[0x155457e2a610]
[genoahost104:619360] [12] /lib64/libc.so.6(__libc_start_main+0x80)[0x155457e2a6c0]
[genoahost104:619360] [13] /direct/sdcc+u/poare/Grid/build/examples/./Example_spec_kryschur[0x4147f5]
[genoahost104:619360] *** End of error message ***
Example_spec_kryschur: ../../Grid/communicator/SharedMemoryMPI.cc:434: static void Grid::GlobalSharedMemory::OptimalCommunicatorSharedMemory(const Coordinate&, ompi_communicator_t*&, Grid::Coordinate&): Assertion `WorldSize==Nprocessors' failed.
[genoahost098:1620651] *** Process received signal ***
[genoahost098:1620651] Signal: Aborted (6)
[genoahost098:1620651] Signal code:  (-6)
[genoahost098:1620651] [ 0] /lib64/libc.so.6(+0x3fc30)[0x151aaa43fc30]
[genoahost098:1620651] [ 1] /lib64/libc.so.6(+0x8d02c)[0x151aaa48d02c]
[genoahost098:1620651] [ 2] /lib64/libc.so.6(raise+0x16)[0x151aaa43fb86]
[genoahost098:1620651] [ 3] /lib64/libc.so.6(abort+0xd3)[0x151aaa429873]
[genoahost098:1620651] [ 4] /lib64/libc.so.6(+0x2979b)[0x151aaa42979b]
[genoahost098:1620651] [ 5] /lib64/libc.so.6(+0x388c6)[0x151aaa4388c6]
[genoahost098:1620651] [ 6] /direct/sdcc+u/poare/Grid/build/examples/./Example_spec_kryschur[0x4cc206]
[genoahost098:1620651] [ 7] /direct/sdcc+u/poare/Grid/build/examples/./Example_spec_kryschur[0x4cc2f1]
[genoahost098:1620651] [ 8] /direct/sdcc+u/poare/Grid/build/examples/./Example_spec_kryschur[0x4c7e95]
[genoahost098:1620651] [ 9] /direct/sdcc+u/poare/Grid/build/examples/./Example_spec_kryschur[0x4b5f4f]
[genoahost098:1620651] [10] /direct/sdcc+u/poare/Grid/build/examples/./Example_spec_kryschur[0x41180d]
[genoahost098:1620651] [11] /lib64/libc.so.6(+0x2a610)[0x151aaa42a610]
[genoahost098:1620651] [12] /lib64/libc.so.6(__libc_start_main+0x80)[0x151aaa42a6c0]
[genoahost098:1620651] [13] /direct/sdcc+u/poare/Grid/build/examples/./Example_spec_kryschur[0x4147f5]
[genoahost098:1620651] *** End of error message ***
Example_spec_kryschur: ../../Grid/communicator/SharedMemoryMPI.cc:434: static void Grid::GlobalSharedMemory::OptimalCommunicatorSharedMemory(const Coordinate&, ompi_communicator_t*&, Grid::Coordinate&): Assertion `WorldSize==Nprocessors' failed.
[genoahost104:619347] *** Process received signal ***
[genoahost104:619347] Signal: Aborted (6)
[genoahost104:619347] Signal code:  (-6)
[genoahost104:619347] [ 0] /lib64/libc.so.6(+0x3fc30)[0x153965a3fc30]
[genoahost104:619347] [ 1] /lib64/libc.so.6(+0x8d02c)[0x153965a8d02c]
[genoahost104:619347] [ 2] /lib64/libc.so.6(raise+0x16)[0x153965a3fb86]
[genoahost104:619347] [ 3] /lib64/libc.so.6(abort+0xd3)[0x153965a29873]
[genoahost104:619347] [ 4] /lib64/libc.so.6(+0x2979b)[0x153965a2979b]
[genoahost104:619347] [ 5] /lib64/libc.so.6(+0x388c6)[0x153965a388c6]
[genoahost104:619347] [ 6] /direct/sdcc+u/poare/Grid/build/examples/./Example_spec_kryschur[0x4cc206]
[genoahost104:619347] [ 7] /direct/sdcc+u/poare/Grid/build/examples/./Example_spec_kryschur[0x4cc2f1]
[genoahost104:619347] [ 8] /direct/sdcc+u/poare/Grid/build/examples/./Example_spec_kryschur[0x4c7e95]
[genoahost104:619347] [ 9] /direct/sdcc+u/poare/Grid/build/examples/./Example_spec_kryschur[0x4b5f4f]
[genoahost104:619347] [10] /direct/sdcc+u/poare/Grid/build/examples/./Example_spec_kryschur[0x41180d]
[genoahost104:619347] [11] /lib64/libc.so.6(+0x2a610)[0x153965a2a610]
[genoahost104:619347] [12] /lib64/libc.so.6(__libc_start_main+0x80)[0x153965a2a6c0]
[genoahost104:619347] [13] /direct/sdcc+u/poare/Grid/build/examples/./Example_spec_kryschur[0x4147f5]
[genoahost104:619347] *** End of error message ***
Example_spec_kryschur: ../../Grid/communicator/SharedMemoryMPI.cc:434: static void Grid::GlobalSharedMemory::OptimalCommunicatorSharedMemory(const Coordinate&, ompi_communicator_t*&, Grid::Coordinate&): Assertion `WorldSize==Nprocessors' failed.
[genoahost099:1600396] *** Process received signal ***
[genoahost099:1600396] Signal: Aborted (6)
[genoahost099:1600396] Signal code:  (-6)
[genoahost099:1600396] [ 0] /lib64/libc.so.6(+0x3fc30)[0x14d3b2c3fc30]
[genoahost099:1600396] [ 1] /lib64/libc.so.6(+0x8d02c)[0x14d3b2c8d02c]
[genoahost099:1600396] [ 2] /lib64/libc.so.6(raise+0x16)[0x14d3b2c3fb86]
[genoahost099:1600396] [ 3] /lib64/libc.so.6(abort+0xd3)[0x14d3b2c29873]
[genoahost099:1600396] [ 4] /lib64/libc.so.6(+0x2979b)[0x14d3b2c2979b]
[genoahost099:1600396] [ 5] /lib64/libc.so.6(+0x388c6)[0x14d3b2c388c6]
[genoahost099:1600396] [ 6] /direct/sdcc+u/poare/Grid/build/examples/./Example_spec_kryschur[0x4cc206]
[genoahost099:1600396] [ 7] /direct/sdcc+u/poare/Grid/build/examples/./Example_spec_kryschur[0x4cc2f1]
[genoahost099:1600396] [ 8] /direct/sdcc+u/poare/Grid/build/examples/./Example_spec_kryschur[0x4c7e95]
[genoahost099:1600396] [ 9] /direct/sdcc+u/poare/Grid/build/examples/./Example_spec_kryschur[0x4b5f4f]
[genoahost099:1600396] [10] /direct/sdcc+u/poare/Grid/build/examples/./Example_spec_kryschur[0x41180d]
[genoahost099:1600396] [11] /lib64/libc.so.6(+0x2a610)[0x14d3b2c2a610]
[genoahost099:1600396] [12] /lib64/libc.so.6(__libc_start_main+0x80)[0x14d3b2c2a6c0]
[genoahost099:1600396] [13] /direct/sdcc+u/poare/Grid/build/examples/./Example_spec_kryschur[0x4147f5]
[genoahost099:1600396] *** End of error message ***
Example_spec_kryschur: ../../Grid/communicator/SharedMemoryMPI.cc:434: static void Grid::GlobalSharedMemory::OptimalCommunicatorSharedMemory(const Coordinate&, ompi_communicator_t*&, Grid::Coordinate&): Assertion `WorldSize==Nprocessors' failed.
[genoahost101:1138423] *** Process received signal ***
[genoahost101:1138423] Signal: Aborted (6)
[genoahost101:1138423] Signal code:  (-6)
[genoahost101:1138423] [ 0] /lib64/libc.so.6(+0x3fc30)[0x14d0eb83fc30]
[genoahost101:1138423] [ 1] /lib64/libc.so.6(+0x8d02c)[0x14d0eb88d02c]
[genoahost101:1138423] [ 2] /lib64/libc.so.6(raise+0x16)[0x14d0eb83fb86]
[genoahost101:1138423] [ 3] /lib64/libc.so.6(abort+0xd3)[0x14d0eb829873]
[genoahost101:1138423] [ 4] /lib64/libc.so.6(+0x2979b)[0x14d0eb82979b]
[genoahost101:1138423] [ 5] /lib64/libc.so.6(+0x388c6)[0x14d0eb8388c6]
[genoahost101:1138423] [ 6] /direct/sdcc+u/poare/Grid/build/examples/./Example_spec_kryschur[0x4cc206]
[genoahost101:1138423] [ 7] /direct/sdcc+u/poare/Grid/build/examples/./Example_spec_kryschur[0x4cc2f1]
[genoahost101:1138423] [ 8] /direct/sdcc+u/poare/Grid/build/examples/./Example_spec_kryschur[0x4c7e95]
[genoahost101:1138423] [ 9] /direct/sdcc+u/poare/Grid/build/examples/./Example_spec_kryschur[0x4b5f4f]
[genoahost101:1138423] [10] /direct/sdcc+u/poare/Grid/build/examples/./Example_spec_kryschur[0x41180d]
[genoahost101:1138423] [11] /lib64/libc.so.6(+0x2a610)[0x14d0eb82a610]
[genoahost101:1138423] [12] /lib64/libc.so.6(__libc_start_main+0x80)[0x14d0eb82a6c0]
[genoahost101:1138423] [13] /direct/sdcc+u/poare/Grid/build/examples/./Example_spec_kryschur[0x4147f5]
[genoahost101:1138423] *** End of error message ***
Example_spec_kryschur: ../../Grid/communicator/SharedMemoryMPI.cc:434: static void Grid::GlobalSharedMemory::OptimalCommunicatorSharedMemory(const Coordinate&, ompi_communicator_t*&, Grid::Coordinate&): Assertion `WorldSize==Nprocessors' failed.
[genoahost104:619351] *** Process received signal ***
[genoahost104:619351] Signal: Aborted (6)
[genoahost104:619351] Signal code:  (-6)
[genoahost104:619351] [ 0] /lib64/libc.so.6(+0x3fc30)[0x14cee5a3fc30]
[genoahost104:619351] [ 1] /lib64/libc.so.6(+0x8d02c)[0x14cee5a8d02c]
[genoahost104:619351] [ 2] /lib64/libc.so.6(raise+0x16)[0x14cee5a3fb86]
[genoahost104:619351] [ 3] /lib64/libc.so.6(abort+0xd3)[0x14cee5a29873]
[genoahost104:619351] [ 4] /lib64/libc.so.6(+0x2979b)[0x14cee5a2979b]
[genoahost104:619351] [ 5] /lib64/libc.so.6(+0x388c6)[0x14cee5a388c6]
[genoahost104:619351] [ 6] /direct/sdcc+u/poare/Grid/build/examples/./Example_spec_kryschur[0x4cc206]
[genoahost104:619351] [ 7] /direct/sdcc+u/poare/Grid/build/examples/./Example_spec_kryschur[0x4cc2f1]
[genoahost104:619351] [ 8] /direct/sdcc+u/poare/Grid/build/examples/./Example_spec_kryschur[0x4c7e95]
[genoahost104:619351] [ 9] /direct/sdcc+u/poare/Grid/build/examples/./Example_spec_kryschur[0x4b5f4f]
[genoahost104:619351] [10] /direct/sdcc+u/poare/Grid/build/examples/./Example_spec_kryschur[0x41180d]
[genoahost104:619351] [11] /lib64/libc.so.6(+0x2a610)[0x14cee5a2a610]
[genoahost104:619351] [12] /lib64/libc.so.6(__libc_start_main+0x80)[0x14cee5a2a6c0]
[genoahost104:619351] [13] /direct/sdcc+u/poare/Grid/build/examples/./Example_spec_kryschur[0x4147f5]
[genoahost104:619351] *** End of error message ***
Example_spec_kryschur: ../../Grid/communicator/SharedMemoryMPI.cc:434: static void Grid::GlobalSharedMemory::OptimalCommunicatorSharedMemory(const Coordinate&, ompi_communicator_t*&, Grid::Coordinate&): Assertion `WorldSize==Nprocessors' failed.
[genoahost100:639181] *** Process received signal ***
[genoahost100:639181] Signal: Aborted (6)
[genoahost100:639181] Signal code:  (-6)
Example_spec_kryschur: ../../Grid/communicator/SharedMemoryMPI.cc:434: static void Grid::GlobalSharedMemory::OptimalCommunicatorSharedMemory(const Coordinate&, ompi_communicator_t*&, Grid::Coordinate&): Assertion `WorldSize==Nprocessors' failed.
[genoahost101:1138416] *** Process received signal ***
[genoahost101:1138416] Signal: Aborted (6)
[genoahost101:1138416] Signal code:  (-6)
[genoahost100:639181] [ 0] /lib64/libc.so.6(+0x3fc30)[0x1500cd83fc30]
[genoahost100:639181] [ 1] /lib64/libc.so.6(+0x8d02c)[0x1500cd88d02c]
[genoahost100:639181] [ 2] /lib64/libc.so.6(raise+0x16)[0x1500cd83fb86]
[genoahost100:639181] [ 3] /lib64/libc.so.6(abort+0xd3)[0x1500cd829873]
[genoahost101:1138416] [ 0] /lib64/libc.so.6(+0x3fc30)[0x147bf043fc30]
[genoahost100:639181] [ 4] /lib64/libc.so.6(+0x2979b)[0x1500cd82979b]
[genoahost100:639181] [ 5] /lib64/libc.so.6(+0x388c6)[0x1500cd8388c6]
[genoahost101:1138416] [ 1] /lib64/libc.so.6(+0x8d02c)[0x147bf048d02c]
[genoahost100:639181] [ 6] /direct/sdcc+u/poare/Grid/build/examples/./Example_spec_kryschur[0x4cc206]
[genoahost100:639181] [ 7] /direct/sdcc+u/poare/Grid/build/examples/./Example_spec_kryschur[0x4cc2f1]
[genoahost100:639181] [ 8] /direct/sdcc+u/poare/Grid/build/examples/./Example_spec_kryschur[0x4c7e95]
[genoahost100:639181] [ 9] /direct/sdcc+u/poare/Grid/build/examples/./Example_spec_kryschur[0x4b5f4f]
[genoahost100:639181] [10] /direct/sdcc+u/poare/Grid/build/examples/./Example_spec_kryschur[0x41180d]
[genoahost101:1138416] [ 2] /lib64/libc.so.6(raise+0x16)[0x147bf043fb86]
[genoahost100:639181] [11] /lib64/libc.so.6(+0x2a610)[0x1500cd82a610]
[genoahost101:1138416] [ 3] /lib64/libc.so.6(abort+0xd3)[0x147bf0429873]
[genoahost100:639181] [12] /lib64/libc.so.6(__libc_start_main+0x80)[0x1500cd82a6c0]
[genoahost100:639181] [13] /direct/sdcc+u/poare/Grid/build/examples/./Example_spec_kryschur[0x4147f5]
[genoahost100:639181] *** End of error message ***
[genoahost101:1138416] [ 4] /lib64/libc.so.6(+0x2979b)[0x147bf042979b]
[genoahost101:1138416] [ 5] /lib64/libc.so.6(+0x388c6)[0x147bf04388c6]
[genoahost101:1138416] [ 6] /direct/sdcc+u/poare/Grid/build/examples/./Example_spec_kryschur[0x4cc206]
[genoahost101:1138416] [ 7] /direct/sdcc+u/poare/Grid/build/examples/./Example_spec_kryschur[0x4cc2f1]
[genoahost101:1138416] [ 8] /direct/sdcc+u/poare/Grid/build/examples/./Example_spec_kryschur[0x4c7e95]
[genoahost101:1138416] [ 9] /direct/sdcc+u/poare/Grid/build/examples/./Example_spec_kryschur[0x4b5f4f]
[genoahost101:1138416] [10] /direct/sdcc+u/poare/Grid/build/examples/./Example_spec_kryschur[0x41180d]
[genoahost101:1138416] [11] /lib64/libc.so.6(+0x2a610)[0x147bf042a610]
[genoahost101:1138416] [12] /lib64/libc.so.6(__libc_start_main+0x80)[0x147bf042a6c0]
[genoahost101:1138416] [13] /direct/sdcc+u/poare/Grid/build/examples/./Example_spec_kryschur[0x4147f5]
[genoahost101:1138416] *** End of error message ***
Example_spec_kryschur: ../../Grid/communicator/SharedMemoryMPI.cc:434: static void Grid::GlobalSharedMemory::OptimalCommunicatorSharedMemory(const Coordinate&, ompi_communicator_t*&, Grid::Coordinate&): Assertion `WorldSize==Nprocessors' failed.
[genoahost102:618471] *** Process received signal ***
[genoahost102:618471] Signal: Aborted (6)
[genoahost102:618471] Signal code:  (-6)
[genoahost102:618471] [ 0] /lib64/libc.so.6(+0x3fc30)[0x14db40a3fc30]
[genoahost102:618471] [ 1] /lib64/libc.so.6(+0x8d02c)[0x14db40a8d02c]
[genoahost102:618471] [ 2] /lib64/libc.so.6(raise+0x16)[0x14db40a3fb86]
[genoahost102:618471] [ 3] /lib64/libc.so.6(abort+0xd3)[0x14db40a29873]
[genoahost102:618471] [ 4] /lib64/libc.so.6(+0x2979b)[0x14db40a2979b]
[genoahost102:618471] [ 5] /lib64/libc.so.6(+0x388c6)[0x14db40a388c6]
[genoahost102:618471] [ 6] /direct/sdcc+u/poare/Grid/build/examples/./Example_spec_kryschur[0x4cc206]
[genoahost102:618471] [ 7] /direct/sdcc+u/poare/Grid/build/examples/./Example_spec_kryschur[0x4cc2f1]
[genoahost102:618471] [ 8] /direct/sdcc+u/poare/Grid/build/examples/./Example_spec_kryschur[0x4c7e95]
[genoahost102:618471] [ 9] /direct/sdcc+u/poare/Grid/build/examples/./Example_spec_kryschur[0x4b5f4f]
[genoahost102:618471] [10] /direct/sdcc+u/poare/Grid/build/examples/./Example_spec_kryschur[0x41180d]
[genoahost102:618471] [11] /lib64/libc.so.6(+0x2a610)[0x14db40a2a610]
[genoahost102:618471] [12] /lib64/libc.so.6(__libc_start_main+0x80)[0x14db40a2a6c0]
[genoahost102:618471] [13] /direct/sdcc+u/poare/Grid/build/examples/./Example_spec_kryschur[0x4147f5]
[genoahost102:618471] *** End of error message ***
Example_spec_kryschur: ../../Grid/communicator/SharedMemoryMPI.cc:434: static void Grid::GlobalSharedMemory::OptimalCommunicatorSharedMemory(const Coordinate&, ompi_communicator_t*&, Grid::Coordinate&): Assertion `WorldSize==Nprocessors' failed.
[genoahost104:619346] *** Process received signal ***
[genoahost104:619346] Signal: Aborted (6)
[genoahost104:619346] Signal code:  (-6)
Example_spec_kryschur: ../../Grid/communicator/SharedMemoryMPI.cc:434: static void Grid::GlobalSharedMemory::OptimalCommunicatorSharedMemory(const Coordinate&, ompi_communicator_t*&, Grid::Coordinate&): Assertion `WorldSize==Nprocessors' failed.
[genoahost097:1721387] *** Process received signal ***
[genoahost097:1721387] Signal: Aborted (6)
[genoahost097:1721387] Signal code:  (-6)
[genoahost104:619346] [ 0] /lib64/libc.so.6(+0x3fc30)[0x14c59ee3fc30]
[genoahost104:619346] [ 1] /lib64/libc.so.6(+0x8d02c)[0x14c59ee8d02c]
[genoahost104:619346] [ 2] /lib64/libc.so.6(raise+0x16)[0x14c59ee3fb86]
[genoahost104:619346] [ 3] /lib64/libc.so.6(abort+0xd3)[0x14c59ee29873]
[genoahost104:619346] [ 4] /lib64/libc.so.6(+0x2979b)[0x14c59ee2979b]
[genoahost104:619346] [ 5] /lib64/libc.so.6(+0x388c6)[0x14c59ee388c6]
[genoahost104:619346] [ 6] /direct/sdcc+u/poare/Grid/build/examples/./Example_spec_kryschur[0x4cc206]
[genoahost104:619346] [ 7] /direct/sdcc+u/poare/Grid/build/examples/./Example_spec_kryschur[0x4cc2f1]
[genoahost104:619346] [ 8] /direct/sdcc+u/poare/Grid/build/examples/./Example_spec_kryschur[0x4c7e95]
[genoahost104:619346] [ 9] /direct/sdcc+u/poare/Grid/build/examples/./Example_spec_kryschur[0x4b5f4f]
[genoahost104:619346] [10] /direct/sdcc+u/poare/Grid/build/examples/./Example_spec_kryschur[0x41180d]
[genoahost104:619346] [11] /lib64/libc.so.6(+0x2a610)[0x14c59ee2a610]
[genoahost104:619346] [12] /lib64/libc.so.6(__libc_start_main+0x80)[0x14c59ee2a6c0]
[genoahost104:619346] [13] /direct/sdcc+u/poare/Grid/build/examples/./Example_spec_kryschur[0x4147f5]
[genoahost104:619346] *** End of error message ***
[genoahost097:1721387] [ 0] /lib64/libc.so.6(+0x3fc30)[0x14eb2003fc30]
[genoahost097:1721387] [ 1] /lib64/libc.so.6(+0x8d02c)[0x14eb2008d02c]
[genoahost097:1721387] [ 2] /lib64/libc.so.6(raise+0x16)[0x14eb2003fb86]
[genoahost097:1721387] [ 3] /lib64/libc.so.6(abort+0xd3)[0x14eb20029873]
[genoahost097:1721387] [ 4] /lib64/libc.so.6(+0x2979b)[0x14eb2002979b]
[genoahost097:1721387] [ 5] /lib64/libc.so.6(+0x388c6)[0x14eb200388c6]
[genoahost097:1721387] [ 6] /direct/sdcc+u/poare/Grid/build/examples/./Example_spec_kryschur[0x4cc206]
[genoahost097:1721387] [ 7] /direct/sdcc+u/poare/Grid/build/examples/./Example_spec_kryschur[0x4cc2f1]
[genoahost097:1721387] [ 8] /direct/sdcc+u/poare/Grid/build/examples/./Example_spec_kryschur[0x4c7e95]
[genoahost097:1721387] [ 9] /direct/sdcc+u/poare/Grid/build/examples/./Example_spec_kryschur[0x4b5f4f]
[genoahost097:1721387] [10] /direct/sdcc+u/poare/Grid/build/examples/./Example_spec_kryschur[0x41180d]
[genoahost097:1721387] [11] /lib64/libc.so.6(+0x2a610)[0x14eb2002a610]
[genoahost097:1721387] [12] /lib64/libc.so.6(__libc_start_main+0x80)[0x14eb2002a6c0]
[genoahost097:1721387] [13] /direct/sdcc+u/poare/Grid/build/examples/./Example_spec_kryschur[0x4147f5]
[genoahost097:1721387] *** End of error message ***
Example_spec_kryschur: ../../Grid/communicator/SharedMemoryMPI.cc:434: static void Grid::GlobalSharedMemory::OptimalCommunicatorSharedMemory(const Coordinate&, ompi_communicator_t*&, Grid::Coordinate&): Assertion `WorldSize==Nprocessors' failed.
[genoahost104:619349] *** Process received signal ***
[genoahost104:619349] Signal: Aborted (6)
[genoahost104:619349] Signal code:  (-6)
[genoahost104:619349] [ 0] /lib64/libc.so.6(+0x3fc30)[0x145a2e83fc30]
[genoahost104:619349] [ 1] /lib64/libc.so.6(+0x8d02c)[0x145a2e88d02c]
[genoahost104:619349] [ 2] /lib64/libc.so.6(raise+0x16)[0x145a2e83fb86]
[genoahost104:619349] [ 3] /lib64/libc.so.6(abort+0xd3)[0x145a2e829873]
[genoahost104:619349] [ 4] /lib64/libc.so.6(+0x2979b)[0x145a2e82979b]
[genoahost104:619349] [ 5] /lib64/libc.so.6(+0x388c6)[0x145a2e8388c6]
[genoahost104:619349] [ 6] /direct/sdcc+u/poare/Grid/build/examples/./Example_spec_kryschur[0x4cc206]
[genoahost104:619349] [ 7] /direct/sdcc+u/poare/Grid/build/examples/./Example_spec_kryschur[0x4cc2f1]
[genoahost104:619349] [ 8] /direct/sdcc+u/poare/Grid/build/examples/./Example_spec_kryschur[0x4c7e95]
[genoahost104:619349] [ 9] /direct/sdcc+u/poare/Grid/build/examples/./Example_spec_kryschur[0x4b5f4f]
[genoahost104:619349] [10] /direct/sdcc+u/poare/Grid/build/examples/./Example_spec_kryschur[0x41180d]
[genoahost104:619349] [11] /lib64/libc.so.6(+0x2a610)[0x145a2e82a610]
[genoahost104:619349] [12] /lib64/libc.so.6(__libc_start_main+0x80)[0x145a2e82a6c0]
[genoahost104:619349] [13] /direct/sdcc+u/poare/Grid/build/examples/./Example_spec_kryschur[0x4147f5]
[genoahost104:619349] *** End of error message ***
Example_spec_kryschur: ../../Grid/communicator/SharedMemoryMPI.cc:434: static void Grid::GlobalSharedMemory::OptimalCommunicatorSharedMemory(const Coordinate&, ompi_communicator_t*&, Grid::Coordinate&): Assertion `WorldSize==Nprocessors' failed.
[genoahost099:1600405] *** Process received signal ***
[genoahost099:1600405] Signal: Aborted (6)
[genoahost099:1600405] Signal code:  (-6)
[genoahost099:1600405] [ 0] /lib64/libc.so.6(+0x3fc30)[0x152cbd03fc30]
[genoahost099:1600405] [ 1] /lib64/libc.so.6(+0x8d02c)[0x152cbd08d02c]
[genoahost099:1600405] [ 2] /lib64/libc.so.6(raise+0x16)[0x152cbd03fb86]
[genoahost099:1600405] [ 3] /lib64/libc.so.6(abort+0xd3)[0x152cbd029873]
[genoahost099:1600405] [ 4] /lib64/libc.so.6(+0x2979b)[0x152cbd02979b]
[genoahost099:1600405] [ 5] /lib64/libc.so.6(+0x388c6)[0x152cbd0388c6]
[genoahost099:1600405] [ 6] /direct/sdcc+u/poare/Grid/build/examples/./Example_spec_kryschur[0x4cc206]
[genoahost099:1600405] [ 7] /direct/sdcc+u/poare/Grid/build/examples/./Example_spec_kryschur[0x4cc2f1]
[genoahost099:1600405] [ 8] /direct/sdcc+u/poare/Grid/build/examples/./Example_spec_kryschur[0x4c7e95]
[genoahost099:1600405] [ 9] /direct/sdcc+u/poare/Grid/build/examples/./Example_spec_kryschur[0x4b5f4f]
[genoahost099:1600405] [10] /direct/sdcc+u/poare/Grid/build/examples/./Example_spec_kryschur[0x41180d]
[genoahost099:1600405] [11] /lib64/libc.so.6(+0x2a610)[0x152cbd02a610]
[genoahost099:1600405] [12] /lib64/libc.so.6(__libc_start_main+0x80)[0x152cbd02a6c0]
[genoahost099:1600405] [13] /direct/sdcc+u/poare/Grid/build/examples/./Example_spec_kryschur[0x4147f5]
[genoahost099:1600405] *** End of error message ***
Example_spec_kryschur: ../../Grid/communicator/SharedMemoryMPI.cc:434: static void Grid::GlobalSharedMemory::OptimalCommunicatorSharedMemory(const Coordinate&, ompi_communicator_t*&, Grid::Coordinate&): Assertion `WorldSize==Nprocessors' failed.
[genoahost099:1600408] *** Process received signal ***
[genoahost099:1600408] Signal: Aborted (6)
[genoahost099:1600408] Signal code:  (-6)
[genoahost099:1600408] [ 0] /lib64/libc.so.6(+0x3fc30)[0x152fb723fc30]
[genoahost099:1600408] [ 1] /lib64/libc.so.6(+0x8d02c)[0x152fb728d02c]
[genoahost099:1600408] [ 2] /lib64/libc.so.6(raise+0x16)[0x152fb723fb86]
[genoahost099:1600408] [ 3] /lib64/libc.so.6(abort+0xd3)[0x152fb7229873]
[genoahost099:1600408] [ 4] /lib64/libc.so.6(+0x2979b)[0x152fb722979b]
[genoahost099:1600408] [ 5] /lib64/libc.so.6(+0x388c6)[0x152fb72388c6]
[genoahost099:1600408] [ 6] /direct/sdcc+u/poare/Grid/build/examples/./Example_spec_kryschur[0x4cc206]
[genoahost099:1600408] [ 7] /direct/sdcc+u/poare/Grid/build/examples/./Example_spec_kryschur[0x4cc2f1]
[genoahost099:1600408] [ 8] /direct/sdcc+u/poare/Grid/build/examples/./Example_spec_kryschur[0x4c7e95]
[genoahost099:1600408] [ 9] /direct/sdcc+u/poare/Grid/build/examples/./Example_spec_kryschur[0x4b5f4f]
[genoahost099:1600408] [10] /direct/sdcc+u/poare/Grid/build/examples/./Example_spec_kryschur[0x41180d]
[genoahost099:1600408] [11] /lib64/libc.so.6(+0x2a610)[0x152fb722a610]
[genoahost099:1600408] [12] /lib64/libc.so.6(__libc_start_main+0x80)[0x152fb722a6c0]
[genoahost099:1600408] [13] /direct/sdcc+u/poare/Grid/build/examples/./Example_spec_kryschur[0x4147f5]
[genoahost099:1600408] *** End of error message ***
Example_spec_kryschur: ../../Grid/communicator/SharedMemoryMPI.cc:434: static void Grid::GlobalSharedMemory::OptimalCommunicatorSharedMemory(const Coordinate&, ompi_communicator_t*&, Grid::Coordinate&): Assertion `WorldSize==Nprocessors' failed.
[genoahost099:1600399] *** Process received signal ***
[genoahost099:1600399] Signal: Aborted (6)
[genoahost099:1600399] Signal code:  (-6)
Example_spec_kryschur: ../../Grid/communicator/SharedMemoryMPI.cc:434: static void Grid::GlobalSharedMemory::OptimalCommunicatorSharedMemory(const Coordinate&, ompi_communicator_t*&, Grid::Coordinate&): Assertion `WorldSize==Nprocessors' failed.
[genoahost099:1600399] [ 0] /lib64/libc.so.6(+0x3fc30)[0x145dbe63fc30]
[genoahost099:1600399] [ 1] /lib64/libc.so.6(+0x8d02c)[0x145dbe68d02c]
[genoahost099:1600399] [ 2] /lib64/libc.so.6(raise+0x16)[0x145dbe63fb86]
[genoahost104:619356] *** Process received signal ***
[genoahost104:619356] Signal: Aborted (6)
[genoahost104:619356] Signal code:  (-6)
[genoahost099:1600399] [ 3] /lib64/libc.so.6(abort+0xd3)[0x145dbe629873]
[genoahost099:1600399] [ 4] /lib64/libc.so.6(+0x2979b)[0x145dbe62979b]
[genoahost099:1600399] [ 5] /lib64/libc.so.6(+0x388c6)[0x145dbe6388c6]
[genoahost099:1600399] [ 6] /direct/sdcc+u/poare/Grid/build/examples/./Example_spec_kryschur[0x4cc206]
[genoahost099:1600399] [ 7] /direct/sdcc+u/poare/Grid/build/examples/./Example_spec_kryschur[0x4cc2f1]
[genoahost099:1600399] [ 8] /direct/sdcc+u/poare/Grid/build/examples/./Example_spec_kryschur[0x4c7e95]
[genoahost099:1600399] [ 9] /direct/sdcc+u/poare/Grid/build/examples/./Example_spec_kryschur[0x4b5f4f]
[genoahost099:1600399] [10] /direct/sdcc+u/poare/Grid/build/examples/./Example_spec_kryschur[0x41180d]
[genoahost099:1600399] [11] /lib64/libc.so.6(+0x2a610)[0x145dbe62a610]
[genoahost099:1600399] [12] /lib64/libc.so.6(__libc_start_main+0x80)[0x145dbe62a6c0]
[genoahost099:1600399] [13] /direct/sdcc+u/poare/Grid/build/examples/./Example_spec_kryschur[0x4147f5]
[genoahost099:1600399] *** End of error message ***
[genoahost104:619356] [ 0] /lib64/libc.so.6(+0x3fc30)[0x15099ce3fc30]
[genoahost104:619356] [ 1] /lib64/libc.so.6(+0x8d02c)[0x15099ce8d02c]
[genoahost104:619356] [ 2] /lib64/libc.so.6(raise+0x16)[0x15099ce3fb86]
[genoahost104:619356] [ 3] /lib64/libc.so.6(abort+0xd3)[0x15099ce29873]
[genoahost104:619356] [ 4] /lib64/libc.so.6(+0x2979b)[0x15099ce2979b]
[genoahost104:619356] [ 5] /lib64/libc.so.6(+0x388c6)[0x15099ce388c6]
[genoahost104:619356] [ 6] /direct/sdcc+u/poare/Grid/build/examples/./Example_spec_kryschur[0x4cc206]
[genoahost104:619356] [ 7] /direct/sdcc+u/poare/Grid/build/examples/./Example_spec_kryschur[0x4cc2f1]
[genoahost104:619356] [ 8] /direct/sdcc+u/poare/Grid/build/examples/./Example_spec_kryschur[0x4c7e95]
[genoahost104:619356] [ 9] /direct/sdcc+u/poare/Grid/build/examples/./Example_spec_kryschur[0x4b5f4f]
[genoahost104:619356] [10] /direct/sdcc+u/poare/Grid/build/examples/./Example_spec_kryschur[0x41180d]
[genoahost104:619356] [11] /lib64/libc.so.6(+0x2a610)[0x15099ce2a610]
[genoahost104:619356] [12] /lib64/libc.so.6(__libc_start_main+0x80)[0x15099ce2a6c0]
[genoahost104:619356] [13] /direct/sdcc+u/poare/Grid/build/examples/./Example_spec_kryschur[0x4147f5]
[genoahost104:619356] *** End of error message ***
Example_spec_kryschur: ../../Grid/communicator/SharedMemoryMPI.cc:434: static void Grid::GlobalSharedMemory::OptimalCommunicatorSharedMemory(const Coordinate&, ompi_communicator_t*&, Grid::Coordinate&): Assertion `WorldSize==Nprocessors' failed.
[genoahost104:619348] *** Process received signal ***
[genoahost104:619348] Signal: Aborted (6)
[genoahost104:619348] Signal code:  (-6)
[genoahost104:619348] [ 0] /lib64/libc.so.6(+0x3fc30)[0x147971c3fc30]
[genoahost104:619348] [ 1] /lib64/libc.so.6(+0x8d02c)[0x147971c8d02c]
[genoahost104:619348] [ 2] /lib64/libc.so.6(raise+0x16)[0x147971c3fb86]
[genoahost104:619348] [ 3] /lib64/libc.so.6(abort+0xd3)[0x147971c29873]
[genoahost104:619348] [ 4] /lib64/libc.so.6(+0x2979b)[0x147971c2979b]
[genoahost104:619348] [ 5] /lib64/libc.so.6(+0x388c6)[0x147971c388c6]
[genoahost104:619348] [ 6] /direct/sdcc+u/poare/Grid/build/examples/./Example_spec_kryschur[0x4cc206]
[genoahost104:619348] [ 7] /direct/sdcc+u/poare/Grid/build/examples/./Example_spec_kryschur[0x4cc2f1]
[genoahost104:619348] [ 8] /direct/sdcc+u/poare/Grid/build/examples/./Example_spec_kryschur[0x4c7e95]
[genoahost104:619348] [ 9] /direct/sdcc+u/poare/Grid/build/examples/./Example_spec_kryschur[0x4b5f4f]
[genoahost104:619348] [10] /direct/sdcc+u/poare/Grid/build/examples/./Example_spec_kryschur[0x41180d]
[genoahost104:619348] [11] /lib64/libc.so.6(+0x2a610)[0x147971c2a610]
[genoahost104:619348] [12] /lib64/libc.so.6(__libc_start_main+0x80)[0x147971c2a6c0]
[genoahost104:619348] [13] /direct/sdcc+u/poare/Grid/build/examples/./Example_spec_kryschur[0x4147f5]
[genoahost104:619348] *** End of error message ***
Example_spec_kryschur: ../../Grid/communicator/SharedMemoryMPI.cc:434: static void Grid::GlobalSharedMemory::OptimalCommunicatorSharedMemory(const Coordinate&, ompi_communicator_t*&, Grid::Coordinate&): Assertion `WorldSize==Nprocessors' failed.
[genoahost103:607944] *** Process received signal ***
[genoahost103:607944] Signal: Aborted (6)
[genoahost103:607944] Signal code:  (-6)
[genoahost103:607944] [ 0] /lib64/libc.so.6(+0x3fc30)[0x14e473a3fc30]
[genoahost103:607944] [ 1] /lib64/libc.so.6(+0x8d02c)[0x14e473a8d02c]
[genoahost103:607944] [ 2] /lib64/libc.so.6(raise+0x16)[0x14e473a3fb86]
[genoahost103:607944] [ 3] /lib64/libc.so.6(abort+0xd3)[0x14e473a29873]
[genoahost103:607944] [ 4] /lib64/libc.so.6(+0x2979b)[0x14e473a2979b]
[genoahost103:607944] [ 5] /lib64/libc.so.6(+0x388c6)[0x14e473a388c6]
[genoahost103:607944] [ 6] /direct/sdcc+u/poare/Grid/build/examples/./Example_spec_kryschur[0x4cc206]
[genoahost103:607944] [ 7] /direct/sdcc+u/poare/Grid/build/examples/./Example_spec_kryschur[0x4cc2f1]
[genoahost103:607944] [ 8] /direct/sdcc+u/poare/Grid/build/examples/./Example_spec_kryschur[0x4c7e95]
[genoahost103:607944] [ 9] /direct/sdcc+u/poare/Grid/build/examples/./Example_spec_kryschur[0x4b5f4f]
[genoahost103:607944] [10] /direct/sdcc+u/poare/Grid/build/examples/./Example_spec_kryschur[0x41180d]
[genoahost103:607944] [11] /lib64/libc.so.6(+0x2a610)[0x14e473a2a610]
[genoahost103:607944] [12] /lib64/libc.so.6(__libc_start_main+0x80)[0x14e473a2a6c0]
[genoahost103:607944] [13] /direct/sdcc+u/poare/Grid/build/examples/./Example_spec_kryschur[0x4147f5]
[genoahost103:607944] *** End of error message ***
Example_spec_kryschur: ../../Grid/communicator/SharedMemoryMPI.cc:434: static void Grid::GlobalSharedMemory::OptimalCommunicatorSharedMemory(const Coordinate&, ompi_communicator_t*&, Grid::Coordinate&): Assertion `WorldSize==Nprocessors' failed.
[genoahost099:1600395] *** Process received signal ***
[genoahost099:1600395] Signal: Aborted (6)
[genoahost099:1600395] Signal code:  (-6)
Example_spec_kryschur: ../../Grid/communicator/SharedMemoryMPI.cc:434: static void Grid::GlobalSharedMemory::OptimalCommunicatorSharedMemory(const Coordinate&, ompi_communicator_t*&, Grid::Coordinate&): Assertion `WorldSize==Nprocessors' failed.
[genoahost098:1620650] *** Process received signal ***
[genoahost098:1620650] Signal: Aborted (6)
[genoahost098:1620650] Signal code:  (-6)
[genoahost099:1600395] [ 0] /lib64/libc.so.6(+0x3fc30)[0x14a87d23fc30]
[genoahost099:1600395] [ 1] /lib64/libc.so.6(+0x8d02c)[0x14a87d28d02c]
[genoahost099:1600395] [ 2] /lib64/libc.so.6(raise+0x16)[0x14a87d23fb86]
[genoahost099:1600395] [ 3] /lib64/libc.so.6(abort+0xd3)[0x14a87d229873]
[genoahost099:1600395] [ 4] /lib64/libc.so.6(+0x2979b)[0x14a87d22979b]
[genoahost099:1600395] [ 5] /lib64/libc.so.6(+0x388c6)[0x14a87d2388c6]
[genoahost099:1600395] [ 6] /direct/sdcc+u/poare/Grid/build/examples/./Example_spec_kryschur[0x4cc206]
[genoahost099:1600395] [ 7] /direct/sdcc+u/poare/Grid/build/examples/./Example_spec_kryschur[0x4cc2f1]
[genoahost099:1600395] [ 8] /direct/sdcc+u/poare/Grid/build/examples/./Example_spec_kryschur[0x4c7e95]
[genoahost099:1600395] [ 9] /direct/sdcc+u/poare/Grid/build/examples/./Example_spec_kryschur[0x4b5f4f]
[genoahost099:1600395] [10] /direct/sdcc+u/poare/Grid/build/examples/./Example_spec_kryschur[0x41180d]
[genoahost099:1600395] [11] /lib64/libc.so.6(+0x2a610)[0x14a87d22a610]
[genoahost099:1600395] [12] /lib64/libc.so.6(__libc_start_main+0x80)[0x14a87d22a6c0]
[genoahost099:1600395] [13] /direct/sdcc+u/poare/Grid/build/examples/./Example_spec_kryschur[0x4147f5]
[genoahost099:1600395] *** End of error message ***
[genoahost098:1620650] [ 0] /lib64/libc.so.6(+0x3fc30)[0x148a00a3fc30]
[genoahost098:1620650] [ 1] /lib64/libc.so.6(+0x8d02c)[0x148a00a8d02c]
[genoahost098:1620650] [ 2] /lib64/libc.so.6(raise+0x16)[0x148a00a3fb86]
[genoahost098:1620650] [ 3] /lib64/libc.so.6(abort+0xd3)[0x148a00a29873]
[genoahost098:1620650] [ 4] /lib64/libc.so.6(+0x2979b)[0x148a00a2979b]
[genoahost098:1620650] [ 5] /lib64/libc.so.6(+0x388c6)[0x148a00a388c6]
[genoahost098:1620650] [ 6] /direct/sdcc+u/poare/Grid/build/examples/./Example_spec_kryschur[0x4cc206]
[genoahost098:1620650] [ 7] /direct/sdcc+u/poare/Grid/build/examples/./Example_spec_kryschur[0x4cc2f1]
[genoahost098:1620650] [ 8] /direct/sdcc+u/poare/Grid/build/examples/./Example_spec_kryschur[0x4c7e95]
[genoahost098:1620650] [ 9] /direct/sdcc+u/poare/Grid/build/examples/./Example_spec_kryschur[0x4b5f4f]
[genoahost098:1620650] [10] /direct/sdcc+u/poare/Grid/build/examples/./Example_spec_kryschur[0x41180d]
[genoahost098:1620650] [11] /lib64/libc.so.6(+0x2a610)[0x148a00a2a610]
[genoahost098:1620650] [12] /lib64/libc.so.6(__libc_start_main+0x80)[0x148a00a2a6c0]
[genoahost098:1620650] [13] /direct/sdcc+u/poare/Grid/build/examples/./Example_spec_kryschur[0x4147f5]
[genoahost098:1620650] *** End of error message ***
Example_spec_kryschur: ../../Grid/communicator/SharedMemoryMPI.cc:434: static void Grid::GlobalSharedMemory::OptimalCommunicatorSharedMemory(const Coordinate&, ompi_communicator_t*&, Grid::Coordinate&): Assertion `WorldSize==Nprocessors' failed.
[genoahost104:619352] *** Process received signal ***
[genoahost104:619352] Signal: Aborted (6)
[genoahost104:619352] Signal code:  (-6)
[genoahost104:619352] [ 0] /lib64/libc.so.6(+0x3fc30)[0x1547da63fc30]
[genoahost104:619352] [ 1] /lib64/libc.so.6(+0x8d02c)[0x1547da68d02c]
[genoahost104:619352] [ 2] /lib64/libc.so.6(raise+0x16)[0x1547da63fb86]
[genoahost104:619352] [ 3] /lib64/libc.so.6(abort+0xd3)[0x1547da629873]
[genoahost104:619352] [ 4] /lib64/libc.so.6(+0x2979b)[0x1547da62979b]
[genoahost104:619352] [ 5] /lib64/libc.so.6(+0x388c6)[0x1547da6388c6]
[genoahost104:619352] [ 6] /direct/sdcc+u/poare/Grid/build/examples/./Example_spec_kryschur[0x4cc206]
[genoahost104:619352] [ 7] /direct/sdcc+u/poare/Grid/build/examples/./Example_spec_kryschur[0x4cc2f1]
[genoahost104:619352] [ 8] /direct/sdcc+u/poare/Grid/build/examples/./Example_spec_kryschur[0x4c7e95]
[genoahost104:619352] [ 9] /direct/sdcc+u/poare/Grid/build/examples/./Example_spec_kryschur[0x4b5f4f]
[genoahost104:619352] [10] /direct/sdcc+u/poare/Grid/build/examples/./Example_spec_kryschur[0x41180d]
[genoahost104:619352] [11] /lib64/libc.so.6(+0x2a610)[0x1547da62a610]
[genoahost104:619352] [12] /lib64/libc.so.6(__libc_start_main+0x80)[0x1547da62a6c0]
[genoahost104:619352] [13] /direct/sdcc+u/poare/Grid/build/examples/./Example_spec_kryschur[0x4147f5]
[genoahost104:619352] *** End of error message ***
Example_spec_kryschur: ../../Grid/communicator/SharedMemoryMPI.cc:434: static void Grid::GlobalSharedMemory::OptimalCommunicatorSharedMemory(const Coordinate&, ompi_communicator_t*&, Grid::Coordinate&): Assertion `WorldSize==Nprocessors' failed.
[genoahost100:639195] *** Process received signal ***
[genoahost100:639195] Signal: Aborted (6)
[genoahost100:639195] Signal code:  (-6)
[genoahost100:639195] [ 0] /lib64/libc.so.6(+0x3fc30)[0x147407e3fc30]
[genoahost100:639195] [ 1] /lib64/libc.so.6(+0x8d02c)[0x147407e8d02c]
[genoahost100:639195] [ 2] /lib64/libc.so.6(raise+0x16)[0x147407e3fb86]
[genoahost100:639195] [ 3] /lib64/libc.so.6(abort+0xd3)[0x147407e29873]
[genoahost100:639195] [ 4] /lib64/libc.so.6(+0x2979b)[0x147407e2979b]
[genoahost100:639195] [ 5] /lib64/libc.so.6(+0x388c6)[0x147407e388c6]
[genoahost100:639195] [ 6] /direct/sdcc+u/poare/Grid/build/examples/./Example_spec_kryschur[0x4cc206]
[genoahost100:639195] [ 7] /direct/sdcc+u/poare/Grid/build/examples/./Example_spec_kryschur[0x4cc2f1]
[genoahost100:639195] [ 8] /direct/sdcc+u/poare/Grid/build/examples/./Example_spec_kryschur[0x4c7e95]
[genoahost100:639195] [ 9] /direct/sdcc+u/poare/Grid/build/examples/./Example_spec_kryschur[0x4b5f4f]
[genoahost100:639195] [10] /direct/sdcc+u/poare/Grid/build/examples/./Example_spec_kryschur[0x41180d]
[genoahost100:639195] [11] /lib64/libc.so.6(+0x2a610)[0x147407e2a610]
[genoahost100:639195] [12] /lib64/libc.so.6(__libc_start_main+0x80)[0x147407e2a6c0]
[genoahost100:639195] [13] /direct/sdcc+u/poare/Grid/build/examples/./Example_spec_kryschur[0x4147f5]
[genoahost100:639195] *** End of error message ***
Example_spec_kryschur: ../../Grid/communicator/SharedMemoryMPI.cc:434: static void Grid::GlobalSharedMemory::OptimalCommunicatorSharedMemory(const Coordinate&, ompi_communicator_t*&, Grid::Coordinate&): Assertion `WorldSize==Nprocessors' failed.
[genoahost099:1600403] *** Process received signal ***
[genoahost099:1600403] Signal: Aborted (6)
[genoahost099:1600403] Signal code:  (-6)
Example_spec_kryschur: ../../Grid/communicator/SharedMemoryMPI.cc:434: static void Grid::GlobalSharedMemory::OptimalCommunicatorSharedMemory(const Coordinate&, ompi_communicator_t*&, Grid::Coordinate&): Assertion `WorldSize==Nprocessors' failed.
[genoahost103:607945] *** Process received signal ***
[genoahost103:607945] Signal: Aborted (6)
[genoahost103:607945] Signal code:  (-6)
[genoahost099:1600403] [ 0] /lib64/libc.so.6(+0x3fc30)[0x14b959e3fc30]
[genoahost099:1600403] [ 1] /lib64/libc.so.6(+0x8d02c)[0x14b959e8d02c]
[genoahost099:1600403] [ 2] /lib64/libc.so.6(raise+0x16)[0x14b959e3fb86]
[genoahost099:1600403] [ 3] /lib64/libc.so.6(abort+0xd3)[0x14b959e29873]
[genoahost099:1600403] [ 4] /lib64/libc.so.6(+0x2979b)[0x14b959e2979b]
[genoahost099:1600403] [ 5] /lib64/libc.so.6(+0x388c6)[0x14b959e388c6]
[genoahost099:1600403] [ 6] /direct/sdcc+u/poare/Grid/build/examples/./Example_spec_kryschur[0x4cc206]
[genoahost099:1600403] [ 7] /direct/sdcc+u/poare/Grid/build/examples/./Example_spec_kryschur[0x4cc2f1]
[genoahost099:1600403] [ 8] /direct/sdcc+u/poare/Grid/build/examples/./Example_spec_kryschur[0x4c7e95]
[genoahost099:1600403] [ 9] /direct/sdcc+u/poare/Grid/build/examples/./Example_spec_kryschur[0x4b5f4f]
[genoahost099:1600403] [10] /direct/sdcc+u/poare/Grid/build/examples/./Example_spec_kryschur[0x41180d]
[genoahost099:1600403] [11] /lib64/libc.so.6(+0x2a610)[0x14b959e2a610]
[genoahost099:1600403] [12] /lib64/libc.so.6(__libc_start_main+0x80)[0x14b959e2a6c0]
[genoahost099:1600403] [13] /direct/sdcc+u/poare/Grid/build/examples/./Example_spec_kryschur[0x4147f5]
[genoahost103:607945] [ 0] /lib64/libc.so.6(+0x3fc30)[0x14f5c103fc30]
[genoahost099:1600403] *** End of error message ***
[genoahost103:607945] [ 1] /lib64/libc.so.6(+0x8d02c)[0x14f5c108d02c]
[genoahost103:607945] [ 2] /lib64/libc.so.6(raise+0x16)[0x14f5c103fb86]
[genoahost103:607945] [ 3] /lib64/libc.so.6(abort+0xd3)[0x14f5c1029873]
[genoahost103:607945] [ 4] /lib64/libc.so.6(+0x2979b)[0x14f5c102979b]
[genoahost103:607945] [ 5] /lib64/libc.so.6(+0x388c6)[0x14f5c10388c6]
[genoahost103:607945] [ 6] /direct/sdcc+u/poare/Grid/build/examples/./Example_spec_kryschur[0x4cc206]
[genoahost103:607945] [ 7] /direct/sdcc+u/poare/Grid/build/examples/./Example_spec_kryschur[0x4cc2f1]
[genoahost103:607945] [ 8] /direct/sdcc+u/poare/Grid/build/examples/./Example_spec_kryschur[0x4c7e95]
[genoahost103:607945] [ 9] /direct/sdcc+u/poare/Grid/build/examples/./Example_spec_kryschur[0x4b5f4f]
[genoahost103:607945] [10] /direct/sdcc+u/poare/Grid/build/examples/./Example_spec_kryschur[0x41180d]
[genoahost103:607945] [11] /lib64/libc.so.6(+0x2a610)[0x14f5c102a610]
[genoahost103:607945] [12] /lib64/libc.so.6(__libc_start_main+0x80)[0x14f5c102a6c0]
[genoahost103:607945] [13] /direct/sdcc+u/poare/Grid/build/examples/./Example_spec_kryschur[0x4147f5]
[genoahost103:607945] *** End of error message ***
Example_spec_kryschur: ../../Grid/communicator/SharedMemoryMPI.cc:434: static void Grid::GlobalSharedMemory::OptimalCommunicatorSharedMemory(const Coordinate&, ompi_communicator_t*&, Grid::Coordinate&): Assertion `WorldSize==Nprocessors' failed.
[genoahost099:1600404] *** Process received signal ***
[genoahost099:1600404] Signal: Aborted (6)
[genoahost099:1600404] Signal code:  (-6)
[genoahost099:1600404] [ 0] /lib64/libc.so.6(+0x3fc30)[0x148997a3fc30]
[genoahost099:1600404] [ 1] /lib64/libc.so.6(+0x8d02c)[0x148997a8d02c]
[genoahost099:1600404] [ 2] /lib64/libc.so.6(raise+0x16)[0x148997a3fb86]
[genoahost099:1600404] [ 3] /lib64/libc.so.6(abort+0xd3)[0x148997a29873]
[genoahost099:1600404] [ 4] /lib64/libc.so.6(+0x2979b)[0x148997a2979b]
[genoahost099:1600404] [ 5] /lib64/libc.so.6(+0x388c6)[0x148997a388c6]
[genoahost099:1600404] [ 6] /direct/sdcc+u/poare/Grid/build/examples/./Example_spec_kryschur[0x4cc206]
[genoahost099:1600404] [ 7] /direct/sdcc+u/poare/Grid/build/examples/./Example_spec_kryschur[0x4cc2f1]
[genoahost099:1600404] [ 8] /direct/sdcc+u/poare/Grid/build/examples/./Example_spec_kryschur[0x4c7e95]
[genoahost099:1600404] [ 9] /direct/sdcc+u/poare/Grid/build/examples/./Example_spec_kryschur[0x4b5f4f]
[genoahost099:1600404] [10] /direct/sdcc+u/poare/Grid/build/examples/./Example_spec_kryschur[0x41180d]
[genoahost099:1600404] [11] /lib64/libc.so.6(+0x2a610)[0x148997a2a610]
[genoahost099:1600404] [12] /lib64/libc.so.6(__libc_start_main+0x80)[0x148997a2a6c0]
[genoahost099:1600404] [13] /direct/sdcc+u/poare/Grid/build/examples/./Example_spec_kryschur[0x4147f5]
[genoahost099:1600404] *** End of error message ***
Example_spec_kryschur: ../../Grid/communicator/SharedMemoryMPI.cc:434: static void Grid::GlobalSharedMemory::OptimalCommunicatorSharedMemory(const Coordinate&, ompi_communicator_t*&, Grid::Coordinate&): Assertion `WorldSize==Nprocessors' failed.
[genoahost100:639196] *** Process received signal ***
[genoahost100:639196] Signal: Aborted (6)
[genoahost100:639196] Signal code:  (-6)
Example_spec_kryschur: ../../Grid/communicator/SharedMemoryMPI.cc:434: static void Grid::GlobalSharedMemory::OptimalCommunicatorSharedMemory(const Coordinate&, ompi_communicator_t*&, Grid::Coordinate&): Assertion `WorldSize==Nprocessors' failed.
[genoahost099:1600401] *** Process received signal ***
[genoahost099:1600401] Signal: Aborted (6)
[genoahost099:1600401] Signal code:  (-6)
[genoahost100:639196] [ 0] /lib64/libc.so.6(+0x3fc30)[0x14fb48e3fc30]
[genoahost100:639196] [ 1] /lib64/libc.so.6(+0x8d02c)[0x14fb48e8d02c]
[genoahost100:639196] [ 2] /lib64/libc.so.6(raise+0x16)[0x14fb48e3fb86]
[genoahost100:639196] [ 3] /lib64/libc.so.6(abort+0xd3)[0x14fb48e29873]
[genoahost100:639196] [ 4] /lib64/libc.so.6(+0x2979b)[0x14fb48e2979b]
[genoahost100:639196] [ 5] /lib64/libc.so.6(+0x388c6)[0x14fb48e388c6]
[genoahost100:639196] [ 6] /direct/sdcc+u/poare/Grid/build/examples/./Example_spec_kryschur[0x4cc206]
[genoahost100:639196] [ 7] /direct/sdcc+u/poare/Grid/build/examples/./Example_spec_kryschur[0x4cc2f1]
[genoahost100:639196] [ 8] /direct/sdcc+u/poare/Grid/build/examples/./Example_spec_kryschur[0x4c7e95]
[genoahost100:639196] [ 9] /direct/sdcc+u/poare/Grid/build/examples/./Example_spec_kryschur[0x4b5f4f]
[genoahost100:639196] [10] /direct/sdcc+u/poare/Grid/build/examples/./Example_spec_kryschur[0x41180d]
[genoahost100:639196] [11] /lib64/libc.so.6(+0x2a610)[0x14fb48e2a610]
[genoahost100:639196] [12] /lib64/libc.so.6(__libc_start_main+0x80)[0x14fb48e2a6c0]
[genoahost100:639196] [13] /direct/sdcc+u/poare/Grid/build/examples/./Example_spec_kryschur[0x4147f5]
[genoahost100:639196] *** End of error message ***
[genoahost099:1600401] [ 0] /lib64/libc.so.6(+0x3fc30)[0x146d68a3fc30]
[genoahost099:1600401] [ 1] /lib64/libc.so.6(+0x8d02c)[0x146d68a8d02c]
[genoahost099:1600401] [ 2] /lib64/libc.so.6(raise+0x16)[0x146d68a3fb86]
[genoahost099:1600401] [ 3] /lib64/libc.so.6(abort+0xd3)[0x146d68a29873]
[genoahost099:1600401] [ 4] /lib64/libc.so.6(+0x2979b)[0x146d68a2979b]
[genoahost099:1600401] [ 5] /lib64/libc.so.6(+0x388c6)[0x146d68a388c6]
[genoahost099:1600401] [ 6] /direct/sdcc+u/poare/Grid/build/examples/./Example_spec_kryschur[0x4cc206]
[genoahost099:1600401] [ 7] /direct/sdcc+u/poare/Grid/build/examples/./Example_spec_kryschur[0x4cc2f1]
[genoahost099:1600401] [ 8] /direct/sdcc+u/poare/Grid/build/examples/./Example_spec_kryschur[0x4c7e95]
[genoahost099:1600401] [ 9] /direct/sdcc+u/poare/Grid/build/examples/./Example_spec_kryschur[0x4b5f4f]
[genoahost099:1600401] [10] /direct/sdcc+u/poare/Grid/build/examples/./Example_spec_kryschur[0x41180d]
[genoahost099:1600401] [11] /lib64/libc.so.6(+0x2a610)[0x146d68a2a610]
[genoahost099:1600401] [12] /lib64/libc.so.6(__libc_start_main+0x80)[0x146d68a2a6c0]
[genoahost099:1600401] [13] /direct/sdcc+u/poare/Grid/build/examples/./Example_spec_kryschur[0x4147f5]
[genoahost099:1600401] *** End of error message ***
Example_spec_kryschur: ../../Grid/communicator/SharedMemoryMPI.cc:434: static void Grid::GlobalSharedMemory::OptimalCommunicatorSharedMemory(const Coordinate&, ompi_communicator_t*&, Grid::Coordinate&): Assertion `WorldSize==Nprocessors' failed.
[genoahost100:639183] *** Process received signal ***
[genoahost100:639183] Signal: Aborted (6)
[genoahost100:639183] Signal code:  (-6)
[genoahost100:639183] [ 0] /lib64/libc.so.6(+0x3fc30)[0x15108dc3fc30]
[genoahost100:639183] [ 1] /lib64/libc.so.6(+0x8d02c)[0x15108dc8d02c]
[genoahost100:639183] [ 2] /lib64/libc.so.6(raise+0x16)[0x15108dc3fb86]
[genoahost100:639183] [ 3] /lib64/libc.so.6(abort+0xd3)[0x15108dc29873]
[genoahost100:639183] [ 4] /lib64/libc.so.6(+0x2979b)[0x15108dc2979b]
[genoahost100:639183] [ 5] /lib64/libc.so.6(+0x388c6)[0x15108dc388c6]
[genoahost100:639183] [ 6] /direct/sdcc+u/poare/Grid/build/examples/./Example_spec_kryschur[0x4cc206]
[genoahost100:639183] [ 7] /direct/sdcc+u/poare/Grid/build/examples/./Example_spec_kryschur[0x4cc2f1]
[genoahost100:639183] [ 8] /direct/sdcc+u/poare/Grid/build/examples/./Example_spec_kryschur[0x4c7e95]
[genoahost100:639183] [ 9] /direct/sdcc+u/poare/Grid/build/examples/./Example_spec_kryschur[0x4b5f4f]
[genoahost100:639183] [10] /direct/sdcc+u/poare/Grid/build/examples/./Example_spec_kryschur[0x41180d]
[genoahost100:639183] [11] /lib64/libc.so.6(+0x2a610)[0x15108dc2a610]
[genoahost100:639183] [12] /lib64/libc.so.6(__libc_start_main+0x80)[0x15108dc2a6c0]
[genoahost100:639183] [13] /direct/sdcc+u/poare/Grid/build/examples/./Example_spec_kryschur[0x4147f5]
[genoahost100:639183] *** End of error message ***
Example_spec_kryschur: ../../Grid/communicator/SharedMemoryMPI.cc:434: static void Grid::GlobalSharedMemory::OptimalCommunicatorSharedMemory(const Coordinate&, ompi_communicator_t*&, Grid::Coordinate&): Assertion `WorldSize==Nprocessors' failed.
[genoahost099:1600409] *** Process received signal ***
[genoahost099:1600409] Signal: Aborted (6)
[genoahost099:1600409] Signal code:  (-6)
[genoahost099:1600409] [ 0] /lib64/libc.so.6(+0x3fc30)[0x14baf7c3fc30]
[genoahost099:1600409] [ 1] /lib64/libc.so.6(+0x8d02c)[0x14baf7c8d02c]
[genoahost099:1600409] [ 2] /lib64/libc.so.6(raise+0x16)[0x14baf7c3fb86]
[genoahost099:1600409] [ 3] /lib64/libc.so.6(abort+0xd3)[0x14baf7c29873]
[genoahost099:1600409] [ 4] /lib64/libc.so.6(+0x2979b)[0x14baf7c2979b]
[genoahost099:1600409] [ 5] /lib64/libc.so.6(+0x388c6)[0x14baf7c388c6]
[genoahost099:1600409] [ 6] /direct/sdcc+u/poare/Grid/build/examples/./Example_spec_kryschur[0x4cc206]
[genoahost099:1600409] [ 7] /direct/sdcc+u/poare/Grid/build/examples/./Example_spec_kryschur[0x4cc2f1]
[genoahost099:1600409] [ 8] /direct/sdcc+u/poare/Grid/build/examples/./Example_spec_kryschur[0x4c7e95]
[genoahost099:1600409] [ 9] /direct/sdcc+u/poare/Grid/build/examples/./Example_spec_kryschur[0x4b5f4f]
[genoahost099:1600409] [10] /direct/sdcc+u/poare/Grid/build/examples/./Example_spec_kryschur[0x41180d]
[genoahost099:1600409] [11] /lib64/libc.so.6(+0x2a610)[0x14baf7c2a610]
[genoahost099:1600409] [12] /lib64/libc.so.6(__libc_start_main+0x80)[0x14baf7c2a6c0]
[genoahost099:1600409] [13] /direct/sdcc+u/poare/Grid/build/examples/./Example_spec_kryschur[0x4147f5]
[genoahost099:1600409] *** End of error message ***
Example_spec_kryschur: ../../Grid/communicator/SharedMemoryMPI.cc:434: static void Grid::GlobalSharedMemory::OptimalCommunicatorSharedMemory(const Coordinate&, ompi_communicator_t*&, Grid::Coordinate&): Assertion `WorldSize==Nprocessors' failed.
[genoahost100:639194] *** Process received signal ***
[genoahost100:639194] Signal: Aborted (6)
[genoahost100:639194] Signal code:  (-6)
Example_spec_kryschur: ../../Grid/communicator/SharedMemoryMPI.cc:434: static void Grid::GlobalSharedMemory::OptimalCommunicatorSharedMemory(const Coordinate&, ompi_communicator_t*&, Grid::Coordinate&): Assertion `WorldSize==Nprocessors' failed.
[genoahost099:1600400] *** Process received signal ***
[genoahost099:1600400] Signal: Aborted (6)
[genoahost099:1600400] Signal code:  (-6)
[genoahost100:639194] [ 0] /lib64/libc.so.6(+0x3fc30)[0x14570de3fc30]
[genoahost100:639194] [ 1] /lib64/libc.so.6(+0x8d02c)[0x14570de8d02c]
[genoahost100:639194] [ 2] /lib64/libc.so.6(raise+0x16)[0x14570de3fb86]
[genoahost100:639194] [ 3] /lib64/libc.so.6(abort+0xd3)[0x14570de29873]
[genoahost100:639194] [ 4] /lib64/libc.so.6(+0x2979b)[0x14570de2979b]
[genoahost100:639194] [ 5] /lib64/libc.so.6(+0x388c6)[0x14570de388c6]
[genoahost100:639194] [ 6] /direct/sdcc+u/poare/Grid/build/examples/./Example_spec_kryschur[0x4cc206]
[genoahost100:639194] [ 7] /direct/sdcc+u/poare/Grid/build/examples/./Example_spec_kryschur[0x4cc2f1]
[genoahost100:639194] [ 8] /direct/sdcc+u/poare/Grid/build/examples/./Example_spec_kryschur[0x4c7e95]
[genoahost100:639194] [ 9] /direct/sdcc+u/poare/Grid/build/examples/./Example_spec_kryschur[0x4b5f4f]
[genoahost100:639194] [10] /direct/sdcc+u/poare/Grid/build/examples/./Example_spec_kryschur[0x41180d]
[genoahost100:639194] [11] /lib64/libc.so.6(+0x2a610)[0x14570de2a610]
[genoahost100:639194] [12] /lib64/libc.so.6(__libc_start_main+0x80)[0x14570de2a6c0]
[genoahost100:639194] [13] /direct/sdcc+u/poare/Grid/build/examples/./Example_spec_kryschur[0x4147f5]
[genoahost100:639194] *** End of error message ***
[genoahost099:1600400] [ 0] /lib64/libc.so.6(+0x3fc30)[0x1539ba03fc30]
[genoahost099:1600400] [ 1] /lib64/libc.so.6(+0x8d02c)[0x1539ba08d02c]
[genoahost099:1600400] [ 2] /lib64/libc.so.6(raise+0x16)[0x1539ba03fb86]
[genoahost099:1600400] [ 3] /lib64/libc.so.6(abort+0xd3)[0x1539ba029873]
[genoahost099:1600400] [ 4] /lib64/libc.so.6(+0x2979b)[0x1539ba02979b]
[genoahost099:1600400] [ 5] /lib64/libc.so.6(+0x388c6)[0x1539ba0388c6]
[genoahost099:1600400] [ 6] /direct/sdcc+u/poare/Grid/build/examples/./Example_spec_kryschur[0x4cc206]
[genoahost099:1600400] [ 7] /direct/sdcc+u/poare/Grid/build/examples/./Example_spec_kryschur[0x4cc2f1]
[genoahost099:1600400] [ 8] /direct/sdcc+u/poare/Grid/build/examples/./Example_spec_kryschur[0x4c7e95]
[genoahost099:1600400] [ 9] /direct/sdcc+u/poare/Grid/build/examples/./Example_spec_kryschur[0x4b5f4f]
[genoahost099:1600400] [10] /direct/sdcc+u/poare/Grid/build/examples/./Example_spec_kryschur[0x41180d]
[genoahost099:1600400] [11] /lib64/libc.so.6(+0x2a610)[0x1539ba02a610]
[genoahost099:1600400] [12] /lib64/libc.so.6(__libc_start_main+0x80)[0x1539ba02a6c0]
[genoahost099:1600400] [13] /direct/sdcc+u/poare/Grid/build/examples/./Example_spec_kryschur[0x4147f5]
[genoahost099:1600400] *** End of error message ***
Example_spec_kryschur: ../../Grid/communicator/SharedMemoryMPI.cc:434: static void Grid::GlobalSharedMemory::OptimalCommunicatorSharedMemory(const Coordinate&, ompi_communicator_t*&, Grid::Coordinate&): Assertion `WorldSize==Nprocessors' failed.
[genoahost098:1620657] *** Process received signal ***
[genoahost098:1620657] Signal: Aborted (6)
[genoahost098:1620657] Signal code:  (-6)
[genoahost098:1620657] [ 0] /lib64/libc.so.6(+0x3fc30)[0x150952c3fc30]
[genoahost098:1620657] [ 1] /lib64/libc.so.6(+0x8d02c)[0x150952c8d02c]
[genoahost098:1620657] [ 2] /lib64/libc.so.6(raise+0x16)[0x150952c3fb86]
[genoahost098:1620657] [ 3] /lib64/libc.so.6(abort+0xd3)[0x150952c29873]
[genoahost098:1620657] [ 4] /lib64/libc.so.6(+0x2979b)[0x150952c2979b]
[genoahost098:1620657] [ 5] /lib64/libc.so.6(+0x388c6)[0x150952c388c6]
[genoahost098:1620657] [ 6] /direct/sdcc+u/poare/Grid/build/examples/./Example_spec_kryschur[0x4cc206]
[genoahost098:1620657] [ 7] /direct/sdcc+u/poare/Grid/build/examples/./Example_spec_kryschur[0x4cc2f1]
[genoahost098:1620657] [ 8] /direct/sdcc+u/poare/Grid/build/examples/./Example_spec_kryschur[0x4c7e95]
[genoahost098:1620657] [ 9] /direct/sdcc+u/poare/Grid/build/examples/./Example_spec_kryschur[0x4b5f4f]
[genoahost098:1620657] [10] /direct/sdcc+u/poare/Grid/build/examples/./Example_spec_kryschur[0x41180d]
[genoahost098:1620657] [11] /lib64/libc.so.6(+0x2a610)[0x150952c2a610]
[genoahost098:1620657] [12] /lib64/libc.so.6(__libc_start_main+0x80)[0x150952c2a6c0]
[genoahost098:1620657] [13] /direct/sdcc+u/poare/Grid/build/examples/./Example_spec_kryschur[0x4147f5]
[genoahost098:1620657] *** End of error message ***
Example_spec_kryschur: ../../Grid/communicator/SharedMemoryMPI.cc:434: static void Grid::GlobalSharedMemory::OptimalCommunicatorSharedMemory(const Coordinate&, ompi_communicator_t*&, Grid::Coordinate&): Assertion `WorldSize==Nprocessors' failed.
[genoahost100:639186] *** Process received signal ***
[genoahost100:639186] Signal: Aborted (6)
[genoahost100:639186] Signal code:  (-6)
Example_spec_kryschur: ../../Grid/communicator/SharedMemoryMPI.cc:434: static void Grid::GlobalSharedMemory::OptimalCommunicatorSharedMemory(const Coordinate&, ompi_communicator_t*&, Grid::Coordinate&): Assertion `WorldSize==Nprocessors' failed.
[genoahost100:639182] *** Process received signal ***
[genoahost100:639182] Signal: Aborted (6)
[genoahost100:639182] Signal code:  (-6)
[genoahost100:639186] [ 0] /lib64/libc.so.6(+0x3fc30)[0x14ebcbc3fc30]
[genoahost100:639186] [ 1] /lib64/libc.so.6(+0x8d02c)[0x14ebcbc8d02c]
[genoahost100:639186] [ 2] /lib64/libc.so.6(raise+0x16)[0x14ebcbc3fb86]
[genoahost100:639186] [ 3] /lib64/libc.so.6(abort+0xd3)[0x14ebcbc29873]
[genoahost100:639186] [ 4] /lib64/libc.so.6(+0x2979b)[0x14ebcbc2979b]
[genoahost100:639186] [ 5] /lib64/libc.so.6(+0x388c6)[0x14ebcbc388c6]
[genoahost100:639186] [ 6] /direct/sdcc+u/poare/Grid/build/examples/./Example_spec_kryschur[0x4cc206]
[genoahost100:639186] [ 7] /direct/sdcc+u/poare/Grid/build/examples/./Example_spec_kryschur[0x4cc2f1]
[genoahost100:639186] [ 8] /direct/sdcc+u/poare/Grid/build/examples/./Example_spec_kryschur[0x4c7e95]
[genoahost100:639186] [ 9] /direct/sdcc+u/poare/Grid/build/examples/./Example_spec_kryschur[0x4b5f4f]
[genoahost100:639186] [10] /direct/sdcc+u/poare/Grid/build/examples/./Example_spec_kryschur[0x41180d]
[genoahost100:639186] [11] /lib64/libc.so.6(+0x2a610)[0x14ebcbc2a610]
[genoahost100:639186] [12] /lib64/libc.so.6(__libc_start_main+0x80)[0x14ebcbc2a6c0]
[genoahost100:639186] [13] /direct/sdcc+u/poare/Grid/build/examples/./Example_spec_kryschur[0x4147f5]
[genoahost100:639186] *** End of error message ***
[genoahost100:639182] [ 0] /lib64/libc.so.6(+0x3fc30)[0x151e8163fc30]
[genoahost100:639182] [ 1] /lib64/libc.so.6(+0x8d02c)[0x151e8168d02c]
[genoahost100:639182] [ 2] /lib64/libc.so.6(raise+0x16)[0x151e8163fb86]
[genoahost100:639182] [ 3] /lib64/libc.so.6(abort+0xd3)[0x151e81629873]
[genoahost100:639182] [ 4] /lib64/libc.so.6(+0x2979b)[0x151e8162979b]
[genoahost100:639182] [ 5] /lib64/libc.so.6(+0x388c6)[0x151e816388c6]
[genoahost100:639182] [ 6] /direct/sdcc+u/poare/Grid/build/examples/./Example_spec_kryschur[0x4cc206]
[genoahost100:639182] [ 7] /direct/sdcc+u/poare/Grid/build/examples/./Example_spec_kryschur[0x4cc2f1]
[genoahost100:639182] [ 8] /direct/sdcc+u/poare/Grid/build/examples/./Example_spec_kryschur[0x4c7e95]
[genoahost100:639182] [ 9] /direct/sdcc+u/poare/Grid/build/examples/./Example_spec_kryschur[0x4b5f4f]
[genoahost100:639182] [10] /direct/sdcc+u/poare/Grid/build/examples/./Example_spec_kryschur[0x41180d]
[genoahost100:639182] [11] /lib64/libc.so.6(+0x2a610)[0x151e8162a610]
[genoahost100:639182] [12] /lib64/libc.so.6(__libc_start_main+0x80)[0x151e8162a6c0]
[genoahost100:639182] [13] /direct/sdcc+u/poare/Grid/build/examples/./Example_spec_kryschur[0x4147f5]
[genoahost100:639182] *** End of error message ***
Example_spec_kryschur: ../../Grid/communicator/SharedMemoryMPI.cc:434: static void Grid::GlobalSharedMemory::OptimalCommunicatorSharedMemory(const Coordinate&, ompi_communicator_t*&, Grid::Coordinate&): Assertion `WorldSize==Nprocessors' failed.
[genoahost102:618468] *** Process received signal ***
[genoahost102:618468] Signal: Aborted (6)
[genoahost102:618468] Signal code:  (-6)
[genoahost102:618468] [ 0] /lib64/libc.so.6(+0x3fc30)[0x15282363fc30]
[genoahost102:618468] [ 1] /lib64/libc.so.6(+0x8d02c)[0x15282368d02c]
[genoahost102:618468] [ 2] /lib64/libc.so.6(raise+0x16)[0x15282363fb86]
[genoahost102:618468] [ 3] /lib64/libc.so.6(abort+0xd3)[0x152823629873]
[genoahost102:618468] [ 4] /lib64/libc.so.6(+0x2979b)[0x15282362979b]
[genoahost102:618468] [ 5] /lib64/libc.so.6(+0x388c6)[0x1528236388c6]
[genoahost102:618468] [ 6] /direct/sdcc+u/poare/Grid/build/examples/./Example_spec_kryschur[0x4cc206]
[genoahost102:618468] [ 7] /direct/sdcc+u/poare/Grid/build/examples/./Example_spec_kryschur[0x4cc2f1]
[genoahost102:618468] [ 8] /direct/sdcc+u/poare/Grid/build/examples/./Example_spec_kryschur[0x4c7e95]
[genoahost102:618468] [ 9] /direct/sdcc+u/poare/Grid/build/examples/./Example_spec_kryschur[0x4b5f4f]
[genoahost102:618468] [10] /direct/sdcc+u/poare/Grid/build/examples/./Example_spec_kryschur[0x41180d]
[genoahost102:618468] [11] /lib64/libc.so.6(+0x2a610)[0x15282362a610]
[genoahost102:618468] [12] /lib64/libc.so.6(__libc_start_main+0x80)[0x15282362a6c0]
[genoahost102:618468] [13] /direct/sdcc+u/poare/Grid/build/examples/./Example_spec_kryschur[0x4147f5]
[genoahost102:618468] *** End of error message ***
Example_spec_kryschur: ../../Grid/communicator/SharedMemoryMPI.cc:434: static void Grid::GlobalSharedMemory::OptimalCommunicatorSharedMemory(const Coordinate&, ompi_communicator_t*&, Grid::Coordinate&): Assertion `WorldSize==Nprocessors' failed.
[genoahost100:639184] *** Process received signal ***
[genoahost100:639184] Signal: Aborted (6)
[genoahost100:639184] Signal code:  (-6)
[genoahost100:639184] [ 0] /lib64/libc.so.6(+0x3fc30)[0x14980d03fc30]
[genoahost100:639184] [ 1] /lib64/libc.so.6(+0x8d02c)[0x14980d08d02c]
[genoahost100:639184] [ 2] /lib64/libc.so.6(raise+0x16)[0x14980d03fb86]
[genoahost100:639184] [ 3] /lib64/libc.so.6(abort+0xd3)[0x14980d029873]
[genoahost100:639184] [ 4] /lib64/libc.so.6(+0x2979b)[0x14980d02979b]
[genoahost100:639184] [ 5] /lib64/libc.so.6(+0x388c6)[0x14980d0388c6]
[genoahost100:639184] [ 6] /direct/sdcc+u/poare/Grid/build/examples/./Example_spec_kryschur[0x4cc206]
[genoahost100:639184] [ 7] /direct/sdcc+u/poare/Grid/build/examples/./Example_spec_kryschur[0x4cc2f1]
[genoahost100:639184] [ 8] /direct/sdcc+u/poare/Grid/build/examples/./Example_spec_kryschur[0x4c7e95]
[genoahost100:639184] [ 9] /direct/sdcc+u/poare/Grid/build/examples/./Example_spec_kryschur[0x4b5f4f]
[genoahost100:639184] [10] /direct/sdcc+u/poare/Grid/build/examples/./Example_spec_kryschur[0x41180d]
[genoahost100:639184] [11] /lib64/libc.so.6(+0x2a610)[0x14980d02a610]
[genoahost100:639184] [12] /lib64/libc.so.6(__libc_start_main+0x80)[0x14980d02a6c0]
[genoahost100:639184] [13] /direct/sdcc+u/poare/Grid/build/examples/./Example_spec_kryschur[0x4147f5]
[genoahost100:639184] *** End of error message ***
Example_spec_kryschur: ../../Grid/communicator/SharedMemoryMPI.cc:434: static void Grid::GlobalSharedMemory::OptimalCommunicatorSharedMemory(const Coordinate&, ompi_communicator_t*&, Grid::Coordinate&): Assertion `WorldSize==Nprocessors' failed.
[genoahost101:1138419] *** Process received signal ***
[genoahost101:1138419] Signal: Aborted (6)
[genoahost101:1138419] Signal code:  (-6)
[genoahost101:1138419] [ 0] /lib64/libc.so.6(+0x3fc30)[0x14c460c3fc30]
[genoahost101:1138419] [ 1] /lib64/libc.so.6(+0x8d02c)[0x14c460c8d02c]
[genoahost101:1138419] [ 2] /lib64/libc.so.6(raise+0x16)[0x14c460c3fb86]
[genoahost101:1138419] [ 3] /lib64/libc.so.6(abort+0xd3)[0x14c460c29873]
[genoahost101:1138419] [ 4] /lib64/libc.so.6(+0x2979b)[0x14c460c2979b]
[genoahost101:1138419] [ 5] /lib64/libc.so.6(+0x388c6)[0x14c460c388c6]
[genoahost101:1138419] [ 6] /direct/sdcc+u/poare/Grid/build/examples/./Example_spec_kryschur[0x4cc206]
[genoahost101:1138419] [ 7] /direct/sdcc+u/poare/Grid/build/examples/./Example_spec_kryschur[0x4cc2f1]
[genoahost101:1138419] [ 8] /direct/sdcc+u/poare/Grid/build/examples/./Example_spec_kryschur[0x4c7e95]
[genoahost101:1138419] [ 9] /direct/sdcc+u/poare/Grid/build/examples/./Example_spec_kryschur[0x4b5f4f]
[genoahost101:1138419] [10] /direct/sdcc+u/poare/Grid/build/examples/./Example_spec_kryschur[0x41180d]
[genoahost101:1138419] [11] /lib64/libc.so.6(+0x2a610)[0x14c460c2a610]
[genoahost101:1138419] [12] /lib64/libc.so.6(__libc_start_main+0x80)[0x14c460c2a6c0]
[genoahost101:1138419] [13] /direct/sdcc+u/poare/Grid/build/examples/./Example_spec_kryschur[0x4147f5]
[genoahost101:1138419] *** End of error message ***
Example_spec_kryschur: ../../Grid/communicator/SharedMemoryMPI.cc:434: static void Grid::GlobalSharedMemory::OptimalCommunicatorSharedMemory(const Coordinate&, ompi_communicator_t*&, Grid::Coordinate&): Assertion `WorldSize==Nprocessors' failed.
[genoahost102:618473] *** Process received signal ***
[genoahost102:618473] Signal: Aborted (6)
[genoahost102:618473] Signal code:  (-6)
[genoahost102:618473] [ 0] /lib64/libc.so.6(+0x3fc30)[0x14e5fcc3fc30]
[genoahost102:618473] [ 1] /lib64/libc.so.6(+0x8d02c)[0x14e5fcc8d02c]
[genoahost102:618473] [ 2] /lib64/libc.so.6(raise+0x16)[0x14e5fcc3fb86]
[genoahost102:618473] [ 3] /lib64/libc.so.6(abort+0xd3)[0x14e5fcc29873]
[genoahost102:618473] [ 4] /lib64/libc.so.6(+0x2979b)[0x14e5fcc2979b]
[genoahost102:618473] [ 5] /lib64/libc.so.6(+0x388c6)[0x14e5fcc388c6]
[genoahost102:618473] [ 6] /direct/sdcc+u/poare/Grid/build/examples/./Example_spec_kryschur[0x4cc206]
[genoahost102:618473] [ 7] /direct/sdcc+u/poare/Grid/build/examples/./Example_spec_kryschur[0x4cc2f1]
[genoahost102:618473] [ 8] /direct/sdcc+u/poare/Grid/build/examples/./Example_spec_kryschur[0x4c7e95]
[genoahost102:618473] [ 9] /direct/sdcc+u/poare/Grid/build/examples/./Example_spec_kryschur[0x4b5f4f]
[genoahost102:618473] [10] /direct/sdcc+u/poare/Grid/build/examples/./Example_spec_kryschur[0x41180d]
[genoahost102:618473] [11] /lib64/libc.so.6(+0x2a610)[0x14e5fcc2a610]
[genoahost102:618473] [12] /lib64/libc.so.6(__libc_start_main+0x80)[0x14e5fcc2a6c0]
[genoahost102:618473] [13] /direct/sdcc+u/poare/Grid/build/examples/./Example_spec_kryschur[0x4147f5]
[genoahost102:618473] *** End of error message ***
Example_spec_kryschur: ../../Grid/communicator/SharedMemoryMPI.cc:434: static void Grid::GlobalSharedMemory::OptimalCommunicatorSharedMemory(const Coordinate&, ompi_communicator_t*&, Grid::Coordinate&): Assertion `WorldSize==Nprocessors' failed.
[genoahost099:1600407] *** Process received signal ***
[genoahost099:1600407] Signal: Aborted (6)
[genoahost099:1600407] Signal code:  (-6)
[genoahost099:1600407] [ 0] /lib64/libc.so.6(+0x3fc30)[0x150136c3fc30]
[genoahost099:1600407] [ 1] /lib64/libc.so.6(+0x8d02c)[0x150136c8d02c]
[genoahost099:1600407] [ 2] /lib64/libc.so.6(raise+0x16)[0x150136c3fb86]
[genoahost099:1600407] [ 3] /lib64/libc.so.6(abort+0xd3)[0x150136c29873]
[genoahost099:1600407] [ 4] /lib64/libc.so.6(+0x2979b)[0x150136c2979b]
[genoahost099:1600407] [ 5] /lib64/libc.so.6(+0x388c6)[0x150136c388c6]
[genoahost099:1600407] [ 6] /direct/sdcc+u/poare/Grid/build/examples/./Example_spec_kryschur[0x4cc206]
[genoahost099:1600407] [ 7] /direct/sdcc+u/poare/Grid/build/examples/./Example_spec_kryschur[0x4cc2f1]
[genoahost099:1600407] [ 8] /direct/sdcc+u/poare/Grid/build/examples/./Example_spec_kryschur[0x4c7e95]
[genoahost099:1600407] [ 9] /direct/sdcc+u/poare/Grid/build/examples/./Example_spec_kryschur[0x4b5f4f]
[genoahost099:1600407] [10] /direct/sdcc+u/poare/Grid/build/examples/./Example_spec_kryschur[0x41180d]
[genoahost099:1600407] [11] /lib64/libc.so.6(+0x2a610)[0x150136c2a610]
[genoahost099:1600407] [12] /lib64/libc.so.6(__libc_start_main+0x80)[0x150136c2a6c0]
[genoahost099:1600407] [13] /direct/sdcc+u/poare/Grid/build/examples/./Example_spec_kryschur[0x4147f5]
[genoahost099:1600407] *** End of error message ***
Example_spec_kryschur: ../../Grid/communicator/SharedMemoryMPI.cc:434: static void Grid::GlobalSharedMemory::OptimalCommunicatorSharedMemory(const Coordinate&, ompi_communicator_t*&, Grid::Coordinate&): Assertion `WorldSize==Nprocessors' failed.
[genoahost098:1620665] *** Process received signal ***
[genoahost098:1620665] Signal: Aborted (6)
[genoahost098:1620665] Signal code:  (-6)
Example_spec_kryschur: ../../Grid/communicator/SharedMemoryMPI.cc:434: static void Grid::GlobalSharedMemory::OptimalCommunicatorSharedMemory(const Coordinate&, ompi_communicator_t*&, Grid::Coordinate&): Assertion `WorldSize==Nprocessors' failed.
[genoahost102:618470] *** Process received signal ***
[genoahost102:618470] Signal: Aborted (6)
[genoahost102:618470] Signal code:  (-6)
[genoahost098:1620665] [ 0] /lib64/libc.so.6(+0x3fc30)[0x14bf7723fc30]
[genoahost098:1620665] [ 1] /lib64/libc.so.6(+0x8d02c)[0x14bf7728d02c]
[genoahost102:618470] [ 0] /lib64/libc.so.6(+0x3fc30)[0x15130743fc30]
[genoahost102:618470] [ 1] /lib64/libc.so.6(+0x8d02c)[0x15130748d02c]
[genoahost102:618470] [ 2] /lib64/libc.so.6(raise+0x16)[0x15130743fb86]
[genoahost098:1620665] [ 2] /lib64/libc.so.6(raise+0x16)[0x14bf7723fb86]
[genoahost102:618470] [ 3] /lib64/libc.so.6(abort+0xd3)[0x151307429873]
[genoahost098:1620665] [ 3] /lib64/libc.so.6(abort+0xd3)[0x14bf77229873]
[genoahost102:618470] [ 4] /lib64/libc.so.6(+0x2979b)[0x15130742979b]
[genoahost098:1620665] [ 4] /lib64/libc.so.6(+0x2979b)[0x14bf7722979b]
[genoahost098:1620665] [ 5] /lib64/libc.so.6(+0x388c6)[0x14bf772388c6]
[genoahost102:618470] [ 5] /lib64/libc.so.6(+0x388c6)[0x1513074388c6]
[genoahost102:618470] [ 6] /direct/sdcc+u/poare/Grid/build/examples/./Example_spec_kryschur[0x4cc206]
[genoahost098:1620665] [ 6] /direct/sdcc+u/poare/Grid/build/examples/./Example_spec_kryschur[0x4cc206]
[genoahost098:1620665] [ 7] /direct/sdcc+u/poare/Grid/build/examples/./Example_spec_kryschur[0x4cc2f1]
[genoahost098:1620665] [ 8] /direct/sdcc+u/poare/Grid/build/examples/./Example_spec_kryschur[0x4c7e95]
[genoahost102:618470] [ 7] /direct/sdcc+u/poare/Grid/build/examples/./Example_spec_kryschur[0x4cc2f1]
[genoahost102:618470] [ 8] /direct/sdcc+u/poare/Grid/build/examples/./Example_spec_kryschur[0x4c7e95]
[genoahost098:1620665] [ 9] /direct/sdcc+u/poare/Grid/build/examples/./Example_spec_kryschur[0x4b5f4f]
[genoahost098:1620665] [10] /direct/sdcc+u/poare/Grid/build/examples/./Example_spec_kryschur[0x41180d]
[genoahost102:618470] [ 9] /direct/sdcc+u/poare/Grid/build/examples/./Example_spec_kryschur[0x4b5f4f]
[genoahost102:618470] [10] /direct/sdcc+u/poare/Grid/build/examples/./Example_spec_kryschur[0x41180d]
[genoahost098:1620665] [11] /lib64/libc.so.6(+0x2a610)[0x14bf7722a610]
[genoahost102:618470] [11] /lib64/libc.so.6(+0x2a610)[0x15130742a610]
[genoahost098:1620665] [12] /lib64/libc.so.6(__libc_start_main+0x80)[0x14bf7722a6c0]
[genoahost098:1620665] [13] /direct/sdcc+u/poare/Grid/build/examples/./Example_spec_kryschur[0x4147f5]
[genoahost098:1620665] *** End of error message ***
[genoahost102:618470] [12] /lib64/libc.so.6(__libc_start_main+0x80)[0x15130742a6c0]
[genoahost102:618470] [13] /direct/sdcc+u/poare/Grid/build/examples/./Example_spec_kryschur[0x4147f5]
[genoahost102:618470] *** End of error message ***
Example_spec_kryschur: ../../Grid/communicator/SharedMemoryMPI.cc:434: static void Grid::GlobalSharedMemory::OptimalCommunicatorSharedMemory(const Coordinate&, ompi_communicator_t*&, Grid::Coordinate&): Assertion `WorldSize==Nprocessors' failed.
[genoahost103:607937] *** Process received signal ***
[genoahost103:607937] Signal: Aborted (6)
[genoahost103:607937] Signal code:  (-6)
[genoahost103:607937] [ 0] /lib64/libc.so.6(+0x3fc30)[0x148c41e3fc30]
[genoahost103:607937] [ 1] /lib64/libc.so.6(+0x8d02c)[0x148c41e8d02c]
[genoahost103:607937] [ 2] /lib64/libc.so.6(raise+0x16)[0x148c41e3fb86]
[genoahost103:607937] [ 3] /lib64/libc.so.6(abort+0xd3)[0x148c41e29873]
[genoahost103:607937] [ 4] /lib64/libc.so.6(+0x2979b)[0x148c41e2979b]
Example_spec_kryschur: ../../Grid/communicator/SharedMemoryMPI.cc:434: static void Grid::GlobalSharedMemory::OptimalCommunicatorSharedMemory(const Coordinate&, ompi_communicator_t*&, Grid::Coordinate&): Assertion `WorldSize==Nprocessors' failed.
[genoahost103:607937] [ 5] /lib64/libc.so.6(+0x388c6)[0x148c41e388c6]
[genoahost103:607937] [ 6] /direct/sdcc+u/poare/Grid/build/examples/./Example_spec_kryschur[0x4cc206]
[genoahost099:1600398] *** Process received signal ***
[genoahost103:607937] [ 7] /direct/sdcc+u/poare/Grid/build/examples/./Example_spec_kryschur[0x4cc2f1]
[genoahost103:607937] [ 8] /direct/sdcc+u/poare/Grid/build/examples/./Example_spec_kryschur[0x4c7e95]
[genoahost099:1600398] Signal: Aborted (6)
[genoahost099:1600398] Signal code:  (-6)
[genoahost103:607937] [ 9] /direct/sdcc+u/poare/Grid/build/examples/./Example_spec_kryschur[0x4b5f4f]
[genoahost103:607937] [10] /direct/sdcc+u/poare/Grid/build/examples/./Example_spec_kryschur[0x41180d]
[genoahost103:607937] [11] /lib64/libc.so.6(+0x2a610)[0x148c41e2a610]
[genoahost103:607937] [12] /lib64/libc.so.6(__libc_start_main+0x80)[0x148c41e2a6c0]
[genoahost103:607937] [13] /direct/sdcc+u/poare/Grid/build/examples/./Example_spec_kryschur[0x4147f5]
[genoahost103:607937] *** End of error message ***
[genoahost099:1600398] [ 0] /lib64/libc.so.6(+0x3fc30)[0x153cdb63fc30]
Example_spec_kryschur: ../../Grid/communicator/SharedMemoryMPI.cc:434: static void Grid::GlobalSharedMemory::OptimalCommunicatorSharedMemory(const Coordinate&, ompi_communicator_t*&, Grid::Coordinate&): Assertion `WorldSize==Nprocessors' failed.
[genoahost099:1600398] [ 1] /lib64/libc.so.6(+0x8d02c)[0x153cdb68d02c]
[genoahost099:1600398] [ 2] /lib64/libc.so.6(raise+0x16)[0x153cdb63fb86]
[genoahost098:1620658] *** Process received signal ***
[genoahost099:1600398] [ 3] /lib64/libc.so.6(abort+0xd3)[0x153cdb629873]
[genoahost098:1620658] Signal: Aborted (6)
[genoahost098:1620658] Signal code:  (-6)
[genoahost099:1600398] [ 4] /lib64/libc.so.6(+0x2979b)[0x153cdb62979b]
[genoahost099:1600398] [ 5] /lib64/libc.so.6(+0x388c6)[0x153cdb6388c6]
[genoahost099:1600398] [ 6] /direct/sdcc+u/poare/Grid/build/examples/./Example_spec_kryschur[0x4cc206]
[genoahost099:1600398] [ 7] /direct/sdcc+u/poare/Grid/build/examples/./Example_spec_kryschur[0x4cc2f1]
[genoahost099:1600398] [ 8] /direct/sdcc+u/poare/Grid/build/examples/./Example_spec_kryschur[0x4c7e95]
[genoahost099:1600398] [ 9] /direct/sdcc+u/poare/Grid/build/examples/./Example_spec_kryschur[0x4b5f4f]
[genoahost099:1600398] [10] /direct/sdcc+u/poare/Grid/build/examples/./Example_spec_kryschur[0x41180d]
[genoahost099:1600398] [11] /lib64/libc.so.6(+0x2a610)[0x153cdb62a610]
[genoahost099:1600398] [12] /lib64/libc.so.6(__libc_start_main+0x80)[0x153cdb62a6c0]
[genoahost099:1600398] [13] /direct/sdcc+u/poare/Grid/build/examples/./Example_spec_kryschur[0x4147f5]
[genoahost099:1600398] *** End of error message ***
[genoahost098:1620658] [ 0] /lib64/libc.so.6(+0x3fc30)[0x14b4f103fc30]
[genoahost098:1620658] [ 1] /lib64/libc.so.6(+0x8d02c)[0x14b4f108d02c]
[genoahost098:1620658] [ 2] /lib64/libc.so.6(raise+0x16)[0x14b4f103fb86]
[genoahost098:1620658] [ 3] /lib64/libc.so.6(abort+0xd3)[0x14b4f1029873]
[genoahost098:1620658] [ 4] /lib64/libc.so.6(+0x2979b)[0x14b4f102979b]
[genoahost098:1620658] [ 5] /lib64/libc.so.6(+0x388c6)[0x14b4f10388c6]
[genoahost098:1620658] [ 6] /direct/sdcc+u/poare/Grid/build/examples/./Example_spec_kryschur[0x4cc206]
[genoahost098:1620658] [ 7] /direct/sdcc+u/poare/Grid/build/examples/./Example_spec_kryschur[0x4cc2f1]
[genoahost098:1620658] [ 8] /direct/sdcc+u/poare/Grid/build/examples/./Example_spec_kryschur[0x4c7e95]
[genoahost098:1620658] [ 9] /direct/sdcc+u/poare/Grid/build/examples/./Example_spec_kryschur[0x4b5f4f]
[genoahost098:1620658] [10] /direct/sdcc+u/poare/Grid/build/examples/./Example_spec_kryschur[0x41180d]
[genoahost098:1620658] [11] /lib64/libc.so.6(+0x2a610)[0x14b4f102a610]
[genoahost098:1620658] [12] /lib64/libc.so.6(__libc_start_main+0x80)[0x14b4f102a6c0]
[genoahost098:1620658] [13] /direct/sdcc+u/poare/Grid/build/examples/./Example_spec_kryschur[0x4147f5]
[genoahost098:1620658] *** End of error message ***
Example_spec_kryschur: ../../Grid/communicator/SharedMemoryMPI.cc:434: static void Grid::GlobalSharedMemory::OptimalCommunicatorSharedMemory(const Coordinate&, ompi_communicator_t*&, Grid::Coordinate&): Assertion `WorldSize==Nprocessors' failed.
[genoahost102:618460] *** Process received signal ***
[genoahost102:618460] Signal: Aborted (6)
[genoahost102:618460] Signal code:  (-6)
[genoahost102:618460] [ 0] /lib64/libc.so.6(+0x3fc30)[0x14cf7ac3fc30]
[genoahost102:618460] [ 1] /lib64/libc.so.6(+0x8d02c)[0x14cf7ac8d02c]
[genoahost102:618460] [ 2] /lib64/libc.so.6(raise+0x16)[0x14cf7ac3fb86]
[genoahost102:618460] [ 3] /lib64/libc.so.6(abort+0xd3)[0x14cf7ac29873]
[genoahost102:618460] [ 4] /lib64/libc.so.6(+0x2979b)[0x14cf7ac2979b]
[genoahost102:618460] [ 5] /lib64/libc.so.6(+0x388c6)[0x14cf7ac388c6]
[genoahost102:618460] [ 6] /direct/sdcc+u/poare/Grid/build/examples/./Example_spec_kryschur[0x4cc206]
[genoahost102:618460] [ 7] /direct/sdcc+u/poare/Grid/build/examples/./Example_spec_kryschur[0x4cc2f1]
[genoahost102:618460] [ 8] /direct/sdcc+u/poare/Grid/build/examples/./Example_spec_kryschur[0x4c7e95]
[genoahost102:618460] [ 9] /direct/sdcc+u/poare/Grid/build/examples/./Example_spec_kryschur[0x4b5f4f]
[genoahost102:618460] [10] /direct/sdcc+u/poare/Grid/build/examples/./Example_spec_kryschur[0x41180d]
[genoahost102:618460] [11] /lib64/libc.so.6(+0x2a610)[0x14cf7ac2a610]
[genoahost102:618460] [12] /lib64/libc.so.6(__libc_start_main+0x80)[0x14cf7ac2a6c0]
[genoahost102:618460] [13] /direct/sdcc+u/poare/Grid/build/examples/./Example_spec_kryschur[0x4147f5]
[genoahost102:618460] *** End of error message ***
Example_spec_kryschur: ../../Grid/communicator/SharedMemoryMPI.cc:434: static void Grid::GlobalSharedMemory::OptimalCommunicatorSharedMemory(const Coordinate&, ompi_communicator_t*&, Grid::Coordinate&): Assertion `WorldSize==Nprocessors' failed.
[genoahost098:1620659] *** Process received signal ***
[genoahost098:1620659] Signal: Aborted (6)
[genoahost098:1620659] Signal code:  (-6)
[genoahost098:1620659] [ 0] /lib64/libc.so.6(+0x3fc30)[0x153f1043fc30]
[genoahost098:1620659] [ 1] /lib64/libc.so.6(+0x8d02c)[0x153f1048d02c]
[genoahost098:1620659] [ 2] /lib64/libc.so.6(raise+0x16)[0x153f1043fb86]
[genoahost098:1620659] [ 3] /lib64/libc.so.6(abort+0xd3)[0x153f10429873]
[genoahost098:1620659] [ 4] /lib64/libc.so.6(+0x2979b)[0x153f1042979b]
[genoahost098:1620659] [ 5] /lib64/libc.so.6(+0x388c6)[0x153f104388c6]
[genoahost098:1620659] [ 6] /direct/sdcc+u/poare/Grid/build/examples/./Example_spec_kryschur[0x4cc206]
[genoahost098:1620659] [ 7] /direct/sdcc+u/poare/Grid/build/examples/./Example_spec_kryschur[0x4cc2f1]
[genoahost098:1620659] [ 8] /direct/sdcc+u/poare/Grid/build/examples/./Example_spec_kryschur[0x4c7e95]
[genoahost098:1620659] [ 9] /direct/sdcc+u/poare/Grid/build/examples/./Example_spec_kryschur[0x4b5f4f]
[genoahost098:1620659] [10] /direct/sdcc+u/poare/Grid/build/examples/./Example_spec_kryschur[0x41180d]
Example_spec_kryschur: ../../Grid/communicator/SharedMemoryMPI.cc:434: static void Grid::GlobalSharedMemory::OptimalCommunicatorSharedMemory(const Coordinate&, ompi_communicator_t*&, Grid::Coordinate&): Assertion `WorldSize==Nprocessors' failed.
[genoahost098:1620659] [11] /lib64/libc.so.6(+0x2a610)[0x153f1042a610]
[genoahost098:1620659] [12] /lib64/libc.so.6(__libc_start_main+0x80)[0x153f1042a6c0]
[genoahost098:1620659] [13] /direct/sdcc+u/poare/Grid/build/examples/./Example_spec_kryschur[0x4147f5]
[genoahost098:1620659] *** End of error message ***
[genoahost100:639188] *** Process received signal ***
[genoahost100:639188] Signal: Aborted (6)
[genoahost100:639188] Signal code:  (-6)
[genoahost100:639188] [ 0] /lib64/libc.so.6(+0x3fc30)[0x1528c603fc30]
[genoahost100:639188] [ 1] /lib64/libc.so.6(+0x8d02c)[0x1528c608d02c]
[genoahost100:639188] [ 2] /lib64/libc.so.6(raise+0x16)[0x1528c603fb86]
[genoahost100:639188] [ 3] /lib64/libc.so.6(abort+0xd3)[0x1528c6029873]
[genoahost100:639188] [ 4] /lib64/libc.so.6(+0x2979b)[0x1528c602979b]
[genoahost100:639188] [ 5] /lib64/libc.so.6(+0x388c6)[0x1528c60388c6]
[genoahost100:639188] [ 6] /direct/sdcc+u/poare/Grid/build/examples/./Example_spec_kryschur[0x4cc206]
[genoahost100:639188] [ 7] /direct/sdcc+u/poare/Grid/build/examples/./Example_spec_kryschur[0x4cc2f1]
[genoahost100:639188] [ 8] /direct/sdcc+u/poare/Grid/build/examples/./Example_spec_kryschur[0x4c7e95]
[genoahost100:639188] [ 9] /direct/sdcc+u/poare/Grid/build/examples/./Example_spec_kryschur[0x4b5f4f]
[genoahost100:639188] [10] /direct/sdcc+u/poare/Grid/build/examples/./Example_spec_kryschur[0x41180d]
[genoahost100:639188] [11] /lib64/libc.so.6(+0x2a610)[0x1528c602a610]
[genoahost100:639188] [12] /lib64/libc.so.6(__libc_start_main+0x80)[0x1528c602a6c0]
[genoahost100:639188] [13] /direct/sdcc+u/poare/Grid/build/examples/./Example_spec_kryschur[0x4147f5]
[genoahost100:639188] *** End of error message ***
Example_spec_kryschur: ../../Grid/communicator/SharedMemoryMPI.cc:434: static void Grid::GlobalSharedMemory::OptimalCommunicatorSharedMemory(const Coordinate&, ompi_communicator_t*&, Grid::Coordinate&): Assertion `WorldSize==Nprocessors' failed.
[genoahost098:1620653] *** Process received signal ***
[genoahost098:1620653] Signal: Aborted (6)
[genoahost098:1620653] Signal code:  (-6)
Example_spec_kryschur: ../../Grid/communicator/SharedMemoryMPI.cc:434: static void Grid::GlobalSharedMemory::OptimalCommunicatorSharedMemory(const Coordinate&, ompi_communicator_t*&, Grid::Coordinate&): Assertion `WorldSize==Nprocessors' failed.
[genoahost100:639191] *** Process received signal ***
[genoahost100:639191] Signal: Aborted (6)
[genoahost100:639191] Signal code:  (-6)
[genoahost098:1620653] [ 0] /lib64/libc.so.6(+0x3fc30)[0x14b8f2e3fc30]
[genoahost098:1620653] [ 1] /lib64/libc.so.6(+0x8d02c)[0x14b8f2e8d02c]
[genoahost098:1620653] [ 2] /lib64/libc.so.6(raise+0x16)[0x14b8f2e3fb86]
[genoahost098:1620653] [ 3] /lib64/libc.so.6(abort+0xd3)[0x14b8f2e29873]
[genoahost098:1620653] [ 4] /lib64/libc.so.6(+0x2979b)[0x14b8f2e2979b]
[genoahost100:639191] [ 0] /lib64/libc.so.6(+0x3fc30)[0x14a11903fc30]
[genoahost098:1620653] [ 5] /lib64/libc.so.6(+0x388c6)[0x14b8f2e388c6]
[genoahost098:1620653] [ 6] /direct/sdcc+u/poare/Grid/build/examples/./Example_spec_kryschur[0x4cc206]
[genoahost098:1620653] [ 7] /direct/sdcc+u/poare/Grid/build/examples/./Example_spec_kryschur[0x4cc2f1]
[genoahost100:639191] [ 1] /lib64/libc.so.6(+0x8d02c)[0x14a11908d02c]
[genoahost098:1620653] [ 8] /direct/sdcc+u/poare/Grid/build/examples/./Example_spec_kryschur[0x4c7e95]
[genoahost098:1620653] [ 9] /direct/sdcc+u/poare/Grid/build/examples/./Example_spec_kryschur[0x4b5f4f]
[genoahost098:1620653] [10] /direct/sdcc+u/poare/Grid/build/examples/./Example_spec_kryschur[0x41180d]
[genoahost100:639191] [ 2] /lib64/libc.so.6(raise+0x16)[0x14a11903fb86]
[genoahost098:1620653] [11] /lib64/libc.so.6(+0x2a610)[0x14b8f2e2a610]
[genoahost098:1620653] [12] /lib64/libc.so.6(__libc_start_main+0x80)[0x14b8f2e2a6c0]
[genoahost100:639191] [ 3] /lib64/libc.so.6(abort+0xd3)[0x14a119029873]
[genoahost098:1620653] [13] /direct/sdcc+u/poare/Grid/build/examples/./Example_spec_kryschur[0x4147f5]
[genoahost098:1620653] *** End of error message ***
[genoahost100:639191] [ 4] /lib64/libc.so.6(+0x2979b)[0x14a11902979b]
[genoahost100:639191] [ 5] /lib64/libc.so.6(+0x388c6)[0x14a1190388c6]
[genoahost100:639191] [ 6] /direct/sdcc+u/poare/Grid/build/examples/./Example_spec_kryschur[0x4cc206]
[genoahost100:639191] [ 7] /direct/sdcc+u/poare/Grid/build/examples/./Example_spec_kryschur[0x4cc2f1]
[genoahost100:639191] [ 8] /direct/sdcc+u/poare/Grid/build/examples/./Example_spec_kryschur[0x4c7e95]
[genoahost100:639191] [ 9] /direct/sdcc+u/poare/Grid/build/examples/./Example_spec_kryschur[0x4b5f4f]
[genoahost100:639191] [10] /direct/sdcc+u/poare/Grid/build/examples/./Example_spec_kryschur[0x41180d]
[genoahost100:639191] [11] /lib64/libc.so.6(+0x2a610)[0x14a11902a610]
[genoahost100:639191] [12] /lib64/libc.so.6(__libc_start_main+0x80)[0x14a11902a6c0]
[genoahost100:639191] [13] /direct/sdcc+u/poare/Grid/build/examples/./Example_spec_kryschur[0x4147f5]
[genoahost100:639191] *** End of error message ***
Example_spec_kryschur: ../../Grid/communicator/SharedMemoryMPI.cc:434: static void Grid::GlobalSharedMemory::OptimalCommunicatorSharedMemory(const Coordinate&, ompi_communicator_t*&, Grid::Coordinate&): Assertion `WorldSize==Nprocessors' failed.
[genoahost104:619361] *** Process received signal ***
[genoahost104:619361] Signal: Aborted (6)
[genoahost104:619361] Signal code:  (-6)
[genoahost104:619361] [ 0] /lib64/libc.so.6(+0x3fc30)[0x149a1623fc30]
[genoahost104:619361] [ 1] /lib64/libc.so.6(+0x8d02c)[0x149a1628d02c]
[genoahost104:619361] [ 2] /lib64/libc.so.6(raise+0x16)[0x149a1623fb86]
[genoahost104:619361] [ 3] /lib64/libc.so.6(abort+0xd3)[0x149a16229873]
[genoahost104:619361] [ 4] /lib64/libc.so.6(+0x2979b)[0x149a1622979b]
[genoahost104:619361] [ 5] /lib64/libc.so.6(+0x388c6)[0x149a162388c6]
[genoahost104:619361] [ 6] /direct/sdcc+u/poare/Grid/build/examples/./Example_spec_kryschur[0x4cc206]
[genoahost104:619361] [ 7] /direct/sdcc+u/poare/Grid/build/examples/./Example_spec_kryschur[0x4cc2f1]
[genoahost104:619361] [ 8] /direct/sdcc+u/poare/Grid/build/examples/./Example_spec_kryschur[0x4c7e95]
[genoahost104:619361] [ 9] /direct/sdcc+u/poare/Grid/build/examples/./Example_spec_kryschur[0x4b5f4f]
[genoahost104:619361] [10] /direct/sdcc+u/poare/Grid/build/examples/./Example_spec_kryschur[0x41180d]
[genoahost104:619361] [11] /lib64/libc.so.6(+0x2a610)[0x149a1622a610]
[genoahost104:619361] [12] /lib64/libc.so.6(__libc_start_main+0x80)[0x149a1622a6c0]
[genoahost104:619361] [13] /direct/sdcc+u/poare/Grid/build/examples/./Example_spec_kryschur[0x4147f5]
[genoahost104:619361] *** End of error message ***
Example_spec_kryschur: ../../Grid/communicator/SharedMemoryMPI.cc:434: static void Grid::GlobalSharedMemory::OptimalCommunicatorSharedMemory(const Coordinate&, ompi_communicator_t*&, Grid::Coordinate&): Assertion `WorldSize==Nprocessors' failed.
[genoahost100:639187] *** Process received signal ***
[genoahost100:639187] Signal: Aborted (6)
[genoahost100:639187] Signal code:  (-6)
[genoahost100:639187] [ 0] /lib64/libc.so.6(+0x3fc30)[0x148f4383fc30]
[genoahost100:639187] [ 1] /lib64/libc.so.6(+0x8d02c)[0x148f4388d02c]
[genoahost100:639187] [ 2] /lib64/libc.so.6(raise+0x16)[0x148f4383fb86]
[genoahost100:639187] [ 3] /lib64/libc.so.6(abort+0xd3)[0x148f43829873]
[genoahost100:639187] [ 4] /lib64/libc.so.6(+0x2979b)[0x148f4382979b]
[genoahost100:639187] [ 5] /lib64/libc.so.6(+0x388c6)[0x148f438388c6]
[genoahost100:639187] [ 6] /direct/sdcc+u/poare/Grid/build/examples/./Example_spec_kryschur[0x4cc206]
[genoahost100:639187] [ 7] /direct/sdcc+u/poare/Grid/build/examples/./Example_spec_kryschur[0x4cc2f1]
[genoahost100:639187] [ 8] /direct/sdcc+u/poare/Grid/build/examples/./Example_spec_kryschur[0x4c7e95]
[genoahost100:639187] [ 9] /direct/sdcc+u/poare/Grid/build/examples/./Example_spec_kryschur[0x4b5f4f]
[genoahost100:639187] [10] /direct/sdcc+u/poare/Grid/build/examples/./Example_spec_kryschur[0x41180d]
[genoahost100:639187] [11] /lib64/libc.so.6(+0x2a610)[0x148f4382a610]
[genoahost100:639187] [12] /lib64/libc.so.6(__libc_start_main+0x80)[0x148f4382a6c0]
[genoahost100:639187] [13] /direct/sdcc+u/poare/Grid/build/examples/./Example_spec_kryschur[0x4147f5]
[genoahost100:639187] *** End of error message ***
Example_spec_kryschur: ../../Grid/communicator/SharedMemoryMPI.cc:434: static void Grid::GlobalSharedMemory::OptimalCommunicatorSharedMemory(const Coordinate&, ompi_communicator_t*&, Grid::Coordinate&): Assertion `WorldSize==Nprocessors' failed.
[genoahost098:1620661] *** Process received signal ***
[genoahost098:1620661] Signal: Aborted (6)
[genoahost098:1620661] Signal code:  (-6)
Example_spec_kryschur: ../../Grid/communicator/SharedMemoryMPI.cc:434: static void Grid::GlobalSharedMemory::OptimalCommunicatorSharedMemory(const Coordinate&, ompi_communicator_t*&, Grid::Coordinate&): Assertion `WorldSize==Nprocessors' failed.
[genoahost104:619358] *** Process received signal ***
[genoahost104:619358] Signal: Aborted (6)
[genoahost104:619358] Signal code:  (-6)
[genoahost098:1620661] [ 0] /lib64/libc.so.6(+0x3fc30)[0x151d0343fc30]
[genoahost098:1620661] [ 1] /lib64/libc.so.6(+0x8d02c)[0x151d0348d02c]
[genoahost098:1620661] [ 2] /lib64/libc.so.6(raise+0x16)[0x151d0343fb86]
[genoahost098:1620661] [ 3] /lib64/libc.so.6(abort+0xd3)[0x151d03429873]
[genoahost098:1620661] [ 4] /lib64/libc.so.6(+0x2979b)[0x151d0342979b]
[genoahost098:1620661] [ 5] /lib64/libc.so.6(+0x388c6)[0x151d034388c6]
[genoahost098:1620661] [ 6] /direct/sdcc+u/poare/Grid/build/examples/./Example_spec_kryschur[0x4cc206]
[genoahost098:1620661] [ 7] /direct/sdcc+u/poare/Grid/build/examples/./Example_spec_kryschur[0x4cc2f1]
[genoahost098:1620661] [ 8] /direct/sdcc+u/poare/Grid/build/examples/./Example_spec_kryschur[0x4c7e95]
[genoahost098:1620661] [ 9] /direct/sdcc+u/poare/Grid/build/examples/./Example_spec_kryschur[0x4b5f4f]
[genoahost098:1620661] [10] /direct/sdcc+u/poare/Grid/build/examples/./Example_spec_kryschur[0x41180d]
[genoahost098:1620661] [11] /lib64/libc.so.6(+0x2a610)[0x151d0342a610]
[genoahost098:1620661] [12] /lib64/libc.so.6(__libc_start_main+0x80)[0x151d0342a6c0]
[genoahost104:619358] [ 0] /lib64/libc.so.6(+0x3fc30)[0x14f54183fc30]
[genoahost098:1620661] [13] /direct/sdcc+u/poare/Grid/build/examples/./Example_spec_kryschur[0x4147f5]
[genoahost098:1620661] *** End of error message ***
[genoahost104:619358] [ 1] /lib64/libc.so.6(+0x8d02c)[0x14f54188d02c]
[genoahost104:619358] [ 2] /lib64/libc.so.6(raise+0x16)[0x14f54183fb86]
[genoahost104:619358] [ 3] /lib64/libc.so.6(abort+0xd3)[0x14f541829873]
[genoahost104:619358] [ 4] /lib64/libc.so.6(+0x2979b)[0x14f54182979b]
[genoahost104:619358] [ 5] /lib64/libc.so.6(+0x388c6)[0x14f5418388c6]
[genoahost104:619358] [ 6] /direct/sdcc+u/poare/Grid/build/examples/./Example_spec_kryschur[0x4cc206]
[genoahost104:619358] [ 7] /direct/sdcc+u/poare/Grid/build/examples/./Example_spec_kryschur[0x4cc2f1]
[genoahost104:619358] [ 8] /direct/sdcc+u/poare/Grid/build/examples/./Example_spec_kryschur[0x4c7e95]
[genoahost104:619358] [ 9] /direct/sdcc+u/poare/Grid/build/examples/./Example_spec_kryschur[0x4b5f4f]
[genoahost104:619358] [10] /direct/sdcc+u/poare/Grid/build/examples/./Example_spec_kryschur[0x41180d]
[genoahost104:619358] [11] /lib64/libc.so.6(+0x2a610)[0x14f54182a610]
[genoahost104:619358] [12] /lib64/libc.so.6(__libc_start_main+0x80)[0x14f54182a6c0]
[genoahost104:619358] [13] /direct/sdcc+u/poare/Grid/build/examples/./Example_spec_kryschur[0x4147f5]
[genoahost104:619358] *** End of error message ***
Example_spec_kryschur: ../../Grid/communicator/SharedMemoryMPI.cc:434: static void Grid::GlobalSharedMemory::OptimalCommunicatorSharedMemory(const Coordinate&, ompi_communicator_t*&, Grid::Coordinate&): Assertion `WorldSize==Nprocessors' failed.
[genoahost098:1620664] *** Process received signal ***
[genoahost098:1620664] Signal: Aborted (6)
[genoahost098:1620664] Signal code:  (-6)
[genoahost098:1620664] [ 0] /lib64/libc.so.6(+0x3fc30)[0x145569c3fc30]
[genoahost098:1620664] [ 1] /lib64/libc.so.6(+0x8d02c)[0x145569c8d02c]
[genoahost098:1620664] [ 2] /lib64/libc.so.6(raise+0x16)[0x145569c3fb86]
[genoahost098:1620664] [ 3] /lib64/libc.so.6(abort+0xd3)[0x145569c29873]
[genoahost098:1620664] [ 4] /lib64/libc.so.6(+0x2979b)[0x145569c2979b]
[genoahost098:1620664] [ 5] /lib64/libc.so.6(+0x388c6)[0x145569c388c6]
[genoahost098:1620664] [ 6] /direct/sdcc+u/poare/Grid/build/examples/./Example_spec_kryschur[0x4cc206]
[genoahost098:1620664] [ 7] /direct/sdcc+u/poare/Grid/build/examples/./Example_spec_kryschur[0x4cc2f1]
[genoahost098:1620664] [ 8] /direct/sdcc+u/poare/Grid/build/examples/./Example_spec_kryschur[0x4c7e95]
[genoahost098:1620664] [ 9] /direct/sdcc+u/poare/Grid/build/examples/./Example_spec_kryschur[0x4b5f4f]
[genoahost098:1620664] [10] /direct/sdcc+u/poare/Grid/build/examples/./Example_spec_kryschur[0x41180d]
[genoahost098:1620664] [11] /lib64/libc.so.6(+0x2a610)[0x145569c2a610]
[genoahost098:1620664] [12] /lib64/libc.so.6(__libc_start_main+0x80)[0x145569c2a6c0]
[genoahost098:1620664] [13] /direct/sdcc+u/poare/Grid/build/examples/./Example_spec_kryschur[0x4147f5]
[genoahost098:1620664] *** End of error message ***
Example_spec_kryschur: ../../Grid/communicator/SharedMemoryMPI.cc:434: static void Grid::GlobalSharedMemory::OptimalCommunicatorSharedMemory(const Coordinate&, ompi_communicator_t*&, Grid::Coordinate&): Assertion `WorldSize==Nprocessors' failed.
[genoahost098:1620663] *** Process received signal ***
[genoahost098:1620663] Signal: Aborted (6)
[genoahost098:1620663] Signal code:  (-6)
[genoahost098:1620663] [ 0] /lib64/libc.so.6(+0x3fc30)[0x15157583fc30]
[genoahost098:1620663] [ 1] /lib64/libc.so.6(+0x8d02c)[0x15157588d02c]
[genoahost098:1620663] [ 2] /lib64/libc.so.6(raise+0x16)[0x15157583fb86]
[genoahost098:1620663] [ 3] /lib64/libc.so.6(abort+0xd3)[0x151575829873]
[genoahost098:1620663] [ 4] /lib64/libc.so.6(+0x2979b)[0x15157582979b]
[genoahost098:1620663] [ 5] /lib64/libc.so.6(+0x388c6)[0x1515758388c6]
[genoahost098:1620663] [ 6] /direct/sdcc+u/poare/Grid/build/examples/./Example_spec_kryschur[0x4cc206]
[genoahost098:1620663] [ 7] /direct/sdcc+u/poare/Grid/build/examples/./Example_spec_kryschur[0x4cc2f1]
[genoahost098:1620663] [ 8] /direct/sdcc+u/poare/Grid/build/examples/./Example_spec_kryschur[0x4c7e95]
[genoahost098:1620663] [ 9] /direct/sdcc+u/poare/Grid/build/examples/./Example_spec_kryschur[0x4b5f4f]
[genoahost098:1620663] [10] /direct/sdcc+u/poare/Grid/build/examples/./Example_spec_kryschur[0x41180d]
[genoahost098:1620663] [11] /lib64/libc.so.6(+0x2a610)[0x15157582a610]
[genoahost098:1620663] [12] /lib64/libc.so.6(__libc_start_main+0x80)[0x15157582a6c0]
[genoahost098:1620663] [13] /direct/sdcc+u/poare/Grid/build/examples/./Example_spec_kryschur[0x4147f5]
[genoahost098:1620663] *** End of error message ***
Example_spec_kryschur: ../../Grid/communicator/SharedMemoryMPI.cc:434: static void Grid::GlobalSharedMemory::OptimalCommunicatorSharedMemory(const Coordinate&, ompi_communicator_t*&, Grid::Coordinate&): Assertion `WorldSize==Nprocessors' failed.
[genoahost101:1138424] *** Process received signal ***
[genoahost101:1138424] Signal: Aborted (6)
[genoahost101:1138424] Signal code:  (-6)
[genoahost101:1138424] [ 0] /lib64/libc.so.6(+0x3fc30)[0x14b22563fc30]
[genoahost101:1138424] [ 1] /lib64/libc.so.6(+0x8d02c)[0x14b22568d02c]
[genoahost101:1138424] [ 2] /lib64/libc.so.6(raise+0x16)[0x14b22563fb86]
[genoahost101:1138424] [ 3] /lib64/libc.so.6(abort+0xd3)[0x14b225629873]
[genoahost101:1138424] [ 4] /lib64/libc.so.6(+0x2979b)[0x14b22562979b]
[genoahost101:1138424] [ 5] /lib64/libc.so.6(+0x388c6)[0x14b2256388c6]
[genoahost101:1138424] [ 6] /direct/sdcc+u/poare/Grid/build/examples/./Example_spec_kryschur[0x4cc206]
[genoahost101:1138424] [ 7] /direct/sdcc+u/poare/Grid/build/examples/./Example_spec_kryschur[0x4cc2f1]
[genoahost101:1138424] [ 8] /direct/sdcc+u/poare/Grid/build/examples/./Example_spec_kryschur[0x4c7e95]
[genoahost101:1138424] [ 9] /direct/sdcc+u/poare/Grid/build/examples/./Example_spec_kryschur[0x4b5f4f]
[genoahost101:1138424] [10] /direct/sdcc+u/poare/Grid/build/examples/./Example_spec_kryschur[0x41180d]
[genoahost101:1138424] [11] /lib64/libc.so.6(+0x2a610)[0x14b22562a610]
[genoahost101:1138424] [12] /lib64/libc.so.6(__libc_start_main+0x80)[0x14b22562a6c0]
[genoahost101:1138424] [13] /direct/sdcc+u/poare/Grid/build/examples/./Example_spec_kryschur[0x4147f5]
[genoahost101:1138424] *** End of error message ***
Example_spec_kryschur: ../../Grid/communicator/SharedMemoryMPI.cc:434: static void Grid::GlobalSharedMemory::OptimalCommunicatorSharedMemory(const Coordinate&, ompi_communicator_t*&, Grid::Coordinate&): Assertion `WorldSize==Nprocessors' failed.
[genoahost098:1620655] *** Process received signal ***
[genoahost098:1620655] Signal: Aborted (6)
[genoahost098:1620655] Signal code:  (-6)
[genoahost098:1620655] [ 0] /lib64/libc.so.6(+0x3fc30)[0x14793fa3fc30]
[genoahost098:1620655] [ 1] /lib64/libc.so.6(+0x8d02c)[0x14793fa8d02c]
[genoahost098:1620655] [ 2] /lib64/libc.so.6(raise+0x16)[0x14793fa3fb86]
[genoahost098:1620655] [ 3] /lib64/libc.so.6(abort+0xd3)[0x14793fa29873]
[genoahost098:1620655] [ 4] /lib64/libc.so.6(+0x2979b)[0x14793fa2979b]
[genoahost098:1620655] [ 5] /lib64/libc.so.6(+0x388c6)[0x14793fa388c6]
[genoahost098:1620655] [ 6] /direct/sdcc+u/poare/Grid/build/examples/./Example_spec_kryschur[0x4cc206]
[genoahost098:1620655] [ 7] /direct/sdcc+u/poare/Grid/build/examples/./Example_spec_kryschur[0x4cc2f1]
[genoahost098:1620655] [ 8] /direct/sdcc+u/poare/Grid/build/examples/./Example_spec_kryschur[0x4c7e95]
[genoahost098:1620655] [ 9] /direct/sdcc+u/poare/Grid/build/examples/./Example_spec_kryschur[0x4b5f4f]
[genoahost098:1620655] [10] /direct/sdcc+u/poare/Grid/build/examples/./Example_spec_kryschur[0x41180d]
[genoahost098:1620655] [11] /lib64/libc.so.6(+0x2a610)[0x14793fa2a610]
[genoahost098:1620655] [12] /lib64/libc.so.6(__libc_start_main+0x80)[0x14793fa2a6c0]
[genoahost098:1620655] [13] /direct/sdcc+u/poare/Grid/build/examples/./Example_spec_kryschur[0x4147f5]
[genoahost098:1620655] *** End of error message ***
Example_spec_kryschur: ../../Grid/communicator/SharedMemoryMPI.cc:434: static void Grid::GlobalSharedMemory::OptimalCommunicatorSharedMemory(const Coordinate&, ompi_communicator_t*&, Grid::Coordinate&): Assertion `WorldSize==Nprocessors' failed.
[genoahost100:639192] *** Process received signal ***
[genoahost100:639192] Signal: Aborted (6)
[genoahost100:639192] Signal code:  (-6)
[genoahost100:639192] [ 0] /lib64/libc.so.6(+0x3fc30)[0x154fde23fc30]
[genoahost100:639192] [ 1] /lib64/libc.so.6(+0x8d02c)[0x154fde28d02c]
[genoahost100:639192] [ 2] /lib64/libc.so.6(raise+0x16)[0x154fde23fb86]
[genoahost100:639192] [ 3] /lib64/libc.so.6(abort+0xd3)[0x154fde229873]
[genoahost100:639192] [ 4] /lib64/libc.so.6(+0x2979b)[0x154fde22979b]
[genoahost100:639192] [ 5] /lib64/libc.so.6(+0x388c6)[0x154fde2388c6]
[genoahost100:639192] [ 6] /direct/sdcc+u/poare/Grid/build/examples/./Example_spec_kryschur[0x4cc206]
[genoahost100:639192] [ 7] /direct/sdcc+u/poare/Grid/build/examples/./Example_spec_kryschur[0x4cc2f1]
[genoahost100:639192] [ 8] /direct/sdcc+u/poare/Grid/build/examples/./Example_spec_kryschur[0x4c7e95]
[genoahost100:639192] [ 9] /direct/sdcc+u/poare/Grid/build/examples/./Example_spec_kryschur[0x4b5f4f]
[genoahost100:639192] [10] /direct/sdcc+u/poare/Grid/build/examples/./Example_spec_kryschur[0x41180d]
[genoahost100:639192] [11] /lib64/libc.so.6(+0x2a610)[0x154fde22a610]
[genoahost100:639192] [12] /lib64/libc.so.6(__libc_start_main+0x80)[0x154fde22a6c0]
[genoahost100:639192] [13] /direct/sdcc+u/poare/Grid/build/examples/./Example_spec_kryschur[0x4147f5]
[genoahost100:639192] *** End of error message ***
Example_spec_kryschur: ../../Grid/communicator/SharedMemoryMPI.cc:434: static void Grid::GlobalSharedMemory::OptimalCommunicatorSharedMemory(const Coordinate&, ompi_communicator_t*&, Grid::Coordinate&): Assertion `WorldSize==Nprocessors' failed.
[genoahost097:1721378] *** Process received signal ***
[genoahost097:1721378] Signal: Aborted (6)
[genoahost097:1721378] Signal code:  (-6)
[genoahost097:1721378] [ 0] /lib64/libc.so.6(+0x3fc30)[0x153e5f23fc30]
[genoahost097:1721378] [ 1] /lib64/libc.so.6(+0x8d02c)[0x153e5f28d02c]
[genoahost097:1721378] [ 2] /lib64/libc.so.6(raise+0x16)[0x153e5f23fb86]
[genoahost097:1721378] [ 3] /lib64/libc.so.6(abort+0xd3)[0x153e5f229873]
[genoahost097:1721378] [ 4] /lib64/libc.so.6(+0x2979b)[0x153e5f22979b]
[genoahost097:1721378] [ 5] /lib64/libc.so.6(+0x388c6)[0x153e5f2388c6]
[genoahost097:1721378] [ 6] /direct/sdcc+u/poare/Grid/build/examples/./Example_spec_kryschur[0x4cc206]
[genoahost097:1721378] [ 7] /direct/sdcc+u/poare/Grid/build/examples/./Example_spec_kryschur[0x4cc2f1]
[genoahost097:1721378] [ 8] /direct/sdcc+u/poare/Grid/build/examples/./Example_spec_kryschur[0x4c7e95]
[genoahost097:1721378] [ 9] /direct/sdcc+u/poare/Grid/build/examples/./Example_spec_kryschur[0x4b5f4f]
[genoahost097:1721378] [10] /direct/sdcc+u/poare/Grid/build/examples/./Example_spec_kryschur[0x41180d]
[genoahost097:1721378] [11] /lib64/libc.so.6(+0x2a610)[0x153e5f22a610]
[genoahost097:1721378] [12] /lib64/libc.so.6(__libc_start_main+0x80)[0x153e5f22a6c0]
[genoahost097:1721378] [13] /direct/sdcc+u/poare/Grid/build/examples/./Example_spec_kryschur[0x4147f5]
[genoahost097:1721378] *** End of error message ***
Example_spec_kryschur: ../../Grid/communicator/SharedMemoryMPI.cc:434: static void Grid::GlobalSharedMemory::OptimalCommunicatorSharedMemory(const Coordinate&, ompi_communicator_t*&, Grid::Coordinate&): Assertion `WorldSize==Nprocessors' failed.
[genoahost102:618462] *** Process received signal ***
[genoahost102:618462] Signal: Aborted (6)
[genoahost102:618462] Signal code:  (-6)
[genoahost102:618462] [ 0] /lib64/libc.so.6(+0x3fc30)[0x153e2303fc30]
[genoahost102:618462] [ 1] /lib64/libc.so.6(+0x8d02c)[0x153e2308d02c]
[genoahost102:618462] [ 2] /lib64/libc.so.6(raise+0x16)[0x153e2303fb86]
[genoahost102:618462] [ 3] /lib64/libc.so.6(abort+0xd3)[0x153e23029873]
[genoahost102:618462] [ 4] /lib64/libc.so.6(+0x2979b)[0x153e2302979b]
[genoahost102:618462] [ 5] /lib64/libc.so.6(+0x388c6)[0x153e230388c6]
[genoahost102:618462] [ 6] /direct/sdcc+u/poare/Grid/build/examples/./Example_spec_kryschur[0x4cc206]
[genoahost102:618462] [ 7] /direct/sdcc+u/poare/Grid/build/examples/./Example_spec_kryschur[0x4cc2f1]
[genoahost102:618462] [ 8] /direct/sdcc+u/poare/Grid/build/examples/./Example_spec_kryschur[0x4c7e95]
[genoahost102:618462] [ 9] /direct/sdcc+u/poare/Grid/build/examples/./Example_spec_kryschur[0x4b5f4f]
[genoahost102:618462] [10] /direct/sdcc+u/poare/Grid/build/examples/./Example_spec_kryschur[0x41180d]
[genoahost102:618462] [11] /lib64/libc.so.6(+0x2a610)[0x153e2302a610]
[genoahost102:618462] [12] /lib64/libc.so.6(__libc_start_main+0x80)[0x153e2302a6c0]
[genoahost102:618462] [13] /direct/sdcc+u/poare/Grid/build/examples/./Example_spec_kryschur[0x4147f5]
[genoahost102:618462] *** End of error message ***
Example_spec_kryschur: ../../Grid/communicator/SharedMemoryMPI.cc:434: static void Grid::GlobalSharedMemory::OptimalCommunicatorSharedMemory(const Coordinate&, ompi_communicator_t*&, Grid::Coordinate&): Assertion `WorldSize==Nprocessors' failed.
[genoahost104:619357] *** Process received signal ***
[genoahost104:619357] Signal: Aborted (6)
[genoahost104:619357] Signal code:  (-6)
[genoahost104:619357] [ 0] /lib64/libc.so.6(+0x3fc30)[0x145ba4a3fc30]
[genoahost104:619357] [ 1] /lib64/libc.so.6(+0x8d02c)[0x145ba4a8d02c]
[genoahost104:619357] [ 2] /lib64/libc.so.6(raise+0x16)[0x145ba4a3fb86]
[genoahost104:619357] [ 3] /lib64/libc.so.6(abort+0xd3)[0x145ba4a29873]
[genoahost104:619357] [ 4] /lib64/libc.so.6(+0x2979b)[0x145ba4a2979b]
[genoahost104:619357] [ 5] /lib64/libc.so.6(+0x388c6)[0x145ba4a388c6]
[genoahost104:619357] [ 6] /direct/sdcc+u/poare/Grid/build/examples/./Example_spec_kryschur[0x4cc206]
[genoahost104:619357] [ 7] /direct/sdcc+u/poare/Grid/build/examples/./Example_spec_kryschur[0x4cc2f1]
[genoahost104:619357] [ 8] /direct/sdcc+u/poare/Grid/build/examples/./Example_spec_kryschur[0x4c7e95]
[genoahost104:619357] [ 9] /direct/sdcc+u/poare/Grid/build/examples/./Example_spec_kryschur[0x4b5f4f]
[genoahost104:619357] [10] /direct/sdcc+u/poare/Grid/build/examples/./Example_spec_kryschur[0x41180d]
[genoahost104:619357] [11] /lib64/libc.so.6(+0x2a610)[0x145ba4a2a610]
[genoahost104:619357] [12] /lib64/libc.so.6(__libc_start_main+0x80)[0x145ba4a2a6c0]
[genoahost104:619357] [13] /direct/sdcc+u/poare/Grid/build/examples/./Example_spec_kryschur[0x4147f5]
[genoahost104:619357] *** End of error message ***
Example_spec_kryschur: ../../Grid/communicator/SharedMemoryMPI.cc:434: static void Grid::GlobalSharedMemory::OptimalCommunicatorSharedMemory(const Coordinate&, ompi_communicator_t*&, Grid::Coordinate&): Assertion `WorldSize==Nprocessors' failed.
[genoahost098:1620654] *** Process received signal ***
[genoahost098:1620654] Signal: Aborted (6)
[genoahost098:1620654] Signal code:  (-6)
[genoahost098:1620654] [ 0] /lib64/libc.so.6(+0x3fc30)[0x15334963fc30]
[genoahost098:1620654] [ 1] /lib64/libc.so.6(+0x8d02c)[0x15334968d02c]
[genoahost098:1620654] [ 2] /lib64/libc.so.6(raise+0x16)[0x15334963fb86]
[genoahost098:1620654] [ 3] /lib64/libc.so.6(abort+0xd3)[0x153349629873]
[genoahost098:1620654] [ 4] /lib64/libc.so.6(+0x2979b)[0x15334962979b]
[genoahost098:1620654] [ 5] /lib64/libc.so.6(+0x388c6)[0x1533496388c6]
[genoahost098:1620654] [ 6] /direct/sdcc+u/poare/Grid/build/examples/./Example_spec_kryschur[0x4cc206]
[genoahost098:1620654] [ 7] /direct/sdcc+u/poare/Grid/build/examples/./Example_spec_kryschur[0x4cc2f1]
[genoahost098:1620654] [ 8] /direct/sdcc+u/poare/Grid/build/examples/./Example_spec_kryschur[0x4c7e95]
[genoahost098:1620654] [ 9] /direct/sdcc+u/poare/Grid/build/examples/./Example_spec_kryschur[0x4b5f4f]
[genoahost098:1620654] [10] /direct/sdcc+u/poare/Grid/build/examples/./Example_spec_kryschur[0x41180d]
[genoahost098:1620654] [11] /lib64/libc.so.6(+0x2a610)[0x15334962a610]
[genoahost098:1620654] [12] /lib64/libc.so.6(__libc_start_main+0x80)[0x15334962a6c0]
[genoahost098:1620654] [13] /direct/sdcc+u/poare/Grid/build/examples/./Example_spec_kryschur[0x4147f5]
[genoahost098:1620654] *** End of error message ***
Example_spec_kryschur: ../../Grid/communicator/SharedMemoryMPI.cc:434: static void Grid::GlobalSharedMemory::OptimalCommunicatorSharedMemory(const Coordinate&, ompi_communicator_t*&, Grid::Coordinate&): Assertion `WorldSize==Nprocessors' failed.
[genoahost103:607943] *** Process received signal ***
[genoahost103:607943] Signal: Aborted (6)
[genoahost103:607943] Signal code:  (-6)
[genoahost103:607943] [ 0] /lib64/libc.so.6(+0x3fc30)[0x1514f363fc30]
[genoahost103:607943] [ 1] /lib64/libc.so.6(+0x8d02c)[0x1514f368d02c]
[genoahost103:607943] [ 2] /lib64/libc.so.6(raise+0x16)[0x1514f363fb86]
[genoahost103:607943] [ 3] /lib64/libc.so.6(abort+0xd3)[0x1514f3629873]
[genoahost103:607943] [ 4] /lib64/libc.so.6(+0x2979b)[0x1514f362979b]
[genoahost103:607943] [ 5] /lib64/libc.so.6(+0x388c6)[0x1514f36388c6]
[genoahost103:607943] [ 6] /direct/sdcc+u/poare/Grid/build/examples/./Example_spec_kryschur[0x4cc206]
[genoahost103:607943] [ 7] /direct/sdcc+u/poare/Grid/build/examples/./Example_spec_kryschur[0x4cc2f1]
[genoahost103:607943] [ 8] /direct/sdcc+u/poare/Grid/build/examples/./Example_spec_kryschur[0x4c7e95]
[genoahost103:607943] [ 9] /direct/sdcc+u/poare/Grid/build/examples/./Example_spec_kryschur[0x4b5f4f]
[genoahost103:607943] [10] /direct/sdcc+u/poare/Grid/build/examples/./Example_spec_kryschur[0x41180d]
[genoahost103:607943] [11] /lib64/libc.so.6(+0x2a610)[0x1514f362a610]
[genoahost103:607943] [12] /lib64/libc.so.6(__libc_start_main+0x80)[0x1514f362a6c0]
[genoahost103:607943] [13] /direct/sdcc+u/poare/Grid/build/examples/./Example_spec_kryschur[0x4147f5]
[genoahost103:607943] *** End of error message ***
Example_spec_kryschur: ../../Grid/communicator/SharedMemoryMPI.cc:434: static void Grid::GlobalSharedMemory::OptimalCommunicatorSharedMemory(const Coordinate&, ompi_communicator_t*&, Grid::Coordinate&): Assertion `WorldSize==Nprocessors' failed.
[genoahost103:607939] *** Process received signal ***
[genoahost103:607939] Signal: Aborted (6)
[genoahost103:607939] Signal code:  (-6)
[genoahost103:607939] [ 0] /lib64/libc.so.6(+0x3fc30)[0x1471a5e3fc30]
[genoahost103:607939] [ 1] /lib64/libc.so.6(+0x8d02c)[0x1471a5e8d02c]
[genoahost103:607939] [ 2] /lib64/libc.so.6(raise+0x16)[0x1471a5e3fb86]
[genoahost103:607939] [ 3] /lib64/libc.so.6(abort+0xd3)[0x1471a5e29873]
[genoahost103:607939] [ 4] /lib64/libc.so.6(+0x2979b)[0x1471a5e2979b]
[genoahost103:607939] [ 5] /lib64/libc.so.6(+0x388c6)[0x1471a5e388c6]
[genoahost103:607939] [ 6] /direct/sdcc+u/poare/Grid/build/examples/./Example_spec_kryschur[0x4cc206]
[genoahost103:607939] [ 7] /direct/sdcc+u/poare/Grid/build/examples/./Example_spec_kryschur[0x4cc2f1]
[genoahost103:607939] [ 8] /direct/sdcc+u/poare/Grid/build/examples/./Example_spec_kryschur[0x4c7e95]
[genoahost103:607939] [ 9] /direct/sdcc+u/poare/Grid/build/examples/./Example_spec_kryschur[0x4b5f4f]
[genoahost103:607939] [10] /direct/sdcc+u/poare/Grid/build/examples/./Example_spec_kryschur[0x41180d]
[genoahost103:607939] [11] /lib64/libc.so.6(+0x2a610)[0x1471a5e2a610]
[genoahost103:607939] [12] /lib64/libc.so.6(__libc_start_main+0x80)[0x1471a5e2a6c0]
[genoahost103:607939] [13] /direct/sdcc+u/poare/Grid/build/examples/./Example_spec_kryschur[0x4147f5]
[genoahost103:607939] *** End of error message ***
Example_spec_kryschur: ../../Grid/communicator/SharedMemoryMPI.cc:434: static void Grid::GlobalSharedMemory::OptimalCommunicatorSharedMemory(const Coordinate&, ompi_communicator_t*&, Grid::Coordinate&): Assertion `WorldSize==Nprocessors' failed.
[genoahost103:607946] *** Process received signal ***
[genoahost103:607946] Signal: Aborted (6)
[genoahost103:607946] Signal code:  (-6)
[genoahost103:607946] [ 0] /lib64/libc.so.6(+0x3fc30)[0x146ed963fc30]
[genoahost103:607946] [ 1] /lib64/libc.so.6(+0x8d02c)[0x146ed968d02c]
[genoahost103:607946] [ 2] /lib64/libc.so.6(raise+0x16)[0x146ed963fb86]
[genoahost103:607946] [ 3] /lib64/libc.so.6(abort+0xd3)[0x146ed9629873]
[genoahost103:607946] [ 4] /lib64/libc.so.6(+0x2979b)[0x146ed962979b]
[genoahost103:607946] [ 5] /lib64/libc.so.6(+0x388c6)[0x146ed96388c6]
[genoahost103:607946] [ 6] /direct/sdcc+u/poare/Grid/build/examples/./Example_spec_kryschur[0x4cc206]
[genoahost103:607946] [ 7] /direct/sdcc+u/poare/Grid/build/examples/./Example_spec_kryschur[0x4cc2f1]
[genoahost103:607946] [ 8] /direct/sdcc+u/poare/Grid/build/examples/./Example_spec_kryschur[0x4c7e95]
[genoahost103:607946] [ 9] /direct/sdcc+u/poare/Grid/build/examples/./Example_spec_kryschur[0x4b5f4f]
[genoahost103:607946] [10] /direct/sdcc+u/poare/Grid/build/examples/./Example_spec_kryschur[0x41180d]
[genoahost103:607946] [11] /lib64/libc.so.6(+0x2a610)[0x146ed962a610]
[genoahost103:607946] [12] /lib64/libc.so.6(__libc_start_main+0x80)[0x146ed962a6c0]
[genoahost103:607946] [13] /direct/sdcc+u/poare/Grid/build/examples/./Example_spec_kryschur[0x4147f5]
[genoahost103:607946] *** End of error message ***
Example_spec_kryschur: ../../Grid/communicator/SharedMemoryMPI.cc:434: static void Grid::GlobalSharedMemory::OptimalCommunicatorSharedMemory(const Coordinate&, ompi_communicator_t*&, Grid::Coordinate&): Assertion `WorldSize==Nprocessors' failed.
[genoahost103:607941] *** Process received signal ***
[genoahost103:607941] Signal: Aborted (6)
[genoahost103:607941] Signal code:  (-6)
[genoahost103:607941] [ 0] /lib64/libc.so.6(+0x3fc30)[0x15005b63fc30]
[genoahost103:607941] [ 1] /lib64/libc.so.6(+0x8d02c)[0x15005b68d02c]
[genoahost103:607941] [ 2] /lib64/libc.so.6(raise+0x16)[0x15005b63fb86]
[genoahost103:607941] [ 3] /lib64/libc.so.6(abort+0xd3)[0x15005b629873]
[genoahost103:607941] [ 4] /lib64/libc.so.6(+0x2979b)[0x15005b62979b]
[genoahost103:607941] [ 5] /lib64/libc.so.6(+0x388c6)[0x15005b6388c6]
[genoahost103:607941] [ 6] /direct/sdcc+u/poare/Grid/build/examples/./Example_spec_kryschur[0x4cc206]
[genoahost103:607941] [ 7] /direct/sdcc+u/poare/Grid/build/examples/./Example_spec_kryschur[0x4cc2f1]
[genoahost103:607941] [ 8] /direct/sdcc+u/poare/Grid/build/examples/./Example_spec_kryschur[0x4c7e95]
[genoahost103:607941] [ 9] /direct/sdcc+u/poare/Grid/build/examples/./Example_spec_kryschur[0x4b5f4f]
[genoahost103:607941] [10] /direct/sdcc+u/poare/Grid/build/examples/./Example_spec_kryschur[0x41180d]
[genoahost103:607941] [11] /lib64/libc.so.6(+0x2a610)[0x15005b62a610]
[genoahost103:607941] [12] /lib64/libc.so.6(__libc_start_main+0x80)[0x15005b62a6c0]
[genoahost103:607941] [13] /direct/sdcc+u/poare/Grid/build/examples/./Example_spec_kryschur[0x4147f5]
[genoahost103:607941] *** End of error message ***
Example_spec_kryschur: ../../Grid/communicator/SharedMemoryMPI.cc:434: static void Grid::GlobalSharedMemory::OptimalCommunicatorSharedMemory(const Coordinate&, ompi_communicator_t*&, Grid::Coordinate&): Assertion `WorldSize==Nprocessors' failed.
[genoahost101:1138425] *** Process received signal ***
[genoahost101:1138425] Signal: Aborted (6)
[genoahost101:1138425] Signal code:  (-6)
[genoahost101:1138425] [ 0] /lib64/libc.so.6(+0x3fc30)[0x14d338a3fc30]
[genoahost101:1138425] [ 1] /lib64/libc.so.6(+0x8d02c)[0x14d338a8d02c]
[genoahost101:1138425] [ 2] /lib64/libc.so.6(raise+0x16)[0x14d338a3fb86]
[genoahost101:1138425] [ 3] /lib64/libc.so.6(abort+0xd3)[0x14d338a29873]
[genoahost101:1138425] [ 4] /lib64/libc.so.6(+0x2979b)[0x14d338a2979b]
[genoahost101:1138425] [ 5] /lib64/libc.so.6(+0x388c6)[0x14d338a388c6]
[genoahost101:1138425] [ 6] /direct/sdcc+u/poare/Grid/build/examples/./Example_spec_kryschur[0x4cc206]
[genoahost101:1138425] [ 7] /direct/sdcc+u/poare/Grid/build/examples/./Example_spec_kryschur[0x4cc2f1]
[genoahost101:1138425] [ 8] /direct/sdcc+u/poare/Grid/build/examples/./Example_spec_kryschur[0x4c7e95]
[genoahost101:1138425] [ 9] /direct/sdcc+u/poare/Grid/build/examples/./Example_spec_kryschur[0x4b5f4f]
[genoahost101:1138425] [10] /direct/sdcc+u/poare/Grid/build/examples/./Example_spec_kryschur[0x41180d]
[genoahost101:1138425] [11] /lib64/libc.so.6(+0x2a610)[0x14d338a2a610]
[genoahost101:1138425] [12] /lib64/libc.so.6(__libc_start_main+0x80)[0x14d338a2a6c0]
[genoahost101:1138425] [13] /direct/sdcc+u/poare/Grid/build/examples/./Example_spec_kryschur[0x4147f5]
[genoahost101:1138425] *** End of error message ***
Example_spec_kryschur: ../../Grid/communicator/SharedMemoryMPI.cc:434: static void Grid::GlobalSharedMemory::OptimalCommunicatorSharedMemory(const Coordinate&, ompi_communicator_t*&, Grid::Coordinate&): Assertion `WorldSize==Nprocessors' failed.
[genoahost097:1721389] *** Process received signal ***
[genoahost097:1721389] Signal: Aborted (6)
[genoahost097:1721389] Signal code:  (-6)
[genoahost097:1721389] [ 0] /lib64/libc.so.6(+0x3fc30)[0x1528d883fc30]
[genoahost097:1721389] [ 1] /lib64/libc.so.6(+0x8d02c)[0x1528d888d02c]
[genoahost097:1721389] [ 2] /lib64/libc.so.6(raise+0x16)[0x1528d883fb86]
[genoahost097:1721389] [ 3] /lib64/libc.so.6(abort+0xd3)[0x1528d8829873]
[genoahost097:1721389] [ 4] /lib64/libc.so.6(+0x2979b)[0x1528d882979b]
[genoahost097:1721389] [ 5] /lib64/libc.so.6(+0x388c6)[0x1528d88388c6]
[genoahost097:1721389] [ 6] /direct/sdcc+u/poare/Grid/build/examples/./Example_spec_kryschur[0x4cc206]
[genoahost097:1721389] [ 7] /direct/sdcc+u/poare/Grid/build/examples/./Example_spec_kryschur[0x4cc2f1]
[genoahost097:1721389] [ 8] /direct/sdcc+u/poare/Grid/build/examples/./Example_spec_kryschur[0x4c7e95]
[genoahost097:1721389] [ 9] /direct/sdcc+u/poare/Grid/build/examples/./Example_spec_kryschur[0x4b5f4f]
[genoahost097:1721389] [10] /direct/sdcc+u/poare/Grid/build/examples/./Example_spec_kryschur[0x41180d]
[genoahost097:1721389] [11] /lib64/libc.so.6(+0x2a610)[0x1528d882a610]
[genoahost097:1721389] [12] /lib64/libc.so.6(__libc_start_main+0x80)[0x1528d882a6c0]
[genoahost097:1721389] [13] /direct/sdcc+u/poare/Grid/build/examples/./Example_spec_kryschur[0x4147f5]
[genoahost097:1721389] *** End of error message ***
Example_spec_kryschur: ../../Grid/communicator/SharedMemoryMPI.cc:434: static void Grid::GlobalSharedMemory::OptimalCommunicatorSharedMemory(const Coordinate&, ompi_communicator_t*&, Grid::Coordinate&): Assertion `WorldSize==Nprocessors' failed.
[genoahost103:607949] *** Process received signal ***
[genoahost103:607949] Signal: Aborted (6)
[genoahost103:607949] Signal code:  (-6)
[genoahost103:607949] [ 0] /lib64/libc.so.6(+0x3fc30)[0x1523e983fc30]
[genoahost103:607949] [ 1] /lib64/libc.so.6(+0x8d02c)[0x1523e988d02c]
[genoahost103:607949] [ 2] /lib64/libc.so.6(raise+0x16)[0x1523e983fb86]
[genoahost103:607949] [ 3] /lib64/libc.so.6(abort+0xd3)[0x1523e9829873]
[genoahost103:607949] [ 4] /lib64/libc.so.6(+0x2979b)[0x1523e982979b]
[genoahost103:607949] [ 5] /lib64/libc.so.6(+0x388c6)[0x1523e98388c6]
[genoahost103:607949] [ 6] /direct/sdcc+u/poare/Grid/build/examples/./Example_spec_kryschur[0x4cc206]
[genoahost103:607949] [ 7] /direct/sdcc+u/poare/Grid/build/examples/./Example_spec_kryschur[0x4cc2f1]
[genoahost103:607949] [ 8] /direct/sdcc+u/poare/Grid/build/examples/./Example_spec_kryschur[0x4c7e95]
[genoahost103:607949] [ 9] /direct/sdcc+u/poare/Grid/build/examples/./Example_spec_kryschur[0x4b5f4f]
[genoahost103:607949] [10] /direct/sdcc+u/poare/Grid/build/examples/./Example_spec_kryschur[0x41180d]
[genoahost103:607949] [11] /lib64/libc.so.6(+0x2a610)[0x1523e982a610]
[genoahost103:607949] [12] /lib64/libc.so.6(__libc_start_main+0x80)[0x1523e982a6c0]
[genoahost103:607949] [13] /direct/sdcc+u/poare/Grid/build/examples/./Example_spec_kryschur[0x4147f5]
[genoahost103:607949] *** End of error message ***
Example_spec_kryschur: ../../Grid/communicator/SharedMemoryMPI.cc:434: static void Grid::GlobalSharedMemory::OptimalCommunicatorSharedMemory(const Coordinate&, ompi_communicator_t*&, Grid::Coordinate&): Assertion `WorldSize==Nprocessors' failed.
[genoahost103:607947] *** Process received signal ***
[genoahost103:607947] Signal: Aborted (6)
[genoahost103:607947] Signal code:  (-6)
[genoahost103:607947] [ 0] /lib64/libc.so.6(+0x3fc30)[0x14b82503fc30]
[genoahost103:607947] [ 1] /lib64/libc.so.6(+0x8d02c)[0x14b82508d02c]
[genoahost103:607947] [ 2] /lib64/libc.so.6(raise+0x16)[0x14b82503fb86]
[genoahost103:607947] [ 3] /lib64/libc.so.6(abort+0xd3)[0x14b825029873]
[genoahost103:607947] [ 4] /lib64/libc.so.6(+0x2979b)[0x14b82502979b]
[genoahost103:607947] [ 5] /lib64/libc.so.6(+0x388c6)[0x14b8250388c6]
[genoahost103:607947] [ 6] /direct/sdcc+u/poare/Grid/build/examples/./Example_spec_kryschur[0x4cc206]
[genoahost103:607947] [ 7] /direct/sdcc+u/poare/Grid/build/examples/./Example_spec_kryschur[0x4cc2f1]
[genoahost103:607947] [ 8] /direct/sdcc+u/poare/Grid/build/examples/./Example_spec_kryschur[0x4c7e95]
[genoahost103:607947] [ 9] /direct/sdcc+u/poare/Grid/build/examples/./Example_spec_kryschur[0x4b5f4f]
[genoahost103:607947] [10] /direct/sdcc+u/poare/Grid/build/examples/./Example_spec_kryschur[0x41180d]
[genoahost103:607947] [11] /lib64/libc.so.6(+0x2a610)[0x14b82502a610]
[genoahost103:607947] [12] /lib64/libc.so.6(__libc_start_main+0x80)[0x14b82502a6c0]
[genoahost103:607947] [13] /direct/sdcc+u/poare/Grid/build/examples/./Example_spec_kryschur[0x4147f5]
[genoahost103:607947] *** End of error message ***
Example_spec_kryschur: ../../Grid/communicator/SharedMemoryMPI.cc:434: static void Grid::GlobalSharedMemory::OptimalCommunicatorSharedMemory(const Coordinate&, ompi_communicator_t*&, Grid::Coordinate&): Assertion `WorldSize==Nprocessors' failed.
[genoahost103:607942] *** Process received signal ***
[genoahost103:607942] Signal: Aborted (6)
[genoahost103:607942] Signal code:  (-6)
[genoahost103:607942] [ 0] /lib64/libc.so.6(+0x3fc30)[0x148b4b23fc30]
[genoahost103:607942] [ 1] /lib64/libc.so.6(+0x8d02c)[0x148b4b28d02c]
[genoahost103:607942] [ 2] /lib64/libc.so.6(raise+0x16)[0x148b4b23fb86]
[genoahost103:607942] [ 3] /lib64/libc.so.6(abort+0xd3)[0x148b4b229873]
[genoahost103:607942] [ 4] /lib64/libc.so.6(+0x2979b)[0x148b4b22979b]
[genoahost103:607942] [ 5] /lib64/libc.so.6(+0x388c6)[0x148b4b2388c6]
[genoahost103:607942] [ 6] /direct/sdcc+u/poare/Grid/build/examples/./Example_spec_kryschur[0x4cc206]
[genoahost103:607942] [ 7] /direct/sdcc+u/poare/Grid/build/examples/./Example_spec_kryschur[0x4cc2f1]
[genoahost103:607942] [ 8] /direct/sdcc+u/poare/Grid/build/examples/./Example_spec_kryschur[0x4c7e95]
[genoahost103:607942] [ 9] /direct/sdcc+u/poare/Grid/build/examples/./Example_spec_kryschur[0x4b5f4f]
[genoahost103:607942] [10] /direct/sdcc+u/poare/Grid/build/examples/./Example_spec_kryschur[0x41180d]
[genoahost103:607942] [11] /lib64/libc.so.6(+0x2a610)[0x148b4b22a610]
[genoahost103:607942] [12] /lib64/libc.so.6(__libc_start_main+0x80)[0x148b4b22a6c0]
[genoahost103:607942] [13] /direct/sdcc+u/poare/Grid/build/examples/./Example_spec_kryschur[0x4147f5]
[genoahost103:607942] *** End of error message ***
Example_spec_kryschur: ../../Grid/communicator/SharedMemoryMPI.cc:434: static void Grid::GlobalSharedMemory::OptimalCommunicatorSharedMemory(const Coordinate&, ompi_communicator_t*&, Grid::Coordinate&): Assertion `WorldSize==Nprocessors' failed.
[genoahost097:1721380] *** Process received signal ***
[genoahost097:1721380] Signal: Aborted (6)
[genoahost097:1721380] Signal code:  (-6)
[genoahost097:1721380] [ 0] /lib64/libc.so.6(+0x3fc30)[0x149e3ec3fc30]
[genoahost097:1721380] [ 1] /lib64/libc.so.6(+0x8d02c)[0x149e3ec8d02c]
[genoahost097:1721380] [ 2] /lib64/libc.so.6(raise+0x16)[0x149e3ec3fb86]
[genoahost097:1721380] [ 3] /lib64/libc.so.6(abort+0xd3)[0x149e3ec29873]
[genoahost097:1721380] [ 4] /lib64/libc.so.6(+0x2979b)[0x149e3ec2979b]
[genoahost097:1721380] [ 5] /lib64/libc.so.6(+0x388c6)[0x149e3ec388c6]
[genoahost097:1721380] [ 6] /direct/sdcc+u/poare/Grid/build/examples/./Example_spec_kryschur[0x4cc206]
[genoahost097:1721380] [ 7] /direct/sdcc+u/poare/Grid/build/examples/./Example_spec_kryschur[0x4cc2f1]
[genoahost097:1721380] [ 8] /direct/sdcc+u/poare/Grid/build/examples/./Example_spec_kryschur[0x4c7e95]
[genoahost097:1721380] [ 9] /direct/sdcc+u/poare/Grid/build/examples/./Example_spec_kryschur[0x4b5f4f]
[genoahost097:1721380] [10] /direct/sdcc+u/poare/Grid/build/examples/./Example_spec_kryschur[0x41180d]
[genoahost097:1721380] [11] /lib64/libc.so.6(+0x2a610)[0x149e3ec2a610]
[genoahost097:1721380] [12] /lib64/libc.so.6(__libc_start_main+0x80)[0x149e3ec2a6c0]
[genoahost097:1721380] [13] /direct/sdcc+u/poare/Grid/build/examples/./Example_spec_kryschur[0x4147f5]
[genoahost097:1721380] *** End of error message ***
Example_spec_kryschur: ../../Grid/communicator/SharedMemoryMPI.cc:434: static void Grid::GlobalSharedMemory::OptimalCommunicatorSharedMemory(const Coordinate&, ompi_communicator_t*&, Grid::Coordinate&): Assertion `WorldSize==Nprocessors' failed.
[genoahost097:1721391] *** Process received signal ***
[genoahost097:1721391] Signal: Aborted (6)
[genoahost097:1721391] Signal code:  (-6)
[genoahost097:1721391] [ 0] /lib64/libc.so.6(+0x3fc30)[0x14fbb5a3fc30]
[genoahost097:1721391] [ 1] /lib64/libc.so.6(+0x8d02c)[0x14fbb5a8d02c]
[genoahost097:1721391] [ 2] /lib64/libc.so.6(raise+0x16)[0x14fbb5a3fb86]
[genoahost097:1721391] [ 3] /lib64/libc.so.6(abort+0xd3)[0x14fbb5a29873]
[genoahost097:1721391] [ 4] /lib64/libc.so.6(+0x2979b)[0x14fbb5a2979b]
[genoahost097:1721391] [ 5] /lib64/libc.so.6(+0x388c6)[0x14fbb5a388c6]
[genoahost097:1721391] [ 6] /direct/sdcc+u/poare/Grid/build/examples/./Example_spec_kryschur[0x4cc206]
[genoahost097:1721391] [ 7] /direct/sdcc+u/poare/Grid/build/examples/./Example_spec_kryschur[0x4cc2f1]
[genoahost097:1721391] [ 8] /direct/sdcc+u/poare/Grid/build/examples/./Example_spec_kryschur[0x4c7e95]
[genoahost097:1721391] [ 9] /direct/sdcc+u/poare/Grid/build/examples/./Example_spec_kryschur[0x4b5f4f]
[genoahost097:1721391] [10] /direct/sdcc+u/poare/Grid/build/examples/./Example_spec_kryschur[0x41180d]
[genoahost097:1721391] [11] /lib64/libc.so.6(+0x2a610)[0x14fbb5a2a610]
[genoahost097:1721391] [12] /lib64/libc.so.6(__libc_start_main+0x80)[0x14fbb5a2a6c0]
[genoahost097:1721391] [13] /direct/sdcc+u/poare/Grid/build/examples/./Example_spec_kryschur[0x4147f5]
[genoahost097:1721391] *** End of error message ***
Example_spec_kryschur: ../../Grid/communicator/SharedMemoryMPI.cc:434: static void Grid::GlobalSharedMemory::OptimalCommunicatorSharedMemory(const Coordinate&, ompi_communicator_t*&, Grid::Coordinate&): Assertion `WorldSize==Nprocessors' failed.
[genoahost097:1721386] *** Process received signal ***
[genoahost097:1721386] Signal: Aborted (6)
[genoahost097:1721386] Signal code:  (-6)
[genoahost097:1721386] [ 0] /lib64/libc.so.6(+0x3fc30)[0x14c06803fc30]
[genoahost097:1721386] [ 1] /lib64/libc.so.6(+0x8d02c)[0x14c06808d02c]
[genoahost097:1721386] [ 2] /lib64/libc.so.6(raise+0x16)[0x14c06803fb86]
[genoahost097:1721386] [ 3] /lib64/libc.so.6(abort+0xd3)[0x14c068029873]
[genoahost097:1721386] [ 4] /lib64/libc.so.6(+0x2979b)[0x14c06802979b]
[genoahost097:1721386] [ 5] /lib64/libc.so.6(+0x388c6)[0x14c0680388c6]
[genoahost097:1721386] [ 6] /direct/sdcc+u/poare/Grid/build/examples/./Example_spec_kryschur[0x4cc206]
[genoahost097:1721386] [ 7] /direct/sdcc+u/poare/Grid/build/examples/./Example_spec_kryschur[0x4cc2f1]
[genoahost097:1721386] [ 8] /direct/sdcc+u/poare/Grid/build/examples/./Example_spec_kryschur[0x4c7e95]
[genoahost097:1721386] [ 9] /direct/sdcc+u/poare/Grid/build/examples/./Example_spec_kryschur[0x4b5f4f]
[genoahost097:1721386] [10] /direct/sdcc+u/poare/Grid/build/examples/./Example_spec_kryschur[0x41180d]
[genoahost097:1721386] [11] /lib64/libc.so.6(+0x2a610)[0x14c06802a610]
[genoahost097:1721386] [12] /lib64/libc.so.6(__libc_start_main+0x80)[0x14c06802a6c0]
[genoahost097:1721386] [13] /direct/sdcc+u/poare/Grid/build/examples/./Example_spec_kryschur[0x4147f5]
[genoahost097:1721386] *** End of error message ***
Example_spec_kryschur: ../../Grid/communicator/SharedMemoryMPI.cc:434: static void Grid::GlobalSharedMemory::OptimalCommunicatorSharedMemory(const Coordinate&, ompi_communicator_t*&, Grid::Coordinate&): Assertion `WorldSize==Nprocessors' failed.
[genoahost099:1600402] *** Process received signal ***
[genoahost099:1600402] Signal: Aborted (6)
[genoahost099:1600402] Signal code:  (-6)
[genoahost099:1600402] [ 0] /lib64/libc.so.6(+0x3fc30)[0x15120923fc30]
[genoahost099:1600402] [ 1] /lib64/libc.so.6(+0x8d02c)[0x15120928d02c]
[genoahost099:1600402] [ 2] /lib64/libc.so.6(raise+0x16)[0x15120923fb86]
[genoahost099:1600402] [ 3] /lib64/libc.so.6(abort+0xd3)[0x151209229873]
[genoahost099:1600402] [ 4] /lib64/libc.so.6(+0x2979b)[0x15120922979b]
[genoahost099:1600402] [ 5] /lib64/libc.so.6(+0x388c6)[0x1512092388c6]
[genoahost099:1600402] [ 6] /direct/sdcc+u/poare/Grid/build/examples/./Example_spec_kryschur[0x4cc206]
[genoahost099:1600402] [ 7] /direct/sdcc+u/poare/Grid/build/examples/./Example_spec_kryschur[0x4cc2f1]
[genoahost099:1600402] [ 8] /direct/sdcc+u/poare/Grid/build/examples/./Example_spec_kryschur[0x4c7e95]
[genoahost099:1600402] [ 9] /direct/sdcc+u/poare/Grid/build/examples/./Example_spec_kryschur[0x4b5f4f]
[genoahost099:1600402] [10] /direct/sdcc+u/poare/Grid/build/examples/./Example_spec_kryschur[0x41180d]
[genoahost099:1600402] [11] /lib64/libc.so.6(+0x2a610)[0x15120922a610]
[genoahost099:1600402] [12] /lib64/libc.so.6(__libc_start_main+0x80)[0x15120922a6c0]
[genoahost099:1600402] [13] /direct/sdcc+u/poare/Grid/build/examples/./Example_spec_kryschur[0x4147f5]
[genoahost099:1600402] *** End of error message ***
Example_spec_kryschur: ../../Grid/communicator/SharedMemoryMPI.cc:434: static void Grid::GlobalSharedMemory::OptimalCommunicatorSharedMemory(const Coordinate&, ompi_communicator_t*&, Grid::Coordinate&): Assertion `WorldSize==Nprocessors' failed.
[genoahost097:1721376] *** Process received signal ***
[genoahost097:1721376] Signal: Aborted (6)
[genoahost097:1721376] Signal code:  (-6)
[genoahost097:1721376] [ 0] /lib64/libc.so.6(+0x3fc30)[0x149cff23fc30]
[genoahost097:1721376] [ 1] /lib64/libc.so.6(+0x8d02c)[0x149cff28d02c]
[genoahost097:1721376] [ 2] /lib64/libc.so.6(raise+0x16)[0x149cff23fb86]
[genoahost097:1721376] [ 3] /lib64/libc.so.6(abort+0xd3)[0x149cff229873]
[genoahost097:1721376] [ 4] /lib64/libc.so.6(+0x2979b)[0x149cff22979b]
[genoahost097:1721376] [ 5] /lib64/libc.so.6(+0x388c6)[0x149cff2388c6]
[genoahost097:1721376] [ 6] /direct/sdcc+u/poare/Grid/build/examples/./Example_spec_kryschur[0x4cc206]
[genoahost097:1721376] [ 7] /direct/sdcc+u/poare/Grid/build/examples/./Example_spec_kryschur[0x4cc2f1]
[genoahost097:1721376] [ 8] /direct/sdcc+u/poare/Grid/build/examples/./Example_spec_kryschur[0x4c7e95]
[genoahost097:1721376] [ 9] /direct/sdcc+u/poare/Grid/build/examples/./Example_spec_kryschur[0x4b5f4f]
[genoahost097:1721376] [10] /direct/sdcc+u/poare/Grid/build/examples/./Example_spec_kryschur[0x41180d]
[genoahost097:1721376] [11] /lib64/libc.so.6(+0x2a610)[0x149cff22a610]
[genoahost097:1721376] [12] /lib64/libc.so.6(__libc_start_main+0x80)[0x149cff22a6c0]
[genoahost097:1721376] [13] /direct/sdcc+u/poare/Grid/build/examples/./Example_spec_kryschur[0x4147f5]
[genoahost097:1721376] *** End of error message ***
Example_spec_kryschur: ../../Grid/communicator/SharedMemoryMPI.cc:434: static void Grid::GlobalSharedMemory::OptimalCommunicatorSharedMemory(const Coordinate&, ompi_communicator_t*&, Grid::Coordinate&): Assertion `WorldSize==Nprocessors' failed.
[genoahost097:1721381] *** Process received signal ***
[genoahost097:1721381] Signal: Aborted (6)
[genoahost097:1721381] Signal code:  (-6)
[genoahost097:1721381] [ 0] /lib64/libc.so.6(+0x3fc30)[0x1522ee03fc30]
[genoahost097:1721381] [ 1] /lib64/libc.so.6(+0x8d02c)[0x1522ee08d02c]
[genoahost097:1721381] [ 2] /lib64/libc.so.6(raise+0x16)[0x1522ee03fb86]
[genoahost097:1721381] [ 3] /lib64/libc.so.6(abort+0xd3)[0x1522ee029873]
[genoahost097:1721381] [ 4] /lib64/libc.so.6(+0x2979b)[0x1522ee02979b]
[genoahost097:1721381] [ 5] /lib64/libc.so.6(+0x388c6)[0x1522ee0388c6]
[genoahost097:1721381] [ 6] /direct/sdcc+u/poare/Grid/build/examples/./Example_spec_kryschur[0x4cc206]
[genoahost097:1721381] [ 7] /direct/sdcc+u/poare/Grid/build/examples/./Example_spec_kryschur[0x4cc2f1]
[genoahost097:1721381] [ 8] /direct/sdcc+u/poare/Grid/build/examples/./Example_spec_kryschur[0x4c7e95]
[genoahost097:1721381] [ 9] /direct/sdcc+u/poare/Grid/build/examples/./Example_spec_kryschur[0x4b5f4f]
[genoahost097:1721381] [10] /direct/sdcc+u/poare/Grid/build/examples/./Example_spec_kryschur[0x41180d]
[genoahost097:1721381] [11] /lib64/libc.so.6(+0x2a610)[0x1522ee02a610]
[genoahost097:1721381] [12] /lib64/libc.so.6(__libc_start_main+0x80)[0x1522ee02a6c0]
[genoahost097:1721381] [13] /direct/sdcc+u/poare/Grid/build/examples/./Example_spec_kryschur[0x4147f5]
[genoahost097:1721381] *** End of error message ***
Example_spec_kryschur: ../../Grid/communicator/SharedMemoryMPI.cc:434: static void Grid::GlobalSharedMemory::OptimalCommunicatorSharedMemory(const Coordinate&, ompi_communicator_t*&, Grid::Coordinate&): Assertion `WorldSize==Nprocessors' failed.
[genoahost097:1721377] *** Process received signal ***
[genoahost097:1721377] Signal: Aborted (6)
[genoahost097:1721377] Signal code:  (-6)
[genoahost097:1721377] [ 0] /lib64/libc.so.6(+0x3fc30)[0x14b62c23fc30]
[genoahost097:1721377] [ 1] /lib64/libc.so.6(+0x8d02c)[0x14b62c28d02c]
[genoahost097:1721377] [ 2] /lib64/libc.so.6(raise+0x16)[0x14b62c23fb86]
[genoahost097:1721377] [ 3] /lib64/libc.so.6(abort+0xd3)[0x14b62c229873]
[genoahost097:1721377] [ 4] /lib64/libc.so.6(+0x2979b)[0x14b62c22979b]
[genoahost097:1721377] [ 5] /lib64/libc.so.6(+0x388c6)[0x14b62c2388c6]
[genoahost097:1721377] [ 6] /direct/sdcc+u/poare/Grid/build/examples/./Example_spec_kryschur[0x4cc206]
[genoahost097:1721377] [ 7] /direct/sdcc+u/poare/Grid/build/examples/./Example_spec_kryschur[0x4cc2f1]
[genoahost097:1721377] [ 8] /direct/sdcc+u/poare/Grid/build/examples/./Example_spec_kryschur[0x4c7e95]
[genoahost097:1721377] [ 9] /direct/sdcc+u/poare/Grid/build/examples/./Example_spec_kryschur[0x4b5f4f]
[genoahost097:1721377] [10] /direct/sdcc+u/poare/Grid/build/examples/./Example_spec_kryschur[0x41180d]
[genoahost097:1721377] [11] /lib64/libc.so.6(+0x2a610)[0x14b62c22a610]
[genoahost097:1721377] [12] /lib64/libc.so.6(__libc_start_main+0x80)[0x14b62c22a6c0]
[genoahost097:1721377] [13] /direct/sdcc+u/poare/Grid/build/examples/./Example_spec_kryschur[0x4147f5]
[genoahost097:1721377] *** End of error message ***
Example_spec_kryschur: ../../Grid/communicator/SharedMemoryMPI.cc:434: static void Grid::GlobalSharedMemory::OptimalCommunicatorSharedMemory(const Coordinate&, ompi_communicator_t*&, Grid::Coordinate&): Assertion `WorldSize==Nprocessors' failed.
[genoahost097:1721379] *** Process received signal ***
[genoahost097:1721379] Signal: Aborted (6)
[genoahost097:1721379] Signal code:  (-6)
[genoahost097:1721379] [ 0] /lib64/libc.so.6(+0x3fc30)[0x14ddc623fc30]
[genoahost097:1721379] [ 1] /lib64/libc.so.6(+0x8d02c)[0x14ddc628d02c]
[genoahost097:1721379] [ 2] /lib64/libc.so.6(raise+0x16)[0x14ddc623fb86]
[genoahost097:1721379] [ 3] /lib64/libc.so.6(abort+0xd3)[0x14ddc6229873]
[genoahost097:1721379] [ 4] /lib64/libc.so.6(+0x2979b)[0x14ddc622979b]
[genoahost097:1721379] [ 5] /lib64/libc.so.6(+0x388c6)[0x14ddc62388c6]
[genoahost097:1721379] [ 6] /direct/sdcc+u/poare/Grid/build/examples/./Example_spec_kryschur[0x4cc206]
[genoahost097:1721379] [ 7] /direct/sdcc+u/poare/Grid/build/examples/./Example_spec_kryschur[0x4cc2f1]
[genoahost097:1721379] [ 8] /direct/sdcc+u/poare/Grid/build/examples/./Example_spec_kryschur[0x4c7e95]
[genoahost097:1721379] [ 9] /direct/sdcc+u/poare/Grid/build/examples/./Example_spec_kryschur[0x4b5f4f]
[genoahost097:1721379] [10] /direct/sdcc+u/poare/Grid/build/examples/./Example_spec_kryschur[0x41180d]
[genoahost097:1721379] [11] /lib64/libc.so.6(+0x2a610)[0x14ddc622a610]
[genoahost097:1721379] [12] /lib64/libc.so.6(__libc_start_main+0x80)[0x14ddc622a6c0]
[genoahost097:1721379] [13] /direct/sdcc+u/poare/Grid/build/examples/./Example_spec_kryschur[0x4147f5]
[genoahost097:1721379] *** End of error message ***
Example_spec_kryschur: ../../Grid/communicator/SharedMemoryMPI.cc:434: static void Grid::GlobalSharedMemory::OptimalCommunicatorSharedMemory(const Coordinate&, ompi_communicator_t*&, Grid::Coordinate&): Assertion `WorldSize==Nprocessors' failed.
[genoahost097:1721385] *** Process received signal ***
[genoahost097:1721385] Signal: Aborted (6)
[genoahost097:1721385] Signal code:  (-6)
[genoahost097:1721385] [ 0] /lib64/libc.so.6(+0x3fc30)[0x15524663fc30]
[genoahost097:1721385] [ 1] /lib64/libc.so.6(+0x8d02c)[0x15524668d02c]
[genoahost097:1721385] [ 2] /lib64/libc.so.6(raise+0x16)[0x15524663fb86]
[genoahost097:1721385] [ 3] /lib64/libc.so.6(abort+0xd3)[0x155246629873]
[genoahost097:1721385] [ 4] /lib64/libc.so.6(+0x2979b)[0x15524662979b]
[genoahost097:1721385] [ 5] /lib64/libc.so.6(+0x388c6)[0x1552466388c6]
[genoahost097:1721385] [ 6] /direct/sdcc+u/poare/Grid/build/examples/./Example_spec_kryschur[0x4cc206]
[genoahost097:1721385] [ 7] /direct/sdcc+u/poare/Grid/build/examples/./Example_spec_kryschur[0x4cc2f1]
[genoahost097:1721385] [ 8] /direct/sdcc+u/poare/Grid/build/examples/./Example_spec_kryschur[0x4c7e95]
[genoahost097:1721385] [ 9] /direct/sdcc+u/poare/Grid/build/examples/./Example_spec_kryschur[0x4b5f4f]
[genoahost097:1721385] [10] /direct/sdcc+u/poare/Grid/build/examples/./Example_spec_kryschur[0x41180d]
[genoahost097:1721385] [11] /lib64/libc.so.6(+0x2a610)[0x15524662a610]
[genoahost097:1721385] [12] /lib64/libc.so.6(__libc_start_main+0x80)[0x15524662a6c0]
[genoahost097:1721385] [13] /direct/sdcc+u/poare/Grid/build/examples/./Example_spec_kryschur[0x4147f5]
[genoahost097:1721385] *** End of error message ***
Example_spec_kryschur: ../../Grid/communicator/SharedMemoryMPI.cc:434: static void Grid::GlobalSharedMemory::OptimalCommunicatorSharedMemory(const Coordinate&, ompi_communicator_t*&, Grid::Coordinate&): Assertion `WorldSize==Nprocessors' failed.
[genoahost097:1721384] *** Process received signal ***
[genoahost097:1721384] Signal: Aborted (6)
[genoahost097:1721384] Signal code:  (-6)
[genoahost097:1721384] [ 0] /lib64/libc.so.6(+0x3fc30)[0x152900e3fc30]
[genoahost097:1721384] [ 1] /lib64/libc.so.6(+0x8d02c)[0x152900e8d02c]
[genoahost097:1721384] [ 2] /lib64/libc.so.6(raise+0x16)[0x152900e3fb86]
[genoahost097:1721384] [ 3] /lib64/libc.so.6(abort+0xd3)[0x152900e29873]
[genoahost097:1721384] [ 4] /lib64/libc.so.6(+0x2979b)[0x152900e2979b]
[genoahost097:1721384] [ 5] /lib64/libc.so.6(+0x388c6)[0x152900e388c6]
[genoahost097:1721384] [ 6] /direct/sdcc+u/poare/Grid/build/examples/./Example_spec_kryschur[0x4cc206]
[genoahost097:1721384] [ 7] /direct/sdcc+u/poare/Grid/build/examples/./Example_spec_kryschur[0x4cc2f1]
[genoahost097:1721384] [ 8] /direct/sdcc+u/poare/Grid/build/examples/./Example_spec_kryschur[0x4c7e95]
[genoahost097:1721384] [ 9] /direct/sdcc+u/poare/Grid/build/examples/./Example_spec_kryschur[0x4b5f4f]
[genoahost097:1721384] [10] /direct/sdcc+u/poare/Grid/build/examples/./Example_spec_kryschur[0x41180d]
[genoahost097:1721384] [11] /lib64/libc.so.6(+0x2a610)[0x152900e2a610]
[genoahost097:1721384] [12] /lib64/libc.so.6(__libc_start_main+0x80)[0x152900e2a6c0]
[genoahost097:1721384] [13] /direct/sdcc+u/poare/Grid/build/examples/./Example_spec_kryschur[0x4147f5]
[genoahost097:1721384] *** End of error message ***
Example_spec_kryschur: ../../Grid/communicator/SharedMemoryMPI.cc:434: static void Grid::GlobalSharedMemory::OptimalCommunicatorSharedMemory(const Coordinate&, ompi_communicator_t*&, Grid::Coordinate&): Assertion `WorldSize==Nprocessors' failed.
[genoahost103:607952] *** Process received signal ***
[genoahost103:607952] Signal: Aborted (6)
[genoahost103:607952] Signal code:  (-6)
[genoahost103:607952] [ 0] /lib64/libc.so.6(+0x3fc30)[0x14841063fc30]
[genoahost103:607952] [ 1] /lib64/libc.so.6(+0x8d02c)[0x14841068d02c]
[genoahost103:607952] [ 2] /lib64/libc.so.6(raise+0x16)[0x14841063fb86]
[genoahost103:607952] [ 3] /lib64/libc.so.6(abort+0xd3)[0x148410629873]
[genoahost103:607952] [ 4] /lib64/libc.so.6(+0x2979b)[0x14841062979b]
[genoahost103:607952] [ 5] /lib64/libc.so.6(+0x388c6)[0x1484106388c6]
[genoahost103:607952] [ 6] /direct/sdcc+u/poare/Grid/build/examples/./Example_spec_kryschur[0x4cc206]
[genoahost103:607952] [ 7] /direct/sdcc+u/poare/Grid/build/examples/./Example_spec_kryschur[0x4cc2f1]
[genoahost103:607952] [ 8] /direct/sdcc+u/poare/Grid/build/examples/./Example_spec_kryschur[0x4c7e95]
[genoahost103:607952] [ 9] /direct/sdcc+u/poare/Grid/build/examples/./Example_spec_kryschur[0x4b5f4f]
[genoahost103:607952] [10] /direct/sdcc+u/poare/Grid/build/examples/./Example_spec_kryschur[0x41180d]
[genoahost103:607952] [11] /lib64/libc.so.6(+0x2a610)[0x14841062a610]
[genoahost103:607952] [12] /lib64/libc.so.6(__libc_start_main+0x80)[0x14841062a6c0]
[genoahost103:607952] [13] /direct/sdcc+u/poare/Grid/build/examples/./Example_spec_kryschur[0x4147f5]
[genoahost103:607952] *** End of error message ***
Example_spec_kryschur: ../../Grid/communicator/SharedMemoryMPI.cc:434: static void Grid::GlobalSharedMemory::OptimalCommunicatorSharedMemory(const Coordinate&, ompi_communicator_t*&, Grid::Coordinate&): Assertion `WorldSize==Nprocessors' failed.
[genoahost102:618458] *** Process received signal ***
[genoahost102:618458] Signal: Aborted (6)
[genoahost102:618458] Signal code:  (-6)
[genoahost102:618458] [ 0] /lib64/libc.so.6(+0x3fc30)[0x14e620c3fc30]
[genoahost102:618458] [ 1] /lib64/libc.so.6(+0x8d02c)[0x14e620c8d02c]
[genoahost102:618458] [ 2] /lib64/libc.so.6(raise+0x16)[0x14e620c3fb86]
[genoahost102:618458] [ 3] /lib64/libc.so.6(abort+0xd3)[0x14e620c29873]
[genoahost102:618458] [ 4] /lib64/libc.so.6(+0x2979b)[0x14e620c2979b]
[genoahost102:618458] [ 5] /lib64/libc.so.6(+0x388c6)[0x14e620c388c6]
[genoahost102:618458] [ 6] /direct/sdcc+u/poare/Grid/build/examples/./Example_spec_kryschur[0x4cc206]
[genoahost102:618458] [ 7] /direct/sdcc+u/poare/Grid/build/examples/./Example_spec_kryschur[0x4cc2f1]
[genoahost102:618458] [ 8] /direct/sdcc+u/poare/Grid/build/examples/./Example_spec_kryschur[0x4c7e95]
[genoahost102:618458] [ 9] /direct/sdcc+u/poare/Grid/build/examples/./Example_spec_kryschur[0x4b5f4f]
[genoahost102:618458] [10] /direct/sdcc+u/poare/Grid/build/examples/./Example_spec_kryschur[0x41180d]
[genoahost102:618458] [11] /lib64/libc.so.6(+0x2a610)[0x14e620c2a610]
[genoahost102:618458] [12] /lib64/libc.so.6(__libc_start_main+0x80)[0x14e620c2a6c0]
[genoahost102:618458] [13] /direct/sdcc+u/poare/Grid/build/examples/./Example_spec_kryschur[0x4147f5]
[genoahost102:618458] *** End of error message ***
Example_spec_kryschur: ../../Grid/communicator/SharedMemoryMPI.cc:434: static void Grid::GlobalSharedMemory::OptimalCommunicatorSharedMemory(const Coordinate&, ompi_communicator_t*&, Grid::Coordinate&): Assertion `WorldSize==Nprocessors' failed.
[genoahost097:1721388] *** Process received signal ***
[genoahost097:1721388] Signal: Aborted (6)
[genoahost097:1721388] Signal code:  (-6)
[genoahost097:1721388] [ 0] /lib64/libc.so.6(+0x3fc30)[0x14e6c303fc30]
[genoahost097:1721388] [ 1] /lib64/libc.so.6(+0x8d02c)[0x14e6c308d02c]
[genoahost097:1721388] [ 2] /lib64/libc.so.6(raise+0x16)[0x14e6c303fb86]
[genoahost097:1721388] [ 3] /lib64/libc.so.6(abort+0xd3)[0x14e6c3029873]
[genoahost097:1721388] [ 4] /lib64/libc.so.6(+0x2979b)[0x14e6c302979b]
[genoahost097:1721388] [ 5] /lib64/libc.so.6(+0x388c6)[0x14e6c30388c6]
[genoahost097:1721388] [ 6] /direct/sdcc+u/poare/Grid/build/examples/./Example_spec_kryschur[0x4cc206]
[genoahost097:1721388] [ 7] /direct/sdcc+u/poare/Grid/build/examples/./Example_spec_kryschur[0x4cc2f1]
[genoahost097:1721388] [ 8] /direct/sdcc+u/poare/Grid/build/examples/./Example_spec_kryschur[0x4c7e95]
[genoahost097:1721388] [ 9] /direct/sdcc+u/poare/Grid/build/examples/./Example_spec_kryschur[0x4b5f4f]
[genoahost097:1721388] [10] /direct/sdcc+u/poare/Grid/build/examples/./Example_spec_kryschur[0x41180d]
[genoahost097:1721388] [11] /lib64/libc.so.6(+0x2a610)[0x14e6c302a610]
[genoahost097:1721388] [12] /lib64/libc.so.6(__libc_start_main+0x80)[0x14e6c302a6c0]
[genoahost097:1721388] [13] /direct/sdcc+u/poare/Grid/build/examples/./Example_spec_kryschur[0x4147f5]
[genoahost097:1721388] *** End of error message ***
Example_spec_kryschur: ../../Grid/communicator/SharedMemoryMPI.cc:434: static void Grid::GlobalSharedMemory::OptimalCommunicatorSharedMemory(const Coordinate&, ompi_communicator_t*&, Grid::Coordinate&): Assertion `WorldSize==Nprocessors' failed.
[genoahost103:607951] *** Process received signal ***
[genoahost103:607951] Signal: Aborted (6)
[genoahost103:607951] Signal code:  (-6)
[genoahost103:607951] [ 0] /lib64/libc.so.6(+0x3fc30)[0x14e607c3fc30]
[genoahost103:607951] [ 1] /lib64/libc.so.6(+0x8d02c)[0x14e607c8d02c]
[genoahost103:607951] [ 2] /lib64/libc.so.6(raise+0x16)[0x14e607c3fb86]
[genoahost103:607951] [ 3] /lib64/libc.so.6(abort+0xd3)[0x14e607c29873]
[genoahost103:607951] [ 4] /lib64/libc.so.6(+0x2979b)[0x14e607c2979b]
[genoahost103:607951] [ 5] /lib64/libc.so.6(+0x388c6)[0x14e607c388c6]
[genoahost103:607951] [ 6] /direct/sdcc+u/poare/Grid/build/examples/./Example_spec_kryschur[0x4cc206]
[genoahost103:607951] [ 7] /direct/sdcc+u/poare/Grid/build/examples/./Example_spec_kryschur[0x4cc2f1]
[genoahost103:607951] [ 8] /direct/sdcc+u/poare/Grid/build/examples/./Example_spec_kryschur[0x4c7e95]
[genoahost103:607951] [ 9] /direct/sdcc+u/poare/Grid/build/examples/./Example_spec_kryschur[0x4b5f4f]
[genoahost103:607951] [10] /direct/sdcc+u/poare/Grid/build/examples/./Example_spec_kryschur[0x41180d]
[genoahost103:607951] [11] /lib64/libc.so.6(+0x2a610)[0x14e607c2a610]
[genoahost103:607951] [12] /lib64/libc.so.6(__libc_start_main+0x80)[0x14e607c2a6c0]
[genoahost103:607951] [13] /direct/sdcc+u/poare/Grid/build/examples/./Example_spec_kryschur[0x4147f5]
[genoahost103:607951] *** End of error message ***
Example_spec_kryschur: ../../Grid/communicator/SharedMemoryMPI.cc:434: static void Grid::GlobalSharedMemory::OptimalCommunicatorSharedMemory(const Coordinate&, ompi_communicator_t*&, Grid::Coordinate&): Assertion `WorldSize==Nprocessors' failed.
[genoahost099:1600397] *** Process received signal ***
[genoahost099:1600397] Signal: Aborted (6)
[genoahost099:1600397] Signal code:  (-6)
[genoahost099:1600397] [ 0] /lib64/libc.so.6(+0x3fc30)[0x15432e43fc30]
[genoahost099:1600397] [ 1] /lib64/libc.so.6(+0x8d02c)[0x15432e48d02c]
[genoahost099:1600397] [ 2] /lib64/libc.so.6(raise+0x16)[0x15432e43fb86]
[genoahost099:1600397] [ 3] /lib64/libc.so.6(abort+0xd3)[0x15432e429873]
[genoahost099:1600397] [ 4] /lib64/libc.so.6(+0x2979b)[0x15432e42979b]
[genoahost099:1600397] [ 5] /lib64/libc.so.6(+0x388c6)[0x15432e4388c6]
[genoahost099:1600397] [ 6] /direct/sdcc+u/poare/Grid/build/examples/./Example_spec_kryschur[0x4cc206]
[genoahost099:1600397] [ 7] /direct/sdcc+u/poare/Grid/build/examples/./Example_spec_kryschur[0x4cc2f1]
[genoahost099:1600397] [ 8] /direct/sdcc+u/poare/Grid/build/examples/./Example_spec_kryschur[0x4c7e95]
[genoahost099:1600397] [ 9] /direct/sdcc+u/poare/Grid/build/examples/./Example_spec_kryschur[0x4b5f4f]
[genoahost099:1600397] [10] /direct/sdcc+u/poare/Grid/build/examples/./Example_spec_kryschur[0x41180d]
[genoahost099:1600397] [11] /lib64/libc.so.6(+0x2a610)[0x15432e42a610]
[genoahost099:1600397] [12] /lib64/libc.so.6(__libc_start_main+0x80)[0x15432e42a6c0]
[genoahost099:1600397] [13] /direct/sdcc+u/poare/Grid/build/examples/./Example_spec_kryschur[0x4147f5]
[genoahost099:1600397] *** End of error message ***
Example_spec_kryschur: ../../Grid/communicator/SharedMemoryMPI.cc:434: static void Grid::GlobalSharedMemory::OptimalCommunicatorSharedMemory(const Coordinate&, ompi_communicator_t*&, Grid::Coordinate&): Assertion `WorldSize==Nprocessors' failed.
[genoahost102:618465] *** Process received signal ***
[genoahost102:618465] Signal: Aborted (6)
[genoahost102:618465] Signal code:  (-6)
[genoahost102:618465] [ 0] /lib64/libc.so.6(+0x3fc30)[0x1484c983fc30]
[genoahost102:618465] [ 1] /lib64/libc.so.6(+0x8d02c)[0x1484c988d02c]
[genoahost102:618465] [ 2] /lib64/libc.so.6(raise+0x16)[0x1484c983fb86]
[genoahost102:618465] [ 3] /lib64/libc.so.6(abort+0xd3)[0x1484c9829873]
[genoahost102:618465] [ 4] /lib64/libc.so.6(+0x2979b)[0x1484c982979b]
[genoahost102:618465] [ 5] /lib64/libc.so.6(+0x388c6)[0x1484c98388c6]
[genoahost102:618465] [ 6] /direct/sdcc+u/poare/Grid/build/examples/./Example_spec_kryschur[0x4cc206]
[genoahost102:618465] [ 7] /direct/sdcc+u/poare/Grid/build/examples/./Example_spec_kryschur[0x4cc2f1]
[genoahost102:618465] [ 8] /direct/sdcc+u/poare/Grid/build/examples/./Example_spec_kryschur[0x4c7e95]
[genoahost102:618465] [ 9] /direct/sdcc+u/poare/Grid/build/examples/./Example_spec_kryschur[0x4b5f4f]
[genoahost102:618465] [10] /direct/sdcc+u/poare/Grid/build/examples/./Example_spec_kryschur[0x41180d]
[genoahost102:618465] [11] /lib64/libc.so.6(+0x2a610)[0x1484c982a610]
[genoahost102:618465] [12] /lib64/libc.so.6(__libc_start_main+0x80)[0x1484c982a6c0]
[genoahost102:618465] [13] /direct/sdcc+u/poare/Grid/build/examples/./Example_spec_kryschur[0x4147f5]
[genoahost102:618465] *** End of error message ***
Example_spec_kryschur: ../../Grid/communicator/SharedMemoryMPI.cc:434: static void Grid::GlobalSharedMemory::OptimalCommunicatorSharedMemory(const Coordinate&, ompi_communicator_t*&, Grid::Coordinate&): Assertion `WorldSize==Nprocessors' failed.
[genoahost102:618469] *** Process received signal ***
[genoahost102:618469] Signal: Aborted (6)
[genoahost102:618469] Signal code:  (-6)
[genoahost102:618469] [ 0] /lib64/libc.so.6(+0x3fc30)[0x14b94c63fc30]
[genoahost102:618469] [ 1] /lib64/libc.so.6(+0x8d02c)[0x14b94c68d02c]
[genoahost102:618469] [ 2] /lib64/libc.so.6(raise+0x16)[0x14b94c63fb86]
[genoahost102:618469] [ 3] /lib64/libc.so.6(abort+0xd3)[0x14b94c629873]
[genoahost102:618469] [ 4] /lib64/libc.so.6(+0x2979b)[0x14b94c62979b]
[genoahost102:618469] [ 5] /lib64/libc.so.6(+0x388c6)[0x14b94c6388c6]
[genoahost102:618469] [ 6] /direct/sdcc+u/poare/Grid/build/examples/./Example_spec_kryschur[0x4cc206]
[genoahost102:618469] [ 7] /direct/sdcc+u/poare/Grid/build/examples/./Example_spec_kryschur[0x4cc2f1]
[genoahost102:618469] [ 8] /direct/sdcc+u/poare/Grid/build/examples/./Example_spec_kryschur[0x4c7e95]
[genoahost102:618469] [ 9] /direct/sdcc+u/poare/Grid/build/examples/./Example_spec_kryschur[0x4b5f4f]
[genoahost102:618469] [10] /direct/sdcc+u/poare/Grid/build/examples/./Example_spec_kryschur[0x41180d]
[genoahost102:618469] [11] /lib64/libc.so.6(+0x2a610)[0x14b94c62a610]
[genoahost102:618469] [12] /lib64/libc.so.6(__libc_start_main+0x80)[0x14b94c62a6c0]
[genoahost102:618469] [13] /direct/sdcc+u/poare/Grid/build/examples/./Example_spec_kryschur[0x4147f5]
[genoahost102:618469] *** End of error message ***
Example_spec_kryschur: ../../Grid/communicator/SharedMemoryMPI.cc:434: static void Grid::GlobalSharedMemory::OptimalCommunicatorSharedMemory(const Coordinate&, ompi_communicator_t*&, Grid::Coordinate&): Assertion `WorldSize==Nprocessors' failed.
[genoahost103:607940] *** Process received signal ***
[genoahost103:607940] Signal: Aborted (6)
[genoahost103:607940] Signal code:  (-6)
[genoahost103:607940] [ 0] /lib64/libc.so.6(+0x3fc30)[0x14e5e663fc30]
[genoahost103:607940] [ 1] /lib64/libc.so.6(+0x8d02c)[0x14e5e668d02c]
[genoahost103:607940] [ 2] /lib64/libc.so.6(raise+0x16)[0x14e5e663fb86]
Example_spec_kryschur: ../../Grid/communicator/SharedMemoryMPI.cc:434: static void Grid::GlobalSharedMemory::OptimalCommunicatorSharedMemory(const Coordinate&, ompi_communicator_t*&, Grid::Coordinate&): Assertion `WorldSize==Nprocessors' failed.
[genoahost103:607940] [ 3] /lib64/libc.so.6(abort+0xd3)[0x14e5e6629873]
[genoahost103:607940] [ 4] /lib64/libc.so.6(+0x2979b)[0x14e5e662979b]
[genoahost103:607940] [ 5] /lib64/libc.so.6(+0x388c6)[0x14e5e66388c6]
[genoahost103:607940] [ 6] /direct/sdcc+u/poare/Grid/build/examples/./Example_spec_kryschur[0x4cc206]
[genoahost103:607940] [ 7] /direct/sdcc+u/poare/Grid/build/examples/./Example_spec_kryschur[0x4cc2f1]
[genoahost103:607940] [ 8] /direct/sdcc+u/poare/Grid/build/examples/./Example_spec_kryschur[0x4c7e95]
[genoahost103:607940] [ 9] /direct/sdcc+u/poare/Grid/build/examples/./Example_spec_kryschur[0x4b5f4f]
[genoahost103:607940] [10] /direct/sdcc+u/poare/Grid/build/examples/./Example_spec_kryschur[0x41180d]
[genoahost103:607940] [11] /lib64/libc.so.6(+0x2a610)[0x14e5e662a610]
[genoahost097:1721383] *** Process received signal ***
[genoahost103:607940] [12] /lib64/libc.so.6(__libc_start_main+0x80)[0x14e5e662a6c0]
[genoahost097:1721383] Signal: Aborted (6)
[genoahost097:1721383] Signal code:  (-6)
[genoahost103:607940] [13] /direct/sdcc+u/poare/Grid/build/examples/./Example_spec_kryschur[0x4147f5]
[genoahost103:607940] *** End of error message ***
[genoahost097:1721383] [ 0] /lib64/libc.so.6(+0x3fc30)[0x15387b83fc30]
[genoahost097:1721383] [ 1] /lib64/libc.so.6(+0x8d02c)[0x15387b88d02c]
[genoahost097:1721383] [ 2] /lib64/libc.so.6(raise+0x16)[0x15387b83fb86]
[genoahost097:1721383] [ 3] /lib64/libc.so.6(abort+0xd3)[0x15387b829873]
[genoahost097:1721383] [ 4] /lib64/libc.so.6(+0x2979b)[0x15387b82979b]
[genoahost097:1721383] [ 5] /lib64/libc.so.6(+0x388c6)[0x15387b8388c6]
[genoahost097:1721383] [ 6] /direct/sdcc+u/poare/Grid/build/examples/./Example_spec_kryschur[0x4cc206]
[genoahost097:1721383] [ 7] /direct/sdcc+u/poare/Grid/build/examples/./Example_spec_kryschur[0x4cc2f1]
[genoahost097:1721383] [ 8] /direct/sdcc+u/poare/Grid/build/examples/./Example_spec_kryschur[0x4c7e95]
[genoahost097:1721383] [ 9] /direct/sdcc+u/poare/Grid/build/examples/./Example_spec_kryschur[0x4b5f4f]
[genoahost097:1721383] [10] /direct/sdcc+u/poare/Grid/build/examples/./Example_spec_kryschur[0x41180d]
[genoahost097:1721383] [11] /lib64/libc.so.6(+0x2a610)[0x15387b82a610]
[genoahost097:1721383] [12] /lib64/libc.so.6(__libc_start_main+0x80)[0x15387b82a6c0]
[genoahost097:1721383] [13] /direct/sdcc+u/poare/Grid/build/examples/./Example_spec_kryschur[0x4147f5]
[genoahost097:1721383] *** End of error message ***
Example_spec_kryschur: ../../Grid/communicator/SharedMemoryMPI.cc:434: static void Grid::GlobalSharedMemory::OptimalCommunicatorSharedMemory(const Coordinate&, ompi_communicator_t*&, Grid::Coordinate&): Assertion `WorldSize==Nprocessors' failed.
[genoahost103:607950] *** Process received signal ***
[genoahost103:607950] Signal: Aborted (6)
[genoahost103:607950] Signal code:  (-6)
[genoahost103:607950] [ 0] /lib64/libc.so.6(+0x3fc30)[0x14e3ca63fc30]
[genoahost103:607950] [ 1] /lib64/libc.so.6(+0x8d02c)[0x14e3ca68d02c]
[genoahost103:607950] [ 2] /lib64/libc.so.6(raise+0x16)[0x14e3ca63fb86]
[genoahost103:607950] [ 3] /lib64/libc.so.6(abort+0xd3)[0x14e3ca629873]
[genoahost103:607950] [ 4] /lib64/libc.so.6(+0x2979b)[0x14e3ca62979b]
[genoahost103:607950] [ 5] /lib64/libc.so.6(+0x388c6)[0x14e3ca6388c6]
[genoahost103:607950] [ 6] /direct/sdcc+u/poare/Grid/build/examples/./Example_spec_kryschur[0x4cc206]
[genoahost103:607950] [ 7] /direct/sdcc+u/poare/Grid/build/examples/./Example_spec_kryschur[0x4cc2f1]
[genoahost103:607950] [ 8] /direct/sdcc+u/poare/Grid/build/examples/./Example_spec_kryschur[0x4c7e95]
[genoahost103:607950] [ 9] /direct/sdcc+u/poare/Grid/build/examples/./Example_spec_kryschur[0x4b5f4f]
[genoahost103:607950] [10] /direct/sdcc+u/poare/Grid/build/examples/./Example_spec_kryschur[0x41180d]
[genoahost103:607950] [11] /lib64/libc.so.6(+0x2a610)[0x14e3ca62a610]
[genoahost103:607950] [12] /lib64/libc.so.6(__libc_start_main+0x80)[0x14e3ca62a6c0]
[genoahost103:607950] [13] /direct/sdcc+u/poare/Grid/build/examples/./Example_spec_kryschur[0x4147f5]
[genoahost103:607950] *** End of error message ***
Example_spec_kryschur: ../../Grid/communicator/SharedMemoryMPI.cc:434: static void Grid::GlobalSharedMemory::OptimalCommunicatorSharedMemory(const Coordinate&, ompi_communicator_t*&, Grid::Coordinate&): Assertion `WorldSize==Nprocessors' failed.
[genoahost101:1138412] *** Process received signal ***
[genoahost101:1138412] Signal: Aborted (6)
[genoahost101:1138412] Signal code:  (-6)
[genoahost101:1138412] [ 0] /lib64/libc.so.6(+0x3fc30)[0x14a82da3fc30]
[genoahost101:1138412] [ 1] /lib64/libc.so.6(+0x8d02c)[0x14a82da8d02c]
[genoahost101:1138412] [ 2] /lib64/libc.so.6(raise+0x16)[0x14a82da3fb86]
[genoahost101:1138412] [ 3] /lib64/libc.so.6(abort+0xd3)[0x14a82da29873]
[genoahost101:1138412] [ 4] /lib64/libc.so.6(+0x2979b)[0x14a82da2979b]
[genoahost101:1138412] [ 5] /lib64/libc.so.6(+0x388c6)[0x14a82da388c6]
[genoahost101:1138412] [ 6] /direct/sdcc+u/poare/Grid/build/examples/./Example_spec_kryschur[0x4cc206]
[genoahost101:1138412] [ 7] /direct/sdcc+u/poare/Grid/build/examples/./Example_spec_kryschur[0x4cc2f1]
[genoahost101:1138412] [ 8] /direct/sdcc+u/poare/Grid/build/examples/./Example_spec_kryschur[0x4c7e95]
[genoahost101:1138412] [ 9] /direct/sdcc+u/poare/Grid/build/examples/./Example_spec_kryschur[0x4b5f4f]
[genoahost101:1138412] [10] /direct/sdcc+u/poare/Grid/build/examples/./Example_spec_kryschur[0x41180d]
[genoahost101:1138412] [11] /lib64/libc.so.6(+0x2a610)[0x14a82da2a610]
[genoahost101:1138412] [12] /lib64/libc.so.6(__libc_start_main+0x80)[0x14a82da2a6c0]
[genoahost101:1138412] [13] /direct/sdcc+u/poare/Grid/build/examples/./Example_spec_kryschur[0x4147f5]
[genoahost101:1138412] *** End of error message ***
Example_spec_kryschur: ../../Grid/communicator/SharedMemoryMPI.cc:434: static void Grid::GlobalSharedMemory::OptimalCommunicatorSharedMemory(const Coordinate&, ompi_communicator_t*&, Grid::Coordinate&): Assertion `WorldSize==Nprocessors' failed.
[genoahost101:1138413] *** Process received signal ***
[genoahost101:1138413] Signal: Aborted (6)
[genoahost101:1138413] Signal code:  (-6)
[genoahost101:1138413] [ 0] /lib64/libc.so.6(+0x3fc30)[0x151aaea3fc30]
[genoahost101:1138413] [ 1] /lib64/libc.so.6(+0x8d02c)[0x151aaea8d02c]
[genoahost101:1138413] [ 2] /lib64/libc.so.6(raise+0x16)[0x151aaea3fb86]
[genoahost101:1138413] [ 3] /lib64/libc.so.6(abort+0xd3)[0x151aaea29873]
[genoahost101:1138413] [ 4] /lib64/libc.so.6(+0x2979b)[0x151aaea2979b]
[genoahost101:1138413] [ 5] /lib64/libc.so.6(+0x388c6)[0x151aaea388c6]
[genoahost101:1138413] [ 6] /direct/sdcc+u/poare/Grid/build/examples/./Example_spec_kryschur[0x4cc206]
[genoahost101:1138413] [ 7] /direct/sdcc+u/poare/Grid/build/examples/./Example_spec_kryschur[0x4cc2f1]
[genoahost101:1138413] [ 8] /direct/sdcc+u/poare/Grid/build/examples/./Example_spec_kryschur[0x4c7e95]
[genoahost101:1138413] [ 9] /direct/sdcc+u/poare/Grid/build/examples/./Example_spec_kryschur[0x4b5f4f]
[genoahost101:1138413] [10] /direct/sdcc+u/poare/Grid/build/examples/./Example_spec_kryschur[0x41180d]
[genoahost101:1138413] [11] /lib64/libc.so.6(+0x2a610)[0x151aaea2a610]
[genoahost101:1138413] [12] /lib64/libc.so.6(__libc_start_main+0x80)[0x151aaea2a6c0]
[genoahost101:1138413] [13] /direct/sdcc+u/poare/Grid/build/examples/./Example_spec_kryschur[0x4147f5]
[genoahost101:1138413] *** End of error message ***
Example_spec_kryschur: ../../Grid/communicator/SharedMemoryMPI.cc:434: static void Grid::GlobalSharedMemory::OptimalCommunicatorSharedMemory(const Coordinate&, ompi_communicator_t*&, Grid::Coordinate&): Assertion `WorldSize==Nprocessors' failed.
[genoahost102:618464] *** Process received signal ***
[genoahost102:618464] Signal: Aborted (6)
[genoahost102:618464] Signal code:  (-6)
[genoahost102:618464] [ 0] /lib64/libc.so.6(+0x3fc30)[0x15404f43fc30]
[genoahost102:618464] [ 1] /lib64/libc.so.6(+0x8d02c)[0x15404f48d02c]
[genoahost102:618464] [ 2] /lib64/libc.so.6(raise+0x16)[0x15404f43fb86]
[genoahost102:618464] [ 3] /lib64/libc.so.6(abort+0xd3)[0x15404f429873]
[genoahost102:618464] [ 4] /lib64/libc.so.6(+0x2979b)[0x15404f42979b]
[genoahost102:618464] [ 5] /lib64/libc.so.6(+0x388c6)[0x15404f4388c6]
[genoahost102:618464] [ 6] /direct/sdcc+u/poare/Grid/build/examples/./Example_spec_kryschur[0x4cc206]
[genoahost102:618464] [ 7] /direct/sdcc+u/poare/Grid/build/examples/./Example_spec_kryschur[0x4cc2f1]
[genoahost102:618464] [ 8] /direct/sdcc+u/poare/Grid/build/examples/./Example_spec_kryschur[0x4c7e95]
[genoahost102:618464] [ 9] /direct/sdcc+u/poare/Grid/build/examples/./Example_spec_kryschur[0x4b5f4f]
[genoahost102:618464] [10] /direct/sdcc+u/poare/Grid/build/examples/./Example_spec_kryschur[0x41180d]
[genoahost102:618464] [11] /lib64/libc.so.6(+0x2a610)[0x15404f42a610]
[genoahost102:618464] [12] /lib64/libc.so.6(__libc_start_main+0x80)[0x15404f42a6c0]
[genoahost102:618464] [13] /direct/sdcc+u/poare/Grid/build/examples/./Example_spec_kryschur[0x4147f5]
[genoahost102:618464] *** End of error message ***
Example_spec_kryschur: ../../Grid/communicator/SharedMemoryMPI.cc:434: static void Grid::GlobalSharedMemory::OptimalCommunicatorSharedMemory(const Coordinate&, ompi_communicator_t*&, Grid::Coordinate&): Assertion `WorldSize==Nprocessors' failed.
[genoahost101:1138420] *** Process received signal ***
[genoahost101:1138420] Signal: Aborted (6)
[genoahost101:1138420] Signal code:  (-6)
[genoahost101:1138420] [ 0] /lib64/libc.so.6(+0x3fc30)[0x14a96403fc30]
[genoahost101:1138420] [ 1] /lib64/libc.so.6(+0x8d02c)[0x14a96408d02c]
[genoahost101:1138420] [ 2] /lib64/libc.so.6(raise+0x16)[0x14a96403fb86]
[genoahost101:1138420] [ 3] /lib64/libc.so.6(abort+0xd3)[0x14a964029873]
[genoahost101:1138420] [ 4] /lib64/libc.so.6(+0x2979b)[0x14a96402979b]
[genoahost101:1138420] [ 5] /lib64/libc.so.6(+0x388c6)[0x14a9640388c6]
[genoahost101:1138420] [ 6] /direct/sdcc+u/poare/Grid/build/examples/./Example_spec_kryschur[0x4cc206]
[genoahost101:1138420] [ 7] /direct/sdcc+u/poare/Grid/build/examples/./Example_spec_kryschur[0x4cc2f1]
[genoahost101:1138420] [ 8] /direct/sdcc+u/poare/Grid/build/examples/./Example_spec_kryschur[0x4c7e95]
[genoahost101:1138420] [ 9] /direct/sdcc+u/poare/Grid/build/examples/./Example_spec_kryschur[0x4b5f4f]
[genoahost101:1138420] [10] /direct/sdcc+u/poare/Grid/build/examples/./Example_spec_kryschur[0x41180d]
[genoahost101:1138420] [11] /lib64/libc.so.6(+0x2a610)[0x14a96402a610]
[genoahost101:1138420] [12] /lib64/libc.so.6(__libc_start_main+0x80)[0x14a96402a6c0]
[genoahost101:1138420] [13] /direct/sdcc+u/poare/Grid/build/examples/./Example_spec_kryschur[0x4147f5]
[genoahost101:1138420] *** End of error message ***
Example_spec_kryschur: ../../Grid/communicator/SharedMemoryMPI.cc:434: static void Grid::GlobalSharedMemory::OptimalCommunicatorSharedMemory(const Coordinate&, ompi_communicator_t*&, Grid::Coordinate&): Assertion `WorldSize==Nprocessors' failed.
[genoahost102:618466] *** Process received signal ***
[genoahost102:618466] Signal: Aborted (6)
[genoahost102:618466] Signal code:  (-6)
[genoahost102:618466] [ 0] /lib64/libc.so.6(+0x3fc30)[0x154df863fc30]
[genoahost102:618466] [ 1] /lib64/libc.so.6(+0x8d02c)[0x154df868d02c]
[genoahost102:618466] [ 2] /lib64/libc.so.6(raise+0x16)[0x154df863fb86]
[genoahost102:618466] [ 3] /lib64/libc.so.6(abort+0xd3)[0x154df8629873]
[genoahost102:618466] [ 4] /lib64/libc.so.6(+0x2979b)[0x154df862979b]
[genoahost102:618466] [ 5] /lib64/libc.so.6(+0x388c6)[0x154df86388c6]
[genoahost102:618466] [ 6] /direct/sdcc+u/poare/Grid/build/examples/./Example_spec_kryschur[0x4cc206]
[genoahost102:618466] [ 7] /direct/sdcc+u/poare/Grid/build/examples/./Example_spec_kryschur[0x4cc2f1]
[genoahost102:618466] [ 8] /direct/sdcc+u/poare/Grid/build/examples/./Example_spec_kryschur[0x4c7e95]
[genoahost102:618466] [ 9] /direct/sdcc+u/poare/Grid/build/examples/./Example_spec_kryschur[0x4b5f4f]
[genoahost102:618466] [10] /direct/sdcc+u/poare/Grid/build/examples/./Example_spec_kryschur[0x41180d]
[genoahost102:618466] [11] /lib64/libc.so.6(+0x2a610)[0x154df862a610]
[genoahost102:618466] [12] /lib64/libc.so.6(__libc_start_main+0x80)[0x154df862a6c0]
[genoahost102:618466] [13] /direct/sdcc+u/poare/Grid/build/examples/./Example_spec_kryschur[0x4147f5]
[genoahost102:618466] *** End of error message ***
Example_spec_kryschur: ../../Grid/communicator/SharedMemoryMPI.cc:434: static void Grid::GlobalSharedMemory::OptimalCommunicatorSharedMemory(const Coordinate&, ompi_communicator_t*&, Grid::Coordinate&): Assertion `WorldSize==Nprocessors' failed.
[genoahost102:618467] *** Process received signal ***
[genoahost102:618467] Signal: Aborted (6)
[genoahost102:618467] Signal code:  (-6)
[genoahost102:618467] [ 0] /lib64/libc.so.6(+0x3fc30)[0x15235403fc30]
[genoahost102:618467] [ 1] /lib64/libc.so.6(+0x8d02c)[0x15235408d02c]
[genoahost102:618467] [ 2] /lib64/libc.so.6(raise+0x16)[0x15235403fb86]
[genoahost102:618467] [ 3] /lib64/libc.so.6(abort+0xd3)[0x152354029873]
[genoahost102:618467] [ 4] /lib64/libc.so.6(+0x2979b)[0x15235402979b]
[genoahost102:618467] [ 5] /lib64/libc.so.6(+0x388c6)[0x1523540388c6]
[genoahost102:618467] [ 6] /direct/sdcc+u/poare/Grid/build/examples/./Example_spec_kryschur[0x4cc206]
[genoahost102:618467] [ 7] /direct/sdcc+u/poare/Grid/build/examples/./Example_spec_kryschur[0x4cc2f1]
[genoahost102:618467] [ 8] /direct/sdcc+u/poare/Grid/build/examples/./Example_spec_kryschur[0x4c7e95]
[genoahost102:618467] [ 9] /direct/sdcc+u/poare/Grid/build/examples/./Example_spec_kryschur[0x4b5f4f]
[genoahost102:618467] [10] /direct/sdcc+u/poare/Grid/build/examples/./Example_spec_kryschur[0x41180d]
[genoahost102:618467] [11] /lib64/libc.so.6(+0x2a610)[0x15235402a610]
[genoahost102:618467] [12] /lib64/libc.so.6(__libc_start_main+0x80)[0x15235402a6c0]
[genoahost102:618467] [13] /direct/sdcc+u/poare/Grid/build/examples/./Example_spec_kryschur[0x4147f5]
[genoahost102:618467] *** End of error message ***
Example_spec_kryschur: ../../Grid/communicator/SharedMemoryMPI.cc:434: static void Grid::GlobalSharedMemory::OptimalCommunicatorSharedMemory(const Coordinate&, ompi_communicator_t*&, Grid::Coordinate&): Assertion `WorldSize==Nprocessors' failed.
[genoahost101:1138421] *** Process received signal ***
[genoahost101:1138421] Signal: Aborted (6)
[genoahost101:1138421] Signal code:  (-6)
Example_spec_kryschur: ../../Grid/communicator/SharedMemoryMPI.cc:434: static void Grid::GlobalSharedMemory::OptimalCommunicatorSharedMemory(const Coordinate&, ompi_communicator_t*&, Grid::Coordinate&): Assertion `WorldSize==Nprocessors' failed.
[genoahost101:1138418] *** Process received signal ***
[genoahost101:1138418] Signal: Aborted (6)
[genoahost101:1138418] Signal code:  (-6)
[genoahost101:1138421] [ 0] /lib64/libc.so.6(+0x3fc30)[0x15048a43fc30]
[genoahost101:1138421] [ 1] /lib64/libc.so.6(+0x8d02c)[0x15048a48d02c]
[genoahost101:1138421] [ 2] /lib64/libc.so.6(raise+0x16)[0x15048a43fb86]
[genoahost101:1138421] [ 3] /lib64/libc.so.6(abort+0xd3)[0x15048a429873]
[genoahost101:1138421] [ 4] /lib64/libc.so.6(+0x2979b)[0x15048a42979b]
[genoahost101:1138421] [ 5] /lib64/libc.so.6(+0x388c6)[0x15048a4388c6]
[genoahost101:1138421] [ 6] /direct/sdcc+u/poare/Grid/build/examples/./Example_spec_kryschur[0x4cc206]
[genoahost101:1138421] [ 7] /direct/sdcc+u/poare/Grid/build/examples/./Example_spec_kryschur[0x4cc2f1]
[genoahost101:1138421] [ 8] /direct/sdcc+u/poare/Grid/build/examples/./Example_spec_kryschur[0x4c7e95]
[genoahost101:1138421] [ 9] /direct/sdcc+u/poare/Grid/build/examples/./Example_spec_kryschur[0x4b5f4f]
[genoahost101:1138421] [10] /direct/sdcc+u/poare/Grid/build/examples/./Example_spec_kryschur[0x41180d]
[genoahost101:1138421] [11] /lib64/libc.so.6(+0x2a610)[0x15048a42a610]
[genoahost101:1138421] [12] /lib64/libc.so.6(__libc_start_main+0x80)[0x15048a42a6c0]
[genoahost101:1138421] [13] /direct/sdcc+u/poare/Grid/build/examples/./Example_spec_kryschur[0x4147f5]
[genoahost101:1138421] *** End of error message ***
[genoahost101:1138418] [ 0] /lib64/libc.so.6(+0x3fc30)[0x1545f443fc30]
[genoahost101:1138418] [ 1] /lib64/libc.so.6(+0x8d02c)[0x1545f448d02c]
[genoahost101:1138418] [ 2] /lib64/libc.so.6(raise+0x16)[0x1545f443fb86]
[genoahost101:1138418] [ 3] /lib64/libc.so.6(abort+0xd3)[0x1545f4429873]
[genoahost101:1138418] [ 4] /lib64/libc.so.6(+0x2979b)[0x1545f442979b]
[genoahost101:1138418] [ 5] /lib64/libc.so.6(+0x388c6)[0x1545f44388c6]
[genoahost101:1138418] [ 6] /direct/sdcc+u/poare/Grid/build/examples/./Example_spec_kryschur[0x4cc206]
[genoahost101:1138418] [ 7] /direct/sdcc+u/poare/Grid/build/examples/./Example_spec_kryschur[0x4cc2f1]
[genoahost101:1138418] [ 8] /direct/sdcc+u/poare/Grid/build/examples/./Example_spec_kryschur[0x4c7e95]
[genoahost101:1138418] [ 9] /direct/sdcc+u/poare/Grid/build/examples/./Example_spec_kryschur[0x4b5f4f]
[genoahost101:1138418] [10] /direct/sdcc+u/poare/Grid/build/examples/./Example_spec_kryschur[0x41180d]
[genoahost101:1138418] [11] /lib64/libc.so.6(+0x2a610)[0x1545f442a610]
[genoahost101:1138418] [12] /lib64/libc.so.6(__libc_start_main+0x80)[0x1545f442a6c0]
[genoahost101:1138418] [13] /direct/sdcc+u/poare/Grid/build/examples/./Example_spec_kryschur[0x4147f5]
[genoahost101:1138418] *** End of error message ***
Example_spec_kryschur: ../../Grid/communicator/SharedMemoryMPI.cc:434: static void Grid::GlobalSharedMemory::OptimalCommunicatorSharedMemory(const Coordinate&, ompi_communicator_t*&, Grid::Coordinate&): Assertion `WorldSize==Nprocessors' failed.
[genoahost101:1138422] *** Process received signal ***
[genoahost101:1138422] Signal: Aborted (6)
[genoahost101:1138422] Signal code:  (-6)
Example_spec_kryschur: ../../Grid/communicator/SharedMemoryMPI.cc:434: static void Grid::GlobalSharedMemory::OptimalCommunicatorSharedMemory(const Coordinate&, ompi_communicator_t*&, Grid::Coordinate&): Assertion `WorldSize==Nprocessors' failed.
[genoahost101:1138411] *** Process received signal ***
[genoahost101:1138411] Signal: Aborted (6)
[genoahost101:1138411] Signal code:  (-6)
[genoahost101:1138422] [ 0] /lib64/libc.so.6(+0x3fc30)[0x150797c3fc30]
[genoahost101:1138422] [ 1] /lib64/libc.so.6(+0x8d02c)[0x150797c8d02c]
[genoahost101:1138422] [ 2] /lib64/libc.so.6(raise+0x16)[0x150797c3fb86]
[genoahost101:1138422] [ 3] /lib64/libc.so.6(abort+0xd3)[0x150797c29873]
[genoahost101:1138422] [ 4] /lib64/libc.so.6(+0x2979b)[0x150797c2979b]
[genoahost101:1138422] [ 5] /lib64/libc.so.6(+0x388c6)[0x150797c388c6]
[genoahost101:1138411] [ 0] /lib64/libc.so.6(+0x3fc30)[0x1497c963fc30]
[genoahost101:1138422] [ 6] /direct/sdcc+u/poare/Grid/build/examples/./Example_spec_kryschur[0x4cc206]
[genoahost101:1138422] [ 7] /direct/sdcc+u/poare/Grid/build/examples/./Example_spec_kryschur[0x4cc2f1]
[genoahost101:1138422] [ 8] /direct/sdcc+u/poare/Grid/build/examples/./Example_spec_kryschur[0x4c7e95]
[genoahost101:1138422] [ 9] /direct/sdcc+u/poare/Grid/build/examples/./Example_spec_kryschur[0x4b5f4f]
[genoahost101:1138422] [10] /direct/sdcc+u/poare/Grid/build/examples/./Example_spec_kryschur[0x41180d]
[genoahost101:1138411] [ 1] /lib64/libc.so.6(+0x8d02c)[0x1497c968d02c]
[genoahost101:1138422] [11] /lib64/libc.so.6(+0x2a610)[0x150797c2a610]
[genoahost101:1138411] [ 2] /lib64/libc.so.6(raise+0x16)[0x1497c963fb86]
[genoahost101:1138411] [ 3] /lib64/libc.so.6(abort+0xd3)[0x1497c9629873]
[genoahost101:1138422] [12] /lib64/libc.so.6(__libc_start_main+0x80)[0x150797c2a6c0]
[genoahost101:1138422] [13] /direct/sdcc+u/poare/Grid/build/examples/./Example_spec_kryschur[0x4147f5]
[genoahost101:1138422] *** End of error message ***
[genoahost101:1138411] [ 4] /lib64/libc.so.6(+0x2979b)[0x1497c962979b]
[genoahost101:1138411] [ 5] /lib64/libc.so.6(+0x388c6)[0x1497c96388c6]
[genoahost101:1138411] [ 6] /direct/sdcc+u/poare/Grid/build/examples/./Example_spec_kryschur[0x4cc206]
[genoahost101:1138411] [ 7] /direct/sdcc+u/poare/Grid/build/examples/./Example_spec_kryschur[0x4cc2f1]
[genoahost101:1138411] [ 8] /direct/sdcc+u/poare/Grid/build/examples/./Example_spec_kryschur[0x4c7e95]
[genoahost101:1138411] [ 9] /direct/sdcc+u/poare/Grid/build/examples/./Example_spec_kryschur[0x4b5f4f]
[genoahost101:1138411] [10] /direct/sdcc+u/poare/Grid/build/examples/./Example_spec_kryschur[0x41180d]
[genoahost101:1138411] [11] /lib64/libc.so.6(+0x2a610)[0x1497c962a610]
[genoahost101:1138411] [12] /lib64/libc.so.6(__libc_start_main+0x80)[0x1497c962a6c0]
[genoahost101:1138411] [13] /direct/sdcc+u/poare/Grid/build/examples/./Example_spec_kryschur[0x4147f5]
[genoahost101:1138411] *** End of error message ***
srun: error: genoahost101: task 74: Aborted (core dumped)
srun: error: genoahost101: task 71: Aborted (core dumped)
srun: error: genoahost101: task 79: Aborted (core dumped)
srun: error: genoahost104: tasks 119,126: Aborted (core dumped)
srun: error: genoahost100: tasks 52,56: Aborted (core dumped)
srun: error: genoahost101: tasks 67,70: Aborted (core dumped)
srun: error: genoahost098: task 18: Aborted (core dumped)
Example_spec_kryschur: ../../Grid/communicator/SharedMemoryMPI.cc:434: static void Grid::GlobalSharedMemory::OptimalCommunicatorSharedMemory(const Coordinate&, ompi_communicator_t*&, Grid::Coordinate&): Assertion `WorldSize==Nprocessors' failed.
[genoahost104:619354] *** Process received signal ***
[genoahost104:619354] Signal: Aborted (6)
[genoahost104:619354] Signal code:  (-6)
Example_spec_kryschur: ../../Grid/communicator/SharedMemoryMPI.cc:434: static void Grid::GlobalSharedMemory::OptimalCommunicatorSharedMemory(const Coordinate&, ompi_communicator_t*&, Grid::Coordinate&): Assertion `WorldSize==Nprocessors' failed.
[genoahost104:619359] *** Process received signal ***
[genoahost104:619359] Signal: Aborted (6)
[genoahost104:619359] Signal code:  (-6)
[genoahost104:619354] [ 0] /lib64/libc.so.6(+0x3fc30)[0x146796c3fc30]
[genoahost104:619354] [ 1] /lib64/libc.so.6(+0x8d02c)[0x146796c8d02c]
[genoahost104:619354] [ 2] /lib64/libc.so.6(raise+0x16)[0x146796c3fb86]
[genoahost104:619354] [ 3] /lib64/libc.so.6(abort+0xd3)[0x146796c29873]
[genoahost104:619359] [ 0] /lib64/libc.so.6(+0x3fc30)[0x14c52d63fc30]
[genoahost104:619354] [ 4] /lib64/libc.so.6(+0x2979b)[0x146796c2979b]
[genoahost104:619354] [ 5] /lib64/libc.so.6(+0x388c6)[0x146796c388c6]
[genoahost104:619354] [ 6] /direct/sdcc+u/poare/Grid/build/examples/./Example_spec_kryschur[0x4cc206]
[genoahost104:619354] [ 7] /direct/sdcc+u/poare/Grid/build/examples/./Example_spec_kryschur[0x4cc2f1]
[genoahost104:619359] [ 1] /lib64/libc.so.6(+0x8d02c)[0x14c52d68d02c]
[genoahost104:619359] [ 2] /lib64/libc.so.6(raise+0x16)[0x14c52d63fb86]
[genoahost104:619354] [ 8] /direct/sdcc+u/poare/Grid/build/examples/./Example_spec_kryschur[0x4c7e95]
[genoahost104:619354] [ 9] /direct/sdcc+u/poare/Grid/build/examples/./Example_spec_kryschur[0x4b5f4f]
[genoahost104:619354] [10] /direct/sdcc+u/poare/Grid/build/examples/./Example_spec_kryschur[0x41180d]
[genoahost104:619359] [ 3] /lib64/libc.so.6(abort+0xd3)[0x14c52d629873]
[genoahost104:619354] [11] /lib64/libc.so.6(+0x2a610)[0x146796c2a610]
[genoahost104:619354] [12] /lib64/libc.so.6(__libc_start_main+0x80)[0x146796c2a6c0]
[genoahost104:619359] [ 4] /lib64/libc.so.6(+0x2979b)[0x14c52d62979b]
[genoahost104:619359] [ 5] /lib64/libc.so.6(+0x388c6)[0x14c52d6388c6]
[genoahost104:619359] [ 6] /direct/sdcc+u/poare/Grid/build/examples/./Example_spec_kryschur[0x4cc206]
[genoahost104:619354] [13] /direct/sdcc+u/poare/Grid/build/examples/./Example_spec_kryschur[0x4147f5]
[genoahost104:619354] *** End of error message ***
[genoahost104:619359] [ 7] /direct/sdcc+u/poare/Grid/build/examples/./Example_spec_kryschur[0x4cc2f1]
[genoahost104:619359] [ 8] /direct/sdcc+u/poare/Grid/build/examples/./Example_spec_kryschur[0x4c7e95]
[genoahost104:619359] [ 9] /direct/sdcc+u/poare/Grid/build/examples/./Example_spec_kryschur[0x4b5f4f]
[genoahost104:619359] [10] /direct/sdcc+u/poare/Grid/build/examples/./Example_spec_kryschur[0x41180d]
[genoahost104:619359] [11] /lib64/libc.so.6(+0x2a610)[0x14c52d62a610]
[genoahost104:619359] [12] /lib64/libc.so.6(__libc_start_main+0x80)[0x14c52d62a6c0]
[genoahost104:619359] [13] /direct/sdcc+u/poare/Grid/build/examples/./Example_spec_kryschur[0x4147f5]
[genoahost104:619359] *** End of error message ***
srun: error: genoahost101: task 68: Aborted (core dumped)
srun: error: genoahost104: tasks 115,117: Aborted (core dumped)
Example_spec_kryschur: ../../Grid/communicator/SharedMemoryMPI.cc:434: static void Grid::GlobalSharedMemory::OptimalCommunicatorSharedMemory(const Coordinate&, ompi_communicator_t*&, Grid::Coordinate&): Assertion `WorldSize==Nprocessors' failed.
[genoahost102:618459] *** Process received signal ***
[genoahost102:618459] Signal: Aborted (6)
[genoahost102:618459] Signal code:  (-6)
Example_spec_kryschur: ../../Grid/communicator/SharedMemoryMPI.cc:434: static void Grid::GlobalSharedMemory::OptimalCommunicatorSharedMemory(const Coordinate&, ompi_communicator_t*&, Grid::Coordinate&): Assertion `WorldSize==Nprocessors' failed.
[genoahost102:618472] *** Process received signal ***
[genoahost102:618472] Signal: Aborted (6)
[genoahost102:618472] Signal code:  (-6)
[genoahost102:618459] [ 0] /lib64/libc.so.6(+0x3fc30)[0x14673503fc30]
[genoahost102:618459] [ 1] /lib64/libc.so.6(+0x8d02c)[0x14673508d02c]
[genoahost102:618459] [ 2] /lib64/libc.so.6(raise+0x16)[0x14673503fb86]
[genoahost102:618459] [ 3] /lib64/libc.so.6(abort+0xd3)[0x146735029873]
[genoahost102:618459] [ 4] /lib64/libc.so.6(+0x2979b)[0x14673502979b]
[genoahost102:618459] [ 5] /lib64/libc.so.6(+0x388c6)[0x1467350388c6]
[genoahost102:618459] [ 6] /direct/sdcc+u/poare/Grid/build/examples/./Example_spec_kryschur[0x4cc206]
[genoahost102:618472] [ 0] /lib64/libc.so.6(+0x3fc30)[0x14c45023fc30]
[genoahost102:618459] [ 7] /direct/sdcc+u/poare/Grid/build/examples/./Example_spec_kryschur[0x4cc2f1]
[genoahost102:618459] [ 8] /direct/sdcc+u/poare/Grid/build/examples/./Example_spec_kryschur[0x4c7e95]
[genoahost102:618459] [ 9] /direct/sdcc+u/poare/Grid/build/examples/./Example_spec_kryschur[0x4b5f4f]
[genoahost102:618459] [10] /direct/sdcc+u/poare/Grid/build/examples/./Example_spec_kryschur[0x41180d]
[genoahost102:618459] [11] /lib64/libc.so.6(+0x2a610)[0x14673502a610]
[genoahost102:618472] [ 1] /lib64/libc.so.6(+0x8d02c)[0x14c45028d02c]
[genoahost102:618472] [ 2] /lib64/libc.so.6(raise+0x16)[0x14c45023fb86]
[genoahost102:618459] [12] /lib64/libc.so.6(__libc_start_main+0x80)[0x14673502a6c0]
[genoahost102:618459] [13] /direct/sdcc+u/poare/Grid/build/examples/./Example_spec_kryschur[0x4147f5]
[genoahost102:618459] *** End of error message ***
[genoahost102:618472] [ 3] /lib64/libc.so.6(abort+0xd3)[0x14c450229873]
[genoahost102:618472] [ 4] /lib64/libc.so.6(+0x2979b)[0x14c45022979b]
[genoahost102:618472] [ 5] /lib64/libc.so.6(+0x388c6)[0x14c4502388c6]
[genoahost102:618472] [ 6] /direct/sdcc+u/poare/Grid/build/examples/./Example_spec_kryschur[0x4cc206]
[genoahost102:618472] [ 7] /direct/sdcc+u/poare/Grid/build/examples/./Example_spec_kryschur[0x4cc2f1]
[genoahost102:618472] [ 8] /direct/sdcc+u/poare/Grid/build/examples/./Example_spec_kryschur[0x4c7e95]
[genoahost102:618472] [ 9] /direct/sdcc+u/poare/Grid/build/examples/./Example_spec_kryschur[0x4b5f4f]
[genoahost102:618472] [10] /direct/sdcc+u/poare/Grid/build/examples/./Example_spec_kryschur[0x41180d]
[genoahost102:618472] [11] /lib64/libc.so.6(+0x2a610)[0x14c45022a610]
[genoahost102:618472] [12] /lib64/libc.so.6(__libc_start_main+0x80)[0x14c45022a6c0]
[genoahost102:618472] [13] /direct/sdcc+u/poare/Grid/build/examples/./Example_spec_kryschur[0x4147f5]
[genoahost102:618472] *** End of error message ***
srun: error: genoahost098: tasks 17,22: Aborted (core dumped)
srun: error: genoahost103: task 103: Aborted (core dumped)
srun: error: genoahost102: tasks 82,90,93: Aborted (core dumped)
srun: error: genoahost097: task 11: Aborted (core dumped)
srun: error: genoahost104: tasks 113,124,127: Aborted (core dumped)
srun: error: genoahost100: task 48: Aborted (core dumped)
srun: error: genoahost103: tasks 96,104: Aborted (core dumped)
srun: error: genoahost099: tasks 33,42: Aborted (core dumped)
srun: error: genoahost101: task 76: Aborted (core dumped)
srun: error: genoahost100: tasks 49,55: Aborted (core dumped)
srun: error: genoahost098: tasks 23,29: Aborted (core dumped)
srun: error: genoahost099: task 34: Aborted (core dumped)
srun: error: genoahost102: tasks 80,84: Aborted (core dumped)
srun: error: genoahost100: tasks 58,62: Aborted (core dumped)
srun: error: genoahost104: task 122: Aborted (core dumped)
srun: error: genoahost101: tasks 77-78: Aborted (core dumped)
srun: error: genoahost102: tasks 92,95: Aborted (core dumped)
srun: error: genoahost097: tasks 2,4,13,15: Aborted (core dumped)
srun: error: genoahost098: tasks 16,27: Aborted (core dumped)
srun: error: genoahost099: tasks 32,36-37,39: Aborted (core dumped)
srun: error: genoahost100: tasks 59,63: Aborted (core dumped)
srun: error: genoahost098: tasks 21,31: Aborted (core dumped)
srun: error: genoahost101: tasks 69,72: Aborted (core dumped)
srun: error: genoahost102: task 87: Aborted (core dumped)
Example_spec_kryschur: ../../Grid/communicator/SharedMemoryMPI.cc:434: static void Grid::GlobalSharedMemory::OptimalCommunicatorSharedMemory(const Coordinate&, ompi_communicator_t*&, Grid::Coordinate&): Assertion `WorldSize==Nprocessors' failed.
[genoahost098:1620660] *** Process received signal ***
[genoahost098:1620660] Signal: Aborted (6)
[genoahost098:1620660] Signal code:  (-6)
Example_spec_kryschur: ../../Grid/communicator/SharedMemoryMPI.cc:434: static void Grid::GlobalSharedMemory::OptimalCommunicatorSharedMemory(const Coordinate&, ompi_communicator_t*&, Grid::Coordinate&): Assertion `WorldSize==Nprocessors' failed.
[genoahost098:1620662] *** Process received signal ***
[genoahost098:1620662] Signal: Aborted (6)
[genoahost098:1620662] Signal code:  (-6)
[genoahost098:1620660] [ 0] /lib64/libc.so.6(+0x3fc30)[0x151e6883fc30]
[genoahost098:1620660] [ 1] /lib64/libc.so.6(+0x8d02c)[0x151e6888d02c]
[genoahost098:1620660] [ 2] /lib64/libc.so.6(raise+0x16)[0x151e6883fb86]
[genoahost098:1620660] [ 3] /lib64/libc.so.6(abort+0xd3)[0x151e68829873]
[genoahost098:1620660] [ 4] /lib64/libc.so.6(+0x2979b)[0x151e6882979b]
[genoahost098:1620660] [ 5] /lib64/libc.so.6(+0x388c6)[0x151e688388c6]
[genoahost098:1620660] [ 6] /direct/sdcc+u/poare/Grid/build/examples/./Example_spec_kryschur[0x4cc206]
[genoahost098:1620660] [ 7] /direct/sdcc+u/poare/Grid/build/examples/./Example_spec_kryschur[0x4cc2f1]
[genoahost098:1620660] [ 8] /direct/sdcc+u/poare/Grid/build/examples/./Example_spec_kryschur[0x4c7e95]
[genoahost098:1620660] [ 9] /direct/sdcc+u/poare/Grid/build/examples/./Example_spec_kryschur[0x4b5f4f]
[genoahost098:1620660] [10] /direct/sdcc+u/poare/Grid/build/examples/./Example_spec_kryschur[0x41180d]
[genoahost098:1620660] [11] /lib64/libc.so.6(+0x2a610)[0x151e6882a610]
[genoahost098:1620660] [12] /lib64/libc.so.6(__libc_start_main+0x80)[0x151e6882a6c0]
[genoahost098:1620660] [13] /direct/sdcc+u/poare/Grid/build/examples/./Example_spec_kryschur[0x4147f5]
[genoahost098:1620660] *** End of error message ***
[genoahost098:1620662] [ 0] /lib64/libc.so.6(+0x3fc30)[0x14db73a3fc30]
[genoahost098:1620662] [ 1] /lib64/libc.so.6(+0x8d02c)[0x14db73a8d02c]
[genoahost098:1620662] [ 2] /lib64/libc.so.6(raise+0x16)[0x14db73a3fb86]
[genoahost098:1620662] [ 3] /lib64/libc.so.6(abort+0xd3)[0x14db73a29873]
[genoahost098:1620662] [ 4] /lib64/libc.so.6(+0x2979b)[0x14db73a2979b]
[genoahost098:1620662] [ 5] /lib64/libc.so.6(+0x388c6)[0x14db73a388c6]
[genoahost098:1620662] [ 6] /direct/sdcc+u/poare/Grid/build/examples/./Example_spec_kryschur[0x4cc206]
[genoahost098:1620662] [ 7] /direct/sdcc+u/poare/Grid/build/examples/./Example_spec_kryschur[0x4cc2f1]
[genoahost098:1620662] [ 8] /direct/sdcc+u/poare/Grid/build/examples/./Example_spec_kryschur[0x4c7e95]
[genoahost098:1620662] [ 9] /direct/sdcc+u/poare/Grid/build/examples/./Example_spec_kryschur[0x4b5f4f]
[genoahost098:1620662] [10] /direct/sdcc+u/poare/Grid/build/examples/./Example_spec_kryschur[0x41180d]
[genoahost098:1620662] [11] /lib64/libc.so.6(+0x2a610)[0x14db73a2a610]
[genoahost098:1620662] [12] /lib64/libc.so.6(__libc_start_main+0x80)[0x14db73a2a6c0]
[genoahost098:1620662] [13] /direct/sdcc+u/poare/Grid/build/examples/./Example_spec_kryschur[0x4147f5]
[genoahost098:1620662] *** End of error message ***
srun: error: genoahost103: task 101: Aborted (core dumped)
srun: error: genoahost104: task 123: Aborted (core dumped)
srun: error: genoahost097: task 7: Aborted (core dumped)
srun: error: genoahost099: tasks 35,38,40: Aborted (core dumped)
srun: error: genoahost098: task 25: Aborted (core dumped)
srun: error: genoahost100: tasks 51,54,61: Aborted (core dumped)
srun: error: genoahost103: task 102: Aborted (core dumped)
srun: error: genoahost097: task 12: Aborted (core dumped)
srun: error: genoahost099: tasks 44-45: Aborted (core dumped)
srun: error: genoahost104: tasks 114,118: Aborted (core dumped)
srun: error: genoahost103: tasks 98-99,105,108: Aborted (core dumped)
srun: error: genoahost100: task 50: Aborted (core dumped)
Example_spec_kryschur: ../../Grid/communicator/SharedMemoryMPI.cc:434: static void Grid::GlobalSharedMemory::OptimalCommunicatorSharedMemory(const Coordinate&, ompi_communicator_t*&, Grid::Coordinate&): Assertion `WorldSize==Nprocessors' failed.
[genoahost104:619350] *** Process received signal ***
[genoahost104:619350] Signal: Aborted (6)
[genoahost104:619350] Signal code:  (-6)
Example_spec_kryschur: ../../Grid/communicator/SharedMemoryMPI.cc:434: static void Grid::GlobalSharedMemory::OptimalCommunicatorSharedMemory(const Coordinate&, ompi_communicator_t*&, Grid::Coordinate&): Assertion `WorldSize==Nprocessors' failed.
[genoahost104:619350] [ 0] /lib64/libc.so.6(+0x3fc30)[0x1479c6c3fc30]
[genoahost104:619355] *** Process received signal ***
[genoahost104:619355] Signal: Aborted (6)
[genoahost104:619355] Signal code:  (-6)
[genoahost104:619350] [ 1] /lib64/libc.so.6(+0x8d02c)[0x1479c6c8d02c]
[genoahost104:619350] [ 2] /lib64/libc.so.6(raise+0x16)[0x1479c6c3fb86]
[genoahost104:619350] [ 3] /lib64/libc.so.6(abort+0xd3)[0x1479c6c29873]
[genoahost104:619350] [ 4] /lib64/libc.so.6(+0x2979b)[0x1479c6c2979b]
[genoahost104:619350] [ 5] /lib64/libc.so.6(+0x388c6)[0x1479c6c388c6]
[genoahost104:619350] [ 6] /direct/sdcc+u/poare/Grid/build/examples/./Example_spec_kryschur[0x4cc206]
[genoahost104:619350] [ 7] /direct/sdcc+u/poare/Grid/build/examples/./Example_spec_kryschur[0x4cc2f1]
[genoahost104:619350] [ 8] /direct/sdcc+u/poare/Grid/build/examples/./Example_spec_kryschur[0x4c7e95]
[genoahost104:619350] [ 9] /direct/sdcc+u/poare/Grid/build/examples/./Example_spec_kryschur[0x4b5f4f]
[genoahost104:619350] [10] /direct/sdcc+u/poare/Grid/build/examples/./Example_spec_kryschur[0x41180d]
[genoahost104:619350] [11] /lib64/libc.so.6(+0x2a610)[0x1479c6c2a610]
[genoahost104:619350] [12] /lib64/libc.so.6(__libc_start_main+0x80)[0x1479c6c2a6c0]
[genoahost104:619350] [13] /direct/sdcc+u/poare/Grid/build/examples/./Example_spec_kryschur[0x4147f5]
[genoahost104:619350] *** End of error message ***
[genoahost104:619355] [ 0] /lib64/libc.so.6(+0x3fc30)[0x14b26463fc30]
[genoahost104:619355] [ 1] /lib64/libc.so.6(+0x8d02c)[0x14b26468d02c]
[genoahost104:619355] [ 2] /lib64/libc.so.6(raise+0x16)[0x14b26463fb86]
[genoahost104:619355] [ 3] /lib64/libc.so.6(abort+0xd3)[0x14b264629873]
[genoahost104:619355] [ 4] /lib64/libc.so.6(+0x2979b)[0x14b26462979b]
[genoahost104:619355] [ 5] /lib64/libc.so.6(+0x388c6)[0x14b2646388c6]
[genoahost104:619355] [ 6] /direct/sdcc+u/poare/Grid/build/examples/./Example_spec_kryschur[0x4cc206]
[genoahost104:619355] [ 7] /direct/sdcc+u/poare/Grid/build/examples/./Example_spec_kryschur[0x4cc2f1]
[genoahost104:619355] [ 8] /direct/sdcc+u/poare/Grid/build/examples/./Example_spec_kryschur[0x4c7e95]
[genoahost104:619355] [ 9] /direct/sdcc+u/poare/Grid/build/examples/./Example_spec_kryschur[0x4b5f4f]
[genoahost104:619355] [10] /direct/sdcc+u/poare/Grid/build/examples/./Example_spec_kryschur[0x41180d]
[genoahost104:619355] [11] /lib64/libc.so.6(+0x2a610)[0x14b26462a610]
[genoahost104:619355] [12] /lib64/libc.so.6(__libc_start_main+0x80)[0x14b26462a6c0]
[genoahost104:619355] [13] /direct/sdcc+u/poare/Grid/build/examples/./Example_spec_kryschur[0x4147f5]
[genoahost104:619355] *** End of error message ***
srun: error: genoahost099: task 41: Aborted (core dumped)
srun: error: genoahost104: task 112: Aborted (core dumped)
srun: error: genoahost097: tasks 3,5,10: Aborted (core dumped)
srun: error: genoahost103: task 111: Aborted (core dumped)
srun: error: genoahost098: task 24: Aborted (core dumped)
srun: error: genoahost101: task 73: Aborted (core dumped)
srun: error: genoahost097: tasks 1,9: Aborted (core dumped)
Example_spec_kryschur: ../../Grid/communicator/SharedMemoryMPI.cc:434: static void Grid::GlobalSharedMemory::OptimalCommunicatorSharedMemory(const Coordinate&, ompi_communicator_t*&, Grid::Coordinate&): Assertion `WorldSize==Nprocessors' failed.
[genoahost100:639193] *** Process received signal ***
[genoahost100:639193] Signal: Aborted (6)
[genoahost100:639193] Signal code:  (-6)
Example_spec_kryschur: ../../Grid/communicator/SharedMemoryMPI.cc:434: static void Grid::GlobalSharedMemory::OptimalCommunicatorSharedMemory(const Coordinate&, ompi_communicator_t*&, Grid::Coordinate&): Assertion `WorldSize==Nprocessors' failed.
[genoahost100:639190] *** Process received signal ***
[genoahost100:639190] Signal: Aborted (6)
[genoahost100:639190] Signal code:  (-6)
[genoahost100:639193] [ 0] /lib64/libc.so.6(+0x3fc30)[0x148f7803fc30]
[genoahost100:639193] [ 1] /lib64/libc.so.6(+0x8d02c)[0x148f7808d02c]
[genoahost100:639193] [ 2] /lib64/libc.so.6(raise+0x16)[0x148f7803fb86]
[genoahost100:639193] [ 3] /lib64/libc.so.6(abort+0xd3)[0x148f78029873]
[genoahost100:639193] [ 4] /lib64/libc.so.6(+0x2979b)[0x148f7802979b]
[genoahost100:639193] [ 5] /lib64/libc.so.6(+0x388c6)[0x148f780388c6]
[genoahost100:639193] [ 6] /direct/sdcc+u/poare/Grid/build/examples/./Example_spec_kryschur[0x4cc206]
[genoahost100:639193] [ 7] /direct/sdcc+u/poare/Grid/build/examples/./Example_spec_kryschur[0x4cc2f1]
[genoahost100:639193] [ 8] /direct/sdcc+u/poare/Grid/build/examples/./Example_spec_kryschur[0x4c7e95]
[genoahost100:639193] [ 9] /direct/sdcc+u/poare/Grid/build/examples/./Example_spec_kryschur[0x4b5f4f]
[genoahost100:639190] [ 0] /lib64/libc.so.6(+0x3fc30)[0x14d22163fc30]
[genoahost100:639193] [10] /direct/sdcc+u/poare/Grid/build/examples/./Example_spec_kryschur[0x41180d]
[genoahost100:639193] [11] /lib64/libc.so.6(+0x2a610)[0x148f7802a610]
[genoahost100:639190] [ 1] /lib64/libc.so.6(+0x8d02c)[0x14d22168d02c]
[genoahost100:639193] [12] /lib64/libc.so.6(__libc_start_main+0x80)[0x148f7802a6c0]
[genoahost100:639193] [13] /direct/sdcc+u/poare/Grid/build/examples/./Example_spec_kryschur[0x4147f5]
[genoahost100:639193] *** End of error message ***
[genoahost100:639190] [ 2] /lib64/libc.so.6(raise+0x16)[0x14d22163fb86]
[genoahost100:639190] [ 3] /lib64/libc.so.6(abort+0xd3)[0x14d221629873]
[genoahost100:639190] [ 4] /lib64/libc.so.6(+0x2979b)[0x14d22162979b]
[genoahost100:639190] [ 5] /lib64/libc.so.6(+0x388c6)[0x14d2216388c6]
[genoahost100:639190] [ 6] /direct/sdcc+u/poare/Grid/build/examples/./Example_spec_kryschur[0x4cc206]
[genoahost100:639190] [ 7] /direct/sdcc+u/poare/Grid/build/examples/./Example_spec_kryschur[0x4cc2f1]
[genoahost100:639190] [ 8] /direct/sdcc+u/poare/Grid/build/examples/./Example_spec_kryschur[0x4c7e95]
[genoahost100:639190] [ 9] /direct/sdcc+u/poare/Grid/build/examples/./Example_spec_kryschur[0x4b5f4f]
[genoahost100:639190] [10] /direct/sdcc+u/poare/Grid/build/examples/./Example_spec_kryschur[0x41180d]
[genoahost100:639190] [11] /lib64/libc.so.6(+0x2a610)[0x14d22162a610]
[genoahost100:639190] [12] /lib64/libc.so.6(__libc_start_main+0x80)[0x14d22162a6c0]
[genoahost100:639190] [13] /direct/sdcc+u/poare/Grid/build/examples/./Example_spec_kryschur[0x4147f5]
[genoahost100:639190] *** End of error message ***
srun: error: genoahost098: tasks 19-20,30: Aborted (core dumped)
srun: error: genoahost103: task 110: Aborted (core dumped)
srun: error: genoahost099: task 46: Aborted (core dumped)
srun: error: genoahost100: task 53: Aborted (core dumped)
srun: error: genoahost101: task 66: Aborted (core dumped)
Example_spec_kryschur: ../../Grid/communicator/SharedMemoryMPI.cc:434: static void Grid::GlobalSharedMemory::OptimalCommunicatorSharedMemory(const Coordinate&, ompi_communicator_t*&, Grid::Coordinate&): Assertion `WorldSize==Nprocessors' failed.
[genoahost099:1600410] *** Process received signal ***
[genoahost099:1600410] Signal: Aborted (6)
[genoahost099:1600410] Signal code:  (-6)
Example_spec_kryschur: ../../Grid/communicator/SharedMemoryMPI.cc:434: static void Grid::GlobalSharedMemory::OptimalCommunicatorSharedMemory(const Coordinate&, ompi_communicator_t*&, Grid::Coordinate&): Assertion `WorldSize==Nprocessors' failed.
[genoahost099:1600406] *** Process received signal ***
[genoahost099:1600406] Signal: Aborted (6)
[genoahost099:1600406] Signal code:  (-6)
[genoahost099:1600410] [ 0] /lib64/libc.so.6(+0x3fc30)[0x153a2023fc30]
[genoahost099:1600410] [ 1] /lib64/libc.so.6(+0x8d02c)[0x153a2028d02c]
[genoahost099:1600410] [ 2] /lib64/libc.so.6(raise+0x16)[0x153a2023fb86]
[genoahost099:1600410] [ 3] /lib64/libc.so.6(abort+0xd3)[0x153a20229873]
[genoahost099:1600410] [ 4] /lib64/libc.so.6(+0x2979b)[0x153a2022979b]
[genoahost099:1600410] [ 5] /lib64/libc.so.6(+0x388c6)[0x153a202388c6]
[genoahost099:1600410] [ 6] /direct/sdcc+u/poare/Grid/build/examples/./Example_spec_kryschur[0x4cc206]
[genoahost099:1600410] [ 7] /direct/sdcc+u/poare/Grid/build/examples/./Example_spec_kryschur[0x4cc2f1]
[genoahost099:1600410] [ 8] /direct/sdcc+u/poare/Grid/build/examples/./Example_spec_kryschur[0x4c7e95]
[genoahost099:1600410] [ 9] /direct/sdcc+u/poare/Grid/build/examples/./Example_spec_kryschur[0x4b5f4f]
[genoahost099:1600410] [10] /direct/sdcc+u/poare/Grid/build/examples/./Example_spec_kryschur[0x41180d]
[genoahost099:1600410] [11] /lib64/libc.so.6(+0x2a610)[0x153a2022a610]
[genoahost099:1600410] [12] /lib64/libc.so.6(__libc_start_main+0x80)[0x153a2022a6c0]
[genoahost099:1600410] [13] /direct/sdcc+u/poare/Grid/build/examples/./Example_spec_kryschur[0x4147f5]
[genoahost099:1600410] *** End of error message ***
[genoahost099:1600406] [ 0] /lib64/libc.so.6(+0x3fc30)[0x14c93e83fc30]
[genoahost099:1600406] [ 1] /lib64/libc.so.6(+0x8d02c)[0x14c93e88d02c]
[genoahost099:1600406] [ 2] /lib64/libc.so.6(raise+0x16)[0x14c93e83fb86]
[genoahost099:1600406] [ 3] /lib64/libc.so.6(abort+0xd3)[0x14c93e829873]
[genoahost099:1600406] [ 4] /lib64/libc.so.6(+0x2979b)[0x14c93e82979b]
[genoahost099:1600406] [ 5] /lib64/libc.so.6(+0x388c6)[0x14c93e8388c6]
[genoahost099:1600406] [ 6] /direct/sdcc+u/poare/Grid/build/examples/./Example_spec_kryschur[0x4cc206]
[genoahost099:1600406] [ 7] /direct/sdcc+u/poare/Grid/build/examples/./Example_spec_kryschur[0x4cc2f1]
[genoahost099:1600406] [ 8] /direct/sdcc+u/poare/Grid/build/examples/./Example_spec_kryschur[0x4c7e95]
[genoahost099:1600406] [ 9] /direct/sdcc+u/poare/Grid/build/examples/./Example_spec_kryschur[0x4b5f4f]
[genoahost099:1600406] [10] /direct/sdcc+u/poare/Grid/build/examples/./Example_spec_kryschur[0x41180d]
[genoahost099:1600406] [11] /lib64/libc.so.6(+0x2a610)[0x14c93e82a610]
[genoahost099:1600406] [12] /lib64/libc.so.6(__libc_start_main+0x80)[0x14c93e82a6c0]
[genoahost099:1600406] [13] /direct/sdcc+u/poare/Grid/build/examples/./Example_spec_kryschur[0x4147f5]
[genoahost099:1600406] *** End of error message ***
srun: error: genoahost102: tasks 86,89: Aborted (core dumped)
srun: error: genoahost103: tasks 100,109: Aborted (core dumped)
srun: error: genoahost097: task 0: Aborted (core dumped)
srun: error: genoahost101: task 65: Aborted (core dumped)
srun: error: genoahost102: task 88: Aborted (core dumped)
srun: error: genoahost103: task 106: Aborted (core dumped)
srun: error: genoahost097: task 8: Aborted (core dumped)
Example_spec_kryschur: ../../Grid/communicator/SharedMemoryMPI.cc:434: static void Grid::GlobalSharedMemory::OptimalCommunicatorSharedMemory(const Coordinate&, ompi_communicator_t*&, Grid::Coordinate&): Assertion `WorldSize==Nprocessors' failed.
srun: error: genoahost098: task 28: Aborted (core dumped)
[genoahost103:607938] *** Process received signal ***
[genoahost103:607938] Signal: Aborted (6)
[genoahost103:607938] Signal code:  (-6)
Example_spec_kryschur: ../../Grid/communicator/SharedMemoryMPI.cc:434: static void Grid::GlobalSharedMemory::OptimalCommunicatorSharedMemory(const Coordinate&, ompi_communicator_t*&, Grid::Coordinate&): Assertion `WorldSize==Nprocessors' failed.
[genoahost103:607948] *** Process received signal ***
[genoahost103:607948] Signal: Aborted (6)
[genoahost103:607948] Signal code:  (-6)
[genoahost103:607938] [ 0] /lib64/libc.so.6(+0x3fc30)[0x14db0cc3fc30]
[genoahost103:607938] [ 1] /lib64/libc.so.6(+0x8d02c)[0x14db0cc8d02c]
[genoahost103:607938] [ 2] /lib64/libc.so.6(raise+0x16)[0x14db0cc3fb86]
[genoahost103:607938] [ 3] /lib64/libc.so.6(abort+0xd3)[0x14db0cc29873]
[genoahost103:607938] [ 4] /lib64/libc.so.6(+0x2979b)[0x14db0cc2979b]
[genoahost103:607938] [ 5] /lib64/libc.so.6(+0x388c6)[0x14db0cc388c6]
[genoahost103:607938] [ 6] /direct/sdcc+u/poare/Grid/build/examples/./Example_spec_kryschur[0x4cc206]
[genoahost103:607938] [ 7] /direct/sdcc+u/poare/Grid/build/examples/./Example_spec_kryschur[0x4cc2f1]
[genoahost103:607938] [ 8] /direct/sdcc+u/poare/Grid/build/examples/./Example_spec_kryschur[0x4c7e95]
[genoahost103:607938] [ 9] /direct/sdcc+u/poare/Grid/build/examples/./Example_spec_kryschur[0x4b5f4f]
[genoahost103:607938] [10] /direct/sdcc+u/poare/Grid/build/examples/./Example_spec_kryschur[0x41180d]
[genoahost103:607938] [11] /lib64/libc.so.6(+0x2a610)[0x14db0cc2a610]
[genoahost103:607948] [ 0] /lib64/libc.so.6(+0x3fc30)[0x14ac0863fc30]
[genoahost103:607938] [12] /lib64/libc.so.6(__libc_start_main+0x80)[0x14db0cc2a6c0]
[genoahost103:607938] [13] /direct/sdcc+u/poare/Grid/build/examples/./Example_spec_kryschur[0x4147f5]
[genoahost103:607938] *** End of error message ***
[genoahost103:607948] [ 1] /lib64/libc.so.6(+0x8d02c)[0x14ac0868d02c]
[genoahost103:607948] [ 2] /lib64/libc.so.6(raise+0x16)[0x14ac0863fb86]
[genoahost103:607948] [ 3] /lib64/libc.so.6(abort+0xd3)[0x14ac08629873]
[genoahost103:607948] [ 4] /lib64/libc.so.6(+0x2979b)[0x14ac0862979b]
[genoahost103:607948] [ 5] /lib64/libc.so.6(+0x388c6)[0x14ac086388c6]
[genoahost103:607948] [ 6] /direct/sdcc+u/poare/Grid/build/examples/./Example_spec_kryschur[0x4cc206]
[genoahost103:607948] [ 7] /direct/sdcc+u/poare/Grid/build/examples/./Example_spec_kryschur[0x4cc2f1]
[genoahost103:607948] [ 8] /direct/sdcc+u/poare/Grid/build/examples/./Example_spec_kryschur[0x4c7e95]
[genoahost103:607948] [ 9] /direct/sdcc+u/poare/Grid/build/examples/./Example_spec_kryschur[0x4b5f4f]
[genoahost103:607948] [10] /direct/sdcc+u/poare/Grid/build/examples/./Example_spec_kryschur[0x41180d]
[genoahost103:607948] [11] /lib64/libc.so.6(+0x2a610)[0x14ac0862a610]
[genoahost103:607948] [12] /lib64/libc.so.6(__libc_start_main+0x80)[0x14ac0862a6c0]
[genoahost103:607948] [13] /direct/sdcc+u/poare/Grid/build/examples/./Example_spec_kryschur[0x4147f5]
[genoahost103:607948] *** End of error message ***
srun: error: genoahost102: task 91: Aborted (core dumped)
srun: error: genoahost098: task 26: Aborted (core dumped)
Example_spec_kryschur: ../../Grid/communicator/SharedMemoryMPI.cc:434: static void Grid::GlobalSharedMemory::OptimalCommunicatorSharedMemory(const Coordinate&, ompi_communicator_t*&, Grid::Coordinate&): Assertion `WorldSize==Nprocessors' failed.
[genoahost102:618463] *** Process received signal ***
[genoahost102:618463] Signal: Aborted (6)
[genoahost102:618463] Signal code:  (-6)
Example_spec_kryschur: ../../Grid/communicator/SharedMemoryMPI.cc:434: static void Grid::GlobalSharedMemory::OptimalCommunicatorSharedMemory(const Coordinate&, ompi_communicator_t*&, Grid::Coordinate&): Assertion `WorldSize==Nprocessors' failed.
[genoahost102:618461] *** Process received signal ***
[genoahost102:618461] Signal: Aborted (6)
[genoahost102:618461] Signal code:  (-6)
[genoahost102:618463] [ 0] /lib64/libc.so.6(+0x3fc30)[0x14864e83fc30]
[genoahost102:618463] [ 1] /lib64/libc.so.6(+0x8d02c)[0x14864e88d02c]
[genoahost102:618463] [ 2] /lib64/libc.so.6(raise+0x16)[0x14864e83fb86]
[genoahost102:618463] [ 3] /lib64/libc.so.6(abort+0xd3)[0x14864e829873]
[genoahost102:618463] [ 4] /lib64/libc.so.6(+0x2979b)[0x14864e82979b]
[genoahost102:618463] [ 5] /lib64/libc.so.6(+0x388c6)[0x14864e8388c6]
[genoahost102:618463] [ 6] /direct/sdcc+u/poare/Grid/build/examples/./Example_spec_kryschur[0x4cc206]
[genoahost102:618463] [ 7] /direct/sdcc+u/poare/Grid/build/examples/./Example_spec_kryschur[0x4cc2f1]
[genoahost102:618463] [ 8] /direct/sdcc+u/poare/Grid/build/examples/./Example_spec_kryschur[0x4c7e95]
[genoahost102:618463] [ 9] /direct/sdcc+u/poare/Grid/build/examples/./Example_spec_kryschur[0x4b5f4f]
[genoahost102:618463] [10] /direct/sdcc+u/poare/Grid/build/examples/./Example_spec_kryschur[0x41180d]
[genoahost102:618463] [11] /lib64/libc.so.6(+0x2a610)[0x14864e82a610]
[genoahost102:618463] [12] /lib64/libc.so.6(__libc_start_main+0x80)[0x14864e82a6c0]
[genoahost102:618463] [13] /direct/sdcc+u/poare/Grid/build/examples/./Example_spec_kryschur[0x4147f5]
[genoahost102:618463] *** End of error message ***
[genoahost102:618461] [ 0] /lib64/libc.so.6(+0x3fc30)[0x14e3a1c3fc30]
[genoahost102:618461] [ 1] /lib64/libc.so.6(+0x8d02c)[0x14e3a1c8d02c]
[genoahost102:618461] [ 2] /lib64/libc.so.6(raise+0x16)[0x14e3a1c3fb86]
[genoahost102:618461] [ 3] /lib64/libc.so.6(abort+0xd3)[0x14e3a1c29873]
[genoahost102:618461] [ 4] /lib64/libc.so.6(+0x2979b)[0x14e3a1c2979b]
[genoahost102:618461] [ 5] /lib64/libc.so.6(+0x388c6)[0x14e3a1c388c6]
[genoahost102:618461] [ 6] /direct/sdcc+u/poare/Grid/build/examples/./Example_spec_kryschur[0x4cc206]
[genoahost102:618461] [ 7] /direct/sdcc+u/poare/Grid/build/examples/./Example_spec_kryschur[0x4cc2f1]
[genoahost102:618461] [ 8] /direct/sdcc+u/poare/Grid/build/examples/./Example_spec_kryschur[0x4c7e95]
[genoahost102:618461] [ 9] /direct/sdcc+u/poare/Grid/build/examples/./Example_spec_kryschur[0x4b5f4f]
[genoahost102:618461] [10] /direct/sdcc+u/poare/Grid/build/examples/./Example_spec_kryschur[0x41180d]
[genoahost102:618461] [11] /lib64/libc.so.6(+0x2a610)[0x14e3a1c2a610]
[genoahost102:618461] [12] /lib64/libc.so.6(__libc_start_main+0x80)[0x14e3a1c2a6c0]
[genoahost102:618461] [13] /direct/sdcc+u/poare/Grid/build/examples/./Example_spec_kryschur[0x4147f5]
[genoahost102:618461] *** End of error message ***
srun: error: genoahost104: task 116: Aborted (core dumped)
Example_spec_kryschur: ../../Grid/communicator/SharedMemoryMPI.cc:434: static void Grid::GlobalSharedMemory::OptimalCommunicatorSharedMemory(const Coordinate&, ompi_communicator_t*&, Grid::Coordinate&): Assertion `WorldSize==Nprocessors' failed.
Example_spec_kryschur: ../../Grid/communicator/SharedMemoryMPI.cc:434: static void Grid::GlobalSharedMemory::OptimalCommunicatorSharedMemory(const Coordinate&, ompi_communicator_t*&, Grid::Coordinate&): Assertion `WorldSize==Nprocessors' failed.
[genoahost097:1721382] *** Process received signal ***
[genoahost097:1721382] Signal: Aborted (6)
[genoahost097:1721382] Signal code:  (-6)
[genoahost097:1721390] *** Process received signal ***
[genoahost097:1721390] Signal: Aborted (6)
[genoahost097:1721390] Signal code:  (-6)
[genoahost097:1721390] [ 0] /lib64/libc.so.6(+0x3fc30)[0x14e7f9c3fc30]
[genoahost097:1721382] [ 0] /lib64/libc.so.6(+0x3fc30)[0x1499b583fc30]
[genoahost097:1721390] [ 1] /lib64/libc.so.6(+0x8d02c)[0x14e7f9c8d02c]
[genoahost097:1721382] [ 1] /lib64/libc.so.6(+0x8d02c)[0x1499b588d02c]
[genoahost097:1721390] [ 2] /lib64/libc.so.6(raise+0x16)[0x14e7f9c3fb86]
[genoahost097:1721382] [ 2] /lib64/libc.so.6(raise+0x16)[0x1499b583fb86]
[genoahost097:1721390] [ 3] /lib64/libc.so.6(abort+0xd3)[0x14e7f9c29873]
[genoahost097:1721390] [ 4] /lib64/libc.so.6(+0x2979b)[0x14e7f9c2979b]
[genoahost097:1721382] [ 3] /lib64/libc.so.6(abort+0xd3)[0x1499b5829873]
[genoahost097:1721382] [ 4] /lib64/libc.so.6(+0x2979b)[0x1499b582979b]
[genoahost097:1721390] [ 5] /lib64/libc.so.6(+0x388c6)[0x14e7f9c388c6]
[genoahost097:1721390] [ 6] /direct/sdcc+u/poare/Grid/build/examples/./Example_spec_kryschur[0x4cc206]
[genoahost097:1721390] [ 7] /direct/sdcc+u/poare/Grid/build/examples/./Example_spec_kryschur[0x4cc2f1]
[genoahost097:1721390] [ 8] /direct/sdcc+u/poare/Grid/build/examples/./Example_spec_kryschur[0x4c7e95]
[genoahost097:1721382] [ 5] /lib64/libc.so.6(+0x388c6)[0x1499b58388c6]
[genoahost097:1721382] [ 6] /direct/sdcc+u/poare/Grid/build/examples/./Example_spec_kryschur[0x4cc206]
[genoahost097:1721382] [ 7] /direct/sdcc+u/poare/Grid/build/examples/./Example_spec_kryschur[0x4cc2f1]
[genoahost097:1721390] [ 9] /direct/sdcc+u/poare/Grid/build/examples/./Example_spec_kryschur[0x4b5f4f]
[genoahost097:1721390] [10] /direct/sdcc+u/poare/Grid/build/examples/./Example_spec_kryschur[0x41180d]
[genoahost097:1721390] [11] /lib64/libc.so.6(+0x2a610)[0x14e7f9c2a610]
[genoahost097:1721382] [ 8] /direct/sdcc+u/poare/Grid/build/examples/./Example_spec_kryschur[0x4c7e95]
[genoahost097:1721382] [ 9] /direct/sdcc+u/poare/Grid/build/examples/./Example_spec_kryschur[0x4b5f4f]
[genoahost097:1721382] [10] /direct/sdcc+u/poare/Grid/build/examples/./Example_spec_kryschur[0x41180d]
[genoahost097:1721390] [12] /lib64/libc.so.6(__libc_start_main+0x80)[0x14e7f9c2a6c0]
[genoahost097:1721390] [13] /direct/sdcc+u/poare/Grid/build/examples/./Example_spec_kryschur[0x4147f5]
[genoahost097:1721390] *** End of error message ***
[genoahost097:1721382] [11] /lib64/libc.so.6(+0x2a610)[0x1499b582a610]
[genoahost097:1721382] [12] /lib64/libc.so.6(__libc_start_main+0x80)[0x1499b582a6c0]
[genoahost097:1721382] [13] /direct/sdcc+u/poare/Grid/build/examples/./Example_spec_kryschur[0x4147f5]
[genoahost097:1721382] *** End of error message ***
srun: error: genoahost101: task 64: Aborted (core dumped)
srun: error: genoahost100: task 60: Aborted (core dumped)
srun: error: genoahost104: task 121: Aborted (core dumped)
srun: error: genoahost099: task 47: Aborted (core dumped)
srun: error: genoahost100: task 57: Aborted (core dumped)
srun: error: genoahost099: task 43: Aborted (core dumped)
srun: error: genoahost103: task 97: Aborted (core dumped)
srun: error: genoahost104: task 125: Aborted (core dumped)
srun: error: genoahost102: task 83: Aborted (core dumped)
srun: error: genoahost103: task 107: Aborted (core dumped)
srun: error: genoahost097: task 6: Aborted (core dumped)
srun: error: genoahost102: tasks 81,85: Aborted (core dumped)
srun: error: genoahost097: task 14: Aborted (core dumped)
srun: error: genoahost101: task 75: Aborted (core dumped)
srun: error: genoahost104: task 120: Aborted (core dumped)
srun: error: genoahost102: task 94: Aborted (core dumped)
