8
128
2.4.4.4.1
No PMIx server was reachable, but a PMI1/2 was detected.
If srun is being used to launch application,  128 singletons will be started.
SharedMemoryMpi:  World communicator of size 1
SharedMemoryMpi:  Node  communicator of size 1
SharedMemoryMpi: SharedMemoryAllocate 17179869184 SHMOPEN implementation 
SharedMemoryMpi:  World communicator of size 1
SharedMemoryMpi:  Node  communicator of size 1
SharedMemoryMpi: SharedMemoryAllocate 17179869184 SHMOPEN implementation 
SharedMemoryMpi:  World communicator of size 1
SharedMemoryMpi:  Node  communicator of size 1
SharedMemoryMpi: SharedMemoryAllocate 17179869184 SHMOPEN implementation 
SharedMemoryMpi:  World communicator of size 1
SharedMemoryMpi:  Node  communicator of size 1
SharedMemoryMpi: SharedMemoryAllocate 17179869184 SHMOPEN implementation 
SharedMemoryMpi:  World communicator of size 1
SharedMemoryMpi:  Node  communicator of size 1
SharedMemoryMpi: SharedMemoryAllocate 17179869184 SHMOPEN implementation 
SharedMemoryMpi:  World communicator of size 1
SharedMemoryMpi:  Node  communicator of size 1
SharedMemoryMpi: SharedMemoryAllocate 17179869184 SHMOPEN implementation 
SharedMemoryMpi:  World communicator of size 1
SharedMemoryMpi:  Node  communicator of size 1
SharedMemoryMpi: SharedMemoryAllocate 17179869184 SHMOPEN implementation 
SharedMemoryMpi:  World communicator of size 1
SharedMemoryMpi:  Node  communicator of size 1
SharedMemoryMpi: SharedMemoryAllocate 17179869184 SHMOPEN implementation 
SharedMemoryMpi:  World communicator of size 1
SharedMemoryMpi:  Node  communicator of size 1
SharedMemoryMpi: SharedMemoryAllocate 17179869184 SHMOPEN implementation 
SharedMemoryMpi:  World communicator of size 1
SharedMemoryMpi:  Node  communicator of size 1
SharedMemoryMpi: SharedMemoryAllocate 17179869184 SHMOPEN implementation 
SharedMemoryMpi:  World communicator of size 1
SharedMemoryMpi:  Node  communicator of size 1
SharedMemoryMpi: SharedMemoryAllocate 17179869184 SHMOPEN implementation 
SharedMemoryMpi:  World communicator of size 1
SharedMemoryMpi:  Node  communicator of size 1
SharedMemoryMpi: SharedMemoryAllocate 17179869184 SHMOPEN implementation 
SharedMemoryMpi:  World communicator of size 1
SharedMemoryMpi:  Node  communicator of size 1
SharedMemoryMpi: SharedMemoryAllocate 17179869184 SHMOPEN implementation 
SharedMemoryMpi:  World communicator of size 1
SharedMemoryMpi:  Node  communicator of size 1
SharedMemoryMpi: SharedMemoryAllocate 17179869184 SHMOPEN implementation 
SharedMemoryMpi:  World communicator of size 1
SharedMemoryMpi:  Node  communicator of size 1
SharedMemoryMpi: SharedMemoryAllocate 17179869184 SHMOPEN implementation 
SharedMemoryMpi:  World communicator of size 1
SharedMemoryMpi:  Node  communicator of size 1
SharedMemoryMpi: SharedMemoryAllocate 17179869184 SHMOPEN implementation 
SharedMemoryMpi:  World communicator of size 1
SharedMemoryMpi:  Node  communicator of size 1
SharedMemoryMpi: SharedMemoryAllocate 17179869184 SHMOPEN implementation 
SharedMemoryMpi:  World communicator of size 1
SharedMemoryMpi:  Node  communicator of size 1
SharedMemoryMpi: SharedMemoryAllocate 17179869184 SHMOPEN implementation 
SharedMemoryMpi:  World communicator of size 1
SharedMemoryMpi:  Node  communicator of size 1
SharedMemoryMpi: SharedMemoryAllocate 17179869184 SHMOPEN implementation 
SharedMemoryMpi:  World communicator of size 1
SharedMemoryMpi:  Node  communicator of size 1
SharedMemoryMpi: SharedMemoryAllocate 17179869184 SHMOPEN implementation 
SharedMemoryMpi:  World communicator of size 1
SharedMemoryMpi:  Node  communicator of size 1
SharedMemoryMpi: SharedMemoryAllocate 17179869184 SHMOPEN implementation 
SharedMemoryMpi:  World communicator of size 1
SharedMemoryMpi:  Node  communicator of size 1
SharedMemoryMpi: SharedMemoryAllocate 17179869184 SHMOPEN implementation 
SharedMemoryMpi:  World communicator of size 1
SharedMemoryMpi:  Node  communicator of size 1
SharedMemoryMpi: SharedMemoryAllocate 17179869184 SHMOPEN implementation 
SharedMemoryMpi:  World communicator of size 1
SharedMemoryMpi:  Node  communicator of size 1
SharedMemoryMpi: SharedMemoryAllocate 17179869184 SHMOPEN implementation 
SharedMemoryMpi:  World communicator of size 1
SharedMemoryMpi:  Node  communicator of size 1
SharedMemoryMpi: SharedMemoryAllocate 17179869184 SHMOPEN implementation 
SharedMemoryMpi:  World communicator of size 1
SharedMemoryMpi:  Node  communicator of size 1
SharedMemoryMpi: SharedMemoryAllocate 17179869184 SHMOPEN implementation 
SharedMemoryMpi:  World communicator of size 1
SharedMemoryMpi:  Node  communicator of size 1
SharedMemoryMpi: SharedMemoryAllocate 17179869184 SHMOPEN implementation 
SharedMemoryMpi:  World communicator of size 1
SharedMemoryMpi:  Node  communicator of size 1
SharedMemoryMpi: SharedMemoryAllocate 17179869184 SHMOPEN implementation 
SharedMemoryMpi:  World communicator of size 1
SharedMemoryMpi:  Node  communicator of size 1
SharedMemoryMpi: SharedMemoryAllocate 17179869184 SHMOPEN implementation 
SharedMemoryMpi:  World communicator of size 1
SharedMemoryMpi:  Node  communicator of size 1
SharedMemoryMpi: SharedMemoryAllocate 17179869184 SHMOPEN implementation 
SharedMemoryMpi:  World communicator of size 1
SharedMemoryMpi:  Node  communicator of size 1
SharedMemoryMpi: SharedMemoryAllocate 17179869184 SHMOPEN implementation 
SharedMemoryMpi:  World communicator of size 1
SharedMemoryMpi:  Node  communicator of size 1
SharedMemoryMpi: SharedMemoryAllocate 17179869184 SHMOPEN implementation 
SharedMemoryMpi:  World communicator of size 1
SharedMemoryMpi:  Node  communicator of size 1
SharedMemoryMpi: SharedMemoryAllocate 17179869184 SHMOPEN implementation 
SharedMemoryMpi:  World communicator of size 1
SharedMemoryMpi:  Node  communicator of size 1
SharedMemoryMpi: SharedMemoryAllocate 17179869184 SHMOPEN implementation 
SharedMemoryMpi:  World communicator of size 1
SharedMemoryMpi:  Node  communicator of size 1
SharedMemoryMpi: SharedMemoryAllocate 17179869184 SHMOPEN implementation 
SharedMemoryMpi:  World communicator of size 1
SharedMemoryMpi:  Node  communicator of size 1
SharedMemoryMpi: SharedMemoryAllocate 17179869184 SHMOPEN implementation 
SharedMemoryMpi:  World communicator of size 1
SharedMemoryMpi:  Node  communicator of size 1
SharedMemoryMpi: SharedMemoryAllocate 17179869184 SHMOPEN implementation 
SharedMemoryMpi:  World communicator of size 1
SharedMemoryMpi:  Node  communicator of size 1
SharedMemoryMpi: SharedMemoryAllocate 17179869184 SHMOPEN implementation 
SharedMemoryMpi:  World communicator of size 1
SharedMemoryMpi:  Node  communicator of size 1
SharedMemoryMpi: SharedMemoryAllocate 17179869184 SHMOPEN implementation 
SharedMemoryMpi:  World communicator of size 1
SharedMemoryMpi:  Node  communicator of size 1
SharedMemoryMpi: SharedMemoryAllocate 17179869184 SHMOPEN implementation 
SharedMemoryMpi:  World communicator of size 1
SharedMemoryMpi:  Node  communicator of size 1
SharedMemoryMpi: SharedMemoryAllocate 17179869184 SHMOPEN implementation 
SharedMemoryMpi:  World communicator of size 1
SharedMemoryMpi:  Node  communicator of size 1
SharedMemoryMpi: SharedMemoryAllocate 17179869184 SHMOPEN implementation 
SharedMemoryMpi:  World communicator of size 1
SharedMemoryMpi:  Node  communicator of size 1
SharedMemoryMpi: SharedMemoryAllocate 17179869184 SHMOPEN implementation 
SharedMemoryMpi:  World communicator of size 1
SharedMemoryMpi:  Node  communicator of size 1
SharedMemoryMpi: SharedMemoryAllocate 17179869184 SHMOPEN implementation 
SharedMemoryMpi:  World communicator of size 1
SharedMemoryMpi:  Node  communicator of size 1
SharedMemoryMpi: SharedMemoryAllocate 17179869184 SHMOPEN implementation 
SharedMemoryMpi:  World communicator of size 1
SharedMemoryMpi:  Node  communicator of size 1
SharedMemoryMpi: SharedMemoryAllocate 17179869184 SHMOPEN implementation 
SharedMemoryMpi:  World communicator of size 1
SharedMemoryMpi:  Node  communicator of size 1
SharedMemoryMpi: SharedMemoryAllocate 17179869184 SHMOPEN implementation 
SharedMemoryMpi:  World communicator of size 1
SharedMemoryMpi:  Node  communicator of size 1
SharedMemoryMpi: SharedMemoryAllocate 17179869184 SHMOPEN implementation 
SharedMemoryMpi:  World communicator of size 1
SharedMemoryMpi:  Node  communicator of size 1
SharedMemoryMpi: SharedMemoryAllocate 17179869184 SHMOPEN implementation 
SharedMemoryMpi:  World communicator of size 1
SharedMemoryMpi:  Node  communicator of size 1
SharedMemoryMpi: SharedMemoryAllocate 17179869184 SHMOPEN implementation 
SharedMemoryMpi:  World communicator of size 1
SharedMemoryMpi:  Node  communicator of size 1
SharedMemoryMpi: SharedMemoryAllocate 17179869184 SHMOPEN implementation 
SharedMemoryMpi:  World communicator of size 1
SharedMemoryMpi:  Node  communicator of size 1
SharedMemoryMpi: SharedMemoryAllocate 17179869184 SHMOPEN implementation 
SharedMemoryMpi:  World communicator of size 1
SharedMemoryMpi:  Node  communicator of size 1
SharedMemoryMpi: SharedMemoryAllocate 17179869184 SHMOPEN implementation 
SharedMemoryMpi:  World communicator of size 1
SharedMemoryMpi:  Node  communicator of size 1
SharedMemoryMpi: SharedMemoryAllocate 17179869184 SHMOPEN implementation 
SharedMemoryMpi:  World communicator of size 1
SharedMemoryMpi:  Node  communicator of size 1
SharedMemoryMpi: SharedMemoryAllocate 17179869184 SHMOPEN implementation 
SharedMemoryMpi:  World communicator of size 1
SharedMemoryMpi:  Node  communicator of size 1
SharedMemoryMpi: SharedMemoryAllocate 17179869184 SHMOPEN implementation 
SharedMemoryMpi:  World communicator of size 1
SharedMemoryMpi:  Node  communicator of size 1
SharedMemoryMpi: SharedMemoryAllocate 17179869184 SHMOPEN implementation 
SharedMemoryMpi:  World communicator of size 1
SharedMemoryMpi:  Node  communicator of size 1
SharedMemoryMpi: SharedMemoryAllocate 17179869184 SHMOPEN implementation 
SharedMemoryMpi:  World communicator of size 1
SharedMemoryMpi:  Node  communicator of size 1
SharedMemoryMpi: SharedMemoryAllocate 17179869184 SHMOPEN implementation 
SharedMemoryMpi:  World communicator of size 1
SharedMemoryMpi:  Node  communicator of size 1
SharedMemoryMpi: SharedMemoryAllocate 17179869184 SHMOPEN implementation 
SharedMemoryMpi:  World communicator of size 1
SharedMemoryMpi:  Node  communicator of size 1
SharedMemoryMpi: SharedMemoryAllocate 17179869184 SHMOPEN implementation 
SharedMemoryMpi:  World communicator of size 1
SharedMemoryMpi:  Node  communicator of size 1
SharedMemoryMpi: SharedMemoryAllocate 17179869184 SHMOPEN implementation 
SharedMemoryMpi:  World communicator of size 1
SharedMemoryMpi:  Node  communicator of size 1
SharedMemoryMpi: SharedMemoryAllocate 17179869184 SHMOPEN implementation 
SharedMemoryMpi:  World communicator of size 1
SharedMemoryMpi:  Node  communicator of size 1
SharedMemoryMpi: SharedMemoryAllocate 17179869184 SHMOPEN implementation 
SharedMemoryMpi:  World communicator of size 1
SharedMemoryMpi:  Node  communicator of size 1
SharedMemoryMpi: SharedMemoryAllocate 17179869184 SHMOPEN implementation 
SharedMemoryMpi:  World communicator of size 1
SharedMemoryMpi:  Node  communicator of size 1
SharedMemoryMpi: SharedMemoryAllocate 17179869184 SHMOPEN implementation 
SharedMemoryMpi:  World communicator of size 1
SharedMemoryMpi:  Node  communicator of size 1
SharedMemoryMpi: SharedMemoryAllocate 17179869184 SHMOPEN implementation 
SharedMemoryMpi:  World communicator of size 1
SharedMemoryMpi:  Node  communicator of size 1
SharedMemoryMpi: SharedMemoryAllocate 17179869184 SHMOPEN implementation 
SharedMemoryMpi:  World communicator of size 1
SharedMemoryMpi:  Node  communicator of size 1
SharedMemoryMpi: SharedMemoryAllocate 17179869184 SHMOPEN implementation 
SharedMemoryMpi:  World communicator of size 1
SharedMemoryMpi:  Node  communicator of size 1
SharedMemoryMpi: SharedMemoryAllocate 17179869184 SHMOPEN implementation 
SharedMemoryMpi:  World communicator of size 1
SharedMemoryMpi:  Node  communicator of size 1
SharedMemoryMpi: SharedMemoryAllocate 17179869184 SHMOPEN implementation 
SharedMemoryMpi:  World communicator of size 1
SharedMemoryMpi:  Node  communicator of size 1
SharedMemoryMpi: SharedMemoryAllocate 17179869184 SHMOPEN implementation 
SharedMemoryMpi:  World communicator of size 1
SharedMemoryMpi:  Node  communicator of size 1
SharedMemoryMpi: SharedMemoryAllocate 17179869184 SHMOPEN implementation 
SharedMemoryMpi:  World communicator of size 1
SharedMemoryMpi:  Node  communicator of size 1
SharedMemoryMpi: SharedMemoryAllocate 17179869184 SHMOPEN implementation 
SharedMemoryMpi:  World communicator of size 1
SharedMemoryMpi:  Node  communicator of size 1
SharedMemoryMpi: SharedMemoryAllocate 17179869184 SHMOPEN implementation 
SharedMemoryMpi:  World communicator of size 1
SharedMemoryMpi:  Node  communicator of size 1
SharedMemoryMpi: SharedMemoryAllocate 17179869184 SHMOPEN implementation 
SharedMemoryMpi:  World communicator of size 1
SharedMemoryMpi:  Node  communicator of size 1
SharedMemoryMpi: SharedMemoryAllocate 17179869184 SHMOPEN implementation 
SharedMemoryMpi:  World communicator of size 1
SharedMemoryMpi:  Node  communicator of size 1
SharedMemoryMpi: SharedMemoryAllocate 17179869184 SHMOPEN implementation 
SharedMemoryMpi:  World communicator of size 1
SharedMemoryMpi:  Node  communicator of size 1
SharedMemoryMpi: SharedMemoryAllocate 17179869184 SHMOPEN implementation 
SharedMemoryMpi:  World communicator of size 1
SharedMemoryMpi:  Node  communicator of size 1
SharedMemoryMpi: SharedMemoryAllocate 17179869184 SHMOPEN implementation 
SharedMemoryMpi:  World communicator of size 1
SharedMemoryMpi:  Node  communicator of size 1
SharedMemoryMpi: SharedMemoryAllocate 17179869184 SHMOPEN implementation 
SharedMemoryMpi:  World communicator of size 1
SharedMemoryMpi:  Node  communicator of size 1
SharedMemoryMpi: SharedMemoryAllocate 17179869184 SHMOPEN implementation 
SharedMemoryMpi:  World communicator of size 1
SharedMemoryMpi:  Node  communicator of size 1
SharedMemoryMpi: SharedMemoryAllocate 17179869184 SHMOPEN implementation 
SharedMemoryMpi:  World communicator of size 1
SharedMemoryMpi:  Node  communicator of size 1
SharedMemoryMpi: SharedMemoryAllocate 17179869184 SHMOPEN implementation 
SharedMemoryMpi:  World communicator of size 1
SharedMemoryMpi:  Node  communicator of size 1
SharedMemoryMpi: SharedMemoryAllocate 17179869184 SHMOPEN implementation 
SharedMemoryMpi:  World communicator of size 1
SharedMemoryMpi:  Node  communicator of size 1
SharedMemoryMpi: SharedMemoryAllocate 17179869184 SHMOPEN implementation 
SharedMemoryMpi:  World communicator of size 1
SharedMemoryMpi:  Node  communicator of size 1
SharedMemoryMpi: SharedMemoryAllocate 17179869184 SHMOPEN implementation 
SharedMemoryMpi:  World communicator of size 1
SharedMemoryMpi:  Node  communicator of size 1
SharedMemoryMpi: SharedMemoryAllocate 17179869184 SHMOPEN implementation 
SharedMemoryMpi:  World communicator of size 1
SharedMemoryMpi:  Node  communicator of size 1
SharedMemoryMpi: SharedMemoryAllocate 17179869184 SHMOPEN implementation 
SharedMemoryMpi:  World communicator of size 1
SharedMemoryMpi:  Node  communicator of size 1
SharedMemoryMpi: SharedMemoryAllocate 17179869184 SHMOPEN implementation 
SharedMemoryMpi:  World communicator of size 1
SharedMemoryMpi:  Node  communicator of size 1
SharedMemoryMpi: SharedMemoryAllocate 17179869184 SHMOPEN implementation 
SharedMemoryMpi:  World communicator of size 1
SharedMemoryMpi:  Node  communicator of size 1
SharedMemoryMpi: SharedMemoryAllocate 17179869184 SHMOPEN implementation 
SharedMemoryMpi:  World communicator of size 1
SharedMemoryMpi:  Node  communicator of size 1
SharedMemoryMpi: SharedMemoryAllocate 17179869184 SHMOPEN implementation 
SharedMemoryMpi:  World communicator of size 1
SharedMemoryMpi:  Node  communicator of size 1
SharedMemoryMpi: SharedMemoryAllocate 17179869184 SHMOPEN implementation 
SharedMemoryMpi:  World communicator of size 1
SharedMemoryMpi:  Node  communicator of size 1
SharedMemoryMpi: SharedMemoryAllocate 17179869184 SHMOPEN implementation 
SharedMemoryMpi:  World communicator of size 1
SharedMemoryMpi:  Node  communicator of size 1
SharedMemoryMpi: SharedMemoryAllocate 17179869184 SHMOPEN implementation 
SharedMemoryMpi:  World communicator of size 1
SharedMemoryMpi:  Node  communicator of size 1
SharedMemoryMpi: SharedMemoryAllocate 17179869184 SHMOPEN implementation 
SharedMemoryMpi:  World communicator of size 1
SharedMemoryMpi:  Node  communicator of size 1
SharedMemoryMpi: SharedMemoryAllocate 17179869184 SHMOPEN implementation 
SharedMemoryMpi:  World communicator of size 1
SharedMemoryMpi:  Node  communicator of size 1
SharedMemoryMpi: SharedMemoryAllocate 17179869184 SHMOPEN implementation 
SharedMemoryMpi:  World communicator of size 1
SharedMemoryMpi:  Node  communicator of size 1
SharedMemoryMpi: SharedMemoryAllocate 17179869184 SHMOPEN implementation 
SharedMemoryMpi:  World communicator of size 1
SharedMemoryMpi:  Node  communicator of size 1
SharedMemoryMpi: SharedMemoryAllocate 17179869184 SHMOPEN implementation 
SharedMemoryMpi:  World communicator of size 1
SharedMemoryMpi:  Node  communicator of size 1
SharedMemoryMpi: SharedMemoryAllocate 17179869184 SHMOPEN implementation 
SharedMemoryMpi:  World communicator of size 1
SharedMemoryMpi:  Node  communicator of size 1
SharedMemoryMpi: SharedMemoryAllocate 17179869184 SHMOPEN implementation 
SharedMemoryMpi:  World communicator of size 1
SharedMemoryMpi:  Node  communicator of size 1
SharedMemoryMpi: SharedMemoryAllocate 17179869184 SHMOPEN implementation 
SharedMemoryMpi:  World communicator of size 1
SharedMemoryMpi:  Node  communicator of size 1
SharedMemoryMpi: SharedMemoryAllocate 17179869184 SHMOPEN implementation 
SharedMemoryMpi:  World communicator of size 1
SharedMemoryMpi:  Node  communicator of size 1
SharedMemoryMpi: SharedMemoryAllocate 17179869184 SHMOPEN implementation 
SharedMemoryMpi:  World communicator of size 1
SharedMemoryMpi:  Node  communicator of size 1
SharedMemoryMpi: SharedMemoryAllocate 17179869184 SHMOPEN implementation 
SharedMemoryMpi:  World communicator of size 1
SharedMemoryMpi:  Node  communicator of size 1
SharedMemoryMpi: SharedMemoryAllocate 17179869184 SHMOPEN implementation 
SharedMemoryMpi:  World communicator of size 1
SharedMemoryMpi:  Node  communicator of size 1
SharedMemoryMpi: SharedMemoryAllocate 17179869184 SHMOPEN implementation 
SharedMemoryMpi:  World communicator of size 1
SharedMemoryMpi:  Node  communicator of size 1
SharedMemoryMpi: SharedMemoryAllocate 17179869184 SHMOPEN implementation 
SharedMemoryMpi:  World communicator of size 1
SharedMemoryMpi:  Node  communicator of size 1
SharedMemoryMpi: SharedMemoryAllocate 17179869184 SHMOPEN implementation 
SharedMemoryMpi:  World communicator of size 1
SharedMemoryMpi:  Node  communicator of size 1
SharedMemoryMpi: SharedMemoryAllocate 17179869184 SHMOPEN implementation 
SharedMemoryMpi:  World communicator of size 1
SharedMemoryMpi:  Node  communicator of size 1
SharedMemoryMpi: SharedMemoryAllocate 17179869184 SHMOPEN implementation 
SharedMemoryMpi:  World communicator of size 1
SharedMemoryMpi:  Node  communicator of size 1
SharedMemoryMpi: SharedMemoryAllocate 17179869184 SHMOPEN implementation 
SharedMemoryMpi:  World communicator of size 1
SharedMemoryMpi:  Node  communicator of size 1
SharedMemoryMpi: SharedMemoryAllocate 17179869184 SHMOPEN implementation 
SharedMemoryMpi:  World communicator of size 1
SharedMemoryMpi:  Node  communicator of size 1
SharedMemoryMpi: SharedMemoryAllocate 17179869184 SHMOPEN implementation 
SharedMemoryMpi:  World communicator of size 1
SharedMemoryMpi:  Node  communicator of size 1
SharedMemoryMpi: SharedMemoryAllocate 17179869184 SHMOPEN implementation 
SharedMemoryMpi:  World communicator of size 1
SharedMemoryMpi:  Node  communicator of size 1
SharedMemoryMpi: SharedMemoryAllocate 17179869184 SHMOPEN implementation 
SharedMemoryMpi:  World communicator of size 1
SharedMemoryMpi:  Node  communicator of size 1
SharedMemoryMpi: SharedMemoryAllocate 17179869184 SHMOPEN implementation 
SharedMemoryMpi:  World communicator of size 1
SharedMemoryMpi:  Node  communicator of size 1
SharedMemoryMpi: SharedMemoryAllocate 17179869184 SHMOPEN implementation 
SharedMemoryMpi:  World communicator of size 1
SharedMemoryMpi:  Node  communicator of size 1
SharedMemoryMpi: SharedMemoryAllocate 17179869184 SHMOPEN implementation 
SharedMemoryMpi:  World communicator of size 1
SharedMemoryMpi:  Node  communicator of size 1
SharedMemoryMpi: SharedMemoryAllocate 17179869184 SHMOPEN implementation 
SharedMemoryMpi:  World communicator of size 1
SharedMemoryMpi:  Node  communicator of size 1
SharedMemoryMpi: SharedMemoryAllocate 17179869184 SHMOPEN implementation 
SharedMemoryMpi:  World communicator of size 1
SharedMemoryMpi:  Node  communicator of size 1
SharedMemoryMpi: SharedMemoryAllocate 17179869184 SHMOPEN implementation 
SharedMemoryMpi:  World communicator of size 1
SharedMemoryMpi:  Node  communicator of size 1
SharedMemoryMpi: SharedMemoryAllocate 17179869184 SHMOPEN implementation 
SharedMemoryMpi:  World communicator of size 1
SharedMemoryMpi:  Node  communicator of size 1
SharedMemoryMpi: SharedMemoryAllocate 17179869184 SHMOPEN implementation 
SharedMemoryMpi:  World communicator of size 1
SharedMemoryMpi:  Node  communicator of size 1
SharedMemoryMpi: SharedMemoryAllocate 17179869184 SHMOPEN implementation 
SharedMemoryMpi:  World communicator of size 1
SharedMemoryMpi:  Node  communicator of size 1
SharedMemoryMpi: SharedMemoryAllocate 17179869184 SHMOPEN implementation 

__|__|__|__|__|__|__|__|__|__|__|__|__|__|__
__|__|__|__|__|__|__|__|__|__|__|__|__|__|__
__|_ |  |  |  |  |  |  |  |  |  |  |  | _|__
__|_                                    _|__
__|_   GGGG    RRRR    III    DDDD      _|__
__|_  G        R   R    I     D   D     _|__
__|_  G        R   R    I     D    D    _|__
__|_  G  GG    RRRR     I     D    D    _|__
__|_  G   G    R  R     I     D   D     _|__
__|_   GGGG    R   R   III    DDDD      _|__
__|_                                    _|__
__|__|__|__|__|__|__|__|__|__|__|__|__|__|__
__|__|__|__|__|__|__|__|__|__|__|__|__|__|__
  |  |  |  |  |  |  |  |  |  |  |  |  |  |  


Copyright (C) 2015 Peter Boyle, Azusa Yamaguchi, Guido Cossu, Antonin Portelli and other authors

This program is free software; you can redistribute it and/or modify
it under the terms of the GNU General Public License as published by
the Free Software Foundation; either version 2 of the License, or
(at your option) any later version.

This program is distributed in the hope that it will be useful,
but WITHOUT ANY WARRANTY; without even the implied warranty of
MERCHANTABILITY or FITNESS FOR A PARTICULAR PURPOSE.  See the
GNU General Public License for more details.
Current Grid git commit hash=82d411ca7bb8ec4a5b5c3815df23674cfd291070: (HEAD -> develop, origin/develop, origin/HEAD) clean

Grid : Message : ================================================ 
Grid : Message : MPI is initialised and logging filters activated 
Grid : Message : ================================================ 
Grid : Message : This rank is running on host genoahost102.sdcc.bnl.local at local time 2026-02-27 13:59:39
Grid : Message : Requested 17179869184 byte stencil comms buffers 
Grid : Message : MemoryManager::Init() setting up
Grid : Message : MemoryManager::Init() cache pool for recent host   allocations: SMALL 8 LARGE 2 HUGE 0
Grid : Message : MemoryManager::Init() cache pool for recent device allocations: SMALL 16 LARGE 8 Huge 0
Grid : Message : MemoryManager::Init() cache pool for recent shared allocations: SMALL 16 LARGE 8 Huge 0
Grid : Message : MemoryManager::Init() Unified memory space
Example_spec_kryschur: ../../Grid/util/Init.cc:235: void Grid::GridParseLayout(char**, int, Grid::Coordinate&, Grid::Coordinate&): Assertion `latt.size()==nd' failed.
[genoahost102:632418] *** Process received signal ***
[genoahost102:632418] Signal: Aborted (6)
[genoahost102:632418] Signal code:  (-6)
[genoahost102:632418] [ 0] /lib64/libc.so.6(+0x3fc30)[0x152c31a3fc30]
[genoahost102:632418] [ 1] /lib64/libc.so.6(+0x8d02c)[0x152c31a8d02c]
[genoahost102:632418] [ 2] /lib64/libc.so.6(raise+0x16)[0x152c31a3fb86]
[genoahost102:632418] [ 3] /lib64/libc.so.6(abort+0xd3)[0x152c31a29873]
[genoahost102:632418] [ 4] /lib64/libc.so.6(+0x2979b)[0x152c31a2979b]
[genoahost102:632418] [ 5] /lib64/libc.so.6(+0x388c6)[0x152c31a388c6]
[genoahost102:632418] [ 6] /direct/sdcc+u/poare/Grid/build/examples/./Example_spec_kryschur[0x4c0ac6]
[genoahost102:632418] [ 7] /direct/sdcc+u/poare/Grid/build/examples/./Example_spec_kryschur[0x4c4b42]
[genoahost102:632418] [ 8] /direct/sdcc+u/poare/Grid/build/examples/./Example_spec_kryschur[0x4115b3]
[genoahost102:632418] [ 9] /lib64/libc.so.6(+0x2a610)[0x152c31a2a610]
[genoahost102:632418] [10] /lib64/libc.so.6(__libc_start_main+0x80)[0x152c31a2a6c0]
[genoahost102:632418] [11] /direct/sdcc+u/poare/Grid/build/examples/./Example_spec_kryschur[0x4147f5]
[genoahost102:632418] *** End of error message ***

__|__|__|__|__|__|__|__|__|__|__|__|__|__|__
__|__|__|__|__|__|__|__|__|__|__|__|__|__|__
__|_ |  |  |  |  |  |  |  |  |  |  |  | _|__
__|_                                    _|__
__|_   GGGG    RRRR    III    DDDD      _|__
__|_  G        R   R    I     D   D     _|__
__|_  G        R   R    I     D    D    _|__
__|_  G  GG    RRRR     I     D    D    _|__
__|_  G   G    R  R     I     D   D     _|__
__|_   GGGG    R   R   III    DDDD      _|__
__|_                                    _|__
__|__|__|__|__|__|__|__|__|__|__|__|__|__|__
__|__|__|__|__|__|__|__|__|__|__|__|__|__|__
  |  |  |  |  |  |  |  |  |  |  |  |  |  |  


Copyright (C) 2015 Peter Boyle, Azusa Yamaguchi, Guido Cossu, Antonin Portelli and other authors

This program is free software; you can redistribute it and/or modify
it under the terms of the GNU General Public License as published by
the Free Software Foundation; either version 2 of the License, or
(at your option) any later version.

This program is distributed in the hope that it will be useful,
but WITHOUT ANY WARRANTY; without even the implied warranty of
MERCHANTABILITY or FITNESS FOR A PARTICULAR PURPOSE.  See the
GNU General Public License for more details.
Current Grid git commit hash=82d411ca7bb8ec4a5b5c3815df23674cfd291070: (HEAD -> develop, origin/develop, origin/HEAD) clean

Grid : Message : ================================================ 
Grid : Message : MPI is initialised and logging filters activated 
Grid : Message : ================================================ 
Grid : Message : This rank is running on host genoahost102.sdcc.bnl.local at local time 2026-02-27 13:59:49
Grid : Message : Requested 17179869184 byte stencil comms buffers 
Grid : Message : MemoryManager::Init() setting up
Grid : Message : MemoryManager::Init() cache pool for recent host   allocations: SMALL 8 LARGE 2 HUGE 0
Grid : Message : MemoryManager::Init() cache pool for recent device allocations: SMALL 16 LARGE 8 Huge 0
Grid : Message : MemoryManager::Init() cache pool for recent shared allocations: SMALL 16 LARGE 8 Huge 0
Grid : Message : MemoryManager::Init() Unified memory space
Example_spec_kryschur: ../../Grid/util/Init.cc:235: void Grid::GridParseLayout(char**, int, Grid::Coordinate&, Grid::Coordinate&): Assertion `latt.size()==nd' failed.
[genoahost102:632423] *** Process received signal ***
[genoahost102:632423] Signal: Aborted (6)
[genoahost102:632423] Signal code:  (-6)
[genoahost102:632423] [ 0] /lib64/libc.so.6(+0x3fc30)[0x149d55c3fc30]
[genoahost102:632423] [ 1] /lib64/libc.so.6(+0x8d02c)[0x149d55c8d02c]
[genoahost102:632423] [ 2] /lib64/libc.so.6(raise+0x16)[0x149d55c3fb86]
[genoahost102:632423] [ 3] /lib64/libc.so.6(abort+0xd3)[0x149d55c29873]
[genoahost102:632423] [ 4] /lib64/libc.so.6(+0x2979b)[0x149d55c2979b]
[genoahost102:632423] [ 5] /lib64/libc.so.6(+0x388c6)[0x149d55c388c6]
[genoahost102:632423] [ 6] /direct/sdcc+u/poare/Grid/build/examples/./Example_spec_kryschur[0x4c0ac6]
[genoahost102:632423] [ 7] /direct/sdcc+u/poare/Grid/build/examples/./Example_spec_kryschur[0x4c4b42]
[genoahost102:632423] [ 8] /direct/sdcc+u/poare/Grid/build/examples/./Example_spec_kryschur[0x4115b3]
[genoahost102:632423] [ 9] /lib64/libc.so.6(+0x2a610)[0x149d55c2a610]
[genoahost102:632423] [10] /lib64/libc.so.6(__libc_start_main+0x80)[0x149d55c2a6c0]
[genoahost102:632423] [11] /direct/sdcc+u/poare/Grid/build/examples/./Example_spec_kryschur[0x4147f5]
[genoahost102:632423] *** End of error message ***

__|__|__|__|__|__|__|__|__|__|__|__|__|__|__
__|__|__|__|__|__|__|__|__|__|__|__|__|__|__
__|_ |  |  |  |  |  |  |  |  |  |  |  | _|__
__|_                                    _|__
__|_   GGGG    RRRR    III    DDDD      _|__
__|_  G        R   R    I     D   D     _|__
__|_  G        R   R    I     D    D    _|__
__|_  G  GG    RRRR     I     D    D    _|__
__|_  G   G    R  R     I     D   D     _|__
__|_   GGGG    R   R   III    DDDD      _|__
__|_                                    _|__
__|__|__|__|__|__|__|__|__|__|__|__|__|__|__
__|__|__|__|__|__|__|__|__|__|__|__|__|__|__
  |  |  |  |  |  |  |  |  |  |  |  |  |  |  


Copyright (C) 2015 Peter Boyle, Azusa Yamaguchi, Guido Cossu, Antonin Portelli and other authors

This program is free software; you can redistribute it and/or modify
it under the terms of the GNU General Public License as published by
the Free Software Foundation; either version 2 of the License, or
(at your option) any later version.

This program is distributed in the hope that it will be useful,
but WITHOUT ANY WARRANTY; without even the implied warranty of
MERCHANTABILITY or FITNESS FOR A PARTICULAR PURPOSE.  See the
GNU General Public License for more details.
Current Grid git commit hash=82d411ca7bb8ec4a5b5c3815df23674cfd291070: (HEAD -> develop, origin/develop, origin/HEAD) clean

Grid : Message : ================================================ 
Grid : Message : MPI is initialised and logging filters activated 
Grid : Message : ================================================ 
Grid : Message : This rank is running on host genoahost102.sdcc.bnl.local at local time 2026-02-27 13:59:49
Grid : Message : Requested 17179869184 byte stencil comms buffers 
Grid : Message : MemoryManager::Init() setting up
Grid : Message : MemoryManager::Init() cache pool for recent host   allocations: SMALL 8 LARGE 2 HUGE 0
Grid : Message : MemoryManager::Init() cache pool for recent device allocations: SMALL 16 LARGE 8 Huge 0
Grid : Message : MemoryManager::Init() cache pool for recent shared allocations: SMALL 16 LARGE 8 Huge 0
Grid : Message : MemoryManager::Init() Unified memory space
Example_spec_kryschur: ../../Grid/util/Init.cc:235: void Grid::GridParseLayout(char**, int, Grid::Coordinate&, Grid::Coordinate&): Assertion `latt.size()==nd' failed.
[genoahost102:632415] *** Process received signal ***
[genoahost102:632415] Signal: Aborted (6)
[genoahost102:632415] Signal code:  (-6)
[genoahost102:632415] [ 0] /lib64/libc.so.6(+0x3fc30)[0x14a31203fc30]
[genoahost102:632415] [ 1] /lib64/libc.so.6(+0x8d02c)[0x14a31208d02c]
[genoahost102:632415] [ 2] /lib64/libc.so.6(raise+0x16)[0x14a31203fb86]
[genoahost102:632415] [ 3] /lib64/libc.so.6(abort+0xd3)[0x14a312029873]
[genoahost102:632415] [ 4] /lib64/libc.so.6(+0x2979b)[0x14a31202979b]
[genoahost102:632415] [ 5] /lib64/libc.so.6(+0x388c6)[0x14a3120388c6]
[genoahost102:632415] [ 6] /direct/sdcc+u/poare/Grid/build/examples/./Example_spec_kryschur[0x4c0ac6]
[genoahost102:632415] [ 7] /direct/sdcc+u/poare/Grid/build/examples/./Example_spec_kryschur[0x4c4b42]
[genoahost102:632415] [ 8] /direct/sdcc+u/poare/Grid/build/examples/./Example_spec_kryschur[0x4115b3]
[genoahost102:632415] [ 9] /lib64/libc.so.6(+0x2a610)[0x14a31202a610]
[genoahost102:632415] [10] /lib64/libc.so.6(__libc_start_main+0x80)[0x14a31202a6c0]
[genoahost102:632415] [11] /direct/sdcc+u/poare/Grid/build/examples/./Example_spec_kryschur[0x4147f5]
[genoahost102:632415] *** End of error message ***
srun: error: genoahost102: task 89: Aborted (core dumped)

__|__|__|__|__|__|__|__|__|__|__|__|__|__|__
__|__|__|__|__|__|__|__|__|__|__|__|__|__|__
__|_ |  |  |  |  |  |  |  |  |  |  |  | _|__
__|_                                    _|__
__|_   GGGG    RRRR    III    DDDD      _|__
__|_  G        R   R    I     D   D     _|__
__|_  G        R   R    I     D    D    _|__
__|_  G  GG    RRRR     I     D    D    _|__
__|_  G   G    R  R     I     D   D     _|__
__|_   GGGG    R   R   III    DDDD      _|__
__|_                                    _|__
__|__|__|__|__|__|__|__|__|__|__|__|__|__|__
__|__|__|__|__|__|__|__|__|__|__|__|__|__|__
  |  |  |  |  |  |  |  |  |  |  |  |  |  |  


Copyright (C) 2015 Peter Boyle, Azusa Yamaguchi, Guido Cossu, Antonin Portelli and other authors

This program is free software; you can redistribute it and/or modify
it under the terms of the GNU General Public License as published by
the Free Software Foundation; either version 2 of the License, or
(at your option) any later version.

This program is distributed in the hope that it will be useful,
but WITHOUT ANY WARRANTY; without even the implied warranty of
MERCHANTABILITY or FITNESS FOR A PARTICULAR PURPOSE.  See the
GNU General Public License for more details.
Current Grid git commit hash=82d411ca7bb8ec4a5b5c3815df23674cfd291070: (HEAD -> develop, origin/develop, origin/HEAD) clean

Grid : Message : ================================================ 
Grid : Message : MPI is initialised and logging filters activated 
Grid : Message : ================================================ 
Grid : Message : This rank is running on host genoahost097.sdcc.bnl.local at local time 2026-02-27 13:59:56
Grid : Message : Requested 17179869184 byte stencil comms buffers 
Grid : Message : MemoryManager::Init() setting up
Grid : Message : MemoryManager::Init() cache pool for recent host   allocations: SMALL 8 LARGE 2 HUGE 0
Grid : Message : MemoryManager::Init() cache pool for recent device allocations: SMALL 16 LARGE 8 Huge 0
Grid : Message : MemoryManager::Init() cache pool for recent shared allocations: SMALL 16 LARGE 8 Huge 0
Grid : Message : MemoryManager::Init() Unified memory space
Example_spec_kryschur: ../../Grid/util/Init.cc:235: void Grid::GridParseLayout(char**, int, Grid::Coordinate&, Grid::Coordinate&): Assertion `latt.size()==nd' failed.
[genoahost097:1736980] *** Process received signal ***
[genoahost097:1736980] Signal: Aborted (6)
[genoahost097:1736980] Signal code:  (-6)
[genoahost097:1736980] [ 0] /lib64/libc.so.6(+0x3fc30)[0x14f12283fc30]
[genoahost097:1736980] [ 1] /lib64/libc.so.6(+0x8d02c)[0x14f12288d02c]
[genoahost097:1736980] [ 2] /lib64/libc.so.6(raise+0x16)[0x14f12283fb86]
[genoahost097:1736980] [ 3] /lib64/libc.so.6(abort+0xd3)[0x14f122829873]
[genoahost097:1736980] [ 4] /lib64/libc.so.6(+0x2979b)[0x14f12282979b]
[genoahost097:1736980] [ 5] /lib64/libc.so.6(+0x388c6)[0x14f1228388c6]
[genoahost097:1736980] [ 6] /direct/sdcc+u/poare/Grid/build/examples/./Example_spec_kryschur[0x4c0ac6]
[genoahost097:1736980] [ 7] /direct/sdcc+u/poare/Grid/build/examples/./Example_spec_kryschur[0x4c4b42]
[genoahost097:1736980] [ 8] /direct/sdcc+u/poare/Grid/build/examples/./Example_spec_kryschur[0x4115b3]
[genoahost097:1736980] [ 9] /lib64/libc.so.6(+0x2a610)[0x14f12282a610]
[genoahost097:1736980] [10] /lib64/libc.so.6(__libc_start_main+0x80)[0x14f12282a6c0]
[genoahost097:1736980] [11] /direct/sdcc+u/poare/Grid/build/examples/./Example_spec_kryschur[0x4147f5]
[genoahost097:1736980] *** End of error message ***
srun: error: genoahost102: task 94: Aborted (core dumped)

__|__|__|__|__|__|__|__|__|__|__|__|__|__|__
__|__|__|__|__|__|__|__|__|__|__|__|__|__|__
__|_ |  |  |  |  |  |  |  |  |  |  |  | _|__
__|_                                    _|__
__|_   GGGG    RRRR    III    DDDD      _|__
__|_  G        R   R    I     D   D     _|__
__|_  G        R   R    I     D    D    _|__
__|_  G  GG    RRRR     I     D    D    _|__
__|_  G   G    R  R     I     D   D     _|__
__|_   GGGG    R   R   III    DDDD      _|__
__|_                                    _|__
__|__|__|__|__|__|__|__|__|__|__|__|__|__|__
__|__|__|__|__|__|__|__|__|__|__|__|__|__|__
  |  |  |  |  |  |  |  |  |  |  |  |  |  |  


Copyright (C) 2015 Peter Boyle, Azusa Yamaguchi, Guido Cossu, Antonin Portelli and other authors

This program is free software; you can redistribute it and/or modify
it under the terms of the GNU General Public License as published by
the Free Software Foundation; either version 2 of the License, or
(at your option) any later version.

This program is distributed in the hope that it will be useful,
but WITHOUT ANY WARRANTY; without even the implied warranty of
MERCHANTABILITY or FITNESS FOR A PARTICULAR PURPOSE.  See the
GNU General Public License for more details.
Current Grid git commit hash=82d411ca7bb8ec4a5b5c3815df23674cfd291070: (HEAD -> develop, origin/develop, origin/HEAD) clean

Grid : Message : ================================================ 
Grid : Message : MPI is initialised and logging filters activated 
Grid : Message : ================================================ 
Grid : Message : This rank is running on host genoahost102.sdcc.bnl.local at local time 2026-02-27 14:00:05
Grid : Message : Requested 17179869184 byte stencil comms buffers 
Grid : Message : MemoryManager::Init() setting up
Grid : Message : MemoryManager::Init() cache pool for recent host   allocations: SMALL 8 LARGE 2 HUGE 0
Grid : Message : MemoryManager::Init() cache pool for recent device allocations: SMALL 16 LARGE 8 Huge 0
Grid : Message : MemoryManager::Init() cache pool for recent shared allocations: SMALL 16 LARGE 8 Huge 0
Grid : Message : MemoryManager::Init() Unified memory space
Example_spec_kryschur: ../../Grid/util/Init.cc:235: void Grid::GridParseLayout(char**, int, Grid::Coordinate&, Grid::Coordinate&): Assertion `latt.size()==nd' failed.
[genoahost102:632416] *** Process received signal ***
[genoahost102:632416] Signal: Aborted (6)
[genoahost102:632416] Signal code:  (-6)
[genoahost102:632416] [ 0] /lib64/libc.so.6(+0x3fc30)[0x14701603fc30]
[genoahost102:632416] [ 1] /lib64/libc.so.6(+0x8d02c)[0x14701608d02c]
[genoahost102:632416] [ 2] /lib64/libc.so.6(raise+0x16)[0x14701603fb86]
[genoahost102:632416] [ 3] /lib64/libc.so.6(abort+0xd3)[0x147016029873]
[genoahost102:632416] [ 4] /lib64/libc.so.6(+0x2979b)[0x14701602979b]
[genoahost102:632416] [ 5] /lib64/libc.so.6(+0x388c6)[0x1470160388c6]
[genoahost102:632416] [ 6] /direct/sdcc+u/poare/Grid/build/examples/./Example_spec_kryschur[0x4c0ac6]
[genoahost102:632416] [ 7] /direct/sdcc+u/poare/Grid/build/examples/./Example_spec_kryschur[0x4c4b42]
[genoahost102:632416] [ 8] /direct/sdcc+u/poare/Grid/build/examples/./Example_spec_kryschur[0x4115b3]
[genoahost102:632416] [ 9] /lib64/libc.so.6(+0x2a610)[0x14701602a610]
[genoahost102:632416] [10] /lib64/libc.so.6(__libc_start_main+0x80)[0x14701602a6c0]
[genoahost102:632416] [11] /direct/sdcc+u/poare/Grid/build/examples/./Example_spec_kryschur[0x4147f5]
[genoahost102:632416] *** End of error message ***

__|__|__|__|__|__|__|__|__|__|__|__|__|__|__
__|__|__|__|__|__|__|__|__|__|__|__|__|__|__
__|_ |  |  |  |  |  |  |  |  |  |  |  | _|__
__|_                                    _|__
__|_   GGGG    RRRR    III    DDDD      _|__
__|_  G        R   R    I     D   D     _|__
__|_  G        R   R    I     D    D    _|__
__|_  G  GG    RRRR     I     D    D    _|__
__|_  G   G    R  R     I     D   D     _|__
__|_   GGGG    R   R   III    DDDD      _|__
__|_                                    _|__
__|__|__|__|__|__|__|__|__|__|__|__|__|__|__
__|__|__|__|__|__|__|__|__|__|__|__|__|__|__
  |  |  |  |  |  |  |  |  |  |  |  |  |  |  


Copyright (C) 2015 Peter Boyle, Azusa Yamaguchi, Guido Cossu, Antonin Portelli and other authors

This program is free software; you can redistribute it and/or modify
it under the terms of the GNU General Public License as published by
the Free Software Foundation; either version 2 of the License, or
(at your option) any later version.

This program is distributed in the hope that it will be useful,
but WITHOUT ANY WARRANTY; without even the implied warranty of
MERCHANTABILITY or FITNESS FOR A PARTICULAR PURPOSE.  See the
GNU General Public License for more details.
Current Grid git commit hash=82d411ca7bb8ec4a5b5c3815df23674cfd291070: (HEAD -> develop, origin/develop, origin/HEAD) clean

Grid : Message : ================================================ 
Grid : Message : MPI is initialised and logging filters activated 
Grid : Message : ================================================ 
Grid : Message : This rank is running on host genoahost103.sdcc.bnl.local at local time 2026-02-27 14:00:05
Grid : Message : Requested 17179869184 byte stencil comms buffers 
Grid : Message : MemoryManager::Init() setting up
Grid : Message : MemoryManager::Init() cache pool for recent host   allocations: SMALL 8 LARGE 2 HUGE 0
Grid : Message : MemoryManager::Init() cache pool for recent device allocations: SMALL 16 LARGE 8 Huge 0
Grid : Message : MemoryManager::Init() cache pool for recent shared allocations: SMALL 16 LARGE 8 Huge 0
Grid : Message : MemoryManager::Init() Unified memory space
Example_spec_kryschur: ../../Grid/util/Init.cc:235: void Grid::GridParseLayout(char**, int, Grid::Coordinate&, Grid::Coordinate&): Assertion `latt.size()==nd' failed.
[genoahost103:621518] *** Process received signal ***
[genoahost103:621518] Signal: Aborted (6)
[genoahost103:621518] Signal code:  (-6)
[genoahost103:621518] [ 0] /lib64/libc.so.6(+0x3fc30)[0x14e089e3fc30]
[genoahost103:621518] [ 1] /lib64/libc.so.6(+0x8d02c)[0x14e089e8d02c]
[genoahost103:621518] [ 2] /lib64/libc.so.6(raise+0x16)[0x14e089e3fb86]
[genoahost103:621518] [ 3] /lib64/libc.so.6(abort+0xd3)[0x14e089e29873]
[genoahost103:621518] [ 4] /lib64/libc.so.6(+0x2979b)[0x14e089e2979b]
[genoahost103:621518] [ 5] /lib64/libc.so.6(+0x388c6)[0x14e089e388c6]
[genoahost103:621518] [ 6] /direct/sdcc+u/poare/Grid/build/examples/./Example_spec_kryschur[0x4c0ac6]
[genoahost103:621518] [ 7] /direct/sdcc+u/poare/Grid/build/examples/./Example_spec_kryschur[0x4c4b42]
[genoahost103:621518] [ 8] /direct/sdcc+u/poare/Grid/build/examples/./Example_spec_kryschur[0x4115b3]
[genoahost103:621518] [ 9] /lib64/libc.so.6(+0x2a610)[0x14e089e2a610]
[genoahost103:621518] [10] /lib64/libc.so.6(__libc_start_main+0x80)[0x14e089e2a6c0]
[genoahost103:621518] [11] /direct/sdcc+u/poare/Grid/build/examples/./Example_spec_kryschur[0x4147f5]
[genoahost103:621518] *** End of error message ***

__|__|__|__|__|__|__|__|__|__|__|__|__|__|__
__|__|__|__|__|__|__|__|__|__|__|__|__|__|__
__|_ |  |  |  |  |  |  |  |  |  |  |  | _|__
__|_                                    _|__
__|_   GGGG    RRRR    III    DDDD      _|__
__|_  G        R   R    I     D   D     _|__
__|_  G        R   R    I     D    D    _|__
__|_  G  GG    RRRR     I     D    D    _|__
__|_  G   G    R  R     I     D   D     _|__
__|_   GGGG    R   R   III    DDDD      _|__
__|_                                    _|__
__|__|__|__|__|__|__|__|__|__|__|__|__|__|__
__|__|__|__|__|__|__|__|__|__|__|__|__|__|__
  |  |  |  |  |  |  |  |  |  |  |  |  |  |  


Copyright (C) 2015 Peter Boyle, Azusa Yamaguchi, Guido Cossu, Antonin Portelli and other authors

This program is free software; you can redistribute it and/or modify
it under the terms of the GNU General Public License as published by
the Free Software Foundation; either version 2 of the License, or
(at your option) any later version.

This program is distributed in the hope that it will be useful,
but WITHOUT ANY WARRANTY; without even the implied warranty of
MERCHANTABILITY or FITNESS FOR A PARTICULAR PURPOSE.  See the
GNU General Public License for more details.
Current Grid git commit hash=82d411ca7bb8ec4a5b5c3815df23674cfd291070: (HEAD -> develop, origin/develop, origin/HEAD) clean

Grid : Message : ================================================ 
Grid : Message : MPI is initialised and logging filters activated 
Grid : Message : ================================================ 
Grid : Message : This rank is running on host genoahost103.sdcc.bnl.local at local time 2026-02-27 14:00:05
Grid : Message : Requested 17179869184 byte stencil comms buffers 
Grid : Message : MemoryManager::Init() setting up
Grid : Message : MemoryManager::Init() cache pool for recent host   allocations: SMALL 8 LARGE 2 HUGE 0
Grid : Message : MemoryManager::Init() cache pool for recent device allocations: SMALL 16 LARGE 8 Huge 0
Grid : Message : MemoryManager::Init() cache pool for recent shared allocations: SMALL 16 LARGE 8 Huge 0
Grid : Message : MemoryManager::Init() Unified memory space
Example_spec_kryschur: ../../Grid/util/Init.cc:235: void Grid::GridParseLayout(char**, int, Grid::Coordinate&, Grid::Coordinate&): Assertion `latt.size()==nd' failed.
[genoahost103:621511] *** Process received signal ***
[genoahost103:621511] Signal: Aborted (6)
[genoahost103:621511] Signal code:  (-6)
[genoahost103:621511] [ 0] /lib64/libc.so.6(+0x3fc30)[0x14560e63fc30]
[genoahost103:621511] [ 1] /lib64/libc.so.6(+0x8d02c)[0x14560e68d02c]
[genoahost103:621511] [ 2] /lib64/libc.so.6(raise+0x16)[0x14560e63fb86]
[genoahost103:621511] [ 3] /lib64/libc.so.6(abort+0xd3)[0x14560e629873]
[genoahost103:621511] [ 4] /lib64/libc.so.6(+0x2979b)[0x14560e62979b]
[genoahost103:621511] [ 5] /lib64/libc.so.6(+0x388c6)[0x14560e6388c6]
[genoahost103:621511] [ 6] /direct/sdcc+u/poare/Grid/build/examples/./Example_spec_kryschur[0x4c0ac6]
[genoahost103:621511] [ 7] /direct/sdcc+u/poare/Grid/build/examples/./Example_spec_kryschur[0x4c4b42]
[genoahost103:621511] [ 8] /direct/sdcc+u/poare/Grid/build/examples/./Example_spec_kryschur[0x4115b3]
[genoahost103:621511] [ 9] /lib64/libc.so.6(+0x2a610)[0x14560e62a610]
[genoahost103:621511] [10] /lib64/libc.so.6(__libc_start_main+0x80)[0x14560e62a6c0]
[genoahost103:621511] [11] /direct/sdcc+u/poare/Grid/build/examples/./Example_spec_kryschur[0x4147f5]
[genoahost103:621511] *** End of error message ***

__|__|__|__|__|__|__|__|__|__|__|__|__|__|__
__|__|__|__|__|__|__|__|__|__|__|__|__|__|__
__|_ |  |  |  |  |  |  |  |  |  |  |  | _|__
__|_                                    _|__
__|_   GGGG    RRRR    III    DDDD      _|__
__|_  G        R   R    I     D   D     _|__
__|_  G        R   R    I     D    D    _|__
__|_  G  GG    RRRR     I     D    D    _|__
__|_  G   G    R  R     I     D   D     _|__
__|_   GGGG    R   R   III    DDDD      _|__
__|_                                    _|__
__|__|__|__|__|__|__|__|__|__|__|__|__|__|__
__|__|__|__|__|__|__|__|__|__|__|__|__|__|__
  |  |  |  |  |  |  |  |  |  |  |  |  |  |  


Copyright (C) 2015 Peter Boyle, Azusa Yamaguchi, Guido Cossu, Antonin Portelli and other authors

This program is free software; you can redistribute it and/or modify
it under the terms of the GNU General Public License as published by
the Free Software Foundation; either version 2 of the License, or
(at your option) any later version.

This program is distributed in the hope that it will be useful,
but WITHOUT ANY WARRANTY; without even the implied warranty of
MERCHANTABILITY or FITNESS FOR A PARTICULAR PURPOSE.  See the
GNU General Public License for more details.
Current Grid git commit hash=82d411ca7bb8ec4a5b5c3815df23674cfd291070: (HEAD -> develop, origin/develop, origin/HEAD) clean

Grid : Message : ================================================ 
Grid : Message : MPI is initialised and logging filters activated 
Grid : Message : ================================================ 
Grid : Message : This rank is running on host genoahost102.sdcc.bnl.local at local time 2026-02-27 14:00:05
Grid : Message : Requested 17179869184 byte stencil comms buffers 
Grid : Message : MemoryManager::Init() setting up
Grid : Message : MemoryManager::Init() cache pool for recent host   allocations: SMALL 8 LARGE 2 HUGE 0
Grid : Message : MemoryManager::Init() cache pool for recent device allocations: SMALL 16 LARGE 8 Huge 0
Grid : Message : MemoryManager::Init() cache pool for recent shared allocations: SMALL 16 LARGE 8 Huge 0
Grid : Message : MemoryManager::Init() Unified memory space
Example_spec_kryschur: ../../Grid/util/Init.cc:235: void Grid::GridParseLayout(char**, int, Grid::Coordinate&, Grid::Coordinate&): Assertion `latt.size()==nd' failed.
[genoahost102:632417] *** Process received signal ***
[genoahost102:632417] Signal: Aborted (6)
[genoahost102:632417] Signal code:  (-6)
[genoahost102:632417] [ 0] /lib64/libc.so.6(+0x3fc30)[0x1460cbc3fc30]
[genoahost102:632417] [ 1] /lib64/libc.so.6(+0x8d02c)[0x1460cbc8d02c]
[genoahost102:632417] [ 2] /lib64/libc.so.6(raise+0x16)[0x1460cbc3fb86]
[genoahost102:632417] [ 3] /lib64/libc.so.6(abort+0xd3)[0x1460cbc29873]
[genoahost102:632417] [ 4] /lib64/libc.so.6(+0x2979b)[0x1460cbc2979b]
[genoahost102:632417] [ 5] /lib64/libc.so.6(+0x388c6)[0x1460cbc388c6]
[genoahost102:632417] [ 6] /direct/sdcc+u/poare/Grid/build/examples/./Example_spec_kryschur[0x4c0ac6]
[genoahost102:632417] [ 7] /direct/sdcc+u/poare/Grid/build/examples/./Example_spec_kryschur[0x4c4b42]
[genoahost102:632417] [ 8] /direct/sdcc+u/poare/Grid/build/examples/./Example_spec_kryschur[0x4115b3]
[genoahost102:632417] [ 9] /lib64/libc.so.6(+0x2a610)[0x1460cbc2a610]
[genoahost102:632417] [10] /lib64/libc.so.6(__libc_start_main+0x80)[0x1460cbc2a6c0]
[genoahost102:632417] [11] /direct/sdcc+u/poare/Grid/build/examples/./Example_spec_kryschur[0x4147f5]
[genoahost102:632417] *** End of error message ***

__|__|__|__|__|__|__|__|__|__|__|__|__|__|__
__|__|__|__|__|__|__|__|__|__|__|__|__|__|__
__|_ |  |  |  |  |  |  |  |  |  |  |  | _|__
__|_                                    _|__
__|_   GGGG    RRRR    III    DDDD      _|__
__|_  G        R   R    I     D   D     _|__
__|_  G        R   R    I     D    D    _|__
__|_  G  GG    RRRR     I     D    D    _|__
__|_  G   G    R  R     I     D   D     _|__
__|_   GGGG    R   R   III    DDDD      _|__
__|_                                    _|__
__|__|__|__|__|__|__|__|__|__|__|__|__|__|__
__|__|__|__|__|__|__|__|__|__|__|__|__|__|__
  |  |  |  |  |  |  |  |  |  |  |  |  |  |  


Copyright (C) 2015 Peter Boyle, Azusa Yamaguchi, Guido Cossu, Antonin Portelli and other authors

This program is free software; you can redistribute it and/or modify
it under the terms of the GNU General Public License as published by
the Free Software Foundation; either version 2 of the License, or
(at your option) any later version.

This program is distributed in the hope that it will be useful,
but WITHOUT ANY WARRANTY; without even the implied warranty of
MERCHANTABILITY or FITNESS FOR A PARTICULAR PURPOSE.  See the
GNU General Public License for more details.
Current Grid git commit hash=82d411ca7bb8ec4a5b5c3815df23674cfd291070: (HEAD -> develop, origin/develop, origin/HEAD) clean

Grid : Message : ================================================ 
Grid : Message : MPI is initialised and logging filters activated 
Grid : Message : ================================================ 
Grid : Message : This rank is running on host genoahost103.sdcc.bnl.local at local time 2026-02-27 14:00:05
Grid : Message : Requested 17179869184 byte stencil comms buffers 
Grid : Message : MemoryManager::Init() setting up
Grid : Message : MemoryManager::Init() cache pool for recent host   allocations: SMALL 8 LARGE 2 HUGE 0
Grid : Message : MemoryManager::Init() cache pool for recent device allocations: SMALL 16 LARGE 8 Huge 0
Grid : Message : MemoryManager::Init() cache pool for recent shared allocations: SMALL 16 LARGE 8 Huge 0
Grid : Message : MemoryManager::Init() Unified memory space
Example_spec_kryschur: ../../Grid/util/Init.cc:235: void Grid::GridParseLayout(char**, int, Grid::Coordinate&, Grid::Coordinate&): Assertion `latt.size()==nd' failed.
[genoahost103:621514] *** Process received signal ***
[genoahost103:621514] Signal: Aborted (6)
[genoahost103:621514] Signal code:  (-6)
[genoahost103:621514] [ 0] /lib64/libc.so.6(+0x3fc30)[0x15107123fc30]
[genoahost103:621514] [ 1] /lib64/libc.so.6(+0x8d02c)[0x15107128d02c]
[genoahost103:621514] [ 2] /lib64/libc.so.6(raise+0x16)[0x15107123fb86]
[genoahost103:621514] [ 3] /lib64/libc.so.6(abort+0xd3)[0x151071229873]
[genoahost103:621514] [ 4] /lib64/libc.so.6(+0x2979b)[0x15107122979b]
[genoahost103:621514] [ 5] /lib64/libc.so.6(+0x388c6)[0x1510712388c6]
[genoahost103:621514] [ 6] /direct/sdcc+u/poare/Grid/build/examples/./Example_spec_kryschur[0x4c0ac6]
[genoahost103:621514] [ 7] /direct/sdcc+u/poare/Grid/build/examples/./Example_spec_kryschur[0x4c4b42]
[genoahost103:621514] [ 8] /direct/sdcc+u/poare/Grid/build/examples/./Example_spec_kryschur[0x4115b3]
[genoahost103:621514] [ 9] /lib64/libc.so.6(+0x2a610)[0x15107122a610]
[genoahost103:621514] [10] /lib64/libc.so.6(__libc_start_main+0x80)[0x15107122a6c0]
[genoahost103:621514] [11] /direct/sdcc+u/poare/Grid/build/examples/./Example_spec_kryschur[0x4147f5]
[genoahost103:621514] *** End of error message ***

__|__|__|__|__|__|__|__|__|__|__|__|__|__|__
__|__|__|__|__|__|__|__|__|__|__|__|__|__|__
__|_ |  |  |  |  |  |  |  |  |  |  |  | _|__
__|_                                    _|__
__|_   GGGG    RRRR    III    DDDD      _|__
__|_  G        R   R    I     D   D     _|__
__|_  G        R   R    I     D    D    _|__
__|_  G  GG    RRRR     I     D    D    _|__
__|_  G   G    R  R     I     D   D     _|__
__|_   GGGG    R   R   III    DDDD      _|__
__|_                                    _|__
__|__|__|__|__|__|__|__|__|__|__|__|__|__|__
__|__|__|__|__|__|__|__|__|__|__|__|__|__|__
  |  |  |  |  |  |  |  |  |  |  |  |  |  |  


Copyright (C) 2015 Peter Boyle, Azusa Yamaguchi, Guido Cossu, Antonin Portelli and other authors

This program is free software; you can redistribute it and/or modify
it under the terms of the GNU General Public License as published by
the Free Software Foundation; either version 2 of the License, or
(at your option) any later version.

This program is distributed in the hope that it will be useful,
but WITHOUT ANY WARRANTY; without even the implied warranty of
MERCHANTABILITY or FITNESS FOR A PARTICULAR PURPOSE.  See the
GNU General Public License for more details.
Current Grid git commit hash=82d411ca7bb8ec4a5b5c3815df23674cfd291070: (HEAD -> develop, origin/develop, origin/HEAD) clean

Grid : Message : ================================================ 
Grid : Message : MPI is initialised and logging filters activated 
Grid : Message : ================================================ 
Grid : Message : This rank is running on host genoahost098.sdcc.bnl.local at local time 2026-02-27 14:00:12
Grid : Message : Requested 17179869184 byte stencil comms buffers 
Grid : Message : MemoryManager::Init() setting up
Grid : Message : MemoryManager::Init() cache pool for recent host   allocations: SMALL 8 LARGE 2 HUGE 0
Grid : Message : MemoryManager::Init() cache pool for recent device allocations: SMALL 16 LARGE 8 Huge 0
Grid : Message : MemoryManager::Init() cache pool for recent shared allocations: SMALL 16 LARGE 8 Huge 0
Grid : Message : MemoryManager::Init() Unified memory space
Example_spec_kryschur: ../../Grid/util/Init.cc:235: void Grid::GridParseLayout(char**, int, Grid::Coordinate&, Grid::Coordinate&): Assertion `latt.size()==nd' failed.
[genoahost098:1634385] *** Process received signal ***
[genoahost098:1634385] Signal: Aborted (6)
[genoahost098:1634385] Signal code:  (-6)
[genoahost098:1634385] [ 0] /lib64/libc.so.6(+0x3fc30)[0x151f3343fc30]
[genoahost098:1634385] [ 1] /lib64/libc.so.6(+0x8d02c)[0x151f3348d02c]
[genoahost098:1634385] [ 2] /lib64/libc.so.6(raise+0x16)[0x151f3343fb86]
[genoahost098:1634385] [ 3] /lib64/libc.so.6(abort+0xd3)[0x151f33429873]
[genoahost098:1634385] [ 4] /lib64/libc.so.6(+0x2979b)[0x151f3342979b]
[genoahost098:1634385] [ 5] /lib64/libc.so.6(+0x388c6)[0x151f334388c6]
[genoahost098:1634385] [ 6] /direct/sdcc+u/poare/Grid/build/examples/./Example_spec_kryschur[0x4c0ac6]
[genoahost098:1634385] [ 7] /direct/sdcc+u/poare/Grid/build/examples/./Example_spec_kryschur[0x4c4b42]
[genoahost098:1634385] [ 8] /direct/sdcc+u/poare/Grid/build/examples/./Example_spec_kryschur[0x4115b3]
[genoahost098:1634385] [ 9] /lib64/libc.so.6(+0x2a610)[0x151f3342a610]
[genoahost098:1634385] [10] /lib64/libc.so.6(__libc_start_main+0x80)[0x151f3342a6c0]
[genoahost098:1634385] [11] /direct/sdcc+u/poare/Grid/build/examples/./Example_spec_kryschur[0x4147f5]
[genoahost098:1634385] *** End of error message ***
srun: error: genoahost102: task 86: Aborted (core dumped)

__|__|__|__|__|__|__|__|__|__|__|__|__|__|__
__|__|__|__|__|__|__|__|__|__|__|__|__|__|__
__|_ |  |  |  |  |  |  |  |  |  |  |  | _|__
__|_                                    _|__
__|_   GGGG    RRRR    III    DDDD      _|__
__|_  G        R   R    I     D   D     _|__
__|_  G        R   R    I     D    D    _|__
__|_  G  GG    RRRR     I     D    D    _|__
__|_  G   G    R  R     I     D   D     _|__
__|_   GGGG    R   R   III    DDDD      _|__
__|_                                    _|__
__|__|__|__|__|__|__|__|__|__|__|__|__|__|__
__|__|__|__|__|__|__|__|__|__|__|__|__|__|__
  |  |  |  |  |  |  |  |  |  |  |  |  |  |  


Copyright (C) 2015 Peter Boyle, Azusa Yamaguchi, Guido Cossu, Antonin Portelli and other authors

This program is free software; you can redistribute it and/or modify
it under the terms of the GNU General Public License as published by
the Free Software Foundation; either version 2 of the License, or
(at your option) any later version.

This program is distributed in the hope that it will be useful,
but WITHOUT ANY WARRANTY; without even the implied warranty of
MERCHANTABILITY or FITNESS FOR A PARTICULAR PURPOSE.  See the
GNU General Public License for more details.
Current Grid git commit hash=82d411ca7bb8ec4a5b5c3815df23674cfd291070: (HEAD -> develop, origin/develop, origin/HEAD) clean

Grid : Message : ================================================ 
Grid : Message : MPI is initialised and logging filters activated 
Grid : Message : ================================================ 
Grid : Message : This rank is running on host genoahost101.sdcc.bnl.local at local time 2026-02-27 14:00:13
Grid : Message : Requested 17179869184 byte stencil comms buffers 
Grid : Message : MemoryManager::Init() setting up
Grid : Message : MemoryManager::Init() cache pool for recent host   allocations: SMALL 8 LARGE 2 HUGE 0
Grid : Message : MemoryManager::Init() cache pool for recent device allocations: SMALL 16 LARGE 8 Huge 0
Grid : Message : MemoryManager::Init() cache pool for recent shared allocations: SMALL 16 LARGE 8 Huge 0
Grid : Message : MemoryManager::Init() Unified memory space
Example_spec_kryschur: ../../Grid/util/Init.cc:235: void Grid::GridParseLayout(char**, int, Grid::Coordinate&, Grid::Coordinate&): Assertion `latt.size()==nd' failed.
[genoahost101:1152016] *** Process received signal ***
[genoahost101:1152016] Signal: Aborted (6)
[genoahost101:1152016] Signal code:  (-6)
[genoahost101:1152016] [ 0] /lib64/libc.so.6(+0x3fc30)[0x14cd6303fc30]
[genoahost101:1152016] [ 1] /lib64/libc.so.6(+0x8d02c)[0x14cd6308d02c]
[genoahost101:1152016] [ 2] /lib64/libc.so.6(raise+0x16)[0x14cd6303fb86]
[genoahost101:1152016] [ 3] /lib64/libc.so.6(abort+0xd3)[0x14cd63029873]
[genoahost101:1152016] [ 4] /lib64/libc.so.6(+0x2979b)[0x14cd6302979b]
[genoahost101:1152016] [ 5] /lib64/libc.so.6(+0x388c6)[0x14cd630388c6]
[genoahost101:1152016] [ 6] /direct/sdcc+u/poare/Grid/build/examples/./Example_spec_kryschur[0x4c0ac6]
[genoahost101:1152016] [ 7] /direct/sdcc+u/poare/Grid/build/examples/./Example_spec_kryschur[0x4c4b42]
[genoahost101:1152016] [ 8] /direct/sdcc+u/poare/Grid/build/examples/./Example_spec_kryschur[0x4115b3]
[genoahost101:1152016] [ 9] /lib64/libc.so.6(+0x2a610)[0x14cd6302a610]
[genoahost101:1152016] [10] /lib64/libc.so.6(__libc_start_main+0x80)[0x14cd6302a6c0]
[genoahost101:1152016] [11] /direct/sdcc+u/poare/Grid/build/examples/./Example_spec_kryschur[0x4147f5]
[genoahost101:1152016] *** End of error message ***

__|__|__|__|__|__|__|__|__|__|__|__|__|__|__
__|__|__|__|__|__|__|__|__|__|__|__|__|__|__
__|_ |  |  |  |  |  |  |  |  |  |  |  | _|__
__|_                                    _|__
__|_   GGGG    RRRR    III    DDDD      _|__
__|_  G        R   R    I     D   D     _|__
__|_  G        R   R    I     D    D    _|__
__|_  G  GG    RRRR     I     D    D    _|__
__|_  G   G    R  R     I     D   D     _|__
__|_   GGGG    R   R   III    DDDD      _|__
__|_                                    _|__
__|__|__|__|__|__|__|__|__|__|__|__|__|__|__
__|__|__|__|__|__|__|__|__|__|__|__|__|__|__
  |  |  |  |  |  |  |  |  |  |  |  |  |  |  


Copyright (C) 2015 Peter Boyle, Azusa Yamaguchi, Guido Cossu, Antonin Portelli and other authors

This program is free software; you can redistribute it and/or modify
it under the terms of the GNU General Public License as published by
the Free Software Foundation; either version 2 of the License, or
(at your option) any later version.

This program is distributed in the hope that it will be useful,
but WITHOUT ANY WARRANTY; without even the implied warranty of
MERCHANTABILITY or FITNESS FOR A PARTICULAR PURPOSE.  See the
GNU General Public License for more details.
Current Grid git commit hash=82d411ca7bb8ec4a5b5c3815df23674cfd291070: (HEAD -> develop, origin/develop, origin/HEAD) clean

Grid : Message : ================================================ 
Grid : Message : MPI is initialised and logging filters activated 
Grid : Message : ================================================ 
Grid : Message : This rank is running on host genoahost100.sdcc.bnl.local at local time 2026-02-27 14:00:13
Grid : Message : Requested 17179869184 byte stencil comms buffers 
Grid : Message : MemoryManager::Init() setting up
Grid : Message : MemoryManager::Init() cache pool for recent host   allocations: SMALL 8 LARGE 2 HUGE 0
Grid : Message : MemoryManager::Init() cache pool for recent device allocations: SMALL 16 LARGE 8 Huge 0
Grid : Message : MemoryManager::Init() cache pool for recent shared allocations: SMALL 16 LARGE 8 Huge 0
Grid : Message : MemoryManager::Init() Unified memory space
Example_spec_kryschur: ../../Grid/util/Init.cc:235: void Grid::GridParseLayout(char**, int, Grid::Coordinate&, Grid::Coordinate&): Assertion `latt.size()==nd' failed.
[genoahost100:652894] *** Process received signal ***
[genoahost100:652894] Signal: Aborted (6)
[genoahost100:652894] Signal code:  (-6)
[genoahost100:652894] [ 0] /lib64/libc.so.6(+0x3fc30)[0x14909523fc30]
[genoahost100:652894] [ 1] /lib64/libc.so.6(+0x8d02c)[0x14909528d02c]
[genoahost100:652894] [ 2] /lib64/libc.so.6(raise+0x16)[0x14909523fb86]
[genoahost100:652894] [ 3] /lib64/libc.so.6(abort+0xd3)[0x149095229873]
[genoahost100:652894] [ 4] /lib64/libc.so.6(+0x2979b)[0x14909522979b]
[genoahost100:652894] [ 5] /lib64/libc.so.6(+0x388c6)[0x1490952388c6]
[genoahost100:652894] [ 6] /direct/sdcc+u/poare/Grid/build/examples/./Example_spec_kryschur[0x4c0ac6]
[genoahost100:652894] [ 7] /direct/sdcc+u/poare/Grid/build/examples/./Example_spec_kryschur[0x4c4b42]
[genoahost100:652894] [ 8] /direct/sdcc+u/poare/Grid/build/examples/./Example_spec_kryschur[0x4115b3]
[genoahost100:652894] [ 9] /lib64/libc.so.6(+0x2a610)[0x14909522a610]
[genoahost100:652894] [10] /lib64/libc.so.6(__libc_start_main+0x80)[0x14909522a6c0]
[genoahost100:652894] [11] /direct/sdcc+u/poare/Grid/build/examples/./Example_spec_kryschur[0x4147f5]
[genoahost100:652894] *** End of error message ***

__|__|__|__|__|__|__|__|__|__|__|__|__|__|__
__|__|__|__|__|__|__|__|__|__|__|__|__|__|__
__|_ |  |  |  |  |  |  |  |  |  |  |  | _|__
__|_                                    _|__
__|_   GGGG    RRRR    III    DDDD      _|__
__|_  G        R   R    I     D   D     _|__
__|_  G        R   R    I     D    D    _|__
__|_  G  GG    RRRR     I     D    D    _|__
__|_  G   G    R  R     I     D   D     _|__
__|_   GGGG    R   R   III    DDDD      _|__
__|_                                    _|__
__|__|__|__|__|__|__|__|__|__|__|__|__|__|__
__|__|__|__|__|__|__|__|__|__|__|__|__|__|__
  |  |  |  |  |  |  |  |  |  |  |  |  |  |  


Copyright (C) 2015 Peter Boyle, Azusa Yamaguchi, Guido Cossu, Antonin Portelli and other authors

This program is free software; you can redistribute it and/or modify
it under the terms of the GNU General Public License as published by
the Free Software Foundation; either version 2 of the License, or
(at your option) any later version.

This program is distributed in the hope that it will be useful,
but WITHOUT ANY WARRANTY; without even the implied warranty of
MERCHANTABILITY or FITNESS FOR A PARTICULAR PURPOSE.  See the
GNU General Public License for more details.
Current Grid git commit hash=82d411ca7bb8ec4a5b5c3815df23674cfd291070: (HEAD -> develop, origin/develop, origin/HEAD) clean

Grid : Message : ================================================ 
Grid : Message : MPI is initialised and logging filters activated 
Grid : Message : ================================================ 
Grid : Message : This rank is running on host genoahost100.sdcc.bnl.local at local time 2026-02-27 14:00:13
Grid : Message : Requested 17179869184 byte stencil comms buffers 
Grid : Message : MemoryManager::Init() setting up
Grid : Message : MemoryManager::Init() cache pool for recent host   allocations: SMALL 8 LARGE 2 HUGE 0
Grid : Message : MemoryManager::Init() cache pool for recent device allocations: SMALL 16 LARGE 8 Huge 0
Grid : Message : MemoryManager::Init() cache pool for recent shared allocations: SMALL 16 LARGE 8 Huge 0
Grid : Message : MemoryManager::Init() Unified memory space
Example_spec_kryschur: ../../Grid/util/Init.cc:235: void Grid::GridParseLayout(char**, int, Grid::Coordinate&, Grid::Coordinate&): Assertion `latt.size()==nd' failed.
[genoahost100:652881] *** Process received signal ***
[genoahost100:652881] Signal: Aborted (6)
[genoahost100:652881] Signal code:  (-6)
[genoahost100:652881] [ 0] /lib64/libc.so.6(+0x3fc30)[0x1502a9a3fc30]
[genoahost100:652881] [ 1] /lib64/libc.so.6(+0x8d02c)[0x1502a9a8d02c]
[genoahost100:652881] [ 2] /lib64/libc.so.6(raise+0x16)[0x1502a9a3fb86]
[genoahost100:652881] [ 3] /lib64/libc.so.6(abort+0xd3)[0x1502a9a29873]
[genoahost100:652881] [ 4] /lib64/libc.so.6(+0x2979b)[0x1502a9a2979b]
[genoahost100:652881] [ 5] /lib64/libc.so.6(+0x388c6)[0x1502a9a388c6]
[genoahost100:652881] [ 6] /direct/sdcc+u/poare/Grid/build/examples/./Example_spec_kryschur[0x4c0ac6]
[genoahost100:652881] [ 7] /direct/sdcc+u/poare/Grid/build/examples/./Example_spec_kryschur[0x4c4b42]
[genoahost100:652881] [ 8] /direct/sdcc+u/poare/Grid/build/examples/./Example_spec_kryschur[0x4115b3]
[genoahost100:652881] [ 9] /lib64/libc.so.6(+0x2a610)[0x1502a9a2a610]
[genoahost100:652881] [10] /lib64/libc.so.6(__libc_start_main+0x80)[0x1502a9a2a6c0]
[genoahost100:652881] [11] /direct/sdcc+u/poare/Grid/build/examples/./Example_spec_kryschur[0x4147f5]
[genoahost100:652881] *** End of error message ***

__|__|__|__|__|__|__|__|__|__|__|__|__|__|__
__|__|__|__|__|__|__|__|__|__|__|__|__|__|__
__|_ |  |  |  |  |  |  |  |  |  |  |  | _|__
__|_                                    _|__
__|_   GGGG    RRRR    III    DDDD      _|__
__|_  G        R   R    I     D   D     _|__
__|_  G        R   R    I     D    D    _|__
__|_  G  GG    RRRR     I     D    D    _|__
__|_  G   G    R  R     I     D   D     _|__
__|_   GGGG    R   R   III    DDDD      _|__
__|_                                    _|__
__|__|__|__|__|__|__|__|__|__|__|__|__|__|__
__|__|__|__|__|__|__|__|__|__|__|__|__|__|__
  |  |  |  |  |  |  |  |  |  |  |  |  |  |  


Copyright (C) 2015 Peter Boyle, Azusa Yamaguchi, Guido Cossu, Antonin Portelli and other authors

This program is free software; you can redistribute it and/or modify
it under the terms of the GNU General Public License as published by
the Free Software Foundation; either version 2 of the License, or
(at your option) any later version.

This program is distributed in the hope that it will be useful,
but WITHOUT ANY WARRANTY; without even the implied warranty of
MERCHANTABILITY or FITNESS FOR A PARTICULAR PURPOSE.  See the
GNU General Public License for more details.
Current Grid git commit hash=82d411ca7bb8ec4a5b5c3815df23674cfd291070: (HEAD -> develop, origin/develop, origin/HEAD) clean

Grid : Message : ================================================ 
Grid : Message : MPI is initialised and logging filters activated 
Grid : Message : ================================================ 
Grid : Message : This rank is running on host genoahost098.sdcc.bnl.local at local time 2026-02-27 14:00:13
Grid : Message : Requested 17179869184 byte stencil comms buffers 
Grid : Message : MemoryManager::Init() setting up
Grid : Message : MemoryManager::Init() cache pool for recent host   allocations: SMALL 8 LARGE 2 HUGE 0
Grid : Message : MemoryManager::Init() cache pool for recent device allocations: SMALL 16 LARGE 8 Huge 0
Grid : Message : MemoryManager::Init() cache pool for recent shared allocations: SMALL 16 LARGE 8 Huge 0
Grid : Message : MemoryManager::Init() Unified memory space
Example_spec_kryschur: ../../Grid/util/Init.cc:235: void Grid::GridParseLayout(char**, int, Grid::Coordinate&, Grid::Coordinate&): Assertion `latt.size()==nd' failed.
[genoahost098:1634386] *** Process received signal ***
[genoahost098:1634386] Signal: Aborted (6)
[genoahost098:1634386] Signal code:  (-6)
[genoahost098:1634386] [ 0] /lib64/libc.so.6(+0x3fc30)[0x14ff13c3fc30]
[genoahost098:1634386] [ 1] /lib64/libc.so.6(+0x8d02c)[0x14ff13c8d02c]
[genoahost098:1634386] [ 2] /lib64/libc.so.6(raise+0x16)[0x14ff13c3fb86]
[genoahost098:1634386] [ 3] /lib64/libc.so.6(abort+0xd3)[0x14ff13c29873]
[genoahost098:1634386] [ 4] /lib64/libc.so.6(+0x2979b)[0x14ff13c2979b]
[genoahost098:1634386] [ 5] /lib64/libc.so.6(+0x388c6)[0x14ff13c388c6]
[genoahost098:1634386] [ 6] /direct/sdcc+u/poare/Grid/build/examples/./Example_spec_kryschur[0x4c0ac6]
[genoahost098:1634386] [ 7] /direct/sdcc+u/poare/Grid/build/examples/./Example_spec_kryschur[0x4c4b42]
[genoahost098:1634386] [ 8] /direct/sdcc+u/poare/Grid/build/examples/./Example_spec_kryschur[0x4115b3]
[genoahost098:1634386] [ 9] /lib64/libc.so.6(+0x2a610)[0x14ff13c2a610]
[genoahost098:1634386] [10] /lib64/libc.so.6(__libc_start_main+0x80)[0x14ff13c2a6c0]
[genoahost098:1634386] [11] /direct/sdcc+u/poare/Grid/build/examples/./Example_spec_kryschur[0x4147f5]
[genoahost098:1634386] *** End of error message ***

__|__|__|__|__|__|__|__|__|__|__|__|__|__|__
__|__|__|__|__|__|__|__|__|__|__|__|__|__|__
__|_ |  |  |  |  |  |  |  |  |  |  |  | _|__
__|_                                    _|__
__|_   GGGG    RRRR    III    DDDD      _|__
__|_  G        R   R    I     D   D     _|__
__|_  G        R   R    I     D    D    _|__
__|_  G  GG    RRRR     I     D    D    _|__
__|_  G   G    R  R     I     D   D     _|__
__|_   GGGG    R   R   III    DDDD      _|__
__|_                                    _|__
__|__|__|__|__|__|__|__|__|__|__|__|__|__|__
__|__|__|__|__|__|__|__|__|__|__|__|__|__|__
  |  |  |  |  |  |  |  |  |  |  |  |  |  |  


Copyright (C) 2015 Peter Boyle, Azusa Yamaguchi, Guido Cossu, Antonin Portelli and other authors

This program is free software; you can redistribute it and/or modify
it under the terms of the GNU General Public License as published by
the Free Software Foundation; either version 2 of the License, or
(at your option) any later version.

This program is distributed in the hope that it will be useful,
but WITHOUT ANY WARRANTY; without even the implied warranty of
MERCHANTABILITY or FITNESS FOR A PARTICULAR PURPOSE.  See the
GNU General Public License for more details.
Current Grid git commit hash=82d411ca7bb8ec4a5b5c3815df23674cfd291070: (HEAD -> develop, origin/develop, origin/HEAD) clean

Grid : Message : ================================================ 
Grid : Message : MPI is initialised and logging filters activated 
Grid : Message : ================================================ 
Grid : Message : This rank is running on host genoahost101.sdcc.bnl.local at local time 2026-02-27 14:00:15
Grid : Message : Requested 17179869184 byte stencil comms buffers 
Grid : Message : MemoryManager::Init() setting up
Grid : Message : MemoryManager::Init() cache pool for recent host   allocations: SMALL 8 LARGE 2 HUGE 0
Grid : Message : MemoryManager::Init() cache pool for recent device allocations: SMALL 16 LARGE 8 Huge 0
Grid : Message : MemoryManager::Init() cache pool for recent shared allocations: SMALL 16 LARGE 8 Huge 0
Grid : Message : MemoryManager::Init() Unified memory space
Example_spec_kryschur: ../../Grid/util/Init.cc:235: void Grid::GridParseLayout(char**, int, Grid::Coordinate&, Grid::Coordinate&): Assertion `latt.size()==nd' failed.
[genoahost101:1152023] *** Process received signal ***
[genoahost101:1152023] Signal: Aborted (6)
[genoahost101:1152023] Signal code:  (-6)
[genoahost101:1152023] [ 0] /lib64/libc.so.6(+0x3fc30)[0x14b3a0c3fc30]
[genoahost101:1152023] [ 1] /lib64/libc.so.6(+0x8d02c)[0x14b3a0c8d02c]
[genoahost101:1152023] [ 2] /lib64/libc.so.6(raise+0x16)[0x14b3a0c3fb86]
[genoahost101:1152023] [ 3] /lib64/libc.so.6(abort+0xd3)[0x14b3a0c29873]
[genoahost101:1152023] [ 4] /lib64/libc.so.6(+0x2979b)[0x14b3a0c2979b]
[genoahost101:1152023] [ 5] /lib64/libc.so.6(+0x388c6)[0x14b3a0c388c6]
[genoahost101:1152023] [ 6] /direct/sdcc+u/poare/Grid/build/examples/./Example_spec_kryschur[0x4c0ac6]
[genoahost101:1152023] [ 7] /direct/sdcc+u/poare/Grid/build/examples/./Example_spec_kryschur[0x4c4b42]
[genoahost101:1152023] [ 8] /direct/sdcc+u/poare/Grid/build/examples/./Example_spec_kryschur[0x4115b3]
[genoahost101:1152023] [ 9] /lib64/libc.so.6(+0x2a610)[0x14b3a0c2a610]
[genoahost101:1152023] [10] /lib64/libc.so.6(__libc_start_main+0x80)[0x14b3a0c2a6c0]
[genoahost101:1152023] [11] /direct/sdcc+u/poare/Grid/build/examples/./Example_spec_kryschur[0x4147f5]
[genoahost101:1152023] *** End of error message ***

__|__|__|__|__|__|__|__|__|__|__|__|__|__|__
__|__|__|__|__|__|__|__|__|__|__|__|__|__|__
__|_ |  |  |  |  |  |  |  |  |  |  |  | _|__
__|_                                    _|__
__|_   GGGG    RRRR    III    DDDD      _|__
__|_  G        R   R    I     D   D     _|__
__|_  G        R   R    I     D    D    _|__
__|_  G  GG    RRRR     I     D    D    _|__
__|_  G   G    R  R     I     D   D     _|__
__|_   GGGG    R   R   III    DDDD      _|__
__|_                                    _|__
__|__|__|__|__|__|__|__|__|__|__|__|__|__|__
__|__|__|__|__|__|__|__|__|__|__|__|__|__|__
  |  |  |  |  |  |  |  |  |  |  |  |  |  |  


Copyright (C) 2015 Peter Boyle, Azusa Yamaguchi, Guido Cossu, Antonin Portelli and other authors

This program is free software; you can redistribute it and/or modify
it under the terms of the GNU General Public License as published by
the Free Software Foundation; either version 2 of the License, or
(at your option) any later version.

This program is distributed in the hope that it will be useful,
but WITHOUT ANY WARRANTY; without even the implied warranty of
MERCHANTABILITY or FITNESS FOR A PARTICULAR PURPOSE.  See the
GNU General Public License for more details.
Current Grid git commit hash=82d411ca7bb8ec4a5b5c3815df23674cfd291070: (HEAD -> develop, origin/develop, origin/HEAD) clean

Grid : Message : ================================================ 
Grid : Message : MPI is initialised and logging filters activated 
Grid : Message : ================================================ 
Grid : Message : This rank is running on host genoahost101.sdcc.bnl.local at local time 2026-02-27 14:00:15
Grid : Message : Requested 17179869184 byte stencil comms buffers 
Grid : Message : MemoryManager::Init() setting up
Grid : Message : MemoryManager::Init() cache pool for recent host   allocations: SMALL 8 LARGE 2 HUGE 0
Grid : Message : MemoryManager::Init() cache pool for recent device allocations: SMALL 16 LARGE 8 Huge 0
Grid : Message : MemoryManager::Init() cache pool for recent shared allocations: SMALL 16 LARGE 8 Huge 0
Grid : Message : MemoryManager::Init() Unified memory space
Example_spec_kryschur: ../../Grid/util/Init.cc:235: void Grid::GridParseLayout(char**, int, Grid::Coordinate&, Grid::Coordinate&): Assertion `latt.size()==nd' failed.
[genoahost101:1152011] *** Process received signal ***
[genoahost101:1152011] Signal: Aborted (6)
[genoahost101:1152011] Signal code:  (-6)
[genoahost101:1152011] [ 0] /lib64/libc.so.6(+0x3fc30)[0x14a9d863fc30]
[genoahost101:1152011] [ 1] /lib64/libc.so.6(+0x8d02c)[0x14a9d868d02c]
[genoahost101:1152011] [ 2] /lib64/libc.so.6(raise+0x16)[0x14a9d863fb86]
[genoahost101:1152011] [ 3] /lib64/libc.so.6(abort+0xd3)[0x14a9d8629873]
[genoahost101:1152011] [ 4] /lib64/libc.so.6(+0x2979b)[0x14a9d862979b]
[genoahost101:1152011] [ 5] /lib64/libc.so.6(+0x388c6)[0x14a9d86388c6]
[genoahost101:1152011] [ 6] /direct/sdcc+u/poare/Grid/build/examples/./Example_spec_kryschur[0x4c0ac6]
[genoahost101:1152011] [ 7] /direct/sdcc+u/poare/Grid/build/examples/./Example_spec_kryschur[0x4c4b42]
[genoahost101:1152011] [ 8] /direct/sdcc+u/poare/Grid/build/examples/./Example_spec_kryschur[0x4115b3]
[genoahost101:1152011] [ 9] /lib64/libc.so.6(+0x2a610)[0x14a9d862a610]
[genoahost101:1152011] [10] /lib64/libc.so.6(__libc_start_main+0x80)[0x14a9d862a6c0]
[genoahost101:1152011] [11] /direct/sdcc+u/poare/Grid/build/examples/./Example_spec_kryschur[0x4147f5]
[genoahost101:1152011] *** End of error message ***

__|__|__|__|__|__|__|__|__|__|__|__|__|__|__
__|__|__|__|__|__|__|__|__|__|__|__|__|__|__
__|_ |  |  |  |  |  |  |  |  |  |  |  | _|__
__|_                                    _|__
__|_   GGGG    RRRR    III    DDDD      _|__
__|_  G        R   R    I     D   D     _|__
__|_  G        R   R    I     D    D    _|__
__|_  G  GG    RRRR     I     D    D    _|__
__|_  G   G    R  R     I     D   D     _|__
__|_   GGGG    R   R   III    DDDD      _|__
__|_                                    _|__
__|__|__|__|__|__|__|__|__|__|__|__|__|__|__
__|__|__|__|__|__|__|__|__|__|__|__|__|__|__
  |  |  |  |  |  |  |  |  |  |  |  |  |  |  


Copyright (C) 2015 Peter Boyle, Azusa Yamaguchi, Guido Cossu, Antonin Portelli and other authors

This program is free software; you can redistribute it and/or modify
it under the terms of the GNU General Public License as published by
the Free Software Foundation; either version 2 of the License, or
(at your option) any later version.

This program is distributed in the hope that it will be useful,
but WITHOUT ANY WARRANTY; without even the implied warranty of
MERCHANTABILITY or FITNESS FOR A PARTICULAR PURPOSE.  See the
GNU General Public License for more details.
Current Grid git commit hash=82d411ca7bb8ec4a5b5c3815df23674cfd291070: (HEAD -> develop, origin/develop, origin/HEAD) clean

Grid : Message : ================================================ 
Grid : Message : MPI is initialised and logging filters activated 
Grid : Message : ================================================ 
Grid : Message : This rank is running on host genoahost100.sdcc.bnl.local at local time 2026-02-27 14:00:15
Grid : Message : Requested 17179869184 byte stencil comms buffers 
Grid : Message : MemoryManager::Init() setting up
Grid : Message : MemoryManager::Init() cache pool for recent host   allocations: SMALL 8 LARGE 2 HUGE 0
Grid : Message : MemoryManager::Init() cache pool for recent device allocations: SMALL 16 LARGE 8 Huge 0
Grid : Message : MemoryManager::Init() cache pool for recent shared allocations: SMALL 16 LARGE 8 Huge 0
Grid : Message : MemoryManager::Init() Unified memory space
Example_spec_kryschur: ../../Grid/util/Init.cc:235: void Grid::GridParseLayout(char**, int, Grid::Coordinate&, Grid::Coordinate&): Assertion `latt.size()==nd' failed.
[genoahost100:652887] *** Process received signal ***
[genoahost100:652887] Signal: Aborted (6)
[genoahost100:652887] Signal code:  (-6)
[genoahost100:652887] [ 0] /lib64/libc.so.6(+0x3fc30)[0x14a2e8e3fc30]
[genoahost100:652887] [ 1] /lib64/libc.so.6(+0x8d02c)[0x14a2e8e8d02c]
[genoahost100:652887] [ 2] /lib64/libc.so.6(raise+0x16)[0x14a2e8e3fb86]
[genoahost100:652887] [ 3] /lib64/libc.so.6(abort+0xd3)[0x14a2e8e29873]
[genoahost100:652887] [ 4] /lib64/libc.so.6(+0x2979b)[0x14a2e8e2979b]
[genoahost100:652887] [ 5] /lib64/libc.so.6(+0x388c6)[0x14a2e8e388c6]
[genoahost100:652887] [ 6] /direct/sdcc+u/poare/Grid/build/examples/./Example_spec_kryschur[0x4c0ac6]
[genoahost100:652887] [ 7] /direct/sdcc+u/poare/Grid/build/examples/./Example_spec_kryschur[0x4c4b42]
[genoahost100:652887] [ 8] /direct/sdcc+u/poare/Grid/build/examples/./Example_spec_kryschur[0x4115b3]
[genoahost100:652887] [ 9] /lib64/libc.so.6(+0x2a610)[0x14a2e8e2a610]
[genoahost100:652887] [10] /lib64/libc.so.6(__libc_start_main+0x80)[0x14a2e8e2a6c0]
[genoahost100:652887] [11] /direct/sdcc+u/poare/Grid/build/examples/./Example_spec_kryschur[0x4147f5]
[genoahost100:652887] *** End of error message ***

__|__|__|__|__|__|__|__|__|__|__|__|__|__|__
__|__|__|__|__|__|__|__|__|__|__|__|__|__|__
__|_ |  |  |  |  |  |  |  |  |  |  |  | _|__
__|_                                    _|__
__|_   GGGG    RRRR    III    DDDD      _|__
__|_  G        R   R    I     D   D     _|__
__|_  G        R   R    I     D    D    _|__
__|_  G  GG    RRRR     I     D    D    _|__
__|_  G   G    R  R     I     D   D     _|__
__|_   GGGG    R   R   III    DDDD      _|__
__|_                                    _|__
__|__|__|__|__|__|__|__|__|__|__|__|__|__|__
__|__|__|__|__|__|__|__|__|__|__|__|__|__|__
  |  |  |  |  |  |  |  |  |  |  |  |  |  |  


Copyright (C) 2015 Peter Boyle, Azusa Yamaguchi, Guido Cossu, Antonin Portelli and other authors

This program is free software; you can redistribute it and/or modify
it under the terms of the GNU General Public License as published by
the Free Software Foundation; either version 2 of the License, or
(at your option) any later version.

This program is distributed in the hope that it will be useful,
but WITHOUT ANY WARRANTY; without even the implied warranty of
MERCHANTABILITY or FITNESS FOR A PARTICULAR PURPOSE.  See the
GNU General Public License for more details.
Current Grid git commit hash=82d411ca7bb8ec4a5b5c3815df23674cfd291070: (HEAD -> develop, origin/develop, origin/HEAD) clean

Grid : Message : ================================================ 
Grid : Message : MPI is initialised and logging filters activated 
Grid : Message : ================================================ 
Grid : Message : This rank is running on host genoahost098.sdcc.bnl.local at local time 2026-02-27 14:00:18
Grid : Message : Requested 17179869184 byte stencil comms buffers 
Grid : Message : MemoryManager::Init() setting up
Grid : Message : MemoryManager::Init() cache pool for recent host   allocations: SMALL 8 LARGE 2 HUGE 0
Grid : Message : MemoryManager::Init() cache pool for recent device allocations: SMALL 16 LARGE 8 Huge 0
Grid : Message : MemoryManager::Init() cache pool for recent shared allocations: SMALL 16 LARGE 8 Huge 0
Grid : Message : MemoryManager::Init() Unified memory space
Example_spec_kryschur: ../../Grid/util/Init.cc:235: void Grid::GridParseLayout(char**, int, Grid::Coordinate&, Grid::Coordinate&): Assertion `latt.size()==nd' failed.
[genoahost098:1634387] *** Process received signal ***
[genoahost098:1634387] Signal: Aborted (6)
[genoahost098:1634387] Signal code:  (-6)
[genoahost098:1634387] [ 0] /lib64/libc.so.6(+0x3fc30)[0x147030c3fc30]
[genoahost098:1634387] [ 1] /lib64/libc.so.6(+0x8d02c)[0x147030c8d02c]
[genoahost098:1634387] [ 2] /lib64/libc.so.6(raise+0x16)[0x147030c3fb86]
[genoahost098:1634387] [ 3] /lib64/libc.so.6(abort+0xd3)[0x147030c29873]
[genoahost098:1634387] [ 4] /lib64/libc.so.6(+0x2979b)[0x147030c2979b]
[genoahost098:1634387] [ 5] /lib64/libc.so.6(+0x388c6)[0x147030c388c6]
[genoahost098:1634387] [ 6] /direct/sdcc+u/poare/Grid/build/examples/./Example_spec_kryschur[0x4c0ac6]
[genoahost098:1634387] [ 7] /direct/sdcc+u/poare/Grid/build/examples/./Example_spec_kryschur[0x4c4b42]
[genoahost098:1634387] [ 8] /direct/sdcc+u/poare/Grid/build/examples/./Example_spec_kryschur[0x4115b3]
[genoahost098:1634387] [ 9] /lib64/libc.so.6(+0x2a610)[0x147030c2a610]
[genoahost098:1634387] [10] /lib64/libc.so.6(__libc_start_main+0x80)[0x147030c2a6c0]
[genoahost098:1634387] [11] /direct/sdcc+u/poare/Grid/build/examples/./Example_spec_kryschur[0x4147f5]
[genoahost098:1634387] *** End of error message ***

__|__|__|__|__|__|__|__|__|__|__|__|__|__|__
__|__|__|__|__|__|__|__|__|__|__|__|__|__|__
__|_ |  |  |  |  |  |  |  |  |  |  |  | _|__
__|_                                    _|__
__|_   GGGG    RRRR    III    DDDD      _|__
__|_  G        R   R    I     D   D     _|__
__|_  G        R   R    I     D    D    _|__
__|_  G  GG    RRRR     I     D    D    _|__
__|_  G   G    R  R     I     D   D     _|__
__|_   GGGG    R   R   III    DDDD      _|__
__|_                                    _|__
__|__|__|__|__|__|__|__|__|__|__|__|__|__|__
__|__|__|__|__|__|__|__|__|__|__|__|__|__|__
  |  |  |  |  |  |  |  |  |  |  |  |  |  |  


Copyright (C) 2015 Peter Boyle, Azusa Yamaguchi, Guido Cossu, Antonin Portelli and other authors

This program is free software; you can redistribute it and/or modify
it under the terms of the GNU General Public License as published by
the Free Software Foundation; either version 2 of the License, or
(at your option) any later version.

This program is distributed in the hope that it will be useful,
but WITHOUT ANY WARRANTY; without even the implied warranty of
MERCHANTABILITY or FITNESS FOR A PARTICULAR PURPOSE.  See the
GNU General Public License for more details.
Current Grid git commit hash=82d411ca7bb8ec4a5b5c3815df23674cfd291070: (HEAD -> develop, origin/develop, origin/HEAD) clean

Grid : Message : ================================================ 
Grid : Message : MPI is initialised and logging filters activated 
Grid : Message : ================================================ 
Grid : Message : This rank is running on host genoahost098.sdcc.bnl.local at local time 2026-02-27 14:00:18
Grid : Message : Requested 17179869184 byte stencil comms buffers 
Grid : Message : MemoryManager::Init() setting up
Grid : Message : MemoryManager::Init() cache pool for recent host   allocations: SMALL 8 LARGE 2 HUGE 0
Grid : Message : MemoryManager::Init() cache pool for recent device allocations: SMALL 16 LARGE 8 Huge 0
Grid : Message : MemoryManager::Init() cache pool for recent shared allocations: SMALL 16 LARGE 8 Huge 0
Grid : Message : MemoryManager::Init() Unified memory space
Example_spec_kryschur: ../../Grid/util/Init.cc:235: void Grid::GridParseLayout(char**, int, Grid::Coordinate&, Grid::Coordinate&): Assertion `latt.size()==nd' failed.
[genoahost098:1634391] *** Process received signal ***
[genoahost098:1634391] Signal: Aborted (6)
[genoahost098:1634391] Signal code:  (-6)
[genoahost098:1634391] [ 0] /lib64/libc.so.6(+0x3fc30)[0x154ffd43fc30]
[genoahost098:1634391] [ 1] /lib64/libc.so.6(+0x8d02c)[0x154ffd48d02c]
[genoahost098:1634391] [ 2] /lib64/libc.so.6(raise+0x16)[0x154ffd43fb86]
[genoahost098:1634391] [ 3] /lib64/libc.so.6(abort+0xd3)[0x154ffd429873]
[genoahost098:1634391] [ 4] /lib64/libc.so.6(+0x2979b)[0x154ffd42979b]
[genoahost098:1634391] [ 5] /lib64/libc.so.6(+0x388c6)[0x154ffd4388c6]
[genoahost098:1634391] [ 6] /direct/sdcc+u/poare/Grid/build/examples/./Example_spec_kryschur[0x4c0ac6]
[genoahost098:1634391] [ 7] /direct/sdcc+u/poare/Grid/build/examples/./Example_spec_kryschur[0x4c4b42]
[genoahost098:1634391] [ 8] /direct/sdcc+u/poare/Grid/build/examples/./Example_spec_kryschur[0x4115b3]
[genoahost098:1634391] [ 9] /lib64/libc.so.6(+0x2a610)[0x154ffd42a610]
[genoahost098:1634391] [10] /lib64/libc.so.6(__libc_start_main+0x80)[0x154ffd42a6c0]
[genoahost098:1634391] [11] /direct/sdcc+u/poare/Grid/build/examples/./Example_spec_kryschur[0x4147f5]
[genoahost098:1634391] *** End of error message ***

__|__|__|__|__|__|__|__|__|__|__|__|__|__|__
__|__|__|__|__|__|__|__|__|__|__|__|__|__|__
__|_ |  |  |  |  |  |  |  |  |  |  |  | _|__
__|_                                    _|__
__|_   GGGG    RRRR    III    DDDD      _|__
__|_  G        R   R    I     D   D     _|__
__|_  G        R   R    I     D    D    _|__
__|_  G  GG    RRRR     I     D    D    _|__
__|_  G   G    R  R     I     D   D     _|__
__|_   GGGG    R   R   III    DDDD      _|__
__|_                                    _|__
__|__|__|__|__|__|__|__|__|__|__|__|__|__|__
__|__|__|__|__|__|__|__|__|__|__|__|__|__|__
  |  |  |  |  |  |  |  |  |  |  |  |  |  |  


Copyright (C) 2015 Peter Boyle, Azusa Yamaguchi, Guido Cossu, Antonin Portelli and other authors

This program is free software; you can redistribute it and/or modify
it under the terms of the GNU General Public License as published by
the Free Software Foundation; either version 2 of the License, or
(at your option) any later version.

This program is distributed in the hope that it will be useful,
but WITHOUT ANY WARRANTY; without even the implied warranty of
MERCHANTABILITY or FITNESS FOR A PARTICULAR PURPOSE.  See the
GNU General Public License for more details.
Current Grid git commit hash=82d411ca7bb8ec4a5b5c3815df23674cfd291070: (HEAD -> develop, origin/develop, origin/HEAD) clean

Grid : Message : ================================================ 
Grid : Message : MPI is initialised and logging filters activated 
Grid : Message : ================================================ 
Grid : Message : This rank is running on host genoahost101.sdcc.bnl.local at local time 2026-02-27 14:00:19
Grid : Message : Requested 17179869184 byte stencil comms buffers 
Grid : Message : MemoryManager::Init() setting up
Grid : Message : MemoryManager::Init() cache pool for recent host   allocations: SMALL 8 LARGE 2 HUGE 0
Grid : Message : MemoryManager::Init() cache pool for recent device allocations: SMALL 16 LARGE 8 Huge 0
Grid : Message : MemoryManager::Init() cache pool for recent shared allocations: SMALL 16 LARGE 8 Huge 0
Grid : Message : MemoryManager::Init() Unified memory space
Example_spec_kryschur: ../../Grid/util/Init.cc:235: void Grid::GridParseLayout(char**, int, Grid::Coordinate&, Grid::Coordinate&): Assertion `latt.size()==nd' failed.
[genoahost101:1152017] *** Process received signal ***
[genoahost101:1152017] Signal: Aborted (6)
[genoahost101:1152017] Signal code:  (-6)
[genoahost101:1152017] [ 0] /lib64/libc.so.6(+0x3fc30)[0x14c85663fc30]
[genoahost101:1152017] [ 1] /lib64/libc.so.6(+0x8d02c)[0x14c85668d02c]
[genoahost101:1152017] [ 2] /lib64/libc.so.6(raise+0x16)[0x14c85663fb86]
[genoahost101:1152017] [ 3] /lib64/libc.so.6(abort+0xd3)[0x14c856629873]
[genoahost101:1152017] [ 4] /lib64/libc.so.6(+0x2979b)[0x14c85662979b]
[genoahost101:1152017] [ 5] /lib64/libc.so.6(+0x388c6)[0x14c8566388c6]
[genoahost101:1152017] [ 6] /direct/sdcc+u/poare/Grid/build/examples/./Example_spec_kryschur[0x4c0ac6]
[genoahost101:1152017] [ 7] /direct/sdcc+u/poare/Grid/build/examples/./Example_spec_kryschur[0x4c4b42]
[genoahost101:1152017] [ 8] /direct/sdcc+u/poare/Grid/build/examples/./Example_spec_kryschur[0x4115b3]
[genoahost101:1152017] [ 9] /lib64/libc.so.6(+0x2a610)[0x14c85662a610]
[genoahost101:1152017] [10] /lib64/libc.so.6(__libc_start_main+0x80)[0x14c85662a6c0]
[genoahost101:1152017] [11] /direct/sdcc+u/poare/Grid/build/examples/./Example_spec_kryschur[0x4147f5]
[genoahost101:1152017] *** End of error message ***

__|__|__|__|__|__|__|__|__|__|__|__|__|__|__
__|__|__|__|__|__|__|__|__|__|__|__|__|__|__
__|_ |  |  |  |  |  |  |  |  |  |  |  | _|__
__|_                                    _|__
__|_   GGGG    RRRR    III    DDDD      _|__
__|_  G        R   R    I     D   D     _|__
__|_  G        R   R    I     D    D    _|__
__|_  G  GG    RRRR     I     D    D    _|__
__|_  G   G    R  R     I     D   D     _|__
__|_   GGGG    R   R   III    DDDD      _|__
__|_                                    _|__
__|__|__|__|__|__|__|__|__|__|__|__|__|__|__
__|__|__|__|__|__|__|__|__|__|__|__|__|__|__
  |  |  |  |  |  |  |  |  |  |  |  |  |  |  


Copyright (C) 2015 Peter Boyle, Azusa Yamaguchi, Guido Cossu, Antonin Portelli and other authors

This program is free software; you can redistribute it and/or modify
it under the terms of the GNU General Public License as published by
the Free Software Foundation; either version 2 of the License, or
(at your option) any later version.

This program is distributed in the hope that it will be useful,
but WITHOUT ANY WARRANTY; without even the implied warranty of
MERCHANTABILITY or FITNESS FOR A PARTICULAR PURPOSE.  See the
GNU General Public License for more details.
Current Grid git commit hash=82d411ca7bb8ec4a5b5c3815df23674cfd291070: (HEAD -> develop, origin/develop, origin/HEAD) clean

Grid : Message : ================================================ 
Grid : Message : MPI is initialised and logging filters activated 
Grid : Message : ================================================ 
Grid : Message : This rank is running on host genoahost101.sdcc.bnl.local at local time 2026-02-27 14:00:19
Grid : Message : Requested 17179869184 byte stencil comms buffers 
Grid : Message : MemoryManager::Init() setting up
Grid : Message : MemoryManager::Init() cache pool for recent host   allocations: SMALL 8 LARGE 2 HUGE 0
Grid : Message : MemoryManager::Init() cache pool for recent device allocations: SMALL 16 LARGE 8 Huge 0
Grid : Message : MemoryManager::Init() cache pool for recent shared allocations: SMALL 16 LARGE 8 Huge 0
Grid : Message : MemoryManager::Init() Unified memory space
Example_spec_kryschur: ../../Grid/util/Init.cc:235: void Grid::GridParseLayout(char**, int, Grid::Coordinate&, Grid::Coordinate&): Assertion `latt.size()==nd' failed.
[genoahost101:1152018] *** Process received signal ***
[genoahost101:1152018] Signal: Aborted (6)
[genoahost101:1152018] Signal code:  (-6)
[genoahost101:1152018] [ 0] /lib64/libc.so.6(+0x3fc30)[0x152dba03fc30]
[genoahost101:1152018] [ 1] /lib64/libc.so.6(+0x8d02c)[0x152dba08d02c]
[genoahost101:1152018] [ 2] /lib64/libc.so.6(raise+0x16)[0x152dba03fb86]
[genoahost101:1152018] [ 3] /lib64/libc.so.6(abort+0xd3)[0x152dba029873]
[genoahost101:1152018] [ 4] /lib64/libc.so.6(+0x2979b)[0x152dba02979b]
[genoahost101:1152018] [ 5] /lib64/libc.so.6(+0x388c6)[0x152dba0388c6]
[genoahost101:1152018] [ 6] /direct/sdcc+u/poare/Grid/build/examples/./Example_spec_kryschur[0x4c0ac6]
[genoahost101:1152018] [ 7] /direct/sdcc+u/poare/Grid/build/examples/./Example_spec_kryschur[0x4c4b42]
[genoahost101:1152018] [ 8] /direct/sdcc+u/poare/Grid/build/examples/./Example_spec_kryschur[0x4115b3]
[genoahost101:1152018] [ 9] /lib64/libc.so.6(+0x2a610)[0x152dba02a610]
[genoahost101:1152018] [10] /lib64/libc.so.6(__libc_start_main+0x80)[0x152dba02a6c0]
[genoahost101:1152018] [11] /direct/sdcc+u/poare/Grid/build/examples/./Example_spec_kryschur[0x4147f5]
[genoahost101:1152018] *** End of error message ***

__|__|__|__|__|__|__|__|__|__|__|__|__|__|__
__|__|__|__|__|__|__|__|__|__|__|__|__|__|__
__|_ |  |  |  |  |  |  |  |  |  |  |  | _|__
__|_                                    _|__
__|_   GGGG    RRRR    III    DDDD      _|__
__|_  G        R   R    I     D   D     _|__
__|_  G        R   R    I     D    D    _|__
__|_  G  GG    RRRR     I     D    D    _|__
__|_  G   G    R  R     I     D   D     _|__
__|_   GGGG    R   R   III    DDDD      _|__
__|_                                    _|__
__|__|__|__|__|__|__|__|__|__|__|__|__|__|__
__|__|__|__|__|__|__|__|__|__|__|__|__|__|__
  |  |  |  |  |  |  |  |  |  |  |  |  |  |  


Copyright (C) 2015 Peter Boyle, Azusa Yamaguchi, Guido Cossu, Antonin Portelli and other authors

This program is free software; you can redistribute it and/or modify
it under the terms of the GNU General Public License as published by
the Free Software Foundation; either version 2 of the License, or
(at your option) any later version.

This program is distributed in the hope that it will be useful,
but WITHOUT ANY WARRANTY; without even the implied warranty of
MERCHANTABILITY or FITNESS FOR A PARTICULAR PURPOSE.  See the
GNU General Public License for more details.
Current Grid git commit hash=82d411ca7bb8ec4a5b5c3815df23674cfd291070: (HEAD -> develop, origin/develop, origin/HEAD) clean

Grid : Message : ================================================ 
Grid : Message : MPI is initialised and logging filters activated 
Grid : Message : ================================================ 
Grid : Message : This rank is running on host genoahost100.sdcc.bnl.local at local time 2026-02-27 14:00:20
Grid : Message : Requested 17179869184 byte stencil comms buffers 
Grid : Message : MemoryManager::Init() setting up
Grid : Message : MemoryManager::Init() cache pool for recent host   allocations: SMALL 8 LARGE 2 HUGE 0
Grid : Message : MemoryManager::Init() cache pool for recent device allocations: SMALL 16 LARGE 8 Huge 0
Grid : Message : MemoryManager::Init() cache pool for recent shared allocations: SMALL 16 LARGE 8 Huge 0
Grid : Message : MemoryManager::Init() Unified memory space
Example_spec_kryschur: ../../Grid/util/Init.cc:235: void Grid::GridParseLayout(char**, int, Grid::Coordinate&, Grid::Coordinate&): Assertion `latt.size()==nd' failed.
[genoahost100:652895] *** Process received signal ***
[genoahost100:652895] Signal: Aborted (6)
[genoahost100:652895] Signal code:  (-6)
[genoahost100:652895] [ 0] /lib64/libc.so.6(+0x3fc30)[0x14b04463fc30]
[genoahost100:652895] [ 1] /lib64/libc.so.6(+0x8d02c)[0x14b04468d02c]
[genoahost100:652895] [ 2] /lib64/libc.so.6(raise+0x16)[0x14b04463fb86]
[genoahost100:652895] [ 3] /lib64/libc.so.6(abort+0xd3)[0x14b044629873]
[genoahost100:652895] [ 4] /lib64/libc.so.6(+0x2979b)[0x14b04462979b]
[genoahost100:652895] [ 5] /lib64/libc.so.6(+0x388c6)[0x14b0446388c6]
[genoahost100:652895] [ 6] /direct/sdcc+u/poare/Grid/build/examples/./Example_spec_kryschur[0x4c0ac6]
[genoahost100:652895] [ 7] /direct/sdcc+u/poare/Grid/build/examples/./Example_spec_kryschur[0x4c4b42]
[genoahost100:652895] [ 8] /direct/sdcc+u/poare/Grid/build/examples/./Example_spec_kryschur[0x4115b3]
[genoahost100:652895] [ 9] /lib64/libc.so.6(+0x2a610)[0x14b04462a610]
[genoahost100:652895] [10] /lib64/libc.so.6(__libc_start_main+0x80)[0x14b04462a6c0]
[genoahost100:652895] [11] /direct/sdcc+u/poare/Grid/build/examples/./Example_spec_kryschur[0x4147f5]
[genoahost100:652895] *** End of error message ***

__|__|__|__|__|__|__|__|__|__|__|__|__|__|__
__|__|__|__|__|__|__|__|__|__|__|__|__|__|__
__|_ |  |  |  |  |  |  |  |  |  |  |  | _|__
__|_                                    _|__
__|_   GGGG    RRRR    III    DDDD      _|__
__|_  G        R   R    I     D   D     _|__
__|_  G        R   R    I     D    D    _|__
__|_  G  GG    RRRR     I     D    D    _|__
__|_  G   G    R  R     I     D   D     _|__
__|_   GGGG    R   R   III    DDDD      _|__
__|_                                    _|__
__|__|__|__|__|__|__|__|__|__|__|__|__|__|__
__|__|__|__|__|__|__|__|__|__|__|__|__|__|__
  |  |  |  |  |  |  |  |  |  |  |  |  |  |  


Copyright (C) 2015 Peter Boyle, Azusa Yamaguchi, Guido Cossu, Antonin Portelli and other authors

This program is free software; you can redistribute it and/or modify
it under the terms of the GNU General Public License as published by
the Free Software Foundation; either version 2 of the License, or
(at your option) any later version.

This program is distributed in the hope that it will be useful,
but WITHOUT ANY WARRANTY; without even the implied warranty of
MERCHANTABILITY or FITNESS FOR A PARTICULAR PURPOSE.  See the
GNU General Public License for more details.
Current Grid git commit hash=82d411ca7bb8ec4a5b5c3815df23674cfd291070: (HEAD -> develop, origin/develop, origin/HEAD) clean

Grid : Message : ================================================ 
Grid : Message : MPI is initialised and logging filters activated 
Grid : Message : ================================================ 
Grid : Message : This rank is running on host genoahost100.sdcc.bnl.local at local time 2026-02-27 14:00:20
Grid : Message : Requested 17179869184 byte stencil comms buffers 
Grid : Message : MemoryManager::Init() setting up
Grid : Message : MemoryManager::Init() cache pool for recent host   allocations: SMALL 8 LARGE 2 HUGE 0
Grid : Message : MemoryManager::Init() cache pool for recent device allocations: SMALL 16 LARGE 8 Huge 0
Grid : Message : MemoryManager::Init() cache pool for recent shared allocations: SMALL 16 LARGE 8 Huge 0
Grid : Message : MemoryManager::Init() Unified memory space
Example_spec_kryschur: ../../Grid/util/Init.cc:235: void Grid::GridParseLayout(char**, int, Grid::Coordinate&, Grid::Coordinate&): Assertion `latt.size()==nd' failed.
[genoahost100:652889] *** Process received signal ***
[genoahost100:652889] Signal: Aborted (6)
[genoahost100:652889] Signal code:  (-6)
[genoahost100:652889] [ 0] /lib64/libc.so.6(+0x3fc30)[0x14d45363fc30]
[genoahost100:652889] [ 1] /lib64/libc.so.6(+0x8d02c)[0x14d45368d02c]
[genoahost100:652889] [ 2] /lib64/libc.so.6(raise+0x16)[0x14d45363fb86]
[genoahost100:652889] [ 3] /lib64/libc.so.6(abort+0xd3)[0x14d453629873]
[genoahost100:652889] [ 4] /lib64/libc.so.6(+0x2979b)[0x14d45362979b]
[genoahost100:652889] [ 5] /lib64/libc.so.6(+0x388c6)[0x14d4536388c6]
[genoahost100:652889] [ 6] /direct/sdcc+u/poare/Grid/build/examples/./Example_spec_kryschur[0x4c0ac6]
[genoahost100:652889] [ 7] /direct/sdcc+u/poare/Grid/build/examples/./Example_spec_kryschur[0x4c4b42]
[genoahost100:652889] [ 8] /direct/sdcc+u/poare/Grid/build/examples/./Example_spec_kryschur[0x4115b3]
[genoahost100:652889] [ 9] /lib64/libc.so.6(+0x2a610)[0x14d45362a610]
[genoahost100:652889] [10] /lib64/libc.so.6(__libc_start_main+0x80)[0x14d45362a6c0]
[genoahost100:652889] [11] /direct/sdcc+u/poare/Grid/build/examples/./Example_spec_kryschur[0x4147f5]
[genoahost100:652889] *** End of error message ***
srun: error: genoahost102: task 87: Aborted (core dumped)
srun: error: genoahost102: task 88: Aborted (core dumped)
srun: error: genoahost098: task 27: Aborted (core dumped)
srun: error: genoahost101: task 71: Aborted (core dumped)

__|__|__|__|__|__|__|__|__|__|__|__|__|__|__
__|__|__|__|__|__|__|__|__|__|__|__|__|__|__
__|_ |  |  |  |  |  |  |  |  |  |  |  | _|__
__|_                                    _|__
__|_   GGGG    RRRR    III    DDDD      _|__
__|_  G        R   R    I     D   D     _|__
__|_  G        R   R    I     D    D    _|__
__|_  G  GG    RRRR     I     D    D    _|__
__|_  G   G    R  R     I     D   D     _|__
__|_   GGGG    R   R   III    DDDD      _|__
__|_                                    _|__
__|__|__|__|__|__|__|__|__|__|__|__|__|__|__
__|__|__|__|__|__|__|__|__|__|__|__|__|__|__
  |  |  |  |  |  |  |  |  |  |  |  |  |  |  


Copyright (C) 2015 Peter Boyle, Azusa Yamaguchi, Guido Cossu, Antonin Portelli and other authors

This program is free software; you can redistribute it and/or modify
it under the terms of the GNU General Public License as published by
the Free Software Foundation; either version 2 of the License, or
(at your option) any later version.

This program is distributed in the hope that it will be useful,
but WITHOUT ANY WARRANTY; without even the implied warranty of
MERCHANTABILITY or FITNESS FOR A PARTICULAR PURPOSE.  See the
GNU General Public License for more details.
Current Grid git commit hash=82d411ca7bb8ec4a5b5c3815df23674cfd291070: (HEAD -> develop, origin/develop, origin/HEAD) clean

Grid : Message : ================================================ 
Grid : Message : MPI is initialised and logging filters activated 
Grid : Message : ================================================ 
Grid : Message : This rank is running on host genoahost099.sdcc.bnl.local at local time 2026-02-27 14:00:24
Grid : Message : Requested 17179869184 byte stencil comms buffers 
Grid : Message : MemoryManager::Init() setting up
Grid : Message : MemoryManager::Init() cache pool for recent host   allocations: SMALL 8 LARGE 2 HUGE 0
Grid : Message : MemoryManager::Init() cache pool for recent device allocations: SMALL 16 LARGE 8 Huge 0
Grid : Message : MemoryManager::Init() cache pool for recent shared allocations: SMALL 16 LARGE 8 Huge 0
Grid : Message : MemoryManager::Init() Unified memory space
Example_spec_kryschur: ../../Grid/util/Init.cc:235: void Grid::GridParseLayout(char**, int, Grid::Coordinate&, Grid::Coordinate&): Assertion `latt.size()==nd' failed.
[genoahost099:1615649] *** Process received signal ***
[genoahost099:1615649] Signal: Aborted (6)
[genoahost099:1615649] Signal code:  (-6)
[genoahost099:1615649] [ 0] /lib64/libc.so.6(+0x3fc30)[0x14ec9463fc30]
[genoahost099:1615649] [ 1] /lib64/libc.so.6(+0x8d02c)[0x14ec9468d02c]
[genoahost099:1615649] [ 2] /lib64/libc.so.6(raise+0x16)[0x14ec9463fb86]
[genoahost099:1615649] [ 3] /lib64/libc.so.6(abort+0xd3)[0x14ec94629873]
[genoahost099:1615649] [ 4] /lib64/libc.so.6(+0x2979b)[0x14ec9462979b]
[genoahost099:1615649] [ 5] /lib64/libc.so.6(+0x388c6)[0x14ec946388c6]
[genoahost099:1615649] [ 6] /direct/sdcc+u/poare/Grid/build/examples/./Example_spec_kryschur[0x4c0ac6]
[genoahost099:1615649] [ 7] /direct/sdcc+u/poare/Grid/build/examples/./Example_spec_kryschur[0x4c4b42]
[genoahost099:1615649] [ 8] /direct/sdcc+u/poare/Grid/build/examples/./Example_spec_kryschur[0x4115b3]
[genoahost099:1615649] [ 9] /lib64/libc.so.6(+0x2a610)[0x14ec9462a610]
[genoahost099:1615649] [10] /lib64/libc.so.6(__libc_start_main+0x80)[0x14ec9462a6c0]
[genoahost099:1615649] [11] /direct/sdcc+u/poare/Grid/build/examples/./Example_spec_kryschur[0x4147f5]
[genoahost099:1615649] *** End of error message ***
srun: error: genoahost097: task 0: Aborted (core dumped)

__|__|__|__|__|__|__|__|__|__|__|__|__|__|__
__|__|__|__|__|__|__|__|__|__|__|__|__|__|__
__|_ |  |  |  |  |  |  |  |  |  |  |  | _|__
__|_                                    _|__
__|_   GGGG    RRRR    III    DDDD      _|__
__|_  G        R   R    I     D   D     _|__
__|_  G        R   R    I     D    D    _|__
__|_  G  GG    RRRR     I     D    D    _|__
__|_  G   G    R  R     I     D   D     _|__
__|_   GGGG    R   R   III    DDDD      _|__
__|_                                    _|__
__|__|__|__|__|__|__|__|__|__|__|__|__|__|__
__|__|__|__|__|__|__|__|__|__|__|__|__|__|__
  |  |  |  |  |  |  |  |  |  |  |  |  |  |  


Copyright (C) 2015 Peter Boyle, Azusa Yamaguchi, Guido Cossu, Antonin Portelli and other authors

This program is free software; you can redistribute it and/or modify
it under the terms of the GNU General Public License as published by
the Free Software Foundation; either version 2 of the License, or
(at your option) any later version.

This program is distributed in the hope that it will be useful,
but WITHOUT ANY WARRANTY; without even the implied warranty of
MERCHANTABILITY or FITNESS FOR A PARTICULAR PURPOSE.  See the
GNU General Public License for more details.
Current Grid git commit hash=82d411ca7bb8ec4a5b5c3815df23674cfd291070: (HEAD -> develop, origin/develop, origin/HEAD) clean

Grid : Message : ================================================ 
Grid : Message : MPI is initialised and logging filters activated 
Grid : Message : ================================================ 
Grid : Message : This rank is running on host genoahost099.sdcc.bnl.local at local time 2026-02-27 14:00:25
Grid : Message : Requested 17179869184 byte stencil comms buffers 
Grid : Message : MemoryManager::Init() setting up
Grid : Message : MemoryManager::Init() cache pool for recent host   allocations: SMALL 8 LARGE 2 HUGE 0
Grid : Message : MemoryManager::Init() cache pool for recent device allocations: SMALL 16 LARGE 8 Huge 0
Grid : Message : MemoryManager::Init() cache pool for recent shared allocations: SMALL 16 LARGE 8 Huge 0
Grid : Message : MemoryManager::Init() Unified memory space
Example_spec_kryschur: ../../Grid/util/Init.cc:235: void Grid::GridParseLayout(char**, int, Grid::Coordinate&, Grid::Coordinate&): Assertion `latt.size()==nd' failed.
[genoahost099:1615657] *** Process received signal ***
[genoahost099:1615657] Signal: Aborted (6)
[genoahost099:1615657] Signal code:  (-6)
[genoahost099:1615657] [ 0] /lib64/libc.so.6(+0x3fc30)[0x14d9b423fc30]
[genoahost099:1615657] [ 1] /lib64/libc.so.6(+0x8d02c)[0x14d9b428d02c]
[genoahost099:1615657] [ 2] /lib64/libc.so.6(raise+0x16)[0x14d9b423fb86]
[genoahost099:1615657] [ 3] /lib64/libc.so.6(abort+0xd3)[0x14d9b4229873]
[genoahost099:1615657] [ 4] /lib64/libc.so.6(+0x2979b)[0x14d9b422979b]
[genoahost099:1615657] [ 5] /lib64/libc.so.6(+0x388c6)[0x14d9b42388c6]
[genoahost099:1615657] [ 6] /direct/sdcc+u/poare/Grid/build/examples/./Example_spec_kryschur[0x4c0ac6]
[genoahost099:1615657] [ 7] /direct/sdcc+u/poare/Grid/build/examples/./Example_spec_kryschur[0x4c4b42]
[genoahost099:1615657] [ 8] /direct/sdcc+u/poare/Grid/build/examples/./Example_spec_kryschur[0x4115b3]
[genoahost099:1615657] [ 9] /lib64/libc.so.6(+0x2a610)[0x14d9b422a610]
[genoahost099:1615657] [10] /lib64/libc.so.6(__libc_start_main+0x80)[0x14d9b422a6c0]
[genoahost099:1615657] [11] /direct/sdcc+u/poare/Grid/build/examples/./Example_spec_kryschur[0x4147f5]
[genoahost099:1615657] *** End of error message ***

__|__|__|__|__|__|__|__|__|__|__|__|__|__|__
__|__|__|__|__|__|__|__|__|__|__|__|__|__|__
__|_ |  |  |  |  |  |  |  |  |  |  |  | _|__
__|_                                    _|__
__|_   GGGG    RRRR    III    DDDD      _|__
__|_  G        R   R    I     D   D     _|__
__|_  G        R   R    I     D    D    _|__
__|_  G  GG    RRRR     I     D    D    _|__
__|_  G   G    R  R     I     D   D     _|__
__|_   GGGG    R   R   III    DDDD      _|__
__|_                                    _|__
__|__|__|__|__|__|__|__|__|__|__|__|__|__|__
__|__|__|__|__|__|__|__|__|__|__|__|__|__|__
  |  |  |  |  |  |  |  |  |  |  |  |  |  |  


Copyright (C) 2015 Peter Boyle, Azusa Yamaguchi, Guido Cossu, Antonin Portelli and other authors

This program is free software; you can redistribute it and/or modify
it under the terms of the GNU General Public License as published by
the Free Software Foundation; either version 2 of the License, or
(at your option) any later version.

This program is distributed in the hope that it will be useful,
but WITHOUT ANY WARRANTY; without even the implied warranty of
MERCHANTABILITY or FITNESS FOR A PARTICULAR PURPOSE.  See the
GNU General Public License for more details.
Current Grid git commit hash=82d411ca7bb8ec4a5b5c3815df23674cfd291070: (HEAD -> develop, origin/develop, origin/HEAD) clean

Grid : Message : ================================================ 
Grid : Message : MPI is initialised and logging filters activated 
Grid : Message : ================================================ 
Grid : Message : This rank is running on host genoahost099.sdcc.bnl.local at local time 2026-02-27 14:00:25
Grid : Message : Requested 17179869184 byte stencil comms buffers 
Grid : Message : MemoryManager::Init() setting up
Grid : Message : MemoryManager::Init() cache pool for recent host   allocations: SMALL 8 LARGE 2 HUGE 0
Grid : Message : MemoryManager::Init() cache pool for recent device allocations: SMALL 16 LARGE 8 Huge 0
Grid : Message : MemoryManager::Init() cache pool for recent shared allocations: SMALL 16 LARGE 8 Huge 0
Grid : Message : MemoryManager::Init() Unified memory space
Example_spec_kryschur: ../../Grid/util/Init.cc:235: void Grid::GridParseLayout(char**, int, Grid::Coordinate&, Grid::Coordinate&): Assertion `latt.size()==nd' failed.
[genoahost099:1615648] *** Process received signal ***
[genoahost099:1615648] Signal: Aborted (6)
[genoahost099:1615648] Signal code:  (-6)
[genoahost099:1615648] [ 0] /lib64/libc.so.6(+0x3fc30)[0x151c8d03fc30]
[genoahost099:1615648] [ 1] /lib64/libc.so.6(+0x8d02c)[0x151c8d08d02c]
[genoahost099:1615648] [ 2] /lib64/libc.so.6(raise+0x16)[0x151c8d03fb86]
[genoahost099:1615648] [ 3] /lib64/libc.so.6(abort+0xd3)[0x151c8d029873]
[genoahost099:1615648] [ 4] /lib64/libc.so.6(+0x2979b)[0x151c8d02979b]
[genoahost099:1615648] [ 5] /lib64/libc.so.6(+0x388c6)[0x151c8d0388c6]
[genoahost099:1615648] [ 6] /direct/sdcc+u/poare/Grid/build/examples/./Example_spec_kryschur[0x4c0ac6]
[genoahost099:1615648] [ 7] /direct/sdcc+u/poare/Grid/build/examples/./Example_spec_kryschur[0x4c4b42]
[genoahost099:1615648] [ 8] /direct/sdcc+u/poare/Grid/build/examples/./Example_spec_kryschur[0x4115b3]
[genoahost099:1615648] [ 9] /lib64/libc.so.6(+0x2a610)[0x151c8d02a610]
[genoahost099:1615648] [10] /lib64/libc.so.6(__libc_start_main+0x80)[0x151c8d02a6c0]
[genoahost099:1615648] [11] /direct/sdcc+u/poare/Grid/build/examples/./Example_spec_kryschur[0x4147f5]
[genoahost099:1615648] *** End of error message ***

__|__|__|__|__|__|__|__|__|__|__|__|__|__|__
__|__|__|__|__|__|__|__|__|__|__|__|__|__|__
__|_ |  |  |  |  |  |  |  |  |  |  |  | _|__
__|_                                    _|__
__|_   GGGG    RRRR    III    DDDD      _|__
__|_  G        R   R    I     D   D     _|__
__|_  G        R   R    I     D    D    _|__
__|_  G  GG    RRRR     I     D    D    _|__
__|_  G   G    R  R     I     D   D     _|__
__|_   GGGG    R   R   III    DDDD      _|__
__|_                                    _|__
__|__|__|__|__|__|__|__|__|__|__|__|__|__|__
__|__|__|__|__|__|__|__|__|__|__|__|__|__|__
  |  |  |  |  |  |  |  |  |  |  |  |  |  |  


Copyright (C) 2015 Peter Boyle, Azusa Yamaguchi, Guido Cossu, Antonin Portelli and other authors

This program is free software; you can redistribute it and/or modify
it under the terms of the GNU General Public License as published by
the Free Software Foundation; either version 2 of the License, or
(at your option) any later version.

This program is distributed in the hope that it will be useful,
but WITHOUT ANY WARRANTY; without even the implied warranty of
MERCHANTABILITY or FITNESS FOR A PARTICULAR PURPOSE.  See the
GNU General Public License for more details.
Current Grid git commit hash=82d411ca7bb8ec4a5b5c3815df23674cfd291070: (HEAD -> develop, origin/develop, origin/HEAD) clean

Grid : Message : ================================================ 
Grid : Message : MPI is initialised and logging filters activated 
Grid : Message : ================================================ 
Grid : Message : This rank is running on host genoahost102.sdcc.bnl.local at local time 2026-02-27 14:00:25
Grid : Message : Requested 17179869184 byte stencil comms buffers 
Grid : Message : MemoryManager::Init() setting up
Grid : Message : MemoryManager::Init() cache pool for recent host   allocations: SMALL 8 LARGE 2 HUGE 0
Grid : Message : MemoryManager::Init() cache pool for recent device allocations: SMALL 16 LARGE 8 Huge 0
Grid : Message : MemoryManager::Init() cache pool for recent shared allocations: SMALL 16 LARGE 8 Huge 0
Grid : Message : MemoryManager::Init() Unified memory space
Example_spec_kryschur: ../../Grid/util/Init.cc:235: void Grid::GridParseLayout(char**, int, Grid::Coordinate&, Grid::Coordinate&): Assertion `latt.size()==nd' failed.
[genoahost102:632409] *** Process received signal ***
[genoahost102:632409] Signal: Aborted (6)
[genoahost102:632409] Signal code:  (-6)
[genoahost102:632409] [ 0] /lib64/libc.so.6(+0x3fc30)[0x14ad4023fc30]
[genoahost102:632409] [ 1] /lib64/libc.so.6(+0x8d02c)[0x14ad4028d02c]
[genoahost102:632409] [ 2] /lib64/libc.so.6(raise+0x16)[0x14ad4023fb86]
[genoahost102:632409] [ 3] /lib64/libc.so.6(abort+0xd3)[0x14ad40229873]
[genoahost102:632409] [ 4] /lib64/libc.so.6(+0x2979b)[0x14ad4022979b]
[genoahost102:632409] [ 5] /lib64/libc.so.6(+0x388c6)[0x14ad402388c6]
[genoahost102:632409] [ 6] /direct/sdcc+u/poare/Grid/build/examples/./Example_spec_kryschur[0x4c0ac6]
[genoahost102:632409] [ 7] /direct/sdcc+u/poare/Grid/build/examples/./Example_spec_kryschur[0x4c4b42]
[genoahost102:632409] [ 8] /direct/sdcc+u/poare/Grid/build/examples/./Example_spec_kryschur[0x4115b3]
[genoahost102:632409] [ 9] /lib64/libc.so.6(+0x2a610)[0x14ad4022a610]
[genoahost102:632409] [10] /lib64/libc.so.6(__libc_start_main+0x80)[0x14ad4022a6c0]
[genoahost102:632409] [11] /direct/sdcc+u/poare/Grid/build/examples/./Example_spec_kryschur[0x4147f5]
[genoahost102:632409] *** End of error message ***

__|__|__|__|__|__|__|__|__|__|__|__|__|__|__
__|__|__|__|__|__|__|__|__|__|__|__|__|__|__
__|_ |  |  |  |  |  |  |  |  |  |  |  | _|__
__|_                                    _|__
__|_   GGGG    RRRR    III    DDDD      _|__
__|_  G        R   R    I     D   D     _|__
__|_  G        R   R    I     D    D    _|__
__|_  G  GG    RRRR     I     D    D    _|__
__|_  G   G    R  R     I     D   D     _|__
__|_   GGGG    R   R   III    DDDD      _|__
__|_                                    _|__
__|__|__|__|__|__|__|__|__|__|__|__|__|__|__
__|__|__|__|__|__|__|__|__|__|__|__|__|__|__
  |  |  |  |  |  |  |  |  |  |  |  |  |  |  


Copyright (C) 2015 Peter Boyle, Azusa Yamaguchi, Guido Cossu, Antonin Portelli and other authors

This program is free software; you can redistribute it and/or modify
it under the terms of the GNU General Public License as published by
the Free Software Foundation; either version 2 of the License, or
(at your option) any later version.

This program is distributed in the hope that it will be useful,
but WITHOUT ANY WARRANTY; without even the implied warranty of
MERCHANTABILITY or FITNESS FOR A PARTICULAR PURPOSE.  See the
GNU General Public License for more details.
Current Grid git commit hash=82d411ca7bb8ec4a5b5c3815df23674cfd291070: (HEAD -> develop, origin/develop, origin/HEAD) clean

Grid : Message : ================================================ 
Grid : Message : MPI is initialised and logging filters activated 
Grid : Message : ================================================ 
Grid : Message : This rank is running on host genoahost099.sdcc.bnl.local at local time 2026-02-27 14:00:26
Grid : Message : Requested 17179869184 byte stencil comms buffers 
Grid : Message : MemoryManager::Init() setting up
Grid : Message : MemoryManager::Init() cache pool for recent host   allocations: SMALL 8 LARGE 2 HUGE 0
Grid : Message : MemoryManager::Init() cache pool for recent device allocations: SMALL 16 LARGE 8 Huge 0
Grid : Message : MemoryManager::Init() cache pool for recent shared allocations: SMALL 16 LARGE 8 Huge 0
Grid : Message : MemoryManager::Init() Unified memory space
Example_spec_kryschur: ../../Grid/util/Init.cc:235: void Grid::GridParseLayout(char**, int, Grid::Coordinate&, Grid::Coordinate&): Assertion `latt.size()==nd' failed.
[genoahost099:1615659] *** Process received signal ***
[genoahost099:1615659] Signal: Aborted (6)
[genoahost099:1615659] Signal code:  (-6)
[genoahost099:1615659] [ 0] /lib64/libc.so.6(+0x3fc30)[0x14e48023fc30]
[genoahost099:1615659] [ 1] /lib64/libc.so.6(+0x8d02c)[0x14e48028d02c]
[genoahost099:1615659] [ 2] /lib64/libc.so.6(raise+0x16)[0x14e48023fb86]
[genoahost099:1615659] [ 3] /lib64/libc.so.6(abort+0xd3)[0x14e480229873]
[genoahost099:1615659] [ 4] /lib64/libc.so.6(+0x2979b)[0x14e48022979b]
[genoahost099:1615659] [ 5] /lib64/libc.so.6(+0x388c6)[0x14e4802388c6]
[genoahost099:1615659] [ 6] /direct/sdcc+u/poare/Grid/build/examples/./Example_spec_kryschur[0x4c0ac6]
[genoahost099:1615659] [ 7] /direct/sdcc+u/poare/Grid/build/examples/./Example_spec_kryschur[0x4c4b42]
[genoahost099:1615659] [ 8] /direct/sdcc+u/poare/Grid/build/examples/./Example_spec_kryschur[0x4115b3]
[genoahost099:1615659] [ 9] /lib64/libc.so.6(+0x2a610)[0x14e48022a610]
[genoahost099:1615659] [10] /lib64/libc.so.6(__libc_start_main+0x80)[0x14e48022a6c0]
[genoahost099:1615659] [11] /direct/sdcc+u/poare/Grid/build/examples/./Example_spec_kryschur[0x4147f5]
[genoahost099:1615659] *** End of error message ***
srun: error: genoahost100: task 63: Aborted (core dumped)

__|__|__|__|__|__|__|__|__|__|__|__|__|__|__
__|__|__|__|__|__|__|__|__|__|__|__|__|__|__
__|_ |  |  |  |  |  |  |  |  |  |  |  | _|__
__|_                                    _|__
__|_   GGGG    RRRR    III    DDDD      _|__
__|_  G        R   R    I     D   D     _|__
__|_  G        R   R    I     D    D    _|__
__|_  G  GG    RRRR     I     D    D    _|__
__|_  G   G    R  R     I     D   D     _|__
__|_   GGGG    R   R   III    DDDD      _|__
__|_                                    _|__
__|__|__|__|__|__|__|__|__|__|__|__|__|__|__
__|__|__|__|__|__|__|__|__|__|__|__|__|__|__
  |  |  |  |  |  |  |  |  |  |  |  |  |  |  


Copyright (C) 2015 Peter Boyle, Azusa Yamaguchi, Guido Cossu, Antonin Portelli and other authors

This program is free software; you can redistribute it and/or modify
it under the terms of the GNU General Public License as published by
the Free Software Foundation; either version 2 of the License, or
(at your option) any later version.

This program is distributed in the hope that it will be useful,
but WITHOUT ANY WARRANTY; without even the implied warranty of
MERCHANTABILITY or FITNESS FOR A PARTICULAR PURPOSE.  See the
GNU General Public License for more details.
Current Grid git commit hash=82d411ca7bb8ec4a5b5c3815df23674cfd291070: (HEAD -> develop, origin/develop, origin/HEAD) clean

Grid : Message : ================================================ 
Grid : Message : MPI is initialised and logging filters activated 
Grid : Message : ================================================ 
Grid : Message : This rank is running on host genoahost099.sdcc.bnl.local at local time 2026-02-27 14:00:26
Grid : Message : Requested 17179869184 byte stencil comms buffers 
Grid : Message : MemoryManager::Init() setting up
Grid : Message : MemoryManager::Init() cache pool for recent host   allocations: SMALL 8 LARGE 2 HUGE 0
Grid : Message : MemoryManager::Init() cache pool for recent device allocations: SMALL 16 LARGE 8 Huge 0
Grid : Message : MemoryManager::Init() cache pool for recent shared allocations: SMALL 16 LARGE 8 Huge 0
Grid : Message : MemoryManager::Init() Unified memory space
Example_spec_kryschur: ../../Grid/util/Init.cc:235: void Grid::GridParseLayout(char**, int, Grid::Coordinate&, Grid::Coordinate&): Assertion `latt.size()==nd' failed.
[genoahost099:1615656] *** Process received signal ***
[genoahost099:1615656] Signal: Aborted (6)
[genoahost099:1615656] Signal code:  (-6)
[genoahost099:1615656] [ 0] /lib64/libc.so.6(+0x3fc30)[0x14c15523fc30]
[genoahost099:1615656] [ 1] /lib64/libc.so.6(+0x8d02c)[0x14c15528d02c]
[genoahost099:1615656] [ 2] /lib64/libc.so.6(raise+0x16)[0x14c15523fb86]
[genoahost099:1615656] [ 3] /lib64/libc.so.6(abort+0xd3)[0x14c155229873]
[genoahost099:1615656] [ 4] /lib64/libc.so.6(+0x2979b)[0x14c15522979b]
[genoahost099:1615656] [ 5] /lib64/libc.so.6(+0x388c6)[0x14c1552388c6]
[genoahost099:1615656] [ 6] /direct/sdcc+u/poare/Grid/build/examples/./Example_spec_kryschur[0x4c0ac6]
[genoahost099:1615656] [ 7] /direct/sdcc+u/poare/Grid/build/examples/./Example_spec_kryschur[0x4c4b42]
[genoahost099:1615656] [ 8] /direct/sdcc+u/poare/Grid/build/examples/./Example_spec_kryschur[0x4115b3]
[genoahost099:1615656] [ 9] /lib64/libc.so.6(+0x2a610)[0x14c15522a610]
[genoahost099:1615656] [10] /lib64/libc.so.6(__libc_start_main+0x80)[0x14c15522a6c0]
[genoahost099:1615656] [11] /direct/sdcc+u/poare/Grid/build/examples/./Example_spec_kryschur[0x4147f5]
[genoahost099:1615656] *** End of error message ***

__|__|__|__|__|__|__|__|__|__|__|__|__|__|__
__|__|__|__|__|__|__|__|__|__|__|__|__|__|__
__|_ |  |  |  |  |  |  |  |  |  |  |  | _|__
__|_                                    _|__
__|_   GGGG    RRRR    III    DDDD      _|__
__|_  G        R   R    I     D   D     _|__
__|_  G        R   R    I     D    D    _|__
__|_  G  GG    RRRR     I     D    D    _|__
__|_  G   G    R  R     I     D   D     _|__
__|_   GGGG    R   R   III    DDDD      _|__
__|_                                    _|__
__|__|__|__|__|__|__|__|__|__|__|__|__|__|__
__|__|__|__|__|__|__|__|__|__|__|__|__|__|__
  |  |  |  |  |  |  |  |  |  |  |  |  |  |  


Copyright (C) 2015 Peter Boyle, Azusa Yamaguchi, Guido Cossu, Antonin Portelli and other authors

This program is free software; you can redistribute it and/or modify
it under the terms of the GNU General Public License as published by
the Free Software Foundation; either version 2 of the License, or
(at your option) any later version.

This program is distributed in the hope that it will be useful,
but WITHOUT ANY WARRANTY; without even the implied warranty of
MERCHANTABILITY or FITNESS FOR A PARTICULAR PURPOSE.  See the
GNU General Public License for more details.
Current Grid git commit hash=82d411ca7bb8ec4a5b5c3815df23674cfd291070: (HEAD -> develop, origin/develop, origin/HEAD) clean

Grid : Message : ================================================ 
Grid : Message : MPI is initialised and logging filters activated 
Grid : Message : ================================================ 
Grid : Message : This rank is running on host genoahost097.sdcc.bnl.local at local time 2026-02-27 14:00:27
Grid : Message : Requested 17179869184 byte stencil comms buffers 
Grid : Message : MemoryManager::Init() setting up
Grid : Message : MemoryManager::Init() cache pool for recent host   allocations: SMALL 8 LARGE 2 HUGE 0
Grid : Message : MemoryManager::Init() cache pool for recent device allocations: SMALL 16 LARGE 8 Huge 0
Grid : Message : MemoryManager::Init() cache pool for recent shared allocations: SMALL 16 LARGE 8 Huge 0
Grid : Message : MemoryManager::Init() Unified memory space
Example_spec_kryschur: ../../Grid/util/Init.cc:235: void Grid::GridParseLayout(char**, int, Grid::Coordinate&, Grid::Coordinate&): Assertion `latt.size()==nd' failed.
[genoahost097:1736984] *** Process received signal ***
[genoahost097:1736984] Signal: Aborted (6)
[genoahost097:1736984] Signal code:  (-6)
[genoahost097:1736984] [ 0] /lib64/libc.so.6(+0x3fc30)[0x14d04ea3fc30]
[genoahost097:1736984] [ 1] /lib64/libc.so.6(+0x8d02c)[0x14d04ea8d02c]
[genoahost097:1736984] [ 2] /lib64/libc.so.6(raise+0x16)[0x14d04ea3fb86]
[genoahost097:1736984] [ 3] /lib64/libc.so.6(abort+0xd3)[0x14d04ea29873]
[genoahost097:1736984] [ 4] /lib64/libc.so.6(+0x2979b)[0x14d04ea2979b]
[genoahost097:1736984] [ 5] /lib64/libc.so.6(+0x388c6)[0x14d04ea388c6]
[genoahost097:1736984] [ 6] /direct/sdcc+u/poare/Grid/build/examples/./Example_spec_kryschur[0x4c0ac6]
[genoahost097:1736984] [ 7] /direct/sdcc+u/poare/Grid/build/examples/./Example_spec_kryschur[0x4c4b42]
[genoahost097:1736984] [ 8] /direct/sdcc+u/poare/Grid/build/examples/./Example_spec_kryschur[0x4115b3]
[genoahost097:1736984] [ 9] /lib64/libc.so.6(+0x2a610)[0x14d04ea2a610]
[genoahost097:1736984] [10] /lib64/libc.so.6(__libc_start_main+0x80)[0x14d04ea2a6c0]
[genoahost097:1736984] [11] /direct/sdcc+u/poare/Grid/build/examples/./Example_spec_kryschur[0x4147f5]
[genoahost097:1736984] *** End of error message ***

__|__|__|__|__|__|__|__|__|__|__|__|__|__|__
__|__|__|__|__|__|__|__|__|__|__|__|__|__|__
__|_ |  |  |  |  |  |  |  |  |  |  |  | _|__
__|_                                    _|__
__|_   GGGG    RRRR    III    DDDD      _|__
__|_  G        R   R    I     D   D     _|__
__|_  G        R   R    I     D    D    _|__
__|_  G  GG    RRRR     I     D    D    _|__
__|_  G   G    R  R     I     D   D     _|__
__|_   GGGG    R   R   III    DDDD      _|__
__|_                                    _|__
__|__|__|__|__|__|__|__|__|__|__|__|__|__|__
__|__|__|__|__|__|__|__|__|__|__|__|__|__|__
  |  |  |  |  |  |  |  |  |  |  |  |  |  |  


Copyright (C) 2015 Peter Boyle, Azusa Yamaguchi, Guido Cossu, Antonin Portelli and other authors

This program is free software; you can redistribute it and/or modify
it under the terms of the GNU General Public License as published by
the Free Software Foundation; either version 2 of the License, or
(at your option) any later version.

This program is distributed in the hope that it will be useful,
but WITHOUT ANY WARRANTY; without even the implied warranty of
MERCHANTABILITY or FITNESS FOR A PARTICULAR PURPOSE.  See the
GNU General Public License for more details.
Current Grid git commit hash=82d411ca7bb8ec4a5b5c3815df23674cfd291070: (HEAD -> develop, origin/develop, origin/HEAD) clean

Grid : Message : ================================================ 
Grid : Message : MPI is initialised and logging filters activated 
Grid : Message : ================================================ 
Grid : Message : This rank is running on host genoahost097.sdcc.bnl.local at local time 2026-02-27 14:00:27
Grid : Message : Requested 17179869184 byte stencil comms buffers 
Grid : Message : MemoryManager::Init() setting up
Grid : Message : MemoryManager::Init() cache pool for recent host   allocations: SMALL 8 LARGE 2 HUGE 0
Grid : Message : MemoryManager::Init() cache pool for recent device allocations: SMALL 16 LARGE 8 Huge 0
Grid : Message : MemoryManager::Init() cache pool for recent shared allocations: SMALL 16 LARGE 8 Huge 0
Grid : Message : MemoryManager::Init() Unified memory space
Example_spec_kryschur: ../../Grid/util/Init.cc:235: void Grid::GridParseLayout(char**, int, Grid::Coordinate&, Grid::Coordinate&): Assertion `latt.size()==nd' failed.
[genoahost097:1736994] *** Process received signal ***
[genoahost097:1736994] Signal: Aborted (6)
[genoahost097:1736994] Signal code:  (-6)
[genoahost097:1736994] [ 0] /lib64/libc.so.6(+0x3fc30)[0x14d41003fc30]
[genoahost097:1736994] [ 1] /lib64/libc.so.6(+0x8d02c)[0x14d41008d02c]
[genoahost097:1736994] [ 2] /lib64/libc.so.6(raise+0x16)[0x14d41003fb86]
[genoahost097:1736994] [ 3] /lib64/libc.so.6(abort+0xd3)[0x14d410029873]
[genoahost097:1736994] [ 4] /lib64/libc.so.6(+0x2979b)[0x14d41002979b]
[genoahost097:1736994] [ 5] /lib64/libc.so.6(+0x388c6)[0x14d4100388c6]
[genoahost097:1736994] [ 6] /direct/sdcc+u/poare/Grid/build/examples/./Example_spec_kryschur[0x4c0ac6]
[genoahost097:1736994] [ 7] /direct/sdcc+u/poare/Grid/build/examples/./Example_spec_kryschur[0x4c4b42]
[genoahost097:1736994] [ 8] /direct/sdcc+u/poare/Grid/build/examples/./Example_spec_kryschur[0x4115b3]
[genoahost097:1736994] [ 9] /lib64/libc.so.6(+0x2a610)[0x14d41002a610]
[genoahost097:1736994] [10] /lib64/libc.so.6(__libc_start_main+0x80)[0x14d41002a6c0]
[genoahost097:1736994] [11] /direct/sdcc+u/poare/Grid/build/examples/./Example_spec_kryschur[0x4147f5]
[genoahost097:1736994] *** End of error message ***
srun: error: genoahost097: task 4: Aborted (core dumped)

__|__|__|__|__|__|__|__|__|__|__|__|__|__|__
__|__|__|__|__|__|__|__|__|__|__|__|__|__|__
__|_ |  |  |  |  |  |  |  |  |  |  |  | _|__
__|_                                    _|__
__|_   GGGG    RRRR    III    DDDD      _|__
__|_  G        R   R    I     D   D     _|__
__|_  G        R   R    I     D    D    _|__
__|_  G  GG    RRRR     I     D    D    _|__
__|_  G   G    R  R     I     D   D     _|__
__|_   GGGG    R   R   III    DDDD      _|__
__|_                                    _|__
__|__|__|__|__|__|__|__|__|__|__|__|__|__|__
__|__|__|__|__|__|__|__|__|__|__|__|__|__|__
  |  |  |  |  |  |  |  |  |  |  |  |  |  |  


Copyright (C) 2015 Peter Boyle, Azusa Yamaguchi, Guido Cossu, Antonin Portelli and other authors

This program is free software; you can redistribute it and/or modify
it under the terms of the GNU General Public License as published by
the Free Software Foundation; either version 2 of the License, or
(at your option) any later version.

This program is distributed in the hope that it will be useful,
but WITHOUT ANY WARRANTY; without even the implied warranty of
MERCHANTABILITY or FITNESS FOR A PARTICULAR PURPOSE.  See the
GNU General Public License for more details.
Current Grid git commit hash=82d411ca7bb8ec4a5b5c3815df23674cfd291070: (HEAD -> develop, origin/develop, origin/HEAD) clean

Grid : Message : ================================================ 
Grid : Message : MPI is initialised and logging filters activated 
Grid : Message : ================================================ 
Grid : Message : This rank is running on host genoahost104.sdcc.bnl.local at local time 2026-02-27 14:00:34
Grid : Message : Requested 17179869184 byte stencil comms buffers 
Grid : Message : MemoryManager::Init() setting up
Grid : Message : MemoryManager::Init() cache pool for recent host   allocations: SMALL 8 LARGE 2 HUGE 0
Grid : Message : MemoryManager::Init() cache pool for recent device allocations: SMALL 16 LARGE 8 Huge 0
Grid : Message : MemoryManager::Init() cache pool for recent shared allocations: SMALL 16 LARGE 8 Huge 0
Grid : Message : MemoryManager::Init() Unified memory space
Example_spec_kryschur: ../../Grid/util/Init.cc:235: void Grid::GridParseLayout(char**, int, Grid::Coordinate&, Grid::Coordinate&): Assertion `latt.size()==nd' failed.
[genoahost104:634563] *** Process received signal ***
[genoahost104:634563] Signal: Aborted (6)
[genoahost104:634563] Signal code:  (-6)
[genoahost104:634563] [ 0] /lib64/libc.so.6(+0x3fc30)[0x15496b43fc30]
[genoahost104:634563] [ 1] /lib64/libc.so.6(+0x8d02c)[0x15496b48d02c]
[genoahost104:634563] [ 2] /lib64/libc.so.6(raise+0x16)[0x15496b43fb86]
[genoahost104:634563] [ 3] /lib64/libc.so.6(abort+0xd3)[0x15496b429873]
[genoahost104:634563] [ 4] /lib64/libc.so.6(+0x2979b)[0x15496b42979b]
[genoahost104:634563] [ 5] /lib64/libc.so.6(+0x388c6)[0x15496b4388c6]
[genoahost104:634563] [ 6] /direct/sdcc+u/poare/Grid/build/examples/./Example_spec_kryschur[0x4c0ac6]
[genoahost104:634563] [ 7] /direct/sdcc+u/poare/Grid/build/examples/./Example_spec_kryschur[0x4c4b42]
[genoahost104:634563] [ 8] /direct/sdcc+u/poare/Grid/build/examples/./Example_spec_kryschur[0x4115b3]
[genoahost104:634563] [ 9] /lib64/libc.so.6(+0x2a610)[0x15496b42a610]
[genoahost104:634563] [10] /lib64/libc.so.6(__libc_start_main+0x80)[0x15496b42a6c0]
[genoahost104:634563] [11] /direct/sdcc+u/poare/Grid/build/examples/./Example_spec_kryschur[0x4147f5]
[genoahost104:634563] *** End of error message ***

__|__|__|__|__|__|__|__|__|__|__|__|__|__|__
__|__|__|__|__|__|__|__|__|__|__|__|__|__|__
__|_ |  |  |  |  |  |  |  |  |  |  |  | _|__
__|_                                    _|__
__|_   GGGG    RRRR    III    DDDD      _|__
__|_  G        R   R    I     D   D     _|__
__|_  G        R   R    I     D    D    _|__
__|_  G  GG    RRRR     I     D    D    _|__
__|_  G   G    R  R     I     D   D     _|__
__|_   GGGG    R   R   III    DDDD      _|__
__|_                                    _|__
__|__|__|__|__|__|__|__|__|__|__|__|__|__|__
__|__|__|__|__|__|__|__|__|__|__|__|__|__|__
  |  |  |  |  |  |  |  |  |  |  |  |  |  |  


Copyright (C) 2015 Peter Boyle, Azusa Yamaguchi, Guido Cossu, Antonin Portelli and other authors

This program is free software; you can redistribute it and/or modify
it under the terms of the GNU General Public License as published by
the Free Software Foundation; either version 2 of the License, or
(at your option) any later version.

This program is distributed in the hope that it will be useful,
but WITHOUT ANY WARRANTY; without even the implied warranty of
MERCHANTABILITY or FITNESS FOR A PARTICULAR PURPOSE.  See the
GNU General Public License for more details.
Current Grid git commit hash=82d411ca7bb8ec4a5b5c3815df23674cfd291070: (HEAD -> develop, origin/develop, origin/HEAD) clean

Grid : Message : ================================================ 
Grid : Message : MPI is initialised and logging filters activated 
Grid : Message : ================================================ 
Grid : Message : This rank is running on host genoahost104.sdcc.bnl.local at local time 2026-02-27 14:00:34
Grid : Message : Requested 17179869184 byte stencil comms buffers 
Grid : Message : MemoryManager::Init() setting up
Grid : Message : MemoryManager::Init() cache pool for recent host   allocations: SMALL 8 LARGE 2 HUGE 0
Grid : Message : MemoryManager::Init() cache pool for recent device allocations: SMALL 16 LARGE 8 Huge 0
Grid : Message : MemoryManager::Init() cache pool for recent shared allocations: SMALL 16 LARGE 8 Huge 0
Grid : Message : MemoryManager::Init() Unified memory space
Example_spec_kryschur: ../../Grid/util/Init.cc:235: void Grid::GridParseLayout(char**, int, Grid::Coordinate&, Grid::Coordinate&): Assertion `latt.size()==nd' failed.
[genoahost104:634564] *** Process received signal ***
[genoahost104:634564] Signal: Aborted (6)
[genoahost104:634564] Signal code:  (-6)
[genoahost104:634564] [ 0] /lib64/libc.so.6(+0x3fc30)[0x14c98903fc30]
[genoahost104:634564] [ 1] /lib64/libc.so.6(+0x8d02c)[0x14c98908d02c]
[genoahost104:634564] [ 2] /lib64/libc.so.6(raise+0x16)[0x14c98903fb86]
[genoahost104:634564] [ 3] /lib64/libc.so.6(abort+0xd3)[0x14c989029873]
[genoahost104:634564] [ 4] /lib64/libc.so.6(+0x2979b)[0x14c98902979b]
[genoahost104:634564] [ 5] /lib64/libc.so.6(+0x388c6)[0x14c9890388c6]
[genoahost104:634564] [ 6] /direct/sdcc+u/poare/Grid/build/examples/./Example_spec_kryschur[0x4c0ac6]
[genoahost104:634564] [ 7] /direct/sdcc+u/poare/Grid/build/examples/./Example_spec_kryschur[0x4c4b42]
[genoahost104:634564] [ 8] /direct/sdcc+u/poare/Grid/build/examples/./Example_spec_kryschur[0x4115b3]
[genoahost104:634564] [ 9] /lib64/libc.so.6(+0x2a610)[0x14c98902a610]
[genoahost104:634564] [10] /lib64/libc.so.6(__libc_start_main+0x80)[0x14c98902a6c0]
[genoahost104:634564] [11] /direct/sdcc+u/poare/Grid/build/examples/./Example_spec_kryschur[0x4147f5]
[genoahost104:634564] *** End of error message ***

__|__|__|__|__|__|__|__|__|__|__|__|__|__|__
__|__|__|__|__|__|__|__|__|__|__|__|__|__|__
__|_ |  |  |  |  |  |  |  |  |  |  |  | _|__
__|_                                    _|__
__|_   GGGG    RRRR    III    DDDD      _|__
__|_  G        R   R    I     D   D     _|__
__|_  G        R   R    I     D    D    _|__
__|_  G  GG    RRRR     I     D    D    _|__
__|_  G   G    R  R     I     D   D     _|__
__|_   GGGG    R   R   III    DDDD      _|__
__|_                                    _|__
__|__|__|__|__|__|__|__|__|__|__|__|__|__|__
__|__|__|__|__|__|__|__|__|__|__|__|__|__|__
  |  |  |  |  |  |  |  |  |  |  |  |  |  |  


Copyright (C) 2015 Peter Boyle, Azusa Yamaguchi, Guido Cossu, Antonin Portelli and other authors

This program is free software; you can redistribute it and/or modify
it under the terms of the GNU General Public License as published by
the Free Software Foundation; either version 2 of the License, or
(at your option) any later version.

This program is distributed in the hope that it will be useful,
but WITHOUT ANY WARRANTY; without even the implied warranty of
MERCHANTABILITY or FITNESS FOR A PARTICULAR PURPOSE.  See the
GNU General Public License for more details.
Current Grid git commit hash=82d411ca7bb8ec4a5b5c3815df23674cfd291070: (HEAD -> develop, origin/develop, origin/HEAD) clean

Grid : Message : ================================================ 
Grid : Message : MPI is initialised and logging filters activated 
Grid : Message : ================================================ 
Grid : Message : This rank is running on host genoahost102.sdcc.bnl.local at local time 2026-02-27 14:00:34
Grid : Message : Requested 17179869184 byte stencil comms buffers 
Grid : Message : MemoryManager::Init() setting up
Grid : Message : MemoryManager::Init() cache pool for recent host   allocations: SMALL 8 LARGE 2 HUGE 0
Grid : Message : MemoryManager::Init() cache pool for recent device allocations: SMALL 16 LARGE 8 Huge 0
Grid : Message : MemoryManager::Init() cache pool for recent shared allocations: SMALL 16 LARGE 8 Huge 0
Grid : Message : MemoryManager::Init() Unified memory space
Example_spec_kryschur: ../../Grid/util/Init.cc:235: void Grid::GridParseLayout(char**, int, Grid::Coordinate&, Grid::Coordinate&): Assertion `latt.size()==nd' failed.
[genoahost102:632411] *** Process received signal ***
[genoahost102:632411] Signal: Aborted (6)
[genoahost102:632411] Signal code:  (-6)
[genoahost102:632411] [ 0] /lib64/libc.so.6(+0x3fc30)[0x14e7ea83fc30]
[genoahost102:632411] [ 1] /lib64/libc.so.6(+0x8d02c)[0x14e7ea88d02c]
[genoahost102:632411] [ 2] /lib64/libc.so.6(raise+0x16)[0x14e7ea83fb86]
[genoahost102:632411] [ 3] /lib64/libc.so.6(abort+0xd3)[0x14e7ea829873]
[genoahost102:632411] [ 4] /lib64/libc.so.6(+0x2979b)[0x14e7ea82979b]
[genoahost102:632411] [ 5] /lib64/libc.so.6(+0x388c6)[0x14e7ea8388c6]
[genoahost102:632411] [ 6] /direct/sdcc+u/poare/Grid/build/examples/./Example_spec_kryschur[0x4c0ac6]
[genoahost102:632411] [ 7] /direct/sdcc+u/poare/Grid/build/examples/./Example_spec_kryschur[0x4c4b42]
[genoahost102:632411] [ 8] /direct/sdcc+u/poare/Grid/build/examples/./Example_spec_kryschur[0x4115b3]
[genoahost102:632411] [ 9] /lib64/libc.so.6(+0x2a610)[0x14e7ea82a610]
[genoahost102:632411] [10] /lib64/libc.so.6(__libc_start_main+0x80)[0x14e7ea82a6c0]
[genoahost102:632411] [11] /direct/sdcc+u/poare/Grid/build/examples/./Example_spec_kryschur[0x4147f5]
[genoahost102:632411] *** End of error message ***
srun: error: genoahost103: task 105: Aborted (core dumped)
srun: error: genoahost103: task 98: Aborted (core dumped)
srun: error: genoahost102: task 80: Aborted (core dumped)
srun: error: genoahost103: task 101: Aborted (core dumped)
srun: error: genoahost097: task 14: Aborted (core dumped)
srun: error: genoahost098: task 31: Aborted (core dumped)
srun: error: genoahost101: task 72: Aborted (core dumped)

__|__|__|__|__|__|__|__|__|__|__|__|__|__|__
__|__|__|__|__|__|__|__|__|__|__|__|__|__|__
__|_ |  |  |  |  |  |  |  |  |  |  |  | _|__
__|_                                    _|__
__|_   GGGG    RRRR    III    DDDD      _|__
__|_  G        R   R    I     D   D     _|__
__|_  G        R   R    I     D    D    _|__
__|_  G  GG    RRRR     I     D    D    _|__
__|_  G   G    R  R     I     D   D     _|__
__|_   GGGG    R   R   III    DDDD      _|__
__|_                                    _|__
__|__|__|__|__|__|__|__|__|__|__|__|__|__|__
__|__|__|__|__|__|__|__|__|__|__|__|__|__|__
  |  |  |  |  |  |  |  |  |  |  |  |  |  |  


Copyright (C) 2015 Peter Boyle, Azusa Yamaguchi, Guido Cossu, Antonin Portelli and other authors

This program is free software; you can redistribute it and/or modify
it under the terms of the GNU General Public License as published by
the Free Software Foundation; either version 2 of the License, or
(at your option) any later version.

This program is distributed in the hope that it will be useful,
but WITHOUT ANY WARRANTY; without even the implied warranty of
MERCHANTABILITY or FITNESS FOR A PARTICULAR PURPOSE.  See the
GNU General Public License for more details.
Current Grid git commit hash=82d411ca7bb8ec4a5b5c3815df23674cfd291070: (HEAD -> develop, origin/develop, origin/HEAD) clean

Grid : Message : ================================================ 
Grid : Message : MPI is initialised and logging filters activated 
Grid : Message : ================================================ 
Grid : Message : This rank is running on host genoahost097.sdcc.bnl.local at local time 2026-02-27 14:00:41
Grid : Message : Requested 17179869184 byte stencil comms buffers 
Grid : Message : MemoryManager::Init() setting up
Grid : Message : MemoryManager::Init() cache pool for recent host   allocations: SMALL 8 LARGE 2 HUGE 0
Grid : Message : MemoryManager::Init() cache pool for recent device allocations: SMALL 16 LARGE 8 Huge 0
Grid : Message : MemoryManager::Init() cache pool for recent shared allocations: SMALL 16 LARGE 8 Huge 0
Grid : Message : MemoryManager::Init() Unified memory space
Example_spec_kryschur: ../../Grid/util/Init.cc:235: void Grid::GridParseLayout(char**, int, Grid::Coordinate&, Grid::Coordinate&): Assertion `latt.size()==nd' failed.
[genoahost097:1736982] *** Process received signal ***
[genoahost097:1736982] Signal: Aborted (6)
[genoahost097:1736982] Signal code:  (-6)
[genoahost097:1736982] [ 0] /lib64/libc.so.6(+0x3fc30)[0x14da4e63fc30]
[genoahost097:1736982] [ 1] /lib64/libc.so.6(+0x8d02c)[0x14da4e68d02c]
[genoahost097:1736982] [ 2] /lib64/libc.so.6(raise+0x16)[0x14da4e63fb86]
[genoahost097:1736982] [ 3] /lib64/libc.so.6(abort+0xd3)[0x14da4e629873]
[genoahost097:1736982] [ 4] /lib64/libc.so.6(+0x2979b)[0x14da4e62979b]
[genoahost097:1736982] [ 5] /lib64/libc.so.6(+0x388c6)[0x14da4e6388c6]
[genoahost097:1736982] [ 6] /direct/sdcc+u/poare/Grid/build/examples/./Example_spec_kryschur[0x4c0ac6]
[genoahost097:1736982] [ 7] /direct/sdcc+u/poare/Grid/build/examples/./Example_spec_kryschur[0x4c4b42]
[genoahost097:1736982] [ 8] /direct/sdcc+u/poare/Grid/build/examples/./Example_spec_kryschur[0x4115b3]
[genoahost097:1736982] [ 9] /lib64/libc.so.6(+0x2a610)[0x14da4e62a610]
[genoahost097:1736982] [10] /lib64/libc.so.6(__libc_start_main+0x80)[0x14da4e62a6c0]
[genoahost097:1736982] [11] /direct/sdcc+u/poare/Grid/build/examples/./Example_spec_kryschur[0x4147f5]
[genoahost097:1736982] *** End of error message ***
srun: error: genoahost104: task 123: Aborted (core dumped)

__|__|__|__|__|__|__|__|__|__|__|__|__|__|__
__|__|__|__|__|__|__|__|__|__|__|__|__|__|__
__|_ |  |  |  |  |  |  |  |  |  |  |  | _|__
__|_                                    _|__
__|_   GGGG    RRRR    III    DDDD      _|__
__|_  G        R   R    I     D   D     _|__
__|_  G        R   R    I     D    D    _|__
__|_  G  GG    RRRR     I     D    D    _|__
__|_  G   G    R  R     I     D   D     _|__
__|_   GGGG    R   R   III    DDDD      _|__
__|_                                    _|__
__|__|__|__|__|__|__|__|__|__|__|__|__|__|__
__|__|__|__|__|__|__|__|__|__|__|__|__|__|__
  |  |  |  |  |  |  |  |  |  |  |  |  |  |  


Copyright (C) 2015 Peter Boyle, Azusa Yamaguchi, Guido Cossu, Antonin Portelli and other authors

This program is free software; you can redistribute it and/or modify
it under the terms of the GNU General Public License as published by
the Free Software Foundation; either version 2 of the License, or
(at your option) any later version.

This program is distributed in the hope that it will be useful,
but WITHOUT ANY WARRANTY; without even the implied warranty of
MERCHANTABILITY or FITNESS FOR A PARTICULAR PURPOSE.  See the
GNU General Public License for more details.
Current Grid git commit hash=82d411ca7bb8ec4a5b5c3815df23674cfd291070: (HEAD -> develop, origin/develop, origin/HEAD) clean

Grid : Message : ================================================ 
Grid : Message : MPI is initialised and logging filters activated 
Grid : Message : ================================================ 
Grid : Message : This rank is running on host genoahost097.sdcc.bnl.local at local time 2026-02-27 14:00:42
Grid : Message : Requested 17179869184 byte stencil comms buffers 
Grid : Message : MemoryManager::Init() setting up
Grid : Message : MemoryManager::Init() cache pool for recent host   allocations: SMALL 8 LARGE 2 HUGE 0
Grid : Message : MemoryManager::Init() cache pool for recent device allocations: SMALL 16 LARGE 8 Huge 0
Grid : Message : MemoryManager::Init() cache pool for recent shared allocations: SMALL 16 LARGE 8 Huge 0
Grid : Message : MemoryManager::Init() Unified memory space
Example_spec_kryschur: ../../Grid/util/Init.cc:235: void Grid::GridParseLayout(char**, int, Grid::Coordinate&, Grid::Coordinate&): Assertion `latt.size()==nd' failed.
[genoahost097:1736987] *** Process received signal ***
[genoahost097:1736987] Signal: Aborted (6)
[genoahost097:1736987] Signal code:  (-6)
[genoahost097:1736987] [ 0] /lib64/libc.so.6(+0x3fc30)[0x14fe2a83fc30]
[genoahost097:1736987] [ 1] /lib64/libc.so.6(+0x8d02c)[0x14fe2a88d02c]
[genoahost097:1736987] [ 2] /lib64/libc.so.6(raise+0x16)[0x14fe2a83fb86]
[genoahost097:1736987] [ 3] /lib64/libc.so.6(abort+0xd3)[0x14fe2a829873]
[genoahost097:1736987] [ 4] /lib64/libc.so.6(+0x2979b)[0x14fe2a82979b]
[genoahost097:1736987] [ 5] /lib64/libc.so.6(+0x388c6)[0x14fe2a8388c6]
[genoahost097:1736987] [ 6] /direct/sdcc+u/poare/Grid/build/examples/./Example_spec_kryschur[0x4c0ac6]
[genoahost097:1736987] [ 7] /direct/sdcc+u/poare/Grid/build/examples/./Example_spec_kryschur[0x4c4b42]
[genoahost097:1736987] [ 8] /direct/sdcc+u/poare/Grid/build/examples/./Example_spec_kryschur[0x4115b3]
[genoahost097:1736987] [ 9] /lib64/libc.so.6(+0x2a610)[0x14fe2a82a610]
[genoahost097:1736987] [10] /lib64/libc.so.6(__libc_start_main+0x80)[0x14fe2a82a6c0]
[genoahost097:1736987] [11] /direct/sdcc+u/poare/Grid/build/examples/./Example_spec_kryschur[0x4147f5]
[genoahost097:1736987] *** End of error message ***

__|__|__|__|__|__|__|__|__|__|__|__|__|__|__
__|__|__|__|__|__|__|__|__|__|__|__|__|__|__
__|_ |  |  |  |  |  |  |  |  |  |  |  | _|__
__|_                                    _|__
__|_   GGGG    RRRR    III    DDDD      _|__
__|_  G        R   R    I     D   D     _|__
__|_  G        R   R    I     D    D    _|__
__|_  G  GG    RRRR     I     D    D    _|__
__|_  G   G    R  R     I     D   D     _|__
__|_   GGGG    R   R   III    DDDD      _|__
__|_                                    _|__
__|__|__|__|__|__|__|__|__|__|__|__|__|__|__
__|__|__|__|__|__|__|__|__|__|__|__|__|__|__
  |  |  |  |  |  |  |  |  |  |  |  |  |  |  


Copyright (C) 2015 Peter Boyle, Azusa Yamaguchi, Guido Cossu, Antonin Portelli and other authors

This program is free software; you can redistribute it and/or modify
it under the terms of the GNU General Public License as published by
the Free Software Foundation; either version 2 of the License, or
(at your option) any later version.

This program is distributed in the hope that it will be useful,
but WITHOUT ANY WARRANTY; without even the implied warranty of
MERCHANTABILITY or FITNESS FOR A PARTICULAR PURPOSE.  See the
GNU General Public License for more details.
Current Grid git commit hash=82d411ca7bb8ec4a5b5c3815df23674cfd291070: (HEAD -> develop, origin/develop, origin/HEAD) clean


__|__|__|__|__|__|__|__|__|__|__|__|__|__|__
__|__|__|__|__|__|__|__|__|__|__|__|__|__|__
__|_ |  |  |  |  |  |  |  |  |  |  |  | _|__
__|_                                    _|__
__|_   GGGG    RRRR    III    DDDD      _|__
__|_  G        R   R    I     D   D     _|__
__|_  G        R   R    I     D    D    _|__
__|_  G  GG    RRRR     I     D    D    _|__
__|_  G   G    R  R     I     D   D     _|__
__|_   GGGG    R   R   III    DDDD      _|__
__|_                                    _|__
__|__|__|__|__|__|__|__|__|__|__|__|__|__|__
__|__|__|__|__|__|__|__|__|__|__|__|__|__|__
  |  |  |  |  |  |  |  |  |  |  |  |  |  |  


Copyright (C) 2015 Peter Boyle, Azusa Yamaguchi, Guido Cossu, Antonin Portelli and other authors

This program is free software; you can redistribute it and/or modify
it under the terms of the GNU General Public License as published by
the Free Software Foundation; either version 2 of the License, or
(at your option) any later version.

This program is distributed in the hope that it will be useful,
but WITHOUT ANY WARRANTY; without even the implied warranty of
MERCHANTABILITY or FITNESS FOR A PARTICULAR PURPOSE.  See the
GNU General Public License for more details.
Current Grid git commit hash=82d411ca7bb8ec4a5b5c3815df23674cfd291070: (HEAD -> develop, origin/develop, origin/HEAD) clean

Grid : Message : ================================================ 
Grid : Message : MPI is initialised and logging filters activated 
Grid : Message : ================================================ 
Grid : Message : This rank is running on host genoahost104.sdcc.bnl.local at local time 2026-02-27 14:00:42
Grid : Message : Requested 17179869184 byte stencil comms buffers 
Grid : Message : MemoryManager::Init() setting up
Grid : Message : MemoryManager::Init() cache pool for recent host   allocations: SMALL 8 LARGE 2 HUGE 0
Grid : Message : MemoryManager::Init() cache pool for recent device allocations: SMALL 16 LARGE 8 Huge 0
Grid : Message : MemoryManager::Init() cache pool for recent shared allocations: SMALL 16 LARGE 8 Huge 0
Grid : Message : MemoryManager::Init() Unified memory space
Example_spec_kryschur: ../../Grid/util/Init.cc:235: void Grid::GridParseLayout(char**, int, Grid::Coordinate&, Grid::Coordinate&): Assertion `latt.size()==nd' failed.
[genoahost104:634558] *** Process received signal ***
[genoahost104:634558] Signal: Aborted (6)
[genoahost104:634558] Signal code:  (-6)
[genoahost104:634558] [ 0] /lib64/libc.so.6(+0x3fc30)[0x14910063fc30]
[genoahost104:634558] [ 1] /lib64/libc.so.6(+0x8d02c)[0x14910068d02c]
[genoahost104:634558] [ 2] /lib64/libc.so.6(raise+0x16)[0x14910063fb86]
[genoahost104:634558] [ 3] /lib64/libc.so.6(abort+0xd3)[0x149100629873]
[genoahost104:634558] [ 4] /lib64/libc.so.6(+0x2979b)[0x14910062979b]
[genoahost104:634558] [ 5] /lib64/libc.so.6(+0x388c6)[0x1491006388c6]
[genoahost104:634558] [ 6] /direct/sdcc+u/poare/Grid/build/examples/./Example_spec_kryschur[0x4c0ac6]
[genoahost104:634558] [ 7] /direct/sdcc+u/poare/Grid/build/examples/./Example_spec_kryschur[0x4c4b42]
[genoahost104:634558] [ 8] /direct/sdcc+u/poare/Grid/build/examples/./Example_spec_kryschur[0x4115b3]
[genoahost104:634558] [ 9] /lib64/libc.so.6(+0x2a610)[0x14910062a610]
[genoahost104:634558] [10] /lib64/libc.so.6(__libc_start_main+0x80)[0x14910062a6c0]
[genoahost104:634558] [11] /direct/sdcc+u/poare/Grid/build/examples/./Example_spec_kryschur[0x4147f5]
[genoahost104:634558] *** End of error message ***
Grid : Message : ================================================ 
Grid : Message : MPI is initialised and logging filters activated 
Grid : Message : ================================================ 
Grid : Message : This rank is running on host genoahost104.sdcc.bnl.local at local time 2026-02-27 14:00:42
Grid : Message : Requested 17179869184 byte stencil comms buffers 
Grid : Message : MemoryManager::Init() setting up
Grid : Message : MemoryManager::Init() cache pool for recent host   allocations: SMALL 8 LARGE 2 HUGE 0
Grid : Message : MemoryManager::Init() cache pool for recent device allocations: SMALL 16 LARGE 8 Huge 0
Grid : Message : MemoryManager::Init() cache pool for recent shared allocations: SMALL 16 LARGE 8 Huge 0
Grid : Message : MemoryManager::Init() Unified memory space
Example_spec_kryschur: ../../Grid/util/Init.cc:235: void Grid::GridParseLayout(char**, int, Grid::Coordinate&, Grid::Coordinate&): Assertion `latt.size()==nd' failed.
[genoahost104:634557] *** Process received signal ***
[genoahost104:634557] Signal: Aborted (6)
[genoahost104:634557] Signal code:  (-6)
[genoahost104:634557] [ 0] /lib64/libc.so.6(+0x3fc30)[0x14c9dcc3fc30]
[genoahost104:634557] [ 1] /lib64/libc.so.6(+0x8d02c)[0x14c9dcc8d02c]
[genoahost104:634557] [ 2] /lib64/libc.so.6(raise+0x16)[0x14c9dcc3fb86]
[genoahost104:634557] [ 3] /lib64/libc.so.6(abort+0xd3)[0x14c9dcc29873]
[genoahost104:634557] [ 4] /lib64/libc.so.6(+0x2979b)[0x14c9dcc2979b]
[genoahost104:634557] [ 5] /lib64/libc.so.6(+0x388c6)[0x14c9dcc388c6]
[genoahost104:634557] [ 6] /direct/sdcc+u/poare/Grid/build/examples/./Example_spec_kryschur[0x4c0ac6]
[genoahost104:634557] [ 7] /direct/sdcc+u/poare/Grid/build/examples/./Example_spec_kryschur[0x4c4b42]
[genoahost104:634557] [ 8] /direct/sdcc+u/poare/Grid/build/examples/./Example_spec_kryschur[0x4115b3]
[genoahost104:634557] [ 9] /lib64/libc.so.6(+0x2a610)[0x14c9dcc2a610]
[genoahost104:634557] [10] /lib64/libc.so.6(__libc_start_main+0x80)[0x14c9dcc2a6c0]
[genoahost104:634557] [11] /direct/sdcc+u/poare/Grid/build/examples/./Example_spec_kryschur[0x4147f5]
[genoahost104:634557] *** End of error message ***

__|__|__|__|__|__|__|__|__|__|__|__|__|__|__
__|__|__|__|__|__|__|__|__|__|__|__|__|__|__
__|_ |  |  |  |  |  |  |  |  |  |  |  | _|__
__|_                                    _|__
__|_   GGGG    RRRR    III    DDDD      _|__
__|_  G        R   R    I     D   D     _|__
__|_  G        R   R    I     D    D    _|__
__|_  G  GG    RRRR     I     D    D    _|__
__|_  G   G    R  R     I     D   D     _|__
__|_   GGGG    R   R   III    DDDD      _|__
__|_                                    _|__
__|__|__|__|__|__|__|__|__|__|__|__|__|__|__
__|__|__|__|__|__|__|__|__|__|__|__|__|__|__
  |  |  |  |  |  |  |  |  |  |  |  |  |  |  


Copyright (C) 2015 Peter Boyle, Azusa Yamaguchi, Guido Cossu, Antonin Portelli and other authors

This program is free software; you can redistribute it and/or modify
it under the terms of the GNU General Public License as published by
the Free Software Foundation; either version 2 of the License, or
(at your option) any later version.

This program is distributed in the hope that it will be useful,
but WITHOUT ANY WARRANTY; without even the implied warranty of
MERCHANTABILITY or FITNESS FOR A PARTICULAR PURPOSE.  See the
GNU General Public License for more details.
Current Grid git commit hash=82d411ca7bb8ec4a5b5c3815df23674cfd291070: (HEAD -> develop, origin/develop, origin/HEAD) clean

Grid : Message : ================================================ 
Grid : Message : MPI is initialised and logging filters activated 
Grid : Message : ================================================ 
Grid : Message : This rank is running on host genoahost104.sdcc.bnl.local at local time 2026-02-27 14:00:43
Grid : Message : Requested 17179869184 byte stencil comms buffers 
Grid : Message : MemoryManager::Init() setting up
Grid : Message : MemoryManager::Init() cache pool for recent host   allocations: SMALL 8 LARGE 2 HUGE 0
Grid : Message : MemoryManager::Init() cache pool for recent device allocations: SMALL 16 LARGE 8 Huge 0
Grid : Message : MemoryManager::Init() cache pool for recent shared allocations: SMALL 16 LARGE 8 Huge 0
Grid : Message : MemoryManager::Init() Unified memory space
Example_spec_kryschur: ../../Grid/util/Init.cc:235: void Grid::GridParseLayout(char**, int, Grid::Coordinate&, Grid::Coordinate&): Assertion `latt.size()==nd' failed.
[genoahost104:634562] *** Process received signal ***
[genoahost104:634562] Signal: Aborted (6)
[genoahost104:634562] Signal code:  (-6)
[genoahost104:634562] [ 0] /lib64/libc.so.6(+0x3fc30)[0x14db9803fc30]
[genoahost104:634562] [ 1] /lib64/libc.so.6(+0x8d02c)[0x14db9808d02c]
[genoahost104:634562] [ 2] /lib64/libc.so.6(raise+0x16)[0x14db9803fb86]
[genoahost104:634562] [ 3] /lib64/libc.so.6(abort+0xd3)[0x14db98029873]
[genoahost104:634562] [ 4] /lib64/libc.so.6(+0x2979b)[0x14db9802979b]
[genoahost104:634562] [ 5] /lib64/libc.so.6(+0x388c6)[0x14db980388c6]
[genoahost104:634562] [ 6] /direct/sdcc+u/poare/Grid/build/examples/./Example_spec_kryschur[0x4c0ac6]
[genoahost104:634562] [ 7] /direct/sdcc+u/poare/Grid/build/examples/./Example_spec_kryschur[0x4c4b42]
[genoahost104:634562] [ 8] /direct/sdcc+u/poare/Grid/build/examples/./Example_spec_kryschur[0x4115b3]
[genoahost104:634562] [ 9] /lib64/libc.so.6(+0x2a610)[0x14db9802a610]
[genoahost104:634562] [10] /lib64/libc.so.6(__libc_start_main+0x80)[0x14db9802a6c0]
[genoahost104:634562] [11] /direct/sdcc+u/poare/Grid/build/examples/./Example_spec_kryschur[0x4147f5]
[genoahost104:634562] *** End of error message ***

__|__|__|__|__|__|__|__|__|__|__|__|__|__|__
__|__|__|__|__|__|__|__|__|__|__|__|__|__|__
__|_ |  |  |  |  |  |  |  |  |  |  |  | _|__
__|_                                    _|__
__|_   GGGG    RRRR    III    DDDD      _|__
__|_  G        R   R    I     D   D     _|__
__|_  G        R   R    I     D    D    _|__
__|_  G  GG    RRRR     I     D    D    _|__
__|_  G   G    R  R     I     D   D     _|__
__|_   GGGG    R   R   III    DDDD      _|__
__|_                                    _|__
__|__|__|__|__|__|__|__|__|__|__|__|__|__|__
__|__|__|__|__|__|__|__|__|__|__|__|__|__|__
  |  |  |  |  |  |  |  |  |  |  |  |  |  |  


Copyright (C) 2015 Peter Boyle, Azusa Yamaguchi, Guido Cossu, Antonin Portelli and other authors

This program is free software; you can redistribute it and/or modify
it under the terms of the GNU General Public License as published by
the Free Software Foundation; either version 2 of the License, or
(at your option) any later version.

This program is distributed in the hope that it will be useful,
but WITHOUT ANY WARRANTY; without even the implied warranty of
MERCHANTABILITY or FITNESS FOR A PARTICULAR PURPOSE.  See the
GNU General Public License for more details.
Current Grid git commit hash=82d411ca7bb8ec4a5b5c3815df23674cfd291070: (HEAD -> develop, origin/develop, origin/HEAD) clean

Grid : Message : ================================================ 
Grid : Message : MPI is initialised and logging filters activated 
Grid : Message : ================================================ 
Grid : Message : This rank is running on host genoahost097.sdcc.bnl.local at local time 2026-02-27 14:00:43
Grid : Message : Requested 17179869184 byte stencil comms buffers 
Grid : Message : MemoryManager::Init() setting up
Grid : Message : MemoryManager::Init() cache pool for recent host   allocations: SMALL 8 LARGE 2 HUGE 0
Grid : Message : MemoryManager::Init() cache pool for recent device allocations: SMALL 16 LARGE 8 Huge 0
Grid : Message : MemoryManager::Init() cache pool for recent shared allocations: SMALL 16 LARGE 8 Huge 0
Grid : Message : MemoryManager::Init() Unified memory space
Example_spec_kryschur: ../../Grid/util/Init.cc:235: void Grid::GridParseLayout(char**, int, Grid::Coordinate&, Grid::Coordinate&): Assertion `latt.size()==nd' failed.
[genoahost097:1736988] *** Process received signal ***
[genoahost097:1736988] Signal: Aborted (6)
[genoahost097:1736988] Signal code:  (-6)
[genoahost097:1736988] [ 0] /lib64/libc.so.6(+0x3fc30)[0x14e96323fc30]
[genoahost097:1736988] [ 1] /lib64/libc.so.6(+0x8d02c)[0x14e96328d02c]
[genoahost097:1736988] [ 2] /lib64/libc.so.6(raise+0x16)[0x14e96323fb86]
[genoahost097:1736988] [ 3] /lib64/libc.so.6(abort+0xd3)[0x14e963229873]
[genoahost097:1736988] [ 4] /lib64/libc.so.6(+0x2979b)[0x14e96322979b]
[genoahost097:1736988] [ 5] /lib64/libc.so.6(+0x388c6)[0x14e9632388c6]
[genoahost097:1736988] [ 6] /direct/sdcc+u/poare/Grid/build/examples/./Example_spec_kryschur[0x4c0ac6]
[genoahost097:1736988] [ 7] /direct/sdcc+u/poare/Grid/build/examples/./Example_spec_kryschur[0x4c4b42]
[genoahost097:1736988] [ 8] /direct/sdcc+u/poare/Grid/build/examples/./Example_spec_kryschur[0x4115b3]
[genoahost097:1736988] [ 9] /lib64/libc.so.6(+0x2a610)[0x14e96322a610]
[genoahost097:1736988] [10] /lib64/libc.so.6(__libc_start_main+0x80)[0x14e96322a6c0]
[genoahost097:1736988] [11] /direct/sdcc+u/poare/Grid/build/examples/./Example_spec_kryschur[0x4147f5]
[genoahost097:1736988] *** End of error message ***
srun: error: genoahost098: task 25: Aborted (core dumped)

__|__|__|__|__|__|__|__|__|__|__|__|__|__|__
__|__|__|__|__|__|__|__|__|__|__|__|__|__|__
__|_ |  |  |  |  |  |  |  |  |  |  |  | _|__
__|_                                    _|__
__|_   GGGG    RRRR    III    DDDD      _|__
__|_  G        R   R    I     D   D     _|__
__|_  G        R   R    I     D    D    _|__
__|_  G  GG    RRRR     I     D    D    _|__
__|_  G   G    R  R     I     D   D     _|__
__|_   GGGG    R   R   III    DDDD      _|__
__|_                                    _|__
__|__|__|__|__|__|__|__|__|__|__|__|__|__|__
__|__|__|__|__|__|__|__|__|__|__|__|__|__|__
  |  |  |  |  |  |  |  |  |  |  |  |  |  |  


Copyright (C) 2015 Peter Boyle, Azusa Yamaguchi, Guido Cossu, Antonin Portelli and other authors

This program is free software; you can redistribute it and/or modify
it under the terms of the GNU General Public License as published by
the Free Software Foundation; either version 2 of the License, or
(at your option) any later version.

This program is distributed in the hope that it will be useful,
but WITHOUT ANY WARRANTY; without even the implied warranty of
MERCHANTABILITY or FITNESS FOR A PARTICULAR PURPOSE.  See the
GNU General Public License for more details.
Current Grid git commit hash=82d411ca7bb8ec4a5b5c3815df23674cfd291070: (HEAD -> develop, origin/develop, origin/HEAD) clean

Grid : Message : ================================================ 
Grid : Message : MPI is initialised and logging filters activated 
Grid : Message : ================================================ 
Grid : Message : This rank is running on host genoahost099.sdcc.bnl.local at local time 2026-02-27 14:00:44
Grid : Message : Requested 17179869184 byte stencil comms buffers 
Grid : Message : MemoryManager::Init() setting up
Grid : Message : MemoryManager::Init() cache pool for recent host   allocations: SMALL 8 LARGE 2 HUGE 0
Grid : Message : MemoryManager::Init() cache pool for recent device allocations: SMALL 16 LARGE 8 Huge 0
Grid : Message : MemoryManager::Init() cache pool for recent shared allocations: SMALL 16 LARGE 8 Huge 0
Grid : Message : MemoryManager::Init() Unified memory space
Example_spec_kryschur: ../../Grid/util/Init.cc:235: void Grid::GridParseLayout(char**, int, Grid::Coordinate&, Grid::Coordinate&): Assertion `latt.size()==nd' failed.
[genoahost099:1615646] *** Process received signal ***
[genoahost099:1615646] Signal: Aborted (6)
[genoahost099:1615646] Signal code:  (-6)
[genoahost099:1615646] [ 0] /lib64/libc.so.6(+0x3fc30)[0x15365903fc30]
[genoahost099:1615646] [ 1] /lib64/libc.so.6(+0x8d02c)[0x15365908d02c]
[genoahost099:1615646] [ 2] /lib64/libc.so.6(raise+0x16)[0x15365903fb86]
[genoahost099:1615646] [ 3] /lib64/libc.so.6(abort+0xd3)[0x153659029873]
[genoahost099:1615646] [ 4] /lib64/libc.so.6(+0x2979b)[0x15365902979b]
[genoahost099:1615646] [ 5] /lib64/libc.so.6(+0x388c6)[0x1536590388c6]
[genoahost099:1615646] [ 6] /direct/sdcc+u/poare/Grid/build/examples/./Example_spec_kryschur[0x4c0ac6]
[genoahost099:1615646] [ 7] /direct/sdcc+u/poare/Grid/build/examples/./Example_spec_kryschur[0x4c4b42]
[genoahost099:1615646] [ 8] /direct/sdcc+u/poare/Grid/build/examples/./Example_spec_kryschur[0x4115b3]
[genoahost099:1615646] [ 9] /lib64/libc.so.6(+0x2a610)[0x15365902a610]
[genoahost099:1615646] [10] /lib64/libc.so.6(__libc_start_main+0x80)[0x15365902a6c0]
[genoahost099:1615646] [11] /direct/sdcc+u/poare/Grid/build/examples/./Example_spec_kryschur[0x4147f5]
[genoahost099:1615646] *** End of error message ***
srun: error: genoahost100: task 57: Aborted (core dumped)

__|__|__|__|__|__|__|__|__|__|__|__|__|__|__
__|__|__|__|__|__|__|__|__|__|__|__|__|__|__
__|_ |  |  |  |  |  |  |  |  |  |  |  | _|__
__|_                                    _|__
__|_   GGGG    RRRR    III    DDDD      _|__
__|_  G        R   R    I     D   D     _|__
__|_  G        R   R    I     D    D    _|__
__|_  G  GG    RRRR     I     D    D    _|__
__|_  G   G    R  R     I     D   D     _|__
__|_   GGGG    R   R   III    DDDD      _|__
__|_                                    _|__
__|__|__|__|__|__|__|__|__|__|__|__|__|__|__
__|__|__|__|__|__|__|__|__|__|__|__|__|__|__
  |  |  |  |  |  |  |  |  |  |  |  |  |  |  


Copyright (C) 2015 Peter Boyle, Azusa Yamaguchi, Guido Cossu, Antonin Portelli and other authors

This program is free software; you can redistribute it and/or modify
it under the terms of the GNU General Public License as published by
the Free Software Foundation; either version 2 of the License, or
(at your option) any later version.

This program is distributed in the hope that it will be useful,
but WITHOUT ANY WARRANTY; without even the implied warranty of
MERCHANTABILITY or FITNESS FOR A PARTICULAR PURPOSE.  See the
GNU General Public License for more details.
Current Grid git commit hash=82d411ca7bb8ec4a5b5c3815df23674cfd291070: (HEAD -> develop, origin/develop, origin/HEAD) clean

Grid : Message : ================================================ 
Grid : Message : MPI is initialised and logging filters activated 
Grid : Message : ================================================ 
Grid : Message : This rank is running on host genoahost099.sdcc.bnl.local at local time 2026-02-27 14:00:45
Grid : Message : Requested 17179869184 byte stencil comms buffers 
Grid : Message : MemoryManager::Init() setting up
Grid : Message : MemoryManager::Init() cache pool for recent host   allocations: SMALL 8 LARGE 2 HUGE 0
Grid : Message : MemoryManager::Init() cache pool for recent device allocations: SMALL 16 LARGE 8 Huge 0
Grid : Message : MemoryManager::Init() cache pool for recent shared allocations: SMALL 16 LARGE 8 Huge 0
Grid : Message : MemoryManager::Init() Unified memory space
Example_spec_kryschur: ../../Grid/util/Init.cc:235: void Grid::GridParseLayout(char**, int, Grid::Coordinate&, Grid::Coordinate&): Assertion `latt.size()==nd' failed.
[genoahost099:1615647] *** Process received signal ***
[genoahost099:1615647] Signal: Aborted (6)
[genoahost099:1615647] Signal code:  (-6)
[genoahost099:1615647] [ 0] /lib64/libc.so.6(+0x3fc30)[0x1514e163fc30]
[genoahost099:1615647] [ 1] /lib64/libc.so.6(+0x8d02c)[0x1514e168d02c]
[genoahost099:1615647] [ 2] /lib64/libc.so.6(raise+0x16)[0x1514e163fb86]
[genoahost099:1615647] [ 3] /lib64/libc.so.6(abort+0xd3)[0x1514e1629873]
[genoahost099:1615647] [ 4] /lib64/libc.so.6(+0x2979b)[0x1514e162979b]
[genoahost099:1615647] [ 5] /lib64/libc.so.6(+0x388c6)[0x1514e16388c6]
[genoahost099:1615647] [ 6] /direct/sdcc+u/poare/Grid/build/examples/./Example_spec_kryschur[0x4c0ac6]
[genoahost099:1615647] [ 7] /direct/sdcc+u/poare/Grid/build/examples/./Example_spec_kryschur[0x4c4b42]
[genoahost099:1615647] [ 8] /direct/sdcc+u/poare/Grid/build/examples/./Example_spec_kryschur[0x4115b3]
[genoahost099:1615647] [ 9] /lib64/libc.so.6(+0x2a610)[0x1514e162a610]
[genoahost099:1615647] [10] /lib64/libc.so.6(__libc_start_main+0x80)[0x1514e162a6c0]
[genoahost099:1615647] [11] /direct/sdcc+u/poare/Grid/build/examples/./Example_spec_kryschur[0x4147f5]
[genoahost099:1615647] *** End of error message ***

__|__|__|__|__|__|__|__|__|__|__|__|__|__|__
__|__|__|__|__|__|__|__|__|__|__|__|__|__|__
__|_ |  |  |  |  |  |  |  |  |  |  |  | _|__
__|_                                    _|__
__|_   GGGG    RRRR    III    DDDD      _|__
__|_  G        R   R    I     D   D     _|__
__|_  G        R   R    I     D    D    _|__
__|_  G  GG    RRRR     I     D    D    _|__
__|_  G   G    R  R     I     D   D     _|__
__|_   GGGG    R   R   III    DDDD      _|__
__|_                                    _|__
__|__|__|__|__|__|__|__|__|__|__|__|__|__|__
__|__|__|__|__|__|__|__|__|__|__|__|__|__|__
  |  |  |  |  |  |  |  |  |  |  |  |  |  |  


Copyright (C) 2015 Peter Boyle, Azusa Yamaguchi, Guido Cossu, Antonin Portelli and other authors

This program is free software; you can redistribute it and/or modify
it under the terms of the GNU General Public License as published by
the Free Software Foundation; either version 2 of the License, or
(at your option) any later version.

This program is distributed in the hope that it will be useful,
but WITHOUT ANY WARRANTY; without even the implied warranty of
MERCHANTABILITY or FITNESS FOR A PARTICULAR PURPOSE.  See the
GNU General Public License for more details.
Current Grid git commit hash=82d411ca7bb8ec4a5b5c3815df23674cfd291070: (HEAD -> develop, origin/develop, origin/HEAD) clean

Grid : Message : ================================================ 
Grid : Message : MPI is initialised and logging filters activated 
Grid : Message : ================================================ 
Grid : Message : This rank is running on host genoahost103.sdcc.bnl.local at local time 2026-02-27 14:00:45
Grid : Message : Requested 17179869184 byte stencil comms buffers 
Grid : Message : MemoryManager::Init() setting up
Grid : Message : MemoryManager::Init() cache pool for recent host   allocations: SMALL 8 LARGE 2 HUGE 0
Grid : Message : MemoryManager::Init() cache pool for recent device allocations: SMALL 16 LARGE 8 Huge 0
Grid : Message : MemoryManager::Init() cache pool for recent shared allocations: SMALL 16 LARGE 8 Huge 0
Grid : Message : MemoryManager::Init() Unified memory space
Example_spec_kryschur: ../../Grid/util/Init.cc:235: void Grid::GridParseLayout(char**, int, Grid::Coordinate&, Grid::Coordinate&): Assertion `latt.size()==nd' failed.
[genoahost103:621520] *** Process received signal ***
[genoahost103:621520] Signal: Aborted (6)
[genoahost103:621520] Signal code:  (-6)
[genoahost103:621520] [ 0] /lib64/libc.so.6(+0x3fc30)[0x14739b83fc30]
[genoahost103:621520] [ 1] /lib64/libc.so.6(+0x8d02c)[0x14739b88d02c]
[genoahost103:621520] [ 2] /lib64/libc.so.6(raise+0x16)[0x14739b83fb86]
[genoahost103:621520] [ 3] /lib64/libc.so.6(abort+0xd3)[0x14739b829873]
[genoahost103:621520] [ 4] /lib64/libc.so.6(+0x2979b)[0x14739b82979b]
[genoahost103:621520] [ 5] /lib64/libc.so.6(+0x388c6)[0x14739b8388c6]
[genoahost103:621520] [ 6] /direct/sdcc+u/poare/Grid/build/examples/./Example_spec_kryschur[0x4c0ac6]
[genoahost103:621520] [ 7] /direct/sdcc+u/poare/Grid/build/examples/./Example_spec_kryschur[0x4c4b42]
[genoahost103:621520] [ 8] /direct/sdcc+u/poare/Grid/build/examples/./Example_spec_kryschur[0x4115b3]
[genoahost103:621520] [ 9] /lib64/libc.so.6(+0x2a610)[0x14739b82a610]
[genoahost103:621520] [10] /lib64/libc.so.6(__libc_start_main+0x80)[0x14739b82a6c0]
[genoahost103:621520] [11] /direct/sdcc+u/poare/Grid/build/examples/./Example_spec_kryschur[0x4147f5]
[genoahost103:621520] *** End of error message ***

__|__|__|__|__|__|__|__|__|__|__|__|__|__|__
__|__|__|__|__|__|__|__|__|__|__|__|__|__|__
__|_ |  |  |  |  |  |  |  |  |  |  |  | _|__
__|_                                    _|__
__|_   GGGG    RRRR    III    DDDD      _|__
__|_  G        R   R    I     D   D     _|__
__|_  G        R   R    I     D    D    _|__
__|_  G  GG    RRRR     I     D    D    _|__
__|_  G   G    R  R     I     D   D     _|__
__|_   GGGG    R   R   III    DDDD      _|__
__|_                                    _|__
__|__|__|__|__|__|__|__|__|__|__|__|__|__|__
__|__|__|__|__|__|__|__|__|__|__|__|__|__|__
  |  |  |  |  |  |  |  |  |  |  |  |  |  |  


Copyright (C) 2015 Peter Boyle, Azusa Yamaguchi, Guido Cossu, Antonin Portelli and other authors

This program is free software; you can redistribute it and/or modify
it under the terms of the GNU General Public License as published by
the Free Software Foundation; either version 2 of the License, or
(at your option) any later version.

This program is distributed in the hope that it will be useful,
but WITHOUT ANY WARRANTY; without even the implied warranty of
MERCHANTABILITY or FITNESS FOR A PARTICULAR PURPOSE.  See the
GNU General Public License for more details.
Current Grid git commit hash=82d411ca7bb8ec4a5b5c3815df23674cfd291070: (HEAD -> develop, origin/develop, origin/HEAD) clean

Grid : Message : ================================================ 
Grid : Message : MPI is initialised and logging filters activated 
Grid : Message : ================================================ 
Grid : Message : This rank is running on host genoahost103.sdcc.bnl.local at local time 2026-02-27 14:00:45
Grid : Message : Requested 17179869184 byte stencil comms buffers 
Grid : Message : MemoryManager::Init() setting up
Grid : Message : MemoryManager::Init() cache pool for recent host   allocations: SMALL 8 LARGE 2 HUGE 0
Grid : Message : MemoryManager::Init() cache pool for recent device allocations: SMALL 16 LARGE 8 Huge 0
Grid : Message : MemoryManager::Init() cache pool for recent shared allocations: SMALL 16 LARGE 8 Huge 0
Grid : Message : MemoryManager::Init() Unified memory space
Example_spec_kryschur: ../../Grid/util/Init.cc:235: void Grid::GridParseLayout(char**, int, Grid::Coordinate&, Grid::Coordinate&): Assertion `latt.size()==nd' failed.
[genoahost103:621522] *** Process received signal ***
[genoahost103:621522] Signal: Aborted (6)
[genoahost103:621522] Signal code:  (-6)
[genoahost103:621522] [ 0] /lib64/libc.so.6(+0x3fc30)[0x1459c9c3fc30]
[genoahost103:621522] [ 1] /lib64/libc.so.6(+0x8d02c)[0x1459c9c8d02c]
[genoahost103:621522] [ 2] /lib64/libc.so.6(raise+0x16)[0x1459c9c3fb86]
[genoahost103:621522] [ 3] /lib64/libc.so.6(abort+0xd3)[0x1459c9c29873]
[genoahost103:621522] [ 4] /lib64/libc.so.6(+0x2979b)[0x1459c9c2979b]
[genoahost103:621522] [ 5] /lib64/libc.so.6(+0x388c6)[0x1459c9c388c6]
[genoahost103:621522] [ 6] /direct/sdcc+u/poare/Grid/build/examples/./Example_spec_kryschur[0x4c0ac6]
[genoahost103:621522] [ 7] /direct/sdcc+u/poare/Grid/build/examples/./Example_spec_kryschur[0x4c4b42]
[genoahost103:621522] [ 8] /direct/sdcc+u/poare/Grid/build/examples/./Example_spec_kryschur[0x4115b3]
[genoahost103:621522] [ 9] /lib64/libc.so.6(+0x2a610)[0x1459c9c2a610]
[genoahost103:621522] [10] /lib64/libc.so.6(__libc_start_main+0x80)[0x1459c9c2a6c0]
[genoahost103:621522] [11] /direct/sdcc+u/poare/Grid/build/examples/./Example_spec_kryschur[0x4147f5]
[genoahost103:621522] *** End of error message ***
srun: error: genoahost101: task 70: Aborted (core dumped)
srun: error: genoahost098: task 26: Aborted (core dumped)
srun: error: genoahost100: task 62: Aborted (core dumped)
srun: error: genoahost102: task 82: Aborted (core dumped)
srun: error: genoahost101: tasks 65,77: Aborted (core dumped)
srun: error: genoahost100: task 49: Aborted (core dumped)
srun: error: genoahost100: task 55: Aborted (core dumped)
srun: error: genoahost103: task 109: Aborted (core dumped)

__|__|__|__|__|__|__|__|__|__|__|__|__|__|__
__|__|__|__|__|__|__|__|__|__|__|__|__|__|__
__|_ |  |  |  |  |  |  |  |  |  |  |  | _|__
__|_                                    _|__
__|_   GGGG    RRRR    III    DDDD      _|__
__|_  G        R   R    I     D   D     _|__
__|_  G        R   R    I     D    D    _|__
__|_  G  GG    RRRR     I     D    D    _|__
__|_  G   G    R  R     I     D   D     _|__
__|_   GGGG    R   R   III    DDDD      _|__
__|_                                    _|__
__|__|__|__|__|__|__|__|__|__|__|__|__|__|__
__|__|__|__|__|__|__|__|__|__|__|__|__|__|__
  |  |  |  |  |  |  |  |  |  |  |  |  |  |  


Copyright (C) 2015 Peter Boyle, Azusa Yamaguchi, Guido Cossu, Antonin Portelli and other authors

This program is free software; you can redistribute it and/or modify
it under the terms of the GNU General Public License as published by
the Free Software Foundation; either version 2 of the License, or
(at your option) any later version.

This program is distributed in the hope that it will be useful,
but WITHOUT ANY WARRANTY; without even the implied warranty of
MERCHANTABILITY or FITNESS FOR A PARTICULAR PURPOSE.  See the
GNU General Public License for more details.
Current Grid git commit hash=82d411ca7bb8ec4a5b5c3815df23674cfd291070: (HEAD -> develop, origin/develop, origin/HEAD) clean

Grid : Message : ================================================ 
Grid : Message : MPI is initialised and logging filters activated 
Grid : Message : ================================================ 
Grid : Message : This rank is running on host genoahost103.sdcc.bnl.local at local time 2026-02-27 14:00:50
Grid : Message : Requested 17179869184 byte stencil comms buffers 
Grid : Message : MemoryManager::Init() setting up
Grid : Message : MemoryManager::Init() cache pool for recent host   allocations: SMALL 8 LARGE 2 HUGE 0
Grid : Message : MemoryManager::Init() cache pool for recent device allocations: SMALL 16 LARGE 8 Huge 0
Grid : Message : MemoryManager::Init() cache pool for recent shared allocations: SMALL 16 LARGE 8 Huge 0
Grid : Message : MemoryManager::Init() Unified memory space
Example_spec_kryschur: ../../Grid/util/Init.cc:235: void Grid::GridParseLayout(char**, int, Grid::Coordinate&, Grid::Coordinate&): Assertion `latt.size()==nd' failed.
[genoahost103:621515] *** Process received signal ***
[genoahost103:621515] Signal: Aborted (6)
[genoahost103:621515] Signal code:  (-6)
[genoahost103:621515] [ 0] /lib64/libc.so.6(+0x3fc30)[0x147f87a3fc30]
[genoahost103:621515] [ 1] /lib64/libc.so.6(+0x8d02c)[0x147f87a8d02c]
[genoahost103:621515] [ 2] /lib64/libc.so.6(raise+0x16)[0x147f87a3fb86]
[genoahost103:621515] [ 3] /lib64/libc.so.6(abort+0xd3)[0x147f87a29873]
[genoahost103:621515] [ 4] /lib64/libc.so.6(+0x2979b)[0x147f87a2979b]
[genoahost103:621515] [ 5] /lib64/libc.so.6(+0x388c6)[0x147f87a388c6]
[genoahost103:621515] [ 6] /direct/sdcc+u/poare/Grid/build/examples/./Example_spec_kryschur[0x4c0ac6]
[genoahost103:621515] [ 7] /direct/sdcc+u/poare/Grid/build/examples/./Example_spec_kryschur[0x4c4b42]
[genoahost103:621515] [ 8] /direct/sdcc+u/poare/Grid/build/examples/./Example_spec_kryschur[0x4115b3]
[genoahost103:621515] [ 9] /lib64/libc.so.6(+0x2a610)[0x147f87a2a610]
[genoahost103:621515] [10] /lib64/libc.so.6(__libc_start_main+0x80)[0x147f87a2a6c0]
[genoahost103:621515] [11] /direct/sdcc+u/poare/Grid/build/examples/./Example_spec_kryschur[0x4147f5]
[genoahost103:621515] *** End of error message ***

__|__|__|__|__|__|__|__|__|__|__|__|__|__|__
__|__|__|__|__|__|__|__|__|__|__|__|__|__|__
__|_ |  |  |  |  |  |  |  |  |  |  |  | _|__
__|_                                    _|__
__|_   GGGG    RRRR    III    DDDD      _|__
__|_  G        R   R    I     D   D     _|__
__|_  G        R   R    I     D    D    _|__
__|_  G  GG    RRRR     I     D    D    _|__
__|_  G   G    R  R     I     D   D     _|__
__|_   GGGG    R   R   III    DDDD      _|__
__|_                                    _|__
__|__|__|__|__|__|__|__|__|__|__|__|__|__|__
__|__|__|__|__|__|__|__|__|__|__|__|__|__|__
  |  |  |  |  |  |  |  |  |  |  |  |  |  |  


Copyright (C) 2015 Peter Boyle, Azusa Yamaguchi, Guido Cossu, Antonin Portelli and other authors

This program is free software; you can redistribute it and/or modify
it under the terms of the GNU General Public License as published by
the Free Software Foundation; either version 2 of the License, or
(at your option) any later version.

This program is distributed in the hope that it will be useful,
but WITHOUT ANY WARRANTY; without even the implied warranty of
MERCHANTABILITY or FITNESS FOR A PARTICULAR PURPOSE.  See the
GNU General Public License for more details.
Current Grid git commit hash=82d411ca7bb8ec4a5b5c3815df23674cfd291070: (HEAD -> develop, origin/develop, origin/HEAD) clean

Grid : Message : ================================================ 
Grid : Message : MPI is initialised and logging filters activated 
Grid : Message : ================================================ 
Grid : Message : This rank is running on host genoahost103.sdcc.bnl.local at local time 2026-02-27 14:00:51
Grid : Message : Requested 17179869184 byte stencil comms buffers 
Grid : Message : MemoryManager::Init() setting up
Grid : Message : MemoryManager::Init() cache pool for recent host   allocations: SMALL 8 LARGE 2 HUGE 0
Grid : Message : MemoryManager::Init() cache pool for recent device allocations: SMALL 16 LARGE 8 Huge 0
Grid : Message : MemoryManager::Init() cache pool for recent shared allocations: SMALL 16 LARGE 8 Huge 0
Grid : Message : MemoryManager::Init() Unified memory space
Example_spec_kryschur: ../../Grid/util/Init.cc:235: void Grid::GridParseLayout(char**, int, Grid::Coordinate&, Grid::Coordinate&): Assertion `latt.size()==nd' failed.
[genoahost103:621513] *** Process received signal ***
[genoahost103:621513] Signal: Aborted (6)
[genoahost103:621513] Signal code:  (-6)
[genoahost103:621513] [ 0] /lib64/libc.so.6(+0x3fc30)[0x14778be3fc30]
[genoahost103:621513] [ 1] /lib64/libc.so.6(+0x8d02c)[0x14778be8d02c]
[genoahost103:621513] [ 2] /lib64/libc.so.6(raise+0x16)[0x14778be3fb86]
[genoahost103:621513] [ 3] /lib64/libc.so.6(abort+0xd3)[0x14778be29873]
[genoahost103:621513] [ 4] /lib64/libc.so.6(+0x2979b)[0x14778be2979b]
[genoahost103:621513] [ 5] /lib64/libc.so.6(+0x388c6)[0x14778be388c6]
[genoahost103:621513] [ 6] /direct/sdcc+u/poare/Grid/build/examples/./Example_spec_kryschur[0x4c0ac6]
[genoahost103:621513] [ 7] /direct/sdcc+u/poare/Grid/build/examples/./Example_spec_kryschur[0x4c4b42]
[genoahost103:621513] [ 8] /direct/sdcc+u/poare/Grid/build/examples/./Example_spec_kryschur[0x4115b3]
[genoahost103:621513] [ 9] /lib64/libc.so.6(+0x2a610)[0x14778be2a610]
[genoahost103:621513] [10] /lib64/libc.so.6(__libc_start_main+0x80)[0x14778be2a6c0]
[genoahost103:621513] [11] /direct/sdcc+u/poare/Grid/build/examples/./Example_spec_kryschur[0x4147f5]
[genoahost103:621513] *** End of error message ***
srun: error: genoahost104: task 122: Aborted (core dumped)
srun: error: genoahost103: task 107: Aborted (core dumped)

__|__|__|__|__|__|__|__|__|__|__|__|__|__|__
__|__|__|__|__|__|__|__|__|__|__|__|__|__|__
__|_ |  |  |  |  |  |  |  |  |  |  |  | _|__
__|_                                    _|__
__|_   GGGG    RRRR    III    DDDD      _|__
__|_  G        R   R    I     D   D     _|__
__|_  G        R   R    I     D    D    _|__
__|_  G  GG    RRRR     I     D    D    _|__
__|_  G   G    R  R     I     D   D     _|__
__|_   GGGG    R   R   III    DDDD      _|__
__|_                                    _|__
__|__|__|__|__|__|__|__|__|__|__|__|__|__|__
__|__|__|__|__|__|__|__|__|__|__|__|__|__|__
  |  |  |  |  |  |  |  |  |  |  |  |  |  |  


Copyright (C) 2015 Peter Boyle, Azusa Yamaguchi, Guido Cossu, Antonin Portelli and other authors

This program is free software; you can redistribute it and/or modify
it under the terms of the GNU General Public License as published by
the Free Software Foundation; either version 2 of the License, or
(at your option) any later version.

This program is distributed in the hope that it will be useful,
but WITHOUT ANY WARRANTY; without even the implied warranty of
MERCHANTABILITY or FITNESS FOR A PARTICULAR PURPOSE.  See the
GNU General Public License for more details.
Current Grid git commit hash=82d411ca7bb8ec4a5b5c3815df23674cfd291070: (HEAD -> develop, origin/develop, origin/HEAD) clean

Grid : Message : ================================================ 
Grid : Message : MPI is initialised and logging filters activated 
Grid : Message : ================================================ 
Grid : Message : This rank is running on host genoahost101.sdcc.bnl.local at local time 2026-02-27 14:00:58
Grid : Message : Requested 17179869184 byte stencil comms buffers 
Grid : Message : MemoryManager::Init() setting up
Grid : Message : MemoryManager::Init() cache pool for recent host   allocations: SMALL 8 LARGE 2 HUGE 0
Grid : Message : MemoryManager::Init() cache pool for recent device allocations: SMALL 16 LARGE 8 Huge 0
Grid : Message : MemoryManager::Init() cache pool for recent shared allocations: SMALL 16 LARGE 8 Huge 0
Grid : Message : MemoryManager::Init() Unified memory space
Example_spec_kryschur: ../../Grid/util/Init.cc:235: void Grid::GridParseLayout(char**, int, Grid::Coordinate&, Grid::Coordinate&): Assertion `latt.size()==nd' failed.
[genoahost101:1152014] *** Process received signal ***
[genoahost101:1152014] Signal: Aborted (6)
[genoahost101:1152014] Signal code:  (-6)
[genoahost101:1152014] [ 0] /lib64/libc.so.6(+0x3fc30)[0x14ab8863fc30]
[genoahost101:1152014] [ 1] /lib64/libc.so.6(+0x8d02c)[0x14ab8868d02c]
[genoahost101:1152014] [ 2] /lib64/libc.so.6(raise+0x16)[0x14ab8863fb86]
[genoahost101:1152014] [ 3] /lib64/libc.so.6(abort+0xd3)[0x14ab88629873]
[genoahost101:1152014] [ 4] /lib64/libc.so.6(+0x2979b)[0x14ab8862979b]
[genoahost101:1152014] [ 5] /lib64/libc.so.6(+0x388c6)[0x14ab886388c6]
[genoahost101:1152014] [ 6] /direct/sdcc+u/poare/Grid/build/examples/./Example_spec_kryschur[0x4c0ac6]
[genoahost101:1152014] [ 7] /direct/sdcc+u/poare/Grid/build/examples/./Example_spec_kryschur[0x4c4b42]
[genoahost101:1152014] [ 8] /direct/sdcc+u/poare/Grid/build/examples/./Example_spec_kryschur[0x4115b3]
[genoahost101:1152014] [ 9] /lib64/libc.so.6(+0x2a610)[0x14ab8862a610]
[genoahost101:1152014] [10] /lib64/libc.so.6(__libc_start_main+0x80)[0x14ab8862a6c0]
[genoahost101:1152014] [11] /direct/sdcc+u/poare/Grid/build/examples/./Example_spec_kryschur[0x4147f5]
[genoahost101:1152014] *** End of error message ***

__|__|__|__|__|__|__|__|__|__|__|__|__|__|__
__|__|__|__|__|__|__|__|__|__|__|__|__|__|__
__|_ |  |  |  |  |  |  |  |  |  |  |  | _|__
__|_                                    _|__
__|_   GGGG    RRRR    III    DDDD      _|__
__|_  G        R   R    I     D   D     _|__
__|_  G        R   R    I     D    D    _|__
__|_  G  GG    RRRR     I     D    D    _|__
__|_  G   G    R  R     I     D   D     _|__
__|_   GGGG    R   R   III    DDDD      _|__
__|_                                    _|__
__|__|__|__|__|__|__|__|__|__|__|__|__|__|__
__|__|__|__|__|__|__|__|__|__|__|__|__|__|__
  |  |  |  |  |  |  |  |  |  |  |  |  |  |  


Copyright (C) 2015 Peter Boyle, Azusa Yamaguchi, Guido Cossu, Antonin Portelli and other authors

This program is free software; you can redistribute it and/or modify
it under the terms of the GNU General Public License as published by
the Free Software Foundation; either version 2 of the License, or
(at your option) any later version.

This program is distributed in the hope that it will be useful,
but WITHOUT ANY WARRANTY; without even the implied warranty of
MERCHANTABILITY or FITNESS FOR A PARTICULAR PURPOSE.  See the
GNU General Public License for more details.
Current Grid git commit hash=82d411ca7bb8ec4a5b5c3815df23674cfd291070: (HEAD -> develop, origin/develop, origin/HEAD) clean

Grid : Message : ================================================ 
Grid : Message : MPI is initialised and logging filters activated 
Grid : Message : ================================================ 
Grid : Message : This rank is running on host genoahost100.sdcc.bnl.local at local time 2026-02-27 14:01:01
Grid : Message : Requested 17179869184 byte stencil comms buffers 
Grid : Message : MemoryManager::Init() setting up
Grid : Message : MemoryManager::Init() cache pool for recent host   allocations: SMALL 8 LARGE 2 HUGE 0
Grid : Message : MemoryManager::Init() cache pool for recent device allocations: SMALL 16 LARGE 8 Huge 0
Grid : Message : MemoryManager::Init() cache pool for recent shared allocations: SMALL 16 LARGE 8 Huge 0
Grid : Message : MemoryManager::Init() Unified memory space
Example_spec_kryschur: ../../Grid/util/Init.cc:235: void Grid::GridParseLayout(char**, int, Grid::Coordinate&, Grid::Coordinate&): Assertion `latt.size()==nd' failed.
[genoahost100:652883] *** Process received signal ***
[genoahost100:652883] Signal: Aborted (6)
[genoahost100:652883] Signal code:  (-6)
[genoahost100:652883] [ 0] /lib64/libc.so.6(+0x3fc30)[0x15390e43fc30]
[genoahost100:652883] [ 1] /lib64/libc.so.6(+0x8d02c)[0x15390e48d02c]
[genoahost100:652883] [ 2] /lib64/libc.so.6(raise+0x16)[0x15390e43fb86]
[genoahost100:652883] [ 3] /lib64/libc.so.6(abort+0xd3)[0x15390e429873]
[genoahost100:652883] [ 4] /lib64/libc.so.6(+0x2979b)[0x15390e42979b]
[genoahost100:652883] [ 5] /lib64/libc.so.6(+0x388c6)[0x15390e4388c6]
[genoahost100:652883] [ 6] /direct/sdcc+u/poare/Grid/build/examples/./Example_spec_kryschur[0x4c0ac6]
[genoahost100:652883] [ 7] /direct/sdcc+u/poare/Grid/build/examples/./Example_spec_kryschur[0x4c4b42]
[genoahost100:652883] [ 8] /direct/sdcc+u/poare/Grid/build/examples/./Example_spec_kryschur[0x4115b3]
[genoahost100:652883] [ 9] /lib64/libc.so.6(+0x2a610)[0x15390e42a610]
[genoahost100:652883] [10] /lib64/libc.so.6(__libc_start_main+0x80)[0x15390e42a6c0]
[genoahost100:652883] [11] /direct/sdcc+u/poare/Grid/build/examples/./Example_spec_kryschur[0x4147f5]
[genoahost100:652883] *** End of error message ***

__|__|__|__|__|__|__|__|__|__|__|__|__|__|__
__|__|__|__|__|__|__|__|__|__|__|__|__|__|__
__|_ |  |  |  |  |  |  |  |  |  |  |  | _|__
__|_                                    _|__
__|_   GGGG    RRRR    III    DDDD      _|__
__|_  G        R   R    I     D   D     _|__
__|_  G        R   R    I     D    D    _|__
__|_  G  GG    RRRR     I     D    D    _|__
__|_  G   G    R  R     I     D   D     _|__
__|_   GGGG    R   R   III    DDDD      _|__
__|_                                    _|__
__|__|__|__|__|__|__|__|__|__|__|__|__|__|__
__|__|__|__|__|__|__|__|__|__|__|__|__|__|__
  |  |  |  |  |  |  |  |  |  |  |  |  |  |  


Copyright (C) 2015 Peter Boyle, Azusa Yamaguchi, Guido Cossu, Antonin Portelli and other authors

This program is free software; you can redistribute it and/or modify
it under the terms of the GNU General Public License as published by
the Free Software Foundation; either version 2 of the License, or
(at your option) any later version.

This program is distributed in the hope that it will be useful,
but WITHOUT ANY WARRANTY; without even the implied warranty of
MERCHANTABILITY or FITNESS FOR A PARTICULAR PURPOSE.  See the
GNU General Public License for more details.
Current Grid git commit hash=82d411ca7bb8ec4a5b5c3815df23674cfd291070: (HEAD -> develop, origin/develop, origin/HEAD) clean

Grid : Message : ================================================ 
Grid : Message : MPI is initialised and logging filters activated 
Grid : Message : ================================================ 
Grid : Message : This rank is running on host genoahost100.sdcc.bnl.local at local time 2026-02-27 14:01:01
Grid : Message : Requested 17179869184 byte stencil comms buffers 
Grid : Message : MemoryManager::Init() setting up
Grid : Message : MemoryManager::Init() cache pool for recent host   allocations: SMALL 8 LARGE 2 HUGE 0
Grid : Message : MemoryManager::Init() cache pool for recent device allocations: SMALL 16 LARGE 8 Huge 0
Grid : Message : MemoryManager::Init() cache pool for recent shared allocations: SMALL 16 LARGE 8 Huge 0
Grid : Message : MemoryManager::Init() Unified memory space
Example_spec_kryschur: ../../Grid/util/Init.cc:235: void Grid::GridParseLayout(char**, int, Grid::Coordinate&, Grid::Coordinate&): Assertion `latt.size()==nd' failed.
[genoahost100:652893] *** Process received signal ***
[genoahost100:652893] Signal: Aborted (6)
[genoahost100:652893] Signal code:  (-6)
[genoahost100:652893] [ 0] /lib64/libc.so.6(+0x3fc30)[0x1466ad63fc30]
[genoahost100:652893] [ 1] /lib64/libc.so.6(+0x8d02c)[0x1466ad68d02c]
[genoahost100:652893] [ 2] /lib64/libc.so.6(raise+0x16)[0x1466ad63fb86]
[genoahost100:652893] [ 3] /lib64/libc.so.6(abort+0xd3)[0x1466ad629873]
[genoahost100:652893] [ 4] /lib64/libc.so.6(+0x2979b)[0x1466ad62979b]
[genoahost100:652893] [ 5] /lib64/libc.so.6(+0x388c6)[0x1466ad6388c6]
[genoahost100:652893] [ 6] /direct/sdcc+u/poare/Grid/build/examples/./Example_spec_kryschur[0x4c0ac6]
[genoahost100:652893] [ 7] /direct/sdcc+u/poare/Grid/build/examples/./Example_spec_kryschur[0x4c4b42]
[genoahost100:652893] [ 8] /direct/sdcc+u/poare/Grid/build/examples/./Example_spec_kryschur[0x4115b3]
[genoahost100:652893] [ 9] /lib64/libc.so.6(+0x2a610)[0x1466ad62a610]
[genoahost100:652893] [10] /lib64/libc.so.6(__libc_start_main+0x80)[0x1466ad62a6c0]
[genoahost100:652893] [11] /direct/sdcc+u/poare/Grid/build/examples/./Example_spec_kryschur[0x4147f5]
[genoahost100:652893] *** End of error message ***

__|__|__|__|__|__|__|__|__|__|__|__|__|__|__
__|__|__|__|__|__|__|__|__|__|__|__|__|__|__
__|_ |  |  |  |  |  |  |  |  |  |  |  | _|__
__|_                                    _|__
__|_   GGGG    RRRR    III    DDDD      _|__
__|_  G        R   R    I     D   D     _|__
__|_  G        R   R    I     D    D    _|__
__|_  G  GG    RRRR     I     D    D    _|__
__|_  G   G    R  R     I     D   D     _|__
__|_   GGGG    R   R   III    DDDD      _|__
__|_                                    _|__
__|__|__|__|__|__|__|__|__|__|__|__|__|__|__
__|__|__|__|__|__|__|__|__|__|__|__|__|__|__
  |  |  |  |  |  |  |  |  |  |  |  |  |  |  


Copyright (C) 2015 Peter Boyle, Azusa Yamaguchi, Guido Cossu, Antonin Portelli and other authors

This program is free software; you can redistribute it and/or modify
it under the terms of the GNU General Public License as published by
the Free Software Foundation; either version 2 of the License, or
(at your option) any later version.

This program is distributed in the hope that it will be useful,
but WITHOUT ANY WARRANTY; without even the implied warranty of
MERCHANTABILITY or FITNESS FOR A PARTICULAR PURPOSE.  See the
GNU General Public License for more details.
Current Grid git commit hash=82d411ca7bb8ec4a5b5c3815df23674cfd291070: (HEAD -> develop, origin/develop, origin/HEAD) clean

Grid : Message : ================================================ 
Grid : Message : MPI is initialised and logging filters activated 
Grid : Message : ================================================ 
Grid : Message : This rank is running on host genoahost100.sdcc.bnl.local at local time 2026-02-27 14:01:01
Grid : Message : Requested 17179869184 byte stencil comms buffers 
Grid : Message : MemoryManager::Init() setting up
Grid : Message : MemoryManager::Init() cache pool for recent host   allocations: SMALL 8 LARGE 2 HUGE 0
Grid : Message : MemoryManager::Init() cache pool for recent device allocations: SMALL 16 LARGE 8 Huge 0
Grid : Message : MemoryManager::Init() cache pool for recent shared allocations: SMALL 16 LARGE 8 Huge 0
Grid : Message : MemoryManager::Init() Unified memory space

__|__|__|__|__|__|__|__|__|__|__|__|__|__|__
__|__|__|__|__|__|__|__|__|__|__|__|__|__|__
__|_ |  |  |  |  |  |  |  |  |  |  |  | _|__
__|_                                    _|__
__|_   GGGG    RRRR    III    DDDD      _|__
__|_  G        R   R    I     D   D     _|__
__|_  G        R   R    I     D    D    _|__
__|_  G  GG    RRRR     I     D    D    _|__
__|_  G   G    R  R     I     D   D     _|__
__|_   GGGG    R   R   III    DDDD      _|__
__|_                                    _|__
__|__|__|__|__|__|__|__|__|__|__|__|__|__|__
__|__|__|__|__|__|__|__|__|__|__|__|__|__|__
  |  |  |  |  |  |  |  |  |  |  |  |  |  |  


Copyright (C) 2015 Peter Boyle, Azusa Yamaguchi, Guido Cossu, Antonin Portelli and other authors

This program is free software; you can redistribute it and/or modify
it under the terms of the GNU General Public License as published by
the Free Software Foundation; either version 2 of the License, or
(at your option) any later version.

This program is distributed in the hope that it will be useful,
but WITHOUT ANY WARRANTY; without even the implied warranty of
MERCHANTABILITY or FITNESS FOR A PARTICULAR PURPOSE.  See the
GNU General Public License for more details.
Current Grid git commit hash=82d411ca7bb8ec4a5b5c3815df23674cfd291070: (HEAD -> develop, origin/develop, origin/HEAD) clean

Grid : Message : ================================================ 
Grid : Message : MPI is initialised and logging filters activated 
Grid : Message : ================================================ 
Grid : Message : This rank is running on host genoahost100.sdcc.bnl.local at local time 2026-02-27 14:01:01
Grid : Message : Requested 17179869184 byte stencil comms buffers 
Grid : Message : MemoryManager::Init() setting up
Grid : Message : MemoryManager::Init() cache pool for recent host   allocations: SMALL 8 LARGE 2 HUGE 0
Grid : Message : MemoryManager::Init() cache pool for recent device allocations: SMALL 16 LARGE 8 Huge 0
Grid : Message : MemoryManager::Init() cache pool for recent shared allocations: SMALL 16 LARGE 8 Huge 0
Grid : Message : MemoryManager::Init() Unified memory space
Example_spec_kryschur: ../../Grid/util/Init.cc:235: void Grid::GridParseLayout(char**, int, Grid::Coordinate&, Grid::Coordinate&): Assertion `latt.size()==nd' failed.
[genoahost100:652884] *** Process received signal ***
[genoahost100:652884] Signal: Aborted (6)
[genoahost100:652884] Signal code:  (-6)
[genoahost100:652884] [ 0] /lib64/libc.so.6(+0x3fc30)[0x15495ac3fc30]
[genoahost100:652884] [ 1] /lib64/libc.so.6(+0x8d02c)[0x15495ac8d02c]
[genoahost100:652884] [ 2] /lib64/libc.so.6(raise+0x16)[0x15495ac3fb86]
[genoahost100:652884] [ 3] /lib64/libc.so.6(abort+0xd3)[0x15495ac29873]
[genoahost100:652884] [ 4] /lib64/libc.so.6(+0x2979b)[0x15495ac2979b]
[genoahost100:652884] [ 5] /lib64/libc.so.6(+0x388c6)[0x15495ac388c6]
[genoahost100:652884] [ 6] /direct/sdcc+u/poare/Grid/build/examples/./Example_spec_kryschur[0x4c0ac6]
[genoahost100:652884] [ 7] /direct/sdcc+u/poare/Grid/build/examples/./Example_spec_kryschur[0x4c4b42]
[genoahost100:652884] [ 8] /direct/sdcc+u/poare/Grid/build/examples/./Example_spec_kryschur[0x4115b3]
[genoahost100:652884] [ 9] /lib64/libc.so.6(+0x2a610)[0x15495ac2a610]
[genoahost100:652884] [10] /lib64/libc.so.6(__libc_start_main+0x80)[0x15495ac2a6c0]
[genoahost100:652884] [11] /direct/sdcc+u/poare/Grid/build/examples/./Example_spec_kryschur[0x4147f5]
[genoahost100:652884] *** End of error message ***
Example_spec_kryschur: ../../Grid/util/Init.cc:235: void Grid::GridParseLayout(char**, int, Grid::Coordinate&, Grid::Coordinate&): Assertion `latt.size()==nd' failed.
[genoahost100:652891] *** Process received signal ***
[genoahost100:652891] Signal: Aborted (6)
[genoahost100:652891] Signal code:  (-6)
[genoahost100:652891] [ 0] /lib64/libc.so.6(+0x3fc30)[0x14e97423fc30]
[genoahost100:652891] [ 1] /lib64/libc.so.6(+0x8d02c)[0x14e97428d02c]
[genoahost100:652891] [ 2] /lib64/libc.so.6(raise+0x16)[0x14e97423fb86]
[genoahost100:652891] [ 3] /lib64/libc.so.6(abort+0xd3)[0x14e974229873]
[genoahost100:652891] [ 4] /lib64/libc.so.6(+0x2979b)[0x14e97422979b]
[genoahost100:652891] [ 5] /lib64/libc.so.6(+0x388c6)[0x14e9742388c6]
[genoahost100:652891] [ 6] /direct/sdcc+u/poare/Grid/build/examples/./Example_spec_kryschur[0x4c0ac6]
[genoahost100:652891] [ 7] /direct/sdcc+u/poare/Grid/build/examples/./Example_spec_kryschur[0x4c4b42]
[genoahost100:652891] [ 8] /direct/sdcc+u/poare/Grid/build/examples/./Example_spec_kryschur[0x4115b3]
[genoahost100:652891] [ 9] /lib64/libc.so.6(+0x2a610)[0x14e97422a610]
[genoahost100:652891] [10] /lib64/libc.so.6(__libc_start_main+0x80)[0x14e97422a6c0]
[genoahost100:652891] [11] /direct/sdcc+u/poare/Grid/build/examples/./Example_spec_kryschur[0x4147f5]
[genoahost100:652891] *** End of error message ***

__|__|__|__|__|__|__|__|__|__|__|__|__|__|__
__|__|__|__|__|__|__|__|__|__|__|__|__|__|__
__|_ |  |  |  |  |  |  |  |  |  |  |  | _|__
__|_                                    _|__
__|_   GGGG    RRRR    III    DDDD      _|__
__|_  G        R   R    I     D   D     _|__
__|_  G        R   R    I     D    D    _|__
__|_  G  GG    RRRR     I     D    D    _|__
__|_  G   G    R  R     I     D   D     _|__
__|_   GGGG    R   R   III    DDDD      _|__
__|_                                    _|__
__|__|__|__|__|__|__|__|__|__|__|__|__|__|__
__|__|__|__|__|__|__|__|__|__|__|__|__|__|__
  |  |  |  |  |  |  |  |  |  |  |  |  |  |  


Copyright (C) 2015 Peter Boyle, Azusa Yamaguchi, Guido Cossu, Antonin Portelli and other authors

This program is free software; you can redistribute it and/or modify
it under the terms of the GNU General Public License as published by
the Free Software Foundation; either version 2 of the License, or
(at your option) any later version.

This program is distributed in the hope that it will be useful,
but WITHOUT ANY WARRANTY; without even the implied warranty of
MERCHANTABILITY or FITNESS FOR A PARTICULAR PURPOSE.  See the
GNU General Public License for more details.
Current Grid git commit hash=82d411ca7bb8ec4a5b5c3815df23674cfd291070: (HEAD -> develop, origin/develop, origin/HEAD) clean

Grid : Message : ================================================ 
Grid : Message : MPI is initialised and logging filters activated 
Grid : Message : ================================================ 
Grid : Message : This rank is running on host genoahost100.sdcc.bnl.local at local time 2026-02-27 14:01:01
Grid : Message : Requested 17179869184 byte stencil comms buffers 
Grid : Message : MemoryManager::Init() setting up
Grid : Message : MemoryManager::Init() cache pool for recent host   allocations: SMALL 8 LARGE 2 HUGE 0
Grid : Message : MemoryManager::Init() cache pool for recent device allocations: SMALL 16 LARGE 8 Huge 0
Grid : Message : MemoryManager::Init() cache pool for recent shared allocations: SMALL 16 LARGE 8 Huge 0
Grid : Message : MemoryManager::Init() Unified memory space
Example_spec_kryschur: ../../Grid/util/Init.cc:235: void Grid::GridParseLayout(char**, int, Grid::Coordinate&, Grid::Coordinate&): Assertion `latt.size()==nd' failed.
[genoahost100:652886] *** Process received signal ***
[genoahost100:652886] Signal: Aborted (6)
[genoahost100:652886] Signal code:  (-6)
[genoahost100:652886] [ 0] /lib64/libc.so.6(+0x3fc30)[0x14b4fb23fc30]
[genoahost100:652886] [ 1] /lib64/libc.so.6(+0x8d02c)[0x14b4fb28d02c]
[genoahost100:652886] [ 2] /lib64/libc.so.6(raise+0x16)[0x14b4fb23fb86]
[genoahost100:652886] [ 3] /lib64/libc.so.6(abort+0xd3)[0x14b4fb229873]
[genoahost100:652886] [ 4] /lib64/libc.so.6(+0x2979b)[0x14b4fb22979b]
[genoahost100:652886] [ 5] /lib64/libc.so.6(+0x388c6)[0x14b4fb2388c6]
[genoahost100:652886] [ 6] /direct/sdcc+u/poare/Grid/build/examples/./Example_spec_kryschur[0x4c0ac6]
[genoahost100:652886] [ 7] /direct/sdcc+u/poare/Grid/build/examples/./Example_spec_kryschur[0x4c4b42]
[genoahost100:652886] [ 8] /direct/sdcc+u/poare/Grid/build/examples/./Example_spec_kryschur[0x4115b3]
[genoahost100:652886] [ 9] /lib64/libc.so.6(+0x2a610)[0x14b4fb22a610]
[genoahost100:652886] [10] /lib64/libc.so.6(__libc_start_main+0x80)[0x14b4fb22a6c0]
[genoahost100:652886] [11] /direct/sdcc+u/poare/Grid/build/examples/./Example_spec_kryschur[0x4147f5]
[genoahost100:652886] *** End of error message ***

__|__|__|__|__|__|__|__|__|__|__|__|__|__|__
__|__|__|__|__|__|__|__|__|__|__|__|__|__|__
__|_ |  |  |  |  |  |  |  |  |  |  |  | _|__
__|_                                    _|__
__|_   GGGG    RRRR    III    DDDD      _|__
__|_  G        R   R    I     D   D     _|__
__|_  G        R   R    I     D    D    _|__
__|_  G  GG    RRRR     I     D    D    _|__
__|_  G   G    R  R     I     D   D     _|__
__|_   GGGG    R   R   III    DDDD      _|__
__|_                                    _|__
__|__|__|__|__|__|__|__|__|__|__|__|__|__|__
__|__|__|__|__|__|__|__|__|__|__|__|__|__|__
  |  |  |  |  |  |  |  |  |  |  |  |  |  |  


Copyright (C) 2015 Peter Boyle, Azusa Yamaguchi, Guido Cossu, Antonin Portelli and other authors

This program is free software; you can redistribute it and/or modify
it under the terms of the GNU General Public License as published by
the Free Software Foundation; either version 2 of the License, or
(at your option) any later version.

This program is distributed in the hope that it will be useful,
but WITHOUT ANY WARRANTY; without even the implied warranty of
MERCHANTABILITY or FITNESS FOR A PARTICULAR PURPOSE.  See the
GNU General Public License for more details.
Current Grid git commit hash=82d411ca7bb8ec4a5b5c3815df23674cfd291070: (HEAD -> develop, origin/develop, origin/HEAD) clean

Grid : Message : ================================================ 
Grid : Message : MPI is initialised and logging filters activated 
Grid : Message : ================================================ 
Grid : Message : This rank is running on host genoahost098.sdcc.bnl.local at local time 2026-02-27 14:01:01
Grid : Message : Requested 17179869184 byte stencil comms buffers 
Grid : Message : MemoryManager::Init() setting up
Grid : Message : MemoryManager::Init() cache pool for recent host   allocations: SMALL 8 LARGE 2 HUGE 0
Grid : Message : MemoryManager::Init() cache pool for recent device allocations: SMALL 16 LARGE 8 Huge 0
Grid : Message : MemoryManager::Init() cache pool for recent shared allocations: SMALL 16 LARGE 8 Huge 0
Grid : Message : MemoryManager::Init() Unified memory space
Example_spec_kryschur: ../../Grid/util/Init.cc:235: void Grid::GridParseLayout(char**, int, Grid::Coordinate&, Grid::Coordinate&): Assertion `latt.size()==nd' failed.
[genoahost098:1634380] *** Process received signal ***
[genoahost098:1634380] Signal: Aborted (6)
[genoahost098:1634380] Signal code:  (-6)
[genoahost098:1634380] [ 0] /lib64/libc.so.6(+0x3fc30)[0x14bd1a23fc30]
[genoahost098:1634380] [ 1] /lib64/libc.so.6(+0x8d02c)[0x14bd1a28d02c]
[genoahost098:1634380] [ 2] /lib64/libc.so.6(raise+0x16)[0x14bd1a23fb86]
[genoahost098:1634380] [ 3] /lib64/libc.so.6(abort+0xd3)[0x14bd1a229873]
[genoahost098:1634380] [ 4] /lib64/libc.so.6(+0x2979b)[0x14bd1a22979b]
[genoahost098:1634380] [ 5] /lib64/libc.so.6(+0x388c6)[0x14bd1a2388c6]
[genoahost098:1634380] [ 6] /direct/sdcc+u/poare/Grid/build/examples/./Example_spec_kryschur[0x4c0ac6]
[genoahost098:1634380] [ 7] /direct/sdcc+u/poare/Grid/build/examples/./Example_spec_kryschur[0x4c4b42]
[genoahost098:1634380] [ 8] /direct/sdcc+u/poare/Grid/build/examples/./Example_spec_kryschur[0x4115b3]
[genoahost098:1634380] [ 9] /lib64/libc.so.6(+0x2a610)[0x14bd1a22a610]
[genoahost098:1634380] [10] /lib64/libc.so.6(__libc_start_main+0x80)[0x14bd1a22a6c0]
[genoahost098:1634380] [11] /direct/sdcc+u/poare/Grid/build/examples/./Example_spec_kryschur[0x4147f5]
[genoahost098:1634380] *** End of error message ***

__|__|__|__|__|__|__|__|__|__|__|__|__|__|__
__|__|__|__|__|__|__|__|__|__|__|__|__|__|__
__|_ |  |  |  |  |  |  |  |  |  |  |  | _|__
__|_                                    _|__
__|_   GGGG    RRRR    III    DDDD      _|__
__|_  G        R   R    I     D   D     _|__
__|_  G        R   R    I     D    D    _|__
__|_  G  GG    RRRR     I     D    D    _|__
__|_  G   G    R  R     I     D   D     _|__
__|_   GGGG    R   R   III    DDDD      _|__
__|_                                    _|__
__|__|__|__|__|__|__|__|__|__|__|__|__|__|__
__|__|__|__|__|__|__|__|__|__|__|__|__|__|__
  |  |  |  |  |  |  |  |  |  |  |  |  |  |  


Copyright (C) 2015 Peter Boyle, Azusa Yamaguchi, Guido Cossu, Antonin Portelli and other authors

This program is free software; you can redistribute it and/or modify
it under the terms of the GNU General Public License as published by
the Free Software Foundation; either version 2 of the License, or
(at your option) any later version.

This program is distributed in the hope that it will be useful,
but WITHOUT ANY WARRANTY; without even the implied warranty of
MERCHANTABILITY or FITNESS FOR A PARTICULAR PURPOSE.  See the
GNU General Public License for more details.
Current Grid git commit hash=82d411ca7bb8ec4a5b5c3815df23674cfd291070: (HEAD -> develop, origin/develop, origin/HEAD) clean

Grid : Message : ================================================ 
Grid : Message : MPI is initialised and logging filters activated 
Grid : Message : ================================================ 
Grid : Message : This rank is running on host genoahost098.sdcc.bnl.local at local time 2026-02-27 14:01:02
Grid : Message : Requested 17179869184 byte stencil comms buffers 
Grid : Message : MemoryManager::Init() setting up
Grid : Message : MemoryManager::Init() cache pool for recent host   allocations: SMALL 8 LARGE 2 HUGE 0
Grid : Message : MemoryManager::Init() cache pool for recent device allocations: SMALL 16 LARGE 8 Huge 0
Grid : Message : MemoryManager::Init() cache pool for recent shared allocations: SMALL 16 LARGE 8 Huge 0
Grid : Message : MemoryManager::Init() Unified memory space
Example_spec_kryschur: ../../Grid/util/Init.cc:235: void Grid::GridParseLayout(char**, int, Grid::Coordinate&, Grid::Coordinate&): Assertion `latt.size()==nd' failed.
[genoahost098:1634381] *** Process received signal ***
[genoahost098:1634381] Signal: Aborted (6)
[genoahost098:1634381] Signal code:  (-6)
[genoahost098:1634381] [ 0] /lib64/libc.so.6(+0x3fc30)[0x1459c383fc30]
[genoahost098:1634381] [ 1] /lib64/libc.so.6(+0x8d02c)[0x1459c388d02c]
[genoahost098:1634381] [ 2] /lib64/libc.so.6(raise+0x16)[0x1459c383fb86]
[genoahost098:1634381] [ 3] /lib64/libc.so.6(abort+0xd3)[0x1459c3829873]
[genoahost098:1634381] [ 4] /lib64/libc.so.6(+0x2979b)[0x1459c382979b]
[genoahost098:1634381] [ 5] /lib64/libc.so.6(+0x388c6)[0x1459c38388c6]
[genoahost098:1634381] [ 6] /direct/sdcc+u/poare/Grid/build/examples/./Example_spec_kryschur[0x4c0ac6]
[genoahost098:1634381] [ 7] /direct/sdcc+u/poare/Grid/build/examples/./Example_spec_kryschur[0x4c4b42]
[genoahost098:1634381] [ 8] /direct/sdcc+u/poare/Grid/build/examples/./Example_spec_kryschur[0x4115b3]
[genoahost098:1634381] [ 9] /lib64/libc.so.6(+0x2a610)[0x1459c382a610]
[genoahost098:1634381] [10] /lib64/libc.so.6(__libc_start_main+0x80)[0x1459c382a6c0]
[genoahost098:1634381] [11] /direct/sdcc+u/poare/Grid/build/examples/./Example_spec_kryschur[0x4147f5]
[genoahost098:1634381] *** End of error message ***

__|__|__|__|__|__|__|__|__|__|__|__|__|__|__
__|__|__|__|__|__|__|__|__|__|__|__|__|__|__
__|_ |  |  |  |  |  |  |  |  |  |  |  | _|__
__|_                                    _|__
__|_   GGGG    RRRR    III    DDDD      _|__
__|_  G        R   R    I     D   D     _|__
__|_  G        R   R    I     D    D    _|__
__|_  G  GG    RRRR     I     D    D    _|__
__|_  G   G    R  R     I     D   D     _|__
__|_   GGGG    R   R   III    DDDD      _|__
__|_                                    _|__
__|__|__|__|__|__|__|__|__|__|__|__|__|__|__
__|__|__|__|__|__|__|__|__|__|__|__|__|__|__
  |  |  |  |  |  |  |  |  |  |  |  |  |  |  


Copyright (C) 2015 Peter Boyle, Azusa Yamaguchi, Guido Cossu, Antonin Portelli and other authors

This program is free software; you can redistribute it and/or modify
it under the terms of the GNU General Public License as published by
the Free Software Foundation; either version 2 of the License, or
(at your option) any later version.

This program is distributed in the hope that it will be useful,
but WITHOUT ANY WARRANTY; without even the implied warranty of
MERCHANTABILITY or FITNESS FOR A PARTICULAR PURPOSE.  See the
GNU General Public License for more details.
Current Grid git commit hash=82d411ca7bb8ec4a5b5c3815df23674cfd291070: (HEAD -> develop, origin/develop, origin/HEAD) clean

Grid : Message : ================================================ 
Grid : Message : MPI is initialised and logging filters activated 
Grid : Message : ================================================ 
Grid : Message : This rank is running on host genoahost098.sdcc.bnl.local at local time 2026-02-27 14:01:02
Grid : Message : Requested 17179869184 byte stencil comms buffers 
Grid : Message : MemoryManager::Init() setting up
Grid : Message : MemoryManager::Init() cache pool for recent host   allocations: SMALL 8 LARGE 2 HUGE 0
Grid : Message : MemoryManager::Init() cache pool for recent device allocations: SMALL 16 LARGE 8 Huge 0
Grid : Message : MemoryManager::Init() cache pool for recent shared allocations: SMALL 16 LARGE 8 Huge 0
Grid : Message : MemoryManager::Init() Unified memory space
Example_spec_kryschur: ../../Grid/util/Init.cc:235: void Grid::GridParseLayout(char**, int, Grid::Coordinate&, Grid::Coordinate&): Assertion `latt.size()==nd' failed.
[genoahost098:1634383] *** Process received signal ***
[genoahost098:1634383] Signal: Aborted (6)
[genoahost098:1634383] Signal code:  (-6)
[genoahost098:1634383] [ 0] /lib64/libc.so.6(+0x3fc30)[0x14cfd7a3fc30]
[genoahost098:1634383] [ 1] /lib64/libc.so.6(+0x8d02c)[0x14cfd7a8d02c]
[genoahost098:1634383] [ 2] /lib64/libc.so.6(raise+0x16)[0x14cfd7a3fb86]
[genoahost098:1634383] [ 3] /lib64/libc.so.6(abort+0xd3)[0x14cfd7a29873]
[genoahost098:1634383] [ 4] /lib64/libc.so.6(+0x2979b)[0x14cfd7a2979b]
[genoahost098:1634383] [ 5] /lib64/libc.so.6(+0x388c6)[0x14cfd7a388c6]
[genoahost098:1634383] [ 6] /direct/sdcc+u/poare/Grid/build/examples/./Example_spec_kryschur[0x4c0ac6]
[genoahost098:1634383] [ 7] /direct/sdcc+u/poare/Grid/build/examples/./Example_spec_kryschur[0x4c4b42]
[genoahost098:1634383] [ 8] /direct/sdcc+u/poare/Grid/build/examples/./Example_spec_kryschur[0x4115b3]
[genoahost098:1634383] [ 9] /lib64/libc.so.6(+0x2a610)[0x14cfd7a2a610]
[genoahost098:1634383] [10] /lib64/libc.so.6(__libc_start_main+0x80)[0x14cfd7a2a6c0]
[genoahost098:1634383] [11] /direct/sdcc+u/poare/Grid/build/examples/./Example_spec_kryschur[0x4147f5]
[genoahost098:1634383] *** End of error message ***

__|__|__|__|__|__|__|__|__|__|__|__|__|__|__
__|__|__|__|__|__|__|__|__|__|__|__|__|__|__
__|_ |  |  |  |  |  |  |  |  |  |  |  | _|__
__|_                                    _|__
__|_   GGGG    RRRR    III    DDDD      _|__
__|_  G        R   R    I     D   D     _|__
__|_  G        R   R    I     D    D    _|__
__|_  G  GG    RRRR     I     D    D    _|__
__|_  G   G    R  R     I     D   D     _|__
__|_   GGGG    R   R   III    DDDD      _|__
__|_                                    _|__
__|__|__|__|__|__|__|__|__|__|__|__|__|__|__
__|__|__|__|__|__|__|__|__|__|__|__|__|__|__
  |  |  |  |  |  |  |  |  |  |  |  |  |  |  


Copyright (C) 2015 Peter Boyle, Azusa Yamaguchi, Guido Cossu, Antonin Portelli and other authors

This program is free software; you can redistribute it and/or modify
it under the terms of the GNU General Public License as published by
the Free Software Foundation; either version 2 of the License, or
(at your option) any later version.

This program is distributed in the hope that it will be useful,
but WITHOUT ANY WARRANTY; without even the implied warranty of
MERCHANTABILITY or FITNESS FOR A PARTICULAR PURPOSE.  See the
GNU General Public License for more details.
Current Grid git commit hash=82d411ca7bb8ec4a5b5c3815df23674cfd291070: (HEAD -> develop, origin/develop, origin/HEAD) clean

Grid : Message : ================================================ 
Grid : Message : MPI is initialised and logging filters activated 
Grid : Message : ================================================ 
Grid : Message : This rank is running on host genoahost099.sdcc.bnl.local at local time 2026-02-27 14:01:02
Grid : Message : Requested 17179869184 byte stencil comms buffers 
Grid : Message : MemoryManager::Init() setting up
Grid : Message : MemoryManager::Init() cache pool for recent host   allocations: SMALL 8 LARGE 2 HUGE 0
Grid : Message : MemoryManager::Init() cache pool for recent device allocations: SMALL 16 LARGE 8 Huge 0
Grid : Message : MemoryManager::Init() cache pool for recent shared allocations: SMALL 16 LARGE 8 Huge 0
Grid : Message : MemoryManager::Init() Unified memory space
Example_spec_kryschur: ../../Grid/util/Init.cc:235: void Grid::GridParseLayout(char**, int, Grid::Coordinate&, Grid::Coordinate&): Assertion `latt.size()==nd' failed.
[genoahost099:1615655] *** Process received signal ***
[genoahost099:1615655] Signal: Aborted (6)
[genoahost099:1615655] Signal code:  (-6)
[genoahost099:1615655] [ 0] /lib64/libc.so.6(+0x3fc30)[0x14a8c043fc30]
[genoahost099:1615655] [ 1] /lib64/libc.so.6(+0x8d02c)[0x14a8c048d02c]
[genoahost099:1615655] [ 2] /lib64/libc.so.6(raise+0x16)[0x14a8c043fb86]
[genoahost099:1615655] [ 3] /lib64/libc.so.6(abort+0xd3)[0x14a8c0429873]
[genoahost099:1615655] [ 4] /lib64/libc.so.6(+0x2979b)[0x14a8c042979b]
[genoahost099:1615655] [ 5] /lib64/libc.so.6(+0x388c6)[0x14a8c04388c6]
[genoahost099:1615655] [ 6] /direct/sdcc+u/poare/Grid/build/examples/./Example_spec_kryschur[0x4c0ac6]
[genoahost099:1615655] [ 7] /direct/sdcc+u/poare/Grid/build/examples/./Example_spec_kryschur[0x4c4b42]
[genoahost099:1615655] [ 8] /direct/sdcc+u/poare/Grid/build/examples/./Example_spec_kryschur[0x4115b3]
[genoahost099:1615655] [ 9] /lib64/libc.so.6(+0x2a610)[0x14a8c042a610]
[genoahost099:1615655] [10] /lib64/libc.so.6(__libc_start_main+0x80)[0x14a8c042a6c0]
[genoahost099:1615655] [11] /direct/sdcc+u/poare/Grid/build/examples/./Example_spec_kryschur[0x4147f5]
[genoahost099:1615655] *** End of error message ***

__|__|__|__|__|__|__|__|__|__|__|__|__|__|__
__|__|__|__|__|__|__|__|__|__|__|__|__|__|__
__|_ |  |  |  |  |  |  |  |  |  |  |  | _|__
__|_                                    _|__
__|_   GGGG    RRRR    III    DDDD      _|__
__|_  G        R   R    I     D   D     _|__
__|_  G        R   R    I     D    D    _|__
__|_  G  GG    RRRR     I     D    D    _|__
__|_  G   G    R  R     I     D   D     _|__
__|_   GGGG    R   R   III    DDDD      _|__
__|_                                    _|__
__|__|__|__|__|__|__|__|__|__|__|__|__|__|__
__|__|__|__|__|__|__|__|__|__|__|__|__|__|__
  |  |  |  |  |  |  |  |  |  |  |  |  |  |  


Copyright (C) 2015 Peter Boyle, Azusa Yamaguchi, Guido Cossu, Antonin Portelli and other authors

This program is free software; you can redistribute it and/or modify
it under the terms of the GNU General Public License as published by
the Free Software Foundation; either version 2 of the License, or
(at your option) any later version.

This program is distributed in the hope that it will be useful,
but WITHOUT ANY WARRANTY; without even the implied warranty of
MERCHANTABILITY or FITNESS FOR A PARTICULAR PURPOSE.  See the
GNU General Public License for more details.
Current Grid git commit hash=82d411ca7bb8ec4a5b5c3815df23674cfd291070: (HEAD -> develop, origin/develop, origin/HEAD) clean

Grid : Message : ================================================ 
Grid : Message : MPI is initialised and logging filters activated 
Grid : Message : ================================================ 
Grid : Message : This rank is running on host genoahost098.sdcc.bnl.local at local time 2026-02-27 14:01:03
Grid : Message : Requested 17179869184 byte stencil comms buffers 
Grid : Message : MemoryManager::Init() setting up
Grid : Message : MemoryManager::Init() cache pool for recent host   allocations: SMALL 8 LARGE 2 HUGE 0
Grid : Message : MemoryManager::Init() cache pool for recent device allocations: SMALL 16 LARGE 8 Huge 0
Grid : Message : MemoryManager::Init() cache pool for recent shared allocations: SMALL 16 LARGE 8 Huge 0
Grid : Message : MemoryManager::Init() Unified memory space
Example_spec_kryschur: ../../Grid/util/Init.cc:235: void Grid::GridParseLayout(char**, int, Grid::Coordinate&, Grid::Coordinate&): Assertion `latt.size()==nd' failed.
[genoahost098:1634389] *** Process received signal ***
[genoahost098:1634389] Signal: Aborted (6)
[genoahost098:1634389] Signal code:  (-6)
[genoahost098:1634389] [ 0] /lib64/libc.so.6(+0x3fc30)[0x14598963fc30]
[genoahost098:1634389] [ 1] /lib64/libc.so.6(+0x8d02c)[0x14598968d02c]
[genoahost098:1634389] [ 2] /lib64/libc.so.6(raise+0x16)[0x14598963fb86]
[genoahost098:1634389] [ 3] /lib64/libc.so.6(abort+0xd3)[0x145989629873]
[genoahost098:1634389] [ 4] /lib64/libc.so.6(+0x2979b)[0x14598962979b]
[genoahost098:1634389] [ 5] /lib64/libc.so.6(+0x388c6)[0x1459896388c6]
[genoahost098:1634389] [ 6] /direct/sdcc+u/poare/Grid/build/examples/./Example_spec_kryschur[0x4c0ac6]
[genoahost098:1634389] [ 7] /direct/sdcc+u/poare/Grid/build/examples/./Example_spec_kryschur[0x4c4b42]
[genoahost098:1634389] [ 8] /direct/sdcc+u/poare/Grid/build/examples/./Example_spec_kryschur[0x4115b3]
[genoahost098:1634389] [ 9] /lib64/libc.so.6(+0x2a610)[0x14598962a610]
[genoahost098:1634389] [10] /lib64/libc.so.6(__libc_start_main+0x80)[0x14598962a6c0]
[genoahost098:1634389] [11] /direct/sdcc+u/poare/Grid/build/examples/./Example_spec_kryschur[0x4147f5]
[genoahost098:1634389] *** End of error message ***

__|__|__|__|__|__|__|__|__|__|__|__|__|__|__
__|__|__|__|__|__|__|__|__|__|__|__|__|__|__
__|_ |  |  |  |  |  |  |  |  |  |  |  | _|__
__|_                                    _|__
__|_   GGGG    RRRR    III    DDDD      _|__
__|_  G        R   R    I     D   D     _|__
__|_  G        R   R    I     D    D    _|__
__|_  G  GG    RRRR     I     D    D    _|__
__|_  G   G    R  R     I     D   D     _|__
__|_   GGGG    R   R   III    DDDD      _|__
__|_                                    _|__
__|__|__|__|__|__|__|__|__|__|__|__|__|__|__
__|__|__|__|__|__|__|__|__|__|__|__|__|__|__
  |  |  |  |  |  |  |  |  |  |  |  |  |  |  


Copyright (C) 2015 Peter Boyle, Azusa Yamaguchi, Guido Cossu, Antonin Portelli and other authors

This program is free software; you can redistribute it and/or modify
it under the terms of the GNU General Public License as published by
the Free Software Foundation; either version 2 of the License, or
(at your option) any later version.

This program is distributed in the hope that it will be useful,
but WITHOUT ANY WARRANTY; without even the implied warranty of
MERCHANTABILITY or FITNESS FOR A PARTICULAR PURPOSE.  See the
GNU General Public License for more details.
Current Grid git commit hash=82d411ca7bb8ec4a5b5c3815df23674cfd291070: (HEAD -> develop, origin/develop, origin/HEAD) clean

Grid : Message : ================================================ 
Grid : Message : MPI is initialised and logging filters activated 
Grid : Message : ================================================ 
Grid : Message : This rank is running on host genoahost098.sdcc.bnl.local at local time 2026-02-27 14:01:03
Grid : Message : Requested 17179869184 byte stencil comms buffers 
Grid : Message : MemoryManager::Init() setting up
Grid : Message : MemoryManager::Init() cache pool for recent host   allocations: SMALL 8 LARGE 2 HUGE 0
Grid : Message : MemoryManager::Init() cache pool for recent device allocations: SMALL 16 LARGE 8 Huge 0
Grid : Message : MemoryManager::Init() cache pool for recent shared allocations: SMALL 16 LARGE 8 Huge 0
Grid : Message : MemoryManager::Init() Unified memory space
Example_spec_kryschur: ../../Grid/util/Init.cc:235: void Grid::GridParseLayout(char**, int, Grid::Coordinate&, Grid::Coordinate&): Assertion `latt.size()==nd' failed.
[genoahost098:1634378] *** Process received signal ***
[genoahost098:1634378] Signal: Aborted (6)
[genoahost098:1634378] Signal code:  (-6)
[genoahost098:1634378] [ 0] /lib64/libc.so.6(+0x3fc30)[0x148070e3fc30]
[genoahost098:1634378] [ 1] /lib64/libc.so.6(+0x8d02c)[0x148070e8d02c]
[genoahost098:1634378] [ 2] /lib64/libc.so.6(raise+0x16)[0x148070e3fb86]
[genoahost098:1634378] [ 3] /lib64/libc.so.6(abort+0xd3)[0x148070e29873]
[genoahost098:1634378] [ 4] /lib64/libc.so.6(+0x2979b)[0x148070e2979b]
[genoahost098:1634378] [ 5] /lib64/libc.so.6(+0x388c6)[0x148070e388c6]
[genoahost098:1634378] [ 6] /direct/sdcc+u/poare/Grid/build/examples/./Example_spec_kryschur[0x4c0ac6]
[genoahost098:1634378] [ 7] /direct/sdcc+u/poare/Grid/build/examples/./Example_spec_kryschur[0x4c4b42]
[genoahost098:1634378] [ 8] /direct/sdcc+u/poare/Grid/build/examples/./Example_spec_kryschur[0x4115b3]
[genoahost098:1634378] [ 9] /lib64/libc.so.6(+0x2a610)[0x148070e2a610]
[genoahost098:1634378] [10] /lib64/libc.so.6(__libc_start_main+0x80)[0x148070e2a6c0]
[genoahost098:1634378] [11] /direct/sdcc+u/poare/Grid/build/examples/./Example_spec_kryschur[0x4147f5]
[genoahost098:1634378] *** End of error message ***

__|__|__|__|__|__|__|__|__|__|__|__|__|__|__
__|__|__|__|__|__|__|__|__|__|__|__|__|__|__
__|_ |  |  |  |  |  |  |  |  |  |  |  | _|__
__|_                                    _|__
__|_   GGGG    RRRR    III    DDDD      _|__
__|_  G        R   R    I     D   D     _|__
__|_  G        R   R    I     D    D    _|__
__|_  G  GG    RRRR     I     D    D    _|__
__|_  G   G    R  R     I     D   D     _|__
__|_   GGGG    R   R   III    DDDD      _|__
__|_                                    _|__
__|__|__|__|__|__|__|__|__|__|__|__|__|__|__
__|__|__|__|__|__|__|__|__|__|__|__|__|__|__
  |  |  |  |  |  |  |  |  |  |  |  |  |  |  


Copyright (C) 2015 Peter Boyle, Azusa Yamaguchi, Guido Cossu, Antonin Portelli and other authors

This program is free software; you can redistribute it and/or modify
it under the terms of the GNU General Public License as published by
the Free Software Foundation; either version 2 of the License, or
(at your option) any later version.

This program is distributed in the hope that it will be useful,
but WITHOUT ANY WARRANTY; without even the implied warranty of
MERCHANTABILITY or FITNESS FOR A PARTICULAR PURPOSE.  See the
GNU General Public License for more details.
Current Grid git commit hash=82d411ca7bb8ec4a5b5c3815df23674cfd291070: (HEAD -> develop, origin/develop, origin/HEAD) clean

Grid : Message : ================================================ 
Grid : Message : MPI is initialised and logging filters activated 
Grid : Message : ================================================ 
Grid : Message : This rank is running on host genoahost098.sdcc.bnl.local at local time 2026-02-27 14:01:03
Grid : Message : Requested 17179869184 byte stencil comms buffers 
Grid : Message : MemoryManager::Init() setting up
Grid : Message : MemoryManager::Init() cache pool for recent host   allocations: SMALL 8 LARGE 2 HUGE 0
Grid : Message : MemoryManager::Init() cache pool for recent device allocations: SMALL 16 LARGE 8 Huge 0
Grid : Message : MemoryManager::Init() cache pool for recent shared allocations: SMALL 16 LARGE 8 Huge 0
Grid : Message : MemoryManager::Init() Unified memory space
Example_spec_kryschur: ../../Grid/util/Init.cc:235: void Grid::GridParseLayout(char**, int, Grid::Coordinate&, Grid::Coordinate&): Assertion `latt.size()==nd' failed.
[genoahost098:1634382] *** Process received signal ***
[genoahost098:1634382] Signal: Aborted (6)
[genoahost098:1634382] Signal code:  (-6)
[genoahost098:1634382] [ 0] /lib64/libc.so.6(+0x3fc30)[0x15108d03fc30]
[genoahost098:1634382] [ 1] /lib64/libc.so.6(+0x8d02c)[0x15108d08d02c]
[genoahost098:1634382] [ 2] /lib64/libc.so.6(raise+0x16)[0x15108d03fb86]
[genoahost098:1634382] [ 3] /lib64/libc.so.6(abort+0xd3)[0x15108d029873]
[genoahost098:1634382] [ 4] /lib64/libc.so.6(+0x2979b)[0x15108d02979b]
[genoahost098:1634382] [ 5] /lib64/libc.so.6(+0x388c6)[0x15108d0388c6]
[genoahost098:1634382] [ 6] /direct/sdcc+u/poare/Grid/build/examples/./Example_spec_kryschur[0x4c0ac6]
[genoahost098:1634382] [ 7] /direct/sdcc+u/poare/Grid/build/examples/./Example_spec_kryschur[0x4c4b42]
[genoahost098:1634382] [ 8] /direct/sdcc+u/poare/Grid/build/examples/./Example_spec_kryschur[0x4115b3]
[genoahost098:1634382] [ 9] /lib64/libc.so.6(+0x2a610)[0x15108d02a610]
[genoahost098:1634382] [10] /lib64/libc.so.6(__libc_start_main+0x80)[0x15108d02a6c0]
[genoahost098:1634382] [11] /direct/sdcc+u/poare/Grid/build/examples/./Example_spec_kryschur[0x4147f5]
[genoahost098:1634382] *** End of error message ***
srun: error: genoahost099: task 37: Aborted (core dumped)
srun: error: genoahost099: tasks 34,36,45: Aborted (core dumped)
srun: error: genoahost099: task 47: Aborted (core dumped)
srun: error: genoahost099: task 44: Aborted (core dumped)
srun: error: genoahost097: task 2: Aborted (core dumped)

__|__|__|__|__|__|__|__|__|__|__|__|__|__|__
__|__|__|__|__|__|__|__|__|__|__|__|__|__|__
__|_ |  |  |  |  |  |  |  |  |  |  |  | _|__
__|_                                    _|__
__|_   GGGG    RRRR    III    DDDD      _|__
__|_  G        R   R    I     D   D     _|__
__|_  G        R   R    I     D    D    _|__
__|_  G  GG    RRRR     I     D    D    _|__
__|_  G   G    R  R     I     D   D     _|__
__|_   GGGG    R   R   III    DDDD      _|__
__|_                                    _|__
__|__|__|__|__|__|__|__|__|__|__|__|__|__|__
__|__|__|__|__|__|__|__|__|__|__|__|__|__|__
  |  |  |  |  |  |  |  |  |  |  |  |  |  |  


Copyright (C) 2015 Peter Boyle, Azusa Yamaguchi, Guido Cossu, Antonin Portelli and other authors

This program is free software; you can redistribute it and/or modify
it under the terms of the GNU General Public License as published by
the Free Software Foundation; either version 2 of the License, or
(at your option) any later version.

This program is distributed in the hope that it will be useful,
but WITHOUT ANY WARRANTY; without even the implied warranty of
MERCHANTABILITY or FITNESS FOR A PARTICULAR PURPOSE.  See the
GNU General Public License for more details.
Current Grid git commit hash=82d411ca7bb8ec4a5b5c3815df23674cfd291070: (HEAD -> develop, origin/develop, origin/HEAD) clean

Grid : Message : ================================================ 
Grid : Message : MPI is initialised and logging filters activated 
Grid : Message : ================================================ 
Grid : Message : This rank is running on host genoahost097.sdcc.bnl.local at local time 2026-02-27 14:01:15
Grid : Message : Requested 17179869184 byte stencil comms buffers 
Grid : Message : MemoryManager::Init() setting up
Grid : Message : MemoryManager::Init() cache pool for recent host   allocations: SMALL 8 LARGE 2 HUGE 0
Grid : Message : MemoryManager::Init() cache pool for recent device allocations: SMALL 16 LARGE 8 Huge 0
Grid : Message : MemoryManager::Init() cache pool for recent shared allocations: SMALL 16 LARGE 8 Huge 0
Grid : Message : MemoryManager::Init() Unified memory space
Example_spec_kryschur: ../../Grid/util/Init.cc:235: void Grid::GridParseLayout(char**, int, Grid::Coordinate&, Grid::Coordinate&): Assertion `latt.size()==nd' failed.
[genoahost097:1736989] *** Process received signal ***
[genoahost097:1736989] Signal: Aborted (6)
[genoahost097:1736989] Signal code:  (-6)
[genoahost097:1736989] [ 0] /lib64/libc.so.6(+0x3fc30)[0x1476fd83fc30]
[genoahost097:1736989] [ 1] /lib64/libc.so.6(+0x8d02c)[0x1476fd88d02c]
[genoahost097:1736989] [ 2] /lib64/libc.so.6(raise+0x16)[0x1476fd83fb86]
[genoahost097:1736989] [ 3] /lib64/libc.so.6(abort+0xd3)[0x1476fd829873]
[genoahost097:1736989] [ 4] /lib64/libc.so.6(+0x2979b)[0x1476fd82979b]
[genoahost097:1736989] [ 5] /lib64/libc.so.6(+0x388c6)[0x1476fd8388c6]
[genoahost097:1736989] [ 6] /direct/sdcc+u/poare/Grid/build/examples/./Example_spec_kryschur[0x4c0ac6]
[genoahost097:1736989] [ 7] /direct/sdcc+u/poare/Grid/build/examples/./Example_spec_kryschur[0x4c4b42]
[genoahost097:1736989] [ 8] /direct/sdcc+u/poare/Grid/build/examples/./Example_spec_kryschur[0x4115b3]
[genoahost097:1736989] [ 9] /lib64/libc.so.6(+0x2a610)[0x1476fd82a610]
[genoahost097:1736989] [10] /lib64/libc.so.6(__libc_start_main+0x80)[0x1476fd82a6c0]
[genoahost097:1736989] [11] /direct/sdcc+u/poare/Grid/build/examples/./Example_spec_kryschur[0x4147f5]
[genoahost097:1736989] *** End of error message ***

__|__|__|__|__|__|__|__|__|__|__|__|__|__|__
__|__|__|__|__|__|__|__|__|__|__|__|__|__|__
__|_ |  |  |  |  |  |  |  |  |  |  |  | _|__
__|_                                    _|__
__|_   GGGG    RRRR    III    DDDD      _|__
__|_  G        R   R    I     D   D     _|__
__|_  G        R   R    I     D    D    _|__
__|_  G  GG    RRRR     I     D    D    _|__
__|_  G   G    R  R     I     D   D     _|__
__|_   GGGG    R   R   III    DDDD      _|__
__|_                                    _|__
__|__|__|__|__|__|__|__|__|__|__|__|__|__|__
__|__|__|__|__|__|__|__|__|__|__|__|__|__|__
  |  |  |  |  |  |  |  |  |  |  |  |  |  |  


Copyright (C) 2015 Peter Boyle, Azusa Yamaguchi, Guido Cossu, Antonin Portelli and other authors

This program is free software; you can redistribute it and/or modify
it under the terms of the GNU General Public License as published by
the Free Software Foundation; either version 2 of the License, or
(at your option) any later version.

This program is distributed in the hope that it will be useful,
but WITHOUT ANY WARRANTY; without even the implied warranty of
MERCHANTABILITY or FITNESS FOR A PARTICULAR PURPOSE.  See the
GNU General Public License for more details.
Current Grid git commit hash=82d411ca7bb8ec4a5b5c3815df23674cfd291070: (HEAD -> develop, origin/develop, origin/HEAD) clean

Grid : Message : ================================================ 
Grid : Message : MPI is initialised and logging filters activated 
Grid : Message : ================================================ 
Grid : Message : This rank is running on host genoahost103.sdcc.bnl.local at local time 2026-02-27 14:01:16
Grid : Message : Requested 17179869184 byte stencil comms buffers 
Grid : Message : MemoryManager::Init() setting up
Grid : Message : MemoryManager::Init() cache pool for recent host   allocations: SMALL 8 LARGE 2 HUGE 0
Grid : Message : MemoryManager::Init() cache pool for recent device allocations: SMALL 16 LARGE 8 Huge 0
Grid : Message : MemoryManager::Init() cache pool for recent shared allocations: SMALL 16 LARGE 8 Huge 0
Grid : Message : MemoryManager::Init() Unified memory space
Example_spec_kryschur: ../../Grid/util/Init.cc:235: void Grid::GridParseLayout(char**, int, Grid::Coordinate&, Grid::Coordinate&): Assertion `latt.size()==nd' failed.
[genoahost103:621509] *** Process received signal ***
[genoahost103:621509] Signal: Aborted (6)
[genoahost103:621509] Signal code:  (-6)
[genoahost103:621509] [ 0] /lib64/libc.so.6(+0x3fc30)[0x145761a3fc30]
[genoahost103:621509] [ 1] /lib64/libc.so.6(+0x8d02c)[0x145761a8d02c]
[genoahost103:621509] [ 2] /lib64/libc.so.6(raise+0x16)[0x145761a3fb86]
[genoahost103:621509] [ 3] /lib64/libc.so.6(abort+0xd3)[0x145761a29873]
[genoahost103:621509] [ 4] /lib64/libc.so.6(+0x2979b)[0x145761a2979b]
[genoahost103:621509] [ 5] /lib64/libc.so.6(+0x388c6)[0x145761a388c6]
[genoahost103:621509] [ 6] /direct/sdcc+u/poare/Grid/build/examples/./Example_spec_kryschur[0x4c0ac6]
[genoahost103:621509] [ 7] /direct/sdcc+u/poare/Grid/build/examples/./Example_spec_kryschur[0x4c4b42]
[genoahost103:621509] [ 8] /direct/sdcc+u/poare/Grid/build/examples/./Example_spec_kryschur[0x4115b3]
[genoahost103:621509] [ 9] /lib64/libc.so.6(+0x2a610)[0x145761a2a610]
[genoahost103:621509] [10] /lib64/libc.so.6(__libc_start_main+0x80)[0x145761a2a6c0]
[genoahost103:621509] [11] /direct/sdcc+u/poare/Grid/build/examples/./Example_spec_kryschur[0x4147f5]
[genoahost103:621509] *** End of error message ***

__|__|__|__|__|__|__|__|__|__|__|__|__|__|__
__|__|__|__|__|__|__|__|__|__|__|__|__|__|__
__|_ |  |  |  |  |  |  |  |  |  |  |  | _|__
__|_                                    _|__
__|_   GGGG    RRRR    III    DDDD      _|__
__|_  G        R   R    I     D   D     _|__
__|_  G        R   R    I     D    D    _|__
__|_  G  GG    RRRR     I     D    D    _|__
__|_  G   G    R  R     I     D   D     _|__
__|_   GGGG    R   R   III    DDDD      _|__
__|_                                    _|__
__|__|__|__|__|__|__|__|__|__|__|__|__|__|__
__|__|__|__|__|__|__|__|__|__|__|__|__|__|__
  |  |  |  |  |  |  |  |  |  |  |  |  |  |  


Copyright (C) 2015 Peter Boyle, Azusa Yamaguchi, Guido Cossu, Antonin Portelli and other authors

This program is free software; you can redistribute it and/or modify
it under the terms of the GNU General Public License as published by
the Free Software Foundation; either version 2 of the License, or
(at your option) any later version.

This program is distributed in the hope that it will be useful,
but WITHOUT ANY WARRANTY; without even the implied warranty of
MERCHANTABILITY or FITNESS FOR A PARTICULAR PURPOSE.  See the
GNU General Public License for more details.
Current Grid git commit hash=82d411ca7bb8ec4a5b5c3815df23674cfd291070: (HEAD -> develop, origin/develop, origin/HEAD) clean

Grid : Message : ================================================ 
Grid : Message : MPI is initialised and logging filters activated 
Grid : Message : ================================================ 
Grid : Message : This rank is running on host genoahost097.sdcc.bnl.local at local time 2026-02-27 14:01:16
Grid : Message : Requested 17179869184 byte stencil comms buffers 
Grid : Message : MemoryManager::Init() setting up
Grid : Message : MemoryManager::Init() cache pool for recent host   allocations: SMALL 8 LARGE 2 HUGE 0
Grid : Message : MemoryManager::Init() cache pool for recent device allocations: SMALL 16 LARGE 8 Huge 0
Grid : Message : MemoryManager::Init() cache pool for recent shared allocations: SMALL 16 LARGE 8 Huge 0
Grid : Message : MemoryManager::Init() Unified memory space
Example_spec_kryschur: ../../Grid/util/Init.cc:235: void Grid::GridParseLayout(char**, int, Grid::Coordinate&, Grid::Coordinate&): Assertion `latt.size()==nd' failed.
[genoahost097:1736986] *** Process received signal ***
[genoahost097:1736986] Signal: Aborted (6)
[genoahost097:1736986] Signal code:  (-6)
[genoahost097:1736986] [ 0] /lib64/libc.so.6(+0x3fc30)[0x15041643fc30]
[genoahost097:1736986] [ 1] /lib64/libc.so.6(+0x8d02c)[0x15041648d02c]
[genoahost097:1736986] [ 2] /lib64/libc.so.6(raise+0x16)[0x15041643fb86]
[genoahost097:1736986] [ 3] /lib64/libc.so.6(abort+0xd3)[0x150416429873]
[genoahost097:1736986] [ 4] /lib64/libc.so.6(+0x2979b)[0x15041642979b]
[genoahost097:1736986] [ 5] /lib64/libc.so.6(+0x388c6)[0x1504164388c6]
[genoahost097:1736986] [ 6] /direct/sdcc+u/poare/Grid/build/examples/./Example_spec_kryschur[0x4c0ac6]
[genoahost097:1736986] [ 7] /direct/sdcc+u/poare/Grid/build/examples/./Example_spec_kryschur[0x4c4b42]
[genoahost097:1736986] [ 8] /direct/sdcc+u/poare/Grid/build/examples/./Example_spec_kryschur[0x4115b3]
[genoahost097:1736986] [ 9] /lib64/libc.so.6(+0x2a610)[0x15041642a610]
[genoahost097:1736986] [10] /lib64/libc.so.6(__libc_start_main+0x80)[0x15041642a6c0]
[genoahost097:1736986] [11] /direct/sdcc+u/poare/Grid/build/examples/./Example_spec_kryschur[0x4147f5]
[genoahost097:1736986] *** End of error message ***

__|__|__|__|__|__|__|__|__|__|__|__|__|__|__
__|__|__|__|__|__|__|__|__|__|__|__|__|__|__
__|_ |  |  |  |  |  |  |  |  |  |  |  | _|__
__|_                                    _|__
__|_   GGGG    RRRR    III    DDDD      _|__
__|_  G        R   R    I     D   D     _|__
__|_  G        R   R    I     D    D    _|__
__|_  G  GG    RRRR     I     D    D    _|__
__|_  G   G    R  R     I     D   D     _|__
__|_   GGGG    R   R   III    DDDD      _|__
__|_                                    _|__
__|__|__|__|__|__|__|__|__|__|__|__|__|__|__
__|__|__|__|__|__|__|__|__|__|__|__|__|__|__
  |  |  |  |  |  |  |  |  |  |  |  |  |  |  


Copyright (C) 2015 Peter Boyle, Azusa Yamaguchi, Guido Cossu, Antonin Portelli and other authors

This program is free software; you can redistribute it and/or modify
it under the terms of the GNU General Public License as published by
the Free Software Foundation; either version 2 of the License, or
(at your option) any later version.

This program is distributed in the hope that it will be useful,
but WITHOUT ANY WARRANTY; without even the implied warranty of
MERCHANTABILITY or FITNESS FOR A PARTICULAR PURPOSE.  See the
GNU General Public License for more details.
Current Grid git commit hash=82d411ca7bb8ec4a5b5c3815df23674cfd291070: (HEAD -> develop, origin/develop, origin/HEAD) clean

Grid : Message : ================================================ 
Grid : Message : MPI is initialised and logging filters activated 
Grid : Message : ================================================ 
Grid : Message : This rank is running on host genoahost097.sdcc.bnl.local at local time 2026-02-27 14:01:16
Grid : Message : Requested 17179869184 byte stencil comms buffers 
Grid : Message : MemoryManager::Init() setting up
Grid : Message : MemoryManager::Init() cache pool for recent host   allocations: SMALL 8 LARGE 2 HUGE 0
Grid : Message : MemoryManager::Init() cache pool for recent device allocations: SMALL 16 LARGE 8 Huge 0
Grid : Message : MemoryManager::Init() cache pool for recent shared allocations: SMALL 16 LARGE 8 Huge 0
Grid : Message : MemoryManager::Init() Unified memory space
Example_spec_kryschur: ../../Grid/util/Init.cc:235: void Grid::GridParseLayout(char**, int, Grid::Coordinate&, Grid::Coordinate&): Assertion `latt.size()==nd' failed.
[genoahost097:1736993] *** Process received signal ***
[genoahost097:1736993] Signal: Aborted (6)
[genoahost097:1736993] Signal code:  (-6)
[genoahost097:1736993] [ 0] /lib64/libc.so.6(+0x3fc30)[0x15179ca3fc30]
[genoahost097:1736993] [ 1] /lib64/libc.so.6(+0x8d02c)[0x15179ca8d02c]
[genoahost097:1736993] [ 2] /lib64/libc.so.6(raise+0x16)[0x15179ca3fb86]
[genoahost097:1736993] [ 3] /lib64/libc.so.6(abort+0xd3)[0x15179ca29873]
[genoahost097:1736993] [ 4] /lib64/libc.so.6(+0x2979b)[0x15179ca2979b]
[genoahost097:1736993] [ 5] /lib64/libc.so.6(+0x388c6)[0x15179ca388c6]
[genoahost097:1736993] [ 6] /direct/sdcc+u/poare/Grid/build/examples/./Example_spec_kryschur[0x4c0ac6]
[genoahost097:1736993] [ 7] /direct/sdcc+u/poare/Grid/build/examples/./Example_spec_kryschur[0x4c4b42]
[genoahost097:1736993] [ 8] /direct/sdcc+u/poare/Grid/build/examples/./Example_spec_kryschur[0x4115b3]
[genoahost097:1736993] [ 9] /lib64/libc.so.6(+0x2a610)[0x15179ca2a610]
[genoahost097:1736993] [10] /lib64/libc.so.6(__libc_start_main+0x80)[0x15179ca2a6c0]
[genoahost097:1736993] [11] /direct/sdcc+u/poare/Grid/build/examples/./Example_spec_kryschur[0x4147f5]
[genoahost097:1736993] *** End of error message ***

__|__|__|__|__|__|__|__|__|__|__|__|__|__|__
__|__|__|__|__|__|__|__|__|__|__|__|__|__|__
__|_ |  |  |  |  |  |  |  |  |  |  |  | _|__
__|_                                    _|__
__|_   GGGG    RRRR    III    DDDD      _|__
__|_  G        R   R    I     D   D     _|__
__|_  G        R   R    I     D    D    _|__
__|_  G  GG    RRRR     I     D    D    _|__
__|_  G   G    R  R     I     D   D     _|__
__|_   GGGG    R   R   III    DDDD      _|__
__|_                                    _|__
__|__|__|__|__|__|__|__|__|__|__|__|__|__|__
__|__|__|__|__|__|__|__|__|__|__|__|__|__|__
  |  |  |  |  |  |  |  |  |  |  |  |  |  |  


Copyright (C) 2015 Peter Boyle, Azusa Yamaguchi, Guido Cossu, Antonin Portelli and other authors

This program is free software; you can redistribute it and/or modify
it under the terms of the GNU General Public License as published by
the Free Software Foundation; either version 2 of the License, or
(at your option) any later version.

This program is distributed in the hope that it will be useful,
but WITHOUT ANY WARRANTY; without even the implied warranty of
MERCHANTABILITY or FITNESS FOR A PARTICULAR PURPOSE.  See the
GNU General Public License for more details.
Current Grid git commit hash=82d411ca7bb8ec4a5b5c3815df23674cfd291070: (HEAD -> develop, origin/develop, origin/HEAD) clean

Grid : Message : ================================================ 
Grid : Message : MPI is initialised and logging filters activated 
Grid : Message : ================================================ 
Grid : Message : This rank is running on host genoahost103.sdcc.bnl.local at local time 2026-02-27 14:01:17
Grid : Message : Requested 17179869184 byte stencil comms buffers 
Grid : Message : MemoryManager::Init() setting up
Grid : Message : MemoryManager::Init() cache pool for recent host   allocations: SMALL 8 LARGE 2 HUGE 0
Grid : Message : MemoryManager::Init() cache pool for recent device allocations: SMALL 16 LARGE 8 Huge 0
Grid : Message : MemoryManager::Init() cache pool for recent shared allocations: SMALL 16 LARGE 8 Huge 0
Grid : Message : MemoryManager::Init() Unified memory space
Example_spec_kryschur: ../../Grid/util/Init.cc:235: void Grid::GridParseLayout(char**, int, Grid::Coordinate&, Grid::Coordinate&): Assertion `latt.size()==nd' failed.
[genoahost103:621524] *** Process received signal ***
[genoahost103:621524] Signal: Aborted (6)
[genoahost103:621524] Signal code:  (-6)
[genoahost103:621524] [ 0] /lib64/libc.so.6(+0x3fc30)[0x14d2e0e3fc30]
[genoahost103:621524] [ 1] /lib64/libc.so.6(+0x8d02c)[0x14d2e0e8d02c]
[genoahost103:621524] [ 2] /lib64/libc.so.6(raise+0x16)[0x14d2e0e3fb86]
[genoahost103:621524] [ 3] /lib64/libc.so.6(abort+0xd3)[0x14d2e0e29873]
[genoahost103:621524] [ 4] /lib64/libc.so.6(+0x2979b)[0x14d2e0e2979b]
[genoahost103:621524] [ 5] /lib64/libc.so.6(+0x388c6)[0x14d2e0e388c6]
[genoahost103:621524] [ 6] /direct/sdcc+u/poare/Grid/build/examples/./Example_spec_kryschur[0x4c0ac6]
[genoahost103:621524] [ 7] /direct/sdcc+u/poare/Grid/build/examples/./Example_spec_kryschur[0x4c4b42]
[genoahost103:621524] [ 8] /direct/sdcc+u/poare/Grid/build/examples/./Example_spec_kryschur[0x4115b3]
[genoahost103:621524] [ 9] /lib64/libc.so.6(+0x2a610)[0x14d2e0e2a610]
[genoahost103:621524] [10] /lib64/libc.so.6(__libc_start_main+0x80)[0x14d2e0e2a6c0]
[genoahost103:621524] [11] /direct/sdcc+u/poare/Grid/build/examples/./Example_spec_kryschur[0x4147f5]
[genoahost103:621524] *** End of error message ***

__|__|__|__|__|__|__|__|__|__|__|__|__|__|__
__|__|__|__|__|__|__|__|__|__|__|__|__|__|__
__|_ |  |  |  |  |  |  |  |  |  |  |  | _|__
__|_                                    _|__
__|_   GGGG    RRRR    III    DDDD      _|__
__|_  G        R   R    I     D   D     _|__
__|_  G        R   R    I     D    D    _|__
__|_  G  GG    RRRR     I     D    D    _|__
__|_  G   G    R  R     I     D   D     _|__
__|_   GGGG    R   R   III    DDDD      _|__
__|_                                    _|__
__|__|__|__|__|__|__|__|__|__|__|__|__|__|__
__|__|__|__|__|__|__|__|__|__|__|__|__|__|__
  |  |  |  |  |  |  |  |  |  |  |  |  |  |  


Copyright (C) 2015 Peter Boyle, Azusa Yamaguchi, Guido Cossu, Antonin Portelli and other authors

This program is free software; you can redistribute it and/or modify
it under the terms of the GNU General Public License as published by
the Free Software Foundation; either version 2 of the License, or
(at your option) any later version.

This program is distributed in the hope that it will be useful,
but WITHOUT ANY WARRANTY; without even the implied warranty of
MERCHANTABILITY or FITNESS FOR A PARTICULAR PURPOSE.  See the
GNU General Public License for more details.
Current Grid git commit hash=82d411ca7bb8ec4a5b5c3815df23674cfd291070: (HEAD -> develop, origin/develop, origin/HEAD) clean

Grid : Message : ================================================ 
Grid : Message : MPI is initialised and logging filters activated 
Grid : Message : ================================================ 
Grid : Message : This rank is running on host genoahost097.sdcc.bnl.local at local time 2026-02-27 14:01:17
Grid : Message : Requested 17179869184 byte stencil comms buffers 
Grid : Message : MemoryManager::Init() setting up
Grid : Message : MemoryManager::Init() cache pool for recent host   allocations: SMALL 8 LARGE 2 HUGE 0
Grid : Message : MemoryManager::Init() cache pool for recent device allocations: SMALL 16 LARGE 8 Huge 0
Grid : Message : MemoryManager::Init() cache pool for recent shared allocations: SMALL 16 LARGE 8 Huge 0
Grid : Message : MemoryManager::Init() Unified memory space
Example_spec_kryschur: ../../Grid/util/Init.cc:235: void Grid::GridParseLayout(char**, int, Grid::Coordinate&, Grid::Coordinate&): Assertion `latt.size()==nd' failed.
[genoahost097:1736995] *** Process received signal ***
[genoahost097:1736995] Signal: Aborted (6)
[genoahost097:1736995] Signal code:  (-6)
[genoahost097:1736995] [ 0] /lib64/libc.so.6(+0x3fc30)[0x14f8e263fc30]
[genoahost097:1736995] [ 1] /lib64/libc.so.6(+0x8d02c)[0x14f8e268d02c]
[genoahost097:1736995] [ 2] /lib64/libc.so.6(raise+0x16)[0x14f8e263fb86]
[genoahost097:1736995] [ 3] /lib64/libc.so.6(abort+0xd3)[0x14f8e2629873]
[genoahost097:1736995] [ 4] /lib64/libc.so.6(+0x2979b)[0x14f8e262979b]
[genoahost097:1736995] [ 5] /lib64/libc.so.6(+0x388c6)[0x14f8e26388c6]
[genoahost097:1736995] [ 6] /direct/sdcc+u/poare/Grid/build/examples/./Example_spec_kryschur[0x4c0ac6]
[genoahost097:1736995] [ 7] /direct/sdcc+u/poare/Grid/build/examples/./Example_spec_kryschur[0x4c4b42]
[genoahost097:1736995] [ 8] /direct/sdcc+u/poare/Grid/build/examples/./Example_spec_kryschur[0x4115b3]
[genoahost097:1736995] [ 9] /lib64/libc.so.6(+0x2a610)[0x14f8e262a610]
[genoahost097:1736995] [10] /lib64/libc.so.6(__libc_start_main+0x80)[0x14f8e262a6c0]
[genoahost097:1736995] [11] /direct/sdcc+u/poare/Grid/build/examples/./Example_spec_kryschur[0x4147f5]
[genoahost097:1736995] *** End of error message ***

__|__|__|__|__|__|__|__|__|__|__|__|__|__|__
__|__|__|__|__|__|__|__|__|__|__|__|__|__|__
__|_ |  |  |  |  |  |  |  |  |  |  |  | _|__
__|_                                    _|__
__|_   GGGG    RRRR    III    DDDD      _|__
__|_  G        R   R    I     D   D     _|__
__|_  G        R   R    I     D    D    _|__
__|_  G  GG    RRRR     I     D    D    _|__
__|_  G   G    R  R     I     D   D     _|__
__|_   GGGG    R   R   III    DDDD      _|__
__|_                                    _|__
__|__|__|__|__|__|__|__|__|__|__|__|__|__|__
__|__|__|__|__|__|__|__|__|__|__|__|__|__|__
  |  |  |  |  |  |  |  |  |  |  |  |  |  |  


Copyright (C) 2015 Peter Boyle, Azusa Yamaguchi, Guido Cossu, Antonin Portelli and other authors

This program is free software; you can redistribute it and/or modify
it under the terms of the GNU General Public License as published by
the Free Software Foundation; either version 2 of the License, or
(at your option) any later version.

This program is distributed in the hope that it will be useful,
but WITHOUT ANY WARRANTY; without even the implied warranty of
MERCHANTABILITY or FITNESS FOR A PARTICULAR PURPOSE.  See the
GNU General Public License for more details.
Current Grid git commit hash=82d411ca7bb8ec4a5b5c3815df23674cfd291070: (HEAD -> develop, origin/develop, origin/HEAD) clean

Grid : Message : ================================================ 
Grid : Message : MPI is initialised and logging filters activated 
Grid : Message : ================================================ 
Grid : Message : This rank is running on host genoahost099.sdcc.bnl.local at local time 2026-02-27 14:01:18
Grid : Message : Requested 17179869184 byte stencil comms buffers 
Grid : Message : MemoryManager::Init() setting up
Grid : Message : MemoryManager::Init() cache pool for recent host   allocations: SMALL 8 LARGE 2 HUGE 0
Grid : Message : MemoryManager::Init() cache pool for recent device allocations: SMALL 16 LARGE 8 Huge 0
Grid : Message : MemoryManager::Init() cache pool for recent shared allocations: SMALL 16 LARGE 8 Huge 0
Grid : Message : MemoryManager::Init() Unified memory space
Example_spec_kryschur: ../../Grid/util/Init.cc:235: void Grid::GridParseLayout(char**, int, Grid::Coordinate&, Grid::Coordinate&): Assertion `latt.size()==nd' failed.
[genoahost099:1615650] *** Process received signal ***
[genoahost099:1615650] Signal: Aborted (6)
[genoahost099:1615650] Signal code:  (-6)
[genoahost099:1615650] [ 0] /lib64/libc.so.6(+0x3fc30)[0x14846023fc30]
[genoahost099:1615650] [ 1] /lib64/libc.so.6(+0x8d02c)[0x14846028d02c]
[genoahost099:1615650] [ 2] /lib64/libc.so.6(raise+0x16)[0x14846023fb86]
[genoahost099:1615650] [ 3] /lib64/libc.so.6(abort+0xd3)[0x148460229873]
[genoahost099:1615650] [ 4] /lib64/libc.so.6(+0x2979b)[0x14846022979b]
[genoahost099:1615650] [ 5] /lib64/libc.so.6(+0x388c6)[0x1484602388c6]
[genoahost099:1615650] [ 6] /direct/sdcc+u/poare/Grid/build/examples/./Example_spec_kryschur[0x4c0ac6]
[genoahost099:1615650] [ 7] /direct/sdcc+u/poare/Grid/build/examples/./Example_spec_kryschur[0x4c4b42]
[genoahost099:1615650] [ 8] /direct/sdcc+u/poare/Grid/build/examples/./Example_spec_kryschur[0x4115b3]
[genoahost099:1615650] [ 9] /lib64/libc.so.6(+0x2a610)[0x14846022a610]
[genoahost099:1615650] [10] /lib64/libc.so.6(__libc_start_main+0x80)[0x14846022a6c0]
[genoahost099:1615650] [11] /direct/sdcc+u/poare/Grid/build/examples/./Example_spec_kryschur[0x4147f5]
[genoahost099:1615650] *** End of error message ***

__|__|__|__|__|__|__|__|__|__|__|__|__|__|__
__|__|__|__|__|__|__|__|__|__|__|__|__|__|__
__|_ |  |  |  |  |  |  |  |  |  |  |  | _|__
__|_                                    _|__
__|_   GGGG    RRRR    III    DDDD      _|__
__|_  G        R   R    I     D   D     _|__
__|_  G        R   R    I     D    D    _|__
__|_  G  GG    RRRR     I     D    D    _|__
__|_  G   G    R  R     I     D   D     _|__
__|_   GGGG    R   R   III    DDDD      _|__
__|_                                    _|__
__|__|__|__|__|__|__|__|__|__|__|__|__|__|__
__|__|__|__|__|__|__|__|__|__|__|__|__|__|__
  |  |  |  |  |  |  |  |  |  |  |  |  |  |  


Copyright (C) 2015 Peter Boyle, Azusa Yamaguchi, Guido Cossu, Antonin Portelli and other authors

This program is free software; you can redistribute it and/or modify
it under the terms of the GNU General Public License as published by
the Free Software Foundation; either version 2 of the License, or
(at your option) any later version.

This program is distributed in the hope that it will be useful,
but WITHOUT ANY WARRANTY; without even the implied warranty of
MERCHANTABILITY or FITNESS FOR A PARTICULAR PURPOSE.  See the
GNU General Public License for more details.
Current Grid git commit hash=82d411ca7bb8ec4a5b5c3815df23674cfd291070: (HEAD -> develop, origin/develop, origin/HEAD) clean

Grid : Message : ================================================ 
Grid : Message : MPI is initialised and logging filters activated 
Grid : Message : ================================================ 
Grid : Message : This rank is running on host genoahost099.sdcc.bnl.local at local time 2026-02-27 14:01:18
Grid : Message : Requested 17179869184 byte stencil comms buffers 
Grid : Message : MemoryManager::Init() setting up
Grid : Message : MemoryManager::Init() cache pool for recent host   allocations: SMALL 8 LARGE 2 HUGE 0
Grid : Message : MemoryManager::Init() cache pool for recent device allocations: SMALL 16 LARGE 8 Huge 0
Grid : Message : MemoryManager::Init() cache pool for recent shared allocations: SMALL 16 LARGE 8 Huge 0
Grid : Message : MemoryManager::Init() Unified memory space
Example_spec_kryschur: ../../Grid/util/Init.cc:235: void Grid::GridParseLayout(char**, int, Grid::Coordinate&, Grid::Coordinate&): Assertion `latt.size()==nd' failed.
[genoahost099:1615645] *** Process received signal ***
[genoahost099:1615645] Signal: Aborted (6)
[genoahost099:1615645] Signal code:  (-6)
[genoahost099:1615645] [ 0] /lib64/libc.so.6(+0x3fc30)[0x15492da3fc30]
[genoahost099:1615645] [ 1] /lib64/libc.so.6(+0x8d02c)[0x15492da8d02c]
[genoahost099:1615645] [ 2] /lib64/libc.so.6(raise+0x16)[0x15492da3fb86]
[genoahost099:1615645] [ 3] /lib64/libc.so.6(abort+0xd3)[0x15492da29873]
[genoahost099:1615645] [ 4] /lib64/libc.so.6(+0x2979b)[0x15492da2979b]
[genoahost099:1615645] [ 5] /lib64/libc.so.6(+0x388c6)[0x15492da388c6]
[genoahost099:1615645] [ 6] /direct/sdcc+u/poare/Grid/build/examples/./Example_spec_kryschur[0x4c0ac6]
[genoahost099:1615645] [ 7] /direct/sdcc+u/poare/Grid/build/examples/./Example_spec_kryschur[0x4c4b42]
[genoahost099:1615645] [ 8] /direct/sdcc+u/poare/Grid/build/examples/./Example_spec_kryschur[0x4115b3]
[genoahost099:1615645] [ 9] /lib64/libc.so.6(+0x2a610)[0x15492da2a610]
[genoahost099:1615645] [10] /lib64/libc.so.6(__libc_start_main+0x80)[0x15492da2a6c0]
[genoahost099:1615645] [11] /direct/sdcc+u/poare/Grid/build/examples/./Example_spec_kryschur[0x4147f5]
[genoahost099:1615645] *** End of error message ***
srun: error: genoahost103: task 102: Aborted (core dumped)
srun: error: genoahost103: task 100: Aborted (core dumped)
srun: error: genoahost097: task 7: Aborted (core dumped)
srun: error: genoahost097: task 8: Aborted (core dumped)

__|__|__|__|__|__|__|__|__|__|__|__|__|__|__
__|__|__|__|__|__|__|__|__|__|__|__|__|__|__
__|_ |  |  |  |  |  |  |  |  |  |  |  | _|__
__|_                                    _|__
__|_   GGGG    RRRR    III    DDDD      _|__
__|_  G        R   R    I     D   D     _|__
__|_  G        R   R    I     D    D    _|__
__|_  G  GG    RRRR     I     D    D    _|__
__|_  G   G    R  R     I     D   D     _|__
__|_   GGGG    R   R   III    DDDD      _|__
__|_                                    _|__
__|__|__|__|__|__|__|__|__|__|__|__|__|__|__
__|__|__|__|__|__|__|__|__|__|__|__|__|__|__
  |  |  |  |  |  |  |  |  |  |  |  |  |  |  


Copyright (C) 2015 Peter Boyle, Azusa Yamaguchi, Guido Cossu, Antonin Portelli and other authors

This program is free software; you can redistribute it and/or modify
it under the terms of the GNU General Public License as published by
the Free Software Foundation; either version 2 of the License, or
(at your option) any later version.

This program is distributed in the hope that it will be useful,
but WITHOUT ANY WARRANTY; without even the implied warranty of
MERCHANTABILITY or FITNESS FOR A PARTICULAR PURPOSE.  See the
GNU General Public License for more details.
Current Grid git commit hash=82d411ca7bb8ec4a5b5c3815df23674cfd291070: (HEAD -> develop, origin/develop, origin/HEAD) clean

Grid : Message : ================================================ 
Grid : Message : MPI is initialised and logging filters activated 
Grid : Message : ================================================ 
Grid : Message : This rank is running on host genoahost104.sdcc.bnl.local at local time 2026-02-27 14:01:24
Grid : Message : Requested 17179869184 byte stencil comms buffers 
Grid : Message : MemoryManager::Init() setting up
Grid : Message : MemoryManager::Init() cache pool for recent host   allocations: SMALL 8 LARGE 2 HUGE 0
Grid : Message : MemoryManager::Init() cache pool for recent device allocations: SMALL 16 LARGE 8 Huge 0
Grid : Message : MemoryManager::Init() cache pool for recent shared allocations: SMALL 16 LARGE 8 Huge 0
Grid : Message : MemoryManager::Init() Unified memory space
Example_spec_kryschur: ../../Grid/util/Init.cc:235: void Grid::GridParseLayout(char**, int, Grid::Coordinate&, Grid::Coordinate&): Assertion `latt.size()==nd' failed.
[genoahost104:634553] *** Process received signal ***
[genoahost104:634553] Signal: Aborted (6)
[genoahost104:634553] Signal code:  (-6)
[genoahost104:634553] [ 0] /lib64/libc.so.6(+0x3fc30)[0x149add63fc30]
[genoahost104:634553] [ 1] /lib64/libc.so.6(+0x8d02c)[0x149add68d02c]
[genoahost104:634553] [ 2] /lib64/libc.so.6(raise+0x16)[0x149add63fb86]
[genoahost104:634553] [ 3] /lib64/libc.so.6(abort+0xd3)[0x149add629873]
[genoahost104:634553] [ 4] /lib64/libc.so.6(+0x2979b)[0x149add62979b]
[genoahost104:634553] [ 5] /lib64/libc.so.6(+0x388c6)[0x149add6388c6]
[genoahost104:634553] [ 6] /direct/sdcc+u/poare/Grid/build/examples/./Example_spec_kryschur[0x4c0ac6]
[genoahost104:634553] [ 7] /direct/sdcc+u/poare/Grid/build/examples/./Example_spec_kryschur[0x4c4b42]
[genoahost104:634553] [ 8] /direct/sdcc+u/poare/Grid/build/examples/./Example_spec_kryschur[0x4115b3]
[genoahost104:634553] [ 9] /lib64/libc.so.6(+0x2a610)[0x149add62a610]
[genoahost104:634553] [10] /lib64/libc.so.6(__libc_start_main+0x80)[0x149add62a6c0]
[genoahost104:634553] [11] /direct/sdcc+u/poare/Grid/build/examples/./Example_spec_kryschur[0x4147f5]
[genoahost104:634553] *** End of error message ***

__|__|__|__|__|__|__|__|__|__|__|__|__|__|__
__|__|__|__|__|__|__|__|__|__|__|__|__|__|__
__|_ |  |  |  |  |  |  |  |  |  |  |  | _|__
__|_                                    _|__
__|_   GGGG    RRRR    III    DDDD      _|__
__|_  G        R   R    I     D   D     _|__
__|_  G        R   R    I     D    D    _|__
__|_  G  GG    RRRR     I     D    D    _|__
__|_  G   G    R  R     I     D   D     _|__
__|_   GGGG    R   R   III    DDDD      _|__
__|_                                    _|__
__|__|__|__|__|__|__|__|__|__|__|__|__|__|__
__|__|__|__|__|__|__|__|__|__|__|__|__|__|__
  |  |  |  |  |  |  |  |  |  |  |  |  |  |  


Copyright (C) 2015 Peter Boyle, Azusa Yamaguchi, Guido Cossu, Antonin Portelli and other authors

This program is free software; you can redistribute it and/or modify
it under the terms of the GNU General Public License as published by
the Free Software Foundation; either version 2 of the License, or
(at your option) any later version.

This program is distributed in the hope that it will be useful,
but WITHOUT ANY WARRANTY; without even the implied warranty of
MERCHANTABILITY or FITNESS FOR A PARTICULAR PURPOSE.  See the
GNU General Public License for more details.
Current Grid git commit hash=82d411ca7bb8ec4a5b5c3815df23674cfd291070: (HEAD -> develop, origin/develop, origin/HEAD) clean

Grid : Message : ================================================ 
Grid : Message : MPI is initialised and logging filters activated 
Grid : Message : ================================================ 
Grid : Message : This rank is running on host genoahost104.sdcc.bnl.local at local time 2026-02-27 14:01:24
Grid : Message : Requested 17179869184 byte stencil comms buffers 
Grid : Message : MemoryManager::Init() setting up
Grid : Message : MemoryManager::Init() cache pool for recent host   allocations: SMALL 8 LARGE 2 HUGE 0
Grid : Message : MemoryManager::Init() cache pool for recent device allocations: SMALL 16 LARGE 8 Huge 0
Grid : Message : MemoryManager::Init() cache pool for recent shared allocations: SMALL 16 LARGE 8 Huge 0
Grid : Message : MemoryManager::Init() Unified memory space
Example_spec_kryschur: ../../Grid/util/Init.cc:235: void Grid::GridParseLayout(char**, int, Grid::Coordinate&, Grid::Coordinate&): Assertion `latt.size()==nd' failed.
[genoahost104:634561] *** Process received signal ***
[genoahost104:634561] Signal: Aborted (6)
[genoahost104:634561] Signal code:  (-6)
[genoahost104:634561] [ 0] /lib64/libc.so.6(+0x3fc30)[0x1534f883fc30]
[genoahost104:634561] [ 1] /lib64/libc.so.6(+0x8d02c)[0x1534f888d02c]
[genoahost104:634561] [ 2] /lib64/libc.so.6(raise+0x16)[0x1534f883fb86]
[genoahost104:634561] [ 3] /lib64/libc.so.6(abort+0xd3)[0x1534f8829873]
[genoahost104:634561] [ 4] /lib64/libc.so.6(+0x2979b)[0x1534f882979b]
[genoahost104:634561] [ 5] /lib64/libc.so.6(+0x388c6)[0x1534f88388c6]
[genoahost104:634561] [ 6] /direct/sdcc+u/poare/Grid/build/examples/./Example_spec_kryschur[0x4c0ac6]
[genoahost104:634561] [ 7] /direct/sdcc+u/poare/Grid/build/examples/./Example_spec_kryschur[0x4c4b42]
[genoahost104:634561] [ 8] /direct/sdcc+u/poare/Grid/build/examples/./Example_spec_kryschur[0x4115b3]
[genoahost104:634561] [ 9] /lib64/libc.so.6(+0x2a610)[0x1534f882a610]
[genoahost104:634561] [10] /lib64/libc.so.6(__libc_start_main+0x80)[0x1534f882a6c0]
[genoahost104:634561] [11] /direct/sdcc+u/poare/Grid/build/examples/./Example_spec_kryschur[0x4147f5]
[genoahost104:634561] *** End of error message ***

__|__|__|__|__|__|__|__|__|__|__|__|__|__|__
__|__|__|__|__|__|__|__|__|__|__|__|__|__|__
__|_ |  |  |  |  |  |  |  |  |  |  |  | _|__
__|_                                    _|__
__|_   GGGG    RRRR    III    DDDD      _|__
__|_  G        R   R    I     D   D     _|__
__|_  G        R   R    I     D    D    _|__
__|_  G  GG    RRRR     I     D    D    _|__
__|_  G   G    R  R     I     D   D     _|__
__|_   GGGG    R   R   III    DDDD      _|__
__|_                                    _|__
__|__|__|__|__|__|__|__|__|__|__|__|__|__|__
__|__|__|__|__|__|__|__|__|__|__|__|__|__|__
  |  |  |  |  |  |  |  |  |  |  |  |  |  |  


Copyright (C) 2015 Peter Boyle, Azusa Yamaguchi, Guido Cossu, Antonin Portelli and other authors

This program is free software; you can redistribute it and/or modify
it under the terms of the GNU General Public License as published by
the Free Software Foundation; either version 2 of the License, or
(at your option) any later version.

This program is distributed in the hope that it will be useful,
but WITHOUT ANY WARRANTY; without even the implied warranty of
MERCHANTABILITY or FITNESS FOR A PARTICULAR PURPOSE.  See the
GNU General Public License for more details.
Current Grid git commit hash=82d411ca7bb8ec4a5b5c3815df23674cfd291070: (HEAD -> develop, origin/develop, origin/HEAD) clean

Grid : Message : ================================================ 
Grid : Message : MPI is initialised and logging filters activated 
Grid : Message : ================================================ 
Grid : Message : This rank is running on host genoahost104.sdcc.bnl.local at local time 2026-02-27 14:01:24
Grid : Message : Requested 17179869184 byte stencil comms buffers 
Grid : Message : MemoryManager::Init() setting up
Grid : Message : MemoryManager::Init() cache pool for recent host   allocations: SMALL 8 LARGE 2 HUGE 0
Grid : Message : MemoryManager::Init() cache pool for recent device allocations: SMALL 16 LARGE 8 Huge 0
Grid : Message : MemoryManager::Init() cache pool for recent shared allocations: SMALL 16 LARGE 8 Huge 0
Grid : Message : MemoryManager::Init() Unified memory space
Example_spec_kryschur: ../../Grid/util/Init.cc:235: void Grid::GridParseLayout(char**, int, Grid::Coordinate&, Grid::Coordinate&): Assertion `latt.size()==nd' failed.
[genoahost104:634566] *** Process received signal ***
[genoahost104:634566] Signal: Aborted (6)
[genoahost104:634566] Signal code:  (-6)
[genoahost104:634566] [ 0] /lib64/libc.so.6(+0x3fc30)[0x1483ad63fc30]
[genoahost104:634566] [ 1] /lib64/libc.so.6(+0x8d02c)[0x1483ad68d02c]
[genoahost104:634566] [ 2] /lib64/libc.so.6(raise+0x16)[0x1483ad63fb86]
[genoahost104:634566] [ 3] /lib64/libc.so.6(abort+0xd3)[0x1483ad629873]
[genoahost104:634566] [ 4] /lib64/libc.so.6(+0x2979b)[0x1483ad62979b]
[genoahost104:634566] [ 5] /lib64/libc.so.6(+0x388c6)[0x1483ad6388c6]
[genoahost104:634566] [ 6] /direct/sdcc+u/poare/Grid/build/examples/./Example_spec_kryschur[0x4c0ac6]
[genoahost104:634566] [ 7] /direct/sdcc+u/poare/Grid/build/examples/./Example_spec_kryschur[0x4c4b42]
[genoahost104:634566] [ 8] /direct/sdcc+u/poare/Grid/build/examples/./Example_spec_kryschur[0x4115b3]
[genoahost104:634566] [ 9] /lib64/libc.so.6(+0x2a610)[0x1483ad62a610]
[genoahost104:634566] [10] /lib64/libc.so.6(__libc_start_main+0x80)[0x1483ad62a6c0]
[genoahost104:634566] [11] /direct/sdcc+u/poare/Grid/build/examples/./Example_spec_kryschur[0x4147f5]
[genoahost104:634566] *** End of error message ***

__|__|__|__|__|__|__|__|__|__|__|__|__|__|__
__|__|__|__|__|__|__|__|__|__|__|__|__|__|__
__|_ |  |  |  |  |  |  |  |  |  |  |  | _|__
__|_                                    _|__
__|_   GGGG    RRRR    III    DDDD      _|__
__|_  G        R   R    I     D   D     _|__
__|_  G        R   R    I     D    D    _|__
__|_  G  GG    RRRR     I     D    D    _|__
__|_  G   G    R  R     I     D   D     _|__
__|_   GGGG    R   R   III    DDDD      _|__
__|_                                    _|__
__|__|__|__|__|__|__|__|__|__|__|__|__|__|__
__|__|__|__|__|__|__|__|__|__|__|__|__|__|__
  |  |  |  |  |  |  |  |  |  |  |  |  |  |  


Copyright (C) 2015 Peter Boyle, Azusa Yamaguchi, Guido Cossu, Antonin Portelli and other authors

This program is free software; you can redistribute it and/or modify
it under the terms of the GNU General Public License as published by
the Free Software Foundation; either version 2 of the License, or
(at your option) any later version.

This program is distributed in the hope that it will be useful,
but WITHOUT ANY WARRANTY; without even the implied warranty of
MERCHANTABILITY or FITNESS FOR A PARTICULAR PURPOSE.  See the
GNU General Public License for more details.
Current Grid git commit hash=82d411ca7bb8ec4a5b5c3815df23674cfd291070: (HEAD -> develop, origin/develop, origin/HEAD) clean

Grid : Message : ================================================ 
Grid : Message : MPI is initialised and logging filters activated 
Grid : Message : ================================================ 
Grid : Message : This rank is running on host genoahost104.sdcc.bnl.local at local time 2026-02-27 14:01:24
Grid : Message : Requested 17179869184 byte stencil comms buffers 
Grid : Message : MemoryManager::Init() setting up
Grid : Message : MemoryManager::Init() cache pool for recent host   allocations: SMALL 8 LARGE 2 HUGE 0
Grid : Message : MemoryManager::Init() cache pool for recent device allocations: SMALL 16 LARGE 8 Huge 0
Grid : Message : MemoryManager::Init() cache pool for recent shared allocations: SMALL 16 LARGE 8 Huge 0
Grid : Message : MemoryManager::Init() Unified memory space
Example_spec_kryschur: ../../Grid/util/Init.cc:235: void Grid::GridParseLayout(char**, int, Grid::Coordinate&, Grid::Coordinate&): Assertion `latt.size()==nd' failed.
[genoahost104:634565] *** Process received signal ***
[genoahost104:634565] Signal: Aborted (6)
[genoahost104:634565] Signal code:  (-6)
[genoahost104:634565] [ 0] /lib64/libc.so.6(+0x3fc30)[0x14766a03fc30]
[genoahost104:634565] [ 1] /lib64/libc.so.6(+0x8d02c)[0x14766a08d02c]
[genoahost104:634565] [ 2] /lib64/libc.so.6(raise+0x16)[0x14766a03fb86]
[genoahost104:634565] [ 3] /lib64/libc.so.6(abort+0xd3)[0x14766a029873]
[genoahost104:634565] [ 4] /lib64/libc.so.6(+0x2979b)[0x14766a02979b]
[genoahost104:634565] [ 5] /lib64/libc.so.6(+0x388c6)[0x14766a0388c6]
[genoahost104:634565] [ 6] /direct/sdcc+u/poare/Grid/build/examples/./Example_spec_kryschur[0x4c0ac6]
[genoahost104:634565] [ 7] /direct/sdcc+u/poare/Grid/build/examples/./Example_spec_kryschur[0x4c4b42]
[genoahost104:634565] [ 8] /direct/sdcc+u/poare/Grid/build/examples/./Example_spec_kryschur[0x4115b3]
[genoahost104:634565] [ 9] /lib64/libc.so.6(+0x2a610)[0x14766a02a610]
[genoahost104:634565] [10] /lib64/libc.so.6(__libc_start_main+0x80)[0x14766a02a6c0]
[genoahost104:634565] [11] /direct/sdcc+u/poare/Grid/build/examples/./Example_spec_kryschur[0x4147f5]
[genoahost104:634565] *** End of error message ***

__|__|__|__|__|__|__|__|__|__|__|__|__|__|__
__|__|__|__|__|__|__|__|__|__|__|__|__|__|__
__|_ |  |  |  |  |  |  |  |  |  |  |  | _|__
__|_                                    _|__
__|_   GGGG    RRRR    III    DDDD      _|__
__|_  G        R   R    I     D   D     _|__
__|_  G        R   R    I     D    D    _|__
__|_  G  GG    RRRR     I     D    D    _|__
__|_  G   G    R  R     I     D   D     _|__
__|_   GGGG    R   R   III    DDDD      _|__
__|_                                    _|__
__|__|__|__|__|__|__|__|__|__|__|__|__|__|__
__|__|__|__|__|__|__|__|__|__|__|__|__|__|__
  |  |  |  |  |  |  |  |  |  |  |  |  |  |  


Copyright (C) 2015 Peter Boyle, Azusa Yamaguchi, Guido Cossu, Antonin Portelli and other authors

This program is free software; you can redistribute it and/or modify
it under the terms of the GNU General Public License as published by
the Free Software Foundation; either version 2 of the License, or
(at your option) any later version.

This program is distributed in the hope that it will be useful,
but WITHOUT ANY WARRANTY; without even the implied warranty of
MERCHANTABILITY or FITNESS FOR A PARTICULAR PURPOSE.  See the
GNU General Public License for more details.
Current Grid git commit hash=82d411ca7bb8ec4a5b5c3815df23674cfd291070: (HEAD -> develop, origin/develop, origin/HEAD) clean

Grid : Message : ================================================ 
Grid : Message : MPI is initialised and logging filters activated 
Grid : Message : ================================================ 
Grid : Message : This rank is running on host genoahost104.sdcc.bnl.local at local time 2026-02-27 14:01:24
Grid : Message : Requested 17179869184 byte stencil comms buffers 
Grid : Message : MemoryManager::Init() setting up
Grid : Message : MemoryManager::Init() cache pool for recent host   allocations: SMALL 8 LARGE 2 HUGE 0
Grid : Message : MemoryManager::Init() cache pool for recent device allocations: SMALL 16 LARGE 8 Huge 0
Grid : Message : MemoryManager::Init() cache pool for recent shared allocations: SMALL 16 LARGE 8 Huge 0
Grid : Message : MemoryManager::Init() Unified memory space
Example_spec_kryschur: ../../Grid/util/Init.cc:235: void Grid::GridParseLayout(char**, int, Grid::Coordinate&, Grid::Coordinate&): Assertion `latt.size()==nd' failed.
[genoahost104:634567] *** Process received signal ***
[genoahost104:634567] Signal: Aborted (6)
[genoahost104:634567] Signal code:  (-6)
[genoahost104:634567] [ 0] /lib64/libc.so.6(+0x3fc30)[0x14d0eca3fc30]
[genoahost104:634567] [ 1] /lib64/libc.so.6(+0x8d02c)[0x14d0eca8d02c]
[genoahost104:634567] [ 2] /lib64/libc.so.6(raise+0x16)[0x14d0eca3fb86]
[genoahost104:634567] [ 3] /lib64/libc.so.6(abort+0xd3)[0x14d0eca29873]
[genoahost104:634567] [ 4] /lib64/libc.so.6(+0x2979b)[0x14d0eca2979b]
[genoahost104:634567] [ 5] /lib64/libc.so.6(+0x388c6)[0x14d0eca388c6]
[genoahost104:634567] [ 6] /direct/sdcc+u/poare/Grid/build/examples/./Example_spec_kryschur[0x4c0ac6]
[genoahost104:634567] [ 7] /direct/sdcc+u/poare/Grid/build/examples/./Example_spec_kryschur[0x4c4b42]
[genoahost104:634567] [ 8] /direct/sdcc+u/poare/Grid/build/examples/./Example_spec_kryschur[0x4115b3]
[genoahost104:634567] [ 9] /lib64/libc.so.6(+0x2a610)[0x14d0eca2a610]
[genoahost104:634567] [10] /lib64/libc.so.6(__libc_start_main+0x80)[0x14d0eca2a6c0]
[genoahost104:634567] [11] /direct/sdcc+u/poare/Grid/build/examples/./Example_spec_kryschur[0x4147f5]
[genoahost104:634567] *** End of error message ***

__|__|__|__|__|__|__|__|__|__|__|__|__|__|__
__|__|__|__|__|__|__|__|__|__|__|__|__|__|__
__|_ |  |  |  |  |  |  |  |  |  |  |  | _|__
__|_                                    _|__
__|_   GGGG    RRRR    III    DDDD      _|__
__|_  G        R   R    I     D   D     _|__
__|_  G        R   R    I     D    D    _|__
__|_  G  GG    RRRR     I     D    D    _|__
__|_  G   G    R  R     I     D   D     _|__
__|_   GGGG    R   R   III    DDDD      _|__
__|_                                    _|__
__|__|__|__|__|__|__|__|__|__|__|__|__|__|__
__|__|__|__|__|__|__|__|__|__|__|__|__|__|__
  |  |  |  |  |  |  |  |  |  |  |  |  |  |  


Copyright (C) 2015 Peter Boyle, Azusa Yamaguchi, Guido Cossu, Antonin Portelli and other authors

This program is free software; you can redistribute it and/or modify
it under the terms of the GNU General Public License as published by
the Free Software Foundation; either version 2 of the License, or
(at your option) any later version.

This program is distributed in the hope that it will be useful,
but WITHOUT ANY WARRANTY; without even the implied warranty of
MERCHANTABILITY or FITNESS FOR A PARTICULAR PURPOSE.  See the
GNU General Public License for more details.
Current Grid git commit hash=82d411ca7bb8ec4a5b5c3815df23674cfd291070: (HEAD -> develop, origin/develop, origin/HEAD) clean

Grid : Message : ================================================ 
Grid : Message : MPI is initialised and logging filters activated 
Grid : Message : ================================================ 
Grid : Message : This rank is running on host genoahost104.sdcc.bnl.local at local time 2026-02-27 14:01:25
Grid : Message : Requested 17179869184 byte stencil comms buffers 
Grid : Message : MemoryManager::Init() setting up
Grid : Message : MemoryManager::Init() cache pool for recent host   allocations: SMALL 8 LARGE 2 HUGE 0
Grid : Message : MemoryManager::Init() cache pool for recent device allocations: SMALL 16 LARGE 8 Huge 0
Grid : Message : MemoryManager::Init() cache pool for recent shared allocations: SMALL 16 LARGE 8 Huge 0
Grid : Message : MemoryManager::Init() Unified memory space
Example_spec_kryschur: ../../Grid/util/Init.cc:235: void Grid::GridParseLayout(char**, int, Grid::Coordinate&, Grid::Coordinate&): Assertion `latt.size()==nd' failed.
[genoahost104:634559] *** Process received signal ***
[genoahost104:634559] Signal: Aborted (6)
[genoahost104:634559] Signal code:  (-6)
[genoahost104:634559] [ 0] /lib64/libc.so.6(+0x3fc30)[0x1537dfe3fc30]
[genoahost104:634559] [ 1] /lib64/libc.so.6(+0x8d02c)[0x1537dfe8d02c]
[genoahost104:634559] [ 2] /lib64/libc.so.6(raise+0x16)[0x1537dfe3fb86]
[genoahost104:634559] [ 3] /lib64/libc.so.6(abort+0xd3)[0x1537dfe29873]
[genoahost104:634559] [ 4] /lib64/libc.so.6(+0x2979b)[0x1537dfe2979b]
[genoahost104:634559] [ 5] /lib64/libc.so.6(+0x388c6)[0x1537dfe388c6]
[genoahost104:634559] [ 6] /direct/sdcc+u/poare/Grid/build/examples/./Example_spec_kryschur[0x4c0ac6]
[genoahost104:634559] [ 7] /direct/sdcc+u/poare/Grid/build/examples/./Example_spec_kryschur[0x4c4b42]
[genoahost104:634559] [ 8] /direct/sdcc+u/poare/Grid/build/examples/./Example_spec_kryschur[0x4115b3]
[genoahost104:634559] [ 9] /lib64/libc.so.6(+0x2a610)[0x1537dfe2a610]
[genoahost104:634559] [10] /lib64/libc.so.6(__libc_start_main+0x80)[0x1537dfe2a6c0]
[genoahost104:634559] [11] /direct/sdcc+u/poare/Grid/build/examples/./Example_spec_kryschur[0x4147f5]
[genoahost104:634559] *** End of error message ***

__|__|__|__|__|__|__|__|__|__|__|__|__|__|__
__|__|__|__|__|__|__|__|__|__|__|__|__|__|__
__|_ |  |  |  |  |  |  |  |  |  |  |  | _|__
__|_                                    _|__
__|_   GGGG    RRRR    III    DDDD      _|__
__|_  G        R   R    I     D   D     _|__
__|_  G        R   R    I     D    D    _|__
__|_  G  GG    RRRR     I     D    D    _|__
__|_  G   G    R  R     I     D   D     _|__
__|_   GGGG    R   R   III    DDDD      _|__
__|_                                    _|__
__|__|__|__|__|__|__|__|__|__|__|__|__|__|__
__|__|__|__|__|__|__|__|__|__|__|__|__|__|__
  |  |  |  |  |  |  |  |  |  |  |  |  |  |  


Copyright (C) 2015 Peter Boyle, Azusa Yamaguchi, Guido Cossu, Antonin Portelli and other authors

This program is free software; you can redistribute it and/or modify
it under the terms of the GNU General Public License as published by
the Free Software Foundation; either version 2 of the License, or
(at your option) any later version.

This program is distributed in the hope that it will be useful,
but WITHOUT ANY WARRANTY; without even the implied warranty of
MERCHANTABILITY or FITNESS FOR A PARTICULAR PURPOSE.  See the
GNU General Public License for more details.
Current Grid git commit hash=82d411ca7bb8ec4a5b5c3815df23674cfd291070: (HEAD -> develop, origin/develop, origin/HEAD) clean

Grid : Message : ================================================ 
Grid : Message : MPI is initialised and logging filters activated 
Grid : Message : ================================================ 
Grid : Message : This rank is running on host genoahost104.sdcc.bnl.local at local time 2026-02-27 14:01:25
Grid : Message : Requested 17179869184 byte stencil comms buffers 
Grid : Message : MemoryManager::Init() setting up
Grid : Message : MemoryManager::Init() cache pool for recent host   allocations: SMALL 8 LARGE 2 HUGE 0
Grid : Message : MemoryManager::Init() cache pool for recent device allocations: SMALL 16 LARGE 8 Huge 0
Grid : Message : MemoryManager::Init() cache pool for recent shared allocations: SMALL 16 LARGE 8 Huge 0
Grid : Message : MemoryManager::Init() Unified memory space
Example_spec_kryschur: ../../Grid/util/Init.cc:235: void Grid::GridParseLayout(char**, int, Grid::Coordinate&, Grid::Coordinate&): Assertion `latt.size()==nd' failed.
[genoahost104:634554] *** Process received signal ***
[genoahost104:634554] Signal: Aborted (6)
[genoahost104:634554] Signal code:  (-6)
[genoahost104:634554] [ 0] /lib64/libc.so.6(+0x3fc30)[0x1495fd23fc30]
[genoahost104:634554] [ 1] /lib64/libc.so.6(+0x8d02c)[0x1495fd28d02c]
[genoahost104:634554] [ 2] /lib64/libc.so.6(raise+0x16)[0x1495fd23fb86]
[genoahost104:634554] [ 3] /lib64/libc.so.6(abort+0xd3)[0x1495fd229873]
[genoahost104:634554] [ 4] /lib64/libc.so.6(+0x2979b)[0x1495fd22979b]
[genoahost104:634554] [ 5] /lib64/libc.so.6(+0x388c6)[0x1495fd2388c6]
[genoahost104:634554] [ 6] /direct/sdcc+u/poare/Grid/build/examples/./Example_spec_kryschur[0x4c0ac6]
[genoahost104:634554] [ 7] /direct/sdcc+u/poare/Grid/build/examples/./Example_spec_kryschur[0x4c4b42]
[genoahost104:634554] [ 8] /direct/sdcc+u/poare/Grid/build/examples/./Example_spec_kryschur[0x4115b3]
[genoahost104:634554] [ 9] /lib64/libc.so.6(+0x2a610)[0x1495fd22a610]
[genoahost104:634554] [10] /lib64/libc.so.6(__libc_start_main+0x80)[0x1495fd22a6c0]
[genoahost104:634554] [11] /direct/sdcc+u/poare/Grid/build/examples/./Example_spec_kryschur[0x4147f5]
[genoahost104:634554] *** End of error message ***

__|__|__|__|__|__|__|__|__|__|__|__|__|__|__
__|__|__|__|__|__|__|__|__|__|__|__|__|__|__
__|_ |  |  |  |  |  |  |  |  |  |  |  | _|__
__|_                                    _|__
__|_   GGGG    RRRR    III    DDDD      _|__
__|_  G        R   R    I     D   D     _|__
__|_  G        R   R    I     D    D    _|__
__|_  G  GG    RRRR     I     D    D    _|__
__|_  G   G    R  R     I     D   D     _|__
__|_   GGGG    R   R   III    DDDD      _|__
__|_                                    _|__
__|__|__|__|__|__|__|__|__|__|__|__|__|__|__
__|__|__|__|__|__|__|__|__|__|__|__|__|__|__
  |  |  |  |  |  |  |  |  |  |  |  |  |  |  


Copyright (C) 2015 Peter Boyle, Azusa Yamaguchi, Guido Cossu, Antonin Portelli and other authors

This program is free software; you can redistribute it and/or modify
it under the terms of the GNU General Public License as published by
the Free Software Foundation; either version 2 of the License, or
(at your option) any later version.

This program is distributed in the hope that it will be useful,
but WITHOUT ANY WARRANTY; without even the implied warranty of
MERCHANTABILITY or FITNESS FOR A PARTICULAR PURPOSE.  See the
GNU General Public License for more details.
Current Grid git commit hash=82d411ca7bb8ec4a5b5c3815df23674cfd291070: (HEAD -> develop, origin/develop, origin/HEAD) clean

Grid : Message : ================================================ 
Grid : Message : MPI is initialised and logging filters activated 
Grid : Message : ================================================ 
Grid : Message : This rank is running on host genoahost104.sdcc.bnl.local at local time 2026-02-27 14:01:25
Grid : Message : Requested 17179869184 byte stencil comms buffers 
Grid : Message : MemoryManager::Init() setting up
Grid : Message : MemoryManager::Init() cache pool for recent host   allocations: SMALL 8 LARGE 2 HUGE 0
Grid : Message : MemoryManager::Init() cache pool for recent device allocations: SMALL 16 LARGE 8 Huge 0
Grid : Message : MemoryManager::Init() cache pool for recent shared allocations: SMALL 16 LARGE 8 Huge 0
Grid : Message : MemoryManager::Init() Unified memory space
Example_spec_kryschur: ../../Grid/util/Init.cc:235: void Grid::GridParseLayout(char**, int, Grid::Coordinate&, Grid::Coordinate&): Assertion `latt.size()==nd' failed.
[genoahost104:634556] *** Process received signal ***
[genoahost104:634556] Signal: Aborted (6)
[genoahost104:634556] Signal code:  (-6)
[genoahost104:634556] [ 0] /lib64/libc.so.6(+0x3fc30)[0x15235dc3fc30]
[genoahost104:634556] [ 1] /lib64/libc.so.6(+0x8d02c)[0x15235dc8d02c]
[genoahost104:634556] [ 2] /lib64/libc.so.6(raise+0x16)[0x15235dc3fb86]
[genoahost104:634556] [ 3] /lib64/libc.so.6(abort+0xd3)[0x15235dc29873]
[genoahost104:634556] [ 4] /lib64/libc.so.6(+0x2979b)[0x15235dc2979b]
[genoahost104:634556] [ 5] /lib64/libc.so.6(+0x388c6)[0x15235dc388c6]
[genoahost104:634556] [ 6] /direct/sdcc+u/poare/Grid/build/examples/./Example_spec_kryschur[0x4c0ac6]
[genoahost104:634556] [ 7] /direct/sdcc+u/poare/Grid/build/examples/./Example_spec_kryschur[0x4c4b42]
[genoahost104:634556] [ 8] /direct/sdcc+u/poare/Grid/build/examples/./Example_spec_kryschur[0x4115b3]
[genoahost104:634556] [ 9] /lib64/libc.so.6(+0x2a610)[0x15235dc2a610]
[genoahost104:634556] [10] /lib64/libc.so.6(__libc_start_main+0x80)[0x15235dc2a6c0]
[genoahost104:634556] [11] /direct/sdcc+u/poare/Grid/build/examples/./Example_spec_kryschur[0x4147f5]
[genoahost104:634556] *** End of error message ***
srun: error: genoahost099: task 43: Aborted (core dumped)
srun: error: genoahost104: tasks 116-117: Aborted (core dumped)

__|__|__|__|__|__|__|__|__|__|__|__|__|__|__
__|__|__|__|__|__|__|__|__|__|__|__|__|__|__
__|_ |  |  |  |  |  |  |  |  |  |  |  | _|__
__|_                                    _|__
__|_   GGGG    RRRR    III    DDDD      _|__
__|_  G        R   R    I     D   D     _|__
__|_  G        R   R    I     D    D    _|__
__|_  G  GG    RRRR     I     D    D    _|__
__|_  G   G    R  R     I     D   D     _|__
__|_   GGGG    R   R   III    DDDD      _|__
__|_                                    _|__
__|__|__|__|__|__|__|__|__|__|__|__|__|__|__
__|__|__|__|__|__|__|__|__|__|__|__|__|__|__
  |  |  |  |  |  |  |  |  |  |  |  |  |  |  


Copyright (C) 2015 Peter Boyle, Azusa Yamaguchi, Guido Cossu, Antonin Portelli and other authors

This program is free software; you can redistribute it and/or modify
it under the terms of the GNU General Public License as published by
the Free Software Foundation; either version 2 of the License, or
(at your option) any later version.

This program is distributed in the hope that it will be useful,
but WITHOUT ANY WARRANTY; without even the implied warranty of
MERCHANTABILITY or FITNESS FOR A PARTICULAR PURPOSE.  See the
GNU General Public License for more details.
Current Grid git commit hash=82d411ca7bb8ec4a5b5c3815df23674cfd291070: (HEAD -> develop, origin/develop, origin/HEAD) clean

Grid : Message : ================================================ 
Grid : Message : MPI is initialised and logging filters activated 
Grid : Message : ================================================ 
Grid : Message : This rank is running on host genoahost101.sdcc.bnl.local at local time 2026-02-27 14:01:27
Grid : Message : Requested 17179869184 byte stencil comms buffers 
Grid : Message : MemoryManager::Init() setting up
Grid : Message : MemoryManager::Init() cache pool for recent host   allocations: SMALL 8 LARGE 2 HUGE 0
Grid : Message : MemoryManager::Init() cache pool for recent device allocations: SMALL 16 LARGE 8 Huge 0
Grid : Message : MemoryManager::Init() cache pool for recent shared allocations: SMALL 16 LARGE 8 Huge 0
Grid : Message : MemoryManager::Init() Unified memory space
Example_spec_kryschur: ../../Grid/util/Init.cc:235: void Grid::GridParseLayout(char**, int, Grid::Coordinate&, Grid::Coordinate&): Assertion `latt.size()==nd' failed.
[genoahost101:1152010] *** Process received signal ***
[genoahost101:1152010] Signal: Aborted (6)
[genoahost101:1152010] Signal code:  (-6)
[genoahost101:1152010] [ 0] /lib64/libc.so.6(+0x3fc30)[0x14823263fc30]
[genoahost101:1152010] [ 1] /lib64/libc.so.6(+0x8d02c)[0x14823268d02c]
[genoahost101:1152010] [ 2] /lib64/libc.so.6(raise+0x16)[0x14823263fb86]
[genoahost101:1152010] [ 3] /lib64/libc.so.6(abort+0xd3)[0x148232629873]
[genoahost101:1152010] [ 4] /lib64/libc.so.6(+0x2979b)[0x14823262979b]
[genoahost101:1152010] [ 5] /lib64/libc.so.6(+0x388c6)[0x1482326388c6]
[genoahost101:1152010] [ 6] /direct/sdcc+u/poare/Grid/build/examples/./Example_spec_kryschur[0x4c0ac6]
[genoahost101:1152010] [ 7] /direct/sdcc+u/poare/Grid/build/examples/./Example_spec_kryschur[0x4c4b42]
[genoahost101:1152010] [ 8] /direct/sdcc+u/poare/Grid/build/examples/./Example_spec_kryschur[0x4115b3]
[genoahost101:1152010] [ 9] /lib64/libc.so.6(+0x2a610)[0x14823262a610]
[genoahost101:1152010] [10] /lib64/libc.so.6(__libc_start_main+0x80)[0x14823262a6c0]
[genoahost101:1152010] [11] /direct/sdcc+u/poare/Grid/build/examples/./Example_spec_kryschur[0x4147f5]
[genoahost101:1152010] *** End of error message ***
srun: error: genoahost104: task 121: Aborted (core dumped)

__|__|__|__|__|__|__|__|__|__|__|__|__|__|__
__|__|__|__|__|__|__|__|__|__|__|__|__|__|__
__|_ |  |  |  |  |  |  |  |  |  |  |  | _|__
__|_                                    _|__
__|_   GGGG    RRRR    III    DDDD      _|__
__|_  G        R   R    I     D   D     _|__
__|_  G        R   R    I     D    D    _|__
__|_  G  GG    RRRR     I     D    D    _|__
__|_  G   G    R  R     I     D   D     _|__
__|_   GGGG    R   R   III    DDDD      _|__
__|_                                    _|__
__|__|__|__|__|__|__|__|__|__|__|__|__|__|__
__|__|__|__|__|__|__|__|__|__|__|__|__|__|__
  |  |  |  |  |  |  |  |  |  |  |  |  |  |  


Copyright (C) 2015 Peter Boyle, Azusa Yamaguchi, Guido Cossu, Antonin Portelli and other authors

This program is free software; you can redistribute it and/or modify
it under the terms of the GNU General Public License as published by
the Free Software Foundation; either version 2 of the License, or
(at your option) any later version.

This program is distributed in the hope that it will be useful,
but WITHOUT ANY WARRANTY; without even the implied warranty of
MERCHANTABILITY or FITNESS FOR A PARTICULAR PURPOSE.  See the
GNU General Public License for more details.
Current Grid git commit hash=82d411ca7bb8ec4a5b5c3815df23674cfd291070: (HEAD -> develop, origin/develop, origin/HEAD) clean

Grid : Message : ================================================ 
Grid : Message : MPI is initialised and logging filters activated 
Grid : Message : ================================================ 
Grid : Message : This rank is running on host genoahost101.sdcc.bnl.local at local time 2026-02-27 14:01:27
Grid : Message : Requested 17179869184 byte stencil comms buffers 
Grid : Message : MemoryManager::Init() setting up
Grid : Message : MemoryManager::Init() cache pool for recent host   allocations: SMALL 8 LARGE 2 HUGE 0
Grid : Message : MemoryManager::Init() cache pool for recent device allocations: SMALL 16 LARGE 8 Huge 0
Grid : Message : MemoryManager::Init() cache pool for recent shared allocations: SMALL 16 LARGE 8 Huge 0
Grid : Message : MemoryManager::Init() Unified memory space
Example_spec_kryschur: ../../Grid/util/Init.cc:235: void Grid::GridParseLayout(char**, int, Grid::Coordinate&, Grid::Coordinate&): Assertion `latt.size()==nd' failed.
[genoahost101:1152013] *** Process received signal ***
[genoahost101:1152013] Signal: Aborted (6)
[genoahost101:1152013] Signal code:  (-6)
[genoahost101:1152013] [ 0] /lib64/libc.so.6(+0x3fc30)[0x14fe8fc3fc30]
[genoahost101:1152013] [ 1] /lib64/libc.so.6(+0x8d02c)[0x14fe8fc8d02c]
[genoahost101:1152013] [ 2] /lib64/libc.so.6(raise+0x16)[0x14fe8fc3fb86]
[genoahost101:1152013] [ 3] /lib64/libc.so.6(abort+0xd3)[0x14fe8fc29873]
[genoahost101:1152013] [ 4] /lib64/libc.so.6(+0x2979b)[0x14fe8fc2979b]
[genoahost101:1152013] [ 5] /lib64/libc.so.6(+0x388c6)[0x14fe8fc388c6]
[genoahost101:1152013] [ 6] /direct/sdcc+u/poare/Grid/build/examples/./Example_spec_kryschur[0x4c0ac6]
[genoahost101:1152013] [ 7] /direct/sdcc+u/poare/Grid/build/examples/./Example_spec_kryschur[0x4c4b42]
[genoahost101:1152013] [ 8] /direct/sdcc+u/poare/Grid/build/examples/./Example_spec_kryschur[0x4115b3]
[genoahost101:1152013] [ 9] /lib64/libc.so.6(+0x2a610)[0x14fe8fc2a610]
[genoahost101:1152013] [10] /lib64/libc.so.6(__libc_start_main+0x80)[0x14fe8fc2a6c0]
[genoahost101:1152013] [11] /direct/sdcc+u/poare/Grid/build/examples/./Example_spec_kryschur[0x4147f5]
[genoahost101:1152013] *** End of error message ***

__|__|__|__|__|__|__|__|__|__|__|__|__|__|__
__|__|__|__|__|__|__|__|__|__|__|__|__|__|__
__|_ |  |  |  |  |  |  |  |  |  |  |  | _|__
__|_                                    _|__
__|_   GGGG    RRRR    III    DDDD      _|__
__|_  G        R   R    I     D   D     _|__
__|_  G        R   R    I     D    D    _|__
__|_  G  GG    RRRR     I     D    D    _|__
__|_  G   G    R  R     I     D   D     _|__
__|_   GGGG    R   R   III    DDDD      _|__
__|_                                    _|__
__|__|__|__|__|__|__|__|__|__|__|__|__|__|__
__|__|__|__|__|__|__|__|__|__|__|__|__|__|__
  |  |  |  |  |  |  |  |  |  |  |  |  |  |  


Copyright (C) 2015 Peter Boyle, Azusa Yamaguchi, Guido Cossu, Antonin Portelli and other authors

This program is free software; you can redistribute it and/or modify
it under the terms of the GNU General Public License as published by
the Free Software Foundation; either version 2 of the License, or
(at your option) any later version.

This program is distributed in the hope that it will be useful,
but WITHOUT ANY WARRANTY; without even the implied warranty of
MERCHANTABILITY or FITNESS FOR A PARTICULAR PURPOSE.  See the
GNU General Public License for more details.
Current Grid git commit hash=82d411ca7bb8ec4a5b5c3815df23674cfd291070: (HEAD -> develop, origin/develop, origin/HEAD) clean

Grid : Message : ================================================ 
Grid : Message : MPI is initialised and logging filters activated 
Grid : Message : ================================================ 
Grid : Message : This rank is running on host genoahost101.sdcc.bnl.local at local time 2026-02-27 14:01:27
Grid : Message : Requested 17179869184 byte stencil comms buffers 
Grid : Message : MemoryManager::Init() setting up
Grid : Message : MemoryManager::Init() cache pool for recent host   allocations: SMALL 8 LARGE 2 HUGE 0
Grid : Message : MemoryManager::Init() cache pool for recent device allocations: SMALL 16 LARGE 8 Huge 0
Grid : Message : MemoryManager::Init() cache pool for recent shared allocations: SMALL 16 LARGE 8 Huge 0
Grid : Message : MemoryManager::Init() Unified memory space
Example_spec_kryschur: ../../Grid/util/Init.cc:235: void Grid::GridParseLayout(char**, int, Grid::Coordinate&, Grid::Coordinate&): Assertion `latt.size()==nd' failed.
[genoahost101:1152025] *** Process received signal ***
[genoahost101:1152025] Signal: Aborted (6)
[genoahost101:1152025] Signal code:  (-6)
[genoahost101:1152025] [ 0] /lib64/libc.so.6(+0x3fc30)[0x1525cba3fc30]
[genoahost101:1152025] [ 1] /lib64/libc.so.6(+0x8d02c)[0x1525cba8d02c]
[genoahost101:1152025] [ 2] /lib64/libc.so.6(raise+0x16)[0x1525cba3fb86]
[genoahost101:1152025] [ 3] /lib64/libc.so.6(abort+0xd3)[0x1525cba29873]
[genoahost101:1152025] [ 4] /lib64/libc.so.6(+0x2979b)[0x1525cba2979b]
[genoahost101:1152025] [ 5] /lib64/libc.so.6(+0x388c6)[0x1525cba388c6]
[genoahost101:1152025] [ 6] /direct/sdcc+u/poare/Grid/build/examples/./Example_spec_kryschur[0x4c0ac6]
[genoahost101:1152025] [ 7] /direct/sdcc+u/poare/Grid/build/examples/./Example_spec_kryschur[0x4c4b42]
[genoahost101:1152025] [ 8] /direct/sdcc+u/poare/Grid/build/examples/./Example_spec_kryschur[0x4115b3]
[genoahost101:1152025] [ 9] /lib64/libc.so.6(+0x2a610)[0x1525cba2a610]
[genoahost101:1152025] [10] /lib64/libc.so.6(__libc_start_main+0x80)[0x1525cba2a6c0]
[genoahost101:1152025] [11] /direct/sdcc+u/poare/Grid/build/examples/./Example_spec_kryschur[0x4147f5]
[genoahost101:1152025] *** End of error message ***

__|__|__|__|__|__|__|__|__|__|__|__|__|__|__
__|__|__|__|__|__|__|__|__|__|__|__|__|__|__
__|_ |  |  |  |  |  |  |  |  |  |  |  | _|__
__|_                                    _|__
__|_   GGGG    RRRR    III    DDDD      _|__
__|_  G        R   R    I     D   D     _|__
__|_  G        R   R    I     D    D    _|__
__|_  G  GG    RRRR     I     D    D    _|__
__|_  G   G    R  R     I     D   D     _|__
__|_   GGGG    R   R   III    DDDD      _|__
__|_                                    _|__
__|__|__|__|__|__|__|__|__|__|__|__|__|__|__
__|__|__|__|__|__|__|__|__|__|__|__|__|__|__
  |  |  |  |  |  |  |  |  |  |  |  |  |  |  


Copyright (C) 2015 Peter Boyle, Azusa Yamaguchi, Guido Cossu, Antonin Portelli and other authors

This program is free software; you can redistribute it and/or modify
it under the terms of the GNU General Public License as published by
the Free Software Foundation; either version 2 of the License, or
(at your option) any later version.

This program is distributed in the hope that it will be useful,
but WITHOUT ANY WARRANTY; without even the implied warranty of
MERCHANTABILITY or FITNESS FOR A PARTICULAR PURPOSE.  See the
GNU General Public License for more details.
Current Grid git commit hash=82d411ca7bb8ec4a5b5c3815df23674cfd291070: (HEAD -> develop, origin/develop, origin/HEAD) clean

Grid : Message : ================================================ 
Grid : Message : MPI is initialised and logging filters activated 
Grid : Message : ================================================ 
Grid : Message : This rank is running on host genoahost101.sdcc.bnl.local at local time 2026-02-27 14:01:28
Grid : Message : Requested 17179869184 byte stencil comms buffers 
Grid : Message : MemoryManager::Init() setting up
Grid : Message : MemoryManager::Init() cache pool for recent host   allocations: SMALL 8 LARGE 2 HUGE 0
Grid : Message : MemoryManager::Init() cache pool for recent device allocations: SMALL 16 LARGE 8 Huge 0
Grid : Message : MemoryManager::Init() cache pool for recent shared allocations: SMALL 16 LARGE 8 Huge 0
Grid : Message : MemoryManager::Init() Unified memory space
Example_spec_kryschur: ../../Grid/util/Init.cc:235: void Grid::GridParseLayout(char**, int, Grid::Coordinate&, Grid::Coordinate&): Assertion `latt.size()==nd' failed.
[genoahost101:1152024] *** Process received signal ***
[genoahost101:1152024] Signal: Aborted (6)
[genoahost101:1152024] Signal code:  (-6)
[genoahost101:1152024] [ 0] /lib64/libc.so.6(+0x3fc30)[0x15455743fc30]
[genoahost101:1152024] [ 1] /lib64/libc.so.6(+0x8d02c)[0x15455748d02c]
[genoahost101:1152024] [ 2] /lib64/libc.so.6(raise+0x16)[0x15455743fb86]
[genoahost101:1152024] [ 3] /lib64/libc.so.6(abort+0xd3)[0x154557429873]
[genoahost101:1152024] [ 4] /lib64/libc.so.6(+0x2979b)[0x15455742979b]
[genoahost101:1152024] [ 5] /lib64/libc.so.6(+0x388c6)[0x1545574388c6]
[genoahost101:1152024] [ 6] /direct/sdcc+u/poare/Grid/build/examples/./Example_spec_kryschur[0x4c0ac6]
[genoahost101:1152024] [ 7] /direct/sdcc+u/poare/Grid/build/examples/./Example_spec_kryschur[0x4c4b42]
[genoahost101:1152024] [ 8] /direct/sdcc+u/poare/Grid/build/examples/./Example_spec_kryschur[0x4115b3]
[genoahost101:1152024] [ 9] /lib64/libc.so.6(+0x2a610)[0x15455742a610]
[genoahost101:1152024] [10] /lib64/libc.so.6(__libc_start_main+0x80)[0x15455742a6c0]
[genoahost101:1152024] [11] /direct/sdcc+u/poare/Grid/build/examples/./Example_spec_kryschur[0x4147f5]
[genoahost101:1152024] *** End of error message ***
srun: error: genoahost101: task 68: Aborted (core dumped)

__|__|__|__|__|__|__|__|__|__|__|__|__|__|__
__|__|__|__|__|__|__|__|__|__|__|__|__|__|__
__|_ |  |  |  |  |  |  |  |  |  |  |  | _|__
__|_                                    _|__
__|_   GGGG    RRRR    III    DDDD      _|__
__|_  G        R   R    I     D   D     _|__
__|_  G        R   R    I     D    D    _|__
__|_  G  GG    RRRR     I     D    D    _|__
__|_  G   G    R  R     I     D   D     _|__
__|_   GGGG    R   R   III    DDDD      _|__
__|_                                    _|__
__|__|__|__|__|__|__|__|__|__|__|__|__|__|__
__|__|__|__|__|__|__|__|__|__|__|__|__|__|__
  |  |  |  |  |  |  |  |  |  |  |  |  |  |  


Copyright (C) 2015 Peter Boyle, Azusa Yamaguchi, Guido Cossu, Antonin Portelli and other authors

This program is free software; you can redistribute it and/or modify
it under the terms of the GNU General Public License as published by
the Free Software Foundation; either version 2 of the License, or
(at your option) any later version.

This program is distributed in the hope that it will be useful,
but WITHOUT ANY WARRANTY; without even the implied warranty of
MERCHANTABILITY or FITNESS FOR A PARTICULAR PURPOSE.  See the
GNU General Public License for more details.
Current Grid git commit hash=82d411ca7bb8ec4a5b5c3815df23674cfd291070: (HEAD -> develop, origin/develop, origin/HEAD) clean

Grid : Message : ================================================ 
Grid : Message : MPI is initialised and logging filters activated 
Grid : Message : ================================================ 
Grid : Message : This rank is running on host genoahost099.sdcc.bnl.local at local time 2026-02-27 14:01:29
Grid : Message : Requested 17179869184 byte stencil comms buffers 
Grid : Message : MemoryManager::Init() setting up
Grid : Message : MemoryManager::Init() cache pool for recent host   allocations: SMALL 8 LARGE 2 HUGE 0
Grid : Message : MemoryManager::Init() cache pool for recent device allocations: SMALL 16 LARGE 8 Huge 0
Grid : Message : MemoryManager::Init() cache pool for recent shared allocations: SMALL 16 LARGE 8 Huge 0
Grid : Message : MemoryManager::Init() Unified memory space
Example_spec_kryschur: ../../Grid/util/Init.cc:235: void Grid::GridParseLayout(char**, int, Grid::Coordinate&, Grid::Coordinate&): Assertion `latt.size()==nd' failed.
[genoahost099:1615653] *** Process received signal ***
[genoahost099:1615653] Signal: Aborted (6)
[genoahost099:1615653] Signal code:  (-6)
[genoahost099:1615653] [ 0] /lib64/libc.so.6(+0x3fc30)[0x14574503fc30]
[genoahost099:1615653] [ 1] /lib64/libc.so.6(+0x8d02c)[0x14574508d02c]
[genoahost099:1615653] [ 2] /lib64/libc.so.6(raise+0x16)[0x14574503fb86]
[genoahost099:1615653] [ 3] /lib64/libc.so.6(abort+0xd3)[0x145745029873]
[genoahost099:1615653] [ 4] /lib64/libc.so.6(+0x2979b)[0x14574502979b]
[genoahost099:1615653] [ 5] /lib64/libc.so.6(+0x388c6)[0x1457450388c6]
[genoahost099:1615653] [ 6] /direct/sdcc+u/poare/Grid/build/examples/./Example_spec_kryschur[0x4c0ac6]
[genoahost099:1615653] [ 7] /direct/sdcc+u/poare/Grid/build/examples/./Example_spec_kryschur[0x4c4b42]
[genoahost099:1615653] [ 8] /direct/sdcc+u/poare/Grid/build/examples/./Example_spec_kryschur[0x4115b3]
[genoahost099:1615653] [ 9] /lib64/libc.so.6(+0x2a610)[0x14574502a610]
[genoahost099:1615653] [10] /lib64/libc.so.6(__libc_start_main+0x80)[0x14574502a6c0]
[genoahost099:1615653] [11] /direct/sdcc+u/poare/Grid/build/examples/./Example_spec_kryschur[0x4147f5]
[genoahost099:1615653] *** End of error message ***

__|__|__|__|__|__|__|__|__|__|__|__|__|__|__
__|__|__|__|__|__|__|__|__|__|__|__|__|__|__
__|_ |  |  |  |  |  |  |  |  |  |  |  | _|__
__|_                                    _|__
__|_   GGGG    RRRR    III    DDDD      _|__
__|_  G        R   R    I     D   D     _|__
__|_  G        R   R    I     D    D    _|__
__|_  G  GG    RRRR     I     D    D    _|__
__|_  G   G    R  R     I     D   D     _|__
__|_   GGGG    R   R   III    DDDD      _|__
__|_                                    _|__
__|__|__|__|__|__|__|__|__|__|__|__|__|__|__
__|__|__|__|__|__|__|__|__|__|__|__|__|__|__
  |  |  |  |  |  |  |  |  |  |  |  |  |  |  


Copyright (C) 2015 Peter Boyle, Azusa Yamaguchi, Guido Cossu, Antonin Portelli and other authors

This program is free software; you can redistribute it and/or modify
it under the terms of the GNU General Public License as published by
the Free Software Foundation; either version 2 of the License, or
(at your option) any later version.

This program is distributed in the hope that it will be useful,
but WITHOUT ANY WARRANTY; without even the implied warranty of
MERCHANTABILITY or FITNESS FOR A PARTICULAR PURPOSE.  See the
GNU General Public License for more details.
Current Grid git commit hash=82d411ca7bb8ec4a5b5c3815df23674cfd291070: (HEAD -> develop, origin/develop, origin/HEAD) clean

Grid : Message : ================================================ 
Grid : Message : MPI is initialised and logging filters activated 
Grid : Message : ================================================ 
Grid : Message : This rank is running on host genoahost099.sdcc.bnl.local at local time 2026-02-27 14:01:30
Grid : Message : Requested 17179869184 byte stencil comms buffers 
Grid : Message : MemoryManager::Init() setting up
Grid : Message : MemoryManager::Init() cache pool for recent host   allocations: SMALL 8 LARGE 2 HUGE 0
Grid : Message : MemoryManager::Init() cache pool for recent device allocations: SMALL 16 LARGE 8 Huge 0
Grid : Message : MemoryManager::Init() cache pool for recent shared allocations: SMALL 16 LARGE 8 Huge 0
Grid : Message : MemoryManager::Init() Unified memory space
Example_spec_kryschur: ../../Grid/util/Init.cc:235: void Grid::GridParseLayout(char**, int, Grid::Coordinate&, Grid::Coordinate&): Assertion `latt.size()==nd' failed.
[genoahost099:1615654] *** Process received signal ***
[genoahost099:1615654] Signal: Aborted (6)
[genoahost099:1615654] Signal code:  (-6)
[genoahost099:1615654] [ 0] /lib64/libc.so.6(+0x3fc30)[0x15022b03fc30]
[genoahost099:1615654] [ 1] /lib64/libc.so.6(+0x8d02c)[0x15022b08d02c]
[genoahost099:1615654] [ 2] /lib64/libc.so.6(raise+0x16)[0x15022b03fb86]
[genoahost099:1615654] [ 3] /lib64/libc.so.6(abort+0xd3)[0x15022b029873]
[genoahost099:1615654] [ 4] /lib64/libc.so.6(+0x2979b)[0x15022b02979b]
[genoahost099:1615654] [ 5] /lib64/libc.so.6(+0x388c6)[0x15022b0388c6]
[genoahost099:1615654] [ 6] /direct/sdcc+u/poare/Grid/build/examples/./Example_spec_kryschur[0x4c0ac6]
[genoahost099:1615654] [ 7] /direct/sdcc+u/poare/Grid/build/examples/./Example_spec_kryschur[0x4c4b42]
[genoahost099:1615654] [ 8] /direct/sdcc+u/poare/Grid/build/examples/./Example_spec_kryschur[0x4115b3]
[genoahost099:1615654] [ 9] /lib64/libc.so.6(+0x2a610)[0x15022b02a610]
[genoahost099:1615654] [10] /lib64/libc.so.6(__libc_start_main+0x80)[0x15022b02a6c0]
[genoahost099:1615654] [11] /direct/sdcc+u/poare/Grid/build/examples/./Example_spec_kryschur[0x4147f5]
[genoahost099:1615654] *** End of error message ***

__|__|__|__|__|__|__|__|__|__|__|__|__|__|__
__|__|__|__|__|__|__|__|__|__|__|__|__|__|__
__|_ |  |  |  |  |  |  |  |  |  |  |  | _|__
__|_                                    _|__
__|_   GGGG    RRRR    III    DDDD      _|__
__|_  G        R   R    I     D   D     _|__
__|_  G        R   R    I     D    D    _|__
__|_  G  GG    RRRR     I     D    D    _|__
__|_  G   G    R  R     I     D   D     _|__
__|_   GGGG    R   R   III    DDDD      _|__
__|_                                    _|__
__|__|__|__|__|__|__|__|__|__|__|__|__|__|__
__|__|__|__|__|__|__|__|__|__|__|__|__|__|__
  |  |  |  |  |  |  |  |  |  |  |  |  |  |  


Copyright (C) 2015 Peter Boyle, Azusa Yamaguchi, Guido Cossu, Antonin Portelli and other authors

This program is free software; you can redistribute it and/or modify
it under the terms of the GNU General Public License as published by
the Free Software Foundation; either version 2 of the License, or
(at your option) any later version.

This program is distributed in the hope that it will be useful,
but WITHOUT ANY WARRANTY; without even the implied warranty of
MERCHANTABILITY or FITNESS FOR A PARTICULAR PURPOSE.  See the
GNU General Public License for more details.
Current Grid git commit hash=82d411ca7bb8ec4a5b5c3815df23674cfd291070: (HEAD -> develop, origin/develop, origin/HEAD) clean

Grid : Message : ================================================ 
Grid : Message : MPI is initialised and logging filters activated 
Grid : Message : ================================================ 
Grid : Message : This rank is running on host genoahost100.sdcc.bnl.local at local time 2026-02-27 14:01:33
Grid : Message : Requested 17179869184 byte stencil comms buffers 
Grid : Message : MemoryManager::Init() setting up
Grid : Message : MemoryManager::Init() cache pool for recent host   allocations: SMALL 8 LARGE 2 HUGE 0
Grid : Message : MemoryManager::Init() cache pool for recent device allocations: SMALL 16 LARGE 8 Huge 0
Grid : Message : MemoryManager::Init() cache pool for recent shared allocations: SMALL 16 LARGE 8 Huge 0
Grid : Message : MemoryManager::Init() Unified memory space
Example_spec_kryschur: ../../Grid/util/Init.cc:235: void Grid::GridParseLayout(char**, int, Grid::Coordinate&, Grid::Coordinate&): Assertion `latt.size()==nd' failed.
[genoahost100:652880] *** Process received signal ***
[genoahost100:652880] Signal: Aborted (6)
[genoahost100:652880] Signal code:  (-6)
[genoahost100:652880] [ 0] /lib64/libc.so.6(+0x3fc30)[0x1458a623fc30]
[genoahost100:652880] [ 1] /lib64/libc.so.6(+0x8d02c)[0x1458a628d02c]
[genoahost100:652880] [ 2] /lib64/libc.so.6(raise+0x16)[0x1458a623fb86]
[genoahost100:652880] [ 3] /lib64/libc.so.6(abort+0xd3)[0x1458a6229873]
[genoahost100:652880] [ 4] /lib64/libc.so.6(+0x2979b)[0x1458a622979b]
[genoahost100:652880] [ 5] /lib64/libc.so.6(+0x388c6)[0x1458a62388c6]
[genoahost100:652880] [ 6] /direct/sdcc+u/poare/Grid/build/examples/./Example_spec_kryschur[0x4c0ac6]
[genoahost100:652880] [ 7] /direct/sdcc+u/poare/Grid/build/examples/./Example_spec_kryschur[0x4c4b42]
[genoahost100:652880] [ 8] /direct/sdcc+u/poare/Grid/build/examples/./Example_spec_kryschur[0x4115b3]
[genoahost100:652880] [ 9] /lib64/libc.so.6(+0x2a610)[0x1458a622a610]
[genoahost100:652880] [10] /lib64/libc.so.6(__libc_start_main+0x80)[0x1458a622a6c0]
[genoahost100:652880] [11] /direct/sdcc+u/poare/Grid/build/examples/./Example_spec_kryschur[0x4147f5]
[genoahost100:652880] *** End of error message ***
srun: error: genoahost100: task 59: Aborted (core dumped)

__|__|__|__|__|__|__|__|__|__|__|__|__|__|__
__|__|__|__|__|__|__|__|__|__|__|__|__|__|__
__|_ |  |  |  |  |  |  |  |  |  |  |  | _|__
__|_                                    _|__
__|_   GGGG    RRRR    III    DDDD      _|__
__|_  G        R   R    I     D   D     _|__
__|_  G        R   R    I     D    D    _|__
__|_  G  GG    RRRR     I     D    D    _|__
__|_  G   G    R  R     I     D   D     _|__
__|_   GGGG    R   R   III    DDDD      _|__
__|_                                    _|__
__|__|__|__|__|__|__|__|__|__|__|__|__|__|__
__|__|__|__|__|__|__|__|__|__|__|__|__|__|__
  |  |  |  |  |  |  |  |  |  |  |  |  |  |  


Copyright (C) 2015 Peter Boyle, Azusa Yamaguchi, Guido Cossu, Antonin Portelli and other authors

This program is free software; you can redistribute it and/or modify
it under the terms of the GNU General Public License as published by
the Free Software Foundation; either version 2 of the License, or
(at your option) any later version.

This program is distributed in the hope that it will be useful,
but WITHOUT ANY WARRANTY; without even the implied warranty of
MERCHANTABILITY or FITNESS FOR A PARTICULAR PURPOSE.  See the
GNU General Public License for more details.
Current Grid git commit hash=82d411ca7bb8ec4a5b5c3815df23674cfd291070: (HEAD -> develop, origin/develop, origin/HEAD) clean

Grid : Message : ================================================ 
Grid : Message : MPI is initialised and logging filters activated 
Grid : Message : ================================================ 
Grid : Message : This rank is running on host genoahost100.sdcc.bnl.local at local time 2026-02-27 14:01:34
Grid : Message : Requested 17179869184 byte stencil comms buffers 
Grid : Message : MemoryManager::Init() setting up
Grid : Message : MemoryManager::Init() cache pool for recent host   allocations: SMALL 8 LARGE 2 HUGE 0
Grid : Message : MemoryManager::Init() cache pool for recent device allocations: SMALL 16 LARGE 8 Huge 0
Grid : Message : MemoryManager::Init() cache pool for recent shared allocations: SMALL 16 LARGE 8 Huge 0
Grid : Message : MemoryManager::Init() Unified memory space
Example_spec_kryschur: ../../Grid/util/Init.cc:235: void Grid::GridParseLayout(char**, int, Grid::Coordinate&, Grid::Coordinate&): Assertion `latt.size()==nd' failed.
[genoahost100:652890] *** Process received signal ***
[genoahost100:652890] Signal: Aborted (6)
[genoahost100:652890] Signal code:  (-6)
[genoahost100:652890] [ 0] /lib64/libc.so.6(+0x3fc30)[0x14fcc843fc30]
[genoahost100:652890] [ 1] /lib64/libc.so.6(+0x8d02c)[0x14fcc848d02c]
[genoahost100:652890] [ 2] /lib64/libc.so.6(raise+0x16)[0x14fcc843fb86]
[genoahost100:652890] [ 3] /lib64/libc.so.6(abort+0xd3)[0x14fcc8429873]
[genoahost100:652890] [ 4] /lib64/libc.so.6(+0x2979b)[0x14fcc842979b]
[genoahost100:652890] [ 5] /lib64/libc.so.6(+0x388c6)[0x14fcc84388c6]
[genoahost100:652890] [ 6] /direct/sdcc+u/poare/Grid/build/examples/./Example_spec_kryschur[0x4c0ac6]
[genoahost100:652890] [ 7] /direct/sdcc+u/poare/Grid/build/examples/./Example_spec_kryschur[0x4c4b42]
[genoahost100:652890] [ 8] /direct/sdcc+u/poare/Grid/build/examples/./Example_spec_kryschur[0x4115b3]
[genoahost100:652890] [ 9] /lib64/libc.so.6(+0x2a610)[0x14fcc842a610]
[genoahost100:652890] [10] /lib64/libc.so.6(__libc_start_main+0x80)[0x14fcc842a6c0]
[genoahost100:652890] [11] /direct/sdcc+u/poare/Grid/build/examples/./Example_spec_kryschur[0x4147f5]
[genoahost100:652890] *** End of error message ***

__|__|__|__|__|__|__|__|__|__|__|__|__|__|__
__|__|__|__|__|__|__|__|__|__|__|__|__|__|__
__|_ |  |  |  |  |  |  |  |  |  |  |  | _|__
__|_                                    _|__
__|_   GGGG    RRRR    III    DDDD      _|__
__|_  G        R   R    I     D   D     _|__
__|_  G        R   R    I     D    D    _|__
__|_  G  GG    RRRR     I     D    D    _|__
__|_  G   G    R  R     I     D   D     _|__
__|_   GGGG    R   R   III    DDDD      _|__
__|_                                    _|__
__|__|__|__|__|__|__|__|__|__|__|__|__|__|__
__|__|__|__|__|__|__|__|__|__|__|__|__|__|__
  |  |  |  |  |  |  |  |  |  |  |  |  |  |  


Copyright (C) 2015 Peter Boyle, Azusa Yamaguchi, Guido Cossu, Antonin Portelli and other authors

This program is free software; you can redistribute it and/or modify
it under the terms of the GNU General Public License as published by
the Free Software Foundation; either version 2 of the License, or
(at your option) any later version.

This program is distributed in the hope that it will be useful,
but WITHOUT ANY WARRANTY; without even the implied warranty of
MERCHANTABILITY or FITNESS FOR A PARTICULAR PURPOSE.  See the
GNU General Public License for more details.
Current Grid git commit hash=82d411ca7bb8ec4a5b5c3815df23674cfd291070: (HEAD -> develop, origin/develop, origin/HEAD) clean

Grid : Message : ================================================ 
Grid : Message : MPI is initialised and logging filters activated 
Grid : Message : ================================================ 
Grid : Message : This rank is running on host genoahost103.sdcc.bnl.local at local time 2026-02-27 14:01:34
Grid : Message : Requested 17179869184 byte stencil comms buffers 
Grid : Message : MemoryManager::Init() setting up
Grid : Message : MemoryManager::Init() cache pool for recent host   allocations: SMALL 8 LARGE 2 HUGE 0
Grid : Message : MemoryManager::Init() cache pool for recent device allocations: SMALL 16 LARGE 8 Huge 0
Grid : Message : MemoryManager::Init() cache pool for recent shared allocations: SMALL 16 LARGE 8 Huge 0
Grid : Message : MemoryManager::Init() Unified memory space
Example_spec_kryschur: ../../Grid/util/Init.cc:235: void Grid::GridParseLayout(char**, int, Grid::Coordinate&, Grid::Coordinate&): Assertion `latt.size()==nd' failed.
[genoahost103:621510] *** Process received signal ***
[genoahost103:621510] Signal: Aborted (6)
[genoahost103:621510] Signal code:  (-6)
[genoahost103:621510] [ 0] /lib64/libc.so.6(+0x3fc30)[0x14c29423fc30]
[genoahost103:621510] [ 1] /lib64/libc.so.6(+0x8d02c)[0x14c29428d02c]
[genoahost103:621510] [ 2] /lib64/libc.so.6(raise+0x16)[0x14c29423fb86]
[genoahost103:621510] [ 3] /lib64/libc.so.6(abort+0xd3)[0x14c294229873]
[genoahost103:621510] [ 4] /lib64/libc.so.6(+0x2979b)[0x14c29422979b]
[genoahost103:621510] [ 5] /lib64/libc.so.6(+0x388c6)[0x14c2942388c6]
[genoahost103:621510] [ 6] /direct/sdcc+u/poare/Grid/build/examples/./Example_spec_kryschur[0x4c0ac6]
[genoahost103:621510] [ 7] /direct/sdcc+u/poare/Grid/build/examples/./Example_spec_kryschur[0x4c4b42]
[genoahost103:621510] [ 8] /direct/sdcc+u/poare/Grid/build/examples/./Example_spec_kryschur[0x4115b3]
[genoahost103:621510] [ 9] /lib64/libc.so.6(+0x2a610)[0x14c29422a610]
[genoahost103:621510] [10] /lib64/libc.so.6(__libc_start_main+0x80)[0x14c29422a6c0]
[genoahost103:621510] [11] /direct/sdcc+u/poare/Grid/build/examples/./Example_spec_kryschur[0x4147f5]
[genoahost103:621510] *** End of error message ***

__|__|__|__|__|__|__|__|__|__|__|__|__|__|__
__|__|__|__|__|__|__|__|__|__|__|__|__|__|__
__|_ |  |  |  |  |  |  |  |  |  |  |  | _|__
__|_                                    _|__
__|_   GGGG    RRRR    III    DDDD      _|__
__|_  G        R   R    I     D   D     _|__
__|_  G        R   R    I     D    D    _|__
__|_  G  GG    RRRR     I     D    D    _|__
__|_  G   G    R  R     I     D   D     _|__
__|_   GGGG    R   R   III    DDDD      _|__
__|_                                    _|__
__|__|__|__|__|__|__|__|__|__|__|__|__|__|__
__|__|__|__|__|__|__|__|__|__|__|__|__|__|__
  |  |  |  |  |  |  |  |  |  |  |  |  |  |  


Copyright (C) 2015 Peter Boyle, Azusa Yamaguchi, Guido Cossu, Antonin Portelli and other authors

This program is free software; you can redistribute it and/or modify
it under the terms of the GNU General Public License as published by
the Free Software Foundation; either version 2 of the License, or
(at your option) any later version.

This program is distributed in the hope that it will be useful,
but WITHOUT ANY WARRANTY; without even the implied warranty of
MERCHANTABILITY or FITNESS FOR A PARTICULAR PURPOSE.  See the
GNU General Public License for more details.
Current Grid git commit hash=82d411ca7bb8ec4a5b5c3815df23674cfd291070: (HEAD -> develop, origin/develop, origin/HEAD) clean

Grid : Message : ================================================ 
Grid : Message : MPI is initialised and logging filters activated 
Grid : Message : ================================================ 
Grid : Message : This rank is running on host genoahost103.sdcc.bnl.local at local time 2026-02-27 14:01:34
Grid : Message : Requested 17179869184 byte stencil comms buffers 
Grid : Message : MemoryManager::Init() setting up
Grid : Message : MemoryManager::Init() cache pool for recent host   allocations: SMALL 8 LARGE 2 HUGE 0
Grid : Message : MemoryManager::Init() cache pool for recent device allocations: SMALL 16 LARGE 8 Huge 0
Grid : Message : MemoryManager::Init() cache pool for recent shared allocations: SMALL 16 LARGE 8 Huge 0
Grid : Message : MemoryManager::Init() Unified memory space
Example_spec_kryschur: ../../Grid/util/Init.cc:235: void Grid::GridParseLayout(char**, int, Grid::Coordinate&, Grid::Coordinate&): Assertion `latt.size()==nd' failed.
[genoahost103:621516] *** Process received signal ***
[genoahost103:621516] Signal: Aborted (6)
[genoahost103:621516] Signal code:  (-6)
[genoahost103:621516] [ 0] /lib64/libc.so.6(+0x3fc30)[0x146d12c3fc30]
[genoahost103:621516] [ 1] /lib64/libc.so.6(+0x8d02c)[0x146d12c8d02c]
[genoahost103:621516] [ 2] /lib64/libc.so.6(raise+0x16)[0x146d12c3fb86]
[genoahost103:621516] [ 3] /lib64/libc.so.6(abort+0xd3)[0x146d12c29873]
[genoahost103:621516] [ 4] /lib64/libc.so.6(+0x2979b)[0x146d12c2979b]
[genoahost103:621516] [ 5] /lib64/libc.so.6(+0x388c6)[0x146d12c388c6]
[genoahost103:621516] [ 6] /direct/sdcc+u/poare/Grid/build/examples/./Example_spec_kryschur[0x4c0ac6]
[genoahost103:621516] [ 7] /direct/sdcc+u/poare/Grid/build/examples/./Example_spec_kryschur[0x4c4b42]
[genoahost103:621516] [ 8] /direct/sdcc+u/poare/Grid/build/examples/./Example_spec_kryschur[0x4115b3]
[genoahost103:621516] [ 9] /lib64/libc.so.6(+0x2a610)[0x146d12c2a610]
[genoahost103:621516] [10] /lib64/libc.so.6(__libc_start_main+0x80)[0x146d12c2a6c0]
[genoahost103:621516] [11] /direct/sdcc+u/poare/Grid/build/examples/./Example_spec_kryschur[0x4147f5]
[genoahost103:621516] *** End of error message ***
srun: error: genoahost100: tasks 51-52,54,61: Aborted (core dumped)

__|__|__|__|__|__|__|__|__|__|__|__|__|__|__
__|__|__|__|__|__|__|__|__|__|__|__|__|__|__
__|_ |  |  |  |  |  |  |  |  |  |  |  | _|__
__|_                                    _|__
__|_   GGGG    RRRR    III    DDDD      _|__
__|_  G        R   R    I     D   D     _|__
__|_  G        R   R    I     D    D    _|__
__|_  G  GG    RRRR     I     D    D    _|__
__|_  G   G    R  R     I     D   D     _|__
__|_   GGGG    R   R   III    DDDD      _|__
__|_                                    _|__
__|__|__|__|__|__|__|__|__|__|__|__|__|__|__
__|__|__|__|__|__|__|__|__|__|__|__|__|__|__
  |  |  |  |  |  |  |  |  |  |  |  |  |  |  


Copyright (C) 2015 Peter Boyle, Azusa Yamaguchi, Guido Cossu, Antonin Portelli and other authors

This program is free software; you can redistribute it and/or modify
it under the terms of the GNU General Public License as published by
the Free Software Foundation; either version 2 of the License, or
(at your option) any later version.

This program is distributed in the hope that it will be useful,
but WITHOUT ANY WARRANTY; without even the implied warranty of
MERCHANTABILITY or FITNESS FOR A PARTICULAR PURPOSE.  See the
GNU General Public License for more details.
Current Grid git commit hash=82d411ca7bb8ec4a5b5c3815df23674cfd291070: (HEAD -> develop, origin/develop, origin/HEAD) clean

Grid : Message : ================================================ 
Grid : Message : MPI is initialised and logging filters activated 
Grid : Message : ================================================ 
Grid : Message : This rank is running on host genoahost097.sdcc.bnl.local at local time 2026-02-27 14:01:39
Grid : Message : Requested 17179869184 byte stencil comms buffers 
Grid : Message : MemoryManager::Init() setting up
Grid : Message : MemoryManager::Init() cache pool for recent host   allocations: SMALL 8 LARGE 2 HUGE 0
Grid : Message : MemoryManager::Init() cache pool for recent device allocations: SMALL 16 LARGE 8 Huge 0
Grid : Message : MemoryManager::Init() cache pool for recent shared allocations: SMALL 16 LARGE 8 Huge 0
Grid : Message : MemoryManager::Init() Unified memory space
Example_spec_kryschur: ../../Grid/util/Init.cc:235: void Grid::GridParseLayout(char**, int, Grid::Coordinate&, Grid::Coordinate&): Assertion `latt.size()==nd' failed.
[genoahost097:1736981] *** Process received signal ***
[genoahost097:1736981] Signal: Aborted (6)
[genoahost097:1736981] Signal code:  (-6)
[genoahost097:1736981] [ 0] /lib64/libc.so.6(+0x3fc30)[0x1504c723fc30]
[genoahost097:1736981] [ 1] /lib64/libc.so.6(+0x8d02c)[0x1504c728d02c]
[genoahost097:1736981] [ 2] /lib64/libc.so.6(raise+0x16)[0x1504c723fb86]
[genoahost097:1736981] [ 3] /lib64/libc.so.6(abort+0xd3)[0x1504c7229873]
[genoahost097:1736981] [ 4] /lib64/libc.so.6(+0x2979b)[0x1504c722979b]
[genoahost097:1736981] [ 5] /lib64/libc.so.6(+0x388c6)[0x1504c72388c6]
[genoahost097:1736981] [ 6] /direct/sdcc+u/poare/Grid/build/examples/./Example_spec_kryschur[0x4c0ac6]
[genoahost097:1736981] [ 7] /direct/sdcc+u/poare/Grid/build/examples/./Example_spec_kryschur[0x4c4b42]
[genoahost097:1736981] [ 8] /direct/sdcc+u/poare/Grid/build/examples/./Example_spec_kryschur[0x4115b3]
[genoahost097:1736981] [ 9] /lib64/libc.so.6(+0x2a610)[0x1504c722a610]
[genoahost097:1736981] [10] /lib64/libc.so.6(__libc_start_main+0x80)[0x1504c722a6c0]
[genoahost097:1736981] [11] /direct/sdcc+u/poare/Grid/build/examples/./Example_spec_kryschur[0x4147f5]
[genoahost097:1736981] *** End of error message ***

__|__|__|__|__|__|__|__|__|__|__|__|__|__|__
__|__|__|__|__|__|__|__|__|__|__|__|__|__|__
__|_ |  |  |  |  |  |  |  |  |  |  |  | _|__
__|_                                    _|__
__|_   GGGG    RRRR    III    DDDD      _|__
__|_  G        R   R    I     D   D     _|__
__|_  G        R   R    I     D    D    _|__
__|_  G  GG    RRRR     I     D    D    _|__
__|_  G   G    R  R     I     D   D     _|__
__|_   GGGG    R   R   III    DDDD      _|__
__|_                                    _|__
__|__|__|__|__|__|__|__|__|__|__|__|__|__|__
__|__|__|__|__|__|__|__|__|__|__|__|__|__|__
  |  |  |  |  |  |  |  |  |  |  |  |  |  |  


Copyright (C) 2015 Peter Boyle, Azusa Yamaguchi, Guido Cossu, Antonin Portelli and other authors

This program is free software; you can redistribute it and/or modify
it under the terms of the GNU General Public License as published by
the Free Software Foundation; either version 2 of the License, or
(at your option) any later version.

This program is distributed in the hope that it will be useful,
but WITHOUT ANY WARRANTY; without even the implied warranty of
MERCHANTABILITY or FITNESS FOR A PARTICULAR PURPOSE.  See the
GNU General Public License for more details.
Current Grid git commit hash=82d411ca7bb8ec4a5b5c3815df23674cfd291070: (HEAD -> develop, origin/develop, origin/HEAD) clean

Grid : Message : ================================================ 
Grid : Message : MPI is initialised and logging filters activated 
Grid : Message : ================================================ 
Grid : Message : This rank is running on host genoahost099.sdcc.bnl.local at local time 2026-02-27 14:01:39
Grid : Message : Requested 17179869184 byte stencil comms buffers 
Grid : Message : MemoryManager::Init() setting up
Grid : Message : MemoryManager::Init() cache pool for recent host   allocations: SMALL 8 LARGE 2 HUGE 0
Grid : Message : MemoryManager::Init() cache pool for recent device allocations: SMALL 16 LARGE 8 Huge 0
Grid : Message : MemoryManager::Init() cache pool for recent shared allocations: SMALL 16 LARGE 8 Huge 0
Grid : Message : MemoryManager::Init() Unified memory space
Example_spec_kryschur: ../../Grid/util/Init.cc:235: void Grid::GridParseLayout(char**, int, Grid::Coordinate&, Grid::Coordinate&): Assertion `latt.size()==nd' failed.
[genoahost099:1615652] *** Process received signal ***
[genoahost099:1615652] Signal: Aborted (6)
[genoahost099:1615652] Signal code:  (-6)
[genoahost099:1615652] [ 0] /lib64/libc.so.6(+0x3fc30)[0x148aebe3fc30]
[genoahost099:1615652] [ 1] /lib64/libc.so.6(+0x8d02c)[0x148aebe8d02c]
[genoahost099:1615652] [ 2] /lib64/libc.so.6(raise+0x16)[0x148aebe3fb86]
[genoahost099:1615652] [ 3] /lib64/libc.so.6(abort+0xd3)[0x148aebe29873]
[genoahost099:1615652] [ 4] /lib64/libc.so.6(+0x2979b)[0x148aebe2979b]
[genoahost099:1615652] [ 5] /lib64/libc.so.6(+0x388c6)[0x148aebe388c6]
[genoahost099:1615652] [ 6] /direct/sdcc+u/poare/Grid/build/examples/./Example_spec_kryschur[0x4c0ac6]
[genoahost099:1615652] [ 7] /direct/sdcc+u/poare/Grid/build/examples/./Example_spec_kryschur[0x4c4b42]
[genoahost099:1615652] [ 8] /direct/sdcc+u/poare/Grid/build/examples/./Example_spec_kryschur[0x4115b3]
[genoahost099:1615652] [ 9] /lib64/libc.so.6(+0x2a610)[0x148aebe2a610]
[genoahost099:1615652] [10] /lib64/libc.so.6(__libc_start_main+0x80)[0x148aebe2a6c0]
[genoahost099:1615652] [11] /direct/sdcc+u/poare/Grid/build/examples/./Example_spec_kryschur[0x4147f5]
[genoahost099:1615652] *** End of error message ***

__|__|__|__|__|__|__|__|__|__|__|__|__|__|__
__|__|__|__|__|__|__|__|__|__|__|__|__|__|__
__|_ |  |  |  |  |  |  |  |  |  |  |  | _|__
__|_                                    _|__
__|_   GGGG    RRRR    III    DDDD      _|__
__|_  G        R   R    I     D   D     _|__
__|_  G        R   R    I     D    D    _|__
__|_  G  GG    RRRR     I     D    D    _|__
__|_  G   G    R  R     I     D   D     _|__
__|_   GGGG    R   R   III    DDDD      _|__
__|_                                    _|__
__|__|__|__|__|__|__|__|__|__|__|__|__|__|__
__|__|__|__|__|__|__|__|__|__|__|__|__|__|__
  |  |  |  |  |  |  |  |  |  |  |  |  |  |  


Copyright (C) 2015 Peter Boyle, Azusa Yamaguchi, Guido Cossu, Antonin Portelli and other authors

This program is free software; you can redistribute it and/or modify
it under the terms of the GNU General Public License as published by
the Free Software Foundation; either version 2 of the License, or
(at your option) any later version.

This program is distributed in the hope that it will be useful,
but WITHOUT ANY WARRANTY; without even the implied warranty of
MERCHANTABILITY or FITNESS FOR A PARTICULAR PURPOSE.  See the
GNU General Public License for more details.
Current Grid git commit hash=82d411ca7bb8ec4a5b5c3815df23674cfd291070: (HEAD -> develop, origin/develop, origin/HEAD) clean

Grid : Message : ================================================ 
Grid : Message : MPI is initialised and logging filters activated 
Grid : Message : ================================================ 
Grid : Message : This rank is running on host genoahost098.sdcc.bnl.local at local time 2026-02-27 14:01:39
Grid : Message : Requested 17179869184 byte stencil comms buffers 
Grid : Message : MemoryManager::Init() setting up
Grid : Message : MemoryManager::Init() cache pool for recent host   allocations: SMALL 8 LARGE 2 HUGE 0
Grid : Message : MemoryManager::Init() cache pool for recent device allocations: SMALL 16 LARGE 8 Huge 0
Grid : Message : MemoryManager::Init() cache pool for recent shared allocations: SMALL 16 LARGE 8 Huge 0
Grid : Message : MemoryManager::Init() Unified memory space
Example_spec_kryschur: ../../Grid/util/Init.cc:235: void Grid::GridParseLayout(char**, int, Grid::Coordinate&, Grid::Coordinate&): Assertion `latt.size()==nd' failed.
[genoahost098:1634377] *** Process received signal ***
[genoahost098:1634377] Signal: Aborted (6)
[genoahost098:1634377] Signal code:  (-6)
[genoahost098:1634377] [ 0] /lib64/libc.so.6(+0x3fc30)[0x14bb1423fc30]
[genoahost098:1634377] [ 1] /lib64/libc.so.6(+0x8d02c)[0x14bb1428d02c]
[genoahost098:1634377] [ 2] /lib64/libc.so.6(raise+0x16)[0x14bb1423fb86]
[genoahost098:1634377] [ 3] /lib64/libc.so.6(abort+0xd3)[0x14bb14229873]
[genoahost098:1634377] [ 4] /lib64/libc.so.6(+0x2979b)[0x14bb1422979b]
[genoahost098:1634377] [ 5] /lib64/libc.so.6(+0x388c6)[0x14bb142388c6]
[genoahost098:1634377] [ 6] /direct/sdcc+u/poare/Grid/build/examples/./Example_spec_kryschur[0x4c0ac6]
[genoahost098:1634377] [ 7] /direct/sdcc+u/poare/Grid/build/examples/./Example_spec_kryschur[0x4c4b42]
[genoahost098:1634377] [ 8] /direct/sdcc+u/poare/Grid/build/examples/./Example_spec_kryschur[0x4115b3]
[genoahost098:1634377] [ 9] /lib64/libc.so.6(+0x2a610)[0x14bb1422a610]
[genoahost098:1634377] [10] /lib64/libc.so.6(__libc_start_main+0x80)[0x14bb1422a6c0]
[genoahost098:1634377] [11] /direct/sdcc+u/poare/Grid/build/examples/./Example_spec_kryschur[0x4147f5]
[genoahost098:1634377] *** End of error message ***

__|__|__|__|__|__|__|__|__|__|__|__|__|__|__
__|__|__|__|__|__|__|__|__|__|__|__|__|__|__
__|_ |  |  |  |  |  |  |  |  |  |  |  | _|__
__|_                                    _|__
__|_   GGGG    RRRR    III    DDDD      _|__
__|_  G        R   R    I     D   D     _|__
__|_  G        R   R    I     D    D    _|__
__|_  G  GG    RRRR     I     D    D    _|__
__|_  G   G    R  R     I     D   D     _|__
__|_   GGGG    R   R   III    DDDD      _|__
__|_                                    _|__
__|__|__|__|__|__|__|__|__|__|__|__|__|__|__
__|__|__|__|__|__|__|__|__|__|__|__|__|__|__
  |  |  |  |  |  |  |  |  |  |  |  |  |  |  


Copyright (C) 2015 Peter Boyle, Azusa Yamaguchi, Guido Cossu, Antonin Portelli and other authors

This program is free software; you can redistribute it and/or modify
it under the terms of the GNU General Public License as published by
the Free Software Foundation; either version 2 of the License, or
(at your option) any later version.

This program is distributed in the hope that it will be useful,
but WITHOUT ANY WARRANTY; without even the implied warranty of
MERCHANTABILITY or FITNESS FOR A PARTICULAR PURPOSE.  See the
GNU General Public License for more details.
Current Grid git commit hash=82d411ca7bb8ec4a5b5c3815df23674cfd291070: (HEAD -> develop, origin/develop, origin/HEAD) clean

Grid : Message : ================================================ 
Grid : Message : MPI is initialised and logging filters activated 
Grid : Message : ================================================ 
Grid : Message : This rank is running on host genoahost097.sdcc.bnl.local at local time 2026-02-27 14:01:39
Grid : Message : Requested 17179869184 byte stencil comms buffers 
Grid : Message : MemoryManager::Init() setting up
Grid : Message : MemoryManager::Init() cache pool for recent host   allocations: SMALL 8 LARGE 2 HUGE 0
Grid : Message : MemoryManager::Init() cache pool for recent device allocations: SMALL 16 LARGE 8 Huge 0
Grid : Message : MemoryManager::Init() cache pool for recent shared allocations: SMALL 16 LARGE 8 Huge 0
Grid : Message : MemoryManager::Init() Unified memory space
Example_spec_kryschur: ../../Grid/util/Init.cc:235: void Grid::GridParseLayout(char**, int, Grid::Coordinate&, Grid::Coordinate&): Assertion `latt.size()==nd' failed.
[genoahost097:1736992] *** Process received signal ***
[genoahost097:1736992] Signal: Aborted (6)
[genoahost097:1736992] Signal code:  (-6)
[genoahost097:1736992] [ 0] /lib64/libc.so.6(+0x3fc30)[0x14dcd383fc30]
[genoahost097:1736992] [ 1] /lib64/libc.so.6(+0x8d02c)[0x14dcd388d02c]
[genoahost097:1736992] [ 2] /lib64/libc.so.6(raise+0x16)[0x14dcd383fb86]
[genoahost097:1736992] [ 3] /lib64/libc.so.6(abort+0xd3)[0x14dcd3829873]
[genoahost097:1736992] [ 4] /lib64/libc.so.6(+0x2979b)[0x14dcd382979b]
[genoahost097:1736992] [ 5] /lib64/libc.so.6(+0x388c6)[0x14dcd38388c6]
[genoahost097:1736992] [ 6] /direct/sdcc+u/poare/Grid/build/examples/./Example_spec_kryschur[0x4c0ac6]
[genoahost097:1736992] [ 7] /direct/sdcc+u/poare/Grid/build/examples/./Example_spec_kryschur[0x4c4b42]
[genoahost097:1736992] [ 8] /direct/sdcc+u/poare/Grid/build/examples/./Example_spec_kryschur[0x4115b3]
[genoahost097:1736992] [ 9] /lib64/libc.so.6(+0x2a610)[0x14dcd382a610]
[genoahost097:1736992] [10] /lib64/libc.so.6(__libc_start_main+0x80)[0x14dcd382a6c0]
[genoahost097:1736992] [11] /direct/sdcc+u/poare/Grid/build/examples/./Example_spec_kryschur[0x4147f5]
[genoahost097:1736992] *** End of error message ***

__|__|__|__|__|__|__|__|__|__|__|__|__|__|__
__|__|__|__|__|__|__|__|__|__|__|__|__|__|__
__|_ |  |  |  |  |  |  |  |  |  |  |  | _|__
__|_                                    _|__
__|_   GGGG    RRRR    III    DDDD      _|__
__|_  G        R   R    I     D   D     _|__
__|_  G        R   R    I     D    D    _|__
__|_  G  GG    RRRR     I     D    D    _|__
__|_  G   G    R  R     I     D   D     _|__
__|_   GGGG    R   R   III    DDDD      _|__
__|_                                    _|__
__|__|__|__|__|__|__|__|__|__|__|__|__|__|__
__|__|__|__|__|__|__|__|__|__|__|__|__|__|__
  |  |  |  |  |  |  |  |  |  |  |  |  |  |  


Copyright (C) 2015 Peter Boyle, Azusa Yamaguchi, Guido Cossu, Antonin Portelli and other authors

This program is free software; you can redistribute it and/or modify
it under the terms of the GNU General Public License as published by
the Free Software Foundation; either version 2 of the License, or
(at your option) any later version.

This program is distributed in the hope that it will be useful,
but WITHOUT ANY WARRANTY; without even the implied warranty of
MERCHANTABILITY or FITNESS FOR A PARTICULAR PURPOSE.  See the
GNU General Public License for more details.
Current Grid git commit hash=82d411ca7bb8ec4a5b5c3815df23674cfd291070: (HEAD -> develop, origin/develop, origin/HEAD) clean

Grid : Message : ================================================ 
Grid : Message : MPI is initialised and logging filters activated 
Grid : Message : ================================================ 
Grid : Message : This rank is running on host genoahost097.sdcc.bnl.local at local time 2026-02-27 14:01:40
Grid : Message : Requested 17179869184 byte stencil comms buffers 
Grid : Message : MemoryManager::Init() setting up
Grid : Message : MemoryManager::Init() cache pool for recent host   allocations: SMALL 8 LARGE 2 HUGE 0
Grid : Message : MemoryManager::Init() cache pool for recent device allocations: SMALL 16 LARGE 8 Huge 0
Grid : Message : MemoryManager::Init() cache pool for recent shared allocations: SMALL 16 LARGE 8 Huge 0
Grid : Message : MemoryManager::Init() Unified memory space
Example_spec_kryschur: ../../Grid/util/Init.cc:235: void Grid::GridParseLayout(char**, int, Grid::Coordinate&, Grid::Coordinate&): Assertion `latt.size()==nd' failed.
[genoahost097:1736985] *** Process received signal ***
[genoahost097:1736985] Signal: Aborted (6)
[genoahost097:1736985] Signal code:  (-6)
[genoahost097:1736985] [ 0] /lib64/libc.so.6(+0x3fc30)[0x148a9463fc30]
[genoahost097:1736985] [ 1] /lib64/libc.so.6(+0x8d02c)[0x148a9468d02c]
[genoahost097:1736985] [ 2] /lib64/libc.so.6(raise+0x16)[0x148a9463fb86]
[genoahost097:1736985] [ 3] /lib64/libc.so.6(abort+0xd3)[0x148a94629873]
[genoahost097:1736985] [ 4] /lib64/libc.so.6(+0x2979b)[0x148a9462979b]
[genoahost097:1736985] [ 5] /lib64/libc.so.6(+0x388c6)[0x148a946388c6]
[genoahost097:1736985] [ 6] /direct/sdcc+u/poare/Grid/build/examples/./Example_spec_kryschur[0x4c0ac6]
[genoahost097:1736985] [ 7] /direct/sdcc+u/poare/Grid/build/examples/./Example_spec_kryschur[0x4c4b42]
[genoahost097:1736985] [ 8] /direct/sdcc+u/poare/Grid/build/examples/./Example_spec_kryschur[0x4115b3]
[genoahost097:1736985] [ 9] /lib64/libc.so.6(+0x2a610)[0x148a9462a610]
[genoahost097:1736985] [10] /lib64/libc.so.6(__libc_start_main+0x80)[0x148a9462a6c0]
[genoahost097:1736985] [11] /direct/sdcc+u/poare/Grid/build/examples/./Example_spec_kryschur[0x4147f5]
[genoahost097:1736985] *** End of error message ***

__|__|__|__|__|__|__|__|__|__|__|__|__|__|__
__|__|__|__|__|__|__|__|__|__|__|__|__|__|__
__|_ |  |  |  |  |  |  |  |  |  |  |  | _|__
__|_                                    _|__
__|_   GGGG    RRRR    III    DDDD      _|__
__|_  G        R   R    I     D   D     _|__
__|_  G        R   R    I     D    D    _|__
__|_  G  GG    RRRR     I     D    D    _|__
__|_  G   G    R  R     I     D   D     _|__
__|_   GGGG    R   R   III    DDDD      _|__
__|_                                    _|__
__|__|__|__|__|__|__|__|__|__|__|__|__|__|__
__|__|__|__|__|__|__|__|__|__|__|__|__|__|__
  |  |  |  |  |  |  |  |  |  |  |  |  |  |  


Copyright (C) 2015 Peter Boyle, Azusa Yamaguchi, Guido Cossu, Antonin Portelli and other authors

This program is free software; you can redistribute it and/or modify
it under the terms of the GNU General Public License as published by
the Free Software Foundation; either version 2 of the License, or
(at your option) any later version.

This program is distributed in the hope that it will be useful,
but WITHOUT ANY WARRANTY; without even the implied warranty of
MERCHANTABILITY or FITNESS FOR A PARTICULAR PURPOSE.  See the
GNU General Public License for more details.
Current Grid git commit hash=82d411ca7bb8ec4a5b5c3815df23674cfd291070: (HEAD -> develop, origin/develop, origin/HEAD) clean

Grid : Message : ================================================ 
Grid : Message : MPI is initialised and logging filters activated 
Grid : Message : ================================================ 
Grid : Message : This rank is running on host genoahost098.sdcc.bnl.local at local time 2026-02-27 14:01:40
Grid : Message : Requested 17179869184 byte stencil comms buffers 
Grid : Message : MemoryManager::Init() setting up
Grid : Message : MemoryManager::Init() cache pool for recent host   allocations: SMALL 8 LARGE 2 HUGE 0
Grid : Message : MemoryManager::Init() cache pool for recent device allocations: SMALL 16 LARGE 8 Huge 0
Grid : Message : MemoryManager::Init() cache pool for recent shared allocations: SMALL 16 LARGE 8 Huge 0
Grid : Message : MemoryManager::Init() Unified memory space
Example_spec_kryschur: ../../Grid/util/Init.cc:235: void Grid::GridParseLayout(char**, int, Grid::Coordinate&, Grid::Coordinate&): Assertion `latt.size()==nd' failed.
[genoahost098:1634384] *** Process received signal ***
[genoahost098:1634384] Signal: Aborted (6)
[genoahost098:1634384] Signal code:  (-6)
[genoahost098:1634384] [ 0] /lib64/libc.so.6(+0x3fc30)[0x148e0563fc30]
[genoahost098:1634384] [ 1] /lib64/libc.so.6(+0x8d02c)[0x148e0568d02c]
[genoahost098:1634384] [ 2] /lib64/libc.so.6(raise+0x16)[0x148e0563fb86]
[genoahost098:1634384] [ 3] /lib64/libc.so.6(abort+0xd3)[0x148e05629873]
[genoahost098:1634384] [ 4] /lib64/libc.so.6(+0x2979b)[0x148e0562979b]
[genoahost098:1634384] [ 5] /lib64/libc.so.6(+0x388c6)[0x148e056388c6]
[genoahost098:1634384] [ 6] /direct/sdcc+u/poare/Grid/build/examples/./Example_spec_kryschur[0x4c0ac6]
[genoahost098:1634384] [ 7] /direct/sdcc+u/poare/Grid/build/examples/./Example_spec_kryschur[0x4c4b42]
[genoahost098:1634384] [ 8] /direct/sdcc+u/poare/Grid/build/examples/./Example_spec_kryschur[0x4115b3]
[genoahost098:1634384] [ 9] /lib64/libc.so.6(+0x2a610)[0x148e0562a610]
[genoahost098:1634384] [10] /lib64/libc.so.6(__libc_start_main+0x80)[0x148e0562a6c0]
[genoahost098:1634384] [11] /direct/sdcc+u/poare/Grid/build/examples/./Example_spec_kryschur[0x4147f5]
[genoahost098:1634384] *** End of error message ***
srun: error: genoahost098: task 20: Aborted (core dumped)
srun: error: genoahost099: task 38: Aborted (core dumped)
srun: error: genoahost099: task 33: Aborted (core dumped)
srun: error: genoahost098: tasks 21,23: Aborted (core dumped)
srun: error: genoahost098: task 29: Aborted (core dumped)
srun: error: genoahost098: tasks 18,22: Aborted (core dumped)
srun: error: genoahost103: task 96: Aborted (core dumped)
srun: error: genoahost103: task 111: Aborted (core dumped)

__|__|__|__|__|__|__|__|__|__|__|__|__|__|__
__|__|__|__|__|__|__|__|__|__|__|__|__|__|__
__|_ |  |  |  |  |  |  |  |  |  |  |  | _|__
__|_                                    _|__
__|_   GGGG    RRRR    III    DDDD      _|__
__|_  G        R   R    I     D   D     _|__
__|_  G        R   R    I     D    D    _|__
__|_  G  GG    RRRR     I     D    D    _|__
__|_  G   G    R  R     I     D   D     _|__
__|_   GGGG    R   R   III    DDDD      _|__
__|_                                    _|__
__|__|__|__|__|__|__|__|__|__|__|__|__|__|__
__|__|__|__|__|__|__|__|__|__|__|__|__|__|__
  |  |  |  |  |  |  |  |  |  |  |  |  |  |  


Copyright (C) 2015 Peter Boyle, Azusa Yamaguchi, Guido Cossu, Antonin Portelli and other authors

This program is free software; you can redistribute it and/or modify
it under the terms of the GNU General Public License as published by
the Free Software Foundation; either version 2 of the License, or
(at your option) any later version.

This program is distributed in the hope that it will be useful,
but WITHOUT ANY WARRANTY; without even the implied warranty of
MERCHANTABILITY or FITNESS FOR A PARTICULAR PURPOSE.  See the
GNU General Public License for more details.
Current Grid git commit hash=82d411ca7bb8ec4a5b5c3815df23674cfd291070: (HEAD -> develop, origin/develop, origin/HEAD) clean

Grid : Message : ================================================ 
Grid : Message : MPI is initialised and logging filters activated 
Grid : Message : ================================================ 
Grid : Message : This rank is running on host genoahost100.sdcc.bnl.local at local time 2026-02-27 14:01:46
Grid : Message : Requested 17179869184 byte stencil comms buffers 
Grid : Message : MemoryManager::Init() setting up
Grid : Message : MemoryManager::Init() cache pool for recent host   allocations: SMALL 8 LARGE 2 HUGE 0
Grid : Message : MemoryManager::Init() cache pool for recent device allocations: SMALL 16 LARGE 8 Huge 0
Grid : Message : MemoryManager::Init() cache pool for recent shared allocations: SMALL 16 LARGE 8 Huge 0
Grid : Message : MemoryManager::Init() Unified memory space
Example_spec_kryschur: ../../Grid/util/Init.cc:235: void Grid::GridParseLayout(char**, int, Grid::Coordinate&, Grid::Coordinate&): Assertion `latt.size()==nd' failed.
[genoahost100:652882] *** Process received signal ***
[genoahost100:652882] Signal: Aborted (6)
[genoahost100:652882] Signal code:  (-6)
[genoahost100:652882] [ 0] /lib64/libc.so.6(+0x3fc30)[0x15218a63fc30]
[genoahost100:652882] [ 1] /lib64/libc.so.6(+0x8d02c)[0x15218a68d02c]
[genoahost100:652882] [ 2] /lib64/libc.so.6(raise+0x16)[0x15218a63fb86]
[genoahost100:652882] [ 3] /lib64/libc.so.6(abort+0xd3)[0x15218a629873]
[genoahost100:652882] [ 4] /lib64/libc.so.6(+0x2979b)[0x15218a62979b]
[genoahost100:652882] [ 5] /lib64/libc.so.6(+0x388c6)[0x15218a6388c6]
[genoahost100:652882] [ 6] /direct/sdcc+u/poare/Grid/build/examples/./Example_spec_kryschur[0x4c0ac6]
[genoahost100:652882] [ 7] /direct/sdcc+u/poare/Grid/build/examples/./Example_spec_kryschur[0x4c4b42]
[genoahost100:652882] [ 8] /direct/sdcc+u/poare/Grid/build/examples/./Example_spec_kryschur[0x4115b3]
[genoahost100:652882] [ 9] /lib64/libc.so.6(+0x2a610)[0x15218a62a610]
[genoahost100:652882] [10] /lib64/libc.so.6(__libc_start_main+0x80)[0x15218a62a6c0]
[genoahost100:652882] [11] /direct/sdcc+u/poare/Grid/build/examples/./Example_spec_kryschur[0x4147f5]
[genoahost100:652882] *** End of error message ***

__|__|__|__|__|__|__|__|__|__|__|__|__|__|__
__|__|__|__|__|__|__|__|__|__|__|__|__|__|__
__|_ |  |  |  |  |  |  |  |  |  |  |  | _|__
__|_                                    _|__
__|_   GGGG    RRRR    III    DDDD      _|__
__|_  G        R   R    I     D   D     _|__
__|_  G        R   R    I     D    D    _|__
__|_  G  GG    RRRR     I     D    D    _|__
__|_  G   G    R  R     I     D   D     _|__
__|_   GGGG    R   R   III    DDDD      _|__
__|_                                    _|__
__|__|__|__|__|__|__|__|__|__|__|__|__|__|__
__|__|__|__|__|__|__|__|__|__|__|__|__|__|__
  |  |  |  |  |  |  |  |  |  |  |  |  |  |  


Copyright (C) 2015 Peter Boyle, Azusa Yamaguchi, Guido Cossu, Antonin Portelli and other authors

This program is free software; you can redistribute it and/or modify
it under the terms of the GNU General Public License as published by
the Free Software Foundation; either version 2 of the License, or
(at your option) any later version.

This program is distributed in the hope that it will be useful,
but WITHOUT ANY WARRANTY; without even the implied warranty of
MERCHANTABILITY or FITNESS FOR A PARTICULAR PURPOSE.  See the
GNU General Public License for more details.
Current Grid git commit hash=82d411ca7bb8ec4a5b5c3815df23674cfd291070: (HEAD -> develop, origin/develop, origin/HEAD) clean

Grid : Message : ================================================ 
Grid : Message : MPI is initialised and logging filters activated 
Grid : Message : ================================================ 
Grid : Message : This rank is running on host genoahost103.sdcc.bnl.local at local time 2026-02-27 14:01:49
Grid : Message : Requested 17179869184 byte stencil comms buffers 
Grid : Message : MemoryManager::Init() setting up
Grid : Message : MemoryManager::Init() cache pool for recent host   allocations: SMALL 8 LARGE 2 HUGE 0
Grid : Message : MemoryManager::Init() cache pool for recent device allocations: SMALL 16 LARGE 8 Huge 0
Grid : Message : MemoryManager::Init() cache pool for recent shared allocations: SMALL 16 LARGE 8 Huge 0
Grid : Message : MemoryManager::Init() Unified memory space
Example_spec_kryschur: ../../Grid/util/Init.cc:235: void Grid::GridParseLayout(char**, int, Grid::Coordinate&, Grid::Coordinate&): Assertion `latt.size()==nd' failed.
[genoahost103:621523] *** Process received signal ***
[genoahost103:621523] Signal: Aborted (6)
[genoahost103:621523] Signal code:  (-6)
[genoahost103:621523] [ 0] /lib64/libc.so.6(+0x3fc30)[0x148cbd23fc30]
[genoahost103:621523] [ 1] /lib64/libc.so.6(+0x8d02c)[0x148cbd28d02c]
[genoahost103:621523] [ 2] /lib64/libc.so.6(raise+0x16)[0x148cbd23fb86]
[genoahost103:621523] [ 3] /lib64/libc.so.6(abort+0xd3)[0x148cbd229873]
[genoahost103:621523] [ 4] /lib64/libc.so.6(+0x2979b)[0x148cbd22979b]
[genoahost103:621523] [ 5] /lib64/libc.so.6(+0x388c6)[0x148cbd2388c6]
[genoahost103:621523] [ 6] /direct/sdcc+u/poare/Grid/build/examples/./Example_spec_kryschur[0x4c0ac6]
[genoahost103:621523] [ 7] /direct/sdcc+u/poare/Grid/build/examples/./Example_spec_kryschur[0x4c4b42]
[genoahost103:621523] [ 8] /direct/sdcc+u/poare/Grid/build/examples/./Example_spec_kryschur[0x4115b3]
[genoahost103:621523] [ 9] /lib64/libc.so.6(+0x2a610)[0x148cbd22a610]
[genoahost103:621523] [10] /lib64/libc.so.6(__libc_start_main+0x80)[0x148cbd22a6c0]
[genoahost103:621523] [11] /direct/sdcc+u/poare/Grid/build/examples/./Example_spec_kryschur[0x4147f5]
[genoahost103:621523] *** End of error message ***

__|__|__|__|__|__|__|__|__|__|__|__|__|__|__
__|__|__|__|__|__|__|__|__|__|__|__|__|__|__
__|_ |  |  |  |  |  |  |  |  |  |  |  | _|__
__|_                                    _|__
__|_   GGGG    RRRR    III    DDDD      _|__
__|_  G        R   R    I     D   D     _|__
__|_  G        R   R    I     D    D    _|__
__|_  G  GG    RRRR     I     D    D    _|__
__|_  G   G    R  R     I     D   D     _|__
__|_   GGGG    R   R   III    DDDD      _|__
__|_                                    _|__
__|__|__|__|__|__|__|__|__|__|__|__|__|__|__
__|__|__|__|__|__|__|__|__|__|__|__|__|__|__
  |  |  |  |  |  |  |  |  |  |  |  |  |  |  


Copyright (C) 2015 Peter Boyle, Azusa Yamaguchi, Guido Cossu, Antonin Portelli and other authors

This program is free software; you can redistribute it and/or modify
it under the terms of the GNU General Public License as published by
the Free Software Foundation; either version 2 of the License, or
(at your option) any later version.

This program is distributed in the hope that it will be useful,
but WITHOUT ANY WARRANTY; without even the implied warranty of
MERCHANTABILITY or FITNESS FOR A PARTICULAR PURPOSE.  See the
GNU General Public License for more details.
Current Grid git commit hash=82d411ca7bb8ec4a5b5c3815df23674cfd291070: (HEAD -> develop, origin/develop, origin/HEAD) clean

Grid : Message : ================================================ 
Grid : Message : MPI is initialised and logging filters activated 
Grid : Message : ================================================ 
Grid : Message : This rank is running on host genoahost103.sdcc.bnl.local at local time 2026-02-27 14:01:49
Grid : Message : Requested 17179869184 byte stencil comms buffers 
Grid : Message : MemoryManager::Init() setting up
Grid : Message : MemoryManager::Init() cache pool for recent host   allocations: SMALL 8 LARGE 2 HUGE 0
Grid : Message : MemoryManager::Init() cache pool for recent device allocations: SMALL 16 LARGE 8 Huge 0
Grid : Message : MemoryManager::Init() cache pool for recent shared allocations: SMALL 16 LARGE 8 Huge 0
Grid : Message : MemoryManager::Init() Unified memory space
Example_spec_kryschur: ../../Grid/util/Init.cc:235: void Grid::GridParseLayout(char**, int, Grid::Coordinate&, Grid::Coordinate&): Assertion `latt.size()==nd' failed.
[genoahost103:621521] *** Process received signal ***
[genoahost103:621521] Signal: Aborted (6)
[genoahost103:621521] Signal code:  (-6)
[genoahost103:621521] [ 0] /lib64/libc.so.6(+0x3fc30)[0x154cccc3fc30]
[genoahost103:621521] [ 1] /lib64/libc.so.6(+0x8d02c)[0x154cccc8d02c]
[genoahost103:621521] [ 2] /lib64/libc.so.6(raise+0x16)[0x154cccc3fb86]
[genoahost103:621521] [ 3] /lib64/libc.so.6(abort+0xd3)[0x154cccc29873]
[genoahost103:621521] [ 4] /lib64/libc.so.6(+0x2979b)[0x154cccc2979b]
[genoahost103:621521] [ 5] /lib64/libc.so.6(+0x388c6)[0x154cccc388c6]
[genoahost103:621521] [ 6] /direct/sdcc+u/poare/Grid/build/examples/./Example_spec_kryschur[0x4c0ac6]
[genoahost103:621521] [ 7] /direct/sdcc+u/poare/Grid/build/examples/./Example_spec_kryschur[0x4c4b42]
[genoahost103:621521] [ 8] /direct/sdcc+u/poare/Grid/build/examples/./Example_spec_kryschur[0x4115b3]
[genoahost103:621521] [ 9] /lib64/libc.so.6(+0x2a610)[0x154cccc2a610]
[genoahost103:621521] [10] /lib64/libc.so.6(__libc_start_main+0x80)[0x154cccc2a6c0]
[genoahost103:621521] [11] /direct/sdcc+u/poare/Grid/build/examples/./Example_spec_kryschur[0x4147f5]
[genoahost103:621521] *** End of error message ***

__|__|__|__|__|__|__|__|__|__|__|__|__|__|__
__|__|__|__|__|__|__|__|__|__|__|__|__|__|__
__|_ |  |  |  |  |  |  |  |  |  |  |  | _|__
__|_                                    _|__
__|_   GGGG    RRRR    III    DDDD      _|__
__|_  G        R   R    I     D   D     _|__
__|_  G        R   R    I     D    D    _|__
__|_  G  GG    RRRR     I     D    D    _|__
__|_  G   G    R  R     I     D   D     _|__
__|_   GGGG    R   R   III    DDDD      _|__
__|_                                    _|__
__|__|__|__|__|__|__|__|__|__|__|__|__|__|__
__|__|__|__|__|__|__|__|__|__|__|__|__|__|__
  |  |  |  |  |  |  |  |  |  |  |  |  |  |  


Copyright (C) 2015 Peter Boyle, Azusa Yamaguchi, Guido Cossu, Antonin Portelli and other authors

This program is free software; you can redistribute it and/or modify
it under the terms of the GNU General Public License as published by
the Free Software Foundation; either version 2 of the License, or
(at your option) any later version.

This program is distributed in the hope that it will be useful,
but WITHOUT ANY WARRANTY; without even the implied warranty of
MERCHANTABILITY or FITNESS FOR A PARTICULAR PURPOSE.  See the
GNU General Public License for more details.
Current Grid git commit hash=82d411ca7bb8ec4a5b5c3815df23674cfd291070: (HEAD -> develop, origin/develop, origin/HEAD) clean

Grid : Message : ================================================ 
Grid : Message : MPI is initialised and logging filters activated 
Grid : Message : ================================================ 
Grid : Message : This rank is running on host genoahost102.sdcc.bnl.local at local time 2026-02-27 14:01:49
Grid : Message : Requested 17179869184 byte stencil comms buffers 
Grid : Message : MemoryManager::Init() setting up
Grid : Message : MemoryManager::Init() cache pool for recent host   allocations: SMALL 8 LARGE 2 HUGE 0
Grid : Message : MemoryManager::Init() cache pool for recent device allocations: SMALL 16 LARGE 8 Huge 0
Grid : Message : MemoryManager::Init() cache pool for recent shared allocations: SMALL 16 LARGE 8 Huge 0
Grid : Message : MemoryManager::Init() Unified memory space
Example_spec_kryschur: ../../Grid/util/Init.cc:235: void Grid::GridParseLayout(char**, int, Grid::Coordinate&, Grid::Coordinate&): Assertion `latt.size()==nd' failed.
[genoahost102:632419] *** Process received signal ***
[genoahost102:632419] Signal: Aborted (6)
[genoahost102:632419] Signal code:  (-6)
[genoahost102:632419] [ 0] /lib64/libc.so.6(+0x3fc30)[0x1515e663fc30]
[genoahost102:632419] [ 1] /lib64/libc.so.6(+0x8d02c)[0x1515e668d02c]
[genoahost102:632419] [ 2] /lib64/libc.so.6(raise+0x16)[0x1515e663fb86]
[genoahost102:632419] [ 3] /lib64/libc.so.6(abort+0xd3)[0x1515e6629873]
[genoahost102:632419] [ 4] /lib64/libc.so.6(+0x2979b)[0x1515e662979b]
[genoahost102:632419] [ 5] /lib64/libc.so.6(+0x388c6)[0x1515e66388c6]
[genoahost102:632419] [ 6] /direct/sdcc+u/poare/Grid/build/examples/./Example_spec_kryschur[0x4c0ac6]
[genoahost102:632419] [ 7] /direct/sdcc+u/poare/Grid/build/examples/./Example_spec_kryschur[0x4c4b42]
[genoahost102:632419] [ 8] /direct/sdcc+u/poare/Grid/build/examples/./Example_spec_kryschur[0x4115b3]
[genoahost102:632419] [ 9] /lib64/libc.so.6(+0x2a610)[0x1515e662a610]
[genoahost102:632419] [10] /lib64/libc.so.6(__libc_start_main+0x80)[0x1515e662a6c0]
[genoahost102:632419] [11] /direct/sdcc+u/poare/Grid/build/examples/./Example_spec_kryschur[0x4147f5]
[genoahost102:632419] *** End of error message ***

__|__|__|__|__|__|__|__|__|__|__|__|__|__|__
__|__|__|__|__|__|__|__|__|__|__|__|__|__|__
__|_ |  |  |  |  |  |  |  |  |  |  |  | _|__
__|_                                    _|__
__|_   GGGG    RRRR    III    DDDD      _|__
__|_  G        R   R    I     D   D     _|__
__|_  G        R   R    I     D    D    _|__
__|_  G  GG    RRRR     I     D    D    _|__
__|_  G   G    R  R     I     D   D     _|__
__|_   GGGG    R   R   III    DDDD      _|__
__|_                                    _|__
__|__|__|__|__|__|__|__|__|__|__|__|__|__|__
__|__|__|__|__|__|__|__|__|__|__|__|__|__|__
  |  |  |  |  |  |  |  |  |  |  |  |  |  |  


Copyright (C) 2015 Peter Boyle, Azusa Yamaguchi, Guido Cossu, Antonin Portelli and other authors

This program is free software; you can redistribute it and/or modify
it under the terms of the GNU General Public License as published by
the Free Software Foundation; either version 2 of the License, or
(at your option) any later version.

This program is distributed in the hope that it will be useful,
but WITHOUT ANY WARRANTY; without even the implied warranty of
MERCHANTABILITY or FITNESS FOR A PARTICULAR PURPOSE.  See the
GNU General Public License for more details.
Current Grid git commit hash=82d411ca7bb8ec4a5b5c3815df23674cfd291070: (HEAD -> develop, origin/develop, origin/HEAD) clean

Grid : Message : ================================================ 
Grid : Message : MPI is initialised and logging filters activated 
Grid : Message : ================================================ 
Grid : Message : This rank is running on host genoahost102.sdcc.bnl.local at local time 2026-02-27 14:01:49
Grid : Message : Requested 17179869184 byte stencil comms buffers 
Grid : Message : MemoryManager::Init() setting up
Grid : Message : MemoryManager::Init() cache pool for recent host   allocations: SMALL 8 LARGE 2 HUGE 0
Grid : Message : MemoryManager::Init() cache pool for recent device allocations: SMALL 16 LARGE 8 Huge 0
Grid : Message : MemoryManager::Init() cache pool for recent shared allocations: SMALL 16 LARGE 8 Huge 0
Grid : Message : MemoryManager::Init() Unified memory space
Example_spec_kryschur: ../../Grid/util/Init.cc:235: void Grid::GridParseLayout(char**, int, Grid::Coordinate&, Grid::Coordinate&): Assertion `latt.size()==nd' failed.
[genoahost102:632410] *** Process received signal ***
[genoahost102:632410] Signal: Aborted (6)
[genoahost102:632410] Signal code:  (-6)
[genoahost102:632410] [ 0] /lib64/libc.so.6(+0x3fc30)[0x15496f63fc30]
[genoahost102:632410] [ 1] /lib64/libc.so.6(+0x8d02c)[0x15496f68d02c]
[genoahost102:632410] [ 2] /lib64/libc.so.6(raise+0x16)[0x15496f63fb86]
[genoahost102:632410] [ 3] /lib64/libc.so.6(abort+0xd3)[0x15496f629873]
[genoahost102:632410] [ 4] /lib64/libc.so.6(+0x2979b)[0x15496f62979b]
[genoahost102:632410] [ 5] /lib64/libc.so.6(+0x388c6)[0x15496f6388c6]
[genoahost102:632410] [ 6] /direct/sdcc+u/poare/Grid/build/examples/./Example_spec_kryschur[0x4c0ac6]
[genoahost102:632410] [ 7] /direct/sdcc+u/poare/Grid/build/examples/./Example_spec_kryschur[0x4c4b42]
[genoahost102:632410] [ 8] /direct/sdcc+u/poare/Grid/build/examples/./Example_spec_kryschur[0x4115b3]
[genoahost102:632410] [ 9] /lib64/libc.so.6(+0x2a610)[0x15496f62a610]
[genoahost102:632410] [10] /lib64/libc.so.6(__libc_start_main+0x80)[0x15496f62a6c0]
[genoahost102:632410] [11] /direct/sdcc+u/poare/Grid/build/examples/./Example_spec_kryschur[0x4147f5]
[genoahost102:632410] *** End of error message ***

__|__|__|__|__|__|__|__|__|__|__|__|__|__|__
__|__|__|__|__|__|__|__|__|__|__|__|__|__|__
__|_ |  |  |  |  |  |  |  |  |  |  |  | _|__
__|_                                    _|__
__|_   GGGG    RRRR    III    DDDD      _|__
__|_  G        R   R    I     D   D     _|__
__|_  G        R   R    I     D    D    _|__
__|_  G  GG    RRRR     I     D    D    _|__
__|_  G   G    R  R     I     D   D     _|__
__|_   GGGG    R   R   III    DDDD      _|__
__|_                                    _|__
__|__|__|__|__|__|__|__|__|__|__|__|__|__|__
__|__|__|__|__|__|__|__|__|__|__|__|__|__|__
  |  |  |  |  |  |  |  |  |  |  |  |  |  |  


Copyright (C) 2015 Peter Boyle, Azusa Yamaguchi, Guido Cossu, Antonin Portelli and other authors

This program is free software; you can redistribute it and/or modify
it under the terms of the GNU General Public License as published by
the Free Software Foundation; either version 2 of the License, or
(at your option) any later version.

This program is distributed in the hope that it will be useful,
but WITHOUT ANY WARRANTY; without even the implied warranty of
MERCHANTABILITY or FITNESS FOR A PARTICULAR PURPOSE.  See the
GNU General Public License for more details.
Current Grid git commit hash=82d411ca7bb8ec4a5b5c3815df23674cfd291070: (HEAD -> develop, origin/develop, origin/HEAD) clean

Grid : Message : ================================================ 
Grid : Message : MPI is initialised and logging filters activated 
Grid : Message : ================================================ 
Grid : Message : This rank is running on host genoahost102.sdcc.bnl.local at local time 2026-02-27 14:01:49
Grid : Message : Requested 17179869184 byte stencil comms buffers 
Grid : Message : MemoryManager::Init() setting up
Grid : Message : MemoryManager::Init() cache pool for recent host   allocations: SMALL 8 LARGE 2 HUGE 0
Grid : Message : MemoryManager::Init() cache pool for recent device allocations: SMALL 16 LARGE 8 Huge 0
Grid : Message : MemoryManager::Init() cache pool for recent shared allocations: SMALL 16 LARGE 8 Huge 0
Grid : Message : MemoryManager::Init() Unified memory space
Example_spec_kryschur: ../../Grid/util/Init.cc:235: void Grid::GridParseLayout(char**, int, Grid::Coordinate&, Grid::Coordinate&): Assertion `latt.size()==nd' failed.
[genoahost102:632414] *** Process received signal ***
[genoahost102:632414] Signal: Aborted (6)
[genoahost102:632414] Signal code:  (-6)
[genoahost102:632414] [ 0] /lib64/libc.so.6(+0x3fc30)[0x153a09c3fc30]
[genoahost102:632414] [ 1] /lib64/libc.so.6(+0x8d02c)[0x153a09c8d02c]
[genoahost102:632414] [ 2] /lib64/libc.so.6(raise+0x16)[0x153a09c3fb86]
[genoahost102:632414] [ 3] /lib64/libc.so.6(abort+0xd3)[0x153a09c29873]
[genoahost102:632414] [ 4] /lib64/libc.so.6(+0x2979b)[0x153a09c2979b]
[genoahost102:632414] [ 5] /lib64/libc.so.6(+0x388c6)[0x153a09c388c6]
[genoahost102:632414] [ 6] /direct/sdcc+u/poare/Grid/build/examples/./Example_spec_kryschur[0x4c0ac6]
[genoahost102:632414] [ 7] /direct/sdcc+u/poare/Grid/build/examples/./Example_spec_kryschur[0x4c4b42]
[genoahost102:632414] [ 8] /direct/sdcc+u/poare/Grid/build/examples/./Example_spec_kryschur[0x4115b3]
[genoahost102:632414] [ 9] /lib64/libc.so.6(+0x2a610)[0x153a09c2a610]
[genoahost102:632414] [10] /lib64/libc.so.6(__libc_start_main+0x80)[0x153a09c2a6c0]
[genoahost102:632414] [11] /direct/sdcc+u/poare/Grid/build/examples/./Example_spec_kryschur[0x4147f5]
[genoahost102:632414] *** End of error message ***

__|__|__|__|__|__|__|__|__|__|__|__|__|__|__
__|__|__|__|__|__|__|__|__|__|__|__|__|__|__
__|_ |  |  |  |  |  |  |  |  |  |  |  | _|__
__|_                                    _|__
__|_   GGGG    RRRR    III    DDDD      _|__
__|_  G        R   R    I     D   D     _|__
__|_  G        R   R    I     D    D    _|__
__|_  G  GG    RRRR     I     D    D    _|__
__|_  G   G    R  R     I     D   D     _|__
__|_   GGGG    R   R   III    DDDD      _|__
__|_                                    _|__
__|__|__|__|__|__|__|__|__|__|__|__|__|__|__
__|__|__|__|__|__|__|__|__|__|__|__|__|__|__
  |  |  |  |  |  |  |  |  |  |  |  |  |  |  


Copyright (C) 2015 Peter Boyle, Azusa Yamaguchi, Guido Cossu, Antonin Portelli and other authors

This program is free software; you can redistribute it and/or modify
it under the terms of the GNU General Public License as published by
the Free Software Foundation; either version 2 of the License, or
(at your option) any later version.

This program is distributed in the hope that it will be useful,
but WITHOUT ANY WARRANTY; without even the implied warranty of
MERCHANTABILITY or FITNESS FOR A PARTICULAR PURPOSE.  See the
GNU General Public License for more details.
Current Grid git commit hash=82d411ca7bb8ec4a5b5c3815df23674cfd291070: (HEAD -> develop, origin/develop, origin/HEAD) clean

Grid : Message : ================================================ 
Grid : Message : MPI is initialised and logging filters activated 
Grid : Message : ================================================ 
Grid : Message : This rank is running on host genoahost102.sdcc.bnl.local at local time 2026-02-27 14:01:49
Grid : Message : Requested 17179869184 byte stencil comms buffers 
Grid : Message : MemoryManager::Init() setting up
Grid : Message : MemoryManager::Init() cache pool for recent host   allocations: SMALL 8 LARGE 2 HUGE 0
Grid : Message : MemoryManager::Init() cache pool for recent device allocations: SMALL 16 LARGE 8 Huge 0
Grid : Message : MemoryManager::Init() cache pool for recent shared allocations: SMALL 16 LARGE 8 Huge 0
Grid : Message : MemoryManager::Init() Unified memory space
Example_spec_kryschur: ../../Grid/util/Init.cc:235: void Grid::GridParseLayout(char**, int, Grid::Coordinate&, Grid::Coordinate&): Assertion `latt.size()==nd' failed.
[genoahost102:632412] *** Process received signal ***
[genoahost102:632412] Signal: Aborted (6)
[genoahost102:632412] Signal code:  (-6)
[genoahost102:632412] [ 0] /lib64/libc.so.6(+0x3fc30)[0x145880e3fc30]
[genoahost102:632412] [ 1] /lib64/libc.so.6(+0x8d02c)[0x145880e8d02c]
[genoahost102:632412] [ 2] /lib64/libc.so.6(raise+0x16)[0x145880e3fb86]
[genoahost102:632412] [ 3] /lib64/libc.so.6(abort+0xd3)[0x145880e29873]
[genoahost102:632412] [ 4] /lib64/libc.so.6(+0x2979b)[0x145880e2979b]
[genoahost102:632412] [ 5] /lib64/libc.so.6(+0x388c6)[0x145880e388c6]
[genoahost102:632412] [ 6] /direct/sdcc+u/poare/Grid/build/examples/./Example_spec_kryschur[0x4c0ac6]
[genoahost102:632412] [ 7] /direct/sdcc+u/poare/Grid/build/examples/./Example_spec_kryschur[0x4c4b42]
[genoahost102:632412] [ 8] /direct/sdcc+u/poare/Grid/build/examples/./Example_spec_kryschur[0x4115b3]
[genoahost102:632412] [ 9] /lib64/libc.so.6(+0x2a610)[0x145880e2a610]
[genoahost102:632412] [10] /lib64/libc.so.6(__libc_start_main+0x80)[0x145880e2a6c0]
[genoahost102:632412] [11] /direct/sdcc+u/poare/Grid/build/examples/./Example_spec_kryschur[0x4147f5]
[genoahost102:632412] *** End of error message ***

__|__|__|__|__|__|__|__|__|__|__|__|__|__|__
__|__|__|__|__|__|__|__|__|__|__|__|__|__|__
__|_ |  |  |  |  |  |  |  |  |  |  |  | _|__
__|_                                    _|__
__|_   GGGG    RRRR    III    DDDD      _|__
__|_  G        R   R    I     D   D     _|__
__|_  G        R   R    I     D    D    _|__
__|_  G  GG    RRRR     I     D    D    _|__
__|_  G   G    R  R     I     D   D     _|__
__|_   GGGG    R   R   III    DDDD      _|__
__|_                                    _|__
__|__|__|__|__|__|__|__|__|__|__|__|__|__|__
__|__|__|__|__|__|__|__|__|__|__|__|__|__|__
  |  |  |  |  |  |  |  |  |  |  |  |  |  |  


Copyright (C) 2015 Peter Boyle, Azusa Yamaguchi, Guido Cossu, Antonin Portelli and other authors

This program is free software; you can redistribute it and/or modify
it under the terms of the GNU General Public License as published by
the Free Software Foundation; either version 2 of the License, or
(at your option) any later version.

This program is distributed in the hope that it will be useful,
but WITHOUT ANY WARRANTY; without even the implied warranty of
MERCHANTABILITY or FITNESS FOR A PARTICULAR PURPOSE.  See the
GNU General Public License for more details.
Current Grid git commit hash=82d411ca7bb8ec4a5b5c3815df23674cfd291070: (HEAD -> develop, origin/develop, origin/HEAD) clean

Grid : Message : ================================================ 
Grid : Message : MPI is initialised and logging filters activated 
Grid : Message : ================================================ 
Grid : Message : This rank is running on host genoahost102.sdcc.bnl.local at local time 2026-02-27 14:01:49
Grid : Message : Requested 17179869184 byte stencil comms buffers 
Grid : Message : MemoryManager::Init() setting up
Grid : Message : MemoryManager::Init() cache pool for recent host   allocations: SMALL 8 LARGE 2 HUGE 0
Grid : Message : MemoryManager::Init() cache pool for recent device allocations: SMALL 16 LARGE 8 Huge 0
Grid : Message : MemoryManager::Init() cache pool for recent shared allocations: SMALL 16 LARGE 8 Huge 0
Grid : Message : MemoryManager::Init() Unified memory space
Example_spec_kryschur: ../../Grid/util/Init.cc:235: void Grid::GridParseLayout(char**, int, Grid::Coordinate&, Grid::Coordinate&): Assertion `latt.size()==nd' failed.
[genoahost102:632421] *** Process received signal ***
[genoahost102:632421] Signal: Aborted (6)
[genoahost102:632421] Signal code:  (-6)
[genoahost102:632421] [ 0] /lib64/libc.so.6(+0x3fc30)[0x14701903fc30]
[genoahost102:632421] [ 1] /lib64/libc.so.6(+0x8d02c)[0x14701908d02c]
[genoahost102:632421] [ 2] /lib64/libc.so.6(raise+0x16)[0x14701903fb86]
[genoahost102:632421] [ 3] /lib64/libc.so.6(abort+0xd3)[0x147019029873]
[genoahost102:632421] [ 4] /lib64/libc.so.6(+0x2979b)[0x14701902979b]
[genoahost102:632421] [ 5] /lib64/libc.so.6(+0x388c6)[0x1470190388c6]
[genoahost102:632421] [ 6] /direct/sdcc+u/poare/Grid/build/examples/./Example_spec_kryschur[0x4c0ac6]
[genoahost102:632421] [ 7] /direct/sdcc+u/poare/Grid/build/examples/./Example_spec_kryschur[0x4c4b42]
[genoahost102:632421] [ 8] /direct/sdcc+u/poare/Grid/build/examples/./Example_spec_kryschur[0x4115b3]
[genoahost102:632421] [ 9] /lib64/libc.so.6(+0x2a610)[0x14701902a610]
[genoahost102:632421] [10] /lib64/libc.so.6(__libc_start_main+0x80)[0x14701902a6c0]
[genoahost102:632421] [11] /direct/sdcc+u/poare/Grid/build/examples/./Example_spec_kryschur[0x4147f5]
[genoahost102:632421] *** End of error message ***
srun: error: genoahost099: tasks 41-42: Aborted (core dumped)

__|__|__|__|__|__|__|__|__|__|__|__|__|__|__
__|__|__|__|__|__|__|__|__|__|__|__|__|__|__
__|_ |  |  |  |  |  |  |  |  |  |  |  | _|__
__|_                                    _|__
__|_   GGGG    RRRR    III    DDDD      _|__
__|_  G        R   R    I     D   D     _|__
__|_  G        R   R    I     D    D    _|__
__|_  G  GG    RRRR     I     D    D    _|__
__|_  G   G    R  R     I     D   D     _|__
__|_   GGGG    R   R   III    DDDD      _|__
__|_                                    _|__
__|__|__|__|__|__|__|__|__|__|__|__|__|__|__
__|__|__|__|__|__|__|__|__|__|__|__|__|__|__
  |  |  |  |  |  |  |  |  |  |  |  |  |  |  


Copyright (C) 2015 Peter Boyle, Azusa Yamaguchi, Guido Cossu, Antonin Portelli and other authors

This program is free software; you can redistribute it and/or modify
it under the terms of the GNU General Public License as published by
the Free Software Foundation; either version 2 of the License, or
(at your option) any later version.

This program is distributed in the hope that it will be useful,
but WITHOUT ANY WARRANTY; without even the implied warranty of
MERCHANTABILITY or FITNESS FOR A PARTICULAR PURPOSE.  See the
GNU General Public License for more details.
Current Grid git commit hash=82d411ca7bb8ec4a5b5c3815df23674cfd291070: (HEAD -> develop, origin/develop, origin/HEAD) clean

Grid : Message : ================================================ 
Grid : Message : MPI is initialised and logging filters activated 
Grid : Message : ================================================ 
Grid : Message : This rank is running on host genoahost101.sdcc.bnl.local at local time 2026-02-27 14:01:51
Grid : Message : Requested 17179869184 byte stencil comms buffers 
Grid : Message : MemoryManager::Init() setting up
Grid : Message : MemoryManager::Init() cache pool for recent host   allocations: SMALL 8 LARGE 2 HUGE 0
Grid : Message : MemoryManager::Init() cache pool for recent device allocations: SMALL 16 LARGE 8 Huge 0
Grid : Message : MemoryManager::Init() cache pool for recent shared allocations: SMALL 16 LARGE 8 Huge 0
Grid : Message : MemoryManager::Init() Unified memory space
Example_spec_kryschur: ../../Grid/util/Init.cc:235: void Grid::GridParseLayout(char**, int, Grid::Coordinate&, Grid::Coordinate&): Assertion `latt.size()==nd' failed.
[genoahost101:1152022] *** Process received signal ***
[genoahost101:1152022] Signal: Aborted (6)
[genoahost101:1152022] Signal code:  (-6)
[genoahost101:1152022] [ 0] /lib64/libc.so.6(+0x3fc30)[0x14890143fc30]
[genoahost101:1152022] [ 1] /lib64/libc.so.6(+0x8d02c)[0x14890148d02c]
[genoahost101:1152022] [ 2] /lib64/libc.so.6(raise+0x16)[0x14890143fb86]
[genoahost101:1152022] [ 3] /lib64/libc.so.6(abort+0xd3)[0x148901429873]
[genoahost101:1152022] [ 4] /lib64/libc.so.6(+0x2979b)[0x14890142979b]
[genoahost101:1152022] [ 5] /lib64/libc.so.6(+0x388c6)[0x1489014388c6]
[genoahost101:1152022] [ 6] /direct/sdcc+u/poare/Grid/build/examples/./Example_spec_kryschur[0x4c0ac6]
[genoahost101:1152022] [ 7] /direct/sdcc+u/poare/Grid/build/examples/./Example_spec_kryschur[0x4c4b42]
[genoahost101:1152022] [ 8] /direct/sdcc+u/poare/Grid/build/examples/./Example_spec_kryschur[0x4115b3]
[genoahost101:1152022] [ 9] /lib64/libc.so.6(+0x2a610)[0x14890142a610]
[genoahost101:1152022] [10] /lib64/libc.so.6(__libc_start_main+0x80)[0x14890142a6c0]
[genoahost101:1152022] [11] /direct/sdcc+u/poare/Grid/build/examples/./Example_spec_kryschur[0x4147f5]
[genoahost101:1152022] *** End of error message ***

__|__|__|__|__|__|__|__|__|__|__|__|__|__|__
__|__|__|__|__|__|__|__|__|__|__|__|__|__|__
__|_ |  |  |  |  |  |  |  |  |  |  |  | _|__
__|_                                    _|__
__|_   GGGG    RRRR    III    DDDD      _|__
__|_  G        R   R    I     D   D     _|__
__|_  G        R   R    I     D    D    _|__
__|_  G  GG    RRRR     I     D    D    _|__
__|_  G   G    R  R     I     D   D     _|__
__|_   GGGG    R   R   III    DDDD      _|__
__|_                                    _|__
__|__|__|__|__|__|__|__|__|__|__|__|__|__|__
__|__|__|__|__|__|__|__|__|__|__|__|__|__|__
  |  |  |  |  |  |  |  |  |  |  |  |  |  |  


Copyright (C) 2015 Peter Boyle, Azusa Yamaguchi, Guido Cossu, Antonin Portelli and other authors

This program is free software; you can redistribute it and/or modify
it under the terms of the GNU General Public License as published by
the Free Software Foundation; either version 2 of the License, or
(at your option) any later version.

This program is distributed in the hope that it will be useful,
but WITHOUT ANY WARRANTY; without even the implied warranty of
MERCHANTABILITY or FITNESS FOR A PARTICULAR PURPOSE.  See the
GNU General Public License for more details.
Current Grid git commit hash=82d411ca7bb8ec4a5b5c3815df23674cfd291070: (HEAD -> develop, origin/develop, origin/HEAD) clean

Grid : Message : ================================================ 
Grid : Message : MPI is initialised and logging filters activated 
Grid : Message : ================================================ 
Grid : Message : This rank is running on host genoahost101.sdcc.bnl.local at local time 2026-02-27 14:01:51
Grid : Message : Requested 17179869184 byte stencil comms buffers 
Grid : Message : MemoryManager::Init() setting up
Grid : Message : MemoryManager::Init() cache pool for recent host   allocations: SMALL 8 LARGE 2 HUGE 0
Grid : Message : MemoryManager::Init() cache pool for recent device allocations: SMALL 16 LARGE 8 Huge 0
Grid : Message : MemoryManager::Init() cache pool for recent shared allocations: SMALL 16 LARGE 8 Huge 0
Grid : Message : MemoryManager::Init() Unified memory space

__|__|__|__|__|__|__|__|__|__|__|__|__|__|__
__|__|__|__|__|__|__|__|__|__|__|__|__|__|__
__|_ |  |  |  |  |  |  |  |  |  |  |  | _|__
__|_                                    _|__
__|_   GGGG    RRRR    III    DDDD      _|__
__|_  G        R   R    I     D   D     _|__
__|_  G        R   R    I     D    D    _|__
__|_  G  GG    RRRR     I     D    D    _|__
__|_  G   G    R  R     I     D   D     _|__
__|_   GGGG    R   R   III    DDDD      _|__
__|_                                    _|__
__|__|__|__|__|__|__|__|__|__|__|__|__|__|__
__|__|__|__|__|__|__|__|__|__|__|__|__|__|__
  |  |  |  |  |  |  |  |  |  |  |  |  |  |  


Copyright (C) 2015 Peter Boyle, Azusa Yamaguchi, Guido Cossu, Antonin Portelli and other authors

This program is free software; you can redistribute it and/or modify
it under the terms of the GNU General Public License as published by
the Free Software Foundation; either version 2 of the License, or
(at your option) any later version.

This program is distributed in the hope that it will be useful,
but WITHOUT ANY WARRANTY; without even the implied warranty of
MERCHANTABILITY or FITNESS FOR A PARTICULAR PURPOSE.  See the
GNU General Public License for more details.
Current Grid git commit hash=82d411ca7bb8ec4a5b5c3815df23674cfd291070: (HEAD -> develop, origin/develop, origin/HEAD) clean

Grid : Message : ================================================ 
Grid : Message : MPI is initialised and logging filters activated 
Grid : Message : ================================================ 
Grid : Message : This rank is running on host genoahost101.sdcc.bnl.local at local time 2026-02-27 14:01:51
Grid : Message : Requested 17179869184 byte stencil comms buffers 
Grid : Message : MemoryManager::Init() setting up
Grid : Message : MemoryManager::Init() cache pool for recent host   allocations: SMALL 8 LARGE 2 HUGE 0
Grid : Message : MemoryManager::Init() cache pool for recent device allocations: SMALL 16 LARGE 8 Huge 0
Grid : Message : MemoryManager::Init() cache pool for recent shared allocations: SMALL 16 LARGE 8 Huge 0
Grid : Message : MemoryManager::Init() Unified memory space
Example_spec_kryschur: ../../Grid/util/Init.cc:235: void Grid::GridParseLayout(char**, int, Grid::Coordinate&, Grid::Coordinate&): Assertion `latt.size()==nd' failed.
[genoahost101:1152021] *** Process received signal ***
[genoahost101:1152021] Signal: Aborted (6)
[genoahost101:1152021] Signal code:  (-6)
[genoahost101:1152021] [ 0] /lib64/libc.so.6(+0x3fc30)[0x14a027e3fc30]
[genoahost101:1152021] [ 1] /lib64/libc.so.6(+0x8d02c)[0x14a027e8d02c]
[genoahost101:1152021] [ 2] /lib64/libc.so.6(raise+0x16)[0x14a027e3fb86]
[genoahost101:1152021] [ 3] /lib64/libc.so.6(abort+0xd3)[0x14a027e29873]
[genoahost101:1152021] [ 4] /lib64/libc.so.6(+0x2979b)[0x14a027e2979b]
[genoahost101:1152021] [ 5] /lib64/libc.so.6(+0x388c6)[0x14a027e388c6]
[genoahost101:1152021] [ 6] /direct/sdcc+u/poare/Grid/build/examples/./Example_spec_kryschur[0x4c0ac6]
[genoahost101:1152021] [ 7] /direct/sdcc+u/poare/Grid/build/examples/./Example_spec_kryschur[0x4c4b42]
[genoahost101:1152021] [ 8] /direct/sdcc+u/poare/Grid/build/examples/./Example_spec_kryschur[0x4115b3]
[genoahost101:1152021] [ 9] /lib64/libc.so.6(+0x2a610)[0x14a027e2a610]
[genoahost101:1152021] [10] /lib64/libc.so.6(__libc_start_main+0x80)[0x14a027e2a6c0]
[genoahost101:1152021] [11] /direct/sdcc+u/poare/Grid/build/examples/./Example_spec_kryschur[0x4147f5]
[genoahost101:1152021] *** End of error message ***
Example_spec_kryschur: ../../Grid/util/Init.cc:235: void Grid::GridParseLayout(char**, int, Grid::Coordinate&, Grid::Coordinate&): Assertion `latt.size()==nd' failed.
[genoahost101:1152015] *** Process received signal ***
[genoahost101:1152015] Signal: Aborted (6)
[genoahost101:1152015] Signal code:  (-6)
[genoahost101:1152015] [ 0] /lib64/libc.so.6(+0x3fc30)[0x1496ab43fc30]
[genoahost101:1152015] [ 1] /lib64/libc.so.6(+0x8d02c)[0x1496ab48d02c]
[genoahost101:1152015] [ 2] /lib64/libc.so.6(raise+0x16)[0x1496ab43fb86]
[genoahost101:1152015] [ 3] /lib64/libc.so.6(abort+0xd3)[0x1496ab429873]
[genoahost101:1152015] [ 4] /lib64/libc.so.6(+0x2979b)[0x1496ab42979b]
[genoahost101:1152015] [ 5] /lib64/libc.so.6(+0x388c6)[0x1496ab4388c6]
[genoahost101:1152015] [ 6] /direct/sdcc+u/poare/Grid/build/examples/./Example_spec_kryschur[0x4c0ac6]
[genoahost101:1152015] [ 7] /direct/sdcc+u/poare/Grid/build/examples/./Example_spec_kryschur[0x4c4b42]
[genoahost101:1152015] [ 8] /direct/sdcc+u/poare/Grid/build/examples/./Example_spec_kryschur[0x4115b3]
[genoahost101:1152015] [ 9] /lib64/libc.so.6(+0x2a610)[0x1496ab42a610]
[genoahost101:1152015] [10] /lib64/libc.so.6(__libc_start_main+0x80)[0x1496ab42a6c0]
[genoahost101:1152015] [11] /direct/sdcc+u/poare/Grid/build/examples/./Example_spec_kryschur[0x4147f5]
[genoahost101:1152015] *** End of error message ***
srun: error: genoahost099: task 35: Aborted (core dumped)

__|__|__|__|__|__|__|__|__|__|__|__|__|__|__
__|__|__|__|__|__|__|__|__|__|__|__|__|__|__
__|_ |  |  |  |  |  |  |  |  |  |  |  | _|__
__|_                                    _|__
__|_   GGGG    RRRR    III    DDDD      _|__
__|_  G        R   R    I     D   D     _|__
__|_  G        R   R    I     D    D    _|__
__|_  G  GG    RRRR     I     D    D    _|__
__|_  G   G    R  R     I     D   D     _|__
__|_   GGGG    R   R   III    DDDD      _|__
__|_                                    _|__
__|__|__|__|__|__|__|__|__|__|__|__|__|__|__
__|__|__|__|__|__|__|__|__|__|__|__|__|__|__
  |  |  |  |  |  |  |  |  |  |  |  |  |  |  


Copyright (C) 2015 Peter Boyle, Azusa Yamaguchi, Guido Cossu, Antonin Portelli and other authors

This program is free software; you can redistribute it and/or modify
it under the terms of the GNU General Public License as published by
the Free Software Foundation; either version 2 of the License, or
(at your option) any later version.

This program is distributed in the hope that it will be useful,
but WITHOUT ANY WARRANTY; without even the implied warranty of
MERCHANTABILITY or FITNESS FOR A PARTICULAR PURPOSE.  See the
GNU General Public License for more details.
Current Grid git commit hash=82d411ca7bb8ec4a5b5c3815df23674cfd291070: (HEAD -> develop, origin/develop, origin/HEAD) clean

Grid : Message : ================================================ 
Grid : Message : MPI is initialised and logging filters activated 
Grid : Message : ================================================ 
Grid : Message : This rank is running on host genoahost101.sdcc.bnl.local at local time 2026-02-27 14:01:52
Grid : Message : Requested 17179869184 byte stencil comms buffers 
Grid : Message : MemoryManager::Init() setting up
Grid : Message : MemoryManager::Init() cache pool for recent host   allocations: SMALL 8 LARGE 2 HUGE 0
Grid : Message : MemoryManager::Init() cache pool for recent device allocations: SMALL 16 LARGE 8 Huge 0
Grid : Message : MemoryManager::Init() cache pool for recent shared allocations: SMALL 16 LARGE 8 Huge 0
Grid : Message : MemoryManager::Init() Unified memory space
Example_spec_kryschur: ../../Grid/util/Init.cc:235: void Grid::GridParseLayout(char**, int, Grid::Coordinate&, Grid::Coordinate&): Assertion `latt.size()==nd' failed.
[genoahost101:1152012] *** Process received signal ***
[genoahost101:1152012] Signal: Aborted (6)
[genoahost101:1152012] Signal code:  (-6)
[genoahost101:1152012] [ 0] /lib64/libc.so.6(+0x3fc30)[0x15464d03fc30]
[genoahost101:1152012] [ 1] /lib64/libc.so.6(+0x8d02c)[0x15464d08d02c]
[genoahost101:1152012] [ 2] /lib64/libc.so.6(raise+0x16)[0x15464d03fb86]
[genoahost101:1152012] [ 3] /lib64/libc.so.6(abort+0xd3)[0x15464d029873]
[genoahost101:1152012] [ 4] /lib64/libc.so.6(+0x2979b)[0x15464d02979b]
[genoahost101:1152012] [ 5] /lib64/libc.so.6(+0x388c6)[0x15464d0388c6]
[genoahost101:1152012] [ 6] /direct/sdcc+u/poare/Grid/build/examples/./Example_spec_kryschur[0x4c0ac6]
[genoahost101:1152012] [ 7] /direct/sdcc+u/poare/Grid/build/examples/./Example_spec_kryschur[0x4c4b42]
[genoahost101:1152012] [ 8] /direct/sdcc+u/poare/Grid/build/examples/./Example_spec_kryschur[0x4115b3]
[genoahost101:1152012] [ 9] /lib64/libc.so.6(+0x2a610)[0x15464d02a610]
[genoahost101:1152012] [10] /lib64/libc.so.6(__libc_start_main+0x80)[0x15464d02a6c0]
[genoahost101:1152012] [11] /direct/sdcc+u/poare/Grid/build/examples/./Example_spec_kryschur[0x4147f5]
[genoahost101:1152012] *** End of error message ***

__|__|__|__|__|__|__|__|__|__|__|__|__|__|__
__|__|__|__|__|__|__|__|__|__|__|__|__|__|__
__|_ |  |  |  |  |  |  |  |  |  |  |  | _|__
__|_                                    _|__
__|_   GGGG    RRRR    III    DDDD      _|__
__|_  G        R   R    I     D   D     _|__
__|_  G        R   R    I     D    D    _|__
__|_  G  GG    RRRR     I     D    D    _|__
__|_  G   G    R  R     I     D   D     _|__
__|_   GGGG    R   R   III    DDDD      _|__
__|_                                    _|__
__|__|__|__|__|__|__|__|__|__|__|__|__|__|__
__|__|__|__|__|__|__|__|__|__|__|__|__|__|__
  |  |  |  |  |  |  |  |  |  |  |  |  |  |  


Copyright (C) 2015 Peter Boyle, Azusa Yamaguchi, Guido Cossu, Antonin Portelli and other authors

This program is free software; you can redistribute it and/or modify
it under the terms of the GNU General Public License as published by
the Free Software Foundation; either version 2 of the License, or
(at your option) any later version.

This program is distributed in the hope that it will be useful,
but WITHOUT ANY WARRANTY; without even the implied warranty of
MERCHANTABILITY or FITNESS FOR A PARTICULAR PURPOSE.  See the
GNU General Public License for more details.
Current Grid git commit hash=82d411ca7bb8ec4a5b5c3815df23674cfd291070: (HEAD -> develop, origin/develop, origin/HEAD) clean

Grid : Message : ================================================ 
Grid : Message : MPI is initialised and logging filters activated 
Grid : Message : ================================================ 
Grid : Message : This rank is running on host genoahost101.sdcc.bnl.local at local time 2026-02-27 14:01:52
Grid : Message : Requested 17179869184 byte stencil comms buffers 
Grid : Message : MemoryManager::Init() setting up
Grid : Message : MemoryManager::Init() cache pool for recent host   allocations: SMALL 8 LARGE 2 HUGE 0
Grid : Message : MemoryManager::Init() cache pool for recent device allocations: SMALL 16 LARGE 8 Huge 0
Grid : Message : MemoryManager::Init() cache pool for recent shared allocations: SMALL 16 LARGE 8 Huge 0
Grid : Message : MemoryManager::Init() Unified memory space
Example_spec_kryschur: ../../Grid/util/Init.cc:235: void Grid::GridParseLayout(char**, int, Grid::Coordinate&, Grid::Coordinate&): Assertion `latt.size()==nd' failed.
[genoahost101:1152020] *** Process received signal ***
[genoahost101:1152020] Signal: Aborted (6)
[genoahost101:1152020] Signal code:  (-6)
[genoahost101:1152020] [ 0] /lib64/libc.so.6(+0x3fc30)[0x14dbc4e3fc30]
[genoahost101:1152020] [ 1] /lib64/libc.so.6(+0x8d02c)[0x14dbc4e8d02c]
[genoahost101:1152020] [ 2] /lib64/libc.so.6(raise+0x16)[0x14dbc4e3fb86]
[genoahost101:1152020] [ 3] /lib64/libc.so.6(abort+0xd3)[0x14dbc4e29873]
[genoahost101:1152020] [ 4] /lib64/libc.so.6(+0x2979b)[0x14dbc4e2979b]
[genoahost101:1152020] [ 5] /lib64/libc.so.6(+0x388c6)[0x14dbc4e388c6]
[genoahost101:1152020] [ 6] /direct/sdcc+u/poare/Grid/build/examples/./Example_spec_kryschur[0x4c0ac6]
[genoahost101:1152020] [ 7] /direct/sdcc+u/poare/Grid/build/examples/./Example_spec_kryschur[0x4c4b42]
[genoahost101:1152020] [ 8] /direct/sdcc+u/poare/Grid/build/examples/./Example_spec_kryschur[0x4115b3]
[genoahost101:1152020] [ 9] /lib64/libc.so.6(+0x2a610)[0x14dbc4e2a610]
[genoahost101:1152020] [10] /lib64/libc.so.6(__libc_start_main+0x80)[0x14dbc4e2a6c0]
[genoahost101:1152020] [11] /direct/sdcc+u/poare/Grid/build/examples/./Example_spec_kryschur[0x4147f5]
[genoahost101:1152020] *** End of error message ***

__|__|__|__|__|__|__|__|__|__|__|__|__|__|__
__|__|__|__|__|__|__|__|__|__|__|__|__|__|__
__|_ |  |  |  |  |  |  |  |  |  |  |  | _|__
__|_                                    _|__
__|_   GGGG    RRRR    III    DDDD      _|__
__|_  G        R   R    I     D   D     _|__
__|_  G        R   R    I     D    D    _|__
__|_  G  GG    RRRR     I     D    D    _|__
__|_  G   G    R  R     I     D   D     _|__
__|_   GGGG    R   R   III    DDDD      _|__
__|_                                    _|__
__|__|__|__|__|__|__|__|__|__|__|__|__|__|__
__|__|__|__|__|__|__|__|__|__|__|__|__|__|__
  |  |  |  |  |  |  |  |  |  |  |  |  |  |  


Copyright (C) 2015 Peter Boyle, Azusa Yamaguchi, Guido Cossu, Antonin Portelli and other authors

This program is free software; you can redistribute it and/or modify
it under the terms of the GNU General Public License as published by
the Free Software Foundation; either version 2 of the License, or
(at your option) any later version.

This program is distributed in the hope that it will be useful,
but WITHOUT ANY WARRANTY; without even the implied warranty of
MERCHANTABILITY or FITNESS FOR A PARTICULAR PURPOSE.  See the
GNU General Public License for more details.
Current Grid git commit hash=82d411ca7bb8ec4a5b5c3815df23674cfd291070: (HEAD -> develop, origin/develop, origin/HEAD) clean

Grid : Message : ================================================ 
Grid : Message : MPI is initialised and logging filters activated 
Grid : Message : ================================================ 
Grid : Message : This rank is running on host genoahost104.sdcc.bnl.local at local time 2026-02-27 14:01:53
Grid : Message : Requested 17179869184 byte stencil comms buffers 
Grid : Message : MemoryManager::Init() setting up
Grid : Message : MemoryManager::Init() cache pool for recent host   allocations: SMALL 8 LARGE 2 HUGE 0
Grid : Message : MemoryManager::Init() cache pool for recent device allocations: SMALL 16 LARGE 8 Huge 0
Grid : Message : MemoryManager::Init() cache pool for recent shared allocations: SMALL 16 LARGE 8 Huge 0
Grid : Message : MemoryManager::Init() Unified memory space
Example_spec_kryschur: ../../Grid/util/Init.cc:235: void Grid::GridParseLayout(char**, int, Grid::Coordinate&, Grid::Coordinate&): Assertion `latt.size()==nd' failed.
[genoahost104:634568] *** Process received signal ***
[genoahost104:634568] Signal: Aborted (6)
[genoahost104:634568] Signal code:  (-6)
[genoahost104:634568] [ 0] /lib64/libc.so.6(+0x3fc30)[0x14d02ec3fc30]
[genoahost104:634568] [ 1] /lib64/libc.so.6(+0x8d02c)[0x14d02ec8d02c]
[genoahost104:634568] [ 2] /lib64/libc.so.6(raise+0x16)[0x14d02ec3fb86]
[genoahost104:634568] [ 3] /lib64/libc.so.6(abort+0xd3)[0x14d02ec29873]
[genoahost104:634568] [ 4] /lib64/libc.so.6(+0x2979b)[0x14d02ec2979b]
[genoahost104:634568] [ 5] /lib64/libc.so.6(+0x388c6)[0x14d02ec388c6]
[genoahost104:634568] [ 6] /direct/sdcc+u/poare/Grid/build/examples/./Example_spec_kryschur[0x4c0ac6]
[genoahost104:634568] [ 7] /direct/sdcc+u/poare/Grid/build/examples/./Example_spec_kryschur[0x4c4b42]
[genoahost104:634568] [ 8] /direct/sdcc+u/poare/Grid/build/examples/./Example_spec_kryschur[0x4115b3]
[genoahost104:634568] [ 9] /lib64/libc.so.6(+0x2a610)[0x14d02ec2a610]
[genoahost104:634568] [10] /lib64/libc.so.6(__libc_start_main+0x80)[0x14d02ec2a6c0]
[genoahost104:634568] [11] /direct/sdcc+u/poare/Grid/build/examples/./Example_spec_kryschur[0x4147f5]
[genoahost104:634568] *** End of error message ***

__|__|__|__|__|__|__|__|__|__|__|__|__|__|__
__|__|__|__|__|__|__|__|__|__|__|__|__|__|__
__|_ |  |  |  |  |  |  |  |  |  |  |  | _|__
__|_                                    _|__
__|_   GGGG    RRRR    III    DDDD      _|__
__|_  G        R   R    I     D   D     _|__
__|_  G        R   R    I     D    D    _|__
__|_  G  GG    RRRR     I     D    D    _|__
__|_  G   G    R  R     I     D   D     _|__
__|_   GGGG    R   R   III    DDDD      _|__
__|_                                    _|__
__|__|__|__|__|__|__|__|__|__|__|__|__|__|__
__|__|__|__|__|__|__|__|__|__|__|__|__|__|__
  |  |  |  |  |  |  |  |  |  |  |  |  |  |  


Copyright (C) 2015 Peter Boyle, Azusa Yamaguchi, Guido Cossu, Antonin Portelli and other authors

This program is free software; you can redistribute it and/or modify
it under the terms of the GNU General Public License as published by
the Free Software Foundation; either version 2 of the License, or
(at your option) any later version.

This program is distributed in the hope that it will be useful,
but WITHOUT ANY WARRANTY; without even the implied warranty of
MERCHANTABILITY or FITNESS FOR A PARTICULAR PURPOSE.  See the
GNU General Public License for more details.
Current Grid git commit hash=82d411ca7bb8ec4a5b5c3815df23674cfd291070: (HEAD -> develop, origin/develop, origin/HEAD) clean

Grid : Message : ================================================ 
Grid : Message : MPI is initialised and logging filters activated 
Grid : Message : ================================================ 
Grid : Message : This rank is running on host genoahost104.sdcc.bnl.local at local time 2026-02-27 14:01:53
Grid : Message : Requested 17179869184 byte stencil comms buffers 
Grid : Message : MemoryManager::Init() setting up
Grid : Message : MemoryManager::Init() cache pool for recent host   allocations: SMALL 8 LARGE 2 HUGE 0
Grid : Message : MemoryManager::Init() cache pool for recent device allocations: SMALL 16 LARGE 8 Huge 0
Grid : Message : MemoryManager::Init() cache pool for recent shared allocations: SMALL 16 LARGE 8 Huge 0
Grid : Message : MemoryManager::Init() Unified memory space
Example_spec_kryschur: ../../Grid/util/Init.cc:235: void Grid::GridParseLayout(char**, int, Grid::Coordinate&, Grid::Coordinate&): Assertion `latt.size()==nd' failed.
[genoahost104:634555] *** Process received signal ***
[genoahost104:634555] Signal: Aborted (6)
[genoahost104:634555] Signal code:  (-6)
[genoahost104:634555] [ 0] /lib64/libc.so.6(+0x3fc30)[0x14bcdfa3fc30]
[genoahost104:634555] [ 1] /lib64/libc.so.6(+0x8d02c)[0x14bcdfa8d02c]
[genoahost104:634555] [ 2] /lib64/libc.so.6(raise+0x16)[0x14bcdfa3fb86]
[genoahost104:634555] [ 3] /lib64/libc.so.6(abort+0xd3)[0x14bcdfa29873]
[genoahost104:634555] [ 4] /lib64/libc.so.6(+0x2979b)[0x14bcdfa2979b]
[genoahost104:634555] [ 5] /lib64/libc.so.6(+0x388c6)[0x14bcdfa388c6]
[genoahost104:634555] [ 6] /direct/sdcc+u/poare/Grid/build/examples/./Example_spec_kryschur[0x4c0ac6]
[genoahost104:634555] [ 7] /direct/sdcc+u/poare/Grid/build/examples/./Example_spec_kryschur[0x4c4b42]
[genoahost104:634555] [ 8] /direct/sdcc+u/poare/Grid/build/examples/./Example_spec_kryschur[0x4115b3]
[genoahost104:634555] [ 9] /lib64/libc.so.6(+0x2a610)[0x14bcdfa2a610]
[genoahost104:634555] [10] /lib64/libc.so.6(__libc_start_main+0x80)[0x14bcdfa2a6c0]
[genoahost104:634555] [11] /direct/sdcc+u/poare/Grid/build/examples/./Example_spec_kryschur[0x4147f5]
[genoahost104:634555] *** End of error message ***

__|__|__|__|__|__|__|__|__|__|__|__|__|__|__
__|__|__|__|__|__|__|__|__|__|__|__|__|__|__
__|_ |  |  |  |  |  |  |  |  |  |  |  | _|__
__|_                                    _|__
__|_   GGGG    RRRR    III    DDDD      _|__
__|_  G        R   R    I     D   D     _|__
__|_  G        R   R    I     D    D    _|__
__|_  G  GG    RRRR     I     D    D    _|__
__|_  G   G    R  R     I     D   D     _|__
__|_   GGGG    R   R   III    DDDD      _|__
__|_                                    _|__
__|__|__|__|__|__|__|__|__|__|__|__|__|__|__
__|__|__|__|__|__|__|__|__|__|__|__|__|__|__
  |  |  |  |  |  |  |  |  |  |  |  |  |  |  


Copyright (C) 2015 Peter Boyle, Azusa Yamaguchi, Guido Cossu, Antonin Portelli and other authors

This program is free software; you can redistribute it and/or modify
it under the terms of the GNU General Public License as published by
the Free Software Foundation; either version 2 of the License, or
(at your option) any later version.

This program is distributed in the hope that it will be useful,
but WITHOUT ANY WARRANTY; without even the implied warranty of
MERCHANTABILITY or FITNESS FOR A PARTICULAR PURPOSE.  See the
GNU General Public License for more details.
Current Grid git commit hash=82d411ca7bb8ec4a5b5c3815df23674cfd291070: (HEAD -> develop, origin/develop, origin/HEAD) clean

Grid : Message : ================================================ 
Grid : Message : MPI is initialised and logging filters activated 
Grid : Message : ================================================ 
Grid : Message : This rank is running on host genoahost101.sdcc.bnl.local at local time 2026-02-27 14:01:53
Grid : Message : Requested 17179869184 byte stencil comms buffers 
Grid : Message : MemoryManager::Init() setting up
Grid : Message : MemoryManager::Init() cache pool for recent host   allocations: SMALL 8 LARGE 2 HUGE 0
Grid : Message : MemoryManager::Init() cache pool for recent device allocations: SMALL 16 LARGE 8 Huge 0
Grid : Message : MemoryManager::Init() cache pool for recent shared allocations: SMALL 16 LARGE 8 Huge 0
Grid : Message : MemoryManager::Init() Unified memory space
Example_spec_kryschur: ../../Grid/util/Init.cc:235: void Grid::GridParseLayout(char**, int, Grid::Coordinate&, Grid::Coordinate&): Assertion `latt.size()==nd' failed.
[genoahost101:1152019] *** Process received signal ***
[genoahost101:1152019] Signal: Aborted (6)
[genoahost101:1152019] Signal code:  (-6)
[genoahost101:1152019] [ 0] /lib64/libc.so.6(+0x3fc30)[0x155230c3fc30]
[genoahost101:1152019] [ 1] /lib64/libc.so.6(+0x8d02c)[0x155230c8d02c]
[genoahost101:1152019] [ 2] /lib64/libc.so.6(raise+0x16)[0x155230c3fb86]
[genoahost101:1152019] [ 3] /lib64/libc.so.6(abort+0xd3)[0x155230c29873]
[genoahost101:1152019] [ 4] /lib64/libc.so.6(+0x2979b)[0x155230c2979b]
[genoahost101:1152019] [ 5] /lib64/libc.so.6(+0x388c6)[0x155230c388c6]
[genoahost101:1152019] [ 6] /direct/sdcc+u/poare/Grid/build/examples/./Example_spec_kryschur[0x4c0ac6]
[genoahost101:1152019] [ 7] /direct/sdcc+u/poare/Grid/build/examples/./Example_spec_kryschur[0x4c4b42]
[genoahost101:1152019] [ 8] /direct/sdcc+u/poare/Grid/build/examples/./Example_spec_kryschur[0x4115b3]
[genoahost101:1152019] [ 9] /lib64/libc.so.6(+0x2a610)[0x155230c2a610]
[genoahost101:1152019] [10] /lib64/libc.so.6(__libc_start_main+0x80)[0x155230c2a6c0]
[genoahost101:1152019] [11] /direct/sdcc+u/poare/Grid/build/examples/./Example_spec_kryschur[0x4147f5]
[genoahost101:1152019] *** End of error message ***

__|__|__|__|__|__|__|__|__|__|__|__|__|__|__
__|__|__|__|__|__|__|__|__|__|__|__|__|__|__
__|_ |  |  |  |  |  |  |  |  |  |  |  | _|__
__|_                                    _|__
__|_   GGGG    RRRR    III    DDDD      _|__
__|_  G        R   R    I     D   D     _|__
__|_  G        R   R    I     D    D    _|__
__|_  G  GG    RRRR     I     D    D    _|__
__|_  G   G    R  R     I     D   D     _|__
__|_   GGGG    R   R   III    DDDD      _|__
__|_                                    _|__
__|__|__|__|__|__|__|__|__|__|__|__|__|__|__
__|__|__|__|__|__|__|__|__|__|__|__|__|__|__
  |  |  |  |  |  |  |  |  |  |  |  |  |  |  


Copyright (C) 2015 Peter Boyle, Azusa Yamaguchi, Guido Cossu, Antonin Portelli and other authors

This program is free software; you can redistribute it and/or modify
it under the terms of the GNU General Public License as published by
the Free Software Foundation; either version 2 of the License, or
(at your option) any later version.

This program is distributed in the hope that it will be useful,
but WITHOUT ANY WARRANTY; without even the implied warranty of
MERCHANTABILITY or FITNESS FOR A PARTICULAR PURPOSE.  See the
GNU General Public License for more details.
Current Grid git commit hash=82d411ca7bb8ec4a5b5c3815df23674cfd291070: (HEAD -> develop, origin/develop, origin/HEAD) clean

Grid : Message : ================================================ 
Grid : Message : MPI is initialised and logging filters activated 
Grid : Message : ================================================ 
Grid : Message : This rank is running on host genoahost098.sdcc.bnl.local at local time 2026-02-27 14:01:53
Grid : Message : Requested 17179869184 byte stencil comms buffers 
Grid : Message : MemoryManager::Init() setting up
Grid : Message : MemoryManager::Init() cache pool for recent host   allocations: SMALL 8 LARGE 2 HUGE 0
Grid : Message : MemoryManager::Init() cache pool for recent device allocations: SMALL 16 LARGE 8 Huge 0
Grid : Message : MemoryManager::Init() cache pool for recent shared allocations: SMALL 16 LARGE 8 Huge 0
Grid : Message : MemoryManager::Init() Unified memory space
Example_spec_kryschur: ../../Grid/util/Init.cc:235: void Grid::GridParseLayout(char**, int, Grid::Coordinate&, Grid::Coordinate&): Assertion `latt.size()==nd' failed.
[genoahost098:1634390] *** Process received signal ***
[genoahost098:1634390] Signal: Aborted (6)
[genoahost098:1634390] Signal code:  (-6)
[genoahost098:1634390] [ 0] /lib64/libc.so.6(+0x3fc30)[0x1523c5e3fc30]
[genoahost098:1634390] [ 1] /lib64/libc.so.6(+0x8d02c)[0x1523c5e8d02c]
[genoahost098:1634390] [ 2] /lib64/libc.so.6(raise+0x16)[0x1523c5e3fb86]
[genoahost098:1634390] [ 3] /lib64/libc.so.6(abort+0xd3)[0x1523c5e29873]
[genoahost098:1634390] [ 4] /lib64/libc.so.6(+0x2979b)[0x1523c5e2979b]
[genoahost098:1634390] [ 5] /lib64/libc.so.6(+0x388c6)[0x1523c5e388c6]
[genoahost098:1634390] [ 6] /direct/sdcc+u/poare/Grid/build/examples/./Example_spec_kryschur[0x4c0ac6]
[genoahost098:1634390] [ 7] /direct/sdcc+u/poare/Grid/build/examples/./Example_spec_kryschur[0x4c4b42]
[genoahost098:1634390] [ 8] /direct/sdcc+u/poare/Grid/build/examples/./Example_spec_kryschur[0x4115b3]
[genoahost098:1634390] [ 9] /lib64/libc.so.6(+0x2a610)[0x1523c5e2a610]
[genoahost098:1634390] [10] /lib64/libc.so.6(__libc_start_main+0x80)[0x1523c5e2a6c0]
[genoahost098:1634390] [11] /direct/sdcc+u/poare/Grid/build/examples/./Example_spec_kryschur[0x4147f5]
[genoahost098:1634390] *** End of error message ***

__|__|__|__|__|__|__|__|__|__|__|__|__|__|__
__|__|__|__|__|__|__|__|__|__|__|__|__|__|__
__|_ |  |  |  |  |  |  |  |  |  |  |  | _|__
__|_                                    _|__
__|_   GGGG    RRRR    III    DDDD      _|__
__|_  G        R   R    I     D   D     _|__
__|_  G        R   R    I     D    D    _|__
__|_  G  GG    RRRR     I     D    D    _|__
__|_  G   G    R  R     I     D   D     _|__
__|_   GGGG    R   R   III    DDDD      _|__
__|_                                    _|__
__|__|__|__|__|__|__|__|__|__|__|__|__|__|__
__|__|__|__|__|__|__|__|__|__|__|__|__|__|__
  |  |  |  |  |  |  |  |  |  |  |  |  |  |  


Copyright (C) 2015 Peter Boyle, Azusa Yamaguchi, Guido Cossu, Antonin Portelli and other authors

This program is free software; you can redistribute it and/or modify
it under the terms of the GNU General Public License as published by
the Free Software Foundation; either version 2 of the License, or
(at your option) any later version.

This program is distributed in the hope that it will be useful,
but WITHOUT ANY WARRANTY; without even the implied warranty of
MERCHANTABILITY or FITNESS FOR A PARTICULAR PURPOSE.  See the
GNU General Public License for more details.
Current Grid git commit hash=82d411ca7bb8ec4a5b5c3815df23674cfd291070: (HEAD -> develop, origin/develop, origin/HEAD) clean

Grid : Message : ================================================ 
Grid : Message : MPI is initialised and logging filters activated 
Grid : Message : ================================================ 
Grid : Message : This rank is running on host genoahost102.sdcc.bnl.local at local time 2026-02-27 14:01:54
Grid : Message : Requested 17179869184 byte stencil comms buffers 
Grid : Message : MemoryManager::Init() setting up
Grid : Message : MemoryManager::Init() cache pool for recent host   allocations: SMALL 8 LARGE 2 HUGE 0
Grid : Message : MemoryManager::Init() cache pool for recent device allocations: SMALL 16 LARGE 8 Huge 0
Grid : Message : MemoryManager::Init() cache pool for recent shared allocations: SMALL 16 LARGE 8 Huge 0
Grid : Message : MemoryManager::Init() Unified memory space
Example_spec_kryschur: ../../Grid/util/Init.cc:235: void Grid::GridParseLayout(char**, int, Grid::Coordinate&, Grid::Coordinate&): Assertion `latt.size()==nd' failed.
[genoahost102:632424] *** Process received signal ***
[genoahost102:632424] Signal: Aborted (6)
[genoahost102:632424] Signal code:  (-6)
[genoahost102:632424] [ 0] /lib64/libc.so.6(+0x3fc30)[0x14b17783fc30]
[genoahost102:632424] [ 1] /lib64/libc.so.6(+0x8d02c)[0x14b17788d02c]
[genoahost102:632424] [ 2] /lib64/libc.so.6(raise+0x16)[0x14b17783fb86]
[genoahost102:632424] [ 3] /lib64/libc.so.6(abort+0xd3)[0x14b177829873]
[genoahost102:632424] [ 4] /lib64/libc.so.6(+0x2979b)[0x14b17782979b]
[genoahost102:632424] [ 5] /lib64/libc.so.6(+0x388c6)[0x14b1778388c6]
[genoahost102:632424] [ 6] /direct/sdcc+u/poare/Grid/build/examples/./Example_spec_kryschur[0x4c0ac6]
[genoahost102:632424] [ 7] /direct/sdcc+u/poare/Grid/build/examples/./Example_spec_kryschur[0x4c4b42]
[genoahost102:632424] [ 8] /direct/sdcc+u/poare/Grid/build/examples/./Example_spec_kryschur[0x4115b3]
[genoahost102:632424] [ 9] /lib64/libc.so.6(+0x2a610)[0x14b17782a610]
[genoahost102:632424] [10] /lib64/libc.so.6(__libc_start_main+0x80)[0x14b17782a6c0]
[genoahost102:632424] [11] /direct/sdcc+u/poare/Grid/build/examples/./Example_spec_kryschur[0x4147f5]
[genoahost102:632424] *** End of error message ***

__|__|__|__|__|__|__|__|__|__|__|__|__|__|__
__|__|__|__|__|__|__|__|__|__|__|__|__|__|__
__|_ |  |  |  |  |  |  |  |  |  |  |  | _|__
__|_                                    _|__
__|_   GGGG    RRRR    III    DDDD      _|__
__|_  G        R   R    I     D   D     _|__
__|_  G        R   R    I     D    D    _|__
__|_  G  GG    RRRR     I     D    D    _|__
__|_  G   G    R  R     I     D   D     _|__
__|_   GGGG    R   R   III    DDDD      _|__
__|_                                    _|__
__|__|__|__|__|__|__|__|__|__|__|__|__|__|__
__|__|__|__|__|__|__|__|__|__|__|__|__|__|__
  |  |  |  |  |  |  |  |  |  |  |  |  |  |  


Copyright (C) 2015 Peter Boyle, Azusa Yamaguchi, Guido Cossu, Antonin Portelli and other authors

This program is free software; you can redistribute it and/or modify
it under the terms of the GNU General Public License as published by
the Free Software Foundation; either version 2 of the License, or
(at your option) any later version.

This program is distributed in the hope that it will be useful,
but WITHOUT ANY WARRANTY; without even the implied warranty of
MERCHANTABILITY or FITNESS FOR A PARTICULAR PURPOSE.  See the
GNU General Public License for more details.
Current Grid git commit hash=82d411ca7bb8ec4a5b5c3815df23674cfd291070: (HEAD -> develop, origin/develop, origin/HEAD) clean

Grid : Message : ================================================ 
Grid : Message : MPI is initialised and logging filters activated 
Grid : Message : ================================================ 
Grid : Message : This rank is running on host genoahost102.sdcc.bnl.local at local time 2026-02-27 14:01:54
Grid : Message : Requested 17179869184 byte stencil comms buffers 
Grid : Message : MemoryManager::Init() setting up
Grid : Message : MemoryManager::Init() cache pool for recent host   allocations: SMALL 8 LARGE 2 HUGE 0
Grid : Message : MemoryManager::Init() cache pool for recent device allocations: SMALL 16 LARGE 8 Huge 0
Grid : Message : MemoryManager::Init() cache pool for recent shared allocations: SMALL 16 LARGE 8 Huge 0
Grid : Message : MemoryManager::Init() Unified memory space
Example_spec_kryschur: ../../Grid/util/Init.cc:235: void Grid::GridParseLayout(char**, int, Grid::Coordinate&, Grid::Coordinate&): Assertion `latt.size()==nd' failed.
[genoahost102:632420] *** Process received signal ***
[genoahost102:632420] Signal: Aborted (6)
[genoahost102:632420] Signal code:  (-6)
[genoahost102:632420] [ 0] /lib64/libc.so.6(+0x3fc30)[0x145b7083fc30]
[genoahost102:632420] [ 1] /lib64/libc.so.6(+0x8d02c)[0x145b7088d02c]
[genoahost102:632420] [ 2] /lib64/libc.so.6(raise+0x16)[0x145b7083fb86]
[genoahost102:632420] [ 3] /lib64/libc.so.6(abort+0xd3)[0x145b70829873]
[genoahost102:632420] [ 4] /lib64/libc.so.6(+0x2979b)[0x145b7082979b]
[genoahost102:632420] [ 5] /lib64/libc.so.6(+0x388c6)[0x145b708388c6]
[genoahost102:632420] [ 6] /direct/sdcc+u/poare/Grid/build/examples/./Example_spec_kryschur[0x4c0ac6]
[genoahost102:632420] [ 7] /direct/sdcc+u/poare/Grid/build/examples/./Example_spec_kryschur[0x4c4b42]
[genoahost102:632420] [ 8] /direct/sdcc+u/poare/Grid/build/examples/./Example_spec_kryschur[0x4115b3]
[genoahost102:632420] [ 9] /lib64/libc.so.6(+0x2a610)[0x145b7082a610]
[genoahost102:632420] [10] /lib64/libc.so.6(__libc_start_main+0x80)[0x145b7082a6c0]
[genoahost102:632420] [11] /direct/sdcc+u/poare/Grid/build/examples/./Example_spec_kryschur[0x4147f5]
[genoahost102:632420] *** End of error message ***

__|__|__|__|__|__|__|__|__|__|__|__|__|__|__
__|__|__|__|__|__|__|__|__|__|__|__|__|__|__
__|_ |  |  |  |  |  |  |  |  |  |  |  | _|__
__|_                                    _|__
__|_   GGGG    RRRR    III    DDDD      _|__
__|_  G        R   R    I     D   D     _|__
__|_  G        R   R    I     D    D    _|__
__|_  G  GG    RRRR     I     D    D    _|__
__|_  G   G    R  R     I     D   D     _|__
__|_   GGGG    R   R   III    DDDD      _|__
__|_                                    _|__
__|__|__|__|__|__|__|__|__|__|__|__|__|__|__
__|__|__|__|__|__|__|__|__|__|__|__|__|__|__
  |  |  |  |  |  |  |  |  |  |  |  |  |  |  


Copyright (C) 2015 Peter Boyle, Azusa Yamaguchi, Guido Cossu, Antonin Portelli and other authors

This program is free software; you can redistribute it and/or modify
it under the terms of the GNU General Public License as published by
the Free Software Foundation; either version 2 of the License, or
(at your option) any later version.

This program is distributed in the hope that it will be useful,
but WITHOUT ANY WARRANTY; without even the implied warranty of
MERCHANTABILITY or FITNESS FOR A PARTICULAR PURPOSE.  See the
GNU General Public License for more details.
Current Grid git commit hash=82d411ca7bb8ec4a5b5c3815df23674cfd291070: (HEAD -> develop, origin/develop, origin/HEAD) clean

Grid : Message : ================================================ 
Grid : Message : MPI is initialised and logging filters activated 
Grid : Message : ================================================ 
Grid : Message : This rank is running on host genoahost102.sdcc.bnl.local at local time 2026-02-27 14:01:54
Grid : Message : Requested 17179869184 byte stencil comms buffers 
Grid : Message : MemoryManager::Init() setting up
Grid : Message : MemoryManager::Init() cache pool for recent host   allocations: SMALL 8 LARGE 2 HUGE 0
Grid : Message : MemoryManager::Init() cache pool for recent device allocations: SMALL 16 LARGE 8 Huge 0
Grid : Message : MemoryManager::Init() cache pool for recent shared allocations: SMALL 16 LARGE 8 Huge 0
Grid : Message : MemoryManager::Init() Unified memory space
Example_spec_kryschur: ../../Grid/util/Init.cc:235: void Grid::GridParseLayout(char**, int, Grid::Coordinate&, Grid::Coordinate&): Assertion `latt.size()==nd' failed.
[genoahost102:632413] *** Process received signal ***
[genoahost102:632413] Signal: Aborted (6)
[genoahost102:632413] Signal code:  (-6)
[genoahost102:632413] [ 0] /lib64/libc.so.6(+0x3fc30)[0x145dd4e3fc30]
[genoahost102:632413] [ 1] /lib64/libc.so.6(+0x8d02c)[0x145dd4e8d02c]
[genoahost102:632413] [ 2] /lib64/libc.so.6(raise+0x16)[0x145dd4e3fb86]
[genoahost102:632413] [ 3] /lib64/libc.so.6(abort+0xd3)[0x145dd4e29873]
[genoahost102:632413] [ 4] /lib64/libc.so.6(+0x2979b)[0x145dd4e2979b]
[genoahost102:632413] [ 5] /lib64/libc.so.6(+0x388c6)[0x145dd4e388c6]
[genoahost102:632413] [ 6] /direct/sdcc+u/poare/Grid/build/examples/./Example_spec_kryschur[0x4c0ac6]
[genoahost102:632413] [ 7] /direct/sdcc+u/poare/Grid/build/examples/./Example_spec_kryschur[0x4c4b42]
[genoahost102:632413] [ 8] /direct/sdcc+u/poare/Grid/build/examples/./Example_spec_kryschur[0x4115b3]
[genoahost102:632413] [ 9] /lib64/libc.so.6(+0x2a610)[0x145dd4e2a610]
[genoahost102:632413] [10] /lib64/libc.so.6(__libc_start_main+0x80)[0x145dd4e2a6c0]
[genoahost102:632413] [11] /direct/sdcc+u/poare/Grid/build/examples/./Example_spec_kryschur[0x4147f5]
[genoahost102:632413] *** End of error message ***

__|__|__|__|__|__|__|__|__|__|__|__|__|__|__
__|__|__|__|__|__|__|__|__|__|__|__|__|__|__
__|_ |  |  |  |  |  |  |  |  |  |  |  | _|__
__|_                                    _|__
__|_   GGGG    RRRR    III    DDDD      _|__
__|_  G        R   R    I     D   D     _|__
__|_  G        R   R    I     D    D    _|__
__|_  G  GG    RRRR     I     D    D    _|__
__|_  G   G    R  R     I     D   D     _|__
__|_   GGGG    R   R   III    DDDD      _|__
__|_                                    _|__
__|__|__|__|__|__|__|__|__|__|__|__|__|__|__
__|__|__|__|__|__|__|__|__|__|__|__|__|__|__
  |  |  |  |  |  |  |  |  |  |  |  |  |  |  


Copyright (C) 2015 Peter Boyle, Azusa Yamaguchi, Guido Cossu, Antonin Portelli and other authors

This program is free software; you can redistribute it and/or modify
it under the terms of the GNU General Public License as published by
the Free Software Foundation; either version 2 of the License, or
(at your option) any later version.

This program is distributed in the hope that it will be useful,
but WITHOUT ANY WARRANTY; without even the implied warranty of
MERCHANTABILITY or FITNESS FOR A PARTICULAR PURPOSE.  See the
GNU General Public License for more details.
Current Grid git commit hash=82d411ca7bb8ec4a5b5c3815df23674cfd291070: (HEAD -> develop, origin/develop, origin/HEAD) clean

Grid : Message : ================================================ 
Grid : Message : MPI is initialised and logging filters activated 
Grid : Message : ================================================ 
Grid : Message : This rank is running on host genoahost102.sdcc.bnl.local at local time 2026-02-27 14:01:54
Grid : Message : Requested 17179869184 byte stencil comms buffers 
Grid : Message : MemoryManager::Init() setting up
Grid : Message : MemoryManager::Init() cache pool for recent host   allocations: SMALL 8 LARGE 2 HUGE 0
Grid : Message : MemoryManager::Init() cache pool for recent device allocations: SMALL 16 LARGE 8 Huge 0
Grid : Message : MemoryManager::Init() cache pool for recent shared allocations: SMALL 16 LARGE 8 Huge 0
Grid : Message : MemoryManager::Init() Unified memory space
Example_spec_kryschur: ../../Grid/util/Init.cc:235: void Grid::GridParseLayout(char**, int, Grid::Coordinate&, Grid::Coordinate&): Assertion `latt.size()==nd' failed.
[genoahost102:632422] *** Process received signal ***
[genoahost102:632422] Signal: Aborted (6)
[genoahost102:632422] Signal code:  (-6)
[genoahost102:632422] [ 0] /lib64/libc.so.6(+0x3fc30)[0x150d3663fc30]
[genoahost102:632422] [ 1] /lib64/libc.so.6(+0x8d02c)[0x150d3668d02c]
[genoahost102:632422] [ 2] /lib64/libc.so.6(raise+0x16)[0x150d3663fb86]
[genoahost102:632422] [ 3] /lib64/libc.so.6(abort+0xd3)[0x150d36629873]
[genoahost102:632422] [ 4] /lib64/libc.so.6(+0x2979b)[0x150d3662979b]
[genoahost102:632422] [ 5] /lib64/libc.so.6(+0x388c6)[0x150d366388c6]
[genoahost102:632422] [ 6] /direct/sdcc+u/poare/Grid/build/examples/./Example_spec_kryschur[0x4c0ac6]
[genoahost102:632422] [ 7] /direct/sdcc+u/poare/Grid/build/examples/./Example_spec_kryschur[0x4c4b42]
[genoahost102:632422] [ 8] /direct/sdcc+u/poare/Grid/build/examples/./Example_spec_kryschur[0x4115b3]
[genoahost102:632422] [ 9] /lib64/libc.so.6(+0x2a610)[0x150d3662a610]
[genoahost102:632422] [10] /lib64/libc.so.6(__libc_start_main+0x80)[0x150d3662a6c0]
[genoahost102:632422] [11] /direct/sdcc+u/poare/Grid/build/examples/./Example_spec_kryschur[0x4147f5]
[genoahost102:632422] *** End of error message ***
srun: error: genoahost099: task 40: Aborted (core dumped)
srun: error: genoahost097: task 9: Aborted (core dumped)
srun: error: genoahost097: task 6: Aborted (core dumped)
srun: error: genoahost100: tasks 48,58: Aborted (core dumped)
srun: error: genoahost097: tasks 13,15: Aborted (core dumped)

__|__|__|__|__|__|__|__|__|__|__|__|__|__|__
__|__|__|__|__|__|__|__|__|__|__|__|__|__|__
__|_ |  |  |  |  |  |  |  |  |  |  |  | _|__
__|_                                    _|__
__|_   GGGG    RRRR    III    DDDD      _|__
__|_  G        R   R    I     D   D     _|__
__|_  G        R   R    I     D    D    _|__
__|_  G  GG    RRRR     I     D    D    _|__
__|_  G   G    R  R     I     D   D     _|__
__|_   GGGG    R   R   III    DDDD      _|__
__|_                                    _|__
__|__|__|__|__|__|__|__|__|__|__|__|__|__|__
__|__|__|__|__|__|__|__|__|__|__|__|__|__|__
  |  |  |  |  |  |  |  |  |  |  |  |  |  |  


Copyright (C) 2015 Peter Boyle, Azusa Yamaguchi, Guido Cossu, Antonin Portelli and other authors

This program is free software; you can redistribute it and/or modify
it under the terms of the GNU General Public License as published by
the Free Software Foundation; either version 2 of the License, or
(at your option) any later version.

This program is distributed in the hope that it will be useful,
but WITHOUT ANY WARRANTY; without even the implied warranty of
MERCHANTABILITY or FITNESS FOR A PARTICULAR PURPOSE.  See the
GNU General Public License for more details.
Current Grid git commit hash=82d411ca7bb8ec4a5b5c3815df23674cfd291070: (HEAD -> develop, origin/develop, origin/HEAD) clean

Grid : Message : ================================================ 
Grid : Message : MPI is initialised and logging filters activated 
Grid : Message : ================================================ 
Grid : Message : This rank is running on host genoahost100.sdcc.bnl.local at local time 2026-02-27 14:01:56
Grid : Message : Requested 17179869184 byte stencil comms buffers 
Grid : Message : MemoryManager::Init() setting up
Grid : Message : MemoryManager::Init() cache pool for recent host   allocations: SMALL 8 LARGE 2 HUGE 0
Grid : Message : MemoryManager::Init() cache pool for recent device allocations: SMALL 16 LARGE 8 Huge 0
Grid : Message : MemoryManager::Init() cache pool for recent shared allocations: SMALL 16 LARGE 8 Huge 0
Grid : Message : MemoryManager::Init() Unified memory space
Example_spec_kryschur: ../../Grid/util/Init.cc:235: void Grid::GridParseLayout(char**, int, Grid::Coordinate&, Grid::Coordinate&): Assertion `latt.size()==nd' failed.
[genoahost100:652892] *** Process received signal ***
[genoahost100:652892] Signal: Aborted (6)
[genoahost100:652892] Signal code:  (-6)
[genoahost100:652892] [ 0] /lib64/libc.so.6(+0x3fc30)[0x14d187e3fc30]
[genoahost100:652892] [ 1] /lib64/libc.so.6(+0x8d02c)[0x14d187e8d02c]
[genoahost100:652892] [ 2] /lib64/libc.so.6(raise+0x16)[0x14d187e3fb86]
[genoahost100:652892] [ 3] /lib64/libc.so.6(abort+0xd3)[0x14d187e29873]
[genoahost100:652892] [ 4] /lib64/libc.so.6(+0x2979b)[0x14d187e2979b]
[genoahost100:652892] [ 5] /lib64/libc.so.6(+0x388c6)[0x14d187e388c6]
[genoahost100:652892] [ 6] /direct/sdcc+u/poare/Grid/build/examples/./Example_spec_kryschur[0x4c0ac6]
[genoahost100:652892] [ 7] /direct/sdcc+u/poare/Grid/build/examples/./Example_spec_kryschur[0x4c4b42]
[genoahost100:652892] [ 8] /direct/sdcc+u/poare/Grid/build/examples/./Example_spec_kryschur[0x4115b3]
[genoahost100:652892] [ 9] /lib64/libc.so.6(+0x2a610)[0x14d187e2a610]
[genoahost100:652892] [10] /lib64/libc.so.6(__libc_start_main+0x80)[0x14d187e2a6c0]
[genoahost100:652892] [11] /direct/sdcc+u/poare/Grid/build/examples/./Example_spec_kryschur[0x4147f5]
[genoahost100:652892] *** End of error message ***

__|__|__|__|__|__|__|__|__|__|__|__|__|__|__
__|__|__|__|__|__|__|__|__|__|__|__|__|__|__
__|_ |  |  |  |  |  |  |  |  |  |  |  | _|__
__|_                                    _|__
__|_   GGGG    RRRR    III    DDDD      _|__
__|_  G        R   R    I     D   D     _|__
__|_  G        R   R    I     D    D    _|__
__|_  G  GG    RRRR     I     D    D    _|__
__|_  G   G    R  R     I     D   D     _|__
__|_   GGGG    R   R   III    DDDD      _|__
__|_                                    _|__
__|__|__|__|__|__|__|__|__|__|__|__|__|__|__
__|__|__|__|__|__|__|__|__|__|__|__|__|__|__
  |  |  |  |  |  |  |  |  |  |  |  |  |  |  


Copyright (C) 2015 Peter Boyle, Azusa Yamaguchi, Guido Cossu, Antonin Portelli and other authors

This program is free software; you can redistribute it and/or modify
it under the terms of the GNU General Public License as published by
the Free Software Foundation; either version 2 of the License, or
(at your option) any later version.

This program is distributed in the hope that it will be useful,
but WITHOUT ANY WARRANTY; without even the implied warranty of
MERCHANTABILITY or FITNESS FOR A PARTICULAR PURPOSE.  See the
GNU General Public License for more details.
Current Grid git commit hash=82d411ca7bb8ec4a5b5c3815df23674cfd291070: (HEAD -> develop, origin/develop, origin/HEAD) clean

Grid : Message : ================================================ 
Grid : Message : MPI is initialised and logging filters activated 
Grid : Message : ================================================ 
Grid : Message : This rank is running on host genoahost100.sdcc.bnl.local at local time 2026-02-27 14:01:56
Grid : Message : Requested 17179869184 byte stencil comms buffers 
Grid : Message : MemoryManager::Init() setting up
Grid : Message : MemoryManager::Init() cache pool for recent host   allocations: SMALL 8 LARGE 2 HUGE 0
Grid : Message : MemoryManager::Init() cache pool for recent device allocations: SMALL 16 LARGE 8 Huge 0
Grid : Message : MemoryManager::Init() cache pool for recent shared allocations: SMALL 16 LARGE 8 Huge 0
Grid : Message : MemoryManager::Init() Unified memory space
Example_spec_kryschur: ../../Grid/util/Init.cc:235: void Grid::GridParseLayout(char**, int, Grid::Coordinate&, Grid::Coordinate&): Assertion `latt.size()==nd' failed.
[genoahost100:652885] *** Process received signal ***
[genoahost100:652885] Signal: Aborted (6)
[genoahost100:652885] Signal code:  (-6)
[genoahost100:652885] [ 0] /lib64/libc.so.6(+0x3fc30)[0x15345b83fc30]
[genoahost100:652885] [ 1] /lib64/libc.so.6(+0x8d02c)[0x15345b88d02c]
[genoahost100:652885] [ 2] /lib64/libc.so.6(raise+0x16)[0x15345b83fb86]
[genoahost100:652885] [ 3] /lib64/libc.so.6(abort+0xd3)[0x15345b829873]
[genoahost100:652885] [ 4] /lib64/libc.so.6(+0x2979b)[0x15345b82979b]
[genoahost100:652885] [ 5] /lib64/libc.so.6(+0x388c6)[0x15345b8388c6]
[genoahost100:652885] [ 6] /direct/sdcc+u/poare/Grid/build/examples/./Example_spec_kryschur[0x4c0ac6]
[genoahost100:652885] [ 7] /direct/sdcc+u/poare/Grid/build/examples/./Example_spec_kryschur[0x4c4b42]
[genoahost100:652885] [ 8] /direct/sdcc+u/poare/Grid/build/examples/./Example_spec_kryschur[0x4115b3]
[genoahost100:652885] [ 9] /lib64/libc.so.6(+0x2a610)[0x15345b82a610]
[genoahost100:652885] [10] /lib64/libc.so.6(__libc_start_main+0x80)[0x15345b82a6c0]
[genoahost100:652885] [11] /direct/sdcc+u/poare/Grid/build/examples/./Example_spec_kryschur[0x4147f5]
[genoahost100:652885] *** End of error message ***
srun: error: genoahost100: task 50: Aborted (core dumped)

__|__|__|__|__|__|__|__|__|__|__|__|__|__|__
__|__|__|__|__|__|__|__|__|__|__|__|__|__|__
__|_ |  |  |  |  |  |  |  |  |  |  |  | _|__
__|_                                    _|__
__|_   GGGG    RRRR    III    DDDD      _|__
__|_  G        R   R    I     D   D     _|__
__|_  G        R   R    I     D    D    _|__
__|_  G  GG    RRRR     I     D    D    _|__
__|_  G   G    R  R     I     D   D     _|__
__|_   GGGG    R   R   III    DDDD      _|__
__|_                                    _|__
__|__|__|__|__|__|__|__|__|__|__|__|__|__|__
__|__|__|__|__|__|__|__|__|__|__|__|__|__|__
  |  |  |  |  |  |  |  |  |  |  |  |  |  |  


Copyright (C) 2015 Peter Boyle, Azusa Yamaguchi, Guido Cossu, Antonin Portelli and other authors

This program is free software; you can redistribute it and/or modify
it under the terms of the GNU General Public License as published by
the Free Software Foundation; either version 2 of the License, or
(at your option) any later version.

This program is distributed in the hope that it will be useful,
but WITHOUT ANY WARRANTY; without even the implied warranty of
MERCHANTABILITY or FITNESS FOR A PARTICULAR PURPOSE.  See the
GNU General Public License for more details.
Current Grid git commit hash=82d411ca7bb8ec4a5b5c3815df23674cfd291070: (HEAD -> develop, origin/develop, origin/HEAD) clean

Grid : Message : ================================================ 
Grid : Message : MPI is initialised and logging filters activated 
Grid : Message : ================================================ 
Grid : Message : This rank is running on host genoahost097.sdcc.bnl.local at local time 2026-02-27 14:01:57
Grid : Message : Requested 17179869184 byte stencil comms buffers 
Grid : Message : MemoryManager::Init() setting up
Grid : Message : MemoryManager::Init() cache pool for recent host   allocations: SMALL 8 LARGE 2 HUGE 0
Grid : Message : MemoryManager::Init() cache pool for recent device allocations: SMALL 16 LARGE 8 Huge 0
Grid : Message : MemoryManager::Init() cache pool for recent shared allocations: SMALL 16 LARGE 8 Huge 0
Grid : Message : MemoryManager::Init() Unified memory space
Example_spec_kryschur: ../../Grid/util/Init.cc:235: void Grid::GridParseLayout(char**, int, Grid::Coordinate&, Grid::Coordinate&): Assertion `latt.size()==nd' failed.
[genoahost097:1736991] *** Process received signal ***
[genoahost097:1736991] Signal: Aborted (6)
[genoahost097:1736991] Signal code:  (-6)
[genoahost097:1736991] [ 0] /lib64/libc.so.6(+0x3fc30)[0x14f9e583fc30]
[genoahost097:1736991] [ 1] /lib64/libc.so.6(+0x8d02c)[0x14f9e588d02c]
[genoahost097:1736991] [ 2] /lib64/libc.so.6(raise+0x16)[0x14f9e583fb86]
[genoahost097:1736991] [ 3] /lib64/libc.so.6(abort+0xd3)[0x14f9e5829873]
[genoahost097:1736991] [ 4] /lib64/libc.so.6(+0x2979b)[0x14f9e582979b]
[genoahost097:1736991] [ 5] /lib64/libc.so.6(+0x388c6)[0x14f9e58388c6]
[genoahost097:1736991] [ 6] /direct/sdcc+u/poare/Grid/build/examples/./Example_spec_kryschur[0x4c0ac6]
[genoahost097:1736991] [ 7] /direct/sdcc+u/poare/Grid/build/examples/./Example_spec_kryschur[0x4c4b42]
[genoahost097:1736991] [ 8] /direct/sdcc+u/poare/Grid/build/examples/./Example_spec_kryschur[0x4115b3]
[genoahost097:1736991] [ 9] /lib64/libc.so.6(+0x2a610)[0x14f9e582a610]
[genoahost097:1736991] [10] /lib64/libc.so.6(__libc_start_main+0x80)[0x14f9e582a6c0]
[genoahost097:1736991] [11] /direct/sdcc+u/poare/Grid/build/examples/./Example_spec_kryschur[0x4147f5]
[genoahost097:1736991] *** End of error message ***

__|__|__|__|__|__|__|__|__|__|__|__|__|__|__
__|__|__|__|__|__|__|__|__|__|__|__|__|__|__
__|_ |  |  |  |  |  |  |  |  |  |  |  | _|__
__|_                                    _|__
__|_   GGGG    RRRR    III    DDDD      _|__
__|_  G        R   R    I     D   D     _|__
__|_  G        R   R    I     D    D    _|__
__|_  G  GG    RRRR     I     D    D    _|__
__|_  G   G    R  R     I     D   D     _|__
__|_   GGGG    R   R   III    DDDD      _|__
__|_                                    _|__
__|__|__|__|__|__|__|__|__|__|__|__|__|__|__
__|__|__|__|__|__|__|__|__|__|__|__|__|__|__
  |  |  |  |  |  |  |  |  |  |  |  |  |  |  


Copyright (C) 2015 Peter Boyle, Azusa Yamaguchi, Guido Cossu, Antonin Portelli and other authors

This program is free software; you can redistribute it and/or modify
it under the terms of the GNU General Public License as published by
the Free Software Foundation; either version 2 of the License, or
(at your option) any later version.

This program is distributed in the hope that it will be useful,
but WITHOUT ANY WARRANTY; without even the implied warranty of
MERCHANTABILITY or FITNESS FOR A PARTICULAR PURPOSE.  See the
GNU General Public License for more details.
Current Grid git commit hash=82d411ca7bb8ec4a5b5c3815df23674cfd291070: (HEAD -> develop, origin/develop, origin/HEAD) clean

Grid : Message : ================================================ 
Grid : Message : MPI is initialised and logging filters activated 
Grid : Message : ================================================ 
Grid : Message : This rank is running on host genoahost097.sdcc.bnl.local at local time 2026-02-27 14:01:58
Grid : Message : Requested 17179869184 byte stencil comms buffers 
Grid : Message : MemoryManager::Init() setting up
Grid : Message : MemoryManager::Init() cache pool for recent host   allocations: SMALL 8 LARGE 2 HUGE 0
Grid : Message : MemoryManager::Init() cache pool for recent device allocations: SMALL 16 LARGE 8 Huge 0
Grid : Message : MemoryManager::Init() cache pool for recent shared allocations: SMALL 16 LARGE 8 Huge 0
Grid : Message : MemoryManager::Init() Unified memory space
Example_spec_kryschur: ../../Grid/util/Init.cc:235: void Grid::GridParseLayout(char**, int, Grid::Coordinate&, Grid::Coordinate&): Assertion `latt.size()==nd' failed.
[genoahost097:1736990] *** Process received signal ***
[genoahost097:1736990] Signal: Aborted (6)
[genoahost097:1736990] Signal code:  (-6)
[genoahost097:1736990] [ 0] /lib64/libc.so.6(+0x3fc30)[0x14bf9443fc30]
[genoahost097:1736990] [ 1] /lib64/libc.so.6(+0x8d02c)[0x14bf9448d02c]
[genoahost097:1736990] [ 2] /lib64/libc.so.6(raise+0x16)[0x14bf9443fb86]
[genoahost097:1736990] [ 3] /lib64/libc.so.6(abort+0xd3)[0x14bf94429873]
[genoahost097:1736990] [ 4] /lib64/libc.so.6(+0x2979b)[0x14bf9442979b]
[genoahost097:1736990] [ 5] /lib64/libc.so.6(+0x388c6)[0x14bf944388c6]
[genoahost097:1736990] [ 6] /direct/sdcc+u/poare/Grid/build/examples/./Example_spec_kryschur[0x4c0ac6]
[genoahost097:1736990] [ 7] /direct/sdcc+u/poare/Grid/build/examples/./Example_spec_kryschur[0x4c4b42]
[genoahost097:1736990] [ 8] /direct/sdcc+u/poare/Grid/build/examples/./Example_spec_kryschur[0x4115b3]
[genoahost097:1736990] [ 9] /lib64/libc.so.6(+0x2a610)[0x14bf9442a610]
[genoahost097:1736990] [10] /lib64/libc.so.6(__libc_start_main+0x80)[0x14bf9442a6c0]
[genoahost097:1736990] [11] /direct/sdcc+u/poare/Grid/build/examples/./Example_spec_kryschur[0x4147f5]
[genoahost097:1736990] *** End of error message ***

__|__|__|__|__|__|__|__|__|__|__|__|__|__|__
__|__|__|__|__|__|__|__|__|__|__|__|__|__|__
__|_ |  |  |  |  |  |  |  |  |  |  |  | _|__
__|_                                    _|__
__|_   GGGG    RRRR    III    DDDD      _|__
__|_  G        R   R    I     D   D     _|__
__|_  G        R   R    I     D    D    _|__
__|_  G  GG    RRRR     I     D    D    _|__
__|_  G   G    R  R     I     D   D     _|__
__|_   GGGG    R   R   III    DDDD      _|__
__|_                                    _|__
__|__|__|__|__|__|__|__|__|__|__|__|__|__|__
__|__|__|__|__|__|__|__|__|__|__|__|__|__|__
  |  |  |  |  |  |  |  |  |  |  |  |  |  |  


Copyright (C) 2015 Peter Boyle, Azusa Yamaguchi, Guido Cossu, Antonin Portelli and other authors

This program is free software; you can redistribute it and/or modify
it under the terms of the GNU General Public License as published by
the Free Software Foundation; either version 2 of the License, or
(at your option) any later version.

This program is distributed in the hope that it will be useful,
but WITHOUT ANY WARRANTY; without even the implied warranty of
MERCHANTABILITY or FITNESS FOR A PARTICULAR PURPOSE.  See the
GNU General Public License for more details.
Current Grid git commit hash=82d411ca7bb8ec4a5b5c3815df23674cfd291070: (HEAD -> develop, origin/develop, origin/HEAD) clean

Grid : Message : ================================================ 
Grid : Message : MPI is initialised and logging filters activated 
Grid : Message : ================================================ 
Grid : Message : This rank is running on host genoahost097.sdcc.bnl.local at local time 2026-02-27 14:01:58
Grid : Message : Requested 17179869184 byte stencil comms buffers 
Grid : Message : MemoryManager::Init() setting up
Grid : Message : MemoryManager::Init() cache pool for recent host   allocations: SMALL 8 LARGE 2 HUGE 0
Grid : Message : MemoryManager::Init() cache pool for recent device allocations: SMALL 16 LARGE 8 Huge 0
Grid : Message : MemoryManager::Init() cache pool for recent shared allocations: SMALL 16 LARGE 8 Huge 0
Grid : Message : MemoryManager::Init() Unified memory space
Example_spec_kryschur: ../../Grid/util/Init.cc:235: void Grid::GridParseLayout(char**, int, Grid::Coordinate&, Grid::Coordinate&): Assertion `latt.size()==nd' failed.
[genoahost097:1736983] *** Process received signal ***
[genoahost097:1736983] Signal: Aborted (6)
[genoahost097:1736983] Signal code:  (-6)
[genoahost097:1736983] [ 0] /lib64/libc.so.6(+0x3fc30)[0x14d2b543fc30]
[genoahost097:1736983] [ 1] /lib64/libc.so.6(+0x8d02c)[0x14d2b548d02c]
[genoahost097:1736983] [ 2] /lib64/libc.so.6(raise+0x16)[0x14d2b543fb86]
[genoahost097:1736983] [ 3] /lib64/libc.so.6(abort+0xd3)[0x14d2b5429873]
[genoahost097:1736983] [ 4] /lib64/libc.so.6(+0x2979b)[0x14d2b542979b]
[genoahost097:1736983] [ 5] /lib64/libc.so.6(+0x388c6)[0x14d2b54388c6]
[genoahost097:1736983] [ 6] /direct/sdcc+u/poare/Grid/build/examples/./Example_spec_kryschur[0x4c0ac6]
[genoahost097:1736983] [ 7] /direct/sdcc+u/poare/Grid/build/examples/./Example_spec_kryschur[0x4c4b42]
[genoahost097:1736983] [ 8] /direct/sdcc+u/poare/Grid/build/examples/./Example_spec_kryschur[0x4115b3]
[genoahost097:1736983] [ 9] /lib64/libc.so.6(+0x2a610)[0x14d2b542a610]
[genoahost097:1736983] [10] /lib64/libc.so.6(__libc_start_main+0x80)[0x14d2b542a6c0]
[genoahost097:1736983] [11] /direct/sdcc+u/poare/Grid/build/examples/./Example_spec_kryschur[0x4147f5]
[genoahost097:1736983] *** End of error message ***

__|__|__|__|__|__|__|__|__|__|__|__|__|__|__
__|__|__|__|__|__|__|__|__|__|__|__|__|__|__
__|_ |  |  |  |  |  |  |  |  |  |  |  | _|__
__|_                                    _|__
__|_   GGGG    RRRR    III    DDDD      _|__
__|_  G        R   R    I     D   D     _|__
__|_  G        R   R    I     D    D    _|__
__|_  G  GG    RRRR     I     D    D    _|__
__|_  G   G    R  R     I     D   D     _|__
__|_   GGGG    R   R   III    DDDD      _|__
__|_                                    _|__
__|__|__|__|__|__|__|__|__|__|__|__|__|__|__
__|__|__|__|__|__|__|__|__|__|__|__|__|__|__
  |  |  |  |  |  |  |  |  |  |  |  |  |  |  


Copyright (C) 2015 Peter Boyle, Azusa Yamaguchi, Guido Cossu, Antonin Portelli and other authors

This program is free software; you can redistribute it and/or modify
it under the terms of the GNU General Public License as published by
the Free Software Foundation; either version 2 of the License, or
(at your option) any later version.

This program is distributed in the hope that it will be useful,
but WITHOUT ANY WARRANTY; without even the implied warranty of
MERCHANTABILITY or FITNESS FOR A PARTICULAR PURPOSE.  See the
GNU General Public License for more details.
Current Grid git commit hash=82d411ca7bb8ec4a5b5c3815df23674cfd291070: (HEAD -> develop, origin/develop, origin/HEAD) clean

Grid : Message : ================================================ 
Grid : Message : MPI is initialised and logging filters activated 
Grid : Message : ================================================ 
Grid : Message : This rank is running on host genoahost103.sdcc.bnl.local at local time 2026-02-27 14:01:59
Grid : Message : Requested 17179869184 byte stencil comms buffers 
Grid : Message : MemoryManager::Init() setting up
Grid : Message : MemoryManager::Init() cache pool for recent host   allocations: SMALL 8 LARGE 2 HUGE 0
Grid : Message : MemoryManager::Init() cache pool for recent device allocations: SMALL 16 LARGE 8 Huge 0
Grid : Message : MemoryManager::Init() cache pool for recent shared allocations: SMALL 16 LARGE 8 Huge 0
Grid : Message : MemoryManager::Init() Unified memory space
Example_spec_kryschur: ../../Grid/util/Init.cc:235: void Grid::GridParseLayout(char**, int, Grid::Coordinate&, Grid::Coordinate&): Assertion `latt.size()==nd' failed.
[genoahost103:621512] *** Process received signal ***
[genoahost103:621512] Signal: Aborted (6)
[genoahost103:621512] Signal code:  (-6)
[genoahost103:621512] [ 0] /lib64/libc.so.6(+0x3fc30)[0x15050be3fc30]
[genoahost103:621512] [ 1] /lib64/libc.so.6(+0x8d02c)[0x15050be8d02c]
[genoahost103:621512] [ 2] /lib64/libc.so.6(raise+0x16)[0x15050be3fb86]
[genoahost103:621512] [ 3] /lib64/libc.so.6(abort+0xd3)[0x15050be29873]
[genoahost103:621512] [ 4] /lib64/libc.so.6(+0x2979b)[0x15050be2979b]
[genoahost103:621512] [ 5] /lib64/libc.so.6(+0x388c6)[0x15050be388c6]
[genoahost103:621512] [ 6] /direct/sdcc+u/poare/Grid/build/examples/./Example_spec_kryschur[0x4c0ac6]
[genoahost103:621512] [ 7] /direct/sdcc+u/poare/Grid/build/examples/./Example_spec_kryschur[0x4c4b42]
[genoahost103:621512] [ 8] /direct/sdcc+u/poare/Grid/build/examples/./Example_spec_kryschur[0x4115b3]
[genoahost103:621512] [ 9] /lib64/libc.so.6(+0x2a610)[0x15050be2a610]
[genoahost103:621512] [10] /lib64/libc.so.6(__libc_start_main+0x80)[0x15050be2a6c0]
[genoahost103:621512] [11] /direct/sdcc+u/poare/Grid/build/examples/./Example_spec_kryschur[0x4147f5]
[genoahost103:621512] *** End of error message ***

__|__|__|__|__|__|__|__|__|__|__|__|__|__|__
__|__|__|__|__|__|__|__|__|__|__|__|__|__|__
__|_ |  |  |  |  |  |  |  |  |  |  |  | _|__
__|_                                    _|__
__|_   GGGG    RRRR    III    DDDD      _|__
__|_  G        R   R    I     D   D     _|__
__|_  G        R   R    I     D    D    _|__
__|_  G  GG    RRRR     I     D    D    _|__
__|_  G   G    R  R     I     D   D     _|__
__|_   GGGG    R   R   III    DDDD      _|__
__|_                                    _|__
__|__|__|__|__|__|__|__|__|__|__|__|__|__|__
__|__|__|__|__|__|__|__|__|__|__|__|__|__|__
  |  |  |  |  |  |  |  |  |  |  |  |  |  |  


Copyright (C) 2015 Peter Boyle, Azusa Yamaguchi, Guido Cossu, Antonin Portelli and other authors

This program is free software; you can redistribute it and/or modify
it under the terms of the GNU General Public License as published by
the Free Software Foundation; either version 2 of the License, or
(at your option) any later version.

This program is distributed in the hope that it will be useful,
but WITHOUT ANY WARRANTY; without even the implied warranty of
MERCHANTABILITY or FITNESS FOR A PARTICULAR PURPOSE.  See the
GNU General Public License for more details.
Current Grid git commit hash=82d411ca7bb8ec4a5b5c3815df23674cfd291070: (HEAD -> develop, origin/develop, origin/HEAD) clean

Grid : Message : ================================================ 
Grid : Message : MPI is initialised and logging filters activated 
Grid : Message : ================================================ 
Grid : Message : This rank is running on host genoahost103.sdcc.bnl.local at local time 2026-02-27 14:02:00
Grid : Message : Requested 17179869184 byte stencil comms buffers 
Grid : Message : MemoryManager::Init() setting up
Grid : Message : MemoryManager::Init() cache pool for recent host   allocations: SMALL 8 LARGE 2 HUGE 0
Grid : Message : MemoryManager::Init() cache pool for recent device allocations: SMALL 16 LARGE 8 Huge 0
Grid : Message : MemoryManager::Init() cache pool for recent shared allocations: SMALL 16 LARGE 8 Huge 0
Grid : Message : MemoryManager::Init() Unified memory space
Example_spec_kryschur: ../../Grid/util/Init.cc:235: void Grid::GridParseLayout(char**, int, Grid::Coordinate&, Grid::Coordinate&): Assertion `latt.size()==nd' failed.
[genoahost103:621519] *** Process received signal ***
[genoahost103:621519] Signal: Aborted (6)
[genoahost103:621519] Signal code:  (-6)
[genoahost103:621519] [ 0] /lib64/libc.so.6(+0x3fc30)[0x154c6603fc30]
[genoahost103:621519] [ 1] /lib64/libc.so.6(+0x8d02c)[0x154c6608d02c]
[genoahost103:621519] [ 2] /lib64/libc.so.6(raise+0x16)[0x154c6603fb86]
[genoahost103:621519] [ 3] /lib64/libc.so.6(abort+0xd3)[0x154c66029873]
[genoahost103:621519] [ 4] /lib64/libc.so.6(+0x2979b)[0x154c6602979b]
[genoahost103:621519] [ 5] /lib64/libc.so.6(+0x388c6)[0x154c660388c6]
[genoahost103:621519] [ 6] /direct/sdcc+u/poare/Grid/build/examples/./Example_spec_kryschur[0x4c0ac6]
[genoahost103:621519] [ 7] /direct/sdcc+u/poare/Grid/build/examples/./Example_spec_kryschur[0x4c4b42]
[genoahost103:621519] [ 8] /direct/sdcc+u/poare/Grid/build/examples/./Example_spec_kryschur[0x4115b3]
[genoahost103:621519] [ 9] /lib64/libc.so.6(+0x2a610)[0x154c6602a610]
[genoahost103:621519] [10] /lib64/libc.so.6(__libc_start_main+0x80)[0x154c6602a6c0]
[genoahost103:621519] [11] /direct/sdcc+u/poare/Grid/build/examples/./Example_spec_kryschur[0x4147f5]
[genoahost103:621519] *** End of error message ***
srun: error: genoahost102: task 93: Aborted (core dumped)
srun: error: genoahost103: task 97: Aborted (core dumped)
srun: error: genoahost098: task 17: Aborted (core dumped)
srun: error: genoahost098: task 24: Aborted (core dumped)
srun: error: genoahost103: task 103: Aborted (core dumped)

__|__|__|__|__|__|__|__|__|__|__|__|__|__|__
__|__|__|__|__|__|__|__|__|__|__|__|__|__|__
__|_ |  |  |  |  |  |  |  |  |  |  |  | _|__
__|_                                    _|__
__|_   GGGG    RRRR    III    DDDD      _|__
__|_  G        R   R    I     D   D     _|__
__|_  G        R   R    I     D    D    _|__
__|_  G  GG    RRRR     I     D    D    _|__
__|_  G   G    R  R     I     D   D     _|__
__|_   GGGG    R   R   III    DDDD      _|__
__|_                                    _|__
__|__|__|__|__|__|__|__|__|__|__|__|__|__|__
__|__|__|__|__|__|__|__|__|__|__|__|__|__|__
  |  |  |  |  |  |  |  |  |  |  |  |  |  |  


Copyright (C) 2015 Peter Boyle, Azusa Yamaguchi, Guido Cossu, Antonin Portelli and other authors

This program is free software; you can redistribute it and/or modify
it under the terms of the GNU General Public License as published by
the Free Software Foundation; either version 2 of the License, or
(at your option) any later version.

This program is distributed in the hope that it will be useful,
but WITHOUT ANY WARRANTY; without even the implied warranty of
MERCHANTABILITY or FITNESS FOR A PARTICULAR PURPOSE.  See the
GNU General Public License for more details.
Current Grid git commit hash=82d411ca7bb8ec4a5b5c3815df23674cfd291070: (HEAD -> develop, origin/develop, origin/HEAD) clean

Grid : Message : ================================================ 
Grid : Message : MPI is initialised and logging filters activated 
Grid : Message : ================================================ 
Grid : Message : This rank is running on host genoahost098.sdcc.bnl.local at local time 2026-02-27 14:02:04
Grid : Message : Requested 17179869184 byte stencil comms buffers 
Grid : Message : MemoryManager::Init() setting up
Grid : Message : MemoryManager::Init() cache pool for recent host   allocations: SMALL 8 LARGE 2 HUGE 0
Grid : Message : MemoryManager::Init() cache pool for recent device allocations: SMALL 16 LARGE 8 Huge 0
Grid : Message : MemoryManager::Init() cache pool for recent shared allocations: SMALL 16 LARGE 8 Huge 0
Grid : Message : MemoryManager::Init() Unified memory space
Example_spec_kryschur: ../../Grid/util/Init.cc:235: void Grid::GridParseLayout(char**, int, Grid::Coordinate&, Grid::Coordinate&): Assertion `latt.size()==nd' failed.
[genoahost098:1634379] *** Process received signal ***
[genoahost098:1634379] Signal: Aborted (6)
[genoahost098:1634379] Signal code:  (-6)
[genoahost098:1634379] [ 0] /lib64/libc.so.6(+0x3fc30)[0x14c2ef83fc30]
[genoahost098:1634379] [ 1] /lib64/libc.so.6(+0x8d02c)[0x14c2ef88d02c]
[genoahost098:1634379] [ 2] /lib64/libc.so.6(raise+0x16)[0x14c2ef83fb86]
[genoahost098:1634379] [ 3] /lib64/libc.so.6(abort+0xd3)[0x14c2ef829873]
[genoahost098:1634379] [ 4] /lib64/libc.so.6(+0x2979b)[0x14c2ef82979b]
[genoahost098:1634379] [ 5] /lib64/libc.so.6(+0x388c6)[0x14c2ef8388c6]
[genoahost098:1634379] [ 6] /direct/sdcc+u/poare/Grid/build/examples/./Example_spec_kryschur[0x4c0ac6]
[genoahost098:1634379] [ 7] /direct/sdcc+u/poare/Grid/build/examples/./Example_spec_kryschur[0x4c4b42]
[genoahost098:1634379] [ 8] /direct/sdcc+u/poare/Grid/build/examples/./Example_spec_kryschur[0x4115b3]
[genoahost098:1634379] [ 9] /lib64/libc.so.6(+0x2a610)[0x14c2ef82a610]
[genoahost098:1634379] [10] /lib64/libc.so.6(__libc_start_main+0x80)[0x14c2ef82a6c0]
[genoahost098:1634379] [11] /direct/sdcc+u/poare/Grid/build/examples/./Example_spec_kryschur[0x4147f5]
[genoahost098:1634379] *** End of error message ***

__|__|__|__|__|__|__|__|__|__|__|__|__|__|__
__|__|__|__|__|__|__|__|__|__|__|__|__|__|__
__|_ |  |  |  |  |  |  |  |  |  |  |  | _|__
__|_                                    _|__
__|_   GGGG    RRRR    III    DDDD      _|__
__|_  G        R   R    I     D   D     _|__
__|_  G        R   R    I     D    D    _|__
__|_  G  GG    RRRR     I     D    D    _|__
__|_  G   G    R  R     I     D   D     _|__
__|_   GGGG    R   R   III    DDDD      _|__
__|_                                    _|__
__|__|__|__|__|__|__|__|__|__|__|__|__|__|__
__|__|__|__|__|__|__|__|__|__|__|__|__|__|__
  |  |  |  |  |  |  |  |  |  |  |  |  |  |  


Copyright (C) 2015 Peter Boyle, Azusa Yamaguchi, Guido Cossu, Antonin Portelli and other authors

This program is free software; you can redistribute it and/or modify
it under the terms of the GNU General Public License as published by
the Free Software Foundation; either version 2 of the License, or
(at your option) any later version.

This program is distributed in the hope that it will be useful,
but WITHOUT ANY WARRANTY; without even the implied warranty of
MERCHANTABILITY or FITNESS FOR A PARTICULAR PURPOSE.  See the
GNU General Public License for more details.
Current Grid git commit hash=82d411ca7bb8ec4a5b5c3815df23674cfd291070: (HEAD -> develop, origin/develop, origin/HEAD) clean

Grid : Message : ================================================ 
Grid : Message : MPI is initialised and logging filters activated 
Grid : Message : ================================================ 
Grid : Message : This rank is running on host genoahost098.sdcc.bnl.local at local time 2026-02-27 14:02:04
Grid : Message : Requested 17179869184 byte stencil comms buffers 
Grid : Message : MemoryManager::Init() setting up
Grid : Message : MemoryManager::Init() cache pool for recent host   allocations: SMALL 8 LARGE 2 HUGE 0
Grid : Message : MemoryManager::Init() cache pool for recent device allocations: SMALL 16 LARGE 8 Huge 0
Grid : Message : MemoryManager::Init() cache pool for recent shared allocations: SMALL 16 LARGE 8 Huge 0
Grid : Message : MemoryManager::Init() Unified memory space
Example_spec_kryschur: ../../Grid/util/Init.cc:235: void Grid::GridParseLayout(char**, int, Grid::Coordinate&, Grid::Coordinate&): Assertion `latt.size()==nd' failed.
[genoahost098:1634376] *** Process received signal ***
[genoahost098:1634376] Signal: Aborted (6)
[genoahost098:1634376] Signal code:  (-6)
[genoahost098:1634376] [ 0] /lib64/libc.so.6(+0x3fc30)[0x14bf0703fc30]
[genoahost098:1634376] [ 1] /lib64/libc.so.6(+0x8d02c)[0x14bf0708d02c]
[genoahost098:1634376] [ 2] /lib64/libc.so.6(raise+0x16)[0x14bf0703fb86]
[genoahost098:1634376] [ 3] /lib64/libc.so.6(abort+0xd3)[0x14bf07029873]
[genoahost098:1634376] [ 4] /lib64/libc.so.6(+0x2979b)[0x14bf0702979b]
[genoahost098:1634376] [ 5] /lib64/libc.so.6(+0x388c6)[0x14bf070388c6]
[genoahost098:1634376] [ 6] /direct/sdcc+u/poare/Grid/build/examples/./Example_spec_kryschur[0x4c0ac6]
[genoahost098:1634376] [ 7] /direct/sdcc+u/poare/Grid/build/examples/./Example_spec_kryschur[0x4c4b42]
[genoahost098:1634376] [ 8] /direct/sdcc+u/poare/Grid/build/examples/./Example_spec_kryschur[0x4115b3]
[genoahost098:1634376] [ 9] /lib64/libc.so.6(+0x2a610)[0x14bf0702a610]
[genoahost098:1634376] [10] /lib64/libc.so.6(__libc_start_main+0x80)[0x14bf0702a6c0]
[genoahost098:1634376] [11] /direct/sdcc+u/poare/Grid/build/examples/./Example_spec_kryschur[0x4147f5]
[genoahost098:1634376] *** End of error message ***

__|__|__|__|__|__|__|__|__|__|__|__|__|__|__
__|__|__|__|__|__|__|__|__|__|__|__|__|__|__
__|_ |  |  |  |  |  |  |  |  |  |  |  | _|__
__|_                                    _|__
__|_   GGGG    RRRR    III    DDDD      _|__
__|_  G        R   R    I     D   D     _|__
__|_  G        R   R    I     D    D    _|__
__|_  G  GG    RRRR     I     D    D    _|__
__|_  G   G    R  R     I     D   D     _|__
__|_   GGGG    R   R   III    DDDD      _|__
__|_                                    _|__
__|__|__|__|__|__|__|__|__|__|__|__|__|__|__
__|__|__|__|__|__|__|__|__|__|__|__|__|__|__
  |  |  |  |  |  |  |  |  |  |  |  |  |  |  


Copyright (C) 2015 Peter Boyle, Azusa Yamaguchi, Guido Cossu, Antonin Portelli and other authors

This program is free software; you can redistribute it and/or modify
it under the terms of the GNU General Public License as published by
the Free Software Foundation; either version 2 of the License, or
(at your option) any later version.

This program is distributed in the hope that it will be useful,
but WITHOUT ANY WARRANTY; without even the implied warranty of
MERCHANTABILITY or FITNESS FOR A PARTICULAR PURPOSE.  See the
GNU General Public License for more details.
Current Grid git commit hash=82d411ca7bb8ec4a5b5c3815df23674cfd291070: (HEAD -> develop, origin/develop, origin/HEAD) clean

Grid : Message : ================================================ 
Grid : Message : MPI is initialised and logging filters activated 
Grid : Message : ================================================ 
Grid : Message : This rank is running on host genoahost098.sdcc.bnl.local at local time 2026-02-27 14:02:04
Grid : Message : Requested 17179869184 byte stencil comms buffers 
Grid : Message : MemoryManager::Init() setting up
Grid : Message : MemoryManager::Init() cache pool for recent host   allocations: SMALL 8 LARGE 2 HUGE 0
Grid : Message : MemoryManager::Init() cache pool for recent device allocations: SMALL 16 LARGE 8 Huge 0
Grid : Message : MemoryManager::Init() cache pool for recent shared allocations: SMALL 16 LARGE 8 Huge 0
Grid : Message : MemoryManager::Init() Unified memory space
Example_spec_kryschur: ../../Grid/util/Init.cc:235: void Grid::GridParseLayout(char**, int, Grid::Coordinate&, Grid::Coordinate&): Assertion `latt.size()==nd' failed.
[genoahost098:1634388] *** Process received signal ***
[genoahost098:1634388] Signal: Aborted (6)
[genoahost098:1634388] Signal code:  (-6)
[genoahost098:1634388] [ 0] /lib64/libc.so.6(+0x3fc30)[0x15258343fc30]
[genoahost098:1634388] [ 1] /lib64/libc.so.6(+0x8d02c)[0x15258348d02c]
[genoahost098:1634388] [ 2] /lib64/libc.so.6(raise+0x16)[0x15258343fb86]
[genoahost098:1634388] [ 3] /lib64/libc.so.6(abort+0xd3)[0x152583429873]
[genoahost098:1634388] [ 4] /lib64/libc.so.6(+0x2979b)[0x15258342979b]
[genoahost098:1634388] [ 5] /lib64/libc.so.6(+0x388c6)[0x1525834388c6]
[genoahost098:1634388] [ 6] /direct/sdcc+u/poare/Grid/build/examples/./Example_spec_kryschur[0x4c0ac6]
[genoahost098:1634388] [ 7] /direct/sdcc+u/poare/Grid/build/examples/./Example_spec_kryschur[0x4c4b42]
[genoahost098:1634388] [ 8] /direct/sdcc+u/poare/Grid/build/examples/./Example_spec_kryschur[0x4115b3]
[genoahost098:1634388] [ 9] /lib64/libc.so.6(+0x2a610)[0x15258342a610]
[genoahost098:1634388] [10] /lib64/libc.so.6(__libc_start_main+0x80)[0x15258342a6c0]
[genoahost098:1634388] [11] /direct/sdcc+u/poare/Grid/build/examples/./Example_spec_kryschur[0x4147f5]
[genoahost098:1634388] *** End of error message ***

__|__|__|__|__|__|__|__|__|__|__|__|__|__|__
__|__|__|__|__|__|__|__|__|__|__|__|__|__|__
__|_ |  |  |  |  |  |  |  |  |  |  |  | _|__
__|_                                    _|__
__|_   GGGG    RRRR    III    DDDD      _|__
__|_  G        R   R    I     D   D     _|__
__|_  G        R   R    I     D    D    _|__
__|_  G  GG    RRRR     I     D    D    _|__
__|_  G   G    R  R     I     D   D     _|__
__|_   GGGG    R   R   III    DDDD      _|__
__|_                                    _|__
__|__|__|__|__|__|__|__|__|__|__|__|__|__|__
__|__|__|__|__|__|__|__|__|__|__|__|__|__|__
  |  |  |  |  |  |  |  |  |  |  |  |  |  |  


Copyright (C) 2015 Peter Boyle, Azusa Yamaguchi, Guido Cossu, Antonin Portelli and other authors

This program is free software; you can redistribute it and/or modify
it under the terms of the GNU General Public License as published by
the Free Software Foundation; either version 2 of the License, or
(at your option) any later version.

This program is distributed in the hope that it will be useful,
but WITHOUT ANY WARRANTY; without even the implied warranty of
MERCHANTABILITY or FITNESS FOR A PARTICULAR PURPOSE.  See the
GNU General Public License for more details.
Current Grid git commit hash=82d411ca7bb8ec4a5b5c3815df23674cfd291070: (HEAD -> develop, origin/develop, origin/HEAD) clean

Grid : Message : ================================================ 
Grid : Message : MPI is initialised and logging filters activated 
Grid : Message : ================================================ 
Grid : Message : This rank is running on host genoahost100.sdcc.bnl.local at local time 2026-02-27 14:02:06
Grid : Message : Requested 17179869184 byte stencil comms buffers 
Grid : Message : MemoryManager::Init() setting up
Grid : Message : MemoryManager::Init() cache pool for recent host   allocations: SMALL 8 LARGE 2 HUGE 0
Grid : Message : MemoryManager::Init() cache pool for recent device allocations: SMALL 16 LARGE 8 Huge 0
Grid : Message : MemoryManager::Init() cache pool for recent shared allocations: SMALL 16 LARGE 8 Huge 0
Grid : Message : MemoryManager::Init() Unified memory space
Example_spec_kryschur: ../../Grid/util/Init.cc:235: void Grid::GridParseLayout(char**, int, Grid::Coordinate&, Grid::Coordinate&): Assertion `latt.size()==nd' failed.
[genoahost100:652888] *** Process received signal ***
[genoahost100:652888] Signal: Aborted (6)
[genoahost100:652888] Signal code:  (-6)
[genoahost100:652888] [ 0] /lib64/libc.so.6(+0x3fc30)[0x14582f83fc30]
[genoahost100:652888] [ 1] /lib64/libc.so.6(+0x8d02c)[0x14582f88d02c]
[genoahost100:652888] [ 2] /lib64/libc.so.6(raise+0x16)[0x14582f83fb86]
[genoahost100:652888] [ 3] /lib64/libc.so.6(abort+0xd3)[0x14582f829873]
[genoahost100:652888] [ 4] /lib64/libc.so.6(+0x2979b)[0x14582f82979b]
[genoahost100:652888] [ 5] /lib64/libc.so.6(+0x388c6)[0x14582f8388c6]
[genoahost100:652888] [ 6] /direct/sdcc+u/poare/Grid/build/examples/./Example_spec_kryschur[0x4c0ac6]
[genoahost100:652888] [ 7] /direct/sdcc+u/poare/Grid/build/examples/./Example_spec_kryschur[0x4c4b42]
[genoahost100:652888] [ 8] /direct/sdcc+u/poare/Grid/build/examples/./Example_spec_kryschur[0x4115b3]
[genoahost100:652888] [ 9] /lib64/libc.so.6(+0x2a610)[0x14582f82a610]
[genoahost100:652888] [10] /lib64/libc.so.6(__libc_start_main+0x80)[0x14582f82a6c0]
[genoahost100:652888] [11] /direct/sdcc+u/poare/Grid/build/examples/./Example_spec_kryschur[0x4147f5]
[genoahost100:652888] *** End of error message ***
srun: error: genoahost104: task 112: Aborted (core dumped)
srun: error: genoahost101: task 64: Aborted (core dumped)
srun: error: genoahost101: task 67: Aborted (core dumped)
srun: error: genoahost101: task 79: Aborted (core dumped)
srun: error: genoahost101: task 78: Aborted (core dumped)

__|__|__|__|__|__|__|__|__|__|__|__|__|__|__
__|__|__|__|__|__|__|__|__|__|__|__|__|__|__
__|_ |  |  |  |  |  |  |  |  |  |  |  | _|__
__|_                                    _|__
__|_   GGGG    RRRR    III    DDDD      _|__
__|_  G        R   R    I     D   D     _|__
__|_  G        R   R    I     D    D    _|__
__|_  G  GG    RRRR     I     D    D    _|__
__|_  G   G    R  R     I     D   D     _|__
__|_   GGGG    R   R   III    DDDD      _|__
__|_                                    _|__
__|__|__|__|__|__|__|__|__|__|__|__|__|__|__
__|__|__|__|__|__|__|__|__|__|__|__|__|__|__
  |  |  |  |  |  |  |  |  |  |  |  |  |  |  


Copyright (C) 2015 Peter Boyle, Azusa Yamaguchi, Guido Cossu, Antonin Portelli and other authors

This program is free software; you can redistribute it and/or modify
it under the terms of the GNU General Public License as published by
the Free Software Foundation; either version 2 of the License, or
(at your option) any later version.

This program is distributed in the hope that it will be useful,
but WITHOUT ANY WARRANTY; without even the implied warranty of
MERCHANTABILITY or FITNESS FOR A PARTICULAR PURPOSE.  See the
GNU General Public License for more details.
Current Grid git commit hash=82d411ca7bb8ec4a5b5c3815df23674cfd291070: (HEAD -> develop, origin/develop, origin/HEAD) clean

Grid : Message : ================================================ 
Grid : Message : MPI is initialised and logging filters activated 
Grid : Message : ================================================ 
Grid : Message : This rank is running on host genoahost103.sdcc.bnl.local at local time 2026-02-27 14:02:07
Grid : Message : Requested 17179869184 byte stencil comms buffers 
Grid : Message : MemoryManager::Init() setting up
Grid : Message : MemoryManager::Init() cache pool for recent host   allocations: SMALL 8 LARGE 2 HUGE 0
Grid : Message : MemoryManager::Init() cache pool for recent device allocations: SMALL 16 LARGE 8 Huge 0
Grid : Message : MemoryManager::Init() cache pool for recent shared allocations: SMALL 16 LARGE 8 Huge 0
Grid : Message : MemoryManager::Init() Unified memory space
Example_spec_kryschur: ../../Grid/util/Init.cc:235: void Grid::GridParseLayout(char**, int, Grid::Coordinate&, Grid::Coordinate&): Assertion `latt.size()==nd' failed.
[genoahost103:621517] *** Process received signal ***
[genoahost103:621517] Signal: Aborted (6)
[genoahost103:621517] Signal code:  (-6)
[genoahost103:621517] [ 0] /lib64/libc.so.6(+0x3fc30)[0x15354983fc30]
[genoahost103:621517] [ 1] /lib64/libc.so.6(+0x8d02c)[0x15354988d02c]
[genoahost103:621517] [ 2] /lib64/libc.so.6(raise+0x16)[0x15354983fb86]
[genoahost103:621517] [ 3] /lib64/libc.so.6(abort+0xd3)[0x153549829873]
[genoahost103:621517] [ 4] /lib64/libc.so.6(+0x2979b)[0x15354982979b]
[genoahost103:621517] [ 5] /lib64/libc.so.6(+0x388c6)[0x1535498388c6]
[genoahost103:621517] [ 6] /direct/sdcc+u/poare/Grid/build/examples/./Example_spec_kryschur[0x4c0ac6]
[genoahost103:621517] [ 7] /direct/sdcc+u/poare/Grid/build/examples/./Example_spec_kryschur[0x4c4b42]
[genoahost103:621517] [ 8] /direct/sdcc+u/poare/Grid/build/examples/./Example_spec_kryschur[0x4115b3]
[genoahost103:621517] [ 9] /lib64/libc.so.6(+0x2a610)[0x15354982a610]
[genoahost103:621517] [10] /lib64/libc.so.6(__libc_start_main+0x80)[0x15354982a6c0]
[genoahost103:621517] [11] /direct/sdcc+u/poare/Grid/build/examples/./Example_spec_kryschur[0x4147f5]
[genoahost103:621517] *** End of error message ***
srun: error: genoahost100: task 60: Aborted (core dumped)
srun: error: genoahost100: task 53: Aborted (core dumped)
srun: error: genoahost104: tasks 120,125: Aborted (core dumped)
srun: error: genoahost104: tasks 124,126: Aborted (core dumped)
srun: error: genoahost104: tasks 113,115,118: Aborted (core dumped)
srun: error: genoahost097: task 1: Aborted (core dumped)

__|__|__|__|__|__|__|__|__|__|__|__|__|__|__
__|__|__|__|__|__|__|__|__|__|__|__|__|__|__
__|_ |  |  |  |  |  |  |  |  |  |  |  | _|__
__|_                                    _|__
__|_   GGGG    RRRR    III    DDDD      _|__
__|_  G        R   R    I     D   D     _|__
__|_  G        R   R    I     D    D    _|__
__|_  G  GG    RRRR     I     D    D    _|__
__|_  G   G    R  R     I     D   D     _|__
__|_   GGGG    R   R   III    DDDD      _|__
__|_                                    _|__
__|__|__|__|__|__|__|__|__|__|__|__|__|__|__
__|__|__|__|__|__|__|__|__|__|__|__|__|__|__
  |  |  |  |  |  |  |  |  |  |  |  |  |  |  


Copyright (C) 2015 Peter Boyle, Azusa Yamaguchi, Guido Cossu, Antonin Portelli and other authors

This program is free software; you can redistribute it and/or modify
it under the terms of the GNU General Public License as published by
the Free Software Foundation; either version 2 of the License, or
(at your option) any later version.

This program is distributed in the hope that it will be useful,
but WITHOUT ANY WARRANTY; without even the implied warranty of
MERCHANTABILITY or FITNESS FOR A PARTICULAR PURPOSE.  See the
GNU General Public License for more details.
Current Grid git commit hash=82d411ca7bb8ec4a5b5c3815df23674cfd291070: (HEAD -> develop, origin/develop, origin/HEAD) clean

Grid : Message : ================================================ 
Grid : Message : MPI is initialised and logging filters activated 
Grid : Message : ================================================ 
Grid : Message : This rank is running on host genoahost104.sdcc.bnl.local at local time 2026-02-27 14:02:12
Grid : Message : Requested 17179869184 byte stencil comms buffers 
Grid : Message : MemoryManager::Init() setting up
Grid : Message : MemoryManager::Init() cache pool for recent host   allocations: SMALL 8 LARGE 2 HUGE 0
Grid : Message : MemoryManager::Init() cache pool for recent device allocations: SMALL 16 LARGE 8 Huge 0
Grid : Message : MemoryManager::Init() cache pool for recent shared allocations: SMALL 16 LARGE 8 Huge 0
Grid : Message : MemoryManager::Init() Unified memory space
Example_spec_kryschur: ../../Grid/util/Init.cc:235: void Grid::GridParseLayout(char**, int, Grid::Coordinate&, Grid::Coordinate&): Assertion `latt.size()==nd' failed.
[genoahost104:634560] *** Process received signal ***
[genoahost104:634560] Signal: Aborted (6)
[genoahost104:634560] Signal code:  (-6)
[genoahost104:634560] [ 0] /lib64/libc.so.6(+0x3fc30)[0x1524ca23fc30]
[genoahost104:634560] [ 1] /lib64/libc.so.6(+0x8d02c)[0x1524ca28d02c]
[genoahost104:634560] [ 2] /lib64/libc.so.6(raise+0x16)[0x1524ca23fb86]
[genoahost104:634560] [ 3] /lib64/libc.so.6(abort+0xd3)[0x1524ca229873]
[genoahost104:634560] [ 4] /lib64/libc.so.6(+0x2979b)[0x1524ca22979b]
[genoahost104:634560] [ 5] /lib64/libc.so.6(+0x388c6)[0x1524ca2388c6]
[genoahost104:634560] [ 6] /direct/sdcc+u/poare/Grid/build/examples/./Example_spec_kryschur[0x4c0ac6]
[genoahost104:634560] [ 7] /direct/sdcc+u/poare/Grid/build/examples/./Example_spec_kryschur[0x4c4b42]
[genoahost104:634560] [ 8] /direct/sdcc+u/poare/Grid/build/examples/./Example_spec_kryschur[0x4115b3]
[genoahost104:634560] [ 9] /lib64/libc.so.6(+0x2a610)[0x1524ca22a610]
[genoahost104:634560] [10] /lib64/libc.so.6(__libc_start_main+0x80)[0x1524ca22a6c0]
[genoahost104:634560] [11] /direct/sdcc+u/poare/Grid/build/examples/./Example_spec_kryschur[0x4147f5]
[genoahost104:634560] *** End of error message ***
srun: error: genoahost097: task 12: Aborted (core dumped)
srun: error: genoahost097: task 5: Aborted (core dumped)
srun: error: genoahost098: task 30: Aborted (core dumped)
srun: error: genoahost100: task 56: Aborted (core dumped)
srun: error: genoahost103: tasks 108,110: Aborted (core dumped)

__|__|__|__|__|__|__|__|__|__|__|__|__|__|__
__|__|__|__|__|__|__|__|__|__|__|__|__|__|__
__|_ |  |  |  |  |  |  |  |  |  |  |  | _|__
__|_                                    _|__
__|_   GGGG    RRRR    III    DDDD      _|__
__|_  G        R   R    I     D   D     _|__
__|_  G        R   R    I     D    D    _|__
__|_  G  GG    RRRR     I     D    D    _|__
__|_  G   G    R  R     I     D   D     _|__
__|_   GGGG    R   R   III    DDDD      _|__
__|_                                    _|__
__|__|__|__|__|__|__|__|__|__|__|__|__|__|__
__|__|__|__|__|__|__|__|__|__|__|__|__|__|__
  |  |  |  |  |  |  |  |  |  |  |  |  |  |  


Copyright (C) 2015 Peter Boyle, Azusa Yamaguchi, Guido Cossu, Antonin Portelli and other authors

This program is free software; you can redistribute it and/or modify
it under the terms of the GNU General Public License as published by
the Free Software Foundation; either version 2 of the License, or
(at your option) any later version.

This program is distributed in the hope that it will be useful,
but WITHOUT ANY WARRANTY; without even the implied warranty of
MERCHANTABILITY or FITNESS FOR A PARTICULAR PURPOSE.  See the
GNU General Public License for more details.
Current Grid git commit hash=82d411ca7bb8ec4a5b5c3815df23674cfd291070: (HEAD -> develop, origin/develop, origin/HEAD) clean

Grid : Message : ================================================ 
Grid : Message : MPI is initialised and logging filters activated 
Grid : Message : ================================================ 
Grid : Message : This rank is running on host genoahost099.sdcc.bnl.local at local time 2026-02-27 14:02:16
Grid : Message : Requested 17179869184 byte stencil comms buffers 
Grid : Message : MemoryManager::Init() setting up
Grid : Message : MemoryManager::Init() cache pool for recent host   allocations: SMALL 8 LARGE 2 HUGE 0
Grid : Message : MemoryManager::Init() cache pool for recent device allocations: SMALL 16 LARGE 8 Huge 0
Grid : Message : MemoryManager::Init() cache pool for recent shared allocations: SMALL 16 LARGE 8 Huge 0
Grid : Message : MemoryManager::Init() Unified memory space
Example_spec_kryschur: ../../Grid/util/Init.cc:235: void Grid::GridParseLayout(char**, int, Grid::Coordinate&, Grid::Coordinate&): Assertion `latt.size()==nd' failed.
[genoahost099:1615658] *** Process received signal ***
[genoahost099:1615658] Signal: Aborted (6)
[genoahost099:1615658] Signal code:  (-6)
[genoahost099:1615658] [ 0] /lib64/libc.so.6(+0x3fc30)[0x14eddce3fc30]
[genoahost099:1615658] [ 1] /lib64/libc.so.6(+0x8d02c)[0x14eddce8d02c]
[genoahost099:1615658] [ 2] /lib64/libc.so.6(raise+0x16)[0x14eddce3fb86]
[genoahost099:1615658] [ 3] /lib64/libc.so.6(abort+0xd3)[0x14eddce29873]
[genoahost099:1615658] [ 4] /lib64/libc.so.6(+0x2979b)[0x14eddce2979b]
[genoahost099:1615658] [ 5] /lib64/libc.so.6(+0x388c6)[0x14eddce388c6]
[genoahost099:1615658] [ 6] /direct/sdcc+u/poare/Grid/build/examples/./Example_spec_kryschur[0x4c0ac6]
[genoahost099:1615658] [ 7] /direct/sdcc+u/poare/Grid/build/examples/./Example_spec_kryschur[0x4c4b42]
[genoahost099:1615658] [ 8] /direct/sdcc+u/poare/Grid/build/examples/./Example_spec_kryschur[0x4115b3]
[genoahost099:1615658] [ 9] /lib64/libc.so.6(+0x2a610)[0x14eddce2a610]
[genoahost099:1615658] [10] /lib64/libc.so.6(__libc_start_main+0x80)[0x14eddce2a6c0]
[genoahost099:1615658] [11] /direct/sdcc+u/poare/Grid/build/examples/./Example_spec_kryschur[0x4147f5]
[genoahost099:1615658] *** End of error message ***

__|__|__|__|__|__|__|__|__|__|__|__|__|__|__
__|__|__|__|__|__|__|__|__|__|__|__|__|__|__
__|_ |  |  |  |  |  |  |  |  |  |  |  | _|__
__|_                                    _|__
__|_   GGGG    RRRR    III    DDDD      _|__
__|_  G        R   R    I     D   D     _|__
__|_  G        R   R    I     D    D    _|__
__|_  G  GG    RRRR     I     D    D    _|__
__|_  G   G    R  R     I     D   D     _|__
__|_   GGGG    R   R   III    DDDD      _|__
__|_                                    _|__
__|__|__|__|__|__|__|__|__|__|__|__|__|__|__
__|__|__|__|__|__|__|__|__|__|__|__|__|__|__
  |  |  |  |  |  |  |  |  |  |  |  |  |  |  


Copyright (C) 2015 Peter Boyle, Azusa Yamaguchi, Guido Cossu, Antonin Portelli and other authors

This program is free software; you can redistribute it and/or modify
it under the terms of the GNU General Public License as published by
the Free Software Foundation; either version 2 of the License, or
(at your option) any later version.

This program is distributed in the hope that it will be useful,
but WITHOUT ANY WARRANTY; without even the implied warranty of
MERCHANTABILITY or FITNESS FOR A PARTICULAR PURPOSE.  See the
GNU General Public License for more details.
Current Grid git commit hash=82d411ca7bb8ec4a5b5c3815df23674cfd291070: (HEAD -> develop, origin/develop, origin/HEAD) clean

Grid : Message : ================================================ 
Grid : Message : MPI is initialised and logging filters activated 
Grid : Message : ================================================ 
Grid : Message : This rank is running on host genoahost099.sdcc.bnl.local at local time 2026-02-27 14:02:16
Grid : Message : Requested 17179869184 byte stencil comms buffers 
Grid : Message : MemoryManager::Init() setting up
Grid : Message : MemoryManager::Init() cache pool for recent host   allocations: SMALL 8 LARGE 2 HUGE 0
Grid : Message : MemoryManager::Init() cache pool for recent device allocations: SMALL 16 LARGE 8 Huge 0
Grid : Message : MemoryManager::Init() cache pool for recent shared allocations: SMALL 16 LARGE 8 Huge 0
Grid : Message : MemoryManager::Init() Unified memory space
Example_spec_kryschur: ../../Grid/util/Init.cc:235: void Grid::GridParseLayout(char**, int, Grid::Coordinate&, Grid::Coordinate&): Assertion `latt.size()==nd' failed.
[genoahost099:1615644] *** Process received signal ***
[genoahost099:1615644] Signal: Aborted (6)
[genoahost099:1615644] Signal code:  (-6)
[genoahost099:1615644] [ 0] /lib64/libc.so.6(+0x3fc30)[0x15422ee3fc30]
[genoahost099:1615644] [ 1] /lib64/libc.so.6(+0x8d02c)[0x15422ee8d02c]
[genoahost099:1615644] [ 2] /lib64/libc.so.6(raise+0x16)[0x15422ee3fb86]
[genoahost099:1615644] [ 3] /lib64/libc.so.6(abort+0xd3)[0x15422ee29873]
[genoahost099:1615644] [ 4] /lib64/libc.so.6(+0x2979b)[0x15422ee2979b]
[genoahost099:1615644] [ 5] /lib64/libc.so.6(+0x388c6)[0x15422ee388c6]
[genoahost099:1615644] [ 6] /direct/sdcc+u/poare/Grid/build/examples/./Example_spec_kryschur[0x4c0ac6]
[genoahost099:1615644] [ 7] /direct/sdcc+u/poare/Grid/build/examples/./Example_spec_kryschur[0x4c4b42]
[genoahost099:1615644] [ 8] /direct/sdcc+u/poare/Grid/build/examples/./Example_spec_kryschur[0x4115b3]
[genoahost099:1615644] [ 9] /lib64/libc.so.6(+0x2a610)[0x15422ee2a610]
[genoahost099:1615644] [10] /lib64/libc.so.6(__libc_start_main+0x80)[0x15422ee2a6c0]
[genoahost099:1615644] [11] /direct/sdcc+u/poare/Grid/build/examples/./Example_spec_kryschur[0x4147f5]
[genoahost099:1615644] *** End of error message ***

__|__|__|__|__|__|__|__|__|__|__|__|__|__|__
__|__|__|__|__|__|__|__|__|__|__|__|__|__|__
__|_ |  |  |  |  |  |  |  |  |  |  |  | _|__
__|_                                    _|__
__|_   GGGG    RRRR    III    DDDD      _|__
__|_  G        R   R    I     D   D     _|__
__|_  G        R   R    I     D    D    _|__
__|_  G  GG    RRRR     I     D    D    _|__
__|_  G   G    R  R     I     D   D     _|__
__|_   GGGG    R   R   III    DDDD      _|__
__|_                                    _|__
__|__|__|__|__|__|__|__|__|__|__|__|__|__|__
__|__|__|__|__|__|__|__|__|__|__|__|__|__|__
  |  |  |  |  |  |  |  |  |  |  |  |  |  |  


Copyright (C) 2015 Peter Boyle, Azusa Yamaguchi, Guido Cossu, Antonin Portelli and other authors

This program is free software; you can redistribute it and/or modify
it under the terms of the GNU General Public License as published by
the Free Software Foundation; either version 2 of the License, or
(at your option) any later version.

This program is distributed in the hope that it will be useful,
but WITHOUT ANY WARRANTY; without even the implied warranty of
MERCHANTABILITY or FITNESS FOR A PARTICULAR PURPOSE.  See the
GNU General Public License for more details.
Current Grid git commit hash=82d411ca7bb8ec4a5b5c3815df23674cfd291070: (HEAD -> develop, origin/develop, origin/HEAD) clean

Grid : Message : ================================================ 
Grid : Message : MPI is initialised and logging filters activated 
Grid : Message : ================================================ 
Grid : Message : This rank is running on host genoahost099.sdcc.bnl.local at local time 2026-02-27 14:02:16
Grid : Message : Requested 17179869184 byte stencil comms buffers 
Grid : Message : MemoryManager::Init() setting up
Grid : Message : MemoryManager::Init() cache pool for recent host   allocations: SMALL 8 LARGE 2 HUGE 0
Grid : Message : MemoryManager::Init() cache pool for recent device allocations: SMALL 16 LARGE 8 Huge 0
Grid : Message : MemoryManager::Init() cache pool for recent shared allocations: SMALL 16 LARGE 8 Huge 0
Grid : Message : MemoryManager::Init() Unified memory space
Example_spec_kryschur: ../../Grid/util/Init.cc:235: void Grid::GridParseLayout(char**, int, Grid::Coordinate&, Grid::Coordinate&): Assertion `latt.size()==nd' failed.
[genoahost099:1615651] *** Process received signal ***
[genoahost099:1615651] Signal: Aborted (6)
[genoahost099:1615651] Signal code:  (-6)
[genoahost099:1615651] [ 0] /lib64/libc.so.6(+0x3fc30)[0x149831c3fc30]
[genoahost099:1615651] [ 1] /lib64/libc.so.6(+0x8d02c)[0x149831c8d02c]
[genoahost099:1615651] [ 2] /lib64/libc.so.6(raise+0x16)[0x149831c3fb86]
[genoahost099:1615651] [ 3] /lib64/libc.so.6(abort+0xd3)[0x149831c29873]
[genoahost099:1615651] [ 4] /lib64/libc.so.6(+0x2979b)[0x149831c2979b]
[genoahost099:1615651] [ 5] /lib64/libc.so.6(+0x388c6)[0x149831c388c6]
[genoahost099:1615651] [ 6] /direct/sdcc+u/poare/Grid/build/examples/./Example_spec_kryschur[0x4c0ac6]
[genoahost099:1615651] [ 7] /direct/sdcc+u/poare/Grid/build/examples/./Example_spec_kryschur[0x4c4b42]
[genoahost099:1615651] [ 8] /direct/sdcc+u/poare/Grid/build/examples/./Example_spec_kryschur[0x4115b3]
[genoahost099:1615651] [ 9] /lib64/libc.so.6(+0x2a610)[0x149831c2a610]
[genoahost099:1615651] [10] /lib64/libc.so.6(__libc_start_main+0x80)[0x149831c2a6c0]
[genoahost099:1615651] [11] /direct/sdcc+u/poare/Grid/build/examples/./Example_spec_kryschur[0x4147f5]
[genoahost099:1615651] *** End of error message ***
srun: error: genoahost097: task 10: Aborted (core dumped)
srun: error: genoahost098: task 16: Aborted (core dumped)
srun: error: genoahost098: task 28: Aborted (core dumped)
srun: error: genoahost099: task 39: Aborted (core dumped)
srun: error: genoahost098: task 19: Aborted (core dumped)
srun: error: genoahost097: tasks 3,11: Aborted (core dumped)
srun: error: genoahost103: task 99: Aborted (core dumped)
srun: error: genoahost103: task 106: Aborted (core dumped)
srun: error: genoahost104: tasks 114,127: Aborted (core dumped)
srun: error: genoahost104: task 119: Aborted (core dumped)
srun: error: genoahost103: task 104: Aborted (core dumped)
srun: error: genoahost099: task 32: Aborted (core dumped)
srun: error: genoahost101: task 75: Aborted (core dumped)
srun: error: genoahost099: task 46: Aborted (core dumped)
srun: error: genoahost101: tasks 73,76: Aborted (core dumped)
srun: error: genoahost101: task 69: Aborted (core dumped)
srun: error: genoahost101: tasks 66,74: Aborted (core dumped)
srun: error: genoahost102: task 90: Aborted (core dumped)
srun: error: genoahost102: tasks 83,92: Aborted (core dumped)
srun: error: genoahost102: task 85: Aborted (core dumped)
srun: error: genoahost102: task 81: Aborted (core dumped)
srun: error: genoahost102: task 95: Aborted (core dumped)
srun: error: genoahost102: tasks 84,91: Aborted (core dumped)
