8
128
2.4.4.4
No PMIx server was reachable, but a PMI1/2 was detected.
If srun is being used to launch application,  128 singletons will be started.
Example_spec_kryschur: ../../Grid/communicator/SharedMemoryMPI.cc:434: static void Grid::GlobalSharedMemory::OptimalCommunicatorSharedMemory(const Coordinate&, ompi_communicator_t*&, Grid::Coordinate&): Assertion `WorldSize==Nprocessors' failed.
[genoahost099:1600752] *** Process received signal ***
[genoahost099:1600752] Signal: Aborted (6)
[genoahost099:1600752] Signal code:  (-6)
[genoahost099:1600752] [ 0] /lib64/libc.so.6(+0x3fc30)[0x14d5edc3fc30]
[genoahost099:1600752] [ 1] /lib64/libc.so.6(+0x8d02c)[0x14d5edc8d02c]
[genoahost099:1600752] [ 2] /lib64/libc.so.6(raise+0x16)[0x14d5edc3fb86]
[genoahost099:1600752] [ 3] /lib64/libc.so.6(abort+0xd3)[0x14d5edc29873]
[genoahost099:1600752] [ 4] /lib64/libc.so.6(+0x2979b)[0x14d5edc2979b]
[genoahost099:1600752] [ 5] /lib64/libc.so.6(+0x388c6)[0x14d5edc388c6]
[genoahost099:1600752] [ 6] /direct/sdcc+u/poare/Grid/build/examples/./Example_spec_kryschur[0x4cc206]
[genoahost099:1600752] [ 7] /direct/sdcc+u/poare/Grid/build/examples/./Example_spec_kryschur[0x4cc2f1]
[genoahost099:1600752] [ 8] /direct/sdcc+u/poare/Grid/build/examples/./Example_spec_kryschur[0x4c7e95]
[genoahost099:1600752] [ 9] /direct/sdcc+u/poare/Grid/build/examples/./Example_spec_kryschur[0x4b5f4f]
[genoahost099:1600752] [10] /direct/sdcc+u/poare/Grid/build/examples/./Example_spec_kryschur[0x41180d]
[genoahost099:1600752] [11] /lib64/libc.so.6(+0x2a610)[0x14d5edc2a610]
[genoahost099:1600752] [12] /lib64/libc.so.6(__libc_start_main+0x80)[0x14d5edc2a6c0]
[genoahost099:1600752] [13] /direct/sdcc+u/poare/Grid/build/examples/./Example_spec_kryschur[0x4147f5]
[genoahost099:1600752] *** End of error message ***
Example_spec_kryschur: ../../Grid/communicator/SharedMemoryMPI.cc:434: static void Grid::GlobalSharedMemory::OptimalCommunicatorSharedMemory(const Coordinate&, ompi_communicator_t*&, Grid::Coordinate&): Assertion `WorldSize==Nprocessors' failed.
[genoahost099:1600759] *** Process received signal ***
[genoahost099:1600759] Signal: Aborted (6)
[genoahost099:1600759] Signal code:  (-6)
[genoahost099:1600759] [ 0] /lib64/libc.so.6(+0x3fc30)[0x14ebdac3fc30]
[genoahost099:1600759] [ 1] /lib64/libc.so.6(+0x8d02c)[0x14ebdac8d02c]
[genoahost099:1600759] [ 2] /lib64/libc.so.6(raise+0x16)[0x14ebdac3fb86]
[genoahost099:1600759] [ 3] /lib64/libc.so.6(abort+0xd3)[0x14ebdac29873]
[genoahost099:1600759] [ 4] /lib64/libc.so.6(+0x2979b)[0x14ebdac2979b]
[genoahost099:1600759] [ 5] /lib64/libc.so.6(+0x388c6)[0x14ebdac388c6]
[genoahost099:1600759] [ 6] /direct/sdcc+u/poare/Grid/build/examples/./Example_spec_kryschur[0x4cc206]
[genoahost099:1600759] [ 7] /direct/sdcc+u/poare/Grid/build/examples/./Example_spec_kryschur[0x4cc2f1]
[genoahost099:1600759] [ 8] /direct/sdcc+u/poare/Grid/build/examples/./Example_spec_kryschur[0x4c7e95]
[genoahost099:1600759] [ 9] /direct/sdcc+u/poare/Grid/build/examples/./Example_spec_kryschur[0x4b5f4f]
[genoahost099:1600759] [10] /direct/sdcc+u/poare/Grid/build/examples/./Example_spec_kryschur[0x41180d]
[genoahost099:1600759] [11] /lib64/libc.so.6(+0x2a610)[0x14ebdac2a610]
[genoahost099:1600759] [12] /lib64/libc.so.6(__libc_start_main+0x80)[0x14ebdac2a6c0]
[genoahost099:1600759] [13] /direct/sdcc+u/poare/Grid/build/examples/./Example_spec_kryschur[0x4147f5]
[genoahost099:1600759] *** End of error message ***
Example_spec_kryschur: ../../Grid/communicator/SharedMemoryMPI.cc:434: static void Grid::GlobalSharedMemory::OptimalCommunicatorSharedMemory(const Coordinate&, ompi_communicator_t*&, Grid::Coordinate&): Assertion `WorldSize==Nprocessors' failed.
[genoahost099:1600761] *** Process received signal ***
[genoahost099:1600761] Signal: Aborted (6)
[genoahost099:1600761] Signal code:  (-6)
[genoahost099:1600761] [ 0] /lib64/libc.so.6(+0x3fc30)[0x145aa183fc30]
[genoahost099:1600761] [ 1] /lib64/libc.so.6(+0x8d02c)[0x145aa188d02c]
[genoahost099:1600761] [ 2] /lib64/libc.so.6(raise+0x16)[0x145aa183fb86]
[genoahost099:1600761] [ 3] /lib64/libc.so.6(abort+0xd3)[0x145aa1829873]
[genoahost099:1600761] [ 4] /lib64/libc.so.6(+0x2979b)[0x145aa182979b]
[genoahost099:1600761] [ 5] /lib64/libc.so.6(+0x388c6)[0x145aa18388c6]
[genoahost099:1600761] [ 6] /direct/sdcc+u/poare/Grid/build/examples/./Example_spec_kryschur[0x4cc206]
[genoahost099:1600761] [ 7] /direct/sdcc+u/poare/Grid/build/examples/./Example_spec_kryschur[0x4cc2f1]
[genoahost099:1600761] [ 8] /direct/sdcc+u/poare/Grid/build/examples/./Example_spec_kryschur[0x4c7e95]
[genoahost099:1600761] [ 9] /direct/sdcc+u/poare/Grid/build/examples/./Example_spec_kryschur[0x4b5f4f]
[genoahost099:1600761] [10] /direct/sdcc+u/poare/Grid/build/examples/./Example_spec_kryschur[0x41180d]
[genoahost099:1600761] [11] /lib64/libc.so.6(+0x2a610)[0x145aa182a610]
[genoahost099:1600761] [12] /lib64/libc.so.6(__libc_start_main+0x80)[0x145aa182a6c0]
[genoahost099:1600761] [13] /direct/sdcc+u/poare/Grid/build/examples/./Example_spec_kryschur[0x4147f5]
[genoahost099:1600761] *** End of error message ***
Example_spec_kryschur: ../../Grid/communicator/SharedMemoryMPI.cc:434: static void Grid::GlobalSharedMemory::OptimalCommunicatorSharedMemory(const Coordinate&, ompi_communicator_t*&, Grid::Coordinate&): Assertion `WorldSize==Nprocessors' failed.
[genoahost103:608336] *** Process received signal ***
[genoahost103:608336] Signal: Aborted (6)
[genoahost103:608336] Signal code:  (-6)
[genoahost103:608336] [ 0] /lib64/libc.so.6(+0x3fc30)[0x14c51ec3fc30]
[genoahost103:608336] [ 1] /lib64/libc.so.6(+0x8d02c)[0x14c51ec8d02c]
[genoahost103:608336] [ 2] /lib64/libc.so.6(raise+0x16)[0x14c51ec3fb86]
[genoahost103:608336] [ 3] /lib64/libc.so.6(abort+0xd3)[0x14c51ec29873]
[genoahost103:608336] [ 4] /lib64/libc.so.6(+0x2979b)[0x14c51ec2979b]
[genoahost103:608336] [ 5] /lib64/libc.so.6(+0x388c6)[0x14c51ec388c6]
[genoahost103:608336] [ 6] /direct/sdcc+u/poare/Grid/build/examples/./Example_spec_kryschur[0x4cc206]
[genoahost103:608336] [ 7] /direct/sdcc+u/poare/Grid/build/examples/./Example_spec_kryschur[0x4cc2f1]
[genoahost103:608336] [ 8] /direct/sdcc+u/poare/Grid/build/examples/./Example_spec_kryschur[0x4c7e95]
[genoahost103:608336] [ 9] /direct/sdcc+u/poare/Grid/build/examples/./Example_spec_kryschur[0x4b5f4f]
[genoahost103:608336] [10] /direct/sdcc+u/poare/Grid/build/examples/./Example_spec_kryschur[0x41180d]
[genoahost103:608336] [11] /lib64/libc.so.6(+0x2a610)[0x14c51ec2a610]
[genoahost103:608336] [12] /lib64/libc.so.6(__libc_start_main+0x80)[0x14c51ec2a6c0]
[genoahost103:608336] [13] /direct/sdcc+u/poare/Grid/build/examples/./Example_spec_kryschur[0x4147f5]
[genoahost103:608336] *** End of error message ***
Example_spec_kryschur: ../../Grid/communicator/SharedMemoryMPI.cc:434: static void Grid::GlobalSharedMemory::OptimalCommunicatorSharedMemory(const Coordinate&, ompi_communicator_t*&, Grid::Coordinate&): Assertion `WorldSize==Nprocessors' failed.
[genoahost104:619722] *** Process received signal ***
[genoahost104:619722] Signal: Aborted (6)
[genoahost104:619722] Signal code:  (-6)
[genoahost104:619722] [ 0] /lib64/libc.so.6(+0x3fc30)[0x151eb8a3fc30]
[genoahost104:619722] [ 1] /lib64/libc.so.6(+0x8d02c)[0x151eb8a8d02c]
[genoahost104:619722] [ 2] /lib64/libc.so.6(raise+0x16)[0x151eb8a3fb86]
[genoahost104:619722] [ 3] /lib64/libc.so.6(abort+0xd3)[0x151eb8a29873]
[genoahost104:619722] [ 4] /lib64/libc.so.6(+0x2979b)[0x151eb8a2979b]
[genoahost104:619722] [ 5] /lib64/libc.so.6(+0x388c6)[0x151eb8a388c6]
[genoahost104:619722] [ 6] /direct/sdcc+u/poare/Grid/build/examples/./Example_spec_kryschur[0x4cc206]
[genoahost104:619722] [ 7] /direct/sdcc+u/poare/Grid/build/examples/./Example_spec_kryschur[0x4cc2f1]
[genoahost104:619722] [ 8] /direct/sdcc+u/poare/Grid/build/examples/./Example_spec_kryschur[0x4c7e95]
[genoahost104:619722] [ 9] /direct/sdcc+u/poare/Grid/build/examples/./Example_spec_kryschur[0x4b5f4f]
[genoahost104:619722] [10] /direct/sdcc+u/poare/Grid/build/examples/./Example_spec_kryschur[0x41180d]
[genoahost104:619722] [11] /lib64/libc.so.6(+0x2a610)[0x151eb8a2a610]
[genoahost104:619722] [12] /lib64/libc.so.6(__libc_start_main+0x80)[0x151eb8a2a6c0]
[genoahost104:619722] [13] /direct/sdcc+u/poare/Grid/build/examples/./Example_spec_kryschur[0x4147f5]
[genoahost104:619722] *** End of error message ***
Example_spec_kryschur: ../../Grid/communicator/SharedMemoryMPI.cc:434: static void Grid::GlobalSharedMemory::OptimalCommunicatorSharedMemory(const Coordinate&, ompi_communicator_t*&, Grid::Coordinate&): Assertion `WorldSize==Nprocessors' failed.
[genoahost104:619715] *** Process received signal ***
[genoahost104:619715] Signal: Aborted (6)
[genoahost104:619715] Signal code:  (-6)
[genoahost104:619715] [ 0] /lib64/libc.so.6(+0x3fc30)[0x153b8aa3fc30]
[genoahost104:619715] [ 1] /lib64/libc.so.6(+0x8d02c)[0x153b8aa8d02c]
[genoahost104:619715] [ 2] /lib64/libc.so.6(raise+0x16)[0x153b8aa3fb86]
[genoahost104:619715] [ 3] /lib64/libc.so.6(abort+0xd3)[0x153b8aa29873]
[genoahost104:619715] [ 4] /lib64/libc.so.6(+0x2979b)[0x153b8aa2979b]
[genoahost104:619715] [ 5] /lib64/libc.so.6(+0x388c6)[0x153b8aa388c6]
[genoahost104:619715] [ 6] /direct/sdcc+u/poare/Grid/build/examples/./Example_spec_kryschur[0x4cc206]
[genoahost104:619715] [ 7] /direct/sdcc+u/poare/Grid/build/examples/./Example_spec_kryschur[0x4cc2f1]
[genoahost104:619715] [ 8] /direct/sdcc+u/poare/Grid/build/examples/./Example_spec_kryschur[0x4c7e95]
[genoahost104:619715] [ 9] /direct/sdcc+u/poare/Grid/build/examples/./Example_spec_kryschur[0x4b5f4f]
[genoahost104:619715] [10] /direct/sdcc+u/poare/Grid/build/examples/./Example_spec_kryschur[0x41180d]
[genoahost104:619715] [11] /lib64/libc.so.6(+0x2a610)[0x153b8aa2a610]
[genoahost104:619715] [12] /lib64/libc.so.6(__libc_start_main+0x80)[0x153b8aa2a6c0]
[genoahost104:619715] [13] /direct/sdcc+u/poare/Grid/build/examples/./Example_spec_kryschur[0x4147f5]
[genoahost104:619715] *** End of error message ***
srun: error: genoahost099: task 45: Aborted (core dumped)
srun: error: genoahost104: task 127: Aborted (core dumped)
Example_spec_kryschur: ../../Grid/communicator/SharedMemoryMPI.cc:434: static void Grid::GlobalSharedMemory::OptimalCommunicatorSharedMemory(const Coordinate&, ompi_communicator_t*&, Grid::Coordinate&): Assertion `WorldSize==Nprocessors' failed.
[genoahost101:1138803] *** Process received signal ***
[genoahost101:1138803] Signal: Aborted (6)
[genoahost101:1138803] Signal code:  (-6)
[genoahost101:1138803] [ 0] /lib64/libc.so.6(+0x3fc30)[0x15357023fc30]
[genoahost101:1138803] [ 1] /lib64/libc.so.6(+0x8d02c)[0x15357028d02c]
[genoahost101:1138803] [ 2] /lib64/libc.so.6(raise+0x16)[0x15357023fb86]
[genoahost101:1138803] [ 3] /lib64/libc.so.6(abort+0xd3)[0x153570229873]
[genoahost101:1138803] [ 4] /lib64/libc.so.6(+0x2979b)[0x15357022979b]
[genoahost101:1138803] [ 5] /lib64/libc.so.6(+0x388c6)[0x1535702388c6]
[genoahost101:1138803] [ 6] /direct/sdcc+u/poare/Grid/build/examples/./Example_spec_kryschur[0x4cc206]
[genoahost101:1138803] [ 7] /direct/sdcc+u/poare/Grid/build/examples/./Example_spec_kryschur[0x4cc2f1]
[genoahost101:1138803] [ 8] /direct/sdcc+u/poare/Grid/build/examples/./Example_spec_kryschur[0x4c7e95]
[genoahost101:1138803] [ 9] /direct/sdcc+u/poare/Grid/build/examples/./Example_spec_kryschur[0x4b5f4f]
[genoahost101:1138803] [10] /direct/sdcc+u/poare/Grid/build/examples/./Example_spec_kryschur[0x41180d]
[genoahost101:1138803] [11] /lib64/libc.so.6(+0x2a610)[0x15357022a610]
[genoahost101:1138803] [12] /lib64/libc.so.6(__libc_start_main+0x80)[0x15357022a6c0]
[genoahost101:1138803] [13] /direct/sdcc+u/poare/Grid/build/examples/./Example_spec_kryschur[0x4147f5]
[genoahost101:1138803] *** End of error message ***
Example_spec_kryschur: ../../Grid/communicator/SharedMemoryMPI.cc:434: static void Grid::GlobalSharedMemory::OptimalCommunicatorSharedMemory(const Coordinate&, ompi_communicator_t*&, Grid::Coordinate&): Assertion `WorldSize==Nprocessors' failed.
[genoahost102:618848] *** Process received signal ***
[genoahost102:618848] Signal: Aborted (6)
[genoahost102:618848] Signal code:  (-6)
[genoahost102:618848] [ 0] /lib64/libc.so.6(+0x3fc30)[0x151b52c3fc30]
[genoahost102:618848] [ 1] /lib64/libc.so.6(+0x8d02c)[0x151b52c8d02c]
[genoahost102:618848] [ 2] /lib64/libc.so.6(raise+0x16)[0x151b52c3fb86]
[genoahost102:618848] [ 3] /lib64/libc.so.6(abort+0xd3)[0x151b52c29873]
[genoahost102:618848] [ 4] /lib64/libc.so.6(+0x2979b)[0x151b52c2979b]
[genoahost102:618848] [ 5] /lib64/libc.so.6(+0x388c6)[0x151b52c388c6]
[genoahost102:618848] [ 6] /direct/sdcc+u/poare/Grid/build/examples/./Example_spec_kryschur[0x4cc206]
[genoahost102:618848] [ 7] /direct/sdcc+u/poare/Grid/build/examples/./Example_spec_kryschur[0x4cc2f1]
[genoahost102:618848] [ 8] /direct/sdcc+u/poare/Grid/build/examples/./Example_spec_kryschur[0x4c7e95]
[genoahost102:618848] [ 9] /direct/sdcc+u/poare/Grid/build/examples/./Example_spec_kryschur[0x4b5f4f]
[genoahost102:618848] [10] /direct/sdcc+u/poare/Grid/build/examples/./Example_spec_kryschur[0x41180d]
[genoahost102:618848] [11] /lib64/libc.so.6(+0x2a610)[0x151b52c2a610]
[genoahost102:618848] [12] /lib64/libc.so.6(__libc_start_main+0x80)[0x151b52c2a6c0]
[genoahost102:618848] [13] /direct/sdcc+u/poare/Grid/build/examples/./Example_spec_kryschur[0x4147f5]
[genoahost102:618848] *** End of error message ***
Example_spec_kryschur: ../../Grid/communicator/SharedMemoryMPI.cc:434: static void Grid::GlobalSharedMemory::OptimalCommunicatorSharedMemory(const Coordinate&, ompi_communicator_t*&, Grid::Coordinate&): Assertion `WorldSize==Nprocessors' failed.
[genoahost102:618851] *** Process received signal ***
[genoahost102:618851] Signal: Aborted (6)
[genoahost102:618851] Signal code:  (-6)
[genoahost102:618851] [ 0] /lib64/libc.so.6(+0x3fc30)[0x14c29f43fc30]
[genoahost102:618851] [ 1] /lib64/libc.so.6(+0x8d02c)[0x14c29f48d02c]
[genoahost102:618851] [ 2] /lib64/libc.so.6(raise+0x16)[0x14c29f43fb86]
[genoahost102:618851] [ 3] /lib64/libc.so.6(abort+0xd3)[0x14c29f429873]
[genoahost102:618851] [ 4] /lib64/libc.so.6(+0x2979b)[0x14c29f42979b]
[genoahost102:618851] [ 5] /lib64/libc.so.6(+0x388c6)[0x14c29f4388c6]
[genoahost102:618851] [ 6] /direct/sdcc+u/poare/Grid/build/examples/./Example_spec_kryschur[0x4cc206]
[genoahost102:618851] [ 7] /direct/sdcc+u/poare/Grid/build/examples/./Example_spec_kryschur[0x4cc2f1]
[genoahost102:618851] [ 8] /direct/sdcc+u/poare/Grid/build/examples/./Example_spec_kryschur[0x4c7e95]
[genoahost102:618851] [ 9] /direct/sdcc+u/poare/Grid/build/examples/./Example_spec_kryschur[0x4b5f4f]
[genoahost102:618851] [10] /direct/sdcc+u/poare/Grid/build/examples/./Example_spec_kryschur[0x41180d]
[genoahost102:618851] [11] /lib64/libc.so.6(+0x2a610)[0x14c29f42a610]
[genoahost102:618851] [12] /lib64/libc.so.6(__libc_start_main+0x80)[0x14c29f42a6c0]
[genoahost102:618851] [13] /direct/sdcc+u/poare/Grid/build/examples/./Example_spec_kryschur[0x4147f5]
[genoahost102:618851] *** End of error message ***
Example_spec_kryschur: ../../Grid/communicator/SharedMemoryMPI.cc:434: static void Grid::GlobalSharedMemory::OptimalCommunicatorSharedMemory(const Coordinate&, ompi_communicator_t*&, Grid::Coordinate&): Assertion `WorldSize==Nprocessors' failed.
[genoahost103:608332] *** Process received signal ***
[genoahost103:608332] Signal: Aborted (6)
[genoahost103:608332] Signal code:  (-6)
[genoahost103:608332] [ 0] /lib64/libc.so.6(+0x3fc30)[0x1482e583fc30]
[genoahost103:608332] [ 1] /lib64/libc.so.6(+0x8d02c)[0x1482e588d02c]
[genoahost103:608332] [ 2] /lib64/libc.so.6(raise+0x16)[0x1482e583fb86]
[genoahost103:608332] [ 3] /lib64/libc.so.6(abort+0xd3)[0x1482e5829873]
[genoahost103:608332] [ 4] /lib64/libc.so.6(+0x2979b)[0x1482e582979b]
[genoahost103:608332] [ 5] /lib64/libc.so.6(+0x388c6)[0x1482e58388c6]
[genoahost103:608332] [ 6] /direct/sdcc+u/poare/Grid/build/examples/./Example_spec_kryschur[0x4cc206]
[genoahost103:608332] [ 7] /direct/sdcc+u/poare/Grid/build/examples/./Example_spec_kryschur[0x4cc2f1]
[genoahost103:608332] [ 8] /direct/sdcc+u/poare/Grid/build/examples/./Example_spec_kryschur[0x4c7e95]
[genoahost103:608332] [ 9] /direct/sdcc+u/poare/Grid/build/examples/./Example_spec_kryschur[0x4b5f4f]
[genoahost103:608332] [10] /direct/sdcc+u/poare/Grid/build/examples/./Example_spec_kryschur[0x41180d]
[genoahost103:608332] [11] /lib64/libc.so.6(+0x2a610)[0x1482e582a610]
[genoahost103:608332] [12] /lib64/libc.so.6(__libc_start_main+0x80)[0x1482e582a6c0]
[genoahost103:608332] [13] /direct/sdcc+u/poare/Grid/build/examples/./Example_spec_kryschur[0x4147f5]
[genoahost103:608332] *** End of error message ***
Example_spec_kryschur: ../../Grid/communicator/SharedMemoryMPI.cc:434: static void Grid::GlobalSharedMemory::OptimalCommunicatorSharedMemory(const Coordinate&, ompi_communicator_t*&, Grid::Coordinate&): Assertion `WorldSize==Nprocessors' failed.
[genoahost103:608337] *** Process received signal ***
[genoahost103:608337] Signal: Aborted (6)
[genoahost103:608337] Signal code:  (-6)
[genoahost103:608337] [ 0] /lib64/libc.so.6(+0x3fc30)[0x14cf1863fc30]
[genoahost103:608337] [ 1] /lib64/libc.so.6(+0x8d02c)[0x14cf1868d02c]
[genoahost103:608337] [ 2] /lib64/libc.so.6(raise+0x16)[0x14cf1863fb86]
[genoahost103:608337] [ 3] /lib64/libc.so.6(abort+0xd3)[0x14cf18629873]
[genoahost103:608337] [ 4] /lib64/libc.so.6(+0x2979b)[0x14cf1862979b]
[genoahost103:608337] [ 5] /lib64/libc.so.6(+0x388c6)[0x14cf186388c6]
[genoahost103:608337] [ 6] /direct/sdcc+u/poare/Grid/build/examples/./Example_spec_kryschur[0x4cc206]
[genoahost103:608337] [ 7] /direct/sdcc+u/poare/Grid/build/examples/./Example_spec_kryschur[0x4cc2f1]
[genoahost103:608337] [ 8] /direct/sdcc+u/poare/Grid/build/examples/./Example_spec_kryschur[0x4c7e95]
[genoahost103:608337] [ 9] /direct/sdcc+u/poare/Grid/build/examples/./Example_spec_kryschur[0x4b5f4f]
[genoahost103:608337] [10] /direct/sdcc+u/poare/Grid/build/examples/./Example_spec_kryschur[0x41180d]
[genoahost103:608337] [11] /lib64/libc.so.6(+0x2a610)[0x14cf1862a610]
[genoahost103:608337] [12] /lib64/libc.so.6(__libc_start_main+0x80)[0x14cf1862a6c0]
[genoahost103:608337] [13] /direct/sdcc+u/poare/Grid/build/examples/./Example_spec_kryschur[0x4147f5]
[genoahost103:608337] *** End of error message ***
Example_spec_kryschur: ../../Grid/communicator/SharedMemoryMPI.cc:434: static void Grid::GlobalSharedMemory::OptimalCommunicatorSharedMemory(const Coordinate&, ompi_communicator_t*&, Grid::Coordinate&): Assertion `WorldSize==Nprocessors' failed.
[genoahost097:1721851] *** Process received signal ***
[genoahost097:1721851] Signal: Aborted (6)
[genoahost097:1721851] Signal code:  (-6)
[genoahost097:1721851] [ 0] /lib64/libc.so.6(+0x3fc30)[0x146a19c3fc30]
[genoahost097:1721851] [ 1] /lib64/libc.so.6(+0x8d02c)[0x146a19c8d02c]
[genoahost097:1721851] [ 2] /lib64/libc.so.6(raise+0x16)[0x146a19c3fb86]
[genoahost097:1721851] [ 3] /lib64/libc.so.6(abort+0xd3)[0x146a19c29873]
[genoahost097:1721851] [ 4] /lib64/libc.so.6(+0x2979b)[0x146a19c2979b]
[genoahost097:1721851] [ 5] /lib64/libc.so.6(+0x388c6)[0x146a19c388c6]
[genoahost097:1721851] [ 6] /direct/sdcc+u/poare/Grid/build/examples/./Example_spec_kryschur[0x4cc206]
[genoahost097:1721851] [ 7] /direct/sdcc+u/poare/Grid/build/examples/./Example_spec_kryschur[0x4cc2f1]
[genoahost097:1721851] [ 8] /direct/sdcc+u/poare/Grid/build/examples/./Example_spec_kryschur[0x4c7e95]
[genoahost097:1721851] [ 9] /direct/sdcc+u/poare/Grid/build/examples/./Example_spec_kryschur[0x4b5f4f]
[genoahost097:1721851] [10] /direct/sdcc+u/poare/Grid/build/examples/./Example_spec_kryschur[0x41180d]
[genoahost097:1721851] [11] /lib64/libc.so.6(+0x2a610)[0x146a19c2a610]
[genoahost097:1721851] [12] /lib64/libc.so.6(__libc_start_main+0x80)[0x146a19c2a6c0]
[genoahost097:1721851] [13] /direct/sdcc+u/poare/Grid/build/examples/./Example_spec_kryschur[0x4147f5]
[genoahost097:1721851] *** End of error message ***
Example_spec_kryschur: ../../Grid/communicator/SharedMemoryMPI.cc:434: static void Grid::GlobalSharedMemory::OptimalCommunicatorSharedMemory(const Coordinate&, ompi_communicator_t*&, Grid::Coordinate&): Assertion `WorldSize==Nprocessors' failed.
[genoahost097:1721853] *** Process received signal ***
[genoahost097:1721853] Signal: Aborted (6)
[genoahost097:1721853] Signal code:  (-6)
[genoahost097:1721853] [ 0] /lib64/libc.so.6(+0x3fc30)[0x14d4ffa3fc30]
[genoahost097:1721853] [ 1] /lib64/libc.so.6(+0x8d02c)[0x14d4ffa8d02c]
[genoahost097:1721853] [ 2] /lib64/libc.so.6(raise+0x16)[0x14d4ffa3fb86]
[genoahost097:1721853] [ 3] /lib64/libc.so.6(abort+0xd3)[0x14d4ffa29873]
[genoahost097:1721853] [ 4] /lib64/libc.so.6(+0x2979b)[0x14d4ffa2979b]
[genoahost097:1721853] [ 5] /lib64/libc.so.6(+0x388c6)[0x14d4ffa388c6]
[genoahost097:1721853] [ 6] /direct/sdcc+u/poare/Grid/build/examples/./Example_spec_kryschur[0x4cc206]
[genoahost097:1721853] [ 7] /direct/sdcc+u/poare/Grid/build/examples/./Example_spec_kryschur[0x4cc2f1]
[genoahost097:1721853] [ 8] /direct/sdcc+u/poare/Grid/build/examples/./Example_spec_kryschur[0x4c7e95]
[genoahost097:1721853] [ 9] /direct/sdcc+u/poare/Grid/build/examples/./Example_spec_kryschur[0x4b5f4f]
[genoahost097:1721853] [10] /direct/sdcc+u/poare/Grid/build/examples/./Example_spec_kryschur[0x41180d]
[genoahost097:1721853] [11] /lib64/libc.so.6(+0x2a610)[0x14d4ffa2a610]
[genoahost097:1721853] [12] /lib64/libc.so.6(__libc_start_main+0x80)[0x14d4ffa2a6c0]
[genoahost097:1721853] [13] /direct/sdcc+u/poare/Grid/build/examples/./Example_spec_kryschur[0x4147f5]
[genoahost097:1721853] *** End of error message ***
srun: error: genoahost103: task 101: Aborted (core dumped)
Example_spec_kryschur: ../../Grid/communicator/SharedMemoryMPI.cc:434: static void Grid::GlobalSharedMemory::OptimalCommunicatorSharedMemory(const Coordinate&, ompi_communicator_t*&, Grid::Coordinate&): Assertion `WorldSize==Nprocessors' failed.
[genoahost100:639522] *** Process received signal ***
[genoahost100:639522] Signal: Aborted (6)
[genoahost100:639522] Signal code:  (-6)
[genoahost100:639522] [ 0] /lib64/libc.so.6(+0x3fc30)[0x14885d83fc30]
[genoahost100:639522] [ 1] /lib64/libc.so.6(+0x8d02c)[0x14885d88d02c]
[genoahost100:639522] [ 2] /lib64/libc.so.6(raise+0x16)[0x14885d83fb86]
[genoahost100:639522] [ 3] /lib64/libc.so.6(abort+0xd3)[0x14885d829873]
[genoahost100:639522] [ 4] /lib64/libc.so.6(+0x2979b)[0x14885d82979b]
[genoahost100:639522] [ 5] /lib64/libc.so.6(+0x388c6)[0x14885d8388c6]
[genoahost100:639522] [ 6] /direct/sdcc+u/poare/Grid/build/examples/./Example_spec_kryschur[0x4cc206]
[genoahost100:639522] [ 7] /direct/sdcc+u/poare/Grid/build/examples/./Example_spec_kryschur[0x4cc2f1]
[genoahost100:639522] [ 8] /direct/sdcc+u/poare/Grid/build/examples/./Example_spec_kryschur[0x4c7e95]
[genoahost100:639522] [ 9] /direct/sdcc+u/poare/Grid/build/examples/./Example_spec_kryschur[0x4b5f4f]
[genoahost100:639522] [10] /direct/sdcc+u/poare/Grid/build/examples/./Example_spec_kryschur[0x41180d]
[genoahost100:639522] [11] /lib64/libc.so.6(+0x2a610)[0x14885d82a610]
[genoahost100:639522] [12] /lib64/libc.so.6(__libc_start_main+0x80)[0x14885d82a6c0]
[genoahost100:639522] [13] /direct/sdcc+u/poare/Grid/build/examples/./Example_spec_kryschur[0x4147f5]
[genoahost100:639522] *** End of error message ***
Example_spec_kryschur: ../../Grid/communicator/SharedMemoryMPI.cc:434: static void Grid::GlobalSharedMemory::OptimalCommunicatorSharedMemory(const Coordinate&, ompi_communicator_t*&, Grid::Coordinate&): Assertion `WorldSize==Nprocessors' failed.
[genoahost102:618852] *** Process received signal ***
[genoahost102:618852] Signal: Aborted (6)
[genoahost102:618852] Signal code:  (-6)
[genoahost102:618852] [ 0] /lib64/libc.so.6(+0x3fc30)[0x15463403fc30]
[genoahost102:618852] [ 1] /lib64/libc.so.6(+0x8d02c)[0x15463408d02c]
[genoahost102:618852] [ 2] /lib64/libc.so.6(raise+0x16)[0x15463403fb86]
[genoahost102:618852] [ 3] /lib64/libc.so.6(abort+0xd3)[0x154634029873]
[genoahost102:618852] [ 4] /lib64/libc.so.6(+0x2979b)[0x15463402979b]
[genoahost102:618852] [ 5] /lib64/libc.so.6(+0x388c6)[0x1546340388c6]
[genoahost102:618852] [ 6] /direct/sdcc+u/poare/Grid/build/examples/./Example_spec_kryschur[0x4cc206]
[genoahost102:618852] [ 7] /direct/sdcc+u/poare/Grid/build/examples/./Example_spec_kryschur[0x4cc2f1]
[genoahost102:618852] [ 8] /direct/sdcc+u/poare/Grid/build/examples/./Example_spec_kryschur[0x4c7e95]
[genoahost102:618852] [ 9] /direct/sdcc+u/poare/Grid/build/examples/./Example_spec_kryschur[0x4b5f4f]
[genoahost102:618852] [10] /direct/sdcc+u/poare/Grid/build/examples/./Example_spec_kryschur[0x41180d]
[genoahost102:618852] [11] /lib64/libc.so.6(+0x2a610)[0x15463402a610]
[genoahost102:618852] [12] /lib64/libc.so.6(__libc_start_main+0x80)[0x15463402a6c0]
[genoahost102:618852] [13] /direct/sdcc+u/poare/Grid/build/examples/./Example_spec_kryschur[0x4147f5]
[genoahost102:618852] *** End of error message ***
Example_spec_kryschur: ../../Grid/communicator/SharedMemoryMPI.cc:434: static void Grid::GlobalSharedMemory::OptimalCommunicatorSharedMemory(const Coordinate&, ompi_communicator_t*&, Grid::Coordinate&): Assertion `WorldSize==Nprocessors' failed.
[genoahost102:618843] *** Process received signal ***
[genoahost102:618843] Signal: Aborted (6)
[genoahost102:618843] Signal code:  (-6)
[genoahost102:618843] [ 0] /lib64/libc.so.6(+0x3fc30)[0x14b53d43fc30]
[genoahost102:618843] [ 1] /lib64/libc.so.6(+0x8d02c)[0x14b53d48d02c]
[genoahost102:618843] [ 2] /lib64/libc.so.6(raise+0x16)[0x14b53d43fb86]
[genoahost102:618843] [ 3] /lib64/libc.so.6(abort+0xd3)[0x14b53d429873]
[genoahost102:618843] [ 4] /lib64/libc.so.6(+0x2979b)[0x14b53d42979b]
[genoahost102:618843] [ 5] /lib64/libc.so.6(+0x388c6)[0x14b53d4388c6]
[genoahost102:618843] [ 6] /direct/sdcc+u/poare/Grid/build/examples/./Example_spec_kryschur[0x4cc206]
[genoahost102:618843] [ 7] /direct/sdcc+u/poare/Grid/build/examples/./Example_spec_kryschur[0x4cc2f1]
[genoahost102:618843] [ 8] /direct/sdcc+u/poare/Grid/build/examples/./Example_spec_kryschur[0x4c7e95]
[genoahost102:618843] [ 9] /direct/sdcc+u/poare/Grid/build/examples/./Example_spec_kryschur[0x4b5f4f]
[genoahost102:618843] [10] /direct/sdcc+u/poare/Grid/build/examples/./Example_spec_kryschur[0x41180d]
[genoahost102:618843] [11] /lib64/libc.so.6(+0x2a610)[0x14b53d42a610]
[genoahost102:618843] [12] /lib64/libc.so.6(__libc_start_main+0x80)[0x14b53d42a6c0]
[genoahost102:618843] [13] /direct/sdcc+u/poare/Grid/build/examples/./Example_spec_kryschur[0x4147f5]
[genoahost102:618843] *** End of error message ***
srun: error: genoahost097: task 10: Aborted (core dumped)
Example_spec_kryschur: ../../Grid/communicator/SharedMemoryMPI.cc:434: static void Grid::GlobalSharedMemory::OptimalCommunicatorSharedMemory(const Coordinate&, ompi_communicator_t*&, Grid::Coordinate&): Assertion `WorldSize==Nprocessors' failed.
[genoahost100:639524] *** Process received signal ***
[genoahost100:639524] Signal: Aborted (6)
[genoahost100:639524] Signal code:  (-6)
[genoahost100:639524] [ 0] /lib64/libc.so.6(+0x3fc30)[0x146b2f43fc30]
[genoahost100:639524] [ 1] /lib64/libc.so.6(+0x8d02c)[0x146b2f48d02c]
[genoahost100:639524] [ 2] /lib64/libc.so.6(raise+0x16)[0x146b2f43fb86]
[genoahost100:639524] [ 3] /lib64/libc.so.6(abort+0xd3)[0x146b2f429873]
[genoahost100:639524] [ 4] /lib64/libc.so.6(+0x2979b)[0x146b2f42979b]
[genoahost100:639524] [ 5] /lib64/libc.so.6(+0x388c6)[0x146b2f4388c6]
[genoahost100:639524] [ 6] /direct/sdcc+u/poare/Grid/build/examples/./Example_spec_kryschur[0x4cc206]
[genoahost100:639524] [ 7] /direct/sdcc+u/poare/Grid/build/examples/./Example_spec_kryschur[0x4cc2f1]
[genoahost100:639524] [ 8] /direct/sdcc+u/poare/Grid/build/examples/./Example_spec_kryschur[0x4c7e95]
[genoahost100:639524] [ 9] /direct/sdcc+u/poare/Grid/build/examples/./Example_spec_kryschur[0x4b5f4f]
[genoahost100:639524] [10] /direct/sdcc+u/poare/Grid/build/examples/./Example_spec_kryschur[0x41180d]
[genoahost100:639524] [11] /lib64/libc.so.6(+0x2a610)[0x146b2f42a610]
[genoahost100:639524] [12] /lib64/libc.so.6(__libc_start_main+0x80)[0x146b2f42a6c0]
[genoahost100:639524] [13] /direct/sdcc+u/poare/Grid/build/examples/./Example_spec_kryschur[0x4147f5]
[genoahost100:639524] *** End of error message ***
Example_spec_kryschur: ../../Grid/communicator/SharedMemoryMPI.cc:434: static void Grid::GlobalSharedMemory::OptimalCommunicatorSharedMemory(const Coordinate&, ompi_communicator_t*&, Grid::Coordinate&): Assertion `WorldSize==Nprocessors' failed.
[genoahost100:639528] *** Process received signal ***
[genoahost100:639528] Signal: Aborted (6)
[genoahost100:639528] Signal code:  (-6)
[genoahost100:639528] [ 0] /lib64/libc.so.6(+0x3fc30)[0x14c7c0e3fc30]
[genoahost100:639528] [ 1] /lib64/libc.so.6(+0x8d02c)[0x14c7c0e8d02c]
[genoahost100:639528] [ 2] /lib64/libc.so.6(raise+0x16)[0x14c7c0e3fb86]
[genoahost100:639528] [ 3] /lib64/libc.so.6(abort+0xd3)[0x14c7c0e29873]
[genoahost100:639528] [ 4] /lib64/libc.so.6(+0x2979b)[0x14c7c0e2979b]
[genoahost100:639528] [ 5] /lib64/libc.so.6(+0x388c6)[0x14c7c0e388c6]
[genoahost100:639528] [ 6] /direct/sdcc+u/poare/Grid/build/examples/./Example_spec_kryschur[0x4cc206]
[genoahost100:639528] [ 7] /direct/sdcc+u/poare/Grid/build/examples/./Example_spec_kryschur[0x4cc2f1]
[genoahost100:639528] [ 8] /direct/sdcc+u/poare/Grid/build/examples/./Example_spec_kryschur[0x4c7e95]
[genoahost100:639528] [ 9] /direct/sdcc+u/poare/Grid/build/examples/./Example_spec_kryschur[0x4b5f4f]
[genoahost100:639528] [10] /direct/sdcc+u/poare/Grid/build/examples/./Example_spec_kryschur[0x41180d]
[genoahost100:639528] [11] /lib64/libc.so.6(+0x2a610)[0x14c7c0e2a610]
[genoahost100:639528] [12] /lib64/libc.so.6(__libc_start_main+0x80)[0x14c7c0e2a6c0]
[genoahost100:639528] [13] /direct/sdcc+u/poare/Grid/build/examples/./Example_spec_kryschur[0x4147f5]
[genoahost100:639528] *** End of error message ***
srun: error: genoahost099: task 47: Aborted (core dumped)
Example_spec_kryschur: ../../Grid/communicator/SharedMemoryMPI.cc:434: static void Grid::GlobalSharedMemory::OptimalCommunicatorSharedMemory(const Coordinate&, ompi_communicator_t*&, Grid::Coordinate&): Assertion `WorldSize==Nprocessors' failed.
[genoahost098:1620982] *** Process received signal ***
[genoahost098:1620982] Signal: Aborted (6)
[genoahost098:1620982] Signal code:  (-6)
[genoahost098:1620982] [ 0] /lib64/libc.so.6(+0x3fc30)[0x15536fa3fc30]
[genoahost098:1620982] [ 1] /lib64/libc.so.6(+0x8d02c)[0x15536fa8d02c]
[genoahost098:1620982] [ 2] /lib64/libc.so.6(raise+0x16)[0x15536fa3fb86]
[genoahost098:1620982] [ 3] /lib64/libc.so.6(abort+0xd3)[0x15536fa29873]
[genoahost098:1620982] [ 4] /lib64/libc.so.6(+0x2979b)[0x15536fa2979b]
[genoahost098:1620982] [ 5] /lib64/libc.so.6(+0x388c6)[0x15536fa388c6]
[genoahost098:1620982] [ 6] /direct/sdcc+u/poare/Grid/build/examples/./Example_spec_kryschur[0x4cc206]
[genoahost098:1620982] [ 7] /direct/sdcc+u/poare/Grid/build/examples/./Example_spec_kryschur[0x4cc2f1]
[genoahost098:1620982] [ 8] /direct/sdcc+u/poare/Grid/build/examples/./Example_spec_kryschur[0x4c7e95]
[genoahost098:1620982] [ 9] /direct/sdcc+u/poare/Grid/build/examples/./Example_spec_kryschur[0x4b5f4f]
[genoahost098:1620982] [10] /direct/sdcc+u/poare/Grid/build/examples/./Example_spec_kryschur[0x41180d]
[genoahost098:1620982] [11] /lib64/libc.so.6(+0x2a610)[0x15536fa2a610]
[genoahost098:1620982] [12] /lib64/libc.so.6(__libc_start_main+0x80)[0x15536fa2a6c0]
[genoahost098:1620982] [13] /direct/sdcc+u/poare/Grid/build/examples/./Example_spec_kryschur[0x4147f5]
[genoahost098:1620982] *** End of error message ***
Example_spec_kryschur: ../../Grid/communicator/SharedMemoryMPI.cc:434: static void Grid::GlobalSharedMemory::OptimalCommunicatorSharedMemory(const Coordinate&, ompi_communicator_t*&, Grid::Coordinate&): Assertion `WorldSize==Nprocessors' failed.
[genoahost098:1620983] *** Process received signal ***
[genoahost098:1620983] Signal: Aborted (6)
[genoahost098:1620983] Signal code:  (-6)
[genoahost098:1620983] [ 0] /lib64/libc.so.6(+0x3fc30)[0x1487c223fc30]
[genoahost098:1620983] [ 1] /lib64/libc.so.6(+0x8d02c)[0x1487c228d02c]
[genoahost098:1620983] [ 2] /lib64/libc.so.6(raise+0x16)[0x1487c223fb86]
[genoahost098:1620983] [ 3] /lib64/libc.so.6(abort+0xd3)[0x1487c2229873]
[genoahost098:1620983] [ 4] /lib64/libc.so.6(+0x2979b)[0x1487c222979b]
[genoahost098:1620983] [ 5] /lib64/libc.so.6(+0x388c6)[0x1487c22388c6]
[genoahost098:1620983] [ 6] /direct/sdcc+u/poare/Grid/build/examples/./Example_spec_kryschur[0x4cc206]
[genoahost098:1620983] [ 7] /direct/sdcc+u/poare/Grid/build/examples/./Example_spec_kryschur[0x4cc2f1]
[genoahost098:1620983] [ 8] /direct/sdcc+u/poare/Grid/build/examples/./Example_spec_kryschur[0x4c7e95]
[genoahost098:1620983] [ 9] /direct/sdcc+u/poare/Grid/build/examples/./Example_spec_kryschur[0x4b5f4f]
[genoahost098:1620983] [10] /direct/sdcc+u/poare/Grid/build/examples/./Example_spec_kryschur[0x41180d]
[genoahost098:1620983] [11] /lib64/libc.so.6(+0x2a610)[0x1487c222a610]
[genoahost098:1620983] [12] /lib64/libc.so.6(__libc_start_main+0x80)[0x1487c222a6c0]
[genoahost098:1620983] [13] /direct/sdcc+u/poare/Grid/build/examples/./Example_spec_kryschur[0x4147f5]
[genoahost098:1620983] *** End of error message ***
srun: error: genoahost099: task 38: Aborted (core dumped)
Example_spec_kryschur: ../../Grid/communicator/SharedMemoryMPI.cc:434: static void Grid::GlobalSharedMemory::OptimalCommunicatorSharedMemory(const Coordinate&, ompi_communicator_t*&, Grid::Coordinate&): Assertion `WorldSize==Nprocessors' failed.
[genoahost100:639520] *** Process received signal ***
[genoahost100:639520] Signal: Aborted (6)
[genoahost100:639520] Signal code:  (-6)
[genoahost100:639520] [ 0] /lib64/libc.so.6(+0x3fc30)[0x1534daa3fc30]
[genoahost100:639520] [ 1] /lib64/libc.so.6(+0x8d02c)[0x1534daa8d02c]
[genoahost100:639520] [ 2] /lib64/libc.so.6(raise+0x16)[0x1534daa3fb86]
[genoahost100:639520] [ 3] /lib64/libc.so.6(abort+0xd3)[0x1534daa29873]
[genoahost100:639520] [ 4] /lib64/libc.so.6(+0x2979b)[0x1534daa2979b]
[genoahost100:639520] [ 5] /lib64/libc.so.6(+0x388c6)[0x1534daa388c6]
[genoahost100:639520] [ 6] /direct/sdcc+u/poare/Grid/build/examples/./Example_spec_kryschur[0x4cc206]
[genoahost100:639520] [ 7] /direct/sdcc+u/poare/Grid/build/examples/./Example_spec_kryschur[0x4cc2f1]
[genoahost100:639520] [ 8] /direct/sdcc+u/poare/Grid/build/examples/./Example_spec_kryschur[0x4c7e95]
[genoahost100:639520] [ 9] /direct/sdcc+u/poare/Grid/build/examples/./Example_spec_kryschur[0x4b5f4f]
[genoahost100:639520] [10] /direct/sdcc+u/poare/Grid/build/examples/./Example_spec_kryschur[0x41180d]
[genoahost100:639520] [11] /lib64/libc.so.6(+0x2a610)[0x1534daa2a610]
[genoahost100:639520] [12] /lib64/libc.so.6(__libc_start_main+0x80)[0x1534daa2a6c0]
[genoahost100:639520] [13] /direct/sdcc+u/poare/Grid/build/examples/./Example_spec_kryschur[0x4147f5]
[genoahost100:639520] *** End of error message ***
Example_spec_kryschur: ../../Grid/communicator/SharedMemoryMPI.cc:434: static void Grid::GlobalSharedMemory::OptimalCommunicatorSharedMemory(const Coordinate&, ompi_communicator_t*&, Grid::Coordinate&): Assertion `WorldSize==Nprocessors' failed.
[genoahost100:639532] *** Process received signal ***
[genoahost100:639532] Signal: Aborted (6)
[genoahost100:639532] Signal code:  (-6)
[genoahost100:639532] [ 0] /lib64/libc.so.6(+0x3fc30)[0x147edb43fc30]
[genoahost100:639532] [ 1] /lib64/libc.so.6(+0x8d02c)[0x147edb48d02c]
[genoahost100:639532] [ 2] /lib64/libc.so.6(raise+0x16)[0x147edb43fb86]
[genoahost100:639532] [ 3] /lib64/libc.so.6(abort+0xd3)[0x147edb429873]
[genoahost100:639532] [ 4] /lib64/libc.so.6(+0x2979b)[0x147edb42979b]
[genoahost100:639532] [ 5] /lib64/libc.so.6(+0x388c6)[0x147edb4388c6]
[genoahost100:639532] [ 6] /direct/sdcc+u/poare/Grid/build/examples/./Example_spec_kryschur[0x4cc206]
[genoahost100:639532] [ 7] /direct/sdcc+u/poare/Grid/build/examples/./Example_spec_kryschur[0x4cc2f1]
[genoahost100:639532] [ 8] /direct/sdcc+u/poare/Grid/build/examples/./Example_spec_kryschur[0x4c7e95]
[genoahost100:639532] [ 9] /direct/sdcc+u/poare/Grid/build/examples/./Example_spec_kryschur[0x4b5f4f]
[genoahost100:639532] [10] /direct/sdcc+u/poare/Grid/build/examples/./Example_spec_kryschur[0x41180d]
[genoahost100:639532] [11] /lib64/libc.so.6(+0x2a610)[0x147edb42a610]
[genoahost100:639532] [12] /lib64/libc.so.6(__libc_start_main+0x80)[0x147edb42a6c0]
[genoahost100:639532] [13] /direct/sdcc+u/poare/Grid/build/examples/./Example_spec_kryschur[0x4147f5]
[genoahost100:639532] *** End of error message ***
Example_spec_kryschur: ../../Grid/communicator/SharedMemoryMPI.cc:434: static void Grid::GlobalSharedMemory::OptimalCommunicatorSharedMemory(const Coordinate&, ompi_communicator_t*&, Grid::Coordinate&): Assertion `WorldSize==Nprocessors' failed.
[genoahost098:1620990] *** Process received signal ***
[genoahost098:1620990] Signal: Aborted (6)
[genoahost098:1620990] Signal code:  (-6)
[genoahost098:1620990] [ 0] /lib64/libc.so.6(+0x3fc30)[0x14a42603fc30]
[genoahost098:1620990] [ 1] /lib64/libc.so.6(+0x8d02c)[0x14a42608d02c]
[genoahost098:1620990] [ 2] /lib64/libc.so.6(raise+0x16)[0x14a42603fb86]
[genoahost098:1620990] [ 3] /lib64/libc.so.6(abort+0xd3)[0x14a426029873]
[genoahost098:1620990] [ 4] /lib64/libc.so.6(+0x2979b)[0x14a42602979b]
[genoahost098:1620990] [ 5] /lib64/libc.so.6(+0x388c6)[0x14a4260388c6]
[genoahost098:1620990] [ 6] /direct/sdcc+u/poare/Grid/build/examples/./Example_spec_kryschur[0x4cc206]
[genoahost098:1620990] [ 7] /direct/sdcc+u/poare/Grid/build/examples/./Example_spec_kryschur[0x4cc2f1]
[genoahost098:1620990] [ 8] /direct/sdcc+u/poare/Grid/build/examples/./Example_spec_kryschur[0x4c7e95]
[genoahost098:1620990] [ 9] /direct/sdcc+u/poare/Grid/build/examples/./Example_spec_kryschur[0x4b5f4f]
[genoahost098:1620990] [10] /direct/sdcc+u/poare/Grid/build/examples/./Example_spec_kryschur[0x41180d]
[genoahost098:1620990] [11] /lib64/libc.so.6(+0x2a610)[0x14a42602a610]
[genoahost098:1620990] [12] /lib64/libc.so.6(__libc_start_main+0x80)[0x14a42602a6c0]
[genoahost098:1620990] [13] /direct/sdcc+u/poare/Grid/build/examples/./Example_spec_kryschur[0x4147f5]
[genoahost098:1620990] *** End of error message ***
srun: error: genoahost098: task 20: Aborted (core dumped)
srun: error: genoahost103: task 106: Aborted (core dumped)
srun: error: genoahost100: task 51: Aborted (core dumped)
srun: error: genoahost104: task 120: Aborted (core dumped)
Example_spec_kryschur: ../../Grid/communicator/SharedMemoryMPI.cc:434: static void Grid::GlobalSharedMemory::OptimalCommunicatorSharedMemory(const Coordinate&, ompi_communicator_t*&, Grid::Coordinate&): Assertion `WorldSize==Nprocessors' failed.
[genoahost104:619718] *** Process received signal ***
[genoahost104:619718] Signal: Aborted (6)
[genoahost104:619718] Signal code:  (-6)
[genoahost104:619718] [ 0] /lib64/libc.so.6(+0x3fc30)[0x1478b5c3fc30]
[genoahost104:619718] [ 1] /lib64/libc.so.6(+0x8d02c)[0x1478b5c8d02c]
[genoahost104:619718] [ 2] /lib64/libc.so.6(raise+0x16)[0x1478b5c3fb86]
[genoahost104:619718] [ 3] /lib64/libc.so.6(abort+0xd3)[0x1478b5c29873]
[genoahost104:619718] [ 4] /lib64/libc.so.6(+0x2979b)[0x1478b5c2979b]
[genoahost104:619718] [ 5] /lib64/libc.so.6(+0x388c6)[0x1478b5c388c6]
[genoahost104:619718] [ 6] /direct/sdcc+u/poare/Grid/build/examples/./Example_spec_kryschur[0x4cc206]
[genoahost104:619718] [ 7] /direct/sdcc+u/poare/Grid/build/examples/./Example_spec_kryschur[0x4cc2f1]
[genoahost104:619718] [ 8] /direct/sdcc+u/poare/Grid/build/examples/./Example_spec_kryschur[0x4c7e95]
[genoahost104:619718] [ 9] /direct/sdcc+u/poare/Grid/build/examples/./Example_spec_kryschur[0x4b5f4f]
[genoahost104:619718] [10] /direct/sdcc+u/poare/Grid/build/examples/./Example_spec_kryschur[0x41180d]
[genoahost104:619718] [11] /lib64/libc.so.6(+0x2a610)[0x1478b5c2a610]
[genoahost104:619718] [12] /lib64/libc.so.6(__libc_start_main+0x80)[0x1478b5c2a6c0]
[genoahost104:619718] [13] /direct/sdcc+u/poare/Grid/build/examples/./Example_spec_kryschur[0x4147f5]
[genoahost104:619718] *** End of error message ***
Example_spec_kryschur: ../../Grid/communicator/SharedMemoryMPI.cc:434: static void Grid::GlobalSharedMemory::OptimalCommunicatorSharedMemory(const Coordinate&, ompi_communicator_t*&, Grid::Coordinate&): Assertion `WorldSize==Nprocessors' failed.
[genoahost104:619708] *** Process received signal ***
[genoahost104:619708] Signal: Aborted (6)
[genoahost104:619708] Signal code:  (-6)
[genoahost104:619708] [ 0] /lib64/libc.so.6(+0x3fc30)[0x14d34883fc30]
[genoahost104:619708] [ 1] /lib64/libc.so.6(+0x8d02c)[0x14d34888d02c]
[genoahost104:619708] [ 2] /lib64/libc.so.6(raise+0x16)[0x14d34883fb86]
[genoahost104:619708] [ 3] /lib64/libc.so.6(abort+0xd3)[0x14d348829873]
[genoahost104:619708] [ 4] /lib64/libc.so.6(+0x2979b)[0x14d34882979b]
[genoahost104:619708] [ 5] /lib64/libc.so.6(+0x388c6)[0x14d3488388c6]
[genoahost104:619708] [ 6] /direct/sdcc+u/poare/Grid/build/examples/./Example_spec_kryschur[0x4cc206]
[genoahost104:619708] [ 7] /direct/sdcc+u/poare/Grid/build/examples/./Example_spec_kryschur[0x4cc2f1]
[genoahost104:619708] [ 8] /direct/sdcc+u/poare/Grid/build/examples/./Example_spec_kryschur[0x4c7e95]
[genoahost104:619708] [ 9] /direct/sdcc+u/poare/Grid/build/examples/./Example_spec_kryschur[0x4b5f4f]
[genoahost104:619708] [10] /direct/sdcc+u/poare/Grid/build/examples/./Example_spec_kryschur[0x41180d]
[genoahost104:619708] [11] /lib64/libc.so.6(+0x2a610)[0x14d34882a610]
[genoahost104:619708] [12] /lib64/libc.so.6(__libc_start_main+0x80)[0x14d34882a6c0]
[genoahost104:619708] [13] /direct/sdcc+u/poare/Grid/build/examples/./Example_spec_kryschur[0x4147f5]
[genoahost104:619708] *** End of error message ***
srun: error: genoahost103: task 105: Aborted (core dumped)
srun: error: genoahost102: task 93: Aborted (core dumped)
srun: error: genoahost097: task 12: Aborted (core dumped)
srun: error: genoahost098: task 21: Aborted (core dumped)
srun: error: genoahost101: task 68: Aborted (core dumped)
srun: error: genoahost102: tasks 89,92: Aborted (core dumped)
Example_spec_kryschur: ../../Grid/communicator/SharedMemoryMPI.cc:434: static void Grid::GlobalSharedMemory::OptimalCommunicatorSharedMemory(const Coordinate&, ompi_communicator_t*&, Grid::Coordinate&): Assertion `WorldSize==Nprocessors' failed.
[genoahost103:608335] *** Process received signal ***
[genoahost103:608335] Signal: Aborted (6)
[genoahost103:608335] Signal code:  (-6)
[genoahost103:608335] [ 0] /lib64/libc.so.6(+0x3fc30)[0x14a14823fc30]
[genoahost103:608335] [ 1] /lib64/libc.so.6(+0x8d02c)[0x14a14828d02c]
[genoahost103:608335] [ 2] /lib64/libc.so.6(raise+0x16)[0x14a14823fb86]
[genoahost103:608335] [ 3] /lib64/libc.so.6(abort+0xd3)[0x14a148229873]
[genoahost103:608335] [ 4] /lib64/libc.so.6(+0x2979b)[0x14a14822979b]
[genoahost103:608335] [ 5] /lib64/libc.so.6(+0x388c6)[0x14a1482388c6]
[genoahost103:608335] [ 6] /direct/sdcc+u/poare/Grid/build/examples/./Example_spec_kryschur[0x4cc206]
[genoahost103:608335] [ 7] /direct/sdcc+u/poare/Grid/build/examples/./Example_spec_kryschur[0x4cc2f1]
[genoahost103:608335] [ 8] /direct/sdcc+u/poare/Grid/build/examples/./Example_spec_kryschur[0x4c7e95]
[genoahost103:608335] [ 9] /direct/sdcc+u/poare/Grid/build/examples/./Example_spec_kryschur[0x4b5f4f]
[genoahost103:608335] [10] /direct/sdcc+u/poare/Grid/build/examples/./Example_spec_kryschur[0x41180d]
[genoahost103:608335] [11] /lib64/libc.so.6(+0x2a610)[0x14a14822a610]
[genoahost103:608335] [12] /lib64/libc.so.6(__libc_start_main+0x80)[0x14a14822a6c0]
[genoahost103:608335] [13] /direct/sdcc+u/poare/Grid/build/examples/./Example_spec_kryschur[0x4147f5]
[genoahost103:608335] *** End of error message ***
Example_spec_kryschur: ../../Grid/communicator/SharedMemoryMPI.cc:434: static void Grid::GlobalSharedMemory::OptimalCommunicatorSharedMemory(const Coordinate&, ompi_communicator_t*&, Grid::Coordinate&): Assertion `WorldSize==Nprocessors' failed.
[genoahost103:608340] *** Process received signal ***
[genoahost103:608340] Signal: Aborted (6)
[genoahost103:608340] Signal code:  (-6)
[genoahost103:608340] [ 0] /lib64/libc.so.6(+0x3fc30)[0x14e4c8a3fc30]
[genoahost103:608340] [ 1] /lib64/libc.so.6(+0x8d02c)[0x14e4c8a8d02c]
[genoahost103:608340] [ 2] /lib64/libc.so.6(raise+0x16)[0x14e4c8a3fb86]
[genoahost103:608340] [ 3] /lib64/libc.so.6(abort+0xd3)[0x14e4c8a29873]
[genoahost103:608340] [ 4] /lib64/libc.so.6(+0x2979b)[0x14e4c8a2979b]
[genoahost103:608340] [ 5] /lib64/libc.so.6(+0x388c6)[0x14e4c8a388c6]
[genoahost103:608340] [ 6] /direct/sdcc+u/poare/Grid/build/examples/./Example_spec_kryschur[0x4cc206]
[genoahost103:608340] [ 7] /direct/sdcc+u/poare/Grid/build/examples/./Example_spec_kryschur[0x4cc2f1]
[genoahost103:608340] [ 8] /direct/sdcc+u/poare/Grid/build/examples/./Example_spec_kryschur[0x4c7e95]
[genoahost103:608340] [ 9] /direct/sdcc+u/poare/Grid/build/examples/./Example_spec_kryschur[0x4b5f4f]
[genoahost103:608340] [10] /direct/sdcc+u/poare/Grid/build/examples/./Example_spec_kryschur[0x41180d]
[genoahost103:608340] [11] /lib64/libc.so.6(+0x2a610)[0x14e4c8a2a610]
[genoahost103:608340] [12] /lib64/libc.so.6(__libc_start_main+0x80)[0x14e4c8a2a6c0]
[genoahost103:608340] [13] /direct/sdcc+u/poare/Grid/build/examples/./Example_spec_kryschur[0x4147f5]
[genoahost103:608340] *** End of error message ***
srun: error: genoahost100: task 63: Aborted (core dumped)
Example_spec_kryschur: ../../Grid/communicator/SharedMemoryMPI.cc:434: static void Grid::GlobalSharedMemory::OptimalCommunicatorSharedMemory(const Coordinate&, ompi_communicator_t*&, Grid::Coordinate&): Assertion `WorldSize==Nprocessors' failed.
[genoahost103:608333] *** Process received signal ***
[genoahost103:608333] Signal: Aborted (6)
[genoahost103:608333] Signal code:  (-6)
[genoahost103:608333] [ 0] /lib64/libc.so.6(+0x3fc30)[0x149d91e3fc30]
[genoahost103:608333] [ 1] /lib64/libc.so.6(+0x8d02c)[0x149d91e8d02c]
[genoahost103:608333] [ 2] /lib64/libc.so.6(raise+0x16)[0x149d91e3fb86]
[genoahost103:608333] [ 3] /lib64/libc.so.6(abort+0xd3)[0x149d91e29873]
[genoahost103:608333] [ 4] /lib64/libc.so.6(+0x2979b)[0x149d91e2979b]
[genoahost103:608333] [ 5] /lib64/libc.so.6(+0x388c6)[0x149d91e388c6]
[genoahost103:608333] [ 6] /direct/sdcc+u/poare/Grid/build/examples/./Example_spec_kryschur[0x4cc206]
[genoahost103:608333] [ 7] /direct/sdcc+u/poare/Grid/build/examples/./Example_spec_kryschur[0x4cc2f1]
[genoahost103:608333] [ 8] /direct/sdcc+u/poare/Grid/build/examples/./Example_spec_kryschur[0x4c7e95]
[genoahost103:608333] [ 9] /direct/sdcc+u/poare/Grid/build/examples/./Example_spec_kryschur[0x4b5f4f]
[genoahost103:608333] [10] /direct/sdcc+u/poare/Grid/build/examples/./Example_spec_kryschur[0x41180d]
[genoahost103:608333] [11] /lib64/libc.so.6(+0x2a610)[0x149d91e2a610]
[genoahost103:608333] [12] /lib64/libc.so.6(__libc_start_main+0x80)[0x149d91e2a6c0]
[genoahost103:608333] [13] /direct/sdcc+u/poare/Grid/build/examples/./Example_spec_kryschur[0x4147f5]
[genoahost103:608333] *** End of error message ***
srun: error: genoahost100: task 53: Aborted (core dumped)
srun: error: genoahost100: task 55: Aborted (core dumped)
srun: error: genoahost100: task 59: Aborted (core dumped)
Example_spec_kryschur: ../../Grid/communicator/SharedMemoryMPI.cc:434: static void Grid::GlobalSharedMemory::OptimalCommunicatorSharedMemory(const Coordinate&, ompi_communicator_t*&, Grid::Coordinate&): Assertion `WorldSize==Nprocessors' failed.
[genoahost101:1138801] *** Process received signal ***
[genoahost101:1138801] Signal: Aborted (6)
[genoahost101:1138801] Signal code:  (-6)
[genoahost101:1138801] [ 0] /lib64/libc.so.6(+0x3fc30)[0x14ed0f23fc30]
[genoahost101:1138801] [ 1] /lib64/libc.so.6(+0x8d02c)[0x14ed0f28d02c]
[genoahost101:1138801] [ 2] /lib64/libc.so.6(raise+0x16)[0x14ed0f23fb86]
[genoahost101:1138801] [ 3] /lib64/libc.so.6(abort+0xd3)[0x14ed0f229873]
[genoahost101:1138801] [ 4] /lib64/libc.so.6(+0x2979b)[0x14ed0f22979b]
[genoahost101:1138801] [ 5] /lib64/libc.so.6(+0x388c6)[0x14ed0f2388c6]
[genoahost101:1138801] [ 6] /direct/sdcc+u/poare/Grid/build/examples/./Example_spec_kryschur[0x4cc206]
[genoahost101:1138801] [ 7] /direct/sdcc+u/poare/Grid/build/examples/./Example_spec_kryschur[0x4cc2f1]
[genoahost101:1138801] [ 8] /direct/sdcc+u/poare/Grid/build/examples/./Example_spec_kryschur[0x4c7e95]
[genoahost101:1138801] [ 9] /direct/sdcc+u/poare/Grid/build/examples/./Example_spec_kryschur[0x4b5f4f]
[genoahost101:1138801] [10] /direct/sdcc+u/poare/Grid/build/examples/./Example_spec_kryschur[0x41180d]
[genoahost101:1138801] [11] /lib64/libc.so.6(+0x2a610)[0x14ed0f22a610]
[genoahost101:1138801] [12] /lib64/libc.so.6(__libc_start_main+0x80)[0x14ed0f22a6c0]
[genoahost101:1138801] [13] /direct/sdcc+u/poare/Grid/build/examples/./Example_spec_kryschur[0x4147f5]
[genoahost101:1138801] *** End of error message ***
Example_spec_kryschur: ../../Grid/communicator/SharedMemoryMPI.cc:434: static void Grid::GlobalSharedMemory::OptimalCommunicatorSharedMemory(const Coordinate&, ompi_communicator_t*&, Grid::Coordinate&): Assertion `WorldSize==Nprocessors' failed.
[genoahost101:1138808] *** Process received signal ***
[genoahost101:1138808] Signal: Aborted (6)
[genoahost101:1138808] Signal code:  (-6)
[genoahost101:1138808] [ 0] /lib64/libc.so.6(+0x3fc30)[0x151f79e3fc30]
[genoahost101:1138808] [ 1] /lib64/libc.so.6(+0x8d02c)[0x151f79e8d02c]
[genoahost101:1138808] [ 2] /lib64/libc.so.6(raise+0x16)[0x151f79e3fb86]
[genoahost101:1138808] [ 3] /lib64/libc.so.6(abort+0xd3)[0x151f79e29873]
[genoahost101:1138808] [ 4] /lib64/libc.so.6(+0x2979b)[0x151f79e2979b]
[genoahost101:1138808] [ 5] /lib64/libc.so.6(+0x388c6)[0x151f79e388c6]
[genoahost101:1138808] [ 6] /direct/sdcc+u/poare/Grid/build/examples/./Example_spec_kryschur[0x4cc206]
[genoahost101:1138808] [ 7] /direct/sdcc+u/poare/Grid/build/examples/./Example_spec_kryschur[0x4cc2f1]
[genoahost101:1138808] [ 8] /direct/sdcc+u/poare/Grid/build/examples/./Example_spec_kryschur[0x4c7e95]
[genoahost101:1138808] [ 9] /direct/sdcc+u/poare/Grid/build/examples/./Example_spec_kryschur[0x4b5f4f]
[genoahost101:1138808] [10] /direct/sdcc+u/poare/Grid/build/examples/./Example_spec_kryschur[0x41180d]
[genoahost101:1138808] [11] /lib64/libc.so.6(+0x2a610)[0x151f79e2a610]
[genoahost101:1138808] [12] /lib64/libc.so.6(__libc_start_main+0x80)[0x151f79e2a6c0]
[genoahost101:1138808] [13] /direct/sdcc+u/poare/Grid/build/examples/./Example_spec_kryschur[0x4147f5]
[genoahost101:1138808] *** End of error message ***
Example_spec_kryschur: ../../Grid/communicator/SharedMemoryMPI.cc:434: static void Grid::GlobalSharedMemory::OptimalCommunicatorSharedMemory(const Coordinate&, ompi_communicator_t*&, Grid::Coordinate&): Assertion `WorldSize==Nprocessors' failed.
[genoahost102:618849] *** Process received signal ***
[genoahost102:618849] Signal: Aborted (6)
[genoahost102:618849] Signal code:  (-6)
[genoahost102:618849] [ 0] /lib64/libc.so.6(+0x3fc30)[0x154d3d23fc30]
[genoahost102:618849] [ 1] /lib64/libc.so.6(+0x8d02c)[0x154d3d28d02c]
[genoahost102:618849] [ 2] /lib64/libc.so.6(raise+0x16)[0x154d3d23fb86]
[genoahost102:618849] [ 3] /lib64/libc.so.6(abort+0xd3)[0x154d3d229873]
[genoahost102:618849] [ 4] /lib64/libc.so.6(+0x2979b)[0x154d3d22979b]
[genoahost102:618849] [ 5] /lib64/libc.so.6(+0x388c6)[0x154d3d2388c6]
[genoahost102:618849] [ 6] /direct/sdcc+u/poare/Grid/build/examples/./Example_spec_kryschur[0x4cc206]
[genoahost102:618849] [ 7] /direct/sdcc+u/poare/Grid/build/examples/./Example_spec_kryschur[0x4cc2f1]
[genoahost102:618849] [ 8] /direct/sdcc+u/poare/Grid/build/examples/./Example_spec_kryschur[0x4c7e95]
[genoahost102:618849] [ 9] /direct/sdcc+u/poare/Grid/build/examples/./Example_spec_kryschur[0x4b5f4f]
[genoahost102:618849] [10] /direct/sdcc+u/poare/Grid/build/examples/./Example_spec_kryschur[0x41180d]
[genoahost102:618849] [11] /lib64/libc.so.6(+0x2a610)[0x154d3d22a610]
[genoahost102:618849] [12] /lib64/libc.so.6(__libc_start_main+0x80)[0x154d3d22a6c0]
[genoahost102:618849] [13] /direct/sdcc+u/poare/Grid/build/examples/./Example_spec_kryschur[0x4147f5]
[genoahost102:618849] *** End of error message ***
Example_spec_kryschur: ../../Grid/communicator/SharedMemoryMPI.cc:434: static void Grid::GlobalSharedMemory::OptimalCommunicatorSharedMemory(const Coordinate&, ompi_communicator_t*&, Grid::Coordinate&): Assertion `WorldSize==Nprocessors' failed.
[genoahost102:618841] *** Process received signal ***
[genoahost102:618841] Signal: Aborted (6)
[genoahost102:618841] Signal code:  (-6)
[genoahost102:618841] [ 0] /lib64/libc.so.6(+0x3fc30)[0x14e7a423fc30]
[genoahost102:618841] [ 1] /lib64/libc.so.6(+0x8d02c)[0x14e7a428d02c]
[genoahost102:618841] [ 2] /lib64/libc.so.6(raise+0x16)[0x14e7a423fb86]
[genoahost102:618841] [ 3] /lib64/libc.so.6(abort+0xd3)[0x14e7a4229873]
[genoahost102:618841] [ 4] /lib64/libc.so.6(+0x2979b)[0x14e7a422979b]
[genoahost102:618841] [ 5] /lib64/libc.so.6(+0x388c6)[0x14e7a42388c6]
[genoahost102:618841] [ 6] /direct/sdcc+u/poare/Grid/build/examples/./Example_spec_kryschur[0x4cc206]
[genoahost102:618841] [ 7] /direct/sdcc+u/poare/Grid/build/examples/./Example_spec_kryschur[0x4cc2f1]
[genoahost102:618841] [ 8] /direct/sdcc+u/poare/Grid/build/examples/./Example_spec_kryschur[0x4c7e95]
[genoahost102:618841] [ 9] /direct/sdcc+u/poare/Grid/build/examples/./Example_spec_kryschur[0x4b5f4f]
[genoahost102:618841] [10] /direct/sdcc+u/poare/Grid/build/examples/./Example_spec_kryschur[0x41180d]
[genoahost102:618841] [11] /lib64/libc.so.6(+0x2a610)[0x14e7a422a610]
[genoahost102:618841] [12] /lib64/libc.so.6(__libc_start_main+0x80)[0x14e7a422a6c0]
[genoahost102:618841] [13] /direct/sdcc+u/poare/Grid/build/examples/./Example_spec_kryschur[0x4147f5]
[genoahost102:618841] *** End of error message ***
Example_spec_kryschur: ../../Grid/communicator/SharedMemoryMPI.cc:434: static void Grid::GlobalSharedMemory::OptimalCommunicatorSharedMemory(const Coordinate&, ompi_communicator_t*&, Grid::Coordinate&): Assertion `WorldSize==Nprocessors' failed.
[genoahost102:618846] *** Process received signal ***
[genoahost102:618846] Signal: Aborted (6)
[genoahost102:618846] Signal code:  (-6)
[genoahost102:618846] [ 0] /lib64/libc.so.6(+0x3fc30)[0x14694043fc30]
[genoahost102:618846] [ 1] /lib64/libc.so.6(+0x8d02c)[0x14694048d02c]
[genoahost102:618846] [ 2] /lib64/libc.so.6(raise+0x16)[0x14694043fb86]
[genoahost102:618846] [ 3] /lib64/libc.so.6(abort+0xd3)[0x146940429873]
[genoahost102:618846] [ 4] /lib64/libc.so.6(+0x2979b)[0x14694042979b]
[genoahost102:618846] [ 5] /lib64/libc.so.6(+0x388c6)[0x1469404388c6]
[genoahost102:618846] [ 6] /direct/sdcc+u/poare/Grid/build/examples/./Example_spec_kryschur[0x4cc206]
[genoahost102:618846] [ 7] /direct/sdcc+u/poare/Grid/build/examples/./Example_spec_kryschur[0x4cc2f1]
[genoahost102:618846] [ 8] /direct/sdcc+u/poare/Grid/build/examples/./Example_spec_kryschur[0x4c7e95]
[genoahost102:618846] [ 9] /direct/sdcc+u/poare/Grid/build/examples/./Example_spec_kryschur[0x4b5f4f]
[genoahost102:618846] [10] /direct/sdcc+u/poare/Grid/build/examples/./Example_spec_kryschur[0x41180d]
[genoahost102:618846] [11] /lib64/libc.so.6(+0x2a610)[0x14694042a610]
[genoahost102:618846] [12] /lib64/libc.so.6(__libc_start_main+0x80)[0x14694042a6c0]
[genoahost102:618846] [13] /direct/sdcc+u/poare/Grid/build/examples/./Example_spec_kryschur[0x4147f5]
[genoahost102:618846] *** End of error message ***
Example_spec_kryschur: ../../Grid/communicator/SharedMemoryMPI.cc:434: static void Grid::GlobalSharedMemory::OptimalCommunicatorSharedMemory(const Coordinate&, ompi_communicator_t*&, Grid::Coordinate&): Assertion `WorldSize==Nprocessors' failed.
[genoahost102:618839] *** Process received signal ***
[genoahost102:618839] Signal: Aborted (6)
[genoahost102:618839] Signal code:  (-6)
[genoahost102:618839] [ 0] /lib64/libc.so.6(+0x3fc30)[0x14f620a3fc30]
[genoahost102:618839] [ 1] /lib64/libc.so.6(+0x8d02c)[0x14f620a8d02c]
[genoahost102:618839] [ 2] /lib64/libc.so.6(raise+0x16)[0x14f620a3fb86]
[genoahost102:618839] [ 3] /lib64/libc.so.6(abort+0xd3)[0x14f620a29873]
[genoahost102:618839] [ 4] /lib64/libc.so.6(+0x2979b)[0x14f620a2979b]
[genoahost102:618839] [ 5] /lib64/libc.so.6(+0x388c6)[0x14f620a388c6]
[genoahost102:618839] [ 6] /direct/sdcc+u/poare/Grid/build/examples/./Example_spec_kryschur[0x4cc206]
[genoahost102:618839] [ 7] /direct/sdcc+u/poare/Grid/build/examples/./Example_spec_kryschur[0x4cc2f1]
[genoahost102:618839] [ 8] /direct/sdcc+u/poare/Grid/build/examples/./Example_spec_kryschur[0x4c7e95]
[genoahost102:618839] [ 9] /direct/sdcc+u/poare/Grid/build/examples/./Example_spec_kryschur[0x4b5f4f]
[genoahost102:618839] [10] /direct/sdcc+u/poare/Grid/build/examples/./Example_spec_kryschur[0x41180d]
[genoahost102:618839] [11] /lib64/libc.so.6(+0x2a610)[0x14f620a2a610]
[genoahost102:618839] [12] /lib64/libc.so.6(__libc_start_main+0x80)[0x14f620a2a6c0]
[genoahost102:618839] [13] /direct/sdcc+u/poare/Grid/build/examples/./Example_spec_kryschur[0x4147f5]
[genoahost102:618839] *** End of error message ***
Example_spec_kryschur: ../../Grid/communicator/SharedMemoryMPI.cc:434: static void Grid::GlobalSharedMemory::OptimalCommunicatorSharedMemory(const Coordinate&, ompi_communicator_t*&, Grid::Coordinate&): Assertion `WorldSize==Nprocessors' failed.
[genoahost102:618840] *** Process received signal ***
[genoahost102:618840] Signal: Aborted (6)
[genoahost102:618840] Signal code:  (-6)
[genoahost102:618840] [ 0] /lib64/libc.so.6(+0x3fc30)[0x1499ea63fc30]
[genoahost102:618840] [ 1] /lib64/libc.so.6(+0x8d02c)[0x1499ea68d02c]
[genoahost102:618840] [ 2] /lib64/libc.so.6(raise+0x16)[0x1499ea63fb86]
[genoahost102:618840] [ 3] /lib64/libc.so.6(abort+0xd3)[0x1499ea629873]
[genoahost102:618840] [ 4] /lib64/libc.so.6(+0x2979b)[0x1499ea62979b]
[genoahost102:618840] [ 5] /lib64/libc.so.6(+0x388c6)[0x1499ea6388c6]
[genoahost102:618840] [ 6] /direct/sdcc+u/poare/Grid/build/examples/./Example_spec_kryschur[0x4cc206]
[genoahost102:618840] [ 7] /direct/sdcc+u/poare/Grid/build/examples/./Example_spec_kryschur[0x4cc2f1]
[genoahost102:618840] [ 8] /direct/sdcc+u/poare/Grid/build/examples/./Example_spec_kryschur[0x4c7e95]
[genoahost102:618840] [ 9] /direct/sdcc+u/poare/Grid/build/examples/./Example_spec_kryschur[0x4b5f4f]
[genoahost102:618840] [10] /direct/sdcc+u/poare/Grid/build/examples/./Example_spec_kryschur[0x41180d]
[genoahost102:618840] [11] /lib64/libc.so.6(+0x2a610)[0x1499ea62a610]
[genoahost102:618840] [12] /lib64/libc.so.6(__libc_start_main+0x80)[0x1499ea62a6c0]
[genoahost102:618840] [13] /direct/sdcc+u/poare/Grid/build/examples/./Example_spec_kryschur[0x4147f5]
[genoahost102:618840] *** End of error message ***
Example_spec_kryschur: ../../Grid/communicator/SharedMemoryMPI.cc:434: static void Grid::GlobalSharedMemory::OptimalCommunicatorSharedMemory(const Coordinate&, ompi_communicator_t*&, Grid::Coordinate&): Assertion `WorldSize==Nprocessors' failed.
[genoahost097:1721850] *** Process received signal ***
[genoahost097:1721850] Signal: Aborted (6)
[genoahost097:1721850] Signal code:  (-6)
[genoahost097:1721850] [ 0] /lib64/libc.so.6(+0x3fc30)[0x14c66e83fc30]
[genoahost097:1721850] [ 1] /lib64/libc.so.6(+0x8d02c)[0x14c66e88d02c]
[genoahost097:1721850] [ 2] /lib64/libc.so.6(raise+0x16)[0x14c66e83fb86]
[genoahost097:1721850] [ 3] /lib64/libc.so.6(abort+0xd3)[0x14c66e829873]
[genoahost097:1721850] [ 4] /lib64/libc.so.6(+0x2979b)[0x14c66e82979b]
[genoahost097:1721850] [ 5] /lib64/libc.so.6(+0x388c6)[0x14c66e8388c6]
[genoahost097:1721850] [ 6] /direct/sdcc+u/poare/Grid/build/examples/./Example_spec_kryschur[0x4cc206]
[genoahost097:1721850] [ 7] /direct/sdcc+u/poare/Grid/build/examples/./Example_spec_kryschur[0x4cc2f1]
[genoahost097:1721850] [ 8] /direct/sdcc+u/poare/Grid/build/examples/./Example_spec_kryschur[0x4c7e95]
[genoahost097:1721850] [ 9] /direct/sdcc+u/poare/Grid/build/examples/./Example_spec_kryschur[0x4b5f4f]
[genoahost097:1721850] [10] /direct/sdcc+u/poare/Grid/build/examples/./Example_spec_kryschur[0x41180d]
[genoahost097:1721850] [11] /lib64/libc.so.6(+0x2a610)[0x14c66e82a610]
[genoahost097:1721850] [12] /lib64/libc.so.6(__libc_start_main+0x80)[0x14c66e82a6c0]
[genoahost097:1721850] [13] /direct/sdcc+u/poare/Grid/build/examples/./Example_spec_kryschur[0x4147f5]
[genoahost097:1721850] *** End of error message ***
Example_spec_kryschur: ../../Grid/communicator/SharedMemoryMPI.cc:434: static void Grid::GlobalSharedMemory::OptimalCommunicatorSharedMemory(const Coordinate&, ompi_communicator_t*&, Grid::Coordinate&): Assertion `WorldSize==Nprocessors' failed.
[genoahost097:1721847] *** Process received signal ***
[genoahost097:1721847] Signal: Aborted (6)
[genoahost097:1721847] Signal code:  (-6)
[genoahost097:1721847] [ 0] /lib64/libc.so.6(+0x3fc30)[0x14a1a383fc30]
[genoahost097:1721847] [ 1] /lib64/libc.so.6(+0x8d02c)[0x14a1a388d02c]
[genoahost097:1721847] [ 2] /lib64/libc.so.6(raise+0x16)[0x14a1a383fb86]
[genoahost097:1721847] [ 3] /lib64/libc.so.6(abort+0xd3)[0x14a1a3829873]
[genoahost097:1721847] [ 4] /lib64/libc.so.6(+0x2979b)[0x14a1a382979b]
[genoahost097:1721847] [ 5] /lib64/libc.so.6(+0x388c6)[0x14a1a38388c6]
[genoahost097:1721847] [ 6] /direct/sdcc+u/poare/Grid/build/examples/./Example_spec_kryschur[0x4cc206]
[genoahost097:1721847] [ 7] /direct/sdcc+u/poare/Grid/build/examples/./Example_spec_kryschur[0x4cc2f1]
[genoahost097:1721847] [ 8] /direct/sdcc+u/poare/Grid/build/examples/./Example_spec_kryschur[0x4c7e95]
[genoahost097:1721847] [ 9] /direct/sdcc+u/poare/Grid/build/examples/./Example_spec_kryschur[0x4b5f4f]
[genoahost097:1721847] [10] /direct/sdcc+u/poare/Grid/build/examples/./Example_spec_kryschur[0x41180d]
[genoahost097:1721847] [11] /lib64/libc.so.6(+0x2a610)[0x14a1a382a610]
[genoahost097:1721847] [12] /lib64/libc.so.6(__libc_start_main+0x80)[0x14a1a382a6c0]
[genoahost097:1721847] [13] /direct/sdcc+u/poare/Grid/build/examples/./Example_spec_kryschur[0x4147f5]
[genoahost097:1721847] *** End of error message ***
Example_spec_kryschur: ../../Grid/communicator/SharedMemoryMPI.cc:434: static void Grid::GlobalSharedMemory::OptimalCommunicatorSharedMemory(const Coordinate&, ompi_communicator_t*&, Grid::Coordinate&): Assertion `WorldSize==Nprocessors' failed.
[genoahost097:1721848] *** Process received signal ***
[genoahost097:1721848] Signal: Aborted (6)
[genoahost097:1721848] Signal code:  (-6)
[genoahost097:1721848] [ 0] /lib64/libc.so.6(+0x3fc30)[0x1523e563fc30]
[genoahost097:1721848] [ 1] /lib64/libc.so.6(+0x8d02c)[0x1523e568d02c]
[genoahost097:1721848] [ 2] /lib64/libc.so.6(raise+0x16)[0x1523e563fb86]
[genoahost097:1721848] [ 3] /lib64/libc.so.6(abort+0xd3)[0x1523e5629873]
[genoahost097:1721848] [ 4] /lib64/libc.so.6(+0x2979b)[0x1523e562979b]
[genoahost097:1721848] [ 5] /lib64/libc.so.6(+0x388c6)[0x1523e56388c6]
[genoahost097:1721848] [ 6] /direct/sdcc+u/poare/Grid/build/examples/./Example_spec_kryschur[0x4cc206]
[genoahost097:1721848] [ 7] /direct/sdcc+u/poare/Grid/build/examples/./Example_spec_kryschur[0x4cc2f1]
[genoahost097:1721848] [ 8] /direct/sdcc+u/poare/Grid/build/examples/./Example_spec_kryschur[0x4c7e95]
[genoahost097:1721848] [ 9] /direct/sdcc+u/poare/Grid/build/examples/./Example_spec_kryschur[0x4b5f4f]
[genoahost097:1721848] [10] /direct/sdcc+u/poare/Grid/build/examples/./Example_spec_kryschur[0x41180d]
[genoahost097:1721848] [11] /lib64/libc.so.6(+0x2a610)[0x1523e562a610]
[genoahost097:1721848] [12] /lib64/libc.so.6(__libc_start_main+0x80)[0x1523e562a6c0]
[genoahost097:1721848] [13] /direct/sdcc+u/poare/Grid/build/examples/./Example_spec_kryschur[0x4147f5]
[genoahost097:1721848] *** End of error message ***
Example_spec_kryschur: ../../Grid/communicator/SharedMemoryMPI.cc:434: static void Grid::GlobalSharedMemory::OptimalCommunicatorSharedMemory(const Coordinate&, ompi_communicator_t*&, Grid::Coordinate&): Assertion `WorldSize==Nprocessors' failed.
[genoahost097:1721843] *** Process received signal ***
[genoahost097:1721843] Signal: Aborted (6)
[genoahost097:1721843] Signal code:  (-6)
[genoahost097:1721843] [ 0] /lib64/libc.so.6(+0x3fc30)[0x14ab3883fc30]
[genoahost097:1721843] [ 1] /lib64/libc.so.6(+0x8d02c)[0x14ab3888d02c]
[genoahost097:1721843] [ 2] /lib64/libc.so.6(raise+0x16)[0x14ab3883fb86]
[genoahost097:1721843] [ 3] /lib64/libc.so.6(abort+0xd3)[0x14ab38829873]
[genoahost097:1721843] [ 4] /lib64/libc.so.6(+0x2979b)[0x14ab3882979b]
[genoahost097:1721843] [ 5] /lib64/libc.so.6(+0x388c6)[0x14ab388388c6]
[genoahost097:1721843] [ 6] /direct/sdcc+u/poare/Grid/build/examples/./Example_spec_kryschur[0x4cc206]
[genoahost097:1721843] [ 7] /direct/sdcc+u/poare/Grid/build/examples/./Example_spec_kryschur[0x4cc2f1]
[genoahost097:1721843] [ 8] /direct/sdcc+u/poare/Grid/build/examples/./Example_spec_kryschur[0x4c7e95]
[genoahost097:1721843] [ 9] /direct/sdcc+u/poare/Grid/build/examples/./Example_spec_kryschur[0x4b5f4f]
[genoahost097:1721843] [10] /direct/sdcc+u/poare/Grid/build/examples/./Example_spec_kryschur[0x41180d]
[genoahost097:1721843] [11] /lib64/libc.so.6(+0x2a610)[0x14ab3882a610]
[genoahost097:1721843] [12] /lib64/libc.so.6(__libc_start_main+0x80)[0x14ab3882a6c0]
[genoahost097:1721843] [13] /direct/sdcc+u/poare/Grid/build/examples/./Example_spec_kryschur[0x4147f5]
[genoahost097:1721843] *** End of error message ***
Example_spec_kryschur: ../../Grid/communicator/SharedMemoryMPI.cc:434: static void Grid::GlobalSharedMemory::OptimalCommunicatorSharedMemory(const Coordinate&, ompi_communicator_t*&, Grid::Coordinate&): Assertion `WorldSize==Nprocessors' failed.
[genoahost098:1620989] *** Process received signal ***
[genoahost098:1620989] Signal: Aborted (6)
[genoahost098:1620989] Signal code:  (-6)
[genoahost098:1620989] [ 0] /lib64/libc.so.6(+0x3fc30)[0x14f41463fc30]
[genoahost098:1620989] [ 1] /lib64/libc.so.6(+0x8d02c)[0x14f41468d02c]
[genoahost098:1620989] [ 2] /lib64/libc.so.6(raise+0x16)[0x14f41463fb86]
[genoahost098:1620989] [ 3] /lib64/libc.so.6(abort+0xd3)[0x14f414629873]
[genoahost098:1620989] [ 4] /lib64/libc.so.6(+0x2979b)[0x14f41462979b]
[genoahost098:1620989] [ 5] /lib64/libc.so.6(+0x388c6)[0x14f4146388c6]
[genoahost098:1620989] [ 6] /direct/sdcc+u/poare/Grid/build/examples/./Example_spec_kryschur[0x4cc206]
[genoahost098:1620989] [ 7] /direct/sdcc+u/poare/Grid/build/examples/./Example_spec_kryschur[0x4cc2f1]
[genoahost098:1620989] [ 8] /direct/sdcc+u/poare/Grid/build/examples/./Example_spec_kryschur[0x4c7e95]
[genoahost098:1620989] [ 9] /direct/sdcc+u/poare/Grid/build/examples/./Example_spec_kryschur[0x4b5f4f]
[genoahost098:1620989] [10] /direct/sdcc+u/poare/Grid/build/examples/./Example_spec_kryschur[0x41180d]
[genoahost098:1620989] [11] /lib64/libc.so.6(+0x2a610)[0x14f41462a610]
[genoahost098:1620989] [12] /lib64/libc.so.6(__libc_start_main+0x80)[0x14f41462a6c0]
[genoahost098:1620989] [13] /direct/sdcc+u/poare/Grid/build/examples/./Example_spec_kryschur[0x4147f5]
[genoahost098:1620989] *** End of error message ***
Example_spec_kryschur: ../../Grid/communicator/SharedMemoryMPI.cc:434: static void Grid::GlobalSharedMemory::OptimalCommunicatorSharedMemory(const Coordinate&, ompi_communicator_t*&, Grid::Coordinate&): Assertion `WorldSize==Nprocessors' failed.
[genoahost098:1620986] *** Process received signal ***
[genoahost098:1620986] Signal: Aborted (6)
[genoahost098:1620986] Signal code:  (-6)
[genoahost098:1620986] [ 0] /lib64/libc.so.6(+0x3fc30)[0x14af5d63fc30]
[genoahost098:1620986] [ 1] /lib64/libc.so.6(+0x8d02c)[0x14af5d68d02c]
[genoahost098:1620986] [ 2] /lib64/libc.so.6(raise+0x16)[0x14af5d63fb86]
[genoahost098:1620986] [ 3] /lib64/libc.so.6(abort+0xd3)[0x14af5d629873]
[genoahost098:1620986] [ 4] /lib64/libc.so.6(+0x2979b)[0x14af5d62979b]
[genoahost098:1620986] [ 5] /lib64/libc.so.6(+0x388c6)[0x14af5d6388c6]
[genoahost098:1620986] [ 6] /direct/sdcc+u/poare/Grid/build/examples/./Example_spec_kryschur[0x4cc206]
[genoahost098:1620986] [ 7] /direct/sdcc+u/poare/Grid/build/examples/./Example_spec_kryschur[0x4cc2f1]
[genoahost098:1620986] [ 8] /direct/sdcc+u/poare/Grid/build/examples/./Example_spec_kryschur[0x4c7e95]
[genoahost098:1620986] [ 9] /direct/sdcc+u/poare/Grid/build/examples/./Example_spec_kryschur[0x4b5f4f]
[genoahost098:1620986] [10] /direct/sdcc+u/poare/Grid/build/examples/./Example_spec_kryschur[0x41180d]
[genoahost098:1620986] [11] /lib64/libc.so.6(+0x2a610)[0x14af5d62a610]
[genoahost098:1620986] [12] /lib64/libc.so.6(__libc_start_main+0x80)[0x14af5d62a6c0]
[genoahost098:1620986] [13] /direct/sdcc+u/poare/Grid/build/examples/./Example_spec_kryschur[0x4147f5]
[genoahost098:1620986] *** End of error message ***
Example_spec_kryschur: ../../Grid/communicator/SharedMemoryMPI.cc:434: static void Grid::GlobalSharedMemory::OptimalCommunicatorSharedMemory(const Coordinate&, ompi_communicator_t*&, Grid::Coordinate&): Assertion `WorldSize==Nprocessors' failed.
[genoahost098:1620991] *** Process received signal ***
[genoahost098:1620991] Signal: Aborted (6)
[genoahost098:1620991] Signal code:  (-6)
[genoahost098:1620991] [ 0] /lib64/libc.so.6(+0x3fc30)[0x1462ae63fc30]
[genoahost098:1620991] [ 1] /lib64/libc.so.6(+0x8d02c)[0x1462ae68d02c]
[genoahost098:1620991] [ 2] /lib64/libc.so.6(raise+0x16)[0x1462ae63fb86]
[genoahost098:1620991] [ 3] /lib64/libc.so.6(abort+0xd3)[0x1462ae629873]
[genoahost098:1620991] [ 4] /lib64/libc.so.6(+0x2979b)[0x1462ae62979b]
[genoahost098:1620991] [ 5] /lib64/libc.so.6(+0x388c6)[0x1462ae6388c6]
[genoahost098:1620991] [ 6] /direct/sdcc+u/poare/Grid/build/examples/./Example_spec_kryschur[0x4cc206]
[genoahost098:1620991] [ 7] /direct/sdcc+u/poare/Grid/build/examples/./Example_spec_kryschur[0x4cc2f1]
[genoahost098:1620991] [ 8] /direct/sdcc+u/poare/Grid/build/examples/./Example_spec_kryschur[0x4c7e95]
[genoahost098:1620991] [ 9] /direct/sdcc+u/poare/Grid/build/examples/./Example_spec_kryschur[0x4b5f4f]
[genoahost098:1620991] [10] /direct/sdcc+u/poare/Grid/build/examples/./Example_spec_kryschur[0x41180d]
[genoahost098:1620991] [11] /lib64/libc.so.6(+0x2a610)[0x1462ae62a610]
[genoahost098:1620991] [12] /lib64/libc.so.6(__libc_start_main+0x80)[0x1462ae62a6c0]
[genoahost098:1620991] [13] /direct/sdcc+u/poare/Grid/build/examples/./Example_spec_kryschur[0x4147f5]
[genoahost098:1620991] *** End of error message ***
Example_spec_kryschur: ../../Grid/communicator/SharedMemoryMPI.cc:434: static void Grid::GlobalSharedMemory::OptimalCommunicatorSharedMemory(const Coordinate&, ompi_communicator_t*&, Grid::Coordinate&): Assertion `WorldSize==Nprocessors' failed.
[genoahost097:1721854] *** Process received signal ***
[genoahost097:1721854] Signal: Aborted (6)
[genoahost097:1721854] Signal code:  (-6)
[genoahost097:1721854] [ 0] /lib64/libc.so.6(+0x3fc30)[0x1539cd03fc30]
[genoahost097:1721854] [ 1] /lib64/libc.so.6(+0x8d02c)[0x1539cd08d02c]
[genoahost097:1721854] [ 2] /lib64/libc.so.6(raise+0x16)[0x1539cd03fb86]
[genoahost097:1721854] [ 3] /lib64/libc.so.6(abort+0xd3)[0x1539cd029873]
[genoahost097:1721854] [ 4] /lib64/libc.so.6(+0x2979b)[0x1539cd02979b]
[genoahost097:1721854] [ 5] /lib64/libc.so.6(+0x388c6)[0x1539cd0388c6]
[genoahost097:1721854] [ 6] /direct/sdcc+u/poare/Grid/build/examples/./Example_spec_kryschur[0x4cc206]
[genoahost097:1721854] [ 7] /direct/sdcc+u/poare/Grid/build/examples/./Example_spec_kryschur[0x4cc2f1]
[genoahost097:1721854] [ 8] /direct/sdcc+u/poare/Grid/build/examples/./Example_spec_kryschur[0x4c7e95]
[genoahost097:1721854] [ 9] /direct/sdcc+u/poare/Grid/build/examples/./Example_spec_kryschur[0x4b5f4f]
[genoahost097:1721854] [10] /direct/sdcc+u/poare/Grid/build/examples/./Example_spec_kryschur[0x41180d]
[genoahost097:1721854] [11] /lib64/libc.so.6(+0x2a610)[0x1539cd02a610]
[genoahost097:1721854] [12] /lib64/libc.so.6(__libc_start_main+0x80)[0x1539cd02a6c0]
[genoahost097:1721854] [13] /direct/sdcc+u/poare/Grid/build/examples/./Example_spec_kryschur[0x4147f5]
[genoahost097:1721854] *** End of error message ***
Example_spec_kryschur: ../../Grid/communicator/SharedMemoryMPI.cc:434: static void Grid::GlobalSharedMemory::OptimalCommunicatorSharedMemory(const Coordinate&, ompi_communicator_t*&, Grid::Coordinate&): Assertion `WorldSize==Nprocessors' failed.
[genoahost098:1620993] *** Process received signal ***
[genoahost098:1620993] Signal: Aborted (6)
[genoahost098:1620993] Signal code:  (-6)
[genoahost098:1620993] [ 0] /lib64/libc.so.6(+0x3fc30)[0x14cdb343fc30]
[genoahost098:1620993] [ 1] /lib64/libc.so.6(+0x8d02c)[0x14cdb348d02c]
[genoahost098:1620993] [ 2] /lib64/libc.so.6(raise+0x16)[0x14cdb343fb86]
[genoahost098:1620993] [ 3] /lib64/libc.so.6(abort+0xd3)[0x14cdb3429873]
[genoahost098:1620993] [ 4] /lib64/libc.so.6(+0x2979b)[0x14cdb342979b]
[genoahost098:1620993] [ 5] /lib64/libc.so.6(+0x388c6)[0x14cdb34388c6]
[genoahost098:1620993] [ 6] /direct/sdcc+u/poare/Grid/build/examples/./Example_spec_kryschur[0x4cc206]
[genoahost098:1620993] [ 7] /direct/sdcc+u/poare/Grid/build/examples/./Example_spec_kryschur[0x4cc2f1]
[genoahost098:1620993] [ 8] /direct/sdcc+u/poare/Grid/build/examples/./Example_spec_kryschur[0x4c7e95]
[genoahost098:1620993] [ 9] /direct/sdcc+u/poare/Grid/build/examples/./Example_spec_kryschur[0x4b5f4f]
[genoahost098:1620993] [10] /direct/sdcc+u/poare/Grid/build/examples/./Example_spec_kryschur[0x41180d]
[genoahost098:1620993] [11] /lib64/libc.so.6(+0x2a610)[0x14cdb342a610]
[genoahost098:1620993] [12] /lib64/libc.so.6(__libc_start_main+0x80)[0x14cdb342a6c0]
[genoahost098:1620993] [13] /direct/sdcc+u/poare/Grid/build/examples/./Example_spec_kryschur[0x4147f5]
[genoahost098:1620993] *** End of error message ***
Example_spec_kryschur: ../../Grid/communicator/SharedMemoryMPI.cc:434: static void Grid::GlobalSharedMemory::OptimalCommunicatorSharedMemory(const Coordinate&, ompi_communicator_t*&, Grid::Coordinate&): Assertion `WorldSize==Nprocessors' failed.
[genoahost097:1721845] *** Process received signal ***
[genoahost097:1721845] Signal: Aborted (6)
[genoahost097:1721845] Signal code:  (-6)
[genoahost097:1721845] [ 0] /lib64/libc.so.6(+0x3fc30)[0x1492ff03fc30]
[genoahost097:1721845] [ 1] /lib64/libc.so.6(+0x8d02c)[0x1492ff08d02c]
[genoahost097:1721845] [ 2] /lib64/libc.so.6(raise+0x16)[0x1492ff03fb86]
[genoahost097:1721845] [ 3] /lib64/libc.so.6(abort+0xd3)[0x1492ff029873]
[genoahost097:1721845] [ 4] /lib64/libc.so.6(+0x2979b)[0x1492ff02979b]
[genoahost097:1721845] [ 5] /lib64/libc.so.6(+0x388c6)[0x1492ff0388c6]
[genoahost097:1721845] [ 6] /direct/sdcc+u/poare/Grid/build/examples/./Example_spec_kryschur[0x4cc206]
[genoahost097:1721845] [ 7] /direct/sdcc+u/poare/Grid/build/examples/./Example_spec_kryschur[0x4cc2f1]
[genoahost097:1721845] [ 8] /direct/sdcc+u/poare/Grid/build/examples/./Example_spec_kryschur[0x4c7e95]
[genoahost097:1721845] [ 9] /direct/sdcc+u/poare/Grid/build/examples/./Example_spec_kryschur[0x4b5f4f]
[genoahost097:1721845] [10] /direct/sdcc+u/poare/Grid/build/examples/./Example_spec_kryschur[0x41180d]
[genoahost097:1721845] [11] /lib64/libc.so.6(+0x2a610)[0x1492ff02a610]
[genoahost097:1721845] [12] /lib64/libc.so.6(__libc_start_main+0x80)[0x1492ff02a6c0]
[genoahost097:1721845] [13] /direct/sdcc+u/poare/Grid/build/examples/./Example_spec_kryschur[0x4147f5]
[genoahost097:1721845] *** End of error message ***
Example_spec_kryschur: ../../Grid/communicator/SharedMemoryMPI.cc:434: static void Grid::GlobalSharedMemory::OptimalCommunicatorSharedMemory(const Coordinate&, ompi_communicator_t*&, Grid::Coordinate&): Assertion `WorldSize==Nprocessors' failed.
[genoahost097:1721852] *** Process received signal ***
[genoahost097:1721852] Signal: Aborted (6)
[genoahost097:1721852] Signal code:  (-6)
[genoahost097:1721852] [ 0] /lib64/libc.so.6(+0x3fc30)[0x14afc7c3fc30]
[genoahost097:1721852] [ 1] /lib64/libc.so.6(+0x8d02c)[0x14afc7c8d02c]
[genoahost097:1721852] [ 2] /lib64/libc.so.6(raise+0x16)[0x14afc7c3fb86]
[genoahost097:1721852] [ 3] /lib64/libc.so.6(abort+0xd3)[0x14afc7c29873]
[genoahost097:1721852] [ 4] /lib64/libc.so.6(+0x2979b)[0x14afc7c2979b]
[genoahost097:1721852] [ 5] /lib64/libc.so.6(+0x388c6)[0x14afc7c388c6]
[genoahost097:1721852] [ 6] /direct/sdcc+u/poare/Grid/build/examples/./Example_spec_kryschur[0x4cc206]
[genoahost097:1721852] [ 7] /direct/sdcc+u/poare/Grid/build/examples/./Example_spec_kryschur[0x4cc2f1]
[genoahost097:1721852] [ 8] /direct/sdcc+u/poare/Grid/build/examples/./Example_spec_kryschur[0x4c7e95]
[genoahost097:1721852] [ 9] /direct/sdcc+u/poare/Grid/build/examples/./Example_spec_kryschur[0x4b5f4f]
[genoahost097:1721852] [10] /direct/sdcc+u/poare/Grid/build/examples/./Example_spec_kryschur[0x41180d]
[genoahost097:1721852] [11] /lib64/libc.so.6(+0x2a610)[0x14afc7c2a610]
[genoahost097:1721852] [12] /lib64/libc.so.6(__libc_start_main+0x80)[0x14afc7c2a6c0]
[genoahost097:1721852] [13] /direct/sdcc+u/poare/Grid/build/examples/./Example_spec_kryschur[0x4147f5]
[genoahost097:1721852] *** End of error message ***
srun: error: genoahost098: task 28: Aborted (core dumped)
srun: error: genoahost101: task 66: Aborted (core dumped)
Example_spec_kryschur: ../../Grid/communicator/SharedMemoryMPI.cc:434: static void Grid::GlobalSharedMemory::OptimalCommunicatorSharedMemory(const Coordinate&, ompi_communicator_t*&, Grid::Coordinate&): Assertion `WorldSize==Nprocessors' failed.
[genoahost101:1138807] *** Process received signal ***
[genoahost101:1138807] Signal: Aborted (6)
[genoahost101:1138807] Signal code:  (-6)
[genoahost101:1138807] [ 0] /lib64/libc.so.6(+0x3fc30)[0x14f76083fc30]
[genoahost101:1138807] [ 1] /lib64/libc.so.6(+0x8d02c)[0x14f76088d02c]
[genoahost101:1138807] [ 2] /lib64/libc.so.6(raise+0x16)[0x14f76083fb86]
[genoahost101:1138807] [ 3] /lib64/libc.so.6(abort+0xd3)[0x14f760829873]
[genoahost101:1138807] [ 4] /lib64/libc.so.6(+0x2979b)[0x14f76082979b]
[genoahost101:1138807] [ 5] /lib64/libc.so.6(+0x388c6)[0x14f7608388c6]
[genoahost101:1138807] [ 6] /direct/sdcc+u/poare/Grid/build/examples/./Example_spec_kryschur[0x4cc206]
[genoahost101:1138807] [ 7] /direct/sdcc+u/poare/Grid/build/examples/./Example_spec_kryschur[0x4cc2f1]
[genoahost101:1138807] [ 8] /direct/sdcc+u/poare/Grid/build/examples/./Example_spec_kryschur[0x4c7e95]
[genoahost101:1138807] [ 9] /direct/sdcc+u/poare/Grid/build/examples/./Example_spec_kryschur[0x4b5f4f]
[genoahost101:1138807] [10] /direct/sdcc+u/poare/Grid/build/examples/./Example_spec_kryschur[0x41180d]
[genoahost101:1138807] [11] /lib64/libc.so.6(+0x2a610)[0x14f76082a610]
[genoahost101:1138807] [12] /lib64/libc.so.6(__libc_start_main+0x80)[0x14f76082a6c0]
[genoahost101:1138807] [13] /direct/sdcc+u/poare/Grid/build/examples/./Example_spec_kryschur[0x4147f5]
[genoahost101:1138807] *** End of error message ***
srun: error: genoahost104: task 123: Aborted (core dumped)
Example_spec_kryschur: ../../Grid/communicator/SharedMemoryMPI.cc:434: static void Grid::GlobalSharedMemory::OptimalCommunicatorSharedMemory(const Coordinate&, ompi_communicator_t*&, Grid::Coordinate&): Assertion `WorldSize==Nprocessors' failed.
[genoahost101:1138804] *** Process received signal ***
[genoahost101:1138804] Signal: Aborted (6)
[genoahost101:1138804] Signal code:  (-6)
[genoahost101:1138804] [ 0] /lib64/libc.so.6(+0x3fc30)[0x1502c323fc30]
[genoahost101:1138804] [ 1] /lib64/libc.so.6(+0x8d02c)[0x1502c328d02c]
[genoahost101:1138804] [ 2] /lib64/libc.so.6(raise+0x16)[0x1502c323fb86]
[genoahost101:1138804] [ 3] /lib64/libc.so.6(abort+0xd3)[0x1502c3229873]
[genoahost101:1138804] [ 4] /lib64/libc.so.6(+0x2979b)[0x1502c322979b]
[genoahost101:1138804] [ 5] /lib64/libc.so.6(+0x388c6)[0x1502c32388c6]
[genoahost101:1138804] [ 6] /direct/sdcc+u/poare/Grid/build/examples/./Example_spec_kryschur[0x4cc206]
[genoahost101:1138804] [ 7] /direct/sdcc+u/poare/Grid/build/examples/./Example_spec_kryschur[0x4cc2f1]
[genoahost101:1138804] [ 8] /direct/sdcc+u/poare/Grid/build/examples/./Example_spec_kryschur[0x4c7e95]
[genoahost101:1138804] [ 9] /direct/sdcc+u/poare/Grid/build/examples/./Example_spec_kryschur[0x4b5f4f]
[genoahost101:1138804] [10] /direct/sdcc+u/poare/Grid/build/examples/./Example_spec_kryschur[0x41180d]
[genoahost101:1138804] [11] /lib64/libc.so.6(+0x2a610)[0x1502c322a610]
[genoahost101:1138804] [12] /lib64/libc.so.6(__libc_start_main+0x80)[0x1502c322a6c0]
[genoahost101:1138804] [13] /direct/sdcc+u/poare/Grid/build/examples/./Example_spec_kryschur[0x4147f5]
[genoahost101:1138804] *** End of error message ***
Example_spec_kryschur: ../../Grid/communicator/SharedMemoryMPI.cc:434: static void Grid::GlobalSharedMemory::OptimalCommunicatorSharedMemory(const Coordinate&, ompi_communicator_t*&, Grid::Coordinate&): Assertion `WorldSize==Nprocessors' failed.
[genoahost100:639526] *** Process received signal ***
[genoahost100:639526] Signal: Aborted (6)
[genoahost100:639526] Signal code:  (-6)
[genoahost100:639526] [ 0] /lib64/libc.so.6(+0x3fc30)[0x1475e583fc30]
[genoahost100:639526] [ 1] /lib64/libc.so.6(+0x8d02c)[0x1475e588d02c]
[genoahost100:639526] [ 2] /lib64/libc.so.6(raise+0x16)[0x1475e583fb86]
[genoahost100:639526] [ 3] /lib64/libc.so.6(abort+0xd3)[0x1475e5829873]
[genoahost100:639526] [ 4] /lib64/libc.so.6(+0x2979b)[0x1475e582979b]
[genoahost100:639526] [ 5] /lib64/libc.so.6(+0x388c6)[0x1475e58388c6]
[genoahost100:639526] [ 6] /direct/sdcc+u/poare/Grid/build/examples/./Example_spec_kryschur[0x4cc206]
[genoahost100:639526] [ 7] /direct/sdcc+u/poare/Grid/build/examples/./Example_spec_kryschur[0x4cc2f1]
[genoahost100:639526] [ 8] /direct/sdcc+u/poare/Grid/build/examples/./Example_spec_kryschur[0x4c7e95]
[genoahost100:639526] [ 9] /direct/sdcc+u/poare/Grid/build/examples/./Example_spec_kryschur[0x4b5f4f]
[genoahost100:639526] [10] /direct/sdcc+u/poare/Grid/build/examples/./Example_spec_kryschur[0x41180d]
[genoahost100:639526] [11] /lib64/libc.so.6(+0x2a610)[0x1475e582a610]
[genoahost100:639526] [12] /lib64/libc.so.6(__libc_start_main+0x80)[0x1475e582a6c0]
[genoahost100:639526] [13] /direct/sdcc+u/poare/Grid/build/examples/./Example_spec_kryschur[0x4147f5]
[genoahost100:639526] *** End of error message ***
Example_spec_kryschur: ../../Grid/communicator/SharedMemoryMPI.cc:434: static void Grid::GlobalSharedMemory::OptimalCommunicatorSharedMemory(const Coordinate&, ompi_communicator_t*&, Grid::Coordinate&): Assertion `WorldSize==Nprocessors' failed.
[genoahost101:1138813] *** Process received signal ***
[genoahost101:1138813] Signal: Aborted (6)
[genoahost101:1138813] Signal code:  (-6)
[genoahost101:1138813] [ 0] /lib64/libc.so.6(+0x3fc30)[0x15204023fc30]
[genoahost101:1138813] [ 1] /lib64/libc.so.6(+0x8d02c)[0x15204028d02c]
[genoahost101:1138813] [ 2] /lib64/libc.so.6(raise+0x16)[0x15204023fb86]
[genoahost101:1138813] [ 3] /lib64/libc.so.6(abort+0xd3)[0x152040229873]
[genoahost101:1138813] [ 4] /lib64/libc.so.6(+0x2979b)[0x15204022979b]
[genoahost101:1138813] [ 5] /lib64/libc.so.6(+0x388c6)[0x1520402388c6]
[genoahost101:1138813] [ 6] /direct/sdcc+u/poare/Grid/build/examples/./Example_spec_kryschur[0x4cc206]
[genoahost101:1138813] [ 7] /direct/sdcc+u/poare/Grid/build/examples/./Example_spec_kryschur[0x4cc2f1]
[genoahost101:1138813] [ 8] /direct/sdcc+u/poare/Grid/build/examples/./Example_spec_kryschur[0x4c7e95]
[genoahost101:1138813] [ 9] /direct/sdcc+u/poare/Grid/build/examples/./Example_spec_kryschur[0x4b5f4f]
[genoahost101:1138813] [10] /direct/sdcc+u/poare/Grid/build/examples/./Example_spec_kryschur[0x41180d]
[genoahost101:1138813] [11] /lib64/libc.so.6(+0x2a610)[0x15204022a610]
[genoahost101:1138813] [12] /lib64/libc.so.6(__libc_start_main+0x80)[0x15204022a6c0]
[genoahost101:1138813] [13] /direct/sdcc+u/poare/Grid/build/examples/./Example_spec_kryschur[0x4147f5]
[genoahost101:1138813] *** End of error message ***
Example_spec_kryschur: ../../Grid/communicator/SharedMemoryMPI.cc:434: static void Grid::GlobalSharedMemory::OptimalCommunicatorSharedMemory(const Coordinate&, ompi_communicator_t*&, Grid::Coordinate&): Assertion `WorldSize==Nprocessors' failed.
[genoahost101:1138811] *** Process received signal ***
[genoahost101:1138811] Signal: Aborted (6)
[genoahost101:1138811] Signal code:  (-6)
[genoahost101:1138811] [ 0] /lib64/libc.so.6(+0x3fc30)[0x14e4ab83fc30]
[genoahost101:1138811] [ 1] /lib64/libc.so.6(+0x8d02c)[0x14e4ab88d02c]
[genoahost101:1138811] [ 2] /lib64/libc.so.6(raise+0x16)[0x14e4ab83fb86]
[genoahost101:1138811] [ 3] /lib64/libc.so.6(abort+0xd3)[0x14e4ab829873]
[genoahost101:1138811] [ 4] /lib64/libc.so.6(+0x2979b)[0x14e4ab82979b]
[genoahost101:1138811] [ 5] /lib64/libc.so.6(+0x388c6)[0x14e4ab8388c6]
[genoahost101:1138811] [ 6] /direct/sdcc+u/poare/Grid/build/examples/./Example_spec_kryschur[0x4cc206]
[genoahost101:1138811] [ 7] /direct/sdcc+u/poare/Grid/build/examples/./Example_spec_kryschur[0x4cc2f1]
[genoahost101:1138811] [ 8] /direct/sdcc+u/poare/Grid/build/examples/./Example_spec_kryschur[0x4c7e95]
[genoahost101:1138811] [ 9] /direct/sdcc+u/poare/Grid/build/examples/./Example_spec_kryschur[0x4b5f4f]
[genoahost101:1138811] [10] /direct/sdcc+u/poare/Grid/build/examples/./Example_spec_kryschur[0x41180d]
[genoahost101:1138811] [11] /lib64/libc.so.6(+0x2a610)[0x14e4ab82a610]
[genoahost101:1138811] [12] /lib64/libc.so.6(__libc_start_main+0x80)[0x14e4ab82a6c0]
[genoahost101:1138811] [13] /direct/sdcc+u/poare/Grid/build/examples/./Example_spec_kryschur[0x4147f5]
[genoahost101:1138811] *** End of error message ***
Example_spec_kryschur: ../../Grid/communicator/SharedMemoryMPI.cc:434: static void Grid::GlobalSharedMemory::OptimalCommunicatorSharedMemory(const Coordinate&, ompi_communicator_t*&, Grid::Coordinate&): Assertion `WorldSize==Nprocessors' failed.
[genoahost100:639519] *** Process received signal ***
[genoahost100:639519] Signal: Aborted (6)
[genoahost100:639519] Signal code:  (-6)
[genoahost100:639519] [ 0] /lib64/libc.so.6(+0x3fc30)[0x14f23b43fc30]
[genoahost100:639519] [ 1] /lib64/libc.so.6(+0x8d02c)[0x14f23b48d02c]
[genoahost100:639519] [ 2] /lib64/libc.so.6(raise+0x16)[0x14f23b43fb86]
[genoahost100:639519] [ 3] /lib64/libc.so.6(abort+0xd3)[0x14f23b429873]
[genoahost100:639519] [ 4] /lib64/libc.so.6(+0x2979b)[0x14f23b42979b]
[genoahost100:639519] [ 5] /lib64/libc.so.6(+0x388c6)[0x14f23b4388c6]
[genoahost100:639519] [ 6] /direct/sdcc+u/poare/Grid/build/examples/./Example_spec_kryschur[0x4cc206]
[genoahost100:639519] [ 7] /direct/sdcc+u/poare/Grid/build/examples/./Example_spec_kryschur[0x4cc2f1]
[genoahost100:639519] [ 8] /direct/sdcc+u/poare/Grid/build/examples/./Example_spec_kryschur[0x4c7e95]
[genoahost100:639519] [ 9] /direct/sdcc+u/poare/Grid/build/examples/./Example_spec_kryschur[0x4b5f4f]
[genoahost100:639519] [10] /direct/sdcc+u/poare/Grid/build/examples/./Example_spec_kryschur[0x41180d]
[genoahost100:639519] [11] /lib64/libc.so.6(+0x2a610)[0x14f23b42a610]
[genoahost100:639519] [12] /lib64/libc.so.6(__libc_start_main+0x80)[0x14f23b42a6c0]
[genoahost100:639519] [13] /direct/sdcc+u/poare/Grid/build/examples/./Example_spec_kryschur[0x4147f5]
[genoahost100:639519] *** End of error message ***
Example_spec_kryschur: ../../Grid/communicator/SharedMemoryMPI.cc:434: static void Grid::GlobalSharedMemory::OptimalCommunicatorSharedMemory(const Coordinate&, ompi_communicator_t*&, Grid::Coordinate&): Assertion `WorldSize==Nprocessors' failed.
[genoahost101:1138802] *** Process received signal ***
[genoahost101:1138802] Signal: Aborted (6)
[genoahost101:1138802] Signal code:  (-6)
[genoahost101:1138802] [ 0] /lib64/libc.so.6(+0x3fc30)[0x149c5fe3fc30]
[genoahost101:1138802] [ 1] /lib64/libc.so.6(+0x8d02c)[0x149c5fe8d02c]
[genoahost101:1138802] [ 2] /lib64/libc.so.6(raise+0x16)[0x149c5fe3fb86]
[genoahost101:1138802] [ 3] /lib64/libc.so.6(abort+0xd3)[0x149c5fe29873]
[genoahost101:1138802] [ 4] /lib64/libc.so.6(+0x2979b)[0x149c5fe2979b]
[genoahost101:1138802] [ 5] /lib64/libc.so.6(+0x388c6)[0x149c5fe388c6]
[genoahost101:1138802] [ 6] /direct/sdcc+u/poare/Grid/build/examples/./Example_spec_kryschur[0x4cc206]
[genoahost101:1138802] [ 7] /direct/sdcc+u/poare/Grid/build/examples/./Example_spec_kryschur[0x4cc2f1]
[genoahost101:1138802] [ 8] /direct/sdcc+u/poare/Grid/build/examples/./Example_spec_kryschur[0x4c7e95]
[genoahost101:1138802] [ 9] /direct/sdcc+u/poare/Grid/build/examples/./Example_spec_kryschur[0x4b5f4f]
[genoahost101:1138802] [10] /direct/sdcc+u/poare/Grid/build/examples/./Example_spec_kryschur[0x41180d]
[genoahost101:1138802] [11] /lib64/libc.so.6(+0x2a610)[0x149c5fe2a610]
[genoahost101:1138802] [12] /lib64/libc.so.6(__libc_start_main+0x80)[0x149c5fe2a6c0]
[genoahost101:1138802] [13] /direct/sdcc+u/poare/Grid/build/examples/./Example_spec_kryschur[0x4147f5]
[genoahost101:1138802] *** End of error message ***
Example_spec_kryschur: ../../Grid/communicator/SharedMemoryMPI.cc:434: static void Grid::GlobalSharedMemory::OptimalCommunicatorSharedMemory(const Coordinate&, ompi_communicator_t*&, Grid::Coordinate&): Assertion `WorldSize==Nprocessors' failed.
[genoahost100:639527] *** Process received signal ***
[genoahost100:639527] Signal: Aborted (6)
[genoahost100:639527] Signal code:  (-6)
[genoahost100:639527] [ 0] /lib64/libc.so.6(+0x3fc30)[0x152cc143fc30]
[genoahost100:639527] [ 1] /lib64/libc.so.6(+0x8d02c)[0x152cc148d02c]
[genoahost100:639527] [ 2] /lib64/libc.so.6(raise+0x16)[0x152cc143fb86]
[genoahost100:639527] [ 3] /lib64/libc.so.6(abort+0xd3)[0x152cc1429873]
[genoahost100:639527] [ 4] /lib64/libc.so.6(+0x2979b)[0x152cc142979b]
[genoahost100:639527] [ 5] /lib64/libc.so.6(+0x388c6)[0x152cc14388c6]
[genoahost100:639527] [ 6] /direct/sdcc+u/poare/Grid/build/examples/./Example_spec_kryschur[0x4cc206]
[genoahost100:639527] [ 7] /direct/sdcc+u/poare/Grid/build/examples/./Example_spec_kryschur[0x4cc2f1]
[genoahost100:639527] [ 8] /direct/sdcc+u/poare/Grid/build/examples/./Example_spec_kryschur[0x4c7e95]
[genoahost100:639527] [ 9] /direct/sdcc+u/poare/Grid/build/examples/./Example_spec_kryschur[0x4b5f4f]
[genoahost100:639527] [10] /direct/sdcc+u/poare/Grid/build/examples/./Example_spec_kryschur[0x41180d]
[genoahost100:639527] [11] /lib64/libc.so.6(+0x2a610)[0x152cc142a610]
[genoahost100:639527] [12] /lib64/libc.so.6(__libc_start_main+0x80)[0x152cc142a6c0]
[genoahost100:639527] [13] /direct/sdcc+u/poare/Grid/build/examples/./Example_spec_kryschur[0x4147f5]
[genoahost100:639527] *** End of error message ***
Example_spec_kryschur: ../../Grid/communicator/SharedMemoryMPI.cc:434: static void Grid::GlobalSharedMemory::OptimalCommunicatorSharedMemory(const Coordinate&, ompi_communicator_t*&, Grid::Coordinate&): Assertion `WorldSize==Nprocessors' failed.
[genoahost104:619709] *** Process received signal ***
[genoahost104:619709] Signal: Aborted (6)
[genoahost104:619709] Signal code:  (-6)
[genoahost104:619709] [ 0] /lib64/libc.so.6(+0x3fc30)[0x15268403fc30]
[genoahost104:619709] [ 1] /lib64/libc.so.6(+0x8d02c)[0x15268408d02c]
[genoahost104:619709] [ 2] /lib64/libc.so.6(raise+0x16)[0x15268403fb86]
[genoahost104:619709] [ 3] /lib64/libc.so.6(abort+0xd3)[0x152684029873]
[genoahost104:619709] [ 4] /lib64/libc.so.6(+0x2979b)[0x15268402979b]
[genoahost104:619709] [ 5] /lib64/libc.so.6(+0x388c6)[0x1526840388c6]
[genoahost104:619709] [ 6] /direct/sdcc+u/poare/Grid/build/examples/./Example_spec_kryschur[0x4cc206]
[genoahost104:619709] [ 7] /direct/sdcc+u/poare/Grid/build/examples/./Example_spec_kryschur[0x4cc2f1]
[genoahost104:619709] [ 8] /direct/sdcc+u/poare/Grid/build/examples/./Example_spec_kryschur[0x4c7e95]
[genoahost104:619709] [ 9] /direct/sdcc+u/poare/Grid/build/examples/./Example_spec_kryschur[0x4b5f4f]
[genoahost104:619709] [10] /direct/sdcc+u/poare/Grid/build/examples/./Example_spec_kryschur[0x41180d]
[genoahost104:619709] [11] /lib64/libc.so.6(+0x2a610)[0x15268402a610]
[genoahost104:619709] [12] /lib64/libc.so.6(__libc_start_main+0x80)[0x15268402a6c0]
[genoahost104:619709] [13] /direct/sdcc+u/poare/Grid/build/examples/./Example_spec_kryschur[0x4147f5]
[genoahost104:619709] *** End of error message ***
Example_spec_kryschur: ../../Grid/communicator/SharedMemoryMPI.cc:434: static void Grid::GlobalSharedMemory::OptimalCommunicatorSharedMemory(const Coordinate&, ompi_communicator_t*&, Grid::Coordinate&): Assertion `WorldSize==Nprocessors' failed.
[genoahost104:619719] *** Process received signal ***
[genoahost104:619719] Signal: Aborted (6)
[genoahost104:619719] Signal code:  (-6)
[genoahost104:619719] [ 0] /lib64/libc.so.6(+0x3fc30)[0x145b2683fc30]
[genoahost104:619719] [ 1] /lib64/libc.so.6(+0x8d02c)[0x145b2688d02c]
[genoahost104:619719] [ 2] /lib64/libc.so.6(raise+0x16)[0x145b2683fb86]
[genoahost104:619719] [ 3] /lib64/libc.so.6(abort+0xd3)[0x145b26829873]
[genoahost104:619719] [ 4] /lib64/libc.so.6(+0x2979b)[0x145b2682979b]
[genoahost104:619719] [ 5] /lib64/libc.so.6(+0x388c6)[0x145b268388c6]
[genoahost104:619719] [ 6] /direct/sdcc+u/poare/Grid/build/examples/./Example_spec_kryschur[0x4cc206]
[genoahost104:619719] [ 7] /direct/sdcc+u/poare/Grid/build/examples/./Example_spec_kryschur[0x4cc2f1]
[genoahost104:619719] [ 8] /direct/sdcc+u/poare/Grid/build/examples/./Example_spec_kryschur[0x4c7e95]
[genoahost104:619719] [ 9] /direct/sdcc+u/poare/Grid/build/examples/./Example_spec_kryschur[0x4b5f4f]
[genoahost104:619719] [10] /direct/sdcc+u/poare/Grid/build/examples/./Example_spec_kryschur[0x41180d]
[genoahost104:619719] [11] /lib64/libc.so.6(+0x2a610)[0x145b2682a610]
[genoahost104:619719] [12] /lib64/libc.so.6(__libc_start_main+0x80)[0x145b2682a6c0]
[genoahost104:619719] [13] /direct/sdcc+u/poare/Grid/build/examples/./Example_spec_kryschur[0x4147f5]
[genoahost104:619719] *** End of error message ***
Example_spec_kryschur: ../../Grid/communicator/SharedMemoryMPI.cc:434: static void Grid::GlobalSharedMemory::OptimalCommunicatorSharedMemory(const Coordinate&, ompi_communicator_t*&, Grid::Coordinate&): Assertion `WorldSize==Nprocessors' failed.
[genoahost099:1600748] *** Process received signal ***
[genoahost099:1600748] Signal: Aborted (6)
[genoahost099:1600748] Signal code:  (-6)
[genoahost099:1600748] [ 0] /lib64/libc.so.6(+0x3fc30)[0x14744683fc30]
[genoahost099:1600748] [ 1] /lib64/libc.so.6(+0x8d02c)[0x14744688d02c]
[genoahost099:1600748] [ 2] /lib64/libc.so.6(raise+0x16)[0x14744683fb86]
[genoahost099:1600748] [ 3] /lib64/libc.so.6(abort+0xd3)[0x147446829873]
[genoahost099:1600748] [ 4] /lib64/libc.so.6(+0x2979b)[0x14744682979b]
[genoahost099:1600748] [ 5] /lib64/libc.so.6(+0x388c6)[0x1474468388c6]
[genoahost099:1600748] [ 6] /direct/sdcc+u/poare/Grid/build/examples/./Example_spec_kryschur[0x4cc206]
[genoahost099:1600748] [ 7] /direct/sdcc+u/poare/Grid/build/examples/./Example_spec_kryschur[0x4cc2f1]
[genoahost099:1600748] [ 8] /direct/sdcc+u/poare/Grid/build/examples/./Example_spec_kryschur[0x4c7e95]
[genoahost099:1600748] [ 9] /direct/sdcc+u/poare/Grid/build/examples/./Example_spec_kryschur[0x4b5f4f]
[genoahost099:1600748] [10] /direct/sdcc+u/poare/Grid/build/examples/./Example_spec_kryschur[0x41180d]
[genoahost099:1600748] [11] /lib64/libc.so.6(+0x2a610)[0x14744682a610]
[genoahost099:1600748] [12] /lib64/libc.so.6(__libc_start_main+0x80)[0x14744682a6c0]
[genoahost099:1600748] [13] /direct/sdcc+u/poare/Grid/build/examples/./Example_spec_kryschur[0x4147f5]
[genoahost099:1600748] *** End of error message ***
Example_spec_kryschur: ../../Grid/communicator/SharedMemoryMPI.cc:434: static void Grid::GlobalSharedMemory::OptimalCommunicatorSharedMemory(const Coordinate&, ompi_communicator_t*&, Grid::Coordinate&): Assertion `WorldSize==Nprocessors' failed.
[genoahost099:1600754] *** Process received signal ***
[genoahost099:1600754] Signal: Aborted (6)
[genoahost099:1600754] Signal code:  (-6)
[genoahost099:1600754] [ 0] /lib64/libc.so.6(+0x3fc30)[0x14b26a43fc30]
[genoahost099:1600754] [ 1] /lib64/libc.so.6(+0x8d02c)[0x14b26a48d02c]
[genoahost099:1600754] [ 2] /lib64/libc.so.6(raise+0x16)[0x14b26a43fb86]
[genoahost099:1600754] [ 3] /lib64/libc.so.6(abort+0xd3)[0x14b26a429873]
[genoahost099:1600754] [ 4] /lib64/libc.so.6(+0x2979b)[0x14b26a42979b]
[genoahost099:1600754] [ 5] /lib64/libc.so.6(+0x388c6)[0x14b26a4388c6]
[genoahost099:1600754] [ 6] /direct/sdcc+u/poare/Grid/build/examples/./Example_spec_kryschur[0x4cc206]
[genoahost099:1600754] [ 7] /direct/sdcc+u/poare/Grid/build/examples/./Example_spec_kryschur[0x4cc2f1]
[genoahost099:1600754] [ 8] /direct/sdcc+u/poare/Grid/build/examples/./Example_spec_kryschur[0x4c7e95]
[genoahost099:1600754] [ 9] /direct/sdcc+u/poare/Grid/build/examples/./Example_spec_kryschur[0x4b5f4f]
[genoahost099:1600754] [10] /direct/sdcc+u/poare/Grid/build/examples/./Example_spec_kryschur[0x41180d]
[genoahost099:1600754] [11] /lib64/libc.so.6(+0x2a610)[0x14b26a42a610]
[genoahost099:1600754] [12] /lib64/libc.so.6(__libc_start_main+0x80)[0x14b26a42a6c0]
[genoahost099:1600754] [13] /direct/sdcc+u/poare/Grid/build/examples/./Example_spec_kryschur[0x4147f5]
[genoahost099:1600754] *** End of error message ***
Example_spec_kryschur: ../../Grid/communicator/SharedMemoryMPI.cc:434: static void Grid::GlobalSharedMemory::OptimalCommunicatorSharedMemory(const Coordinate&, ompi_communicator_t*&, Grid::Coordinate&): Assertion `WorldSize==Nprocessors' failed.
[genoahost099:1600750] *** Process received signal ***
[genoahost099:1600750] Signal: Aborted (6)
[genoahost099:1600750] Signal code:  (-6)
[genoahost099:1600750] [ 0] /lib64/libc.so.6(+0x3fc30)[0x14818103fc30]
[genoahost099:1600750] [ 1] /lib64/libc.so.6(+0x8d02c)[0x14818108d02c]
[genoahost099:1600750] [ 2] /lib64/libc.so.6(raise+0x16)[0x14818103fb86]
[genoahost099:1600750] [ 3] /lib64/libc.so.6(abort+0xd3)[0x148181029873]
[genoahost099:1600750] [ 4] /lib64/libc.so.6(+0x2979b)[0x14818102979b]
[genoahost099:1600750] [ 5] /lib64/libc.so.6(+0x388c6)[0x1481810388c6]
[genoahost099:1600750] [ 6] /direct/sdcc+u/poare/Grid/build/examples/./Example_spec_kryschur[0x4cc206]
[genoahost099:1600750] [ 7] /direct/sdcc+u/poare/Grid/build/examples/./Example_spec_kryschur[0x4cc2f1]
[genoahost099:1600750] [ 8] /direct/sdcc+u/poare/Grid/build/examples/./Example_spec_kryschur[0x4c7e95]
[genoahost099:1600750] [ 9] /direct/sdcc+u/poare/Grid/build/examples/./Example_spec_kryschur[0x4b5f4f]
[genoahost099:1600750] [10] /direct/sdcc+u/poare/Grid/build/examples/./Example_spec_kryschur[0x41180d]
[genoahost099:1600750] [11] /lib64/libc.so.6(+0x2a610)[0x14818102a610]
[genoahost099:1600750] [12] /lib64/libc.so.6(__libc_start_main+0x80)[0x14818102a6c0]
[genoahost099:1600750] [13] /direct/sdcc+u/poare/Grid/build/examples/./Example_spec_kryschur[0x4147f5]
[genoahost099:1600750] *** End of error message ***
Example_spec_kryschur: ../../Grid/communicator/SharedMemoryMPI.cc:434: static void Grid::GlobalSharedMemory::OptimalCommunicatorSharedMemory(const Coordinate&, ompi_communicator_t*&, Grid::Coordinate&): Assertion `WorldSize==Nprocessors' failed.
[genoahost099:1600756] *** Process received signal ***
[genoahost099:1600756] Signal: Aborted (6)
[genoahost099:1600756] Signal code:  (-6)
[genoahost099:1600756] [ 0] /lib64/libc.so.6(+0x3fc30)[0x14c35363fc30]
[genoahost099:1600756] [ 1] /lib64/libc.so.6(+0x8d02c)[0x14c35368d02c]
[genoahost099:1600756] [ 2] /lib64/libc.so.6(raise+0x16)[0x14c35363fb86]
[genoahost099:1600756] [ 3] /lib64/libc.so.6(abort+0xd3)[0x14c353629873]
[genoahost099:1600756] [ 4] /lib64/libc.so.6(+0x2979b)[0x14c35362979b]
[genoahost099:1600756] [ 5] /lib64/libc.so.6(+0x388c6)[0x14c3536388c6]
[genoahost099:1600756] [ 6] /direct/sdcc+u/poare/Grid/build/examples/./Example_spec_kryschur[0x4cc206]
[genoahost099:1600756] [ 7] /direct/sdcc+u/poare/Grid/build/examples/./Example_spec_kryschur[0x4cc2f1]
[genoahost099:1600756] [ 8] /direct/sdcc+u/poare/Grid/build/examples/./Example_spec_kryschur[0x4c7e95]
[genoahost099:1600756] [ 9] /direct/sdcc+u/poare/Grid/build/examples/./Example_spec_kryschur[0x4b5f4f]
[genoahost099:1600756] [10] /direct/sdcc+u/poare/Grid/build/examples/./Example_spec_kryschur[0x41180d]
[genoahost099:1600756] [11] /lib64/libc.so.6(+0x2a610)[0x14c35362a610]
[genoahost099:1600756] [12] /lib64/libc.so.6(__libc_start_main+0x80)[0x14c35362a6c0]
[genoahost099:1600756] [13] /direct/sdcc+u/poare/Grid/build/examples/./Example_spec_kryschur[0x4147f5]
[genoahost099:1600756] *** End of error message ***
srun: error: genoahost104: task 113: Aborted (core dumped)
Example_spec_kryschur: ../../Grid/communicator/SharedMemoryMPI.cc:434: static void Grid::GlobalSharedMemory::OptimalCommunicatorSharedMemory(const Coordinate&, ompi_communicator_t*&, Grid::Coordinate&): Assertion `WorldSize==Nprocessors' failed.
[genoahost099:1600747] *** Process received signal ***
[genoahost099:1600747] Signal: Aborted (6)
[genoahost099:1600747] Signal code:  (-6)
[genoahost099:1600747] [ 0] /lib64/libc.so.6(+0x3fc30)[0x145d5903fc30]
[genoahost099:1600747] [ 1] /lib64/libc.so.6(+0x8d02c)[0x145d5908d02c]
[genoahost099:1600747] [ 2] /lib64/libc.so.6(raise+0x16)[0x145d5903fb86]
[genoahost099:1600747] [ 3] /lib64/libc.so.6(abort+0xd3)[0x145d59029873]
[genoahost099:1600747] [ 4] /lib64/libc.so.6(+0x2979b)[0x145d5902979b]
[genoahost099:1600747] [ 5] /lib64/libc.so.6(+0x388c6)[0x145d590388c6]
[genoahost099:1600747] [ 6] /direct/sdcc+u/poare/Grid/build/examples/./Example_spec_kryschur[0x4cc206]
[genoahost099:1600747] [ 7] /direct/sdcc+u/poare/Grid/build/examples/./Example_spec_kryschur[0x4cc2f1]
[genoahost099:1600747] [ 8] /direct/sdcc+u/poare/Grid/build/examples/./Example_spec_kryschur[0x4c7e95]
[genoahost099:1600747] [ 9] /direct/sdcc+u/poare/Grid/build/examples/./Example_spec_kryschur[0x4b5f4f]
[genoahost099:1600747] [10] /direct/sdcc+u/poare/Grid/build/examples/./Example_spec_kryschur[0x41180d]
[genoahost099:1600747] [11] /lib64/libc.so.6(+0x2a610)[0x145d5902a610]
[genoahost099:1600747] [12] /lib64/libc.so.6(__libc_start_main+0x80)[0x145d5902a6c0]
[genoahost099:1600747] [13] /direct/sdcc+u/poare/Grid/build/examples/./Example_spec_kryschur[0x4147f5]
[genoahost099:1600747] *** End of error message ***
Example_spec_kryschur: ../../Grid/communicator/SharedMemoryMPI.cc:434: static void Grid::GlobalSharedMemory::OptimalCommunicatorSharedMemory(const Coordinate&, ompi_communicator_t*&, Grid::Coordinate&): Assertion `WorldSize==Nprocessors' failed.
[genoahost099:1600758] *** Process received signal ***
[genoahost099:1600758] Signal: Aborted (6)
[genoahost099:1600758] Signal code:  (-6)
[genoahost099:1600758] [ 0] /lib64/libc.so.6(+0x3fc30)[0x14981023fc30]
[genoahost099:1600758] [ 1] /lib64/libc.so.6(+0x8d02c)[0x14981028d02c]
[genoahost099:1600758] [ 2] /lib64/libc.so.6(raise+0x16)[0x14981023fb86]
[genoahost099:1600758] [ 3] /lib64/libc.so.6(abort+0xd3)[0x149810229873]
[genoahost099:1600758] [ 4] /lib64/libc.so.6(+0x2979b)[0x14981022979b]
[genoahost099:1600758] [ 5] /lib64/libc.so.6(+0x388c6)[0x1498102388c6]
[genoahost099:1600758] [ 6] /direct/sdcc+u/poare/Grid/build/examples/./Example_spec_kryschur[0x4cc206]
[genoahost099:1600758] [ 7] /direct/sdcc+u/poare/Grid/build/examples/./Example_spec_kryschur[0x4cc2f1]
[genoahost099:1600758] [ 8] /direct/sdcc+u/poare/Grid/build/examples/./Example_spec_kryschur[0x4c7e95]
[genoahost099:1600758] [ 9] /direct/sdcc+u/poare/Grid/build/examples/./Example_spec_kryschur[0x4b5f4f]
[genoahost099:1600758] [10] /direct/sdcc+u/poare/Grid/build/examples/./Example_spec_kryschur[0x41180d]
[genoahost099:1600758] [11] /lib64/libc.so.6(+0x2a610)[0x14981022a610]
[genoahost099:1600758] [12] /lib64/libc.so.6(__libc_start_main+0x80)[0x14981022a6c0]
[genoahost099:1600758] [13] /direct/sdcc+u/poare/Grid/build/examples/./Example_spec_kryschur[0x4147f5]
[genoahost099:1600758] *** End of error message ***
srun: error: genoahost101: task 73: Aborted (core dumped)
Example_spec_kryschur: ../../Grid/communicator/SharedMemoryMPI.cc:434: static void Grid::GlobalSharedMemory::OptimalCommunicatorSharedMemory(const Coordinate&, ompi_communicator_t*&, Grid::Coordinate&): Assertion `WorldSize==Nprocessors' failed.
[genoahost103:608338] *** Process received signal ***
[genoahost103:608338] Signal: Aborted (6)
[genoahost103:608338] Signal code:  (-6)
[genoahost103:608338] [ 0] /lib64/libc.so.6(+0x3fc30)[0x14f80f03fc30]
[genoahost103:608338] [ 1] /lib64/libc.so.6(+0x8d02c)[0x14f80f08d02c]
[genoahost103:608338] [ 2] /lib64/libc.so.6(raise+0x16)[0x14f80f03fb86]
[genoahost103:608338] [ 3] /lib64/libc.so.6(abort+0xd3)[0x14f80f029873]
[genoahost103:608338] [ 4] /lib64/libc.so.6(+0x2979b)[0x14f80f02979b]
[genoahost103:608338] [ 5] /lib64/libc.so.6(+0x388c6)[0x14f80f0388c6]
[genoahost103:608338] [ 6] /direct/sdcc+u/poare/Grid/build/examples/./Example_spec_kryschur[0x4cc206]
[genoahost103:608338] [ 7] /direct/sdcc+u/poare/Grid/build/examples/./Example_spec_kryschur[0x4cc2f1]
[genoahost103:608338] [ 8] /direct/sdcc+u/poare/Grid/build/examples/./Example_spec_kryschur[0x4c7e95]
[genoahost103:608338] [ 9] /direct/sdcc+u/poare/Grid/build/examples/./Example_spec_kryschur[0x4b5f4f]
[genoahost103:608338] [10] /direct/sdcc+u/poare/Grid/build/examples/./Example_spec_kryschur[0x41180d]
[genoahost103:608338] [11] /lib64/libc.so.6(+0x2a610)[0x14f80f02a610]
[genoahost103:608338] [12] /lib64/libc.so.6(__libc_start_main+0x80)[0x14f80f02a6c0]
[genoahost103:608338] [13] /direct/sdcc+u/poare/Grid/build/examples/./Example_spec_kryschur[0x4147f5]
[genoahost103:608338] *** End of error message ***
Example_spec_kryschur: ../../Grid/communicator/SharedMemoryMPI.cc:434: static void Grid::GlobalSharedMemory::OptimalCommunicatorSharedMemory(const Coordinate&, ompi_communicator_t*&, Grid::Coordinate&): Assertion `WorldSize==Nprocessors' failed.
[genoahost103:608341] *** Process received signal ***
[genoahost103:608341] Signal: Aborted (6)
[genoahost103:608341] Signal code:  (-6)
[genoahost103:608341] [ 0] /lib64/libc.so.6(+0x3fc30)[0x14884283fc30]
[genoahost103:608341] [ 1] /lib64/libc.so.6(+0x8d02c)[0x14884288d02c]
[genoahost103:608341] [ 2] /lib64/libc.so.6(raise+0x16)[0x14884283fb86]
[genoahost103:608341] [ 3] /lib64/libc.so.6(abort+0xd3)[0x148842829873]
[genoahost103:608341] [ 4] /lib64/libc.so.6(+0x2979b)[0x14884282979b]
[genoahost103:608341] [ 5] /lib64/libc.so.6(+0x388c6)[0x1488428388c6]
[genoahost103:608341] [ 6] /direct/sdcc+u/poare/Grid/build/examples/./Example_spec_kryschur[0x4cc206]
[genoahost103:608341] [ 7] /direct/sdcc+u/poare/Grid/build/examples/./Example_spec_kryschur[0x4cc2f1]
[genoahost103:608341] [ 8] /direct/sdcc+u/poare/Grid/build/examples/./Example_spec_kryschur[0x4c7e95]
[genoahost103:608341] [ 9] /direct/sdcc+u/poare/Grid/build/examples/./Example_spec_kryschur[0x4b5f4f]
[genoahost103:608341] [10] /direct/sdcc+u/poare/Grid/build/examples/./Example_spec_kryschur[0x41180d]
[genoahost103:608341] [11] /lib64/libc.so.6(+0x2a610)[0x14884282a610]
[genoahost103:608341] [12] /lib64/libc.so.6(__libc_start_main+0x80)[0x14884282a6c0]
[genoahost103:608341] [13] /direct/sdcc+u/poare/Grid/build/examples/./Example_spec_kryschur[0x4147f5]
[genoahost103:608341] *** End of error message ***
Example_spec_kryschur: ../../Grid/communicator/SharedMemoryMPI.cc:434: static void Grid::GlobalSharedMemory::OptimalCommunicatorSharedMemory(const Coordinate&, ompi_communicator_t*&, Grid::Coordinate&): Assertion `WorldSize==Nprocessors' failed.
[genoahost103:608331] *** Process received signal ***
[genoahost103:608331] Signal: Aborted (6)
[genoahost103:608331] Signal code:  (-6)
[genoahost103:608331] [ 0] /lib64/libc.so.6(+0x3fc30)[0x14e66523fc30]
[genoahost103:608331] [ 1] /lib64/libc.so.6(+0x8d02c)[0x14e66528d02c]
[genoahost103:608331] [ 2] /lib64/libc.so.6(raise+0x16)[0x14e66523fb86]
[genoahost103:608331] [ 3] /lib64/libc.so.6(abort+0xd3)[0x14e665229873]
[genoahost103:608331] [ 4] /lib64/libc.so.6(+0x2979b)[0x14e66522979b]
[genoahost103:608331] [ 5] /lib64/libc.so.6(+0x388c6)[0x14e6652388c6]
[genoahost103:608331] [ 6] /direct/sdcc+u/poare/Grid/build/examples/./Example_spec_kryschur[0x4cc206]
[genoahost103:608331] [ 7] /direct/sdcc+u/poare/Grid/build/examples/./Example_spec_kryschur[0x4cc2f1]
[genoahost103:608331] [ 8] /direct/sdcc+u/poare/Grid/build/examples/./Example_spec_kryschur[0x4c7e95]
[genoahost103:608331] [ 9] /direct/sdcc+u/poare/Grid/build/examples/./Example_spec_kryschur[0x4b5f4f]
[genoahost103:608331] [10] /direct/sdcc+u/poare/Grid/build/examples/./Example_spec_kryschur[0x41180d]
[genoahost103:608331] [11] /lib64/libc.so.6(+0x2a610)[0x14e66522a610]
[genoahost103:608331] [12] /lib64/libc.so.6(__libc_start_main+0x80)[0x14e66522a6c0]
[genoahost103:608331] [13] /direct/sdcc+u/poare/Grid/build/examples/./Example_spec_kryschur[0x4147f5]
[genoahost103:608331] *** End of error message ***
Example_spec_kryschur: ../../Grid/communicator/SharedMemoryMPI.cc:434: static void Grid::GlobalSharedMemory::OptimalCommunicatorSharedMemory(const Coordinate&, ompi_communicator_t*&, Grid::Coordinate&): Assertion `WorldSize==Nprocessors' failed.
[genoahost103:608342] *** Process received signal ***
[genoahost103:608342] Signal: Aborted (6)
[genoahost103:608342] Signal code:  (-6)
[genoahost103:608342] [ 0] /lib64/libc.so.6(+0x3fc30)[0x14bf5ec3fc30]
[genoahost103:608342] [ 1] /lib64/libc.so.6(+0x8d02c)[0x14bf5ec8d02c]
[genoahost103:608342] [ 2] /lib64/libc.so.6(raise+0x16)[0x14bf5ec3fb86]
[genoahost103:608342] [ 3] /lib64/libc.so.6(abort+0xd3)[0x14bf5ec29873]
[genoahost103:608342] [ 4] /lib64/libc.so.6(+0x2979b)[0x14bf5ec2979b]
[genoahost103:608342] [ 5] /lib64/libc.so.6(+0x388c6)[0x14bf5ec388c6]
[genoahost103:608342] [ 6] /direct/sdcc+u/poare/Grid/build/examples/./Example_spec_kryschur[0x4cc206]
[genoahost103:608342] [ 7] /direct/sdcc+u/poare/Grid/build/examples/./Example_spec_kryschur[0x4cc2f1]
[genoahost103:608342] [ 8] /direct/sdcc+u/poare/Grid/build/examples/./Example_spec_kryschur[0x4c7e95]
[genoahost103:608342] [ 9] /direct/sdcc+u/poare/Grid/build/examples/./Example_spec_kryschur[0x4b5f4f]
[genoahost103:608342] [10] /direct/sdcc+u/poare/Grid/build/examples/./Example_spec_kryschur[0x41180d]
[genoahost103:608342] [11] /lib64/libc.so.6(+0x2a610)[0x14bf5ec2a610]
[genoahost103:608342] [12] /lib64/libc.so.6(__libc_start_main+0x80)[0x14bf5ec2a6c0]
[genoahost103:608342] [13] /direct/sdcc+u/poare/Grid/build/examples/./Example_spec_kryschur[0x4147f5]
[genoahost103:608342] *** End of error message ***
Example_spec_kryschur: ../../Grid/communicator/SharedMemoryMPI.cc:434: static void Grid::GlobalSharedMemory::OptimalCommunicatorSharedMemory(const Coordinate&, ompi_communicator_t*&, Grid::Coordinate&): Assertion `WorldSize==Nprocessors' failed.
[genoahost098:1620980] *** Process received signal ***
[genoahost098:1620980] Signal: Aborted (6)
[genoahost098:1620980] Signal code:  (-6)
[genoahost098:1620980] [ 0] /lib64/libc.so.6(+0x3fc30)[0x14e49ce3fc30]
[genoahost098:1620980] [ 1] /lib64/libc.so.6(+0x8d02c)[0x14e49ce8d02c]
[genoahost098:1620980] [ 2] /lib64/libc.so.6(raise+0x16)[0x14e49ce3fb86]
[genoahost098:1620980] [ 3] /lib64/libc.so.6(abort+0xd3)[0x14e49ce29873]
[genoahost098:1620980] [ 4] /lib64/libc.so.6(+0x2979b)[0x14e49ce2979b]
[genoahost098:1620980] [ 5] /lib64/libc.so.6(+0x388c6)[0x14e49ce388c6]
[genoahost098:1620980] [ 6] /direct/sdcc+u/poare/Grid/build/examples/./Example_spec_kryschur[0x4cc206]
[genoahost098:1620980] [ 7] /direct/sdcc+u/poare/Grid/build/examples/./Example_spec_kryschur[0x4cc2f1]
[genoahost098:1620980] [ 8] /direct/sdcc+u/poare/Grid/build/examples/./Example_spec_kryschur[0x4c7e95]
[genoahost098:1620980] [ 9] /direct/sdcc+u/poare/Grid/build/examples/./Example_spec_kryschur[0x4b5f4f]
[genoahost098:1620980] [10] /direct/sdcc+u/poare/Grid/build/examples/./Example_spec_kryschur[0x41180d]
[genoahost098:1620980] [11] /lib64/libc.so.6(+0x2a610)[0x14e49ce2a610]
[genoahost098:1620980] [12] /lib64/libc.so.6(__libc_start_main+0x80)[0x14e49ce2a6c0]
[genoahost098:1620980] [13] /direct/sdcc+u/poare/Grid/build/examples/./Example_spec_kryschur[0x4147f5]
[genoahost098:1620980] *** End of error message ***
Example_spec_kryschur: ../../Grid/communicator/SharedMemoryMPI.cc:434: static void Grid::GlobalSharedMemory::OptimalCommunicatorSharedMemory(const Coordinate&, ompi_communicator_t*&, Grid::Coordinate&): Assertion `WorldSize==Nprocessors' failed.
[genoahost098:1620992] *** Process received signal ***
[genoahost098:1620992] Signal: Aborted (6)
[genoahost098:1620992] Signal code:  (-6)
[genoahost098:1620992] [ 0] /lib64/libc.so.6(+0x3fc30)[0x1516eec3fc30]
[genoahost098:1620992] [ 1] /lib64/libc.so.6(+0x8d02c)[0x1516eec8d02c]
[genoahost098:1620992] [ 2] /lib64/libc.so.6(raise+0x16)[0x1516eec3fb86]
[genoahost098:1620992] [ 3] /lib64/libc.so.6(abort+0xd3)[0x1516eec29873]
[genoahost098:1620992] [ 4] /lib64/libc.so.6(+0x2979b)[0x1516eec2979b]
[genoahost098:1620992] [ 5] /lib64/libc.so.6(+0x388c6)[0x1516eec388c6]
[genoahost098:1620992] [ 6] /direct/sdcc+u/poare/Grid/build/examples/./Example_spec_kryschur[0x4cc206]
[genoahost098:1620992] [ 7] /direct/sdcc+u/poare/Grid/build/examples/./Example_spec_kryschur[0x4cc2f1]
[genoahost098:1620992] [ 8] /direct/sdcc+u/poare/Grid/build/examples/./Example_spec_kryschur[0x4c7e95]
[genoahost098:1620992] [ 9] /direct/sdcc+u/poare/Grid/build/examples/./Example_spec_kryschur[0x4b5f4f]
[genoahost098:1620992] [10] /direct/sdcc+u/poare/Grid/build/examples/./Example_spec_kryschur[0x41180d]
[genoahost098:1620992] [11] /lib64/libc.so.6(+0x2a610)[0x1516eec2a610]
[genoahost098:1620992] [12] /lib64/libc.so.6(__libc_start_main+0x80)[0x1516eec2a6c0]
[genoahost098:1620992] [13] /direct/sdcc+u/poare/Grid/build/examples/./Example_spec_kryschur[0x4147f5]
[genoahost098:1620992] *** End of error message ***
Example_spec_kryschur: ../../Grid/communicator/SharedMemoryMPI.cc:434: static void Grid::GlobalSharedMemory::OptimalCommunicatorSharedMemory(const Coordinate&, ompi_communicator_t*&, Grid::Coordinate&): Assertion `WorldSize==Nprocessors' failed.
[genoahost098:1620984] *** Process received signal ***
[genoahost098:1620984] Signal: Aborted (6)
[genoahost098:1620984] Signal code:  (-6)
[genoahost098:1620984] [ 0] /lib64/libc.so.6(+0x3fc30)[0x14db8ae3fc30]
[genoahost098:1620984] [ 1] /lib64/libc.so.6(+0x8d02c)[0x14db8ae8d02c]
[genoahost098:1620984] [ 2] /lib64/libc.so.6(raise+0x16)[0x14db8ae3fb86]
[genoahost098:1620984] [ 3] /lib64/libc.so.6(abort+0xd3)[0x14db8ae29873]
[genoahost098:1620984] [ 4] /lib64/libc.so.6(+0x2979b)[0x14db8ae2979b]
[genoahost098:1620984] [ 5] /lib64/libc.so.6(+0x388c6)[0x14db8ae388c6]
[genoahost098:1620984] [ 6] /direct/sdcc+u/poare/Grid/build/examples/./Example_spec_kryschur[0x4cc206]
[genoahost098:1620984] [ 7] /direct/sdcc+u/poare/Grid/build/examples/./Example_spec_kryschur[0x4cc2f1]
[genoahost098:1620984] [ 8] /direct/sdcc+u/poare/Grid/build/examples/./Example_spec_kryschur[0x4c7e95]
[genoahost098:1620984] [ 9] /direct/sdcc+u/poare/Grid/build/examples/./Example_spec_kryschur[0x4b5f4f]
[genoahost098:1620984] [10] /direct/sdcc+u/poare/Grid/build/examples/./Example_spec_kryschur[0x41180d]
[genoahost098:1620984] [11] /lib64/libc.so.6(+0x2a610)[0x14db8ae2a610]
[genoahost098:1620984] [12] /lib64/libc.so.6(__libc_start_main+0x80)[0x14db8ae2a6c0]
[genoahost098:1620984] [13] /direct/sdcc+u/poare/Grid/build/examples/./Example_spec_kryschur[0x4147f5]
[genoahost098:1620984] *** End of error message ***
srun: error: genoahost103: task 104: Aborted (core dumped)
srun: error: genoahost103: task 109: Aborted (core dumped)
Example_spec_kryschur: ../../Grid/communicator/SharedMemoryMPI.cc:434: static void Grid::GlobalSharedMemory::OptimalCommunicatorSharedMemory(const Coordinate&, ompi_communicator_t*&, Grid::Coordinate&): Assertion `WorldSize==Nprocessors' failed.
[genoahost102:618842] *** Process received signal ***
[genoahost102:618842] Signal: Aborted (6)
[genoahost102:618842] Signal code:  (-6)
[genoahost102:618842] [ 0] /lib64/libc.so.6(+0x3fc30)[0x14b79de3fc30]
[genoahost102:618842] [ 1] /lib64/libc.so.6(+0x8d02c)[0x14b79de8d02c]
[genoahost102:618842] [ 2] /lib64/libc.so.6(raise+0x16)[0x14b79de3fb86]
[genoahost102:618842] [ 3] /lib64/libc.so.6(abort+0xd3)[0x14b79de29873]
[genoahost102:618842] [ 4] /lib64/libc.so.6(+0x2979b)[0x14b79de2979b]
[genoahost102:618842] [ 5] /lib64/libc.so.6(+0x388c6)[0x14b79de388c6]
[genoahost102:618842] [ 6] /direct/sdcc+u/poare/Grid/build/examples/./Example_spec_kryschur[0x4cc206]
[genoahost102:618842] [ 7] /direct/sdcc+u/poare/Grid/build/examples/./Example_spec_kryschur[0x4cc2f1]
[genoahost102:618842] [ 8] /direct/sdcc+u/poare/Grid/build/examples/./Example_spec_kryschur[0x4c7e95]
[genoahost102:618842] [ 9] /direct/sdcc+u/poare/Grid/build/examples/./Example_spec_kryschur[0x4b5f4f]
[genoahost102:618842] [10] /direct/sdcc+u/poare/Grid/build/examples/./Example_spec_kryschur[0x41180d]
[genoahost102:618842] [11] /lib64/libc.so.6(+0x2a610)[0x14b79de2a610]
[genoahost102:618842] [12] /lib64/libc.so.6(__libc_start_main+0x80)[0x14b79de2a6c0]
[genoahost102:618842] [13] /direct/sdcc+u/poare/Grid/build/examples/./Example_spec_kryschur[0x4147f5]
[genoahost102:618842] *** End of error message ***
srun: error: genoahost103: task 102: Aborted (core dumped)
Example_spec_kryschur: ../../Grid/communicator/SharedMemoryMPI.cc:434: static void Grid::GlobalSharedMemory::OptimalCommunicatorSharedMemory(const Coordinate&, ompi_communicator_t*&, Grid::Coordinate&): Assertion `WorldSize==Nprocessors' failed.
[genoahost102:618850] *** Process received signal ***
[genoahost102:618850] Signal: Aborted (6)
[genoahost102:618850] Signal code:  (-6)
[genoahost102:618850] [ 0] /lib64/libc.so.6(+0x3fc30)[0x14df5a03fc30]
[genoahost102:618850] [ 1] /lib64/libc.so.6(+0x8d02c)[0x14df5a08d02c]
[genoahost102:618850] [ 2] /lib64/libc.so.6(raise+0x16)[0x14df5a03fb86]
[genoahost102:618850] [ 3] /lib64/libc.so.6(abort+0xd3)[0x14df5a029873]
[genoahost102:618850] [ 4] /lib64/libc.so.6(+0x2979b)[0x14df5a02979b]
[genoahost102:618850] [ 5] /lib64/libc.so.6(+0x388c6)[0x14df5a0388c6]
[genoahost102:618850] [ 6] /direct/sdcc+u/poare/Grid/build/examples/./Example_spec_kryschur[0x4cc206]
[genoahost102:618850] [ 7] /direct/sdcc+u/poare/Grid/build/examples/./Example_spec_kryschur[0x4cc2f1]
[genoahost102:618850] [ 8] /direct/sdcc+u/poare/Grid/build/examples/./Example_spec_kryschur[0x4c7e95]
[genoahost102:618850] [ 9] /direct/sdcc+u/poare/Grid/build/examples/./Example_spec_kryschur[0x4b5f4f]
[genoahost102:618850] [10] /direct/sdcc+u/poare/Grid/build/examples/./Example_spec_kryschur[0x41180d]
[genoahost102:618850] [11] /lib64/libc.so.6(+0x2a610)[0x14df5a02a610]
[genoahost102:618850] [12] /lib64/libc.so.6(__libc_start_main+0x80)[0x14df5a02a6c0]
[genoahost102:618850] [13] /direct/sdcc+u/poare/Grid/build/examples/./Example_spec_kryschur[0x4147f5]
[genoahost102:618850] *** End of error message ***
srun: error: genoahost102: tasks 82,90: Aborted (core dumped)
srun: error: genoahost102: tasks 80-81,87: Aborted (core dumped)
Example_spec_kryschur: ../../Grid/communicator/SharedMemoryMPI.cc:434: static void Grid::GlobalSharedMemory::OptimalCommunicatorSharedMemory(const Coordinate&, ompi_communicator_t*&, Grid::Coordinate&): Assertion `WorldSize==Nprocessors' failed.
[genoahost104:619716] *** Process received signal ***
[genoahost104:619716] Signal: Aborted (6)
[genoahost104:619716] Signal code:  (-6)
[genoahost104:619716] [ 0] /lib64/libc.so.6(+0x3fc30)[0x153bb2e3fc30]
[genoahost104:619716] [ 1] /lib64/libc.so.6(+0x8d02c)[0x153bb2e8d02c]
[genoahost104:619716] [ 2] /lib64/libc.so.6(raise+0x16)[0x153bb2e3fb86]
[genoahost104:619716] [ 3] /lib64/libc.so.6(abort+0xd3)[0x153bb2e29873]
[genoahost104:619716] [ 4] /lib64/libc.so.6(+0x2979b)[0x153bb2e2979b]
[genoahost104:619716] [ 5] /lib64/libc.so.6(+0x388c6)[0x153bb2e388c6]
[genoahost104:619716] [ 6] /direct/sdcc+u/poare/Grid/build/examples/./Example_spec_kryschur[0x4cc206]
[genoahost104:619716] [ 7] /direct/sdcc+u/poare/Grid/build/examples/./Example_spec_kryschur[0x4cc2f1]
[genoahost104:619716] [ 8] /direct/sdcc+u/poare/Grid/build/examples/./Example_spec_kryschur[0x4c7e95]
[genoahost104:619716] [ 9] /direct/sdcc+u/poare/Grid/build/examples/./Example_spec_kryschur[0x4b5f4f]
[genoahost104:619716] [10] /direct/sdcc+u/poare/Grid/build/examples/./Example_spec_kryschur[0x41180d]
[genoahost104:619716] [11] /lib64/libc.so.6(+0x2a610)[0x153bb2e2a610]
[genoahost104:619716] [12] /lib64/libc.so.6(__libc_start_main+0x80)[0x153bb2e2a6c0]
[genoahost104:619716] [13] /direct/sdcc+u/poare/Grid/build/examples/./Example_spec_kryschur[0x4147f5]
[genoahost104:619716] *** End of error message ***
Example_spec_kryschur: ../../Grid/communicator/SharedMemoryMPI.cc:434: static void Grid::GlobalSharedMemory::OptimalCommunicatorSharedMemory(const Coordinate&, ompi_communicator_t*&, Grid::Coordinate&): Assertion `WorldSize==Nprocessors' failed.
[genoahost104:619712] *** Process received signal ***
[genoahost104:619712] Signal: Aborted (6)
[genoahost104:619712] Signal code:  (-6)
[genoahost104:619712] [ 0] /lib64/libc.so.6(+0x3fc30)[0x14668783fc30]
[genoahost104:619712] [ 1] /lib64/libc.so.6(+0x8d02c)[0x14668788d02c]
[genoahost104:619712] [ 2] /lib64/libc.so.6(raise+0x16)[0x14668783fb86]
[genoahost104:619712] [ 3] /lib64/libc.so.6(abort+0xd3)[0x146687829873]
[genoahost104:619712] [ 4] /lib64/libc.so.6(+0x2979b)[0x14668782979b]
[genoahost104:619712] [ 5] /lib64/libc.so.6(+0x388c6)[0x1466878388c6]
[genoahost104:619712] [ 6] /direct/sdcc+u/poare/Grid/build/examples/./Example_spec_kryschur[0x4cc206]
[genoahost104:619712] [ 7] /direct/sdcc+u/poare/Grid/build/examples/./Example_spec_kryschur[0x4cc2f1]
[genoahost104:619712] [ 8] /direct/sdcc+u/poare/Grid/build/examples/./Example_spec_kryschur[0x4c7e95]
[genoahost104:619712] [ 9] /direct/sdcc+u/poare/Grid/build/examples/./Example_spec_kryschur[0x4b5f4f]
[genoahost104:619712] [10] /direct/sdcc+u/poare/Grid/build/examples/./Example_spec_kryschur[0x41180d]
[genoahost104:619712] [11] /lib64/libc.so.6(+0x2a610)[0x14668782a610]
[genoahost104:619712] [12] /lib64/libc.so.6(__libc_start_main+0x80)[0x14668782a6c0]
[genoahost104:619712] [13] /direct/sdcc+u/poare/Grid/build/examples/./Example_spec_kryschur[0x4147f5]
[genoahost104:619712] *** End of error message ***
Example_spec_kryschur: ../../Grid/communicator/SharedMemoryMPI.cc:434: static void Grid::GlobalSharedMemory::OptimalCommunicatorSharedMemory(const Coordinate&, ompi_communicator_t*&, Grid::Coordinate&): Assertion `WorldSize==Nprocessors' failed.
[genoahost104:619707] *** Process received signal ***
[genoahost104:619707] Signal: Aborted (6)
[genoahost104:619707] Signal code:  (-6)
[genoahost104:619707] [ 0] /lib64/libc.so.6(+0x3fc30)[0x152d0b63fc30]
[genoahost104:619707] [ 1] /lib64/libc.so.6(+0x8d02c)[0x152d0b68d02c]
[genoahost104:619707] [ 2] /lib64/libc.so.6(raise+0x16)[0x152d0b63fb86]
[genoahost104:619707] [ 3] /lib64/libc.so.6(abort+0xd3)[0x152d0b629873]
[genoahost104:619707] [ 4] /lib64/libc.so.6(+0x2979b)[0x152d0b62979b]
[genoahost104:619707] [ 5] /lib64/libc.so.6(+0x388c6)[0x152d0b6388c6]
[genoahost104:619707] [ 6] /direct/sdcc+u/poare/Grid/build/examples/./Example_spec_kryschur[0x4cc206]
[genoahost104:619707] [ 7] /direct/sdcc+u/poare/Grid/build/examples/./Example_spec_kryschur[0x4cc2f1]
[genoahost104:619707] [ 8] /direct/sdcc+u/poare/Grid/build/examples/./Example_spec_kryschur[0x4c7e95]
[genoahost104:619707] [ 9] /direct/sdcc+u/poare/Grid/build/examples/./Example_spec_kryschur[0x4b5f4f]
[genoahost104:619707] [10] /direct/sdcc+u/poare/Grid/build/examples/./Example_spec_kryschur[0x41180d]
[genoahost104:619707] [11] /lib64/libc.so.6(+0x2a610)[0x152d0b62a610]
[genoahost104:619707] [12] /lib64/libc.so.6(__libc_start_main+0x80)[0x152d0b62a6c0]
[genoahost104:619707] [13] /direct/sdcc+u/poare/Grid/build/examples/./Example_spec_kryschur[0x4147f5]
[genoahost104:619707] *** End of error message ***
Example_spec_kryschur: ../../Grid/communicator/SharedMemoryMPI.cc:434: static void Grid::GlobalSharedMemory::OptimalCommunicatorSharedMemory(const Coordinate&, ompi_communicator_t*&, Grid::Coordinate&): Assertion `WorldSize==Nprocessors' failed.
[genoahost104:619717] *** Process received signal ***
[genoahost104:619717] Signal: Aborted (6)
[genoahost104:619717] Signal code:  (-6)
[genoahost104:619717] [ 0] /lib64/libc.so.6(+0x3fc30)[0x14f60ac3fc30]
[genoahost104:619717] [ 1] /lib64/libc.so.6(+0x8d02c)[0x14f60ac8d02c]
[genoahost104:619717] [ 2] /lib64/libc.so.6(raise+0x16)[0x14f60ac3fb86]
[genoahost104:619717] [ 3] /lib64/libc.so.6(abort+0xd3)[0x14f60ac29873]
[genoahost104:619717] [ 4] /lib64/libc.so.6(+0x2979b)[0x14f60ac2979b]
[genoahost104:619717] [ 5] /lib64/libc.so.6(+0x388c6)[0x14f60ac388c6]
[genoahost104:619717] [ 6] /direct/sdcc+u/poare/Grid/build/examples/./Example_spec_kryschur[0x4cc206]
[genoahost104:619717] [ 7] /direct/sdcc+u/poare/Grid/build/examples/./Example_spec_kryschur[0x4cc2f1]
[genoahost104:619717] [ 8] /direct/sdcc+u/poare/Grid/build/examples/./Example_spec_kryschur[0x4c7e95]
[genoahost104:619717] [ 9] /direct/sdcc+u/poare/Grid/build/examples/./Example_spec_kryschur[0x4b5f4f]
[genoahost104:619717] [10] /direct/sdcc+u/poare/Grid/build/examples/./Example_spec_kryschur[0x41180d]
[genoahost104:619717] [11] /lib64/libc.so.6(+0x2a610)[0x14f60ac2a610]
[genoahost104:619717] [12] /lib64/libc.so.6(__libc_start_main+0x80)[0x14f60ac2a6c0]
[genoahost104:619717] [13] /direct/sdcc+u/poare/Grid/build/examples/./Example_spec_kryschur[0x4147f5]
[genoahost104:619717] *** End of error message ***
Example_spec_kryschur: ../../Grid/communicator/SharedMemoryMPI.cc:434: static void Grid::GlobalSharedMemory::OptimalCommunicatorSharedMemory(const Coordinate&, ompi_communicator_t*&, Grid::Coordinate&): Assertion `WorldSize==Nprocessors' failed.
[genoahost104:619713] *** Process received signal ***
[genoahost104:619713] Signal: Aborted (6)
[genoahost104:619713] Signal code:  (-6)
[genoahost104:619713] [ 0] /lib64/libc.so.6(+0x3fc30)[0x154028c3fc30]
[genoahost104:619713] [ 1] /lib64/libc.so.6(+0x8d02c)[0x154028c8d02c]
[genoahost104:619713] [ 2] /lib64/libc.so.6(raise+0x16)[0x154028c3fb86]
[genoahost104:619713] [ 3] /lib64/libc.so.6(abort+0xd3)[0x154028c29873]
[genoahost104:619713] [ 4] /lib64/libc.so.6(+0x2979b)[0x154028c2979b]
[genoahost104:619713] [ 5] /lib64/libc.so.6(+0x388c6)[0x154028c388c6]
[genoahost104:619713] [ 6] /direct/sdcc+u/poare/Grid/build/examples/./Example_spec_kryschur[0x4cc206]
[genoahost104:619713] [ 7] /direct/sdcc+u/poare/Grid/build/examples/./Example_spec_kryschur[0x4cc2f1]
[genoahost104:619713] [ 8] /direct/sdcc+u/poare/Grid/build/examples/./Example_spec_kryschur[0x4c7e95]
[genoahost104:619713] [ 9] /direct/sdcc+u/poare/Grid/build/examples/./Example_spec_kryschur[0x4b5f4f]
[genoahost104:619713] [10] /direct/sdcc+u/poare/Grid/build/examples/./Example_spec_kryschur[0x41180d]
[genoahost104:619713] [11] /lib64/libc.so.6(+0x2a610)[0x154028c2a610]
[genoahost104:619713] [12] /lib64/libc.so.6(__libc_start_main+0x80)[0x154028c2a6c0]
[genoahost104:619713] [13] /direct/sdcc+u/poare/Grid/build/examples/./Example_spec_kryschur[0x4147f5]
[genoahost104:619713] *** End of error message ***
Example_spec_kryschur: ../../Grid/communicator/SharedMemoryMPI.cc:434: static void Grid::GlobalSharedMemory::OptimalCommunicatorSharedMemory(const Coordinate&, ompi_communicator_t*&, Grid::Coordinate&): Assertion `WorldSize==Nprocessors' failed.
[genoahost104:619714] *** Process received signal ***
[genoahost104:619714] Signal: Aborted (6)
[genoahost104:619714] Signal code:  (-6)
[genoahost104:619714] [ 0] /lib64/libc.so.6(+0x3fc30)[0x14e02be3fc30]
[genoahost104:619714] [ 1] /lib64/libc.so.6(+0x8d02c)[0x14e02be8d02c]
[genoahost104:619714] [ 2] /lib64/libc.so.6(raise+0x16)[0x14e02be3fb86]
[genoahost104:619714] [ 3] /lib64/libc.so.6(abort+0xd3)[0x14e02be29873]
[genoahost104:619714] [ 4] /lib64/libc.so.6(+0x2979b)[0x14e02be2979b]
[genoahost104:619714] [ 5] /lib64/libc.so.6(+0x388c6)[0x14e02be388c6]
[genoahost104:619714] [ 6] /direct/sdcc+u/poare/Grid/build/examples/./Example_spec_kryschur[0x4cc206]
[genoahost104:619714] [ 7] /direct/sdcc+u/poare/Grid/build/examples/./Example_spec_kryschur[0x4cc2f1]
[genoahost104:619714] [ 8] /direct/sdcc+u/poare/Grid/build/examples/./Example_spec_kryschur[0x4c7e95]
[genoahost104:619714] [ 9] /direct/sdcc+u/poare/Grid/build/examples/./Example_spec_kryschur[0x4b5f4f]
[genoahost104:619714] [10] /direct/sdcc+u/poare/Grid/build/examples/./Example_spec_kryschur[0x41180d]
[genoahost104:619714] [11] /lib64/libc.so.6(+0x2a610)[0x14e02be2a610]
[genoahost104:619714] [12] /lib64/libc.so.6(__libc_start_main+0x80)[0x14e02be2a6c0]
[genoahost104:619714] [13] /direct/sdcc+u/poare/Grid/build/examples/./Example_spec_kryschur[0x4147f5]
[genoahost104:619714] *** End of error message ***
Example_spec_kryschur: ../../Grid/communicator/SharedMemoryMPI.cc:434: static void Grid::GlobalSharedMemory::OptimalCommunicatorSharedMemory(const Coordinate&, ompi_communicator_t*&, Grid::Coordinate&): Assertion `WorldSize==Nprocessors' failed.
[genoahost104:619720] *** Process received signal ***
[genoahost104:619720] Signal: Aborted (6)
[genoahost104:619720] Signal code:  (-6)
[genoahost104:619720] [ 0] /lib64/libc.so.6(+0x3fc30)[0x154f9963fc30]
[genoahost104:619720] [ 1] /lib64/libc.so.6(+0x8d02c)[0x154f9968d02c]
[genoahost104:619720] [ 2] /lib64/libc.so.6(raise+0x16)[0x154f9963fb86]
[genoahost104:619720] [ 3] /lib64/libc.so.6(abort+0xd3)[0x154f99629873]
[genoahost104:619720] [ 4] /lib64/libc.so.6(+0x2979b)[0x154f9962979b]
[genoahost104:619720] [ 5] /lib64/libc.so.6(+0x388c6)[0x154f996388c6]
[genoahost104:619720] [ 6] /direct/sdcc+u/poare/Grid/build/examples/./Example_spec_kryschur[0x4cc206]
[genoahost104:619720] [ 7] /direct/sdcc+u/poare/Grid/build/examples/./Example_spec_kryschur[0x4cc2f1]
[genoahost104:619720] [ 8] /direct/sdcc+u/poare/Grid/build/examples/./Example_spec_kryschur[0x4c7e95]
[genoahost104:619720] [ 9] /direct/sdcc+u/poare/Grid/build/examples/./Example_spec_kryschur[0x4b5f4f]
[genoahost104:619720] [10] /direct/sdcc+u/poare/Grid/build/examples/./Example_spec_kryschur[0x41180d]
[genoahost104:619720] [11] /lib64/libc.so.6(+0x2a610)[0x154f9962a610]
[genoahost104:619720] [12] /lib64/libc.so.6(__libc_start_main+0x80)[0x154f9962a6c0]
[genoahost104:619720] [13] /direct/sdcc+u/poare/Grid/build/examples/./Example_spec_kryschur[0x4147f5]
[genoahost104:619720] *** End of error message ***
Example_spec_kryschur: ../../Grid/communicator/SharedMemoryMPI.cc:434: static void Grid::GlobalSharedMemory::OptimalCommunicatorSharedMemory(const Coordinate&, ompi_communicator_t*&, Grid::Coordinate&): Assertion `WorldSize==Nprocessors' failed.
[genoahost104:619711] *** Process received signal ***
[genoahost104:619711] Signal: Aborted (6)
[genoahost104:619711] Signal code:  (-6)
[genoahost104:619711] [ 0] /lib64/libc.so.6(+0x3fc30)[0x146346a3fc30]
[genoahost104:619711] [ 1] /lib64/libc.so.6(+0x8d02c)[0x146346a8d02c]
[genoahost104:619711] [ 2] /lib64/libc.so.6(raise+0x16)[0x146346a3fb86]
[genoahost104:619711] [ 3] /lib64/libc.so.6(abort+0xd3)[0x146346a29873]
[genoahost104:619711] [ 4] /lib64/libc.so.6(+0x2979b)[0x146346a2979b]
[genoahost104:619711] [ 5] /lib64/libc.so.6(+0x388c6)[0x146346a388c6]
[genoahost104:619711] [ 6] /direct/sdcc+u/poare/Grid/build/examples/./Example_spec_kryschur[0x4cc206]
[genoahost104:619711] [ 7] /direct/sdcc+u/poare/Grid/build/examples/./Example_spec_kryschur[0x4cc2f1]
[genoahost104:619711] [ 8] /direct/sdcc+u/poare/Grid/build/examples/./Example_spec_kryschur[0x4c7e95]
[genoahost104:619711] [ 9] /direct/sdcc+u/poare/Grid/build/examples/./Example_spec_kryschur[0x4b5f4f]
[genoahost104:619711] [10] /direct/sdcc+u/poare/Grid/build/examples/./Example_spec_kryschur[0x41180d]
[genoahost104:619711] [11] /lib64/libc.so.6(+0x2a610)[0x146346a2a610]
[genoahost104:619711] [12] /lib64/libc.so.6(__libc_start_main+0x80)[0x146346a2a6c0]
[genoahost104:619711] [13] /direct/sdcc+u/poare/Grid/build/examples/./Example_spec_kryschur[0x4147f5]
[genoahost104:619711] *** End of error message ***
srun: error: genoahost102: task 84: Aborted (core dumped)
Example_spec_kryschur: ../../Grid/communicator/SharedMemoryMPI.cc:434: static void Grid::GlobalSharedMemory::OptimalCommunicatorSharedMemory(const Coordinate&, ompi_communicator_t*&, Grid::Coordinate&): Assertion `WorldSize==Nprocessors' failed.
[genoahost100:639531] *** Process received signal ***
[genoahost100:639531] Signal: Aborted (6)
[genoahost100:639531] Signal code:  (-6)
[genoahost100:639531] [ 0] /lib64/libc.so.6(+0x3fc30)[0x14bd1e43fc30]
[genoahost100:639531] [ 1] /lib64/libc.so.6(+0x8d02c)[0x14bd1e48d02c]
[genoahost100:639531] [ 2] /lib64/libc.so.6(raise+0x16)[0x14bd1e43fb86]
[genoahost100:639531] [ 3] /lib64/libc.so.6(abort+0xd3)[0x14bd1e429873]
[genoahost100:639531] [ 4] /lib64/libc.so.6(+0x2979b)[0x14bd1e42979b]
[genoahost100:639531] [ 5] /lib64/libc.so.6(+0x388c6)[0x14bd1e4388c6]
[genoahost100:639531] [ 6] /direct/sdcc+u/poare/Grid/build/examples/./Example_spec_kryschur[0x4cc206]
[genoahost100:639531] [ 7] /direct/sdcc+u/poare/Grid/build/examples/./Example_spec_kryschur[0x4cc2f1]
[genoahost100:639531] [ 8] /direct/sdcc+u/poare/Grid/build/examples/./Example_spec_kryschur[0x4c7e95]
[genoahost100:639531] [ 9] /direct/sdcc+u/poare/Grid/build/examples/./Example_spec_kryschur[0x4b5f4f]
[genoahost100:639531] [10] /direct/sdcc+u/poare/Grid/build/examples/./Example_spec_kryschur[0x41180d]
[genoahost100:639531] [11] /lib64/libc.so.6(+0x2a610)[0x14bd1e42a610]
[genoahost100:639531] [12] /lib64/libc.so.6(__libc_start_main+0x80)[0x14bd1e42a6c0]
[genoahost100:639531] [13] /direct/sdcc+u/poare/Grid/build/examples/./Example_spec_kryschur[0x4147f5]
[genoahost100:639531] *** End of error message ***
srun: error: genoahost098: task 24: Aborted (core dumped)
Example_spec_kryschur: ../../Grid/communicator/SharedMemoryMPI.cc:434: static void Grid::GlobalSharedMemory::OptimalCommunicatorSharedMemory(const Coordinate&, ompi_communicator_t*&, Grid::Coordinate&): Assertion `WorldSize==Nprocessors' failed.
[genoahost100:639523] *** Process received signal ***
[genoahost100:639523] Signal: Aborted (6)
[genoahost100:639523] Signal code:  (-6)
[genoahost100:639523] [ 0] /lib64/libc.so.6(+0x3fc30)[0x14bd9243fc30]
[genoahost100:639523] [ 1] /lib64/libc.so.6(+0x8d02c)[0x14bd9248d02c]
[genoahost100:639523] [ 2] /lib64/libc.so.6(raise+0x16)[0x14bd9243fb86]
[genoahost100:639523] [ 3] /lib64/libc.so.6(abort+0xd3)[0x14bd92429873]
[genoahost100:639523] [ 4] /lib64/libc.so.6(+0x2979b)[0x14bd9242979b]
[genoahost100:639523] [ 5] /lib64/libc.so.6(+0x388c6)[0x14bd924388c6]
[genoahost100:639523] [ 6] /direct/sdcc+u/poare/Grid/build/examples/./Example_spec_kryschur[0x4cc206]
[genoahost100:639523] [ 7] /direct/sdcc+u/poare/Grid/build/examples/./Example_spec_kryschur[0x4cc2f1]
[genoahost100:639523] [ 8] /direct/sdcc+u/poare/Grid/build/examples/./Example_spec_kryschur[0x4c7e95]
[genoahost100:639523] [ 9] /direct/sdcc+u/poare/Grid/build/examples/./Example_spec_kryschur[0x4b5f4f]
[genoahost100:639523] [10] /direct/sdcc+u/poare/Grid/build/examples/./Example_spec_kryschur[0x41180d]
[genoahost100:639523] [11] /lib64/libc.so.6(+0x2a610)[0x14bd9242a610]
[genoahost100:639523] [12] /lib64/libc.so.6(__libc_start_main+0x80)[0x14bd9242a6c0]
[genoahost100:639523] [13] /direct/sdcc+u/poare/Grid/build/examples/./Example_spec_kryschur[0x4147f5]
[genoahost100:639523] *** End of error message ***
Example_spec_kryschur: ../../Grid/communicator/SharedMemoryMPI.cc:434: static void Grid::GlobalSharedMemory::OptimalCommunicatorSharedMemory(const Coordinate&, ompi_communicator_t*&, Grid::Coordinate&): Assertion `WorldSize==Nprocessors' failed.
[genoahost100:639529] *** Process received signal ***
[genoahost100:639529] Signal: Aborted (6)
[genoahost100:639529] Signal code:  (-6)
[genoahost100:639529] [ 0] /lib64/libc.so.6(+0x3fc30)[0x14988a83fc30]
[genoahost100:639529] [ 1] /lib64/libc.so.6(+0x8d02c)[0x14988a88d02c]
[genoahost100:639529] [ 2] /lib64/libc.so.6(raise+0x16)[0x14988a83fb86]
[genoahost100:639529] [ 3] /lib64/libc.so.6(abort+0xd3)[0x14988a829873]
[genoahost100:639529] [ 4] /lib64/libc.so.6(+0x2979b)[0x14988a82979b]
[genoahost100:639529] [ 5] /lib64/libc.so.6(+0x388c6)[0x14988a8388c6]
[genoahost100:639529] [ 6] /direct/sdcc+u/poare/Grid/build/examples/./Example_spec_kryschur[0x4cc206]
[genoahost100:639529] [ 7] /direct/sdcc+u/poare/Grid/build/examples/./Example_spec_kryschur[0x4cc2f1]
[genoahost100:639529] [ 8] /direct/sdcc+u/poare/Grid/build/examples/./Example_spec_kryschur[0x4c7e95]
[genoahost100:639529] [ 9] /direct/sdcc+u/poare/Grid/build/examples/./Example_spec_kryschur[0x4b5f4f]
[genoahost100:639529] [10] /direct/sdcc+u/poare/Grid/build/examples/./Example_spec_kryschur[0x41180d]
[genoahost100:639529] [11] /lib64/libc.so.6(+0x2a610)[0x14988a82a610]
[genoahost100:639529] [12] /lib64/libc.so.6(__libc_start_main+0x80)[0x14988a82a6c0]
[genoahost100:639529] [13] /direct/sdcc+u/poare/Grid/build/examples/./Example_spec_kryschur[0x4147f5]
[genoahost100:639529] *** End of error message ***
Example_spec_kryschur: ../../Grid/communicator/SharedMemoryMPI.cc:434: static void Grid::GlobalSharedMemory::OptimalCommunicatorSharedMemory(const Coordinate&, ompi_communicator_t*&, Grid::Coordinate&): Assertion `WorldSize==Nprocessors' failed.
[genoahost099:1600757] *** Process received signal ***
[genoahost099:1600757] Signal: Aborted (6)
[genoahost099:1600757] Signal code:  (-6)
[genoahost099:1600757] [ 0] /lib64/libc.so.6(+0x3fc30)[0x14f173e3fc30]
[genoahost099:1600757] [ 1] /lib64/libc.so.6(+0x8d02c)[0x14f173e8d02c]
[genoahost099:1600757] [ 2] /lib64/libc.so.6(raise+0x16)[0x14f173e3fb86]
[genoahost099:1600757] [ 3] /lib64/libc.so.6(abort+0xd3)[0x14f173e29873]
[genoahost099:1600757] [ 4] /lib64/libc.so.6(+0x2979b)[0x14f173e2979b]
[genoahost099:1600757] [ 5] /lib64/libc.so.6(+0x388c6)[0x14f173e388c6]
[genoahost099:1600757] [ 6] /direct/sdcc+u/poare/Grid/build/examples/./Example_spec_kryschur[0x4cc206]
[genoahost099:1600757] [ 7] /direct/sdcc+u/poare/Grid/build/examples/./Example_spec_kryschur[0x4cc2f1]
[genoahost099:1600757] [ 8] /direct/sdcc+u/poare/Grid/build/examples/./Example_spec_kryschur[0x4c7e95]
[genoahost099:1600757] [ 9] /direct/sdcc+u/poare/Grid/build/examples/./Example_spec_kryschur[0x4b5f4f]
[genoahost099:1600757] [10] /direct/sdcc+u/poare/Grid/build/examples/./Example_spec_kryschur[0x41180d]
[genoahost099:1600757] [11] /lib64/libc.so.6(+0x2a610)[0x14f173e2a610]
[genoahost099:1600757] [12] /lib64/libc.so.6(__libc_start_main+0x80)[0x14f173e2a6c0]
[genoahost099:1600757] [13] /direct/sdcc+u/poare/Grid/build/examples/./Example_spec_kryschur[0x4147f5]
[genoahost099:1600757] *** End of error message ***
Example_spec_kryschur: ../../Grid/communicator/SharedMemoryMPI.cc:434: static void Grid::GlobalSharedMemory::OptimalCommunicatorSharedMemory(const Coordinate&, ompi_communicator_t*&, Grid::Coordinate&): Assertion `WorldSize==Nprocessors' failed.
[genoahost100:639521] *** Process received signal ***
[genoahost100:639521] Signal: Aborted (6)
[genoahost100:639521] Signal code:  (-6)
[genoahost100:639521] [ 0] /lib64/libc.so.6(+0x3fc30)[0x14ac9563fc30]
[genoahost100:639521] [ 1] /lib64/libc.so.6(+0x8d02c)[0x14ac9568d02c]
[genoahost100:639521] [ 2] /lib64/libc.so.6(raise+0x16)[0x14ac9563fb86]
[genoahost100:639521] [ 3] /lib64/libc.so.6(abort+0xd3)[0x14ac95629873]
[genoahost100:639521] [ 4] /lib64/libc.so.6(+0x2979b)[0x14ac9562979b]
[genoahost100:639521] [ 5] /lib64/libc.so.6(+0x388c6)[0x14ac956388c6]
[genoahost100:639521] [ 6] /direct/sdcc+u/poare/Grid/build/examples/./Example_spec_kryschur[0x4cc206]
[genoahost100:639521] [ 7] /direct/sdcc+u/poare/Grid/build/examples/./Example_spec_kryschur[0x4cc2f1]
[genoahost100:639521] [ 8] /direct/sdcc+u/poare/Grid/build/examples/./Example_spec_kryschur[0x4c7e95]
[genoahost100:639521] [ 9] /direct/sdcc+u/poare/Grid/build/examples/./Example_spec_kryschur[0x4b5f4f]
[genoahost100:639521] [10] /direct/sdcc+u/poare/Grid/build/examples/./Example_spec_kryschur[0x41180d]
[genoahost100:639521] [11] /lib64/libc.so.6(+0x2a610)[0x14ac9562a610]
[genoahost100:639521] [12] /lib64/libc.so.6(__libc_start_main+0x80)[0x14ac9562a6c0]
[genoahost100:639521] [13] /direct/sdcc+u/poare/Grid/build/examples/./Example_spec_kryschur[0x4147f5]
[genoahost100:639521] *** End of error message ***
Example_spec_kryschur: ../../Grid/communicator/SharedMemoryMPI.cc:434: static void Grid::GlobalSharedMemory::OptimalCommunicatorSharedMemory(const Coordinate&, ompi_communicator_t*&, Grid::Coordinate&): Assertion `WorldSize==Nprocessors' failed.
[genoahost099:1600751] *** Process received signal ***
[genoahost099:1600751] Signal: Aborted (6)
[genoahost099:1600751] Signal code:  (-6)
[genoahost099:1600751] [ 0] /lib64/libc.so.6(+0x3fc30)[0x14d3b3e3fc30]
[genoahost099:1600751] [ 1] /lib64/libc.so.6(+0x8d02c)[0x14d3b3e8d02c]
[genoahost099:1600751] [ 2] /lib64/libc.so.6(raise+0x16)[0x14d3b3e3fb86]
[genoahost099:1600751] [ 3] /lib64/libc.so.6(abort+0xd3)[0x14d3b3e29873]
[genoahost099:1600751] [ 4] /lib64/libc.so.6(+0x2979b)[0x14d3b3e2979b]
[genoahost099:1600751] [ 5] /lib64/libc.so.6(+0x388c6)[0x14d3b3e388c6]
[genoahost099:1600751] [ 6] /direct/sdcc+u/poare/Grid/build/examples/./Example_spec_kryschur[0x4cc206]
[genoahost099:1600751] [ 7] /direct/sdcc+u/poare/Grid/build/examples/./Example_spec_kryschur[0x4cc2f1]
[genoahost099:1600751] [ 8] /direct/sdcc+u/poare/Grid/build/examples/./Example_spec_kryschur[0x4c7e95]
[genoahost099:1600751] [ 9] /direct/sdcc+u/poare/Grid/build/examples/./Example_spec_kryschur[0x4b5f4f]
[genoahost099:1600751] [10] /direct/sdcc+u/poare/Grid/build/examples/./Example_spec_kryschur[0x41180d]
[genoahost099:1600751] [11] /lib64/libc.so.6(+0x2a610)[0x14d3b3e2a610]
[genoahost099:1600751] [12] /lib64/libc.so.6(__libc_start_main+0x80)[0x14d3b3e2a6c0]
[genoahost099:1600751] [13] /direct/sdcc+u/poare/Grid/build/examples/./Example_spec_kryschur[0x4147f5]
[genoahost099:1600751] *** End of error message ***
srun: error: genoahost100: task 57: Aborted (core dumped)
Example_spec_kryschur: ../../Grid/communicator/SharedMemoryMPI.cc:434: static void Grid::GlobalSharedMemory::OptimalCommunicatorSharedMemory(const Coordinate&, ompi_communicator_t*&, Grid::Coordinate&): Assertion `WorldSize==Nprocessors' failed.
[genoahost102:618854] *** Process received signal ***
[genoahost102:618854] Signal: Aborted (6)
[genoahost102:618854] Signal code:  (-6)
[genoahost102:618854] [ 0] /lib64/libc.so.6(+0x3fc30)[0x147902e3fc30]
[genoahost102:618854] [ 1] /lib64/libc.so.6(+0x8d02c)[0x147902e8d02c]
[genoahost102:618854] [ 2] /lib64/libc.so.6(raise+0x16)[0x147902e3fb86]
[genoahost102:618854] [ 3] /lib64/libc.so.6(abort+0xd3)[0x147902e29873]
[genoahost102:618854] [ 4] /lib64/libc.so.6(+0x2979b)[0x147902e2979b]
[genoahost102:618854] [ 5] /lib64/libc.so.6(+0x388c6)[0x147902e388c6]
[genoahost102:618854] [ 6] /direct/sdcc+u/poare/Grid/build/examples/./Example_spec_kryschur[0x4cc206]
[genoahost102:618854] [ 7] /direct/sdcc+u/poare/Grid/build/examples/./Example_spec_kryschur[0x4cc2f1]
[genoahost102:618854] [ 8] /direct/sdcc+u/poare/Grid/build/examples/./Example_spec_kryschur[0x4c7e95]
[genoahost102:618854] [ 9] /direct/sdcc+u/poare/Grid/build/examples/./Example_spec_kryschur[0x4b5f4f]
[genoahost102:618854] [10] /direct/sdcc+u/poare/Grid/build/examples/./Example_spec_kryschur[0x41180d]
[genoahost102:618854] [11] /lib64/libc.so.6(+0x2a610)[0x147902e2a610]
[genoahost102:618854] [12] /lib64/libc.so.6(__libc_start_main+0x80)[0x147902e2a6c0]
[genoahost102:618854] [13] /direct/sdcc+u/poare/Grid/build/examples/./Example_spec_kryschur[0x4147f5]
[genoahost102:618854] *** End of error message ***
srun: error: genoahost100: task 50: Aborted (core dumped)
srun: error: genoahost100: task 58: Aborted (core dumped)
srun: error: genoahost104: task 114: Aborted (core dumped)
srun: error: genoahost098: task 27: Aborted (core dumped)
srun: error: genoahost098: task 29: Aborted (core dumped)
srun: error: genoahost098: task 31: Aborted (core dumped)
Example_spec_kryschur: ../../Grid/communicator/SharedMemoryMPI.cc:434: static void Grid::GlobalSharedMemory::OptimalCommunicatorSharedMemory(const Coordinate&, ompi_communicator_t*&, Grid::Coordinate&): Assertion `WorldSize==Nprocessors' failed.
[genoahost103:608328] *** Process received signal ***
[genoahost103:608328] Signal: Aborted (6)
[genoahost103:608328] Signal code:  (-6)
[genoahost103:608328] [ 0] /lib64/libc.so.6(+0x3fc30)[0x14c4e8a3fc30]
[genoahost103:608328] [ 1] /lib64/libc.so.6(+0x8d02c)[0x14c4e8a8d02c]
[genoahost103:608328] [ 2] /lib64/libc.so.6(raise+0x16)[0x14c4e8a3fb86]
[genoahost103:608328] [ 3] /lib64/libc.so.6(abort+0xd3)[0x14c4e8a29873]
[genoahost103:608328] [ 4] /lib64/libc.so.6(+0x2979b)[0x14c4e8a2979b]
[genoahost103:608328] [ 5] /lib64/libc.so.6(+0x388c6)[0x14c4e8a388c6]
[genoahost103:608328] [ 6] /direct/sdcc+u/poare/Grid/build/examples/./Example_spec_kryschur[0x4cc206]
[genoahost103:608328] [ 7] /direct/sdcc+u/poare/Grid/build/examples/./Example_spec_kryschur[0x4cc2f1]
[genoahost103:608328] [ 8] /direct/sdcc+u/poare/Grid/build/examples/./Example_spec_kryschur[0x4c7e95]
[genoahost103:608328] [ 9] /direct/sdcc+u/poare/Grid/build/examples/./Example_spec_kryschur[0x4b5f4f]
[genoahost103:608328] [10] /direct/sdcc+u/poare/Grid/build/examples/./Example_spec_kryschur[0x41180d]
[genoahost103:608328] [11] /lib64/libc.so.6(+0x2a610)[0x14c4e8a2a610]
[genoahost103:608328] [12] /lib64/libc.so.6(__libc_start_main+0x80)[0x14c4e8a2a6c0]
[genoahost103:608328] [13] /direct/sdcc+u/poare/Grid/build/examples/./Example_spec_kryschur[0x4147f5]
[genoahost103:608328] *** End of error message ***
srun: error: genoahost101: task 72: Aborted (core dumped)
srun: error: genoahost102: task 83: Aborted (core dumped)
srun: error: genoahost102: task 91: Aborted (core dumped)
Example_spec_kryschur: ../../Grid/communicator/SharedMemoryMPI.cc:434: static void Grid::GlobalSharedMemory::OptimalCommunicatorSharedMemory(const Coordinate&, ompi_communicator_t*&, Grid::Coordinate&): Assertion `WorldSize==Nprocessors' failed.
[genoahost097:1721841] *** Process received signal ***
[genoahost097:1721841] Signal: Aborted (6)
[genoahost097:1721841] Signal code:  (-6)
[genoahost097:1721841] [ 0] /lib64/libc.so.6(+0x3fc30)[0x146d5a83fc30]
[genoahost097:1721841] [ 1] /lib64/libc.so.6(+0x8d02c)[0x146d5a88d02c]
[genoahost097:1721841] [ 2] /lib64/libc.so.6(raise+0x16)[0x146d5a83fb86]
[genoahost097:1721841] [ 3] /lib64/libc.so.6(abort+0xd3)[0x146d5a829873]
[genoahost097:1721841] [ 4] /lib64/libc.so.6(+0x2979b)[0x146d5a82979b]
[genoahost097:1721841] [ 5] /lib64/libc.so.6(+0x388c6)[0x146d5a8388c6]
[genoahost097:1721841] [ 6] /direct/sdcc+u/poare/Grid/build/examples/./Example_spec_kryschur[0x4cc206]
[genoahost097:1721841] [ 7] /direct/sdcc+u/poare/Grid/build/examples/./Example_spec_kryschur[0x4cc2f1]
[genoahost097:1721841] [ 8] /direct/sdcc+u/poare/Grid/build/examples/./Example_spec_kryschur[0x4c7e95]
[genoahost097:1721841] [ 9] /direct/sdcc+u/poare/Grid/build/examples/./Example_spec_kryschur[0x4b5f4f]
[genoahost097:1721841] [10] /direct/sdcc+u/poare/Grid/build/examples/./Example_spec_kryschur[0x41180d]
[genoahost097:1721841] [11] /lib64/libc.so.6(+0x2a610)[0x146d5a82a610]
[genoahost097:1721841] [12] /lib64/libc.so.6(__libc_start_main+0x80)[0x146d5a82a6c0]
[genoahost097:1721841] [13] /direct/sdcc+u/poare/Grid/build/examples/./Example_spec_kryschur[0x4147f5]
[genoahost097:1721841] *** End of error message ***
Example_spec_kryschur: ../../Grid/communicator/SharedMemoryMPI.cc:434: static void Grid::GlobalSharedMemory::OptimalCommunicatorSharedMemory(const Coordinate&, ompi_communicator_t*&, Grid::Coordinate&): Assertion `WorldSize==Nprocessors' failed.
[genoahost101:1138809] *** Process received signal ***
[genoahost101:1138809] Signal: Aborted (6)
[genoahost101:1138809] Signal code:  (-6)
[genoahost101:1138809] [ 0] /lib64/libc.so.6(+0x3fc30)[0x1491c1c3fc30]
[genoahost101:1138809] [ 1] /lib64/libc.so.6(+0x8d02c)[0x1491c1c8d02c]
[genoahost101:1138809] [ 2] /lib64/libc.so.6(raise+0x16)[0x1491c1c3fb86]
[genoahost101:1138809] [ 3] /lib64/libc.so.6(abort+0xd3)[0x1491c1c29873]
[genoahost101:1138809] [ 4] /lib64/libc.so.6(+0x2979b)[0x1491c1c2979b]
[genoahost101:1138809] [ 5] /lib64/libc.so.6(+0x388c6)[0x1491c1c388c6]
[genoahost101:1138809] [ 6] /direct/sdcc+u/poare/Grid/build/examples/./Example_spec_kryschur[0x4cc206]
[genoahost101:1138809] [ 7] /direct/sdcc+u/poare/Grid/build/examples/./Example_spec_kryschur[0x4cc2f1]
[genoahost101:1138809] [ 8] /direct/sdcc+u/poare/Grid/build/examples/./Example_spec_kryschur[0x4c7e95]
[genoahost101:1138809] [ 9] /direct/sdcc+u/poare/Grid/build/examples/./Example_spec_kryschur[0x4b5f4f]
[genoahost101:1138809] [10] /direct/sdcc+u/poare/Grid/build/examples/./Example_spec_kryschur[0x41180d]
[genoahost101:1138809] [11] /lib64/libc.so.6(+0x2a610)[0x1491c1c2a610]
[genoahost101:1138809] [12] /lib64/libc.so.6(__libc_start_main+0x80)[0x1491c1c2a6c0]
[genoahost101:1138809] [13] /direct/sdcc+u/poare/Grid/build/examples/./Example_spec_kryschur[0x4147f5]
[genoahost101:1138809] *** End of error message ***
Example_spec_kryschur: ../../Grid/communicator/SharedMemoryMPI.cc:434: static void Grid::GlobalSharedMemory::OptimalCommunicatorSharedMemory(const Coordinate&, ompi_communicator_t*&, Grid::Coordinate&): Assertion `WorldSize==Nprocessors' failed.
[genoahost101:1138799] *** Process received signal ***
[genoahost101:1138799] Signal: Aborted (6)
[genoahost101:1138799] Signal code:  (-6)
[genoahost101:1138799] [ 0] /lib64/libc.so.6(+0x3fc30)[0x151b4aa3fc30]
[genoahost101:1138799] [ 1] /lib64/libc.so.6(+0x8d02c)[0x151b4aa8d02c]
[genoahost101:1138799] [ 2] /lib64/libc.so.6(raise+0x16)[0x151b4aa3fb86]
[genoahost101:1138799] [ 3] /lib64/libc.so.6(abort+0xd3)[0x151b4aa29873]
[genoahost101:1138799] [ 4] /lib64/libc.so.6(+0x2979b)[0x151b4aa2979b]
[genoahost101:1138799] [ 5] /lib64/libc.so.6(+0x388c6)[0x151b4aa388c6]
[genoahost101:1138799] [ 6] /direct/sdcc+u/poare/Grid/build/examples/./Example_spec_kryschur[0x4cc206]
[genoahost101:1138799] [ 7] /direct/sdcc+u/poare/Grid/build/examples/./Example_spec_kryschur[0x4cc2f1]
[genoahost101:1138799] [ 8] /direct/sdcc+u/poare/Grid/build/examples/./Example_spec_kryschur[0x4c7e95]
[genoahost101:1138799] [ 9] /direct/sdcc+u/poare/Grid/build/examples/./Example_spec_kryschur[0x4b5f4f]
[genoahost101:1138799] [10] /direct/sdcc+u/poare/Grid/build/examples/./Example_spec_kryschur[0x41180d]
[genoahost101:1138799] [11] /lib64/libc.so.6(+0x2a610)[0x151b4aa2a610]
[genoahost101:1138799] [12] /lib64/libc.so.6(__libc_start_main+0x80)[0x151b4aa2a6c0]
[genoahost101:1138799] [13] /direct/sdcc+u/poare/Grid/build/examples/./Example_spec_kryschur[0x4147f5]
[genoahost101:1138799] *** End of error message ***
Example_spec_kryschur: ../../Grid/communicator/SharedMemoryMPI.cc:434: static void Grid::GlobalSharedMemory::OptimalCommunicatorSharedMemory(const Coordinate&, ompi_communicator_t*&, Grid::Coordinate&): Assertion `WorldSize==Nprocessors' failed.
[genoahost101:1138812] *** Process received signal ***
[genoahost101:1138812] Signal: Aborted (6)
[genoahost101:1138812] Signal code:  (-6)
[genoahost101:1138812] [ 0] /lib64/libc.so.6(+0x3fc30)[0x14c7b3c3fc30]
[genoahost101:1138812] [ 1] /lib64/libc.so.6(+0x8d02c)[0x14c7b3c8d02c]
[genoahost101:1138812] [ 2] /lib64/libc.so.6(raise+0x16)[0x14c7b3c3fb86]
[genoahost101:1138812] [ 3] /lib64/libc.so.6(abort+0xd3)[0x14c7b3c29873]
[genoahost101:1138812] [ 4] /lib64/libc.so.6(+0x2979b)[0x14c7b3c2979b]
[genoahost101:1138812] [ 5] /lib64/libc.so.6(+0x388c6)[0x14c7b3c388c6]
[genoahost101:1138812] [ 6] /direct/sdcc+u/poare/Grid/build/examples/./Example_spec_kryschur[0x4cc206]
[genoahost101:1138812] [ 7] /direct/sdcc+u/poare/Grid/build/examples/./Example_spec_kryschur[0x4cc2f1]
[genoahost101:1138812] [ 8] /direct/sdcc+u/poare/Grid/build/examples/./Example_spec_kryschur[0x4c7e95]
[genoahost101:1138812] [ 9] /direct/sdcc+u/poare/Grid/build/examples/./Example_spec_kryschur[0x4b5f4f]
[genoahost101:1138812] [10] /direct/sdcc+u/poare/Grid/build/examples/./Example_spec_kryschur[0x41180d]
[genoahost101:1138812] [11] /lib64/libc.so.6(+0x2a610)[0x14c7b3c2a610]
[genoahost101:1138812] [12] /lib64/libc.so.6(__libc_start_main+0x80)[0x14c7b3c2a6c0]
[genoahost101:1138812] [13] /direct/sdcc+u/poare/Grid/build/examples/./Example_spec_kryschur[0x4147f5]
[genoahost101:1138812] *** End of error message ***
Example_spec_kryschur: ../../Grid/communicator/SharedMemoryMPI.cc:434: static void Grid::GlobalSharedMemory::OptimalCommunicatorSharedMemory(const Coordinate&, ompi_communicator_t*&, Grid::Coordinate&): Assertion `WorldSize==Nprocessors' failed.
[genoahost101:1138800] *** Process received signal ***
[genoahost101:1138800] Signal: Aborted (6)
[genoahost101:1138800] Signal code:  (-6)
[genoahost101:1138800] [ 0] /lib64/libc.so.6(+0x3fc30)[0x14690f43fc30]
[genoahost101:1138800] [ 1] /lib64/libc.so.6(+0x8d02c)[0x14690f48d02c]
[genoahost101:1138800] [ 2] /lib64/libc.so.6(raise+0x16)[0x14690f43fb86]
[genoahost101:1138800] [ 3] /lib64/libc.so.6(abort+0xd3)[0x14690f429873]
[genoahost101:1138800] [ 4] /lib64/libc.so.6(+0x2979b)[0x14690f42979b]
[genoahost101:1138800] [ 5] /lib64/libc.so.6(+0x388c6)[0x14690f4388c6]
[genoahost101:1138800] [ 6] /direct/sdcc+u/poare/Grid/build/examples/./Example_spec_kryschur[0x4cc206]
[genoahost101:1138800] [ 7] /direct/sdcc+u/poare/Grid/build/examples/./Example_spec_kryschur[0x4cc2f1]
[genoahost101:1138800] [ 8] /direct/sdcc+u/poare/Grid/build/examples/./Example_spec_kryschur[0x4c7e95]
[genoahost101:1138800] [ 9] /direct/sdcc+u/poare/Grid/build/examples/./Example_spec_kryschur[0x4b5f4f]
[genoahost101:1138800] [10] /direct/sdcc+u/poare/Grid/build/examples/./Example_spec_kryschur[0x41180d]
[genoahost101:1138800] [11] /lib64/libc.so.6(+0x2a610)[0x14690f42a610]
[genoahost101:1138800] [12] /lib64/libc.so.6(__libc_start_main+0x80)[0x14690f42a6c0]
[genoahost101:1138800] [13] /direct/sdcc+u/poare/Grid/build/examples/./Example_spec_kryschur[0x4147f5]
[genoahost101:1138800] *** End of error message ***
Example_spec_kryschur: ../../Grid/communicator/SharedMemoryMPI.cc:434: static void Grid::GlobalSharedMemory::OptimalCommunicatorSharedMemory(const Coordinate&, ompi_communicator_t*&, Grid::Coordinate&): Assertion `WorldSize==Nprocessors' failed.
[genoahost101:1138810] *** Process received signal ***
[genoahost101:1138810] Signal: Aborted (6)
[genoahost101:1138810] Signal code:  (-6)
[genoahost101:1138810] [ 0] /lib64/libc.so.6(+0x3fc30)[0x14c5ed83fc30]
[genoahost101:1138810] [ 1] /lib64/libc.so.6(+0x8d02c)[0x14c5ed88d02c]
[genoahost101:1138810] [ 2] /lib64/libc.so.6(raise+0x16)[0x14c5ed83fb86]
[genoahost101:1138810] [ 3] /lib64/libc.so.6(abort+0xd3)[0x14c5ed829873]
[genoahost101:1138810] [ 4] /lib64/libc.so.6(+0x2979b)[0x14c5ed82979b]
[genoahost101:1138810] [ 5] /lib64/libc.so.6(+0x388c6)[0x14c5ed8388c6]
[genoahost101:1138810] [ 6] /direct/sdcc+u/poare/Grid/build/examples/./Example_spec_kryschur[0x4cc206]
[genoahost101:1138810] [ 7] /direct/sdcc+u/poare/Grid/build/examples/./Example_spec_kryschur[0x4cc2f1]
[genoahost101:1138810] [ 8] /direct/sdcc+u/poare/Grid/build/examples/./Example_spec_kryschur[0x4c7e95]
[genoahost101:1138810] [ 9] /direct/sdcc+u/poare/Grid/build/examples/./Example_spec_kryschur[0x4b5f4f]
[genoahost101:1138810] [10] /direct/sdcc+u/poare/Grid/build/examples/./Example_spec_kryschur[0x41180d]
[genoahost101:1138810] [11] /lib64/libc.so.6(+0x2a610)[0x14c5ed82a610]
[genoahost101:1138810] [12] /lib64/libc.so.6(__libc_start_main+0x80)[0x14c5ed82a6c0]
[genoahost101:1138810] [13] /direct/sdcc+u/poare/Grid/build/examples/./Example_spec_kryschur[0x4147f5]
[genoahost101:1138810] *** End of error message ***
Example_spec_kryschur: ../../Grid/communicator/SharedMemoryMPI.cc:434: static void Grid::GlobalSharedMemory::OptimalCommunicatorSharedMemory(const Coordinate&, ompi_communicator_t*&, Grid::Coordinate&): Assertion `WorldSize==Nprocessors' failed.
[genoahost097:1721846] *** Process received signal ***
[genoahost097:1721846] Signal: Aborted (6)
[genoahost097:1721846] Signal code:  (-6)
Example_spec_kryschur: ../../Grid/communicator/SharedMemoryMPI.cc:434: static void Grid::GlobalSharedMemory::OptimalCommunicatorSharedMemory(const Coordinate&, ompi_communicator_t*&, Grid::Coordinate&): Assertion `WorldSize==Nprocessors' failed.
[genoahost098:1620981] *** Process received signal ***
[genoahost098:1620981] Signal: Aborted (6)
[genoahost098:1620981] Signal code:  (-6)
[genoahost098:1620981] [ 0] /lib64/libc.so.6(+0x3fc30)[0x153eb883fc30]
[genoahost098:1620981] [ 1] /lib64/libc.so.6(+0x8d02c)[0x153eb888d02c]
[genoahost098:1620981] [ 2] /lib64/libc.so.6(raise+0x16)[0x153eb883fb86]
[genoahost098:1620981] [ 3] /lib64/libc.so.6(abort+0xd3)[0x153eb8829873]
[genoahost098:1620981] [ 4] /lib64/libc.so.6(+0x2979b)[0x153eb882979b]
[genoahost098:1620981] [ 5] /lib64/libc.so.6(+0x388c6)[0x153eb88388c6]
[genoahost098:1620981] [ 6] /direct/sdcc+u/poare/Grid/build/examples/./Example_spec_kryschur[0x4cc206]
[genoahost098:1620981] [ 7] /direct/sdcc+u/poare/Grid/build/examples/./Example_spec_kryschur[0x4cc2f1]
[genoahost098:1620981] [ 8] /direct/sdcc+u/poare/Grid/build/examples/./Example_spec_kryschur[0x4c7e95]
[genoahost098:1620981] [ 9] /direct/sdcc+u/poare/Grid/build/examples/./Example_spec_kryschur[0x4b5f4f]
[genoahost098:1620981] [10] /direct/sdcc+u/poare/Grid/build/examples/./Example_spec_kryschur[0x41180d]
[genoahost098:1620981] [11] /lib64/libc.so.6(+0x2a610)[0x153eb882a610]
[genoahost098:1620981] [12] /lib64/libc.so.6(__libc_start_main+0x80)[0x153eb882a6c0]
[genoahost098:1620981] [13] /direct/sdcc+u/poare/Grid/build/examples/./Example_spec_kryschur[0x4147f5]
[genoahost098:1620981] *** End of error message ***
[genoahost097:1721846] [ 0] /lib64/libc.so.6(+0x3fc30)[0x1479c663fc30]
[genoahost097:1721846] [ 1] /lib64/libc.so.6(+0x8d02c)[0x1479c668d02c]
[genoahost097:1721846] [ 2] /lib64/libc.so.6(raise+0x16)[0x1479c663fb86]
[genoahost097:1721846] [ 3] /lib64/libc.so.6(abort+0xd3)[0x1479c6629873]
[genoahost097:1721846] [ 4] /lib64/libc.so.6(+0x2979b)[0x1479c662979b]
[genoahost097:1721846] [ 5] /lib64/libc.so.6(+0x388c6)[0x1479c66388c6]
[genoahost097:1721846] [ 6] /direct/sdcc+u/poare/Grid/build/examples/./Example_spec_kryschur[0x4cc206]
[genoahost097:1721846] [ 7] /direct/sdcc+u/poare/Grid/build/examples/./Example_spec_kryschur[0x4cc2f1]
[genoahost097:1721846] [ 8] /direct/sdcc+u/poare/Grid/build/examples/./Example_spec_kryschur[0x4c7e95]
[genoahost097:1721846] [ 9] /direct/sdcc+u/poare/Grid/build/examples/./Example_spec_kryschur[0x4b5f4f]
[genoahost097:1721846] [10] /direct/sdcc+u/poare/Grid/build/examples/./Example_spec_kryschur[0x41180d]
[genoahost097:1721846] [11] /lib64/libc.so.6(+0x2a610)[0x1479c662a610]
[genoahost097:1721846] [12] /lib64/libc.so.6(__libc_start_main+0x80)[0x1479c662a6c0]
[genoahost097:1721846] [13] /direct/sdcc+u/poare/Grid/build/examples/./Example_spec_kryschur[0x4147f5]
[genoahost097:1721846] *** End of error message ***
Example_spec_kryschur: ../../Grid/communicator/SharedMemoryMPI.cc:434: static void Grid::GlobalSharedMemory::OptimalCommunicatorSharedMemory(const Coordinate&, ompi_communicator_t*&, Grid::Coordinate&): Assertion `WorldSize==Nprocessors' failed.
[genoahost097:1721844] *** Process received signal ***
[genoahost097:1721844] Signal: Aborted (6)
[genoahost097:1721844] Signal code:  (-6)
[genoahost097:1721844] [ 0] /lib64/libc.so.6(+0x3fc30)[0x14ada863fc30]
[genoahost097:1721844] [ 1] /lib64/libc.so.6(+0x8d02c)[0x14ada868d02c]
[genoahost097:1721844] [ 2] /lib64/libc.so.6(raise+0x16)[0x14ada863fb86]
[genoahost097:1721844] [ 3] /lib64/libc.so.6(abort+0xd3)[0x14ada8629873]
[genoahost097:1721844] [ 4] /lib64/libc.so.6(+0x2979b)[0x14ada862979b]
[genoahost097:1721844] [ 5] /lib64/libc.so.6(+0x388c6)[0x14ada86388c6]
[genoahost097:1721844] [ 6] /direct/sdcc+u/poare/Grid/build/examples/./Example_spec_kryschur[0x4cc206]
[genoahost097:1721844] [ 7] /direct/sdcc+u/poare/Grid/build/examples/./Example_spec_kryschur[0x4cc2f1]
[genoahost097:1721844] [ 8] /direct/sdcc+u/poare/Grid/build/examples/./Example_spec_kryschur[0x4c7e95]
[genoahost097:1721844] [ 9] /direct/sdcc+u/poare/Grid/build/examples/./Example_spec_kryschur[0x4b5f4f]
[genoahost097:1721844] [10] /direct/sdcc+u/poare/Grid/build/examples/./Example_spec_kryschur[0x41180d]
[genoahost097:1721844] [11] /lib64/libc.so.6(+0x2a610)[0x14ada862a610]
[genoahost097:1721844] [12] /lib64/libc.so.6(__libc_start_main+0x80)[0x14ada862a6c0]
[genoahost097:1721844] [13] /direct/sdcc+u/poare/Grid/build/examples/./Example_spec_kryschur[0x4147f5]
[genoahost097:1721844] *** End of error message ***
Example_spec_kryschur: ../../Grid/communicator/SharedMemoryMPI.cc:434: static void Grid::GlobalSharedMemory::OptimalCommunicatorSharedMemory(const Coordinate&, ompi_communicator_t*&, Grid::Coordinate&): Assertion `WorldSize==Nprocessors' failed.
[genoahost098:1620979] *** Process received signal ***
[genoahost098:1620979] Signal: Aborted (6)
[genoahost098:1620979] Signal code:  (-6)
[genoahost098:1620979] [ 0] /lib64/libc.so.6(+0x3fc30)[0x1455e8a3fc30]
[genoahost098:1620979] [ 1] /lib64/libc.so.6(+0x8d02c)[0x1455e8a8d02c]
[genoahost098:1620979] [ 2] /lib64/libc.so.6(raise+0x16)[0x1455e8a3fb86]
[genoahost098:1620979] [ 3] /lib64/libc.so.6(abort+0xd3)[0x1455e8a29873]
[genoahost098:1620979] [ 4] /lib64/libc.so.6(+0x2979b)[0x1455e8a2979b]
[genoahost098:1620979] [ 5] /lib64/libc.so.6(+0x388c6)[0x1455e8a388c6]
[genoahost098:1620979] [ 6] /direct/sdcc+u/poare/Grid/build/examples/./Example_spec_kryschur[0x4cc206]
[genoahost098:1620979] [ 7] /direct/sdcc+u/poare/Grid/build/examples/./Example_spec_kryschur[0x4cc2f1]
[genoahost098:1620979] [ 8] /direct/sdcc+u/poare/Grid/build/examples/./Example_spec_kryschur[0x4c7e95]
[genoahost098:1620979] [ 9] /direct/sdcc+u/poare/Grid/build/examples/./Example_spec_kryschur[0x4b5f4f]
[genoahost098:1620979] [10] /direct/sdcc+u/poare/Grid/build/examples/./Example_spec_kryschur[0x41180d]
[genoahost098:1620979] [11] /lib64/libc.so.6(+0x2a610)[0x1455e8a2a610]
[genoahost098:1620979] [12] /lib64/libc.so.6(__libc_start_main+0x80)[0x1455e8a2a6c0]
[genoahost098:1620979] [13] /direct/sdcc+u/poare/Grid/build/examples/./Example_spec_kryschur[0x4147f5]
[genoahost098:1620979] *** End of error message ***
Example_spec_kryschur: ../../Grid/communicator/SharedMemoryMPI.cc:434: static void Grid::GlobalSharedMemory::OptimalCommunicatorSharedMemory(const Coordinate&, ompi_communicator_t*&, Grid::Coordinate&): Assertion `WorldSize==Nprocessors' failed.
[genoahost097:1721849] *** Process received signal ***
[genoahost097:1721849] Signal: Aborted (6)
[genoahost097:1721849] Signal code:  (-6)
[genoahost097:1721849] [ 0] /lib64/libc.so.6(+0x3fc30)[0x14e9a663fc30]
[genoahost097:1721849] [ 1] /lib64/libc.so.6(+0x8d02c)[0x14e9a668d02c]
[genoahost097:1721849] [ 2] /lib64/libc.so.6(raise+0x16)[0x14e9a663fb86]
[genoahost097:1721849] [ 3] /lib64/libc.so.6(abort+0xd3)[0x14e9a6629873]
[genoahost097:1721849] [ 4] /lib64/libc.so.6(+0x2979b)[0x14e9a662979b]
[genoahost097:1721849] [ 5] /lib64/libc.so.6(+0x388c6)[0x14e9a66388c6]
[genoahost097:1721849] [ 6] /direct/sdcc+u/poare/Grid/build/examples/./Example_spec_kryschur[0x4cc206]
[genoahost097:1721849] [ 7] /direct/sdcc+u/poare/Grid/build/examples/./Example_spec_kryschur[0x4cc2f1]
[genoahost097:1721849] [ 8] /direct/sdcc+u/poare/Grid/build/examples/./Example_spec_kryschur[0x4c7e95]
[genoahost097:1721849] [ 9] /direct/sdcc+u/poare/Grid/build/examples/./Example_spec_kryschur[0x4b5f4f]
[genoahost097:1721849] [10] /direct/sdcc+u/poare/Grid/build/examples/./Example_spec_kryschur[0x41180d]
[genoahost097:1721849] [11] /lib64/libc.so.6(+0x2a610)[0x14e9a662a610]
[genoahost097:1721849] [12] /lib64/libc.so.6(__libc_start_main+0x80)[0x14e9a662a6c0]
[genoahost097:1721849] [13] /direct/sdcc+u/poare/Grid/build/examples/./Example_spec_kryschur[0x4147f5]
[genoahost097:1721849] *** End of error message ***
Example_spec_kryschur: ../../Grid/communicator/SharedMemoryMPI.cc:434: static void Grid::GlobalSharedMemory::OptimalCommunicatorSharedMemory(const Coordinate&, ompi_communicator_t*&, Grid::Coordinate&): Assertion `WorldSize==Nprocessors' failed.
[genoahost098:1620987] *** Process received signal ***
[genoahost098:1620987] Signal: Aborted (6)
[genoahost098:1620987] Signal code:  (-6)
[genoahost098:1620987] [ 0] /lib64/libc.so.6(+0x3fc30)[0x14bf6203fc30]
[genoahost098:1620987] [ 1] /lib64/libc.so.6(+0x8d02c)[0x14bf6208d02c]
[genoahost098:1620987] [ 2] /lib64/libc.so.6(raise+0x16)[0x14bf6203fb86]
[genoahost098:1620987] [ 3] /lib64/libc.so.6(abort+0xd3)[0x14bf62029873]
[genoahost098:1620987] [ 4] /lib64/libc.so.6(+0x2979b)[0x14bf6202979b]
[genoahost098:1620987] [ 5] /lib64/libc.so.6(+0x388c6)[0x14bf620388c6]
[genoahost098:1620987] [ 6] /direct/sdcc+u/poare/Grid/build/examples/./Example_spec_kryschur[0x4cc206]
[genoahost098:1620987] [ 7] /direct/sdcc+u/poare/Grid/build/examples/./Example_spec_kryschur[0x4cc2f1]
[genoahost098:1620987] [ 8] /direct/sdcc+u/poare/Grid/build/examples/./Example_spec_kryschur[0x4c7e95]
[genoahost098:1620987] [ 9] /direct/sdcc+u/poare/Grid/build/examples/./Example_spec_kryschur[0x4b5f4f]
[genoahost098:1620987] [10] /direct/sdcc+u/poare/Grid/build/examples/./Example_spec_kryschur[0x41180d]
[genoahost098:1620987] [11] /lib64/libc.so.6(+0x2a610)[0x14bf6202a610]
[genoahost098:1620987] [12] /lib64/libc.so.6(__libc_start_main+0x80)[0x14bf6202a6c0]
[genoahost098:1620987] [13] /direct/sdcc+u/poare/Grid/build/examples/./Example_spec_kryschur[0x4147f5]
[genoahost098:1620987] *** End of error message ***
Example_spec_kryschur: ../../Grid/communicator/SharedMemoryMPI.cc:434: static void Grid::GlobalSharedMemory::OptimalCommunicatorSharedMemory(const Coordinate&, ompi_communicator_t*&, Grid::Coordinate&): Assertion `WorldSize==Nprocessors' failed.
[genoahost101:1138814] *** Process received signal ***
[genoahost101:1138814] Signal: Aborted (6)
[genoahost101:1138814] Signal code:  (-6)
[genoahost101:1138814] [ 0] /lib64/libc.so.6(+0x3fc30)[0x14f5d563fc30]
[genoahost101:1138814] [ 1] /lib64/libc.so.6(+0x8d02c)[0x14f5d568d02c]
[genoahost101:1138814] [ 2] /lib64/libc.so.6(raise+0x16)[0x14f5d563fb86]
[genoahost101:1138814] [ 3] /lib64/libc.so.6(abort+0xd3)[0x14f5d5629873]
[genoahost101:1138814] [ 4] /lib64/libc.so.6(+0x2979b)[0x14f5d562979b]
[genoahost101:1138814] [ 5] /lib64/libc.so.6(+0x388c6)[0x14f5d56388c6]
[genoahost101:1138814] [ 6] /direct/sdcc+u/poare/Grid/build/examples/./Example_spec_kryschur[0x4cc206]
[genoahost101:1138814] [ 7] /direct/sdcc+u/poare/Grid/build/examples/./Example_spec_kryschur[0x4cc2f1]
[genoahost101:1138814] [ 8] /direct/sdcc+u/poare/Grid/build/examples/./Example_spec_kryschur[0x4c7e95]
[genoahost101:1138814] [ 9] /direct/sdcc+u/poare/Grid/build/examples/./Example_spec_kryschur[0x4b5f4f]
[genoahost101:1138814] [10] /direct/sdcc+u/poare/Grid/build/examples/./Example_spec_kryschur[0x41180d]
[genoahost101:1138814] [11] /lib64/libc.so.6(+0x2a610)[0x14f5d562a610]
[genoahost101:1138814] [12] /lib64/libc.so.6(__libc_start_main+0x80)[0x14f5d562a6c0]
[genoahost101:1138814] [13] /direct/sdcc+u/poare/Grid/build/examples/./Example_spec_kryschur[0x4147f5]
[genoahost101:1138814] *** End of error message ***
srun: error: genoahost104: task 124: Aborted (core dumped)
srun: error: genoahost099: task 34: Aborted (core dumped)
srun: error: genoahost101: task 69: Aborted (core dumped)
srun: error: genoahost102: task 95: Aborted (core dumped)
srun: error: genoahost097: task 6: Aborted (core dumped)
srun: error: genoahost097: tasks 7,9: Aborted (core dumped)
srun: error: genoahost097: task 2: Aborted (core dumped)
srun: error: genoahost101: tasks 76,78: Aborted (core dumped)
srun: error: genoahost101: task 67: Aborted (core dumped)
srun: error: genoahost097: task 13: Aborted (core dumped)
srun: error: genoahost097: task 4: Aborted (core dumped)
srun: error: genoahost097: task 11: Aborted (core dumped)
Example_spec_kryschur: ../../Grid/communicator/SharedMemoryMPI.cc:434: static void Grid::GlobalSharedMemory::OptimalCommunicatorSharedMemory(const Coordinate&, ompi_communicator_t*&, Grid::Coordinate&): Assertion `WorldSize==Nprocessors' failed.
[genoahost100:639518] *** Process received signal ***
[genoahost100:639518] Signal: Aborted (6)
[genoahost100:639518] Signal code:  (-6)
[genoahost100:639518] [ 0] /lib64/libc.so.6(+0x3fc30)[0x15319ae3fc30]
[genoahost100:639518] [ 1] /lib64/libc.so.6(+0x8d02c)[0x15319ae8d02c]
[genoahost100:639518] [ 2] /lib64/libc.so.6(raise+0x16)[0x15319ae3fb86]
[genoahost100:639518] [ 3] /lib64/libc.so.6(abort+0xd3)[0x15319ae29873]
[genoahost100:639518] [ 4] /lib64/libc.so.6(+0x2979b)[0x15319ae2979b]
[genoahost100:639518] [ 5] /lib64/libc.so.6(+0x388c6)[0x15319ae388c6]
[genoahost100:639518] [ 6] /direct/sdcc+u/poare/Grid/build/examples/./Example_spec_kryschur[0x4cc206]
[genoahost100:639518] [ 7] /direct/sdcc+u/poare/Grid/build/examples/./Example_spec_kryschur[0x4cc2f1]
[genoahost100:639518] [ 8] /direct/sdcc+u/poare/Grid/build/examples/./Example_spec_kryschur[0x4c7e95]
[genoahost100:639518] [ 9] /direct/sdcc+u/poare/Grid/build/examples/./Example_spec_kryschur[0x4b5f4f]
[genoahost100:639518] [10] /direct/sdcc+u/poare/Grid/build/examples/./Example_spec_kryschur[0x41180d]
[genoahost100:639518] [11] /lib64/libc.so.6(+0x2a610)[0x15319ae2a610]
[genoahost100:639518] [12] /lib64/libc.so.6(__libc_start_main+0x80)[0x15319ae2a6c0]
[genoahost100:639518] [13] /direct/sdcc+u/poare/Grid/build/examples/./Example_spec_kryschur[0x4147f5]
[genoahost100:639518] *** End of error message ***
srun: error: genoahost099: task 40: Aborted (core dumped)
Example_spec_kryschur: ../../Grid/communicator/SharedMemoryMPI.cc:434: static void Grid::GlobalSharedMemory::OptimalCommunicatorSharedMemory(const Coordinate&, ompi_communicator_t*&, Grid::Coordinate&): Assertion `WorldSize==Nprocessors' failed.
[genoahost100:639517] *** Process received signal ***
[genoahost100:639517] Signal: Aborted (6)
[genoahost100:639517] Signal code:  (-6)
[genoahost100:639517] [ 0] /lib64/libc.so.6(+0x3fc30)[0x14a727a3fc30]
[genoahost100:639517] [ 1] /lib64/libc.so.6(+0x8d02c)[0x14a727a8d02c]
[genoahost100:639517] [ 2] /lib64/libc.so.6(raise+0x16)[0x14a727a3fb86]
[genoahost100:639517] [ 3] /lib64/libc.so.6(abort+0xd3)[0x14a727a29873]
[genoahost100:639517] [ 4] /lib64/libc.so.6(+0x2979b)[0x14a727a2979b]
[genoahost100:639517] [ 5] /lib64/libc.so.6(+0x388c6)[0x14a727a388c6]
[genoahost100:639517] [ 6] /direct/sdcc+u/poare/Grid/build/examples/./Example_spec_kryschur[0x4cc206]
[genoahost100:639517] [ 7] /direct/sdcc+u/poare/Grid/build/examples/./Example_spec_kryschur[0x4cc2f1]
[genoahost100:639517] [ 8] /direct/sdcc+u/poare/Grid/build/examples/./Example_spec_kryschur[0x4c7e95]
[genoahost100:639517] [ 9] /direct/sdcc+u/poare/Grid/build/examples/./Example_spec_kryschur[0x4b5f4f]
[genoahost100:639517] [10] /direct/sdcc+u/poare/Grid/build/examples/./Example_spec_kryschur[0x41180d]
[genoahost100:639517] [11] /lib64/libc.so.6(+0x2a610)[0x14a727a2a610]
[genoahost100:639517] [12] /lib64/libc.so.6(__libc_start_main+0x80)[0x14a727a2a6c0]
[genoahost100:639517] [13] /direct/sdcc+u/poare/Grid/build/examples/./Example_spec_kryschur[0x4147f5]
[genoahost100:639517] *** End of error message ***
srun: error: genoahost099: task 36: Aborted (core dumped)
srun: error: genoahost099: task 42: Aborted (core dumped)
srun: error: genoahost099: task 33: Aborted (core dumped)
srun: error: genoahost099: task 44: Aborted (core dumped)
srun: error: genoahost103: task 107: Aborted (core dumped)
srun: error: genoahost103: task 111: Aborted (core dumped)
Example_spec_kryschur: ../../Grid/communicator/SharedMemoryMPI.cc:434: static void Grid::GlobalSharedMemory::OptimalCommunicatorSharedMemory(const Coordinate&, ompi_communicator_t*&, Grid::Coordinate&): Assertion `WorldSize==Nprocessors' failed.
[genoahost099:1600746] *** Process received signal ***
[genoahost099:1600746] Signal: Aborted (6)
[genoahost099:1600746] Signal code:  (-6)
[genoahost099:1600746] [ 0] /lib64/libc.so.6(+0x3fc30)[0x1491de43fc30]
[genoahost099:1600746] [ 1] /lib64/libc.so.6(+0x8d02c)[0x1491de48d02c]
[genoahost099:1600746] [ 2] /lib64/libc.so.6(raise+0x16)[0x1491de43fb86]
[genoahost099:1600746] [ 3] /lib64/libc.so.6(abort+0xd3)[0x1491de429873]
[genoahost099:1600746] [ 4] /lib64/libc.so.6(+0x2979b)[0x1491de42979b]
[genoahost099:1600746] [ 5] /lib64/libc.so.6(+0x388c6)[0x1491de4388c6]
[genoahost099:1600746] [ 6] /direct/sdcc+u/poare/Grid/build/examples/./Example_spec_kryschur[0x4cc206]
[genoahost099:1600746] [ 7] /direct/sdcc+u/poare/Grid/build/examples/./Example_spec_kryschur[0x4cc2f1]
[genoahost099:1600746] [ 8] /direct/sdcc+u/poare/Grid/build/examples/./Example_spec_kryschur[0x4c7e95]
[genoahost099:1600746] [ 9] /direct/sdcc+u/poare/Grid/build/examples/./Example_spec_kryschur[0x4b5f4f]
[genoahost099:1600746] [10] /direct/sdcc+u/poare/Grid/build/examples/./Example_spec_kryschur[0x41180d]
[genoahost099:1600746] [11] /lib64/libc.so.6(+0x2a610)[0x1491de42a610]
[genoahost099:1600746] [12] /lib64/libc.so.6(__libc_start_main+0x80)[0x1491de42a6c0]
[genoahost099:1600746] [13] /direct/sdcc+u/poare/Grid/build/examples/./Example_spec_kryschur[0x4147f5]
[genoahost099:1600746] *** End of error message ***
Example_spec_kryschur: ../../Grid/communicator/SharedMemoryMPI.cc:434: static void Grid::GlobalSharedMemory::OptimalCommunicatorSharedMemory(const Coordinate&, ompi_communicator_t*&, Grid::Coordinate&): Assertion `WorldSize==Nprocessors' failed.
[genoahost099:1600753] *** Process received signal ***
[genoahost099:1600753] Signal: Aborted (6)
[genoahost099:1600753] Signal code:  (-6)
[genoahost099:1600753] [ 0] /lib64/libc.so.6(+0x3fc30)[0x14c20de3fc30]
[genoahost099:1600753] [ 1] /lib64/libc.so.6(+0x8d02c)[0x14c20de8d02c]
[genoahost099:1600753] [ 2] /lib64/libc.so.6(raise+0x16)[0x14c20de3fb86]
[genoahost099:1600753] [ 3] /lib64/libc.so.6(abort+0xd3)[0x14c20de29873]
[genoahost099:1600753] [ 4] /lib64/libc.so.6(+0x2979b)[0x14c20de2979b]
[genoahost099:1600753] [ 5] /lib64/libc.so.6(+0x388c6)[0x14c20de388c6]
[genoahost099:1600753] [ 6] /direct/sdcc+u/poare/Grid/build/examples/./Example_spec_kryschur[0x4cc206]
[genoahost099:1600753] [ 7] /direct/sdcc+u/poare/Grid/build/examples/./Example_spec_kryschur[0x4cc2f1]
[genoahost099:1600753] [ 8] /direct/sdcc+u/poare/Grid/build/examples/./Example_spec_kryschur[0x4c7e95]
[genoahost099:1600753] [ 9] /direct/sdcc+u/poare/Grid/build/examples/./Example_spec_kryschur[0x4b5f4f]
[genoahost099:1600753] [10] /direct/sdcc+u/poare/Grid/build/examples/./Example_spec_kryschur[0x41180d]
[genoahost099:1600753] [11] /lib64/libc.so.6(+0x2a610)[0x14c20de2a610]
[genoahost099:1600753] [12] /lib64/libc.so.6(__libc_start_main+0x80)[0x14c20de2a6c0]
[genoahost099:1600753] [13] /direct/sdcc+u/poare/Grid/build/examples/./Example_spec_kryschur[0x4147f5]
[genoahost099:1600753] *** End of error message ***
Example_spec_kryschur: ../../Grid/communicator/SharedMemoryMPI.cc:434: static void Grid::GlobalSharedMemory::OptimalCommunicatorSharedMemory(const Coordinate&, ompi_communicator_t*&, Grid::Coordinate&): Assertion `WorldSize==Nprocessors' failed.
[genoahost099:1600755] *** Process received signal ***
[genoahost099:1600755] Signal: Aborted (6)
[genoahost099:1600755] Signal code:  (-6)
[genoahost099:1600755] [ 0] /lib64/libc.so.6(+0x3fc30)[0x152b4103fc30]
[genoahost099:1600755] [ 1] /lib64/libc.so.6(+0x8d02c)[0x152b4108d02c]
[genoahost099:1600755] [ 2] /lib64/libc.so.6(raise+0x16)[0x152b4103fb86]
[genoahost099:1600755] [ 3] /lib64/libc.so.6(abort+0xd3)[0x152b41029873]
[genoahost099:1600755] [ 4] /lib64/libc.so.6(+0x2979b)[0x152b4102979b]
[genoahost099:1600755] [ 5] /lib64/libc.so.6(+0x388c6)[0x152b410388c6]
[genoahost099:1600755] [ 6] /direct/sdcc+u/poare/Grid/build/examples/./Example_spec_kryschur[0x4cc206]
[genoahost099:1600755] [ 7] /direct/sdcc+u/poare/Grid/build/examples/./Example_spec_kryschur[0x4cc2f1]
[genoahost099:1600755] [ 8] /direct/sdcc+u/poare/Grid/build/examples/./Example_spec_kryschur[0x4c7e95]
[genoahost099:1600755] [ 9] /direct/sdcc+u/poare/Grid/build/examples/./Example_spec_kryschur[0x4b5f4f]
[genoahost099:1600755] [10] /direct/sdcc+u/poare/Grid/build/examples/./Example_spec_kryschur[0x41180d]
[genoahost099:1600755] [11] /lib64/libc.so.6(+0x2a610)[0x152b4102a610]
[genoahost099:1600755] [12] /lib64/libc.so.6(__libc_start_main+0x80)[0x152b4102a6c0]
[genoahost099:1600755] [13] /direct/sdcc+u/poare/Grid/build/examples/./Example_spec_kryschur[0x4147f5]
[genoahost099:1600755] *** End of error message ***
srun: error: genoahost103: task 100: Aborted (core dumped)
srun: error: genoahost103: task 110: Aborted (core dumped)
Example_spec_kryschur: ../../Grid/communicator/SharedMemoryMPI.cc:434: static void Grid::GlobalSharedMemory::OptimalCommunicatorSharedMemory(const Coordinate&, ompi_communicator_t*&, Grid::Coordinate&): Assertion `WorldSize==Nprocessors' failed.
[genoahost098:1620988] *** Process received signal ***
[genoahost098:1620988] Signal: Aborted (6)
[genoahost098:1620988] Signal code:  (-6)
[genoahost098:1620988] [ 0] /lib64/libc.so.6(+0x3fc30)[0x14b55803fc30]
[genoahost098:1620988] [ 1] /lib64/libc.so.6(+0x8d02c)[0x14b55808d02c]
[genoahost098:1620988] [ 2] /lib64/libc.so.6(raise+0x16)[0x14b55803fb86]
[genoahost098:1620988] [ 3] /lib64/libc.so.6(abort+0xd3)[0x14b558029873]
[genoahost098:1620988] [ 4] /lib64/libc.so.6(+0x2979b)[0x14b55802979b]
[genoahost098:1620988] [ 5] /lib64/libc.so.6(+0x388c6)[0x14b5580388c6]
[genoahost098:1620988] [ 6] /direct/sdcc+u/poare/Grid/build/examples/./Example_spec_kryschur[0x4cc206]
[genoahost098:1620988] [ 7] /direct/sdcc+u/poare/Grid/build/examples/./Example_spec_kryschur[0x4cc2f1]
[genoahost098:1620988] [ 8] /direct/sdcc+u/poare/Grid/build/examples/./Example_spec_kryschur[0x4c7e95]
[genoahost098:1620988] [ 9] /direct/sdcc+u/poare/Grid/build/examples/./Example_spec_kryschur[0x4b5f4f]
[genoahost098:1620988] [10] /direct/sdcc+u/poare/Grid/build/examples/./Example_spec_kryschur[0x41180d]
[genoahost098:1620988] [11] /lib64/libc.so.6(+0x2a610)[0x14b55802a610]
[genoahost098:1620988] [12] /lib64/libc.so.6(__libc_start_main+0x80)[0x14b55802a6c0]
[genoahost098:1620988] [13] /direct/sdcc+u/poare/Grid/build/examples/./Example_spec_kryschur[0x4147f5]
[genoahost098:1620988] *** End of error message ***
Example_spec_kryschur: ../../Grid/communicator/SharedMemoryMPI.cc:434: static void Grid::GlobalSharedMemory::OptimalCommunicatorSharedMemory(const Coordinate&, ompi_communicator_t*&, Grid::Coordinate&): Assertion `WorldSize==Nprocessors' failed.
Example_spec_kryschur: ../../Grid/communicator/SharedMemoryMPI.cc:434: static void Grid::GlobalSharedMemory::OptimalCommunicatorSharedMemory(const Coordinate&, ompi_communicator_t*&, Grid::Coordinate&): Assertion `WorldSize==Nprocessors' failed.
[genoahost098:1620978] *** Process received signal ***
[genoahost098:1620978] Signal: Aborted (6)
[genoahost098:1620978] Signal code:  (-6)
[genoahost098:1620978] [ 0] /lib64/libc.so.6(+0x3fc30)[0x1546a5a3fc30]
[genoahost098:1620978] [ 1] /lib64/libc.so.6(+0x8d02c)[0x1546a5a8d02c]
[genoahost098:1620978] [ 2] /lib64/libc.so.6(raise+0x16)[0x1546a5a3fb86]
[genoahost098:1620978] [ 3] /lib64/libc.so.6(abort+0xd3)[0x1546a5a29873]
[genoahost098:1620978] [ 4] /lib64/libc.so.6(+0x2979b)[0x1546a5a2979b]
[genoahost098:1620978] [ 5] /lib64/libc.so.6(+0x388c6)[0x1546a5a388c6]
[genoahost098:1620978] [ 6] /direct/sdcc+u/poare/Grid/build/examples/./Example_spec_kryschur[0x4cc206]
[genoahost098:1620978] [ 7] /direct/sdcc+u/poare/Grid/build/examples/./Example_spec_kryschur[0x4cc2f1]
[genoahost098:1620978] [ 8] /direct/sdcc+u/poare/Grid/build/examples/./Example_spec_kryschur[0x4c7e95]
[genoahost098:1620978] [ 9] /direct/sdcc+u/poare/Grid/build/examples/./Example_spec_kryschur[0x4b5f4f]
[genoahost098:1620978] [10] /direct/sdcc+u/poare/Grid/build/examples/./Example_spec_kryschur[0x41180d]
[genoahost098:1620978] [11] /lib64/libc.so.6(+0x2a610)[0x1546a5a2a610]
[genoahost098:1620978] [12] /lib64/libc.so.6(__libc_start_main+0x80)[0x1546a5a2a6c0]
[genoahost098:1620978] [13] /direct/sdcc+u/poare/Grid/build/examples/./Example_spec_kryschur[0x4147f5]
[genoahost098:1620978] *** End of error message ***
[genoahost098:1620985] *** Process received signal ***
[genoahost098:1620985] Signal: Aborted (6)
[genoahost098:1620985] Signal code:  (-6)
[genoahost098:1620985] [ 0] /lib64/libc.so.6(+0x3fc30)[0x14f34c63fc30]
[genoahost098:1620985] [ 1] /lib64/libc.so.6(+0x8d02c)[0x14f34c68d02c]
[genoahost098:1620985] [ 2] /lib64/libc.so.6(raise+0x16)[0x14f34c63fb86]
[genoahost098:1620985] [ 3] /lib64/libc.so.6(abort+0xd3)[0x14f34c629873]
[genoahost098:1620985] [ 4] /lib64/libc.so.6(+0x2979b)[0x14f34c62979b]
[genoahost098:1620985] [ 5] /lib64/libc.so.6(+0x388c6)[0x14f34c6388c6]
[genoahost098:1620985] [ 6] /direct/sdcc+u/poare/Grid/build/examples/./Example_spec_kryschur[0x4cc206]
[genoahost098:1620985] [ 7] /direct/sdcc+u/poare/Grid/build/examples/./Example_spec_kryschur[0x4cc2f1]
[genoahost098:1620985] [ 8] /direct/sdcc+u/poare/Grid/build/examples/./Example_spec_kryschur[0x4c7e95]
[genoahost098:1620985] [ 9] /direct/sdcc+u/poare/Grid/build/examples/./Example_spec_kryschur[0x4b5f4f]
[genoahost098:1620985] [10] /direct/sdcc+u/poare/Grid/build/examples/./Example_spec_kryschur[0x41180d]
[genoahost098:1620985] [11] /lib64/libc.so.6(+0x2a610)[0x14f34c62a610]
[genoahost098:1620985] [12] /lib64/libc.so.6(__libc_start_main+0x80)[0x14f34c62a6c0]
[genoahost098:1620985] [13] /direct/sdcc+u/poare/Grid/build/examples/./Example_spec_kryschur[0x4147f5]
[genoahost098:1620985] *** End of error message ***
Example_spec_kryschur: ../../Grid/communicator/SharedMemoryMPI.cc:434: static void Grid::GlobalSharedMemory::OptimalCommunicatorSharedMemory(const Coordinate&, ompi_communicator_t*&, Grid::Coordinate&): Assertion `WorldSize==Nprocessors' failed.
[genoahost103:608334] *** Process received signal ***
[genoahost103:608334] Signal: Aborted (6)
[genoahost103:608334] Signal code:  (-6)
[genoahost103:608334] [ 0] /lib64/libc.so.6(+0x3fc30)[0x149863e3fc30]
[genoahost103:608334] [ 1] /lib64/libc.so.6(+0x8d02c)[0x149863e8d02c]
[genoahost103:608334] [ 2] /lib64/libc.so.6(raise+0x16)[0x149863e3fb86]
[genoahost103:608334] [ 3] /lib64/libc.so.6(abort+0xd3)[0x149863e29873]
[genoahost103:608334] [ 4] /lib64/libc.so.6(+0x2979b)[0x149863e2979b]
[genoahost103:608334] [ 5] /lib64/libc.so.6(+0x388c6)[0x149863e388c6]
[genoahost103:608334] [ 6] /direct/sdcc+u/poare/Grid/build/examples/./Example_spec_kryschur[0x4cc206]
[genoahost103:608334] [ 7] /direct/sdcc+u/poare/Grid/build/examples/./Example_spec_kryschur[0x4cc2f1]
[genoahost103:608334] [ 8] /direct/sdcc+u/poare/Grid/build/examples/./Example_spec_kryschur[0x4c7e95]
[genoahost103:608334] [ 9] /direct/sdcc+u/poare/Grid/build/examples/./Example_spec_kryschur[0x4b5f4f]
[genoahost103:608334] [10] /direct/sdcc+u/poare/Grid/build/examples/./Example_spec_kryschur[0x41180d]
[genoahost103:608334] [11] /lib64/libc.so.6(+0x2a610)[0x149863e2a610]
[genoahost103:608334] [12] /lib64/libc.so.6(__libc_start_main+0x80)[0x149863e2a6c0]
[genoahost103:608334] [13] /direct/sdcc+u/poare/Grid/build/examples/./Example_spec_kryschur[0x4147f5]
[genoahost103:608334] *** End of error message ***
Example_spec_kryschur: ../../Grid/communicator/SharedMemoryMPI.cc:434: static void Grid::GlobalSharedMemory::OptimalCommunicatorSharedMemory(const Coordinate&, ompi_communicator_t*&, Grid::Coordinate&): Assertion `WorldSize==Nprocessors' failed.
[genoahost103:608327] *** Process received signal ***
[genoahost103:608327] Signal: Aborted (6)
[genoahost103:608327] Signal code:  (-6)
[genoahost103:608327] [ 0] /lib64/libc.so.6(+0x3fc30)[0x153e7723fc30]
[genoahost103:608327] [ 1] /lib64/libc.so.6(+0x8d02c)[0x153e7728d02c]
[genoahost103:608327] [ 2] /lib64/libc.so.6(raise+0x16)[0x153e7723fb86]
[genoahost103:608327] [ 3] /lib64/libc.so.6(abort+0xd3)[0x153e77229873]
[genoahost103:608327] [ 4] /lib64/libc.so.6(+0x2979b)[0x153e7722979b]
[genoahost103:608327] [ 5] /lib64/libc.so.6(+0x388c6)[0x153e772388c6]
[genoahost103:608327] [ 6] /direct/sdcc+u/poare/Grid/build/examples/./Example_spec_kryschur[0x4cc206]
[genoahost103:608327] [ 7] /direct/sdcc+u/poare/Grid/build/examples/./Example_spec_kryschur[0x4cc2f1]
[genoahost103:608327] [ 8] /direct/sdcc+u/poare/Grid/build/examples/./Example_spec_kryschur[0x4c7e95]
[genoahost103:608327] [ 9] /direct/sdcc+u/poare/Grid/build/examples/./Example_spec_kryschur[0x4b5f4f]
[genoahost103:608327] [10] /direct/sdcc+u/poare/Grid/build/examples/./Example_spec_kryschur[0x41180d]
[genoahost103:608327] [11] /lib64/libc.so.6(+0x2a610)[0x153e7722a610]
[genoahost103:608327] [12] /lib64/libc.so.6(__libc_start_main+0x80)[0x153e7722a6c0]
[genoahost103:608327] [13] /direct/sdcc+u/poare/Grid/build/examples/./Example_spec_kryschur[0x4147f5]
[genoahost103:608327] *** End of error message ***
Example_spec_kryschur: ../../Grid/communicator/SharedMemoryMPI.cc:434: static void Grid::GlobalSharedMemory::OptimalCommunicatorSharedMemory(const Coordinate&, ompi_communicator_t*&, Grid::Coordinate&): Assertion `WorldSize==Nprocessors' failed.
[genoahost103:608339] *** Process received signal ***
[genoahost103:608339] Signal: Aborted (6)
[genoahost103:608339] Signal code:  (-6)
[genoahost103:608339] [ 0] /lib64/libc.so.6(+0x3fc30)[0x145e4bc3fc30]
[genoahost103:608339] [ 1] /lib64/libc.so.6(+0x8d02c)[0x145e4bc8d02c]
[genoahost103:608339] [ 2] /lib64/libc.so.6(raise+0x16)[0x145e4bc3fb86]
[genoahost103:608339] [ 3] /lib64/libc.so.6(abort+0xd3)[0x145e4bc29873]
[genoahost103:608339] [ 4] /lib64/libc.so.6(+0x2979b)[0x145e4bc2979b]
[genoahost103:608339] [ 5] /lib64/libc.so.6(+0x388c6)[0x145e4bc388c6]
[genoahost103:608339] [ 6] /direct/sdcc+u/poare/Grid/build/examples/./Example_spec_kryschur[0x4cc206]
[genoahost103:608339] [ 7] /direct/sdcc+u/poare/Grid/build/examples/./Example_spec_kryschur[0x4cc2f1]
[genoahost103:608339] [ 8] /direct/sdcc+u/poare/Grid/build/examples/./Example_spec_kryschur[0x4c7e95]
[genoahost103:608339] [ 9] /direct/sdcc+u/poare/Grid/build/examples/./Example_spec_kryschur[0x4b5f4f]
[genoahost103:608339] [10] /direct/sdcc+u/poare/Grid/build/examples/./Example_spec_kryschur[0x41180d]
[genoahost103:608339] [11] /lib64/libc.so.6(+0x2a610)[0x145e4bc2a610]
[genoahost103:608339] [12] /lib64/libc.so.6(__libc_start_main+0x80)[0x145e4bc2a6c0]
[genoahost103:608339] [13] /direct/sdcc+u/poare/Grid/build/examples/./Example_spec_kryschur[0x4147f5]
[genoahost103:608339] *** End of error message ***
Example_spec_kryschur: ../../Grid/communicator/SharedMemoryMPI.cc:434: static void Grid::GlobalSharedMemory::OptimalCommunicatorSharedMemory(const Coordinate&, ompi_communicator_t*&, Grid::Coordinate&): Assertion `WorldSize==Nprocessors' failed.
[genoahost103:608330] *** Process received signal ***
[genoahost103:608330] Signal: Aborted (6)
[genoahost103:608330] Signal code:  (-6)
[genoahost103:608330] [ 0] /lib64/libc.so.6(+0x3fc30)[0x1474b063fc30]
[genoahost103:608330] [ 1] /lib64/libc.so.6(+0x8d02c)[0x1474b068d02c]
[genoahost103:608330] [ 2] /lib64/libc.so.6(raise+0x16)[0x1474b063fb86]
[genoahost103:608330] [ 3] /lib64/libc.so.6(abort+0xd3)[0x1474b0629873]
[genoahost103:608330] [ 4] /lib64/libc.so.6(+0x2979b)[0x1474b062979b]
[genoahost103:608330] [ 5] /lib64/libc.so.6(+0x388c6)[0x1474b06388c6]
[genoahost103:608330] [ 6] /direct/sdcc+u/poare/Grid/build/examples/./Example_spec_kryschur[0x4cc206]
[genoahost103:608330] [ 7] /direct/sdcc+u/poare/Grid/build/examples/./Example_spec_kryschur[0x4cc2f1]
[genoahost103:608330] [ 8] /direct/sdcc+u/poare/Grid/build/examples/./Example_spec_kryschur[0x4c7e95]
[genoahost103:608330] [ 9] /direct/sdcc+u/poare/Grid/build/examples/./Example_spec_kryschur[0x4b5f4f]
[genoahost103:608330] [10] /direct/sdcc+u/poare/Grid/build/examples/./Example_spec_kryschur[0x41180d]
[genoahost103:608330] [11] /lib64/libc.so.6(+0x2a610)[0x1474b062a610]
[genoahost103:608330] [12] /lib64/libc.so.6(__libc_start_main+0x80)[0x1474b062a6c0]
[genoahost103:608330] [13] /direct/sdcc+u/poare/Grid/build/examples/./Example_spec_kryschur[0x4147f5]
[genoahost103:608330] *** End of error message ***
srun: error: genoahost100: task 52: Aborted (core dumped)
Example_spec_kryschur: ../../Grid/communicator/SharedMemoryMPI.cc:434: static void Grid::GlobalSharedMemory::OptimalCommunicatorSharedMemory(const Coordinate&, ompi_communicator_t*&, Grid::Coordinate&): Assertion `WorldSize==Nprocessors' failed.
[genoahost097:1721855] *** Process received signal ***
[genoahost097:1721855] Signal: Aborted (6)
[genoahost097:1721855] Signal code:  (-6)
[genoahost097:1721855] [ 0] /lib64/libc.so.6(+0x3fc30)[0x1500c2c3fc30]
[genoahost097:1721855] [ 1] /lib64/libc.so.6(+0x8d02c)[0x1500c2c8d02c]
[genoahost097:1721855] [ 2] /lib64/libc.so.6(raise+0x16)[0x1500c2c3fb86]
[genoahost097:1721855] [ 3] /lib64/libc.so.6(abort+0xd3)[0x1500c2c29873]
[genoahost097:1721855] [ 4] /lib64/libc.so.6(+0x2979b)[0x1500c2c2979b]
[genoahost097:1721855] [ 5] /lib64/libc.so.6(+0x388c6)[0x1500c2c388c6]
[genoahost097:1721855] [ 6] /direct/sdcc+u/poare/Grid/build/examples/./Example_spec_kryschur[0x4cc206]
[genoahost097:1721855] [ 7] /direct/sdcc+u/poare/Grid/build/examples/./Example_spec_kryschur[0x4cc2f1]
[genoahost097:1721855] [ 8] /direct/sdcc+u/poare/Grid/build/examples/./Example_spec_kryschur[0x4c7e95]
[genoahost097:1721855] [ 9] /direct/sdcc+u/poare/Grid/build/examples/./Example_spec_kryschur[0x4b5f4f]
[genoahost097:1721855] [10] /direct/sdcc+u/poare/Grid/build/examples/./Example_spec_kryschur[0x41180d]
[genoahost097:1721855] [11] /lib64/libc.so.6(+0x2a610)[0x1500c2c2a610]
[genoahost097:1721855] [12] /lib64/libc.so.6(__libc_start_main+0x80)[0x1500c2c2a6c0]
[genoahost097:1721855] [13] /direct/sdcc+u/poare/Grid/build/examples/./Example_spec_kryschur[0x4147f5]
[genoahost097:1721855] *** End of error message ***
Example_spec_kryschur: ../../Grid/communicator/SharedMemoryMPI.cc:434: static void Grid::GlobalSharedMemory::OptimalCommunicatorSharedMemory(const Coordinate&, ompi_communicator_t*&, Grid::Coordinate&): Assertion `WorldSize==Nprocessors' failed.
[genoahost097:1721856] *** Process received signal ***
[genoahost097:1721856] Signal: Aborted (6)
[genoahost097:1721856] Signal code:  (-6)
[genoahost097:1721856] [ 0] /lib64/libc.so.6(+0x3fc30)[0x1526d2a3fc30]
[genoahost097:1721856] [ 1] /lib64/libc.so.6(+0x8d02c)[0x1526d2a8d02c]
[genoahost097:1721856] [ 2] /lib64/libc.so.6(raise+0x16)[0x1526d2a3fb86]
[genoahost097:1721856] [ 3] /lib64/libc.so.6(abort+0xd3)[0x1526d2a29873]
[genoahost097:1721856] [ 4] /lib64/libc.so.6(+0x2979b)[0x1526d2a2979b]
[genoahost097:1721856] [ 5] /lib64/libc.so.6(+0x388c6)[0x1526d2a388c6]
[genoahost097:1721856] [ 6] /direct/sdcc+u/poare/Grid/build/examples/./Example_spec_kryschur[0x4cc206]
[genoahost097:1721856] [ 7] /direct/sdcc+u/poare/Grid/build/examples/./Example_spec_kryschur[0x4cc2f1]
[genoahost097:1721856] [ 8] /direct/sdcc+u/poare/Grid/build/examples/./Example_spec_kryschur[0x4c7e95]
[genoahost097:1721856] [ 9] /direct/sdcc+u/poare/Grid/build/examples/./Example_spec_kryschur[0x4b5f4f]
[genoahost097:1721856] [10] /direct/sdcc+u/poare/Grid/build/examples/./Example_spec_kryschur[0x41180d]
[genoahost097:1721856] [11] /lib64/libc.so.6(+0x2a610)[0x1526d2a2a610]
[genoahost097:1721856] [12] /lib64/libc.so.6(__libc_start_main+0x80)[0x1526d2a2a6c0]
[genoahost097:1721856] [13] /direct/sdcc+u/poare/Grid/build/examples/./Example_spec_kryschur[0x4147f5]
[genoahost097:1721856] *** End of error message ***
srun: error: genoahost098: task 18: Aborted (core dumped)
srun: error: genoahost100: task 62: Aborted (core dumped)
srun: error: genoahost098: tasks 22,30: Aborted (core dumped)
srun: error: genoahost100: tasks 54,60: Aborted (core dumped)
Example_spec_kryschur: ../../Grid/communicator/SharedMemoryMPI.cc:434: static void Grid::GlobalSharedMemory::OptimalCommunicatorSharedMemory(const Coordinate&, ompi_communicator_t*&, Grid::Coordinate&): Assertion `WorldSize==Nprocessors' failed.
[genoahost100:639525] *** Process received signal ***
[genoahost100:639525] Signal: Aborted (6)
[genoahost100:639525] Signal code:  (-6)
[genoahost100:639525] [ 0] /lib64/libc.so.6(+0x3fc30)[0x14889863fc30]
[genoahost100:639525] [ 1] /lib64/libc.so.6(+0x8d02c)[0x14889868d02c]
[genoahost100:639525] [ 2] /lib64/libc.so.6(raise+0x16)[0x14889863fb86]
[genoahost100:639525] [ 3] /lib64/libc.so.6(abort+0xd3)[0x148898629873]
[genoahost100:639525] [ 4] /lib64/libc.so.6(+0x2979b)[0x14889862979b]
[genoahost100:639525] [ 5] /lib64/libc.so.6(+0x388c6)[0x1488986388c6]
[genoahost100:639525] [ 6] /direct/sdcc+u/poare/Grid/build/examples/./Example_spec_kryschur[0x4cc206]
[genoahost100:639525] [ 7] /direct/sdcc+u/poare/Grid/build/examples/./Example_spec_kryschur[0x4cc2f1]
[genoahost100:639525] [ 8] /direct/sdcc+u/poare/Grid/build/examples/./Example_spec_kryschur[0x4c7e95]
[genoahost100:639525] [ 9] /direct/sdcc+u/poare/Grid/build/examples/./Example_spec_kryschur[0x4b5f4f]
[genoahost100:639525] [10] /direct/sdcc+u/poare/Grid/build/examples/./Example_spec_kryschur[0x41180d]
[genoahost100:639525] [11] /lib64/libc.so.6(+0x2a610)[0x14889862a610]
[genoahost100:639525] [12] /lib64/libc.so.6(__libc_start_main+0x80)[0x14889862a6c0]
[genoahost100:639525] [13] /direct/sdcc+u/poare/Grid/build/examples/./Example_spec_kryschur[0x4147f5]
[genoahost100:639525] *** End of error message ***
Example_spec_kryschur: ../../Grid/communicator/SharedMemoryMPI.cc:434: static void Grid::GlobalSharedMemory::OptimalCommunicatorSharedMemory(const Coordinate&, ompi_communicator_t*&, Grid::Coordinate&): Assertion `WorldSize==Nprocessors' failed.
[genoahost099:1600749] *** Process received signal ***
[genoahost099:1600749] Signal: Aborted (6)
[genoahost099:1600749] Signal code:  (-6)
[genoahost099:1600749] [ 0] /lib64/libc.so.6(+0x3fc30)[0x14ab92e3fc30]
[genoahost099:1600749] [ 1] /lib64/libc.so.6(+0x8d02c)[0x14ab92e8d02c]
[genoahost099:1600749] [ 2] /lib64/libc.so.6(raise+0x16)[0x14ab92e3fb86]
[genoahost099:1600749] [ 3] /lib64/libc.so.6(abort+0xd3)[0x14ab92e29873]
[genoahost099:1600749] [ 4] /lib64/libc.so.6(+0x2979b)[0x14ab92e2979b]
[genoahost099:1600749] [ 5] /lib64/libc.so.6(+0x388c6)[0x14ab92e388c6]
[genoahost099:1600749] [ 6] /direct/sdcc+u/poare/Grid/build/examples/./Example_spec_kryschur[0x4cc206]
[genoahost099:1600749] [ 7] /direct/sdcc+u/poare/Grid/build/examples/./Example_spec_kryschur[0x4cc2f1]
[genoahost099:1600749] [ 8] /direct/sdcc+u/poare/Grid/build/examples/./Example_spec_kryschur[0x4c7e95]
[genoahost099:1600749] [ 9] /direct/sdcc+u/poare/Grid/build/examples/./Example_spec_kryschur[0x4b5f4f]
[genoahost099:1600749] [10] /direct/sdcc+u/poare/Grid/build/examples/./Example_spec_kryschur[0x41180d]
[genoahost099:1600749] [11] /lib64/libc.so.6(+0x2a610)[0x14ab92e2a610]
[genoahost099:1600749] [12] /lib64/libc.so.6(__libc_start_main+0x80)[0x14ab92e2a6c0]
[genoahost099:1600749] [13] /direct/sdcc+u/poare/Grid/build/examples/./Example_spec_kryschur[0x4147f5]
[genoahost099:1600749] *** End of error message ***
srun: error: genoahost099: task 37: Aborted (core dumped)
Example_spec_kryschur: ../../Grid/communicator/SharedMemoryMPI.cc:434: static void Grid::GlobalSharedMemory::OptimalCommunicatorSharedMemory(const Coordinate&, ompi_communicator_t*&, Grid::Coordinate&): Assertion `WorldSize==Nprocessors' failed.
[genoahost103:608329] *** Process received signal ***
[genoahost103:608329] Signal: Aborted (6)
[genoahost103:608329] Signal code:  (-6)
[genoahost103:608329] [ 0] /lib64/libc.so.6(+0x3fc30)[0x15210be3fc30]
[genoahost103:608329] [ 1] /lib64/libc.so.6(+0x8d02c)[0x15210be8d02c]
[genoahost103:608329] [ 2] /lib64/libc.so.6(raise+0x16)[0x15210be3fb86]
[genoahost103:608329] [ 3] /lib64/libc.so.6(abort+0xd3)[0x15210be29873]
[genoahost103:608329] [ 4] /lib64/libc.so.6(+0x2979b)[0x15210be2979b]
[genoahost103:608329] [ 5] /lib64/libc.so.6(+0x388c6)[0x15210be388c6]
[genoahost103:608329] [ 6] /direct/sdcc+u/poare/Grid/build/examples/./Example_spec_kryschur[0x4cc206]
[genoahost103:608329] [ 7] /direct/sdcc+u/poare/Grid/build/examples/./Example_spec_kryschur[0x4cc2f1]
[genoahost103:608329] [ 8] /direct/sdcc+u/poare/Grid/build/examples/./Example_spec_kryschur[0x4c7e95]
[genoahost103:608329] [ 9] /direct/sdcc+u/poare/Grid/build/examples/./Example_spec_kryschur[0x4b5f4f]
[genoahost103:608329] [10] /direct/sdcc+u/poare/Grid/build/examples/./Example_spec_kryschur[0x41180d]
[genoahost103:608329] [11] /lib64/libc.so.6(+0x2a610)[0x15210be2a610]
[genoahost103:608329] [12] /lib64/libc.so.6(__libc_start_main+0x80)[0x15210be2a6c0]
[genoahost103:608329] [13] /direct/sdcc+u/poare/Grid/build/examples/./Example_spec_kryschur[0x4147f5]
[genoahost103:608329] *** End of error message ***
Example_spec_kryschur: ../../Grid/communicator/SharedMemoryMPI.cc:434: static void Grid::GlobalSharedMemory::OptimalCommunicatorSharedMemory(const Coordinate&, ompi_communicator_t*&, Grid::Coordinate&): Assertion `WorldSize==Nprocessors' failed.
[genoahost104:619721] *** Process received signal ***
[genoahost104:619721] Signal: Aborted (6)
[genoahost104:619721] Signal code:  (-6)
[genoahost104:619721] [ 0] /lib64/libc.so.6(+0x3fc30)[0x147d31e3fc30]
[genoahost104:619721] [ 1] /lib64/libc.so.6(+0x8d02c)[0x147d31e8d02c]
[genoahost104:619721] [ 2] /lib64/libc.so.6(raise+0x16)[0x147d31e3fb86]
[genoahost104:619721] [ 3] /lib64/libc.so.6(abort+0xd3)[0x147d31e29873]
[genoahost104:619721] [ 4] /lib64/libc.so.6(+0x2979b)[0x147d31e2979b]
[genoahost104:619721] [ 5] /lib64/libc.so.6(+0x388c6)[0x147d31e388c6]
[genoahost104:619721] [ 6] /direct/sdcc+u/poare/Grid/build/examples/./Example_spec_kryschur[0x4cc206]
[genoahost104:619721] [ 7] /direct/sdcc+u/poare/Grid/build/examples/./Example_spec_kryschur[0x4cc2f1]
[genoahost104:619721] [ 8] /direct/sdcc+u/poare/Grid/build/examples/./Example_spec_kryschur[0x4c7e95]
[genoahost104:619721] [ 9] /direct/sdcc+u/poare/Grid/build/examples/./Example_spec_kryschur[0x4b5f4f]
[genoahost104:619721] [10] /direct/sdcc+u/poare/Grid/build/examples/./Example_spec_kryschur[0x41180d]
[genoahost104:619721] [11] /lib64/libc.so.6(+0x2a610)[0x147d31e2a610]
[genoahost104:619721] [12] /lib64/libc.so.6(__libc_start_main+0x80)[0x147d31e2a6c0]
[genoahost104:619721] [13] /direct/sdcc+u/poare/Grid/build/examples/./Example_spec_kryschur[0x4147f5]
[genoahost104:619721] *** End of error message ***
Example_spec_kryschur: ../../Grid/communicator/SharedMemoryMPI.cc:434: static void Grid::GlobalSharedMemory::OptimalCommunicatorSharedMemory(const Coordinate&, ompi_communicator_t*&, Grid::Coordinate&): Assertion `WorldSize==Nprocessors' failed.
[genoahost104:619710] *** Process received signal ***
[genoahost104:619710] Signal: Aborted (6)
[genoahost104:619710] Signal code:  (-6)
[genoahost104:619710] [ 0] /lib64/libc.so.6(+0x3fc30)[0x14e0a983fc30]
[genoahost104:619710] [ 1] /lib64/libc.so.6(+0x8d02c)[0x14e0a988d02c]
[genoahost104:619710] [ 2] /lib64/libc.so.6(raise+0x16)[0x14e0a983fb86]
[genoahost104:619710] [ 3] /lib64/libc.so.6(abort+0xd3)[0x14e0a9829873]
[genoahost104:619710] [ 4] /lib64/libc.so.6(+0x2979b)[0x14e0a982979b]
[genoahost104:619710] [ 5] /lib64/libc.so.6(+0x388c6)[0x14e0a98388c6]
[genoahost104:619710] [ 6] /direct/sdcc+u/poare/Grid/build/examples/./Example_spec_kryschur[0x4cc206]
[genoahost104:619710] [ 7] /direct/sdcc+u/poare/Grid/build/examples/./Example_spec_kryschur[0x4cc2f1]
[genoahost104:619710] [ 8] /direct/sdcc+u/poare/Grid/build/examples/./Example_spec_kryschur[0x4c7e95]
[genoahost104:619710] [ 9] /direct/sdcc+u/poare/Grid/build/examples/./Example_spec_kryschur[0x4b5f4f]
[genoahost104:619710] [10] /direct/sdcc+u/poare/Grid/build/examples/./Example_spec_kryschur[0x41180d]
[genoahost104:619710] [11] /lib64/libc.so.6(+0x2a610)[0x14e0a982a610]
[genoahost104:619710] [12] /lib64/libc.so.6(__libc_start_main+0x80)[0x14e0a982a6c0]
[genoahost104:619710] [13] /direct/sdcc+u/poare/Grid/build/examples/./Example_spec_kryschur[0x4147f5]
[genoahost104:619710] *** End of error message ***
srun: error: genoahost099: task 43: Aborted (core dumped)
srun: error: genoahost104: task 119: Aborted (core dumped)
srun: error: genoahost103: task 97: Aborted (core dumped)
srun: error: genoahost100: task 49: Aborted (core dumped)
Example_spec_kryschur: ../../Grid/communicator/SharedMemoryMPI.cc:434: static void Grid::GlobalSharedMemory::OptimalCommunicatorSharedMemory(const Coordinate&, ompi_communicator_t*&, Grid::Coordinate&): Assertion `WorldSize==Nprocessors' failed.
[genoahost099:1600760] *** Process received signal ***
[genoahost099:1600760] Signal: Aborted (6)
[genoahost099:1600760] Signal code:  (-6)
[genoahost099:1600760] [ 0] /lib64/libc.so.6(+0x3fc30)[0x14c980a3fc30]
[genoahost099:1600760] [ 1] /lib64/libc.so.6(+0x8d02c)[0x14c980a8d02c]
[genoahost099:1600760] [ 2] /lib64/libc.so.6(raise+0x16)[0x14c980a3fb86]
[genoahost099:1600760] [ 3] /lib64/libc.so.6(abort+0xd3)[0x14c980a29873]
[genoahost099:1600760] [ 4] /lib64/libc.so.6(+0x2979b)[0x14c980a2979b]
[genoahost099:1600760] [ 5] /lib64/libc.so.6(+0x388c6)[0x14c980a388c6]
[genoahost099:1600760] [ 6] /direct/sdcc+u/poare/Grid/build/examples/./Example_spec_kryschur[0x4cc206]
[genoahost099:1600760] [ 7] /direct/sdcc+u/poare/Grid/build/examples/./Example_spec_kryschur[0x4cc2f1]
[genoahost099:1600760] [ 8] /direct/sdcc+u/poare/Grid/build/examples/./Example_spec_kryschur[0x4c7e95]
[genoahost099:1600760] [ 9] /direct/sdcc+u/poare/Grid/build/examples/./Example_spec_kryschur[0x4b5f4f]
[genoahost099:1600760] [10] /direct/sdcc+u/poare/Grid/build/examples/./Example_spec_kryschur[0x41180d]
[genoahost099:1600760] [11] /lib64/libc.so.6(+0x2a610)[0x14c980a2a610]
[genoahost099:1600760] [12] /lib64/libc.so.6(__libc_start_main+0x80)[0x14c980a2a6c0]
[genoahost099:1600760] [13] /direct/sdcc+u/poare/Grid/build/examples/./Example_spec_kryschur[0x4147f5]
[genoahost099:1600760] *** End of error message ***
srun: error: genoahost100: task 48: Aborted (core dumped)
srun: error: genoahost097: task 0: Aborted (core dumped)
srun: error: genoahost104: task 121: Aborted (core dumped)
srun: error: genoahost098: task 25: Aborted (core dumped)
srun: error: genoahost104: tasks 117-118,122: Aborted (core dumped)
srun: error: genoahost097: tasks 3,5,8: Aborted (core dumped)
srun: error: genoahost104: tasks 112,116,125: Aborted (core dumped)
srun: error: genoahost098: task 19: Aborted (core dumped)
Example_spec_kryschur: ../../Grid/communicator/SharedMemoryMPI.cc:434: static void Grid::GlobalSharedMemory::OptimalCommunicatorSharedMemory(const Coordinate&, ompi_communicator_t*&, Grid::Coordinate&): Assertion `WorldSize==Nprocessors' failed.
[genoahost097:1721842] *** Process received signal ***
[genoahost097:1721842] Signal: Aborted (6)
[genoahost097:1721842] Signal code:  (-6)
[genoahost097:1721842] [ 0] /lib64/libc.so.6(+0x3fc30)[0x14cf57c3fc30]
Example_spec_kryschur: ../../Grid/communicator/SharedMemoryMPI.cc:434: static void Grid::GlobalSharedMemory::OptimalCommunicatorSharedMemory(const Coordinate&, ompi_communicator_t*&, Grid::Coordinate&): Assertion `WorldSize==Nprocessors' failed.
[genoahost102:618853] *** Process received signal ***
[genoahost102:618853] Signal: Aborted (6)
[genoahost102:618853] Signal code:  (-6)
[genoahost102:618853] [ 0] /lib64/libc.so.6(+0x3fc30)[0x14b74423fc30]
[genoahost102:618853] [ 1] /lib64/libc.so.6(+0x8d02c)[0x14b74428d02c]
[genoahost102:618853] [ 2] /lib64/libc.so.6(raise+0x16)[0x14b74423fb86]
[genoahost102:618853] [ 3] /lib64/libc.so.6(abort+0xd3)[0x14b744229873]
[genoahost102:618853] [ 4] /lib64/libc.so.6(+0x2979b)[0x14b74422979b]
[genoahost102:618853] [ 5] /lib64/libc.so.6(+0x388c6)[0x14b7442388c6]
[genoahost102:618853] [ 6] /direct/sdcc+u/poare/Grid/build/examples/./Example_spec_kryschur[0x4cc206]
[genoahost102:618853] [ 7] /direct/sdcc+u/poare/Grid/build/examples/./Example_spec_kryschur[0x4cc2f1]
[genoahost102:618853] [ 8] /direct/sdcc+u/poare/Grid/build/examples/./Example_spec_kryschur[0x4c7e95]
[genoahost102:618853] [ 9] /direct/sdcc+u/poare/Grid/build/examples/./Example_spec_kryschur[0x4b5f4f]
[genoahost102:618853] [10] /direct/sdcc+u/poare/Grid/build/examples/./Example_spec_kryschur[0x41180d]
[genoahost102:618853] [11] /lib64/libc.so.6(+0x2a610)[0x14b74422a610]
[genoahost102:618853] [12] /lib64/libc.so.6(__libc_start_main+0x80)[0x14b74422a6c0]
[genoahost102:618853] [13] /direct/sdcc+u/poare/Grid/build/examples/./Example_spec_kryschur[0x4147f5]
[genoahost102:618853] *** End of error message ***
[genoahost097:1721842] [ 1] /lib64/libc.so.6(+0x8d02c)[0x14cf57c8d02c]
[genoahost097:1721842] [ 2] /lib64/libc.so.6(raise+0x16)[0x14cf57c3fb86]
[genoahost097:1721842] [ 3] /lib64/libc.so.6(abort+0xd3)[0x14cf57c29873]
[genoahost097:1721842] [ 4] /lib64/libc.so.6(+0x2979b)[0x14cf57c2979b]
[genoahost097:1721842] [ 5] /lib64/libc.so.6(+0x388c6)[0x14cf57c388c6]
[genoahost097:1721842] [ 6] /direct/sdcc+u/poare/Grid/build/examples/./Example_spec_kryschur[0x4cc206]
[genoahost097:1721842] [ 7] /direct/sdcc+u/poare/Grid/build/examples/./Example_spec_kryschur[0x4cc2f1]
[genoahost097:1721842] [ 8] /direct/sdcc+u/poare/Grid/build/examples/./Example_spec_kryschur[0x4c7e95]
[genoahost097:1721842] [ 9] /direct/sdcc+u/poare/Grid/build/examples/./Example_spec_kryschur[0x4b5f4f]
[genoahost097:1721842] [10] /direct/sdcc+u/poare/Grid/build/examples/./Example_spec_kryschur[0x41180d]
[genoahost097:1721842] [11] /lib64/libc.so.6(+0x2a610)[0x14cf57c2a610]
[genoahost097:1721842] [12] /lib64/libc.so.6(__libc_start_main+0x80)[0x14cf57c2a6c0]
[genoahost097:1721842] [13] /direct/sdcc+u/poare/Grid/build/examples/./Example_spec_kryschur[0x4147f5]
[genoahost097:1721842] *** End of error message ***
srun: error: genoahost098: task 17: Aborted (core dumped)
srun: error: genoahost100: task 56: Aborted (core dumped)
srun: error: genoahost101: task 74: Aborted (core dumped)
Example_spec_kryschur: ../../Grid/communicator/SharedMemoryMPI.cc:434: static void Grid::GlobalSharedMemory::OptimalCommunicatorSharedMemory(const Coordinate&, ompi_communicator_t*&, Grid::Coordinate&): Assertion `WorldSize==Nprocessors' failed.
[genoahost100:639530] *** Process received signal ***
[genoahost100:639530] Signal: Aborted (6)
[genoahost100:639530] Signal code:  (-6)
[genoahost100:639530] [ 0] /lib64/libc.so.6(+0x3fc30)[0x152fb463fc30]
[genoahost100:639530] [ 1] /lib64/libc.so.6(+0x8d02c)[0x152fb468d02c]
[genoahost100:639530] [ 2] /lib64/libc.so.6(raise+0x16)[0x152fb463fb86]
[genoahost100:639530] [ 3] /lib64/libc.so.6(abort+0xd3)[0x152fb4629873]
[genoahost100:639530] [ 4] /lib64/libc.so.6(+0x2979b)[0x152fb462979b]
[genoahost100:639530] [ 5] /lib64/libc.so.6(+0x388c6)[0x152fb46388c6]
[genoahost100:639530] [ 6] /direct/sdcc+u/poare/Grid/build/examples/./Example_spec_kryschur[0x4cc206]
[genoahost100:639530] [ 7] /direct/sdcc+u/poare/Grid/build/examples/./Example_spec_kryschur[0x4cc2f1]
[genoahost100:639530] [ 8] /direct/sdcc+u/poare/Grid/build/examples/./Example_spec_kryschur[0x4c7e95]
[genoahost100:639530] [ 9] /direct/sdcc+u/poare/Grid/build/examples/./Example_spec_kryschur[0x4b5f4f]
[genoahost100:639530] [10] /direct/sdcc+u/poare/Grid/build/examples/./Example_spec_kryschur[0x41180d]
[genoahost100:639530] [11] /lib64/libc.so.6(+0x2a610)[0x152fb462a610]
[genoahost100:639530] [12] /lib64/libc.so.6(__libc_start_main+0x80)[0x152fb462a6c0]
[genoahost100:639530] [13] /direct/sdcc+u/poare/Grid/build/examples/./Example_spec_kryschur[0x4147f5]
[genoahost100:639530] *** End of error message ***
Example_spec_kryschur: ../../Grid/communicator/SharedMemoryMPI.cc:434: static void Grid::GlobalSharedMemory::OptimalCommunicatorSharedMemory(const Coordinate&, ompi_communicator_t*&, Grid::Coordinate&): Assertion `WorldSize==Nprocessors' failed.
[genoahost102:618844] *** Process received signal ***
[genoahost102:618844] Signal: Aborted (6)
[genoahost102:618844] Signal code:  (-6)
[genoahost102:618844] [ 0] /lib64/libc.so.6(+0x3fc30)[0x149a14a3fc30]
[genoahost102:618844] [ 1] /lib64/libc.so.6(+0x8d02c)[0x149a14a8d02c]
[genoahost102:618844] [ 2] /lib64/libc.so.6(raise+0x16)[0x149a14a3fb86]
[genoahost102:618844] [ 3] /lib64/libc.so.6(abort+0xd3)[0x149a14a29873]
[genoahost102:618844] [ 4] /lib64/libc.so.6(+0x2979b)[0x149a14a2979b]
[genoahost102:618844] [ 5] /lib64/libc.so.6(+0x388c6)[0x149a14a388c6]
[genoahost102:618844] [ 6] /direct/sdcc+u/poare/Grid/build/examples/./Example_spec_kryschur[0x4cc206]
[genoahost102:618844] [ 7] /direct/sdcc+u/poare/Grid/build/examples/./Example_spec_kryschur[0x4cc2f1]
[genoahost102:618844] [ 8] /direct/sdcc+u/poare/Grid/build/examples/./Example_spec_kryschur[0x4c7e95]
[genoahost102:618844] [ 9] /direct/sdcc+u/poare/Grid/build/examples/./Example_spec_kryschur[0x4b5f4f]
[genoahost102:618844] [10] /direct/sdcc+u/poare/Grid/build/examples/./Example_spec_kryschur[0x41180d]
[genoahost102:618844] [11] /lib64/libc.so.6(+0x2a610)[0x149a14a2a610]
[genoahost102:618844] [12] /lib64/libc.so.6(__libc_start_main+0x80)[0x149a14a2a6c0]
[genoahost102:618844] [13] /direct/sdcc+u/poare/Grid/build/examples/./Example_spec_kryschur[0x4147f5]
[genoahost102:618844] *** End of error message ***
Example_spec_kryschur: ../../Grid/communicator/SharedMemoryMPI.cc:434: static void Grid::GlobalSharedMemory::OptimalCommunicatorSharedMemory(const Coordinate&, ompi_communicator_t*&, Grid::Coordinate&): Assertion `WorldSize==Nprocessors' failed.
[genoahost102:618845] *** Process received signal ***
[genoahost102:618845] Signal: Aborted (6)
[genoahost102:618845] Signal code:  (-6)
[genoahost102:618845] [ 0] /lib64/libc.so.6(+0x3fc30)[0x1456c403fc30]
[genoahost102:618845] [ 1] /lib64/libc.so.6(+0x8d02c)[0x1456c408d02c]
[genoahost102:618845] [ 2] /lib64/libc.so.6(raise+0x16)[0x1456c403fb86]
[genoahost102:618845] [ 3] /lib64/libc.so.6(abort+0xd3)[0x1456c4029873]
[genoahost102:618845] [ 4] /lib64/libc.so.6(+0x2979b)[0x1456c402979b]
[genoahost102:618845] [ 5] /lib64/libc.so.6(+0x388c6)[0x1456c40388c6]
[genoahost102:618845] [ 6] /direct/sdcc+u/poare/Grid/build/examples/./Example_spec_kryschur[0x4cc206]
[genoahost102:618845] [ 7] /direct/sdcc+u/poare/Grid/build/examples/./Example_spec_kryschur[0x4cc2f1]
[genoahost102:618845] [ 8] /direct/sdcc+u/poare/Grid/build/examples/./Example_spec_kryschur[0x4c7e95]
[genoahost102:618845] [ 9] /direct/sdcc+u/poare/Grid/build/examples/./Example_spec_kryschur[0x4b5f4f]
[genoahost102:618845] [10] /direct/sdcc+u/poare/Grid/build/examples/./Example_spec_kryschur[0x41180d]
[genoahost102:618845] [11] /lib64/libc.so.6(+0x2a610)[0x1456c402a610]
[genoahost102:618845] [12] /lib64/libc.so.6(__libc_start_main+0x80)[0x1456c402a6c0]
[genoahost102:618845] [13] /direct/sdcc+u/poare/Grid/build/examples/./Example_spec_kryschur[0x4147f5]
[genoahost102:618845] *** End of error message ***
Example_spec_kryschur: ../../Grid/communicator/SharedMemoryMPI.cc:434: static void Grid::GlobalSharedMemory::OptimalCommunicatorSharedMemory(const Coordinate&, ompi_communicator_t*&, Grid::Coordinate&): Assertion `WorldSize==Nprocessors' failed.
[genoahost102:618847] *** Process received signal ***
[genoahost102:618847] Signal: Aborted (6)
[genoahost102:618847] Signal code:  (-6)
[genoahost102:618847] [ 0] /lib64/libc.so.6(+0x3fc30)[0x152d3cc3fc30]
[genoahost102:618847] [ 1] /lib64/libc.so.6(+0x8d02c)[0x152d3cc8d02c]
[genoahost102:618847] [ 2] /lib64/libc.so.6(raise+0x16)[0x152d3cc3fb86]
[genoahost102:618847] [ 3] /lib64/libc.so.6(abort+0xd3)[0x152d3cc29873]
[genoahost102:618847] [ 4] /lib64/libc.so.6(+0x2979b)[0x152d3cc2979b]
[genoahost102:618847] [ 5] /lib64/libc.so.6(+0x388c6)[0x152d3cc388c6]
[genoahost102:618847] [ 6] /direct/sdcc+u/poare/Grid/build/examples/./Example_spec_kryschur[0x4cc206]
[genoahost102:618847] [ 7] /direct/sdcc+u/poare/Grid/build/examples/./Example_spec_kryschur[0x4cc2f1]
[genoahost102:618847] [ 8] /direct/sdcc+u/poare/Grid/build/examples/./Example_spec_kryschur[0x4c7e95]
[genoahost102:618847] [ 9] /direct/sdcc+u/poare/Grid/build/examples/./Example_spec_kryschur[0x4b5f4f]
[genoahost102:618847] [10] /direct/sdcc+u/poare/Grid/build/examples/./Example_spec_kryschur[0x41180d]
[genoahost102:618847] [11] /lib64/libc.so.6(+0x2a610)[0x152d3cc2a610]
[genoahost102:618847] [12] /lib64/libc.so.6(__libc_start_main+0x80)[0x152d3cc2a6c0]
[genoahost102:618847] [13] /direct/sdcc+u/poare/Grid/build/examples/./Example_spec_kryschur[0x4147f5]
[genoahost102:618847] *** End of error message ***
srun: error: genoahost101: task 64: Aborted (core dumped)
srun: error: genoahost101: tasks 65,75,77: Aborted (core dumped)
srun: error: genoahost101: task 79: Aborted (core dumped)
Example_spec_kryschur: ../../Grid/communicator/SharedMemoryMPI.cc:434: static void Grid::GlobalSharedMemory::OptimalCommunicatorSharedMemory(const Coordinate&, ompi_communicator_t*&, Grid::Coordinate&): Assertion `WorldSize==Nprocessors' failed.
[genoahost101:1138805] *** Process received signal ***
[genoahost101:1138805] Signal: Aborted (6)
[genoahost101:1138805] Signal code:  (-6)
[genoahost101:1138805] [ 0] /lib64/libc.so.6(+0x3fc30)[0x15287103fc30]
[genoahost101:1138805] [ 1] /lib64/libc.so.6(+0x8d02c)[0x15287108d02c]
[genoahost101:1138805] [ 2] /lib64/libc.so.6(raise+0x16)[0x15287103fb86]
[genoahost101:1138805] [ 3] /lib64/libc.so.6(abort+0xd3)[0x152871029873]
[genoahost101:1138805] [ 4] /lib64/libc.so.6(+0x2979b)[0x15287102979b]
[genoahost101:1138805] [ 5] /lib64/libc.so.6(+0x388c6)[0x1528710388c6]
[genoahost101:1138805] [ 6] /direct/sdcc+u/poare/Grid/build/examples/./Example_spec_kryschur[0x4cc206]
[genoahost101:1138805] [ 7] /direct/sdcc+u/poare/Grid/build/examples/./Example_spec_kryschur[0x4cc2f1]
[genoahost101:1138805] [ 8] /direct/sdcc+u/poare/Grid/build/examples/./Example_spec_kryschur[0x4c7e95]
[genoahost101:1138805] [ 9] /direct/sdcc+u/poare/Grid/build/examples/./Example_spec_kryschur[0x4b5f4f]
[genoahost101:1138805] [10] /direct/sdcc+u/poare/Grid/build/examples/./Example_spec_kryschur[0x41180d]
[genoahost101:1138805] [11] /lib64/libc.so.6(+0x2a610)[0x15287102a610]
[genoahost101:1138805] [12] /lib64/libc.so.6(__libc_start_main+0x80)[0x15287102a6c0]
[genoahost101:1138805] [13] /direct/sdcc+u/poare/Grid/build/examples/./Example_spec_kryschur[0x4147f5]
[genoahost101:1138805] *** End of error message ***
Example_spec_kryschur: ../../Grid/communicator/SharedMemoryMPI.cc:434: static void Grid::GlobalSharedMemory::OptimalCommunicatorSharedMemory(const Coordinate&, ompi_communicator_t*&, Grid::Coordinate&): Assertion `WorldSize==Nprocessors' failed.
[genoahost101:1138806] *** Process received signal ***
[genoahost101:1138806] Signal: Aborted (6)
[genoahost101:1138806] Signal code:  (-6)
[genoahost101:1138806] [ 0] /lib64/libc.so.6(+0x3fc30)[0x14ff28a3fc30]
[genoahost101:1138806] [ 1] /lib64/libc.so.6(+0x8d02c)[0x14ff28a8d02c]
[genoahost101:1138806] [ 2] /lib64/libc.so.6(raise+0x16)[0x14ff28a3fb86]
[genoahost101:1138806] [ 3] /lib64/libc.so.6(abort+0xd3)[0x14ff28a29873]
[genoahost101:1138806] [ 4] /lib64/libc.so.6(+0x2979b)[0x14ff28a2979b]
[genoahost101:1138806] [ 5] /lib64/libc.so.6(+0x388c6)[0x14ff28a388c6]
[genoahost101:1138806] [ 6] /direct/sdcc+u/poare/Grid/build/examples/./Example_spec_kryschur[0x4cc206]
[genoahost101:1138806] [ 7] /direct/sdcc+u/poare/Grid/build/examples/./Example_spec_kryschur[0x4cc2f1]
[genoahost101:1138806] [ 8] /direct/sdcc+u/poare/Grid/build/examples/./Example_spec_kryschur[0x4c7e95]
[genoahost101:1138806] [ 9] /direct/sdcc+u/poare/Grid/build/examples/./Example_spec_kryschur[0x4b5f4f]
[genoahost101:1138806] [10] /direct/sdcc+u/poare/Grid/build/examples/./Example_spec_kryschur[0x41180d]
[genoahost101:1138806] [11] /lib64/libc.so.6(+0x2a610)[0x14ff28a2a610]
[genoahost101:1138806] [12] /lib64/libc.so.6(__libc_start_main+0x80)[0x14ff28a2a6c0]
[genoahost101:1138806] [13] /direct/sdcc+u/poare/Grid/build/examples/./Example_spec_kryschur[0x4147f5]
[genoahost101:1138806] *** End of error message ***
srun: error: genoahost098: task 26: Aborted (core dumped)
srun: error: genoahost098: task 16: Aborted (core dumped)
srun: error: genoahost102: task 88: Aborted (core dumped)
srun: error: genoahost098: task 23: Aborted (core dumped)
srun: error: genoahost099: tasks 32,39: Aborted (core dumped)
srun: error: genoahost099: task 41: Aborted (core dumped)
srun: error: genoahost100: task 61: Aborted (core dumped)
srun: error: genoahost104: task 126: Aborted (core dumped)
srun: error: genoahost104: task 115: Aborted (core dumped)
srun: error: genoahost097: tasks 14-15: Aborted (core dumped)
srun: error: genoahost099: task 35: Aborted (core dumped)
srun: error: genoahost103: task 96: Aborted (core dumped)
srun: error: genoahost097: task 1: Aborted (core dumped)
srun: error: genoahost103: tasks 99,103,108: Aborted (core dumped)
srun: error: genoahost103: task 98: Aborted (core dumped)
srun: error: genoahost101: task 70: Aborted (core dumped)
srun: error: genoahost101: task 71: Aborted (core dumped)
srun: error: genoahost099: task 46: Aborted (core dumped)
srun: error: genoahost102: task 94: Aborted (core dumped)
srun: error: genoahost102: tasks 85-86: Aborted (core dumped)
