8
128
2.4.4.4.1
No PMIx server was reachable, but a PMI1/2 was detected.
If srun is being used to launch application,  128 singletons will be started.
SharedMemoryMpi:  World communicator of size 1
SharedMemoryMpi:  Node  communicator of size 1
SharedMemoryMpi: SharedMemoryAllocate 17179869184 SHMOPEN implementation 
SharedMemoryMpi:  World communicator of size 1
SharedMemoryMpi:  Node  communicator of size 1
SharedMemoryMpi: SharedMemoryAllocate 17179869184 SHMOPEN implementation 
SharedMemoryMpi:  World communicator of size 1
SharedMemoryMpi:  Node  communicator of size 1
SharedMemoryMpi: SharedMemoryAllocate 17179869184 SHMOPEN implementation 
SharedMemoryMpi:  World communicator of size 1
SharedMemoryMpi:  Node  communicator of size 1
SharedMemoryMpi: SharedMemoryAllocate 17179869184 SHMOPEN implementation 
SharedMemoryMpi:  World communicator of size 1
SharedMemoryMpi:  Node  communicator of size 1
SharedMemoryMpi: SharedMemoryAllocate 17179869184 SHMOPEN implementation 
SharedMemoryMpi:  World communicator of size 1
SharedMemoryMpi:  Node  communicator of size 1
SharedMemoryMpi: SharedMemoryAllocate 17179869184 SHMOPEN implementation 
SharedMemoryMpi:  World communicator of size 1
SharedMemoryMpi:  Node  communicator of size 1
SharedMemoryMpi: SharedMemoryAllocate 17179869184 SHMOPEN implementation 
SharedMemoryMpi:  World communicator of size 1
SharedMemoryMpi:  Node  communicator of size 1
SharedMemoryMpi: SharedMemoryAllocate 17179869184 SHMOPEN implementation 
SharedMemoryMpi:  World communicator of size 1
SharedMemoryMpi:  Node  communicator of size 1
SharedMemoryMpi: SharedMemoryAllocate 17179869184 SHMOPEN implementation 
SharedMemoryMpi:  World communicator of size 1
SharedMemoryMpi:  Node  communicator of size 1
SharedMemoryMpi: SharedMemoryAllocate 17179869184 SHMOPEN implementation 
SharedMemoryMpi:  World communicator of size 1
SharedMemoryMpi:  Node  communicator of size 1
SharedMemoryMpi: SharedMemoryAllocate 17179869184 SHMOPEN implementation 
SharedMemoryMpi:  World communicator of size 1
SharedMemoryMpi:  Node  communicator of size 1
SharedMemoryMpi: SharedMemoryAllocate 17179869184 SHMOPEN implementation 
SharedMemoryMpi:  World communicator of size 1
SharedMemoryMpi:  Node  communicator of size 1
SharedMemoryMpi: SharedMemoryAllocate 17179869184 SHMOPEN implementation 
SharedMemoryMpi:  World communicator of size 1
SharedMemoryMpi:  Node  communicator of size 1
SharedMemoryMpi: SharedMemoryAllocate 17179869184 SHMOPEN implementation 
SharedMemoryMpi:  World communicator of size 1
SharedMemoryMpi:  Node  communicator of size 1
SharedMemoryMpi: SharedMemoryAllocate 17179869184 SHMOPEN implementation 
SharedMemoryMpi:  World communicator of size 1
SharedMemoryMpi:  Node  communicator of size 1
SharedMemoryMpi: SharedMemoryAllocate 17179869184 SHMOPEN implementation 
SharedMemoryMpi:  World communicator of size 1
SharedMemoryMpi:  Node  communicator of size 1
SharedMemoryMpi: SharedMemoryAllocate 17179869184 SHMOPEN implementation 
SharedMemoryMpi:  World communicator of size 1
SharedMemoryMpi:  Node  communicator of size 1
SharedMemoryMpi: SharedMemoryAllocate 17179869184 SHMOPEN implementation 
SharedMemoryMpi:  World communicator of size 1
SharedMemoryMpi:  Node  communicator of size 1
SharedMemoryMpi: SharedMemoryAllocate 17179869184 SHMOPEN implementation 
SharedMemoryMpi:  World communicator of size 1
SharedMemoryMpi:  Node  communicator of size 1
SharedMemoryMpi: SharedMemoryAllocate 17179869184 SHMOPEN implementation 
SharedMemoryMpi:  World communicator of size 1
SharedMemoryMpi:  Node  communicator of size 1
SharedMemoryMpi: SharedMemoryAllocate 17179869184 SHMOPEN implementation 
SharedMemoryMpi:  World communicator of size 1
SharedMemoryMpi:  Node  communicator of size 1
SharedMemoryMpi: SharedMemoryAllocate 17179869184 SHMOPEN implementation 
SharedMemoryMpi:  World communicator of size 1
SharedMemoryMpi:  Node  communicator of size 1
SharedMemoryMpi: SharedMemoryAllocate 17179869184 SHMOPEN implementation 
SharedMemoryMpi:  World communicator of size 1
SharedMemoryMpi:  Node  communicator of size 1
SharedMemoryMpi: SharedMemoryAllocate 17179869184 SHMOPEN implementation 
SharedMemoryMpi:  World communicator of size 1
SharedMemoryMpi:  Node  communicator of size 1
SharedMemoryMpi: SharedMemoryAllocate 17179869184 SHMOPEN implementation 
SharedMemoryMpi:  World communicator of size 1
SharedMemoryMpi:  Node  communicator of size 1
SharedMemoryMpi: SharedMemoryAllocate 17179869184 SHMOPEN implementation 
SharedMemoryMpi:  World communicator of size 1
SharedMemoryMpi:  Node  communicator of size 1
SharedMemoryMpi: SharedMemoryAllocate 17179869184 SHMOPEN implementation 
SharedMemoryMpi:  World communicator of size 1
SharedMemoryMpi:  Node  communicator of size 1
SharedMemoryMpi: SharedMemoryAllocate 17179869184 SHMOPEN implementation 
SharedMemoryMpi:  World communicator of size 1
SharedMemoryMpi:  Node  communicator of size 1
SharedMemoryMpi: SharedMemoryAllocate 17179869184 SHMOPEN implementation 
SharedMemoryMpi:  World communicator of size 1
SharedMemoryMpi:  Node  communicator of size 1
SharedMemoryMpi: SharedMemoryAllocate 17179869184 SHMOPEN implementation 
SharedMemoryMpi:  World communicator of size 1
SharedMemoryMpi:  Node  communicator of size 1
SharedMemoryMpi: SharedMemoryAllocate 17179869184 SHMOPEN implementation 
SharedMemoryMpi:  World communicator of size 1
SharedMemoryMpi:  Node  communicator of size 1
SharedMemoryMpi: SharedMemoryAllocate 17179869184 SHMOPEN implementation 
SharedMemoryMpi:  World communicator of size 1
SharedMemoryMpi:  Node  communicator of size 1
SharedMemoryMpi: SharedMemoryAllocate 17179869184 SHMOPEN implementation 
SharedMemoryMpi:  World communicator of size 1
SharedMemoryMpi:  Node  communicator of size 1
SharedMemoryMpi: SharedMemoryAllocate 17179869184 SHMOPEN implementation 
SharedMemoryMpi:  World communicator of size 1
SharedMemoryMpi:  Node  communicator of size 1
SharedMemoryMpi: SharedMemoryAllocate 17179869184 SHMOPEN implementation 
SharedMemoryMpi:  World communicator of size 1
SharedMemoryMpi:  Node  communicator of size 1
SharedMemoryMpi: SharedMemoryAllocate 17179869184 SHMOPEN implementation 
SharedMemoryMpi:  World communicator of size 1
SharedMemoryMpi:  Node  communicator of size 1
SharedMemoryMpi: SharedMemoryAllocate 17179869184 SHMOPEN implementation 
SharedMemoryMpi:  World communicator of size 1
SharedMemoryMpi:  Node  communicator of size 1
SharedMemoryMpi: SharedMemoryAllocate 17179869184 SHMOPEN implementation 
SharedMemoryMpi:  World communicator of size 1
SharedMemoryMpi:  Node  communicator of size 1
SharedMemoryMpi: SharedMemoryAllocate 17179869184 SHMOPEN implementation 
SharedMemoryMpi:  World communicator of size 1
SharedMemoryMpi:  Node  communicator of size 1
SharedMemoryMpi: SharedMemoryAllocate 17179869184 SHMOPEN implementation 
SharedMemoryMpi:  World communicator of size 1
SharedMemoryMpi:  Node  communicator of size 1
SharedMemoryMpi: SharedMemoryAllocate 17179869184 SHMOPEN implementation 
SharedMemoryMpi:  World communicator of size 1
SharedMemoryMpi:  Node  communicator of size 1
SharedMemoryMpi: SharedMemoryAllocate 17179869184 SHMOPEN implementation 
SharedMemoryMpi:  World communicator of size 1
SharedMemoryMpi:  Node  communicator of size 1
SharedMemoryMpi: SharedMemoryAllocate 17179869184 SHMOPEN implementation 
SharedMemoryMpi:  World communicator of size 1
SharedMemoryMpi:  Node  communicator of size 1
SharedMemoryMpi: SharedMemoryAllocate 17179869184 SHMOPEN implementation 
SharedMemoryMpi:  World communicator of size 1
SharedMemoryMpi:  Node  communicator of size 1
SharedMemoryMpi: SharedMemoryAllocate 17179869184 SHMOPEN implementation 
SharedMemoryMpi:  World communicator of size 1
SharedMemoryMpi:  Node  communicator of size 1
SharedMemoryMpi: SharedMemoryAllocate 17179869184 SHMOPEN implementation 
SharedMemoryMpi:  World communicator of size 1
SharedMemoryMpi:  Node  communicator of size 1
SharedMemoryMpi: SharedMemoryAllocate 17179869184 SHMOPEN implementation 
SharedMemoryMpi:  World communicator of size 1
SharedMemoryMpi:  Node  communicator of size 1
SharedMemoryMpi: SharedMemoryAllocate 17179869184 SHMOPEN implementation 
SharedMemoryMpi:  World communicator of size 1
SharedMemoryMpi:  Node  communicator of size 1
SharedMemoryMpi: SharedMemoryAllocate 17179869184 SHMOPEN implementation 
SharedMemoryMpi:  World communicator of size 1
SharedMemoryMpi:  Node  communicator of size 1
SharedMemoryMpi: SharedMemoryAllocate 17179869184 SHMOPEN implementation 
SharedMemoryMpi:  World communicator of size 1
SharedMemoryMpi:  Node  communicator of size 1
SharedMemoryMpi: SharedMemoryAllocate 17179869184 SHMOPEN implementation 
SharedMemoryMpi:  World communicator of size 1
SharedMemoryMpi:  Node  communicator of size 1
SharedMemoryMpi: SharedMemoryAllocate 17179869184 SHMOPEN implementation 
SharedMemoryMpi:  World communicator of size 1
SharedMemoryMpi:  Node  communicator of size 1
SharedMemoryMpi: SharedMemoryAllocate 17179869184 SHMOPEN implementation 
SharedMemoryMpi:  World communicator of size 1
SharedMemoryMpi:  Node  communicator of size 1
SharedMemoryMpi: SharedMemoryAllocate 17179869184 SHMOPEN implementation 
SharedMemoryMpi:  World communicator of size 1
SharedMemoryMpi:  Node  communicator of size 1
SharedMemoryMpi: SharedMemoryAllocate 17179869184 SHMOPEN implementation 
SharedMemoryMpi:  World communicator of size 1
SharedMemoryMpi:  Node  communicator of size 1
SharedMemoryMpi: SharedMemoryAllocate 17179869184 SHMOPEN implementation 
SharedMemoryMpi:  World communicator of size 1
SharedMemoryMpi:  Node  communicator of size 1
SharedMemoryMpi: SharedMemoryAllocate 17179869184 SHMOPEN implementation 
SharedMemoryMpi:  World communicator of size 1
SharedMemoryMpi:  Node  communicator of size 1
SharedMemoryMpi: SharedMemoryAllocate 17179869184 SHMOPEN implementation 
SharedMemoryMpi:  World communicator of size 1
SharedMemoryMpi:  Node  communicator of size 1
SharedMemoryMpi: SharedMemoryAllocate 17179869184 SHMOPEN implementation 
SharedMemoryMpi:  World communicator of size 1
SharedMemoryMpi:  Node  communicator of size 1
SharedMemoryMpi: SharedMemoryAllocate 17179869184 SHMOPEN implementation 
SharedMemoryMpi:  World communicator of size 1
SharedMemoryMpi:  Node  communicator of size 1
SharedMemoryMpi: SharedMemoryAllocate 17179869184 SHMOPEN implementation 
SharedMemoryMpi:  World communicator of size 1
SharedMemoryMpi:  Node  communicator of size 1
SharedMemoryMpi: SharedMemoryAllocate 17179869184 SHMOPEN implementation 
SharedMemoryMpi:  World communicator of size 1
SharedMemoryMpi:  Node  communicator of size 1
SharedMemoryMpi: SharedMemoryAllocate 17179869184 SHMOPEN implementation 
SharedMemoryMpi:  World communicator of size 1
SharedMemoryMpi:  Node  communicator of size 1
SharedMemoryMpi: SharedMemoryAllocate 17179869184 SHMOPEN implementation 
SharedMemoryMpi:  World communicator of size 1
SharedMemoryMpi:  Node  communicator of size 1
SharedMemoryMpi: SharedMemoryAllocate 17179869184 SHMOPEN implementation 
SharedMemoryMpi:  World communicator of size 1
SharedMemoryMpi:  Node  communicator of size 1
SharedMemoryMpi: SharedMemoryAllocate 17179869184 SHMOPEN implementation 
SharedMemoryMpi:  World communicator of size 1
SharedMemoryMpi:  Node  communicator of size 1
SharedMemoryMpi: SharedMemoryAllocate 17179869184 SHMOPEN implementation 
SharedMemoryMpi:  World communicator of size 1
SharedMemoryMpi:  Node  communicator of size 1
SharedMemoryMpi: SharedMemoryAllocate 17179869184 SHMOPEN implementation 
SharedMemoryMpi:  World communicator of size 1
SharedMemoryMpi:  Node  communicator of size 1
SharedMemoryMpi: SharedMemoryAllocate 17179869184 SHMOPEN implementation 
SharedMemoryMpi:  World communicator of size 1
SharedMemoryMpi:  Node  communicator of size 1
SharedMemoryMpi: SharedMemoryAllocate 17179869184 SHMOPEN implementation 
SharedMemoryMpi:  World communicator of size 1
SharedMemoryMpi:  Node  communicator of size 1
SharedMemoryMpi: SharedMemoryAllocate 17179869184 SHMOPEN implementation 
SharedMemoryMpi:  World communicator of size 1
SharedMemoryMpi:  Node  communicator of size 1
SharedMemoryMpi: SharedMemoryAllocate 17179869184 SHMOPEN implementation 
SharedMemoryMpi:  World communicator of size 1
SharedMemoryMpi:  Node  communicator of size 1
SharedMemoryMpi: SharedMemoryAllocate 17179869184 SHMOPEN implementation 
SharedMemoryMpi:  World communicator of size 1
SharedMemoryMpi:  Node  communicator of size 1
SharedMemoryMpi: SharedMemoryAllocate 17179869184 SHMOPEN implementation 
SharedMemoryMpi:  World communicator of size 1
SharedMemoryMpi:  Node  communicator of size 1
SharedMemoryMpi: SharedMemoryAllocate 17179869184 SHMOPEN implementation 
SharedMemoryMpi:  World communicator of size 1
SharedMemoryMpi:  Node  communicator of size 1
SharedMemoryMpi: SharedMemoryAllocate 17179869184 SHMOPEN implementation 
SharedMemoryMpi:  World communicator of size 1
SharedMemoryMpi:  Node  communicator of size 1
SharedMemoryMpi: SharedMemoryAllocate 17179869184 SHMOPEN implementation 
SharedMemoryMpi:  World communicator of size 1
SharedMemoryMpi:  Node  communicator of size 1
SharedMemoryMpi: SharedMemoryAllocate 17179869184 SHMOPEN implementation 
SharedMemoryMpi:  World communicator of size 1
SharedMemoryMpi:  Node  communicator of size 1
SharedMemoryMpi: SharedMemoryAllocate 17179869184 SHMOPEN implementation 
SharedMemoryMpi:  World communicator of size 1
SharedMemoryMpi:  Node  communicator of size 1
SharedMemoryMpi: SharedMemoryAllocate 17179869184 SHMOPEN implementation 
SharedMemoryMpi:  World communicator of size 1
SharedMemoryMpi:  Node  communicator of size 1
SharedMemoryMpi: SharedMemoryAllocate 17179869184 SHMOPEN implementation 
SharedMemoryMpi:  World communicator of size 1
SharedMemoryMpi:  Node  communicator of size 1
SharedMemoryMpi: SharedMemoryAllocate 17179869184 SHMOPEN implementation 
SharedMemoryMpi:  World communicator of size 1
SharedMemoryMpi:  Node  communicator of size 1
SharedMemoryMpi: SharedMemoryAllocate 17179869184 SHMOPEN implementation 
SharedMemoryMpi:  World communicator of size 1
SharedMemoryMpi:  Node  communicator of size 1
SharedMemoryMpi: SharedMemoryAllocate 17179869184 SHMOPEN implementation 
SharedMemoryMpi:  World communicator of size 1
SharedMemoryMpi:  Node  communicator of size 1
SharedMemoryMpi: SharedMemoryAllocate 17179869184 SHMOPEN implementation 
SharedMemoryMpi:  World communicator of size 1
SharedMemoryMpi:  Node  communicator of size 1
SharedMemoryMpi: SharedMemoryAllocate 17179869184 SHMOPEN implementation 
SharedMemoryMpi:  World communicator of size 1
SharedMemoryMpi:  Node  communicator of size 1
SharedMemoryMpi: SharedMemoryAllocate 17179869184 SHMOPEN implementation 
SharedMemoryMpi:  World communicator of size 1
SharedMemoryMpi:  Node  communicator of size 1
SharedMemoryMpi: SharedMemoryAllocate 17179869184 SHMOPEN implementation 
SharedMemoryMpi:  World communicator of size 1
SharedMemoryMpi:  Node  communicator of size 1
SharedMemoryMpi: SharedMemoryAllocate 17179869184 SHMOPEN implementation 
SharedMemoryMpi:  World communicator of size 1
SharedMemoryMpi:  Node  communicator of size 1
SharedMemoryMpi: SharedMemoryAllocate 17179869184 SHMOPEN implementation 
SharedMemoryMpi:  World communicator of size 1
SharedMemoryMpi:  Node  communicator of size 1
SharedMemoryMpi: SharedMemoryAllocate 17179869184 SHMOPEN implementation 
SharedMemoryMpi:  World communicator of size 1
SharedMemoryMpi:  Node  communicator of size 1
SharedMemoryMpi: SharedMemoryAllocate 17179869184 SHMOPEN implementation 
SharedMemoryMpi:  World communicator of size 1
SharedMemoryMpi:  Node  communicator of size 1
SharedMemoryMpi: SharedMemoryAllocate 17179869184 SHMOPEN implementation 
SharedMemoryMpi:  World communicator of size 1
SharedMemoryMpi:  Node  communicator of size 1
SharedMemoryMpi: SharedMemoryAllocate 17179869184 SHMOPEN implementation 
SharedMemoryMpi:  World communicator of size 1
SharedMemoryMpi:  Node  communicator of size 1
SharedMemoryMpi: SharedMemoryAllocate 17179869184 SHMOPEN implementation 
SharedMemoryMpi:  World communicator of size 1
SharedMemoryMpi:  Node  communicator of size 1
SharedMemoryMpi: SharedMemoryAllocate 17179869184 SHMOPEN implementation 
SharedMemoryMpi:  World communicator of size 1
SharedMemoryMpi:  Node  communicator of size 1
SharedMemoryMpi: SharedMemoryAllocate 17179869184 SHMOPEN implementation 
SharedMemoryMpi:  World communicator of size 1
SharedMemoryMpi:  Node  communicator of size 1
SharedMemoryMpi: SharedMemoryAllocate 17179869184 SHMOPEN implementation 
SharedMemoryMpi:  World communicator of size 1
SharedMemoryMpi:  Node  communicator of size 1
SharedMemoryMpi: SharedMemoryAllocate 17179869184 SHMOPEN implementation 
SharedMemoryMpi:  World communicator of size 1
SharedMemoryMpi:  Node  communicator of size 1
SharedMemoryMpi: SharedMemoryAllocate 17179869184 SHMOPEN implementation 
SharedMemoryMpi:  World communicator of size 1
SharedMemoryMpi:  Node  communicator of size 1
SharedMemoryMpi: SharedMemoryAllocate 17179869184 SHMOPEN implementation 
SharedMemoryMpi:  World communicator of size 1
SharedMemoryMpi:  Node  communicator of size 1
SharedMemoryMpi: SharedMemoryAllocate 17179869184 SHMOPEN implementation 
SharedMemoryMpi:  World communicator of size 1
SharedMemoryMpi:  Node  communicator of size 1
SharedMemoryMpi: SharedMemoryAllocate 17179869184 SHMOPEN implementation 
SharedMemoryMpi:  World communicator of size 1
SharedMemoryMpi:  Node  communicator of size 1
SharedMemoryMpi: SharedMemoryAllocate 17179869184 SHMOPEN implementation 
SharedMemoryMpi:  World communicator of size 1
SharedMemoryMpi:  Node  communicator of size 1
SharedMemoryMpi: SharedMemoryAllocate 17179869184 SHMOPEN implementation 
SharedMemoryMpi:  World communicator of size 1
SharedMemoryMpi:  Node  communicator of size 1
SharedMemoryMpi: SharedMemoryAllocate 17179869184 SHMOPEN implementation 
SharedMemoryMpi:  World communicator of size 1
SharedMemoryMpi:  Node  communicator of size 1
SharedMemoryMpi: SharedMemoryAllocate 17179869184 SHMOPEN implementation 
SharedMemoryMpi:  World communicator of size 1
SharedMemoryMpi:  Node  communicator of size 1
SharedMemoryMpi: SharedMemoryAllocate 17179869184 SHMOPEN implementation 
SharedMemoryMpi:  World communicator of size 1
SharedMemoryMpi:  Node  communicator of size 1
SharedMemoryMpi: SharedMemoryAllocate 17179869184 SHMOPEN implementation 
SharedMemoryMpi:  World communicator of size 1
SharedMemoryMpi:  Node  communicator of size 1
SharedMemoryMpi: SharedMemoryAllocate 17179869184 SHMOPEN implementation 
SharedMemoryMpi:  World communicator of size 1
SharedMemoryMpi:  Node  communicator of size 1
SharedMemoryMpi: SharedMemoryAllocate 17179869184 SHMOPEN implementation 
SharedMemoryMpi:  World communicator of size 1
SharedMemoryMpi:  Node  communicator of size 1
SharedMemoryMpi: SharedMemoryAllocate 17179869184 SHMOPEN implementation 
SharedMemoryMpi:  World communicator of size 1
SharedMemoryMpi:  Node  communicator of size 1
SharedMemoryMpi: SharedMemoryAllocate 17179869184 SHMOPEN implementation 
SharedMemoryMpi:  World communicator of size 1
SharedMemoryMpi:  Node  communicator of size 1
SharedMemoryMpi: SharedMemoryAllocate 17179869184 SHMOPEN implementation 
SharedMemoryMpi:  World communicator of size 1
SharedMemoryMpi:  Node  communicator of size 1
SharedMemoryMpi: SharedMemoryAllocate 17179869184 SHMOPEN implementation 
SharedMemoryMpi:  World communicator of size 1
SharedMemoryMpi:  Node  communicator of size 1
SharedMemoryMpi: SharedMemoryAllocate 17179869184 SHMOPEN implementation 
SharedMemoryMpi:  World communicator of size 1
SharedMemoryMpi:  Node  communicator of size 1
SharedMemoryMpi: SharedMemoryAllocate 17179869184 SHMOPEN implementation 
SharedMemoryMpi:  World communicator of size 1
SharedMemoryMpi:  Node  communicator of size 1
SharedMemoryMpi: SharedMemoryAllocate 17179869184 SHMOPEN implementation 
SharedMemoryMpi:  World communicator of size 1
SharedMemoryMpi:  Node  communicator of size 1
SharedMemoryMpi: SharedMemoryAllocate 17179869184 SHMOPEN implementation 
SharedMemoryMpi:  World communicator of size 1
SharedMemoryMpi:  Node  communicator of size 1
SharedMemoryMpi: SharedMemoryAllocate 17179869184 SHMOPEN implementation 
SharedMemoryMpi:  World communicator of size 1
SharedMemoryMpi:  Node  communicator of size 1
SharedMemoryMpi: SharedMemoryAllocate 17179869184 SHMOPEN implementation 
SharedMemoryMpi:  World communicator of size 1
SharedMemoryMpi:  Node  communicator of size 1
SharedMemoryMpi: SharedMemoryAllocate 17179869184 SHMOPEN implementation 
SharedMemoryMpi:  World communicator of size 1
SharedMemoryMpi:  Node  communicator of size 1
SharedMemoryMpi: SharedMemoryAllocate 17179869184 SHMOPEN implementation 
SharedMemoryMpi:  World communicator of size 1
SharedMemoryMpi:  Node  communicator of size 1
SharedMemoryMpi: SharedMemoryAllocate 17179869184 SHMOPEN implementation 
SharedMemoryMpi:  World communicator of size 1
SharedMemoryMpi:  Node  communicator of size 1
SharedMemoryMpi: SharedMemoryAllocate 17179869184 SHMOPEN implementation 
SharedMemoryMpi:  World communicator of size 1
SharedMemoryMpi:  Node  communicator of size 1
SharedMemoryMpi: SharedMemoryAllocate 17179869184 SHMOPEN implementation 
SharedMemoryMpi:  World communicator of size 1
SharedMemoryMpi:  Node  communicator of size 1
SharedMemoryMpi: SharedMemoryAllocate 17179869184 SHMOPEN implementation 
SharedMemoryMpi:  World communicator of size 1
SharedMemoryMpi:  Node  communicator of size 1
SharedMemoryMpi: SharedMemoryAllocate 17179869184 SHMOPEN implementation 

__|__|__|__|__|__|__|__|__|__|__|__|__|__|__
__|__|__|__|__|__|__|__|__|__|__|__|__|__|__
__|_ |  |  |  |  |  |  |  |  |  |  |  | _|__
__|_                                    _|__
__|_   GGGG    RRRR    III    DDDD      _|__
__|_  G        R   R    I     D   D     _|__
__|_  G        R   R    I     D    D    _|__
__|_  G  GG    RRRR     I     D    D    _|__
__|_  G   G    R  R     I     D   D     _|__
__|_   GGGG    R   R   III    DDDD      _|__
__|_                                    _|__
__|__|__|__|__|__|__|__|__|__|__|__|__|__|__
__|__|__|__|__|__|__|__|__|__|__|__|__|__|__
  |  |  |  |  |  |  |  |  |  |  |  |  |  |  


Copyright (C) 2015 Peter Boyle, Azusa Yamaguchi, Guido Cossu, Antonin Portelli and other authors

This program is free software; you can redistribute it and/or modify
it under the terms of the GNU General Public License as published by
the Free Software Foundation; either version 2 of the License, or
(at your option) any later version.

This program is distributed in the hope that it will be useful,
but WITHOUT ANY WARRANTY; without even the implied warranty of
MERCHANTABILITY or FITNESS FOR A PARTICULAR PURPOSE.  See the
GNU General Public License for more details.
Current Grid git commit hash=82d411ca7bb8ec4a5b5c3815df23674cfd291070: (HEAD -> develop, origin/develop, origin/HEAD) clean

Grid : Message : ================================================ 
Grid : Message : MPI is initialised and logging filters activated 
Grid : Message : ================================================ 
Grid : Message : This rank is running on host genoahost104.sdcc.bnl.local at local time 2026-02-27 13:56:00
Grid : Message : Requested 17179869184 byte stencil comms buffers 
Grid : Message : MemoryManager::Init() setting up
Grid : Message : MemoryManager::Init() cache pool for recent host   allocations: SMALL 8 LARGE 2 HUGE 0
Grid : Message : MemoryManager::Init() cache pool for recent device allocations: SMALL 16 LARGE 8 Huge 0
Grid : Message : MemoryManager::Init() cache pool for recent shared allocations: SMALL 16 LARGE 8 Huge 0
Grid : Message : MemoryManager::Init() Unified memory space
Sorting eigenvalues using EvalReSmall
Lattice size: [16 16 16 32]
Example_spec_kryschur: ../../Grid/communicator/SharedMemoryMPI.cc:434: static void Grid::GlobalSharedMemory::OptimalCommunicatorSharedMemory(const Coordinate&, ompi_communicator_t*&, Grid::Coordinate&): Assertion `WorldSize==Nprocessors' failed.
[genoahost104:633945] *** Process received signal ***
[genoahost104:633945] Signal: Aborted (6)
[genoahost104:633945] Signal code:  (-6)
[genoahost104:633945] [ 0] /lib64/libc.so.6(+0x3fc30)[0x14f734e3fc30]
[genoahost104:633945] [ 1] /lib64/libc.so.6(+0x8d02c)[0x14f734e8d02c]
[genoahost104:633945] [ 2] /lib64/libc.so.6(raise+0x16)[0x14f734e3fb86]
[genoahost104:633945] [ 3] /lib64/libc.so.6(abort+0xd3)[0x14f734e29873]
[genoahost104:633945] [ 4] /lib64/libc.so.6(+0x2979b)[0x14f734e2979b]
[genoahost104:633945] [ 5] /lib64/libc.so.6(+0x388c6)[0x14f734e388c6]
[genoahost104:633945] [ 6] /direct/sdcc+u/poare/Grid/build/examples/./Example_spec_kryschur[0x4cc206]
[genoahost104:633945] [ 7] /direct/sdcc+u/poare/Grid/build/examples/./Example_spec_kryschur[0x4cc2f1]
[genoahost104:633945] [ 8] /direct/sdcc+u/poare/Grid/build/examples/./Example_spec_kryschur[0x4c7e95]
[genoahost104:633945] [ 9] /direct/sdcc+u/poare/Grid/build/examples/./Example_spec_kryschur[0x4b5f4f]
[genoahost104:633945] [10] /direct/sdcc+u/poare/Grid/build/examples/./Example_spec_kryschur[0x41180d]
[genoahost104:633945] [11] /lib64/libc.so.6(+0x2a610)[0x14f734e2a610]
[genoahost104:633945] [12] /lib64/libc.so.6(__libc_start_main+0x80)[0x14f734e2a6c0]
[genoahost104:633945] [13] /direct/sdcc+u/poare/Grid/build/examples/./Example_spec_kryschur[0x4147f5]
[genoahost104:633945] *** End of error message ***

__|__|__|__|__|__|__|__|__|__|__|__|__|__|__
__|__|__|__|__|__|__|__|__|__|__|__|__|__|__
__|_ |  |  |  |  |  |  |  |  |  |  |  | _|__
__|_                                    _|__
__|_   GGGG    RRRR    III    DDDD      _|__
__|_  G        R   R    I     D   D     _|__
__|_  G        R   R    I     D    D    _|__
__|_  G  GG    RRRR     I     D    D    _|__
__|_  G   G    R  R     I     D   D     _|__
__|_   GGGG    R   R   III    DDDD      _|__
__|_                                    _|__
__|__|__|__|__|__|__|__|__|__|__|__|__|__|__
__|__|__|__|__|__|__|__|__|__|__|__|__|__|__
  |  |  |  |  |  |  |  |  |  |  |  |  |  |  


Copyright (C) 2015 Peter Boyle, Azusa Yamaguchi, Guido Cossu, Antonin Portelli and other authors

This program is free software; you can redistribute it and/or modify
it under the terms of the GNU General Public License as published by
the Free Software Foundation; either version 2 of the License, or
(at your option) any later version.

This program is distributed in the hope that it will be useful,
but WITHOUT ANY WARRANTY; without even the implied warranty of
MERCHANTABILITY or FITNESS FOR A PARTICULAR PURPOSE.  See the
GNU General Public License for more details.
Current Grid git commit hash=82d411ca7bb8ec4a5b5c3815df23674cfd291070: (HEAD -> develop, origin/develop, origin/HEAD) clean

Grid : Message : ================================================ 
Grid : Message : MPI is initialised and logging filters activated 
Grid : Message : ================================================ 
Grid : Message : This rank is running on host genoahost104.sdcc.bnl.local at local time 2026-02-27 13:56:00
Grid : Message : Requested 17179869184 byte stencil comms buffers 
Grid : Message : MemoryManager::Init() setting up
Grid : Message : MemoryManager::Init() cache pool for recent host   allocations: SMALL 8 LARGE 2 HUGE 0
Grid : Message : MemoryManager::Init() cache pool for recent device allocations: SMALL 16 LARGE 8 Huge 0
Grid : Message : MemoryManager::Init() cache pool for recent shared allocations: SMALL 16 LARGE 8 Huge 0
Grid : Message : MemoryManager::Init() Unified memory space
Sorting eigenvalues using EvalReSmall
Lattice size: [16 16 16 32]
Example_spec_kryschur: ../../Grid/communicator/SharedMemoryMPI.cc:434: static void Grid::GlobalSharedMemory::OptimalCommunicatorSharedMemory(const Coordinate&, ompi_communicator_t*&, Grid::Coordinate&): Assertion `WorldSize==Nprocessors' failed.
[genoahost104:633954] *** Process received signal ***
[genoahost104:633954] Signal: Aborted (6)
[genoahost104:633954] Signal code:  (-6)
[genoahost104:633954] [ 0] /lib64/libc.so.6(+0x3fc30)[0x14fec1e3fc30]
[genoahost104:633954] [ 1] /lib64/libc.so.6(+0x8d02c)[0x14fec1e8d02c]
[genoahost104:633954] [ 2] /lib64/libc.so.6(raise+0x16)[0x14fec1e3fb86]
[genoahost104:633954] [ 3] /lib64/libc.so.6(abort+0xd3)[0x14fec1e29873]
[genoahost104:633954] [ 4] /lib64/libc.so.6(+0x2979b)[0x14fec1e2979b]
[genoahost104:633954] [ 5] /lib64/libc.so.6(+0x388c6)[0x14fec1e388c6]
[genoahost104:633954] [ 6] /direct/sdcc+u/poare/Grid/build/examples/./Example_spec_kryschur[0x4cc206]
[genoahost104:633954] [ 7] /direct/sdcc+u/poare/Grid/build/examples/./Example_spec_kryschur[0x4cc2f1]
[genoahost104:633954] [ 8] /direct/sdcc+u/poare/Grid/build/examples/./Example_spec_kryschur[0x4c7e95]
[genoahost104:633954] [ 9] /direct/sdcc+u/poare/Grid/build/examples/./Example_spec_kryschur[0x4b5f4f]
[genoahost104:633954] [10] /direct/sdcc+u/poare/Grid/build/examples/./Example_spec_kryschur[0x41180d]
[genoahost104:633954] [11] /lib64/libc.so.6(+0x2a610)[0x14fec1e2a610]
[genoahost104:633954] [12] /lib64/libc.so.6(__libc_start_main+0x80)[0x14fec1e2a6c0]
[genoahost104:633954] [13] /direct/sdcc+u/poare/Grid/build/examples/./Example_spec_kryschur[0x4147f5]
[genoahost104:633954] *** End of error message ***
srun: error: genoahost104: task 114: Aborted (core dumped)

__|__|__|__|__|__|__|__|__|__|__|__|__|__|__
__|__|__|__|__|__|__|__|__|__|__|__|__|__|__
__|_ |  |  |  |  |  |  |  |  |  |  |  | _|__
__|_                                    _|__
__|_   GGGG    RRRR    III    DDDD      _|__
__|_  G        R   R    I     D   D     _|__
__|_  G        R   R    I     D    D    _|__
__|_  G  GG    RRRR     I     D    D    _|__
__|_  G   G    R  R     I     D   D     _|__
__|_   GGGG    R   R   III    DDDD      _|__
__|_                                    _|__
__|__|__|__|__|__|__|__|__|__|__|__|__|__|__
__|__|__|__|__|__|__|__|__|__|__|__|__|__|__
  |  |  |  |  |  |  |  |  |  |  |  |  |  |  


Copyright (C) 2015 Peter Boyle, Azusa Yamaguchi, Guido Cossu, Antonin Portelli and other authors

This program is free software; you can redistribute it and/or modify
it under the terms of the GNU General Public License as published by
the Free Software Foundation; either version 2 of the License, or
(at your option) any later version.

This program is distributed in the hope that it will be useful,
but WITHOUT ANY WARRANTY; without even the implied warranty of
MERCHANTABILITY or FITNESS FOR A PARTICULAR PURPOSE.  See the
GNU General Public License for more details.
Current Grid git commit hash=82d411ca7bb8ec4a5b5c3815df23674cfd291070: (HEAD -> develop, origin/develop, origin/HEAD) clean

Grid : Message : ================================================ 
Grid : Message : MPI is initialised and logging filters activated 
Grid : Message : ================================================ 
Grid : Message : This rank is running on host genoahost099.sdcc.bnl.local at local time 2026-02-27 13:56:12
Grid : Message : Requested 17179869184 byte stencil comms buffers 
Grid : Message : MemoryManager::Init() setting up
Grid : Message : MemoryManager::Init() cache pool for recent host   allocations: SMALL 8 LARGE 2 HUGE 0
Grid : Message : MemoryManager::Init() cache pool for recent device allocations: SMALL 16 LARGE 8 Huge 0
Grid : Message : MemoryManager::Init() cache pool for recent shared allocations: SMALL 16 LARGE 8 Huge 0
Grid : Message : MemoryManager::Init() Unified memory space
Sorting eigenvalues using EvalReSmall
Lattice size: [16 16 16 32]
Example_spec_kryschur: ../../Grid/communicator/SharedMemoryMPI.cc:434: static void Grid::GlobalSharedMemory::OptimalCommunicatorSharedMemory(const Coordinate&, ompi_communicator_t*&, Grid::Coordinate&): Assertion `WorldSize==Nprocessors' failed.
[genoahost099:1615055] *** Process received signal ***
[genoahost099:1615055] Signal: Aborted (6)
[genoahost099:1615055] Signal code:  (-6)
[genoahost099:1615055] [ 0] /lib64/libc.so.6(+0x3fc30)[0x149ec3c3fc30]
[genoahost099:1615055] [ 1] /lib64/libc.so.6(+0x8d02c)[0x149ec3c8d02c]
[genoahost099:1615055] [ 2] /lib64/libc.so.6(raise+0x16)[0x149ec3c3fb86]
[genoahost099:1615055] [ 3] /lib64/libc.so.6(abort+0xd3)[0x149ec3c29873]
[genoahost099:1615055] [ 4] /lib64/libc.so.6(+0x2979b)[0x149ec3c2979b]
[genoahost099:1615055] [ 5] /lib64/libc.so.6(+0x388c6)[0x149ec3c388c6]
[genoahost099:1615055] [ 6] /direct/sdcc+u/poare/Grid/build/examples/./Example_spec_kryschur[0x4cc206]
[genoahost099:1615055] [ 7] /direct/sdcc+u/poare/Grid/build/examples/./Example_spec_kryschur[0x4cc2f1]
[genoahost099:1615055] [ 8] /direct/sdcc+u/poare/Grid/build/examples/./Example_spec_kryschur[0x4c7e95]
[genoahost099:1615055] [ 9] /direct/sdcc+u/poare/Grid/build/examples/./Example_spec_kryschur[0x4b5f4f]
[genoahost099:1615055] [10] /direct/sdcc+u/poare/Grid/build/examples/./Example_spec_kryschur[0x41180d]
[genoahost099:1615055] [11] /lib64/libc.so.6(+0x2a610)[0x149ec3c2a610]
[genoahost099:1615055] [12] /lib64/libc.so.6(__libc_start_main+0x80)[0x149ec3c2a6c0]
[genoahost099:1615055] [13] /direct/sdcc+u/poare/Grid/build/examples/./Example_spec_kryschur[0x4147f5]
[genoahost099:1615055] *** End of error message ***

__|__|__|__|__|__|__|__|__|__|__|__|__|__|__
__|__|__|__|__|__|__|__|__|__|__|__|__|__|__
__|_ |  |  |  |  |  |  |  |  |  |  |  | _|__
__|_                                    _|__
__|_   GGGG    RRRR    III    DDDD      _|__
__|_  G        R   R    I     D   D     _|__
__|_  G        R   R    I     D    D    _|__
__|_  G  GG    RRRR     I     D    D    _|__
__|_  G   G    R  R     I     D   D     _|__
__|_   GGGG    R   R   III    DDDD      _|__
__|_                                    _|__
__|__|__|__|__|__|__|__|__|__|__|__|__|__|__
__|__|__|__|__|__|__|__|__|__|__|__|__|__|__
  |  |  |  |  |  |  |  |  |  |  |  |  |  |  


Copyright (C) 2015 Peter Boyle, Azusa Yamaguchi, Guido Cossu, Antonin Portelli and other authors

This program is free software; you can redistribute it and/or modify
it under the terms of the GNU General Public License as published by
the Free Software Foundation; either version 2 of the License, or
(at your option) any later version.

This program is distributed in the hope that it will be useful,
but WITHOUT ANY WARRANTY; without even the implied warranty of
MERCHANTABILITY or FITNESS FOR A PARTICULAR PURPOSE.  See the
GNU General Public License for more details.
Current Grid git commit hash=82d411ca7bb8ec4a5b5c3815df23674cfd291070: (HEAD -> develop, origin/develop, origin/HEAD) clean

Grid : Message : ================================================ 
Grid : Message : MPI is initialised and logging filters activated 
Grid : Message : ================================================ 
Grid : Message : This rank is running on host genoahost097.sdcc.bnl.local at local time 2026-02-27 13:56:15
Grid : Message : Requested 17179869184 byte stencil comms buffers 
Grid : Message : MemoryManager::Init() setting up
Grid : Message : MemoryManager::Init() cache pool for recent host   allocations: SMALL 8 LARGE 2 HUGE 0
Grid : Message : MemoryManager::Init() cache pool for recent device allocations: SMALL 16 LARGE 8 Huge 0
Grid : Message : MemoryManager::Init() cache pool for recent shared allocations: SMALL 16 LARGE 8 Huge 0
Grid : Message : MemoryManager::Init() Unified memory space
Sorting eigenvalues using EvalReSmall
Lattice size: [16 16 16 32]
Example_spec_kryschur: ../../Grid/communicator/SharedMemoryMPI.cc:434: static void Grid::GlobalSharedMemory::OptimalCommunicatorSharedMemory(const Coordinate&, ompi_communicator_t*&, Grid::Coordinate&): Assertion `WorldSize==Nprocessors' failed.
[genoahost097:1736400] *** Process received signal ***
[genoahost097:1736400] Signal: Aborted (6)
[genoahost097:1736400] Signal code:  (-6)
[genoahost097:1736400] [ 0] /lib64/libc.so.6(+0x3fc30)[0x1456d1e3fc30]
[genoahost097:1736400] [ 1] /lib64/libc.so.6(+0x8d02c)[0x1456d1e8d02c]
[genoahost097:1736400] [ 2] /lib64/libc.so.6(raise+0x16)[0x1456d1e3fb86]
[genoahost097:1736400] [ 3] /lib64/libc.so.6(abort+0xd3)[0x1456d1e29873]
[genoahost097:1736400] [ 4] /lib64/libc.so.6(+0x2979b)[0x1456d1e2979b]
[genoahost097:1736400] [ 5] /lib64/libc.so.6(+0x388c6)[0x1456d1e388c6]
[genoahost097:1736400] [ 6] /direct/sdcc+u/poare/Grid/build/examples/./Example_spec_kryschur[0x4cc206]
[genoahost097:1736400] [ 7] /direct/sdcc+u/poare/Grid/build/examples/./Example_spec_kryschur[0x4cc2f1]
[genoahost097:1736400] [ 8] /direct/sdcc+u/poare/Grid/build/examples/./Example_spec_kryschur[0x4c7e95]
[genoahost097:1736400] [ 9] /direct/sdcc+u/poare/Grid/build/examples/./Example_spec_kryschur[0x4b5f4f]
[genoahost097:1736400] [10] /direct/sdcc+u/poare/Grid/build/examples/./Example_spec_kryschur[0x41180d]
[genoahost097:1736400] [11] /lib64/libc.so.6(+0x2a610)[0x1456d1e2a610]
[genoahost097:1736400] [12] /lib64/libc.so.6(__libc_start_main+0x80)[0x1456d1e2a6c0]
[genoahost097:1736400] [13] /direct/sdcc+u/poare/Grid/build/examples/./Example_spec_kryschur[0x4147f5]
[genoahost097:1736400] *** End of error message ***

__|__|__|__|__|__|__|__|__|__|__|__|__|__|__
__|__|__|__|__|__|__|__|__|__|__|__|__|__|__
__|_ |  |  |  |  |  |  |  |  |  |  |  | _|__
__|_                                    _|__
__|_   GGGG    RRRR    III    DDDD      _|__
__|_  G        R   R    I     D   D     _|__
__|_  G        R   R    I     D    D    _|__
__|_  G  GG    RRRR     I     D    D    _|__
__|_  G   G    R  R     I     D   D     _|__
__|_   GGGG    R   R   III    DDDD      _|__
__|_                                    _|__
__|__|__|__|__|__|__|__|__|__|__|__|__|__|__
__|__|__|__|__|__|__|__|__|__|__|__|__|__|__
  |  |  |  |  |  |  |  |  |  |  |  |  |  |  


Copyright (C) 2015 Peter Boyle, Azusa Yamaguchi, Guido Cossu, Antonin Portelli and other authors

This program is free software; you can redistribute it and/or modify
it under the terms of the GNU General Public License as published by
the Free Software Foundation; either version 2 of the License, or
(at your option) any later version.

This program is distributed in the hope that it will be useful,
but WITHOUT ANY WARRANTY; without even the implied warranty of
MERCHANTABILITY or FITNESS FOR A PARTICULAR PURPOSE.  See the
GNU General Public License for more details.
Current Grid git commit hash=82d411ca7bb8ec4a5b5c3815df23674cfd291070: (HEAD -> develop, origin/develop, origin/HEAD) clean

Grid : Message : ================================================ 
Grid : Message : MPI is initialised and logging filters activated 
Grid : Message : ================================================ 
Grid : Message : This rank is running on host genoahost097.sdcc.bnl.local at local time 2026-02-27 13:56:15
Grid : Message : Requested 17179869184 byte stencil comms buffers 
Grid : Message : MemoryManager::Init() setting up
Grid : Message : MemoryManager::Init() cache pool for recent host   allocations: SMALL 8 LARGE 2 HUGE 0
Grid : Message : MemoryManager::Init() cache pool for recent device allocations: SMALL 16 LARGE 8 Huge 0
Grid : Message : MemoryManager::Init() cache pool for recent shared allocations: SMALL 16 LARGE 8 Huge 0
Grid : Message : MemoryManager::Init() Unified memory space
Sorting eigenvalues using EvalReSmall
Lattice size: [16 16 16 32]
Example_spec_kryschur: ../../Grid/communicator/SharedMemoryMPI.cc:434: static void Grid::GlobalSharedMemory::OptimalCommunicatorSharedMemory(const Coordinate&, ompi_communicator_t*&, Grid::Coordinate&): Assertion `WorldSize==Nprocessors' failed.
[genoahost097:1736404] *** Process received signal ***
[genoahost097:1736404] Signal: Aborted (6)
[genoahost097:1736404] Signal code:  (-6)
[genoahost097:1736404] [ 0] /lib64/libc.so.6(+0x3fc30)[0x152fe7c3fc30]
[genoahost097:1736404] [ 1] /lib64/libc.so.6(+0x8d02c)[0x152fe7c8d02c]
[genoahost097:1736404] [ 2] /lib64/libc.so.6(raise+0x16)[0x152fe7c3fb86]
[genoahost097:1736404] [ 3] /lib64/libc.so.6(abort+0xd3)[0x152fe7c29873]
[genoahost097:1736404] [ 4] /lib64/libc.so.6(+0x2979b)[0x152fe7c2979b]
[genoahost097:1736404] [ 5] /lib64/libc.so.6(+0x388c6)[0x152fe7c388c6]
[genoahost097:1736404] [ 6] /direct/sdcc+u/poare/Grid/build/examples/./Example_spec_kryschur[0x4cc206]
[genoahost097:1736404] [ 7] /direct/sdcc+u/poare/Grid/build/examples/./Example_spec_kryschur[0x4cc2f1]
[genoahost097:1736404] [ 8] /direct/sdcc+u/poare/Grid/build/examples/./Example_spec_kryschur[0x4c7e95]
[genoahost097:1736404] [ 9] /direct/sdcc+u/poare/Grid/build/examples/./Example_spec_kryschur[0x4b5f4f]
[genoahost097:1736404] [10] /direct/sdcc+u/poare/Grid/build/examples/./Example_spec_kryschur[0x41180d]
[genoahost097:1736404] [11] /lib64/libc.so.6(+0x2a610)[0x152fe7c2a610]
[genoahost097:1736404] [12] /lib64/libc.so.6(__libc_start_main+0x80)[0x152fe7c2a6c0]
[genoahost097:1736404] [13] /direct/sdcc+u/poare/Grid/build/examples/./Example_spec_kryschur[0x4147f5]
[genoahost097:1736404] *** End of error message ***

__|__|__|__|__|__|__|__|__|__|__|__|__|__|__
__|__|__|__|__|__|__|__|__|__|__|__|__|__|__
__|_ |  |  |  |  |  |  |  |  |  |  |  | _|__
__|_                                    _|__
__|_   GGGG    RRRR    III    DDDD      _|__
__|_  G        R   R    I     D   D     _|__
__|_  G        R   R    I     D    D    _|__
__|_  G  GG    RRRR     I     D    D    _|__
__|_  G   G    R  R     I     D   D     _|__
__|_   GGGG    R   R   III    DDDD      _|__
__|_                                    _|__
__|__|__|__|__|__|__|__|__|__|__|__|__|__|__
__|__|__|__|__|__|__|__|__|__|__|__|__|__|__
  |  |  |  |  |  |  |  |  |  |  |  |  |  |  


Copyright (C) 2015 Peter Boyle, Azusa Yamaguchi, Guido Cossu, Antonin Portelli and other authors

This program is free software; you can redistribute it and/or modify
it under the terms of the GNU General Public License as published by
the Free Software Foundation; either version 2 of the License, or
(at your option) any later version.

This program is distributed in the hope that it will be useful,
but WITHOUT ANY WARRANTY; without even the implied warranty of
MERCHANTABILITY or FITNESS FOR A PARTICULAR PURPOSE.  See the
GNU General Public License for more details.
Current Grid git commit hash=82d411ca7bb8ec4a5b5c3815df23674cfd291070: (HEAD -> develop, origin/develop, origin/HEAD) clean

Grid : Message : ================================================ 
Grid : Message : MPI is initialised and logging filters activated 
Grid : Message : ================================================ 
Grid : Message : This rank is running on host genoahost104.sdcc.bnl.local at local time 2026-02-27 13:56:18
Grid : Message : Requested 17179869184 byte stencil comms buffers 
Grid : Message : MemoryManager::Init() setting up
Grid : Message : MemoryManager::Init() cache pool for recent host   allocations: SMALL 8 LARGE 2 HUGE 0
Grid : Message : MemoryManager::Init() cache pool for recent device allocations: SMALL 16 LARGE 8 Huge 0
Grid : Message : MemoryManager::Init() cache pool for recent shared allocations: SMALL 16 LARGE 8 Huge 0
Grid : Message : MemoryManager::Init() Unified memory space
Sorting eigenvalues using EvalReSmall
Lattice size: [16 16 16 32]
Example_spec_kryschur: ../../Grid/communicator/SharedMemoryMPI.cc:434: static void Grid::GlobalSharedMemory::OptimalCommunicatorSharedMemory(const Coordinate&, ompi_communicator_t*&, Grid::Coordinate&): Assertion `WorldSize==Nprocessors' failed.
[genoahost104:633943] *** Process received signal ***
[genoahost104:633943] Signal: Aborted (6)
[genoahost104:633943] Signal code:  (-6)
[genoahost104:633943] [ 0] /lib64/libc.so.6(+0x3fc30)[0x150a0823fc30]
[genoahost104:633943] [ 1] /lib64/libc.so.6(+0x8d02c)[0x150a0828d02c]
[genoahost104:633943] [ 2] /lib64/libc.so.6(raise+0x16)[0x150a0823fb86]
[genoahost104:633943] [ 3] /lib64/libc.so.6(abort+0xd3)[0x150a08229873]
[genoahost104:633943] [ 4] /lib64/libc.so.6(+0x2979b)[0x150a0822979b]
[genoahost104:633943] [ 5] /lib64/libc.so.6(+0x388c6)[0x150a082388c6]
[genoahost104:633943] [ 6] /direct/sdcc+u/poare/Grid/build/examples/./Example_spec_kryschur[0x4cc206]
[genoahost104:633943] [ 7] /direct/sdcc+u/poare/Grid/build/examples/./Example_spec_kryschur[0x4cc2f1]
[genoahost104:633943] [ 8] /direct/sdcc+u/poare/Grid/build/examples/./Example_spec_kryschur[0x4c7e95]
[genoahost104:633943] [ 9] /direct/sdcc+u/poare/Grid/build/examples/./Example_spec_kryschur[0x4b5f4f]
[genoahost104:633943] [10] /direct/sdcc+u/poare/Grid/build/examples/./Example_spec_kryschur[0x41180d]
[genoahost104:633943] [11] /lib64/libc.so.6(+0x2a610)[0x150a0822a610]
[genoahost104:633943] [12] /lib64/libc.so.6(__libc_start_main+0x80)[0x150a0822a6c0]
[genoahost104:633943] [13] /direct/sdcc+u/poare/Grid/build/examples/./Example_spec_kryschur[0x4147f5]
[genoahost104:633943] *** End of error message ***

__|__|__|__|__|__|__|__|__|__|__|__|__|__|__
__|__|__|__|__|__|__|__|__|__|__|__|__|__|__
__|_ |  |  |  |  |  |  |  |  |  |  |  | _|__
__|_                                    _|__
__|_   GGGG    RRRR    III    DDDD      _|__
__|_  G        R   R    I     D   D     _|__
__|_  G        R   R    I     D    D    _|__
__|_  G  GG    RRRR     I     D    D    _|__
__|_  G   G    R  R     I     D   D     _|__
__|_   GGGG    R   R   III    DDDD      _|__
__|_                                    _|__
__|__|__|__|__|__|__|__|__|__|__|__|__|__|__
__|__|__|__|__|__|__|__|__|__|__|__|__|__|__
  |  |  |  |  |  |  |  |  |  |  |  |  |  |  


Copyright (C) 2015 Peter Boyle, Azusa Yamaguchi, Guido Cossu, Antonin Portelli and other authors

This program is free software; you can redistribute it and/or modify
it under the terms of the GNU General Public License as published by
the Free Software Foundation; either version 2 of the License, or
(at your option) any later version.

This program is distributed in the hope that it will be useful,
but WITHOUT ANY WARRANTY; without even the implied warranty of
MERCHANTABILITY or FITNESS FOR A PARTICULAR PURPOSE.  See the
GNU General Public License for more details.
Current Grid git commit hash=82d411ca7bb8ec4a5b5c3815df23674cfd291070: (HEAD -> develop, origin/develop, origin/HEAD) clean

Grid : Message : ================================================ 
Grid : Message : MPI is initialised and logging filters activated 
Grid : Message : ================================================ 
Grid : Message : This rank is running on host genoahost098.sdcc.bnl.local at local time 2026-02-27 13:56:18
Grid : Message : Requested 17179869184 byte stencil comms buffers 
Grid : Message : MemoryManager::Init() setting up
Grid : Message : MemoryManager::Init() cache pool for recent host   allocations: SMALL 8 LARGE 2 HUGE 0
Grid : Message : MemoryManager::Init() cache pool for recent device allocations: SMALL 16 LARGE 8 Huge 0
Grid : Message : MemoryManager::Init() cache pool for recent shared allocations: SMALL 16 LARGE 8 Huge 0
Grid : Message : MemoryManager::Init() Unified memory space
Sorting eigenvalues using EvalReSmall
Lattice size: [16 16 16 32]
Example_spec_kryschur: ../../Grid/communicator/SharedMemoryMPI.cc:434: static void Grid::GlobalSharedMemory::OptimalCommunicatorSharedMemory(const Coordinate&, ompi_communicator_t*&, Grid::Coordinate&): Assertion `WorldSize==Nprocessors' failed.
[genoahost098:1633835] *** Process received signal ***
[genoahost098:1633835] Signal: Aborted (6)
[genoahost098:1633835] Signal code:  (-6)
[genoahost098:1633835] [ 0] /lib64/libc.so.6(+0x3fc30)[0x151375e3fc30]
[genoahost098:1633835] [ 1] /lib64/libc.so.6(+0x8d02c)[0x151375e8d02c]
[genoahost098:1633835] [ 2] /lib64/libc.so.6(raise+0x16)[0x151375e3fb86]
[genoahost098:1633835] [ 3] /lib64/libc.so.6(abort+0xd3)[0x151375e29873]
[genoahost098:1633835] [ 4] /lib64/libc.so.6(+0x2979b)[0x151375e2979b]
[genoahost098:1633835] [ 5] /lib64/libc.so.6(+0x388c6)[0x151375e388c6]
[genoahost098:1633835] [ 6] /direct/sdcc+u/poare/Grid/build/examples/./Example_spec_kryschur[0x4cc206]
[genoahost098:1633835] [ 7] /direct/sdcc+u/poare/Grid/build/examples/./Example_spec_kryschur[0x4cc2f1]
[genoahost098:1633835] [ 8] /direct/sdcc+u/poare/Grid/build/examples/./Example_spec_kryschur[0x4c7e95]
[genoahost098:1633835] [ 9] /direct/sdcc+u/poare/Grid/build/examples/./Example_spec_kryschur[0x4b5f4f]
[genoahost098:1633835] [10] /direct/sdcc+u/poare/Grid/build/examples/./Example_spec_kryschur[0x41180d]
[genoahost098:1633835] [11] /lib64/libc.so.6(+0x2a610)[0x151375e2a610]
[genoahost098:1633835] [12] /lib64/libc.so.6(__libc_start_main+0x80)[0x151375e2a6c0]
[genoahost098:1633835] [13] /direct/sdcc+u/poare/Grid/build/examples/./Example_spec_kryschur[0x4147f5]
[genoahost098:1633835] *** End of error message ***

__|__|__|__|__|__|__|__|__|__|__|__|__|__|__
__|__|__|__|__|__|__|__|__|__|__|__|__|__|__
__|_ |  |  |  |  |  |  |  |  |  |  |  | _|__
__|_                                    _|__
__|_   GGGG    RRRR    III    DDDD      _|__
__|_  G        R   R    I     D   D     _|__
__|_  G        R   R    I     D    D    _|__
__|_  G  GG    RRRR     I     D    D    _|__
__|_  G   G    R  R     I     D   D     _|__
__|_   GGGG    R   R   III    DDDD      _|__
__|_                                    _|__
__|__|__|__|__|__|__|__|__|__|__|__|__|__|__
__|__|__|__|__|__|__|__|__|__|__|__|__|__|__
  |  |  |  |  |  |  |  |  |  |  |  |  |  |  


Copyright (C) 2015 Peter Boyle, Azusa Yamaguchi, Guido Cossu, Antonin Portelli and other authors

This program is free software; you can redistribute it and/or modify
it under the terms of the GNU General Public License as published by
the Free Software Foundation; either version 2 of the License, or
(at your option) any later version.

This program is distributed in the hope that it will be useful,
but WITHOUT ANY WARRANTY; without even the implied warranty of
MERCHANTABILITY or FITNESS FOR A PARTICULAR PURPOSE.  See the
GNU General Public License for more details.
Current Grid git commit hash=82d411ca7bb8ec4a5b5c3815df23674cfd291070: (HEAD -> develop, origin/develop, origin/HEAD) clean

Grid : Message : ================================================ 
Grid : Message : MPI is initialised and logging filters activated 
Grid : Message : ================================================ 
Grid : Message : This rank is running on host genoahost098.sdcc.bnl.local at local time 2026-02-27 13:56:18
Grid : Message : Requested 17179869184 byte stencil comms buffers 
Grid : Message : MemoryManager::Init() setting up
Grid : Message : MemoryManager::Init() cache pool for recent host   allocations: SMALL 8 LARGE 2 HUGE 0
Grid : Message : MemoryManager::Init() cache pool for recent device allocations: SMALL 16 LARGE 8 Huge 0
Grid : Message : MemoryManager::Init() cache pool for recent shared allocations: SMALL 16 LARGE 8 Huge 0
Grid : Message : MemoryManager::Init() Unified memory space
Sorting eigenvalues using EvalReSmall
Lattice size: [16 16 16 32]
Example_spec_kryschur: ../../Grid/communicator/SharedMemoryMPI.cc:434: static void Grid::GlobalSharedMemory::OptimalCommunicatorSharedMemory(const Coordinate&, ompi_communicator_t*&, Grid::Coordinate&): Assertion `WorldSize==Nprocessors' failed.
[genoahost098:1633827] *** Process received signal ***
[genoahost098:1633827] Signal: Aborted (6)
[genoahost098:1633827] Signal code:  (-6)
[genoahost098:1633827] [ 0] /lib64/libc.so.6(+0x3fc30)[0x14a2d1c3fc30]
[genoahost098:1633827] [ 1] /lib64/libc.so.6(+0x8d02c)[0x14a2d1c8d02c]
[genoahost098:1633827] [ 2] /lib64/libc.so.6(raise+0x16)[0x14a2d1c3fb86]
[genoahost098:1633827] [ 3] /lib64/libc.so.6(abort+0xd3)[0x14a2d1c29873]
[genoahost098:1633827] [ 4] /lib64/libc.so.6(+0x2979b)[0x14a2d1c2979b]
[genoahost098:1633827] [ 5] /lib64/libc.so.6(+0x388c6)[0x14a2d1c388c6]
[genoahost098:1633827] [ 6] /direct/sdcc+u/poare/Grid/build/examples/./Example_spec_kryschur[0x4cc206]
[genoahost098:1633827] [ 7] /direct/sdcc+u/poare/Grid/build/examples/./Example_spec_kryschur[0x4cc2f1]
[genoahost098:1633827] [ 8] /direct/sdcc+u/poare/Grid/build/examples/./Example_spec_kryschur[0x4c7e95]
[genoahost098:1633827] [ 9] /direct/sdcc+u/poare/Grid/build/examples/./Example_spec_kryschur[0x4b5f4f]
[genoahost098:1633827] [10] /direct/sdcc+u/poare/Grid/build/examples/./Example_spec_kryschur[0x41180d]
[genoahost098:1633827] [11] /lib64/libc.so.6(+0x2a610)[0x14a2d1c2a610]
[genoahost098:1633827] [12] /lib64/libc.so.6(__libc_start_main+0x80)[0x14a2d1c2a6c0]
[genoahost098:1633827] [13] /direct/sdcc+u/poare/Grid/build/examples/./Example_spec_kryschur[0x4147f5]
[genoahost098:1633827] *** End of error message ***

__|__|__|__|__|__|__|__|__|__|__|__|__|__|__
__|__|__|__|__|__|__|__|__|__|__|__|__|__|__
__|_ |  |  |  |  |  |  |  |  |  |  |  | _|__
__|_                                    _|__
__|_   GGGG    RRRR    III    DDDD      _|__
__|_  G        R   R    I     D   D     _|__
__|_  G        R   R    I     D    D    _|__
__|_  G  GG    RRRR     I     D    D    _|__
__|_  G   G    R  R     I     D   D     _|__
__|_   GGGG    R   R   III    DDDD      _|__
__|_                                    _|__
__|__|__|__|__|__|__|__|__|__|__|__|__|__|__
__|__|__|__|__|__|__|__|__|__|__|__|__|__|__
  |  |  |  |  |  |  |  |  |  |  |  |  |  |  


Copyright (C) 2015 Peter Boyle, Azusa Yamaguchi, Guido Cossu, Antonin Portelli and other authors

This program is free software; you can redistribute it and/or modify
it under the terms of the GNU General Public License as published by
the Free Software Foundation; either version 2 of the License, or
(at your option) any later version.

This program is distributed in the hope that it will be useful,
but WITHOUT ANY WARRANTY; without even the implied warranty of
MERCHANTABILITY or FITNESS FOR A PARTICULAR PURPOSE.  See the
GNU General Public License for more details.
Current Grid git commit hash=82d411ca7bb8ec4a5b5c3815df23674cfd291070: (HEAD -> develop, origin/develop, origin/HEAD) clean

Grid : Message : ================================================ 
Grid : Message : MPI is initialised and logging filters activated 
Grid : Message : ================================================ 
Grid : Message : This rank is running on host genoahost104.sdcc.bnl.local at local time 2026-02-27 13:56:18
Grid : Message : Requested 17179869184 byte stencil comms buffers 
Grid : Message : MemoryManager::Init() setting up
Grid : Message : MemoryManager::Init() cache pool for recent host   allocations: SMALL 8 LARGE 2 HUGE 0
Grid : Message : MemoryManager::Init() cache pool for recent device allocations: SMALL 16 LARGE 8 Huge 0
Grid : Message : MemoryManager::Init() cache pool for recent shared allocations: SMALL 16 LARGE 8 Huge 0
Grid : Message : MemoryManager::Init() Unified memory space
Sorting eigenvalues using EvalReSmall
Lattice size: [16 16 16 32]
Example_spec_kryschur: ../../Grid/communicator/SharedMemoryMPI.cc:434: static void Grid::GlobalSharedMemory::OptimalCommunicatorSharedMemory(const Coordinate&, ompi_communicator_t*&, Grid::Coordinate&): Assertion `WorldSize==Nprocessors' failed.
[genoahost104:633952] *** Process received signal ***
[genoahost104:633952] Signal: Aborted (6)
[genoahost104:633952] Signal code:  (-6)
[genoahost104:633952] [ 0] /lib64/libc.so.6(+0x3fc30)[0x1513e503fc30]
[genoahost104:633952] [ 1] /lib64/libc.so.6(+0x8d02c)[0x1513e508d02c]
[genoahost104:633952] [ 2] /lib64/libc.so.6(raise+0x16)[0x1513e503fb86]
[genoahost104:633952] [ 3] /lib64/libc.so.6(abort+0xd3)[0x1513e5029873]
[genoahost104:633952] [ 4] /lib64/libc.so.6(+0x2979b)[0x1513e502979b]
[genoahost104:633952] [ 5] /lib64/libc.so.6(+0x388c6)[0x1513e50388c6]
[genoahost104:633952] [ 6] /direct/sdcc+u/poare/Grid/build/examples/./Example_spec_kryschur[0x4cc206]
[genoahost104:633952] [ 7] /direct/sdcc+u/poare/Grid/build/examples/./Example_spec_kryschur[0x4cc2f1]
[genoahost104:633952] [ 8] /direct/sdcc+u/poare/Grid/build/examples/./Example_spec_kryschur[0x4c7e95]
[genoahost104:633952] [ 9] /direct/sdcc+u/poare/Grid/build/examples/./Example_spec_kryschur[0x4b5f4f]
[genoahost104:633952] [10] /direct/sdcc+u/poare/Grid/build/examples/./Example_spec_kryschur[0x41180d]
[genoahost104:633952] [11] /lib64/libc.so.6(+0x2a610)[0x1513e502a610]
[genoahost104:633952] [12] /lib64/libc.so.6(__libc_start_main+0x80)[0x1513e502a6c0]
[genoahost104:633952] [13] /direct/sdcc+u/poare/Grid/build/examples/./Example_spec_kryschur[0x4147f5]
[genoahost104:633952] *** End of error message ***
srun: error: genoahost097: task 3: Aborted (core dumped)
srun: error: genoahost097: task 7: Aborted (core dumped)

__|__|__|__|__|__|__|__|__|__|__|__|__|__|__
__|__|__|__|__|__|__|__|__|__|__|__|__|__|__
__|_ |  |  |  |  |  |  |  |  |  |  |  | _|__
__|_                                    _|__
__|_   GGGG    RRRR    III    DDDD      _|__
__|_  G        R   R    I     D   D     _|__
__|_  G        R   R    I     D    D    _|__
__|_  G  GG    RRRR     I     D    D    _|__
__|_  G   G    R  R     I     D   D     _|__
__|_   GGGG    R   R   III    DDDD      _|__
__|_                                    _|__
__|__|__|__|__|__|__|__|__|__|__|__|__|__|__
__|__|__|__|__|__|__|__|__|__|__|__|__|__|__
  |  |  |  |  |  |  |  |  |  |  |  |  |  |  


Copyright (C) 2015 Peter Boyle, Azusa Yamaguchi, Guido Cossu, Antonin Portelli and other authors

This program is free software; you can redistribute it and/or modify
it under the terms of the GNU General Public License as published by
the Free Software Foundation; either version 2 of the License, or
(at your option) any later version.

This program is distributed in the hope that it will be useful,
but WITHOUT ANY WARRANTY; without even the implied warranty of
MERCHANTABILITY or FITNESS FOR A PARTICULAR PURPOSE.  See the
GNU General Public License for more details.
Current Grid git commit hash=82d411ca7bb8ec4a5b5c3815df23674cfd291070: (HEAD -> develop, origin/develop, origin/HEAD) clean

Grid : Message : ================================================ 
Grid : Message : MPI is initialised and logging filters activated 
Grid : Message : ================================================ 
Grid : Message : This rank is running on host genoahost098.sdcc.bnl.local at local time 2026-02-27 13:56:29
Grid : Message : Requested 17179869184 byte stencil comms buffers 
Grid : Message : MemoryManager::Init() setting up
Grid : Message : MemoryManager::Init() cache pool for recent host   allocations: SMALL 8 LARGE 2 HUGE 0
Grid : Message : MemoryManager::Init() cache pool for recent device allocations: SMALL 16 LARGE 8 Huge 0
Grid : Message : MemoryManager::Init() cache pool for recent shared allocations: SMALL 16 LARGE 8 Huge 0
Grid : Message : MemoryManager::Init() Unified memory space
Sorting eigenvalues using EvalReSmall
Lattice size: [16 16 16 32]
Example_spec_kryschur: ../../Grid/communicator/SharedMemoryMPI.cc:434: static void Grid::GlobalSharedMemory::OptimalCommunicatorSharedMemory(const Coordinate&, ompi_communicator_t*&, Grid::Coordinate&): Assertion `WorldSize==Nprocessors' failed.
[genoahost098:1633839] *** Process received signal ***
[genoahost098:1633839] Signal: Aborted (6)
[genoahost098:1633839] Signal code:  (-6)
[genoahost098:1633839] [ 0] /lib64/libc.so.6(+0x3fc30)[0x1514fae3fc30]
[genoahost098:1633839] [ 1] /lib64/libc.so.6(+0x8d02c)[0x1514fae8d02c]
[genoahost098:1633839] [ 2] /lib64/libc.so.6(raise+0x16)[0x1514fae3fb86]
[genoahost098:1633839] [ 3] /lib64/libc.so.6(abort+0xd3)[0x1514fae29873]
[genoahost098:1633839] [ 4] /lib64/libc.so.6(+0x2979b)[0x1514fae2979b]
[genoahost098:1633839] [ 5] /lib64/libc.so.6(+0x388c6)[0x1514fae388c6]
[genoahost098:1633839] [ 6] /direct/sdcc+u/poare/Grid/build/examples/./Example_spec_kryschur[0x4cc206]
[genoahost098:1633839] [ 7] /direct/sdcc+u/poare/Grid/build/examples/./Example_spec_kryschur[0x4cc2f1]
[genoahost098:1633839] [ 8] /direct/sdcc+u/poare/Grid/build/examples/./Example_spec_kryschur[0x4c7e95]
[genoahost098:1633839] [ 9] /direct/sdcc+u/poare/Grid/build/examples/./Example_spec_kryschur[0x4b5f4f]
[genoahost098:1633839] [10] /direct/sdcc+u/poare/Grid/build/examples/./Example_spec_kryschur[0x41180d]
[genoahost098:1633839] [11] /lib64/libc.so.6(+0x2a610)[0x1514fae2a610]
[genoahost098:1633839] [12] /lib64/libc.so.6(__libc_start_main+0x80)[0x1514fae2a6c0]
[genoahost098:1633839] [13] /direct/sdcc+u/poare/Grid/build/examples/./Example_spec_kryschur[0x4147f5]
[genoahost098:1633839] *** End of error message ***

__|__|__|__|__|__|__|__|__|__|__|__|__|__|__
__|__|__|__|__|__|__|__|__|__|__|__|__|__|__
__|_ |  |  |  |  |  |  |  |  |  |  |  | _|__
__|_                                    _|__
__|_   GGGG    RRRR    III    DDDD      _|__
__|_  G        R   R    I     D   D     _|__
__|_  G        R   R    I     D    D    _|__
__|_  G  GG    RRRR     I     D    D    _|__
__|_  G   G    R  R     I     D   D     _|__
__|_   GGGG    R   R   III    DDDD      _|__
__|_                                    _|__
__|__|__|__|__|__|__|__|__|__|__|__|__|__|__
__|__|__|__|__|__|__|__|__|__|__|__|__|__|__
  |  |  |  |  |  |  |  |  |  |  |  |  |  |  


Copyright (C) 2015 Peter Boyle, Azusa Yamaguchi, Guido Cossu, Antonin Portelli and other authors

This program is free software; you can redistribute it and/or modify
it under the terms of the GNU General Public License as published by
the Free Software Foundation; either version 2 of the License, or
(at your option) any later version.

This program is distributed in the hope that it will be useful,
but WITHOUT ANY WARRANTY; without even the implied warranty of
MERCHANTABILITY or FITNESS FOR A PARTICULAR PURPOSE.  See the
GNU General Public License for more details.
Current Grid git commit hash=82d411ca7bb8ec4a5b5c3815df23674cfd291070: (HEAD -> develop, origin/develop, origin/HEAD) clean

Grid : Message : ================================================ 
Grid : Message : MPI is initialised and logging filters activated 
Grid : Message : ================================================ 
Grid : Message : This rank is running on host genoahost098.sdcc.bnl.local at local time 2026-02-27 13:56:29
Grid : Message : Requested 17179869184 byte stencil comms buffers 
Grid : Message : MemoryManager::Init() setting up
Grid : Message : MemoryManager::Init() cache pool for recent host   allocations: SMALL 8 LARGE 2 HUGE 0
Grid : Message : MemoryManager::Init() cache pool for recent device allocations: SMALL 16 LARGE 8 Huge 0
Grid : Message : MemoryManager::Init() cache pool for recent shared allocations: SMALL 16 LARGE 8 Huge 0
Grid : Message : MemoryManager::Init() Unified memory space
Sorting eigenvalues using EvalReSmall
Lattice size: [16 16 16 32]
Example_spec_kryschur: ../../Grid/communicator/SharedMemoryMPI.cc:434: static void Grid::GlobalSharedMemory::OptimalCommunicatorSharedMemory(const Coordinate&, ompi_communicator_t*&, Grid::Coordinate&): Assertion `WorldSize==Nprocessors' failed.
[genoahost098:1633825] *** Process received signal ***
[genoahost098:1633825] Signal: Aborted (6)
[genoahost098:1633825] Signal code:  (-6)
[genoahost098:1633825] [ 0] /lib64/libc.so.6(+0x3fc30)[0x145e43c3fc30]
[genoahost098:1633825] [ 1] /lib64/libc.so.6(+0x8d02c)[0x145e43c8d02c]
[genoahost098:1633825] [ 2] /lib64/libc.so.6(raise+0x16)[0x145e43c3fb86]
[genoahost098:1633825] [ 3] /lib64/libc.so.6(abort+0xd3)[0x145e43c29873]
[genoahost098:1633825] [ 4] /lib64/libc.so.6(+0x2979b)[0x145e43c2979b]
[genoahost098:1633825] [ 5] /lib64/libc.so.6(+0x388c6)[0x145e43c388c6]
[genoahost098:1633825] [ 6] /direct/sdcc+u/poare/Grid/build/examples/./Example_spec_kryschur[0x4cc206]
[genoahost098:1633825] [ 7] /direct/sdcc+u/poare/Grid/build/examples/./Example_spec_kryschur[0x4cc2f1]
[genoahost098:1633825] [ 8] /direct/sdcc+u/poare/Grid/build/examples/./Example_spec_kryschur[0x4c7e95]
[genoahost098:1633825] [ 9] /direct/sdcc+u/poare/Grid/build/examples/./Example_spec_kryschur[0x4b5f4f]
[genoahost098:1633825] [10] /direct/sdcc+u/poare/Grid/build/examples/./Example_spec_kryschur[0x41180d]
[genoahost098:1633825] [11] /lib64/libc.so.6(+0x2a610)[0x145e43c2a610]
[genoahost098:1633825] [12] /lib64/libc.so.6(__libc_start_main+0x80)[0x145e43c2a6c0]
[genoahost098:1633825] [13] /direct/sdcc+u/poare/Grid/build/examples/./Example_spec_kryschur[0x4147f5]
[genoahost098:1633825] *** End of error message ***

__|__|__|__|__|__|__|__|__|__|__|__|__|__|__
__|__|__|__|__|__|__|__|__|__|__|__|__|__|__
__|_ |  |  |  |  |  |  |  |  |  |  |  | _|__
__|_                                    _|__
__|_   GGGG    RRRR    III    DDDD      _|__
__|_  G        R   R    I     D   D     _|__
__|_  G        R   R    I     D    D    _|__
__|_  G  GG    RRRR     I     D    D    _|__
__|_  G   G    R  R     I     D   D     _|__
__|_   GGGG    R   R   III    DDDD      _|__
__|_                                    _|__
__|__|__|__|__|__|__|__|__|__|__|__|__|__|__
__|__|__|__|__|__|__|__|__|__|__|__|__|__|__
  |  |  |  |  |  |  |  |  |  |  |  |  |  |  


Copyright (C) 2015 Peter Boyle, Azusa Yamaguchi, Guido Cossu, Antonin Portelli and other authors

This program is free software; you can redistribute it and/or modify
it under the terms of the GNU General Public License as published by
the Free Software Foundation; either version 2 of the License, or
(at your option) any later version.

This program is distributed in the hope that it will be useful,
but WITHOUT ANY WARRANTY; without even the implied warranty of
MERCHANTABILITY or FITNESS FOR A PARTICULAR PURPOSE.  See the
GNU General Public License for more details.
Current Grid git commit hash=82d411ca7bb8ec4a5b5c3815df23674cfd291070: (HEAD -> develop, origin/develop, origin/HEAD) clean

Grid : Message : ================================================ 
Grid : Message : MPI is initialised and logging filters activated 
Grid : Message : ================================================ 
Grid : Message : This rank is running on host genoahost100.sdcc.bnl.local at local time 2026-02-27 13:56:30
Grid : Message : Requested 17179869184 byte stencil comms buffers 
Grid : Message : MemoryManager::Init() setting up
Grid : Message : MemoryManager::Init() cache pool for recent host   allocations: SMALL 8 LARGE 2 HUGE 0
Grid : Message : MemoryManager::Init() cache pool for recent device allocations: SMALL 16 LARGE 8 Huge 0
Grid : Message : MemoryManager::Init() cache pool for recent shared allocations: SMALL 16 LARGE 8 Huge 0
Grid : Message : MemoryManager::Init() Unified memory space
Sorting eigenvalues using EvalReSmall
Lattice size: [16 16 16 32]
Example_spec_kryschur: ../../Grid/communicator/SharedMemoryMPI.cc:434: static void Grid::GlobalSharedMemory::OptimalCommunicatorSharedMemory(const Coordinate&, ompi_communicator_t*&, Grid::Coordinate&): Assertion `WorldSize==Nprocessors' failed.
[genoahost100:652076] *** Process received signal ***
[genoahost100:652076] Signal: Aborted (6)
[genoahost100:652076] Signal code:  (-6)
[genoahost100:652076] [ 0] /lib64/libc.so.6(+0x3fc30)[0x14556b23fc30]
[genoahost100:652076] [ 1] /lib64/libc.so.6(+0x8d02c)[0x14556b28d02c]
[genoahost100:652076] [ 2] /lib64/libc.so.6(raise+0x16)[0x14556b23fb86]
[genoahost100:652076] [ 3] /lib64/libc.so.6(abort+0xd3)[0x14556b229873]
[genoahost100:652076] [ 4] /lib64/libc.so.6(+0x2979b)[0x14556b22979b]
[genoahost100:652076] [ 5] /lib64/libc.so.6(+0x388c6)[0x14556b2388c6]
[genoahost100:652076] [ 6] /direct/sdcc+u/poare/Grid/build/examples/./Example_spec_kryschur[0x4cc206]
[genoahost100:652076] [ 7] /direct/sdcc+u/poare/Grid/build/examples/./Example_spec_kryschur[0x4cc2f1]
[genoahost100:652076] [ 8] /direct/sdcc+u/poare/Grid/build/examples/./Example_spec_kryschur[0x4c7e95]
[genoahost100:652076] [ 9] /direct/sdcc+u/poare/Grid/build/examples/./Example_spec_kryschur[0x4b5f4f]
[genoahost100:652076] [10] /direct/sdcc+u/poare/Grid/build/examples/./Example_spec_kryschur[0x41180d]
[genoahost100:652076] [11] /lib64/libc.so.6(+0x2a610)[0x14556b22a610]
[genoahost100:652076] [12] /lib64/libc.so.6(__libc_start_main+0x80)[0x14556b22a6c0]
[genoahost100:652076] [13] /direct/sdcc+u/poare/Grid/build/examples/./Example_spec_kryschur[0x4147f5]
[genoahost100:652076] *** End of error message ***

__|__|__|__|__|__|__|__|__|__|__|__|__|__|__
__|__|__|__|__|__|__|__|__|__|__|__|__|__|__
__|_ |  |  |  |  |  |  |  |  |  |  |  | _|__
__|_                                    _|__
__|_   GGGG    RRRR    III    DDDD      _|__
__|_  G        R   R    I     D   D     _|__
__|_  G        R   R    I     D    D    _|__
__|_  G  GG    RRRR     I     D    D    _|__
__|_  G   G    R  R     I     D   D     _|__
__|_   GGGG    R   R   III    DDDD      _|__
__|_                                    _|__
__|__|__|__|__|__|__|__|__|__|__|__|__|__|__
__|__|__|__|__|__|__|__|__|__|__|__|__|__|__
  |  |  |  |  |  |  |  |  |  |  |  |  |  |  


Copyright (C) 2015 Peter Boyle, Azusa Yamaguchi, Guido Cossu, Antonin Portelli and other authors

This program is free software; you can redistribute it and/or modify
it under the terms of the GNU General Public License as published by
the Free Software Foundation; either version 2 of the License, or
(at your option) any later version.

This program is distributed in the hope that it will be useful,
but WITHOUT ANY WARRANTY; without even the implied warranty of
MERCHANTABILITY or FITNESS FOR A PARTICULAR PURPOSE.  See the
GNU General Public License for more details.
Current Grid git commit hash=82d411ca7bb8ec4a5b5c3815df23674cfd291070: (HEAD -> develop, origin/develop, origin/HEAD) clean

Grid : Message : ================================================ 
Grid : Message : MPI is initialised and logging filters activated 
Grid : Message : ================================================ 
Grid : Message : This rank is running on host genoahost100.sdcc.bnl.local at local time 2026-02-27 13:56:30
Grid : Message : Requested 17179869184 byte stencil comms buffers 
Grid : Message : MemoryManager::Init() setting up
Grid : Message : MemoryManager::Init() cache pool for recent host   allocations: SMALL 8 LARGE 2 HUGE 0
Grid : Message : MemoryManager::Init() cache pool for recent device allocations: SMALL 16 LARGE 8 Huge 0
Grid : Message : MemoryManager::Init() cache pool for recent shared allocations: SMALL 16 LARGE 8 Huge 0
Grid : Message : MemoryManager::Init() Unified memory space
Sorting eigenvalues using EvalReSmall
Lattice size: [16 16 16 32]
Example_spec_kryschur: ../../Grid/communicator/SharedMemoryMPI.cc:434: static void Grid::GlobalSharedMemory::OptimalCommunicatorSharedMemory(const Coordinate&, ompi_communicator_t*&, Grid::Coordinate&): Assertion `WorldSize==Nprocessors' failed.
[genoahost100:652068] *** Process received signal ***
[genoahost100:652068] Signal: Aborted (6)
[genoahost100:652068] Signal code:  (-6)
[genoahost100:652068] [ 0] /lib64/libc.so.6(+0x3fc30)[0x14792383fc30]
[genoahost100:652068] [ 1] /lib64/libc.so.6(+0x8d02c)[0x14792388d02c]
[genoahost100:652068] [ 2] /lib64/libc.so.6(raise+0x16)[0x14792383fb86]
[genoahost100:652068] [ 3] /lib64/libc.so.6(abort+0xd3)[0x147923829873]
[genoahost100:652068] [ 4] /lib64/libc.so.6(+0x2979b)[0x14792382979b]
[genoahost100:652068] [ 5] /lib64/libc.so.6(+0x388c6)[0x1479238388c6]
[genoahost100:652068] [ 6] /direct/sdcc+u/poare/Grid/build/examples/./Example_spec_kryschur[0x4cc206]
[genoahost100:652068] [ 7] /direct/sdcc+u/poare/Grid/build/examples/./Example_spec_kryschur[0x4cc2f1]
[genoahost100:652068] [ 8] /direct/sdcc+u/poare/Grid/build/examples/./Example_spec_kryschur[0x4c7e95]
[genoahost100:652068] [ 9] /direct/sdcc+u/poare/Grid/build/examples/./Example_spec_kryschur[0x4b5f4f]
[genoahost100:652068] [10] /direct/sdcc+u/poare/Grid/build/examples/./Example_spec_kryschur[0x41180d]
[genoahost100:652068] [11] /lib64/libc.so.6(+0x2a610)[0x14792382a610]
[genoahost100:652068] [12] /lib64/libc.so.6(__libc_start_main+0x80)[0x14792382a6c0]
[genoahost100:652068] [13] /direct/sdcc+u/poare/Grid/build/examples/./Example_spec_kryschur[0x4147f5]
[genoahost100:652068] *** End of error message ***

__|__|__|__|__|__|__|__|__|__|__|__|__|__|__
__|__|__|__|__|__|__|__|__|__|__|__|__|__|__
__|_ |  |  |  |  |  |  |  |  |  |  |  | _|__
__|_                                    _|__
__|_   GGGG    RRRR    III    DDDD      _|__
__|_  G        R   R    I     D   D     _|__
__|_  G        R   R    I     D    D    _|__
__|_  G  GG    RRRR     I     D    D    _|__
__|_  G   G    R  R     I     D   D     _|__
__|_   GGGG    R   R   III    DDDD      _|__
__|_                                    _|__
__|__|__|__|__|__|__|__|__|__|__|__|__|__|__
__|__|__|__|__|__|__|__|__|__|__|__|__|__|__
  |  |  |  |  |  |  |  |  |  |  |  |  |  |  


Copyright (C) 2015 Peter Boyle, Azusa Yamaguchi, Guido Cossu, Antonin Portelli and other authors

This program is free software; you can redistribute it and/or modify
it under the terms of the GNU General Public License as published by
the Free Software Foundation; either version 2 of the License, or
(at your option) any later version.

This program is distributed in the hope that it will be useful,
but WITHOUT ANY WARRANTY; without even the implied warranty of
MERCHANTABILITY or FITNESS FOR A PARTICULAR PURPOSE.  See the
GNU General Public License for more details.
Current Grid git commit hash=82d411ca7bb8ec4a5b5c3815df23674cfd291070: (HEAD -> develop, origin/develop, origin/HEAD) clean

Grid : Message : ================================================ 
Grid : Message : MPI is initialised and logging filters activated 
Grid : Message : ================================================ 
Grid : Message : This rank is running on host genoahost098.sdcc.bnl.local at local time 2026-02-27 13:56:30
Grid : Message : Requested 17179869184 byte stencil comms buffers 
Grid : Message : MemoryManager::Init() setting up
Grid : Message : MemoryManager::Init() cache pool for recent host   allocations: SMALL 8 LARGE 2 HUGE 0
Grid : Message : MemoryManager::Init() cache pool for recent device allocations: SMALL 16 LARGE 8 Huge 0
Grid : Message : MemoryManager::Init() cache pool for recent shared allocations: SMALL 16 LARGE 8 Huge 0
Grid : Message : MemoryManager::Init() Unified memory space
Sorting eigenvalues using EvalReSmall
Lattice size: [16 16 16 32]
Example_spec_kryschur: ../../Grid/communicator/SharedMemoryMPI.cc:434: static void Grid::GlobalSharedMemory::OptimalCommunicatorSharedMemory(const Coordinate&, ompi_communicator_t*&, Grid::Coordinate&): Assertion `WorldSize==Nprocessors' failed.
[genoahost098:1633829] *** Process received signal ***
[genoahost098:1633829] Signal: Aborted (6)
[genoahost098:1633829] Signal code:  (-6)
[genoahost098:1633829] [ 0] /lib64/libc.so.6(+0x3fc30)[0x15483a63fc30]
[genoahost098:1633829] [ 1] /lib64/libc.so.6(+0x8d02c)[0x15483a68d02c]
[genoahost098:1633829] [ 2] /lib64/libc.so.6(raise+0x16)[0x15483a63fb86]
[genoahost098:1633829] [ 3] /lib64/libc.so.6(abort+0xd3)[0x15483a629873]
[genoahost098:1633829] [ 4] /lib64/libc.so.6(+0x2979b)[0x15483a62979b]
[genoahost098:1633829] [ 5] /lib64/libc.so.6(+0x388c6)[0x15483a6388c6]
[genoahost098:1633829] [ 6] /direct/sdcc+u/poare/Grid/build/examples/./Example_spec_kryschur[0x4cc206]
[genoahost098:1633829] [ 7] /direct/sdcc+u/poare/Grid/build/examples/./Example_spec_kryschur[0x4cc2f1]
[genoahost098:1633829] [ 8] /direct/sdcc+u/poare/Grid/build/examples/./Example_spec_kryschur[0x4c7e95]
[genoahost098:1633829] [ 9] /direct/sdcc+u/poare/Grid/build/examples/./Example_spec_kryschur[0x4b5f4f]
[genoahost098:1633829] [10] /direct/sdcc+u/poare/Grid/build/examples/./Example_spec_kryschur[0x41180d]
[genoahost098:1633829] [11] /lib64/libc.so.6(+0x2a610)[0x15483a62a610]
[genoahost098:1633829] [12] /lib64/libc.so.6(__libc_start_main+0x80)[0x15483a62a6c0]
[genoahost098:1633829] [13] /direct/sdcc+u/poare/Grid/build/examples/./Example_spec_kryschur[0x4147f5]
[genoahost098:1633829] *** End of error message ***

__|__|__|__|__|__|__|__|__|__|__|__|__|__|__
__|__|__|__|__|__|__|__|__|__|__|__|__|__|__
__|_ |  |  |  |  |  |  |  |  |  |  |  | _|__
__|_                                    _|__
__|_   GGGG    RRRR    III    DDDD      _|__
__|_  G        R   R    I     D   D     _|__
__|_  G        R   R    I     D    D    _|__
__|_  G  GG    RRRR     I     D    D    _|__
__|_  G   G    R  R     I     D   D     _|__
__|_   GGGG    R   R   III    DDDD      _|__
__|_                                    _|__
__|__|__|__|__|__|__|__|__|__|__|__|__|__|__
__|__|__|__|__|__|__|__|__|__|__|__|__|__|__
  |  |  |  |  |  |  |  |  |  |  |  |  |  |  


Copyright (C) 2015 Peter Boyle, Azusa Yamaguchi, Guido Cossu, Antonin Portelli and other authors

This program is free software; you can redistribute it and/or modify
it under the terms of the GNU General Public License as published by
the Free Software Foundation; either version 2 of the License, or
(at your option) any later version.

This program is distributed in the hope that it will be useful,
but WITHOUT ANY WARRANTY; without even the implied warranty of
MERCHANTABILITY or FITNESS FOR A PARTICULAR PURPOSE.  See the
GNU General Public License for more details.
Current Grid git commit hash=82d411ca7bb8ec4a5b5c3815df23674cfd291070: (HEAD -> develop, origin/develop, origin/HEAD) clean

Grid : Message : ================================================ 
Grid : Message : MPI is initialised and logging filters activated 
Grid : Message : ================================================ 
Grid : Message : This rank is running on host genoahost097.sdcc.bnl.local at local time 2026-02-27 13:56:31
Grid : Message : Requested 17179869184 byte stencil comms buffers 
Grid : Message : MemoryManager::Init() setting up
Grid : Message : MemoryManager::Init() cache pool for recent host   allocations: SMALL 8 LARGE 2 HUGE 0
Grid : Message : MemoryManager::Init() cache pool for recent device allocations: SMALL 16 LARGE 8 Huge 0
Grid : Message : MemoryManager::Init() cache pool for recent shared allocations: SMALL 16 LARGE 8 Huge 0
Grid : Message : MemoryManager::Init() Unified memory space
Sorting eigenvalues using EvalReSmall
Lattice size: [16 16 16 32]
Example_spec_kryschur: ../../Grid/communicator/SharedMemoryMPI.cc:434: static void Grid::GlobalSharedMemory::OptimalCommunicatorSharedMemory(const Coordinate&, ompi_communicator_t*&, Grid::Coordinate&): Assertion `WorldSize==Nprocessors' failed.
[genoahost097:1736399] *** Process received signal ***
[genoahost097:1736399] Signal: Aborted (6)
[genoahost097:1736399] Signal code:  (-6)
[genoahost097:1736399] [ 0] /lib64/libc.so.6(+0x3fc30)[0x14ff1683fc30]
[genoahost097:1736399] [ 1] /lib64/libc.so.6(+0x8d02c)[0x14ff1688d02c]
[genoahost097:1736399] [ 2] /lib64/libc.so.6(raise+0x16)[0x14ff1683fb86]
[genoahost097:1736399] [ 3] /lib64/libc.so.6(abort+0xd3)[0x14ff16829873]
[genoahost097:1736399] [ 4] /lib64/libc.so.6(+0x2979b)[0x14ff1682979b]
[genoahost097:1736399] [ 5] /lib64/libc.so.6(+0x388c6)[0x14ff168388c6]
[genoahost097:1736399] [ 6] /direct/sdcc+u/poare/Grid/build/examples/./Example_spec_kryschur[0x4cc206]
[genoahost097:1736399] [ 7] /direct/sdcc+u/poare/Grid/build/examples/./Example_spec_kryschur[0x4cc2f1]
[genoahost097:1736399] [ 8] /direct/sdcc+u/poare/Grid/build/examples/./Example_spec_kryschur[0x4c7e95]
[genoahost097:1736399] [ 9] /direct/sdcc+u/poare/Grid/build/examples/./Example_spec_kryschur[0x4b5f4f]
[genoahost097:1736399] [10] /direct/sdcc+u/poare/Grid/build/examples/./Example_spec_kryschur[0x41180d]
[genoahost097:1736399] [11] /lib64/libc.so.6(+0x2a610)[0x14ff1682a610]
[genoahost097:1736399] [12] /lib64/libc.so.6(__libc_start_main+0x80)[0x14ff1682a6c0]
[genoahost097:1736399] [13] /direct/sdcc+u/poare/Grid/build/examples/./Example_spec_kryschur[0x4147f5]
[genoahost097:1736399] *** End of error message ***

__|__|__|__|__|__|__|__|__|__|__|__|__|__|__
__|__|__|__|__|__|__|__|__|__|__|__|__|__|__
__|_ |  |  |  |  |  |  |  |  |  |  |  | _|__
__|_                                    _|__
__|_   GGGG    RRRR    III    DDDD      _|__
__|_  G        R   R    I     D   D     _|__
__|_  G        R   R    I     D    D    _|__
__|_  G  GG    RRRR     I     D    D    _|__
__|_  G   G    R  R     I     D   D     _|__
__|_   GGGG    R   R   III    DDDD      _|__
__|_                                    _|__
__|__|__|__|__|__|__|__|__|__|__|__|__|__|__
__|__|__|__|__|__|__|__|__|__|__|__|__|__|__
  |  |  |  |  |  |  |  |  |  |  |  |  |  |  


Copyright (C) 2015 Peter Boyle, Azusa Yamaguchi, Guido Cossu, Antonin Portelli and other authors

This program is free software; you can redistribute it and/or modify
it under the terms of the GNU General Public License as published by
the Free Software Foundation; either version 2 of the License, or
(at your option) any later version.

This program is distributed in the hope that it will be useful,
but WITHOUT ANY WARRANTY; without even the implied warranty of
MERCHANTABILITY or FITNESS FOR A PARTICULAR PURPOSE.  See the
GNU General Public License for more details.
Current Grid git commit hash=82d411ca7bb8ec4a5b5c3815df23674cfd291070: (HEAD -> develop, origin/develop, origin/HEAD) clean

Grid : Message : ================================================ 
Grid : Message : MPI is initialised and logging filters activated 
Grid : Message : ================================================ 
Grid : Message : This rank is running on host genoahost097.sdcc.bnl.local at local time 2026-02-27 13:56:32
Grid : Message : Requested 17179869184 byte stencil comms buffers 
Grid : Message : MemoryManager::Init() setting up
Grid : Message : MemoryManager::Init() cache pool for recent host   allocations: SMALL 8 LARGE 2 HUGE 0
Grid : Message : MemoryManager::Init() cache pool for recent device allocations: SMALL 16 LARGE 8 Huge 0
Grid : Message : MemoryManager::Init() cache pool for recent shared allocations: SMALL 16 LARGE 8 Huge 0
Grid : Message : MemoryManager::Init() Unified memory space
Sorting eigenvalues using EvalReSmall
Lattice size: [16 16 16 32]
Example_spec_kryschur: ../../Grid/communicator/SharedMemoryMPI.cc:434: static void Grid::GlobalSharedMemory::OptimalCommunicatorSharedMemory(const Coordinate&, ompi_communicator_t*&, Grid::Coordinate&): Assertion `WorldSize==Nprocessors' failed.
[genoahost097:1736406] *** Process received signal ***
[genoahost097:1736406] Signal: Aborted (6)
[genoahost097:1736406] Signal code:  (-6)
[genoahost097:1736406] [ 0] /lib64/libc.so.6(+0x3fc30)[0x14c75ac3fc30]
[genoahost097:1736406] [ 1] /lib64/libc.so.6(+0x8d02c)[0x14c75ac8d02c]
[genoahost097:1736406] [ 2] /lib64/libc.so.6(raise+0x16)[0x14c75ac3fb86]
[genoahost097:1736406] [ 3] /lib64/libc.so.6(abort+0xd3)[0x14c75ac29873]
[genoahost097:1736406] [ 4] /lib64/libc.so.6(+0x2979b)[0x14c75ac2979b]
[genoahost097:1736406] [ 5] /lib64/libc.so.6(+0x388c6)[0x14c75ac388c6]
[genoahost097:1736406] [ 6] /direct/sdcc+u/poare/Grid/build/examples/./Example_spec_kryschur[0x4cc206]
[genoahost097:1736406] [ 7] /direct/sdcc+u/poare/Grid/build/examples/./Example_spec_kryschur[0x4cc2f1]
[genoahost097:1736406] [ 8] /direct/sdcc+u/poare/Grid/build/examples/./Example_spec_kryschur[0x4c7e95]
[genoahost097:1736406] [ 9] /direct/sdcc+u/poare/Grid/build/examples/./Example_spec_kryschur[0x4b5f4f]
[genoahost097:1736406] [10] /direct/sdcc+u/poare/Grid/build/examples/./Example_spec_kryschur[0x41180d]
[genoahost097:1736406] [11] /lib64/libc.so.6(+0x2a610)[0x14c75ac2a610]
[genoahost097:1736406] [12] /lib64/libc.so.6(__libc_start_main+0x80)[0x14c75ac2a6c0]
[genoahost097:1736406] [13] /direct/sdcc+u/poare/Grid/build/examples/./Example_spec_kryschur[0x4147f5]
[genoahost097:1736406] *** End of error message ***
srun: error: genoahost099: task 37: Aborted (core dumped)
srun: error: genoahost100: task 59: Aborted (core dumped)

__|__|__|__|__|__|__|__|__|__|__|__|__|__|__
__|__|__|__|__|__|__|__|__|__|__|__|__|__|__
__|_ |  |  |  |  |  |  |  |  |  |  |  | _|__
__|_                                    _|__
__|_   GGGG    RRRR    III    DDDD      _|__
__|_  G        R   R    I     D   D     _|__
__|_  G        R   R    I     D    D    _|__
__|_  G  GG    RRRR     I     D    D    _|__
__|_  G   G    R  R     I     D   D     _|__
__|_   GGGG    R   R   III    DDDD      _|__
__|_                                    _|__
__|__|__|__|__|__|__|__|__|__|__|__|__|__|__
__|__|__|__|__|__|__|__|__|__|__|__|__|__|__
  |  |  |  |  |  |  |  |  |  |  |  |  |  |  


Copyright (C) 2015 Peter Boyle, Azusa Yamaguchi, Guido Cossu, Antonin Portelli and other authors

This program is free software; you can redistribute it and/or modify
it under the terms of the GNU General Public License as published by
the Free Software Foundation; either version 2 of the License, or
(at your option) any later version.

This program is distributed in the hope that it will be useful,
but WITHOUT ANY WARRANTY; without even the implied warranty of
MERCHANTABILITY or FITNESS FOR A PARTICULAR PURPOSE.  See the
GNU General Public License for more details.
Current Grid git commit hash=82d411ca7bb8ec4a5b5c3815df23674cfd291070: (HEAD -> develop, origin/develop, origin/HEAD) clean

Grid : Message : ================================================ 
Grid : Message : MPI is initialised and logging filters activated 
Grid : Message : ================================================ 
Grid : Message : This rank is running on host genoahost104.sdcc.bnl.local at local time 2026-02-27 13:56:35
Grid : Message : Requested 17179869184 byte stencil comms buffers 
Grid : Message : MemoryManager::Init() setting up
Grid : Message : MemoryManager::Init() cache pool for recent host   allocations: SMALL 8 LARGE 2 HUGE 0
Grid : Message : MemoryManager::Init() cache pool for recent device allocations: SMALL 16 LARGE 8 Huge 0
Grid : Message : MemoryManager::Init() cache pool for recent shared allocations: SMALL 16 LARGE 8 Huge 0
Grid : Message : MemoryManager::Init() Unified memory space
Sorting eigenvalues using EvalReSmall
Lattice size: [16 16 16 32]
Example_spec_kryschur: ../../Grid/communicator/SharedMemoryMPI.cc:434: static void Grid::GlobalSharedMemory::OptimalCommunicatorSharedMemory(const Coordinate&, ompi_communicator_t*&, Grid::Coordinate&): Assertion `WorldSize==Nprocessors' failed.
[genoahost104:633948] *** Process received signal ***
[genoahost104:633948] Signal: Aborted (6)
[genoahost104:633948] Signal code:  (-6)
[genoahost104:633948] [ 0] /lib64/libc.so.6(+0x3fc30)[0x152131c3fc30]
[genoahost104:633948] [ 1] /lib64/libc.so.6(+0x8d02c)[0x152131c8d02c]
[genoahost104:633948] [ 2] /lib64/libc.so.6(raise+0x16)[0x152131c3fb86]
[genoahost104:633948] [ 3] /lib64/libc.so.6(abort+0xd3)[0x152131c29873]
[genoahost104:633948] [ 4] /lib64/libc.so.6(+0x2979b)[0x152131c2979b]
[genoahost104:633948] [ 5] /lib64/libc.so.6(+0x388c6)[0x152131c388c6]
[genoahost104:633948] [ 6] /direct/sdcc+u/poare/Grid/build/examples/./Example_spec_kryschur[0x4cc206]
[genoahost104:633948] [ 7] /direct/sdcc+u/poare/Grid/build/examples/./Example_spec_kryschur[0x4cc2f1]
[genoahost104:633948] [ 8] /direct/sdcc+u/poare/Grid/build/examples/./Example_spec_kryschur[0x4c7e95]
[genoahost104:633948] [ 9] /direct/sdcc+u/poare/Grid/build/examples/./Example_spec_kryschur[0x4b5f4f]
[genoahost104:633948] [10] /direct/sdcc+u/poare/Grid/build/examples/./Example_spec_kryschur[0x41180d]
[genoahost104:633948] [11] /lib64/libc.so.6(+0x2a610)[0x152131c2a610]
[genoahost104:633948] [12] /lib64/libc.so.6(__libc_start_main+0x80)[0x152131c2a6c0]
[genoahost104:633948] [13] /direct/sdcc+u/poare/Grid/build/examples/./Example_spec_kryschur[0x4147f5]
[genoahost104:633948] *** End of error message ***
srun: error: genoahost098: task 19: Aborted (core dumped)

__|__|__|__|__|__|__|__|__|__|__|__|__|__|__
__|__|__|__|__|__|__|__|__|__|__|__|__|__|__
__|_ |  |  |  |  |  |  |  |  |  |  |  | _|__
__|_                                    _|__
__|_   GGGG    RRRR    III    DDDD      _|__
__|_  G        R   R    I     D   D     _|__
__|_  G        R   R    I     D    D    _|__
__|_  G  GG    RRRR     I     D    D    _|__
__|_  G   G    R  R     I     D   D     _|__
__|_   GGGG    R   R   III    DDDD      _|__
__|_                                    _|__
__|__|__|__|__|__|__|__|__|__|__|__|__|__|__
__|__|__|__|__|__|__|__|__|__|__|__|__|__|__
  |  |  |  |  |  |  |  |  |  |  |  |  |  |  


Copyright (C) 2015 Peter Boyle, Azusa Yamaguchi, Guido Cossu, Antonin Portelli and other authors

This program is free software; you can redistribute it and/or modify
it under the terms of the GNU General Public License as published by
the Free Software Foundation; either version 2 of the License, or
(at your option) any later version.

This program is distributed in the hope that it will be useful,
but WITHOUT ANY WARRANTY; without even the implied warranty of
MERCHANTABILITY or FITNESS FOR A PARTICULAR PURPOSE.  See the
GNU General Public License for more details.
Current Grid git commit hash=82d411ca7bb8ec4a5b5c3815df23674cfd291070: (HEAD -> develop, origin/develop, origin/HEAD) clean

Grid : Message : ================================================ 
Grid : Message : MPI is initialised and logging filters activated 
Grid : Message : ================================================ 
Grid : Message : This rank is running on host genoahost102.sdcc.bnl.local at local time 2026-02-27 13:56:36
Grid : Message : Requested 17179869184 byte stencil comms buffers 
Grid : Message : MemoryManager::Init() setting up
Grid : Message : MemoryManager::Init() cache pool for recent host   allocations: SMALL 8 LARGE 2 HUGE 0
Grid : Message : MemoryManager::Init() cache pool for recent device allocations: SMALL 16 LARGE 8 Huge 0
Grid : Message : MemoryManager::Init() cache pool for recent shared allocations: SMALL 16 LARGE 8 Huge 0
Grid : Message : MemoryManager::Init() Unified memory space
Sorting eigenvalues using EvalReSmall
Lattice size: [16 16 16 32]
Example_spec_kryschur: ../../Grid/communicator/SharedMemoryMPI.cc:434: static void Grid::GlobalSharedMemory::OptimalCommunicatorSharedMemory(const Coordinate&, ompi_communicator_t*&, Grid::Coordinate&): Assertion `WorldSize==Nprocessors' failed.
[genoahost102:631527] *** Process received signal ***
[genoahost102:631527] Signal: Aborted (6)
[genoahost102:631527] Signal code:  (-6)
[genoahost102:631527] [ 0] /lib64/libc.so.6(+0x3fc30)[0x14fcdf23fc30]
[genoahost102:631527] [ 1] /lib64/libc.so.6(+0x8d02c)[0x14fcdf28d02c]
[genoahost102:631527] [ 2] /lib64/libc.so.6(raise+0x16)[0x14fcdf23fb86]
[genoahost102:631527] [ 3] /lib64/libc.so.6(abort+0xd3)[0x14fcdf229873]
[genoahost102:631527] [ 4] /lib64/libc.so.6(+0x2979b)[0x14fcdf22979b]
[genoahost102:631527] [ 5] /lib64/libc.so.6(+0x388c6)[0x14fcdf2388c6]
[genoahost102:631527] [ 6] /direct/sdcc+u/poare/Grid/build/examples/./Example_spec_kryschur[0x4cc206]
[genoahost102:631527] [ 7] /direct/sdcc+u/poare/Grid/build/examples/./Example_spec_kryschur[0x4cc2f1]
[genoahost102:631527] [ 8] /direct/sdcc+u/poare/Grid/build/examples/./Example_spec_kryschur[0x4c7e95]
[genoahost102:631527] [ 9] /direct/sdcc+u/poare/Grid/build/examples/./Example_spec_kryschur[0x4b5f4f]
[genoahost102:631527] [10] /direct/sdcc+u/poare/Grid/build/examples/./Example_spec_kryschur[0x41180d]
[genoahost102:631527] [11] /lib64/libc.so.6(+0x2a610)[0x14fcdf22a610]
[genoahost102:631527] [12] /lib64/libc.so.6(__libc_start_main+0x80)[0x14fcdf22a6c0]
[genoahost102:631527] [13] /direct/sdcc+u/poare/Grid/build/examples/./Example_spec_kryschur[0x4147f5]
[genoahost102:631527] *** End of error message ***

__|__|__|__|__|__|__|__|__|__|__|__|__|__|__
__|__|__|__|__|__|__|__|__|__|__|__|__|__|__
__|_ |  |  |  |  |  |  |  |  |  |  |  | _|__
__|_                                    _|__
__|_   GGGG    RRRR    III    DDDD      _|__
__|_  G        R   R    I     D   D     _|__
__|_  G        R   R    I     D    D    _|__
__|_  G  GG    RRRR     I     D    D    _|__
__|_  G   G    R  R     I     D   D     _|__
__|_   GGGG    R   R   III    DDDD      _|__
__|_                                    _|__
__|__|__|__|__|__|__|__|__|__|__|__|__|__|__
__|__|__|__|__|__|__|__|__|__|__|__|__|__|__
  |  |  |  |  |  |  |  |  |  |  |  |  |  |  


Copyright (C) 2015 Peter Boyle, Azusa Yamaguchi, Guido Cossu, Antonin Portelli and other authors

This program is free software; you can redistribute it and/or modify
it under the terms of the GNU General Public License as published by
the Free Software Foundation; either version 2 of the License, or
(at your option) any later version.

This program is distributed in the hope that it will be useful,
but WITHOUT ANY WARRANTY; without even the implied warranty of
MERCHANTABILITY or FITNESS FOR A PARTICULAR PURPOSE.  See the
GNU General Public License for more details.
Current Grid git commit hash=82d411ca7bb8ec4a5b5c3815df23674cfd291070: (HEAD -> develop, origin/develop, origin/HEAD) clean

Grid : Message : ================================================ 
Grid : Message : MPI is initialised and logging filters activated 
Grid : Message : ================================================ 
Grid : Message : This rank is running on host genoahost102.sdcc.bnl.local at local time 2026-02-27 13:56:36
Grid : Message : Requested 17179869184 byte stencil comms buffers 
Grid : Message : MemoryManager::Init() setting up
Grid : Message : MemoryManager::Init() cache pool for recent host   allocations: SMALL 8 LARGE 2 HUGE 0
Grid : Message : MemoryManager::Init() cache pool for recent device allocations: SMALL 16 LARGE 8 Huge 0
Grid : Message : MemoryManager::Init() cache pool for recent shared allocations: SMALL 16 LARGE 8 Huge 0
Grid : Message : MemoryManager::Init() Unified memory space
Sorting eigenvalues using EvalReSmall
Lattice size: [16 16 16 32]
Example_spec_kryschur: ../../Grid/communicator/SharedMemoryMPI.cc:434: static void Grid::GlobalSharedMemory::OptimalCommunicatorSharedMemory(const Coordinate&, ompi_communicator_t*&, Grid::Coordinate&): Assertion `WorldSize==Nprocessors' failed.
[genoahost102:631520] *** Process received signal ***
[genoahost102:631520] Signal: Aborted (6)
[genoahost102:631520] Signal code:  (-6)
[genoahost102:631520] [ 0] /lib64/libc.so.6(+0x3fc30)[0x14a7ea83fc30]
[genoahost102:631520] [ 1] /lib64/libc.so.6(+0x8d02c)[0x14a7ea88d02c]
[genoahost102:631520] [ 2] /lib64/libc.so.6(raise+0x16)[0x14a7ea83fb86]
[genoahost102:631520] [ 3] /lib64/libc.so.6(abort+0xd3)[0x14a7ea829873]
[genoahost102:631520] [ 4] /lib64/libc.so.6(+0x2979b)[0x14a7ea82979b]
[genoahost102:631520] [ 5] /lib64/libc.so.6(+0x388c6)[0x14a7ea8388c6]
[genoahost102:631520] [ 6] /direct/sdcc+u/poare/Grid/build/examples/./Example_spec_kryschur[0x4cc206]
[genoahost102:631520] [ 7] /direct/sdcc+u/poare/Grid/build/examples/./Example_spec_kryschur[0x4cc2f1]
[genoahost102:631520] [ 8] /direct/sdcc+u/poare/Grid/build/examples/./Example_spec_kryschur[0x4c7e95]
[genoahost102:631520] [ 9] /direct/sdcc+u/poare/Grid/build/examples/./Example_spec_kryschur[0x4b5f4f]
[genoahost102:631520] [10] /direct/sdcc+u/poare/Grid/build/examples/./Example_spec_kryschur[0x41180d]
[genoahost102:631520] [11] /lib64/libc.so.6(+0x2a610)[0x14a7ea82a610]
[genoahost102:631520] [12] /lib64/libc.so.6(__libc_start_main+0x80)[0x14a7ea82a6c0]
[genoahost102:631520] [13] /direct/sdcc+u/poare/Grid/build/examples/./Example_spec_kryschur[0x4147f5]
[genoahost102:631520] *** End of error message ***
srun: error: genoahost104: task 112: Aborted (core dumped)
srun: error: genoahost104: task 121: Aborted (core dumped)
srun: error: genoahost104: task 123: Aborted (core dumped)

__|__|__|__|__|__|__|__|__|__|__|__|__|__|__
__|__|__|__|__|__|__|__|__|__|__|__|__|__|__
__|_ |  |  |  |  |  |  |  |  |  |  |  | _|__
__|_                                    _|__
__|_   GGGG    RRRR    III    DDDD      _|__
__|_  G        R   R    I     D   D     _|__
__|_  G        R   R    I     D    D    _|__
__|_  G  GG    RRRR     I     D    D    _|__
__|_  G   G    R  R     I     D   D     _|__
__|_   GGGG    R   R   III    DDDD      _|__
__|_                                    _|__
__|__|__|__|__|__|__|__|__|__|__|__|__|__|__
__|__|__|__|__|__|__|__|__|__|__|__|__|__|__
  |  |  |  |  |  |  |  |  |  |  |  |  |  |  


Copyright (C) 2015 Peter Boyle, Azusa Yamaguchi, Guido Cossu, Antonin Portelli and other authors

This program is free software; you can redistribute it and/or modify
it under the terms of the GNU General Public License as published by
the Free Software Foundation; either version 2 of the License, or
(at your option) any later version.

This program is distributed in the hope that it will be useful,
but WITHOUT ANY WARRANTY; without even the implied warranty of
MERCHANTABILITY or FITNESS FOR A PARTICULAR PURPOSE.  See the
GNU General Public License for more details.
Current Grid git commit hash=82d411ca7bb8ec4a5b5c3815df23674cfd291070: (HEAD -> develop, origin/develop, origin/HEAD) clean

Grid : Message : ================================================ 
Grid : Message : MPI is initialised and logging filters activated 
Grid : Message : ================================================ 
Grid : Message : This rank is running on host genoahost099.sdcc.bnl.local at local time 2026-02-27 13:56:40
Grid : Message : Requested 17179869184 byte stencil comms buffers 
Grid : Message : MemoryManager::Init() setting up
Grid : Message : MemoryManager::Init() cache pool for recent host   allocations: SMALL 8 LARGE 2 HUGE 0
Grid : Message : MemoryManager::Init() cache pool for recent device allocations: SMALL 16 LARGE 8 Huge 0
Grid : Message : MemoryManager::Init() cache pool for recent shared allocations: SMALL 16 LARGE 8 Huge 0
Grid : Message : MemoryManager::Init() Unified memory space
Sorting eigenvalues using EvalReSmall
Lattice size: [16 16 16 32]
Example_spec_kryschur: ../../Grid/communicator/SharedMemoryMPI.cc:434: static void Grid::GlobalSharedMemory::OptimalCommunicatorSharedMemory(const Coordinate&, ompi_communicator_t*&, Grid::Coordinate&): Assertion `WorldSize==Nprocessors' failed.
[genoahost099:1615064] *** Process received signal ***
[genoahost099:1615064] Signal: Aborted (6)
[genoahost099:1615064] Signal code:  (-6)
[genoahost099:1615064] [ 0] /lib64/libc.so.6(+0x3fc30)[0x151d46c3fc30]
[genoahost099:1615064] [ 1] /lib64/libc.so.6(+0x8d02c)[0x151d46c8d02c]
[genoahost099:1615064] [ 2] /lib64/libc.so.6(raise+0x16)[0x151d46c3fb86]
[genoahost099:1615064] [ 3] /lib64/libc.so.6(abort+0xd3)[0x151d46c29873]
[genoahost099:1615064] [ 4] /lib64/libc.so.6(+0x2979b)[0x151d46c2979b]
[genoahost099:1615064] [ 5] /lib64/libc.so.6(+0x388c6)[0x151d46c388c6]
[genoahost099:1615064] [ 6] /direct/sdcc+u/poare/Grid/build/examples/./Example_spec_kryschur[0x4cc206]
[genoahost099:1615064] [ 7] /direct/sdcc+u/poare/Grid/build/examples/./Example_spec_kryschur[0x4cc2f1]
[genoahost099:1615064] [ 8] /direct/sdcc+u/poare/Grid/build/examples/./Example_spec_kryschur[0x4c7e95]
[genoahost099:1615064] [ 9] /direct/sdcc+u/poare/Grid/build/examples/./Example_spec_kryschur[0x4b5f4f]
[genoahost099:1615064] [10] /direct/sdcc+u/poare/Grid/build/examples/./Example_spec_kryschur[0x41180d]
[genoahost099:1615064] [11] /lib64/libc.so.6(+0x2a610)[0x151d46c2a610]
[genoahost099:1615064] [12] /lib64/libc.so.6(__libc_start_main+0x80)[0x151d46c2a6c0]
[genoahost099:1615064] [13] /direct/sdcc+u/poare/Grid/build/examples/./Example_spec_kryschur[0x4147f5]
[genoahost099:1615064] *** End of error message ***

__|__|__|__|__|__|__|__|__|__|__|__|__|__|__
__|__|__|__|__|__|__|__|__|__|__|__|__|__|__
__|_ |  |  |  |  |  |  |  |  |  |  |  | _|__
__|_                                    _|__
__|_   GGGG    RRRR    III    DDDD      _|__
__|_  G        R   R    I     D   D     _|__
__|_  G        R   R    I     D    D    _|__
__|_  G  GG    RRRR     I     D    D    _|__
__|_  G   G    R  R     I     D   D     _|__
__|_   GGGG    R   R   III    DDDD      _|__
__|_                                    _|__
__|__|__|__|__|__|__|__|__|__|__|__|__|__|__
__|__|__|__|__|__|__|__|__|__|__|__|__|__|__
  |  |  |  |  |  |  |  |  |  |  |  |  |  |  


Copyright (C) 2015 Peter Boyle, Azusa Yamaguchi, Guido Cossu, Antonin Portelli and other authors

This program is free software; you can redistribute it and/or modify
it under the terms of the GNU General Public License as published by
the Free Software Foundation; either version 2 of the License, or
(at your option) any later version.

This program is distributed in the hope that it will be useful,
but WITHOUT ANY WARRANTY; without even the implied warranty of
MERCHANTABILITY or FITNESS FOR A PARTICULAR PURPOSE.  See the
GNU General Public License for more details.
Current Grid git commit hash=82d411ca7bb8ec4a5b5c3815df23674cfd291070: (HEAD -> develop, origin/develop, origin/HEAD) clean

Grid : Message : ================================================ 
Grid : Message : MPI is initialised and logging filters activated 
Grid : Message : ================================================ 
Grid : Message : This rank is running on host genoahost099.sdcc.bnl.local at local time 2026-02-27 13:56:40
Grid : Message : Requested 17179869184 byte stencil comms buffers 
Grid : Message : MemoryManager::Init() setting up
Grid : Message : MemoryManager::Init() cache pool for recent host   allocations: SMALL 8 LARGE 2 HUGE 0
Grid : Message : MemoryManager::Init() cache pool for recent device allocations: SMALL 16 LARGE 8 Huge 0
Grid : Message : MemoryManager::Init() cache pool for recent shared allocations: SMALL 16 LARGE 8 Huge 0
Grid : Message : MemoryManager::Init() Unified memory space
Sorting eigenvalues using EvalReSmall
Lattice size: [16 16 16 32]
Example_spec_kryschur: ../../Grid/communicator/SharedMemoryMPI.cc:434: static void Grid::GlobalSharedMemory::OptimalCommunicatorSharedMemory(const Coordinate&, ompi_communicator_t*&, Grid::Coordinate&): Assertion `WorldSize==Nprocessors' failed.
[genoahost099:1615057] *** Process received signal ***
[genoahost099:1615057] Signal: Aborted (6)
[genoahost099:1615057] Signal code:  (-6)
[genoahost099:1615057] [ 0] /lib64/libc.so.6(+0x3fc30)[0x14a2d5a3fc30]
[genoahost099:1615057] [ 1] /lib64/libc.so.6(+0x8d02c)[0x14a2d5a8d02c]
[genoahost099:1615057] [ 2] /lib64/libc.so.6(raise+0x16)[0x14a2d5a3fb86]
[genoahost099:1615057] [ 3] /lib64/libc.so.6(abort+0xd3)[0x14a2d5a29873]
[genoahost099:1615057] [ 4] /lib64/libc.so.6(+0x2979b)[0x14a2d5a2979b]
[genoahost099:1615057] [ 5] /lib64/libc.so.6(+0x388c6)[0x14a2d5a388c6]
[genoahost099:1615057] [ 6] /direct/sdcc+u/poare/Grid/build/examples/./Example_spec_kryschur[0x4cc206]
[genoahost099:1615057] [ 7] /direct/sdcc+u/poare/Grid/build/examples/./Example_spec_kryschur[0x4cc2f1]
[genoahost099:1615057] [ 8] /direct/sdcc+u/poare/Grid/build/examples/./Example_spec_kryschur[0x4c7e95]
[genoahost099:1615057] [ 9] /direct/sdcc+u/poare/Grid/build/examples/./Example_spec_kryschur[0x4b5f4f]
[genoahost099:1615057] [10] /direct/sdcc+u/poare/Grid/build/examples/./Example_spec_kryschur[0x41180d]
[genoahost099:1615057] [11] /lib64/libc.so.6(+0x2a610)[0x14a2d5a2a610]
[genoahost099:1615057] [12] /lib64/libc.so.6(__libc_start_main+0x80)[0x14a2d5a2a6c0]
[genoahost099:1615057] [13] /direct/sdcc+u/poare/Grid/build/examples/./Example_spec_kryschur[0x4147f5]
[genoahost099:1615057] *** End of error message ***
srun: error: genoahost102: task 89: Aborted (core dumped)

__|__|__|__|__|__|__|__|__|__|__|__|__|__|__
__|__|__|__|__|__|__|__|__|__|__|__|__|__|__
__|_ |  |  |  |  |  |  |  |  |  |  |  | _|__
__|_                                    _|__
__|_   GGGG    RRRR    III    DDDD      _|__
__|_  G        R   R    I     D   D     _|__
__|_  G        R   R    I     D    D    _|__
__|_  G  GG    RRRR     I     D    D    _|__
__|_  G   G    R  R     I     D   D     _|__
__|_   GGGG    R   R   III    DDDD      _|__
__|_                                    _|__
__|__|__|__|__|__|__|__|__|__|__|__|__|__|__
__|__|__|__|__|__|__|__|__|__|__|__|__|__|__
  |  |  |  |  |  |  |  |  |  |  |  |  |  |  


Copyright (C) 2015 Peter Boyle, Azusa Yamaguchi, Guido Cossu, Antonin Portelli and other authors

This program is free software; you can redistribute it and/or modify
it under the terms of the GNU General Public License as published by
the Free Software Foundation; either version 2 of the License, or
(at your option) any later version.

This program is distributed in the hope that it will be useful,
but WITHOUT ANY WARRANTY; without even the implied warranty of
MERCHANTABILITY or FITNESS FOR A PARTICULAR PURPOSE.  See the
GNU General Public License for more details.
Current Grid git commit hash=82d411ca7bb8ec4a5b5c3815df23674cfd291070: (HEAD -> develop, origin/develop, origin/HEAD) clean

Grid : Message : ================================================ 
Grid : Message : MPI is initialised and logging filters activated 
Grid : Message : ================================================ 
Grid : Message : This rank is running on host genoahost102.sdcc.bnl.local at local time 2026-02-27 13:56:43
Grid : Message : Requested 17179869184 byte stencil comms buffers 
Grid : Message : MemoryManager::Init() setting up
Grid : Message : MemoryManager::Init() cache pool for recent host   allocations: SMALL 8 LARGE 2 HUGE 0
Grid : Message : MemoryManager::Init() cache pool for recent device allocations: SMALL 16 LARGE 8 Huge 0
Grid : Message : MemoryManager::Init() cache pool for recent shared allocations: SMALL 16 LARGE 8 Huge 0
Grid : Message : MemoryManager::Init() Unified memory space
Sorting eigenvalues using EvalReSmall
Lattice size: [16 16 16 32]
Example_spec_kryschur: ../../Grid/communicator/SharedMemoryMPI.cc:434: static void Grid::GlobalSharedMemory::OptimalCommunicatorSharedMemory(const Coordinate&, ompi_communicator_t*&, Grid::Coordinate&): Assertion `WorldSize==Nprocessors' failed.
[genoahost102:631532] *** Process received signal ***
[genoahost102:631532] Signal: Aborted (6)
[genoahost102:631532] Signal code:  (-6)
[genoahost102:631532] [ 0] /lib64/libc.so.6(+0x3fc30)[0x14624cc3fc30]
[genoahost102:631532] [ 1] /lib64/libc.so.6(+0x8d02c)[0x14624cc8d02c]
[genoahost102:631532] [ 2] /lib64/libc.so.6(raise+0x16)[0x14624cc3fb86]
[genoahost102:631532] [ 3] /lib64/libc.so.6(abort+0xd3)[0x14624cc29873]
[genoahost102:631532] [ 4] /lib64/libc.so.6(+0x2979b)[0x14624cc2979b]
[genoahost102:631532] [ 5] /lib64/libc.so.6(+0x388c6)[0x14624cc388c6]
[genoahost102:631532] [ 6] /direct/sdcc+u/poare/Grid/build/examples/./Example_spec_kryschur[0x4cc206]
[genoahost102:631532] [ 7] /direct/sdcc+u/poare/Grid/build/examples/./Example_spec_kryschur[0x4cc2f1]
[genoahost102:631532] [ 8] /direct/sdcc+u/poare/Grid/build/examples/./Example_spec_kryschur[0x4c7e95]
[genoahost102:631532] [ 9] /direct/sdcc+u/poare/Grid/build/examples/./Example_spec_kryschur[0x4b5f4f]
[genoahost102:631532] [10] /direct/sdcc+u/poare/Grid/build/examples/./Example_spec_kryschur[0x41180d]
[genoahost102:631532] [11] /lib64/libc.so.6(+0x2a610)[0x14624cc2a610]
[genoahost102:631532] [12] /lib64/libc.so.6(__libc_start_main+0x80)[0x14624cc2a6c0]
[genoahost102:631532] [13] /direct/sdcc+u/poare/Grid/build/examples/./Example_spec_kryschur[0x4147f5]
[genoahost102:631532] *** End of error message ***

__|__|__|__|__|__|__|__|__|__|__|__|__|__|__
__|__|__|__|__|__|__|__|__|__|__|__|__|__|__
__|_ |  |  |  |  |  |  |  |  |  |  |  | _|__
__|_                                    _|__
__|_   GGGG    RRRR    III    DDDD      _|__
__|_  G        R   R    I     D   D     _|__
__|_  G        R   R    I     D    D    _|__
__|_  G  GG    RRRR     I     D    D    _|__
__|_  G   G    R  R     I     D   D     _|__
__|_   GGGG    R   R   III    DDDD      _|__
__|_                                    _|__
__|__|__|__|__|__|__|__|__|__|__|__|__|__|__
__|__|__|__|__|__|__|__|__|__|__|__|__|__|__
  |  |  |  |  |  |  |  |  |  |  |  |  |  |  


Copyright (C) 2015 Peter Boyle, Azusa Yamaguchi, Guido Cossu, Antonin Portelli and other authors

This program is free software; you can redistribute it and/or modify
it under the terms of the GNU General Public License as published by
the Free Software Foundation; either version 2 of the License, or
(at your option) any later version.

This program is distributed in the hope that it will be useful,
but WITHOUT ANY WARRANTY; without even the implied warranty of
MERCHANTABILITY or FITNESS FOR A PARTICULAR PURPOSE.  See the
GNU General Public License for more details.
Current Grid git commit hash=82d411ca7bb8ec4a5b5c3815df23674cfd291070: (HEAD -> develop, origin/develop, origin/HEAD) clean

Grid : Message : ================================================ 
Grid : Message : MPI is initialised and logging filters activated 
Grid : Message : ================================================ 
Grid : Message : This rank is running on host genoahost103.sdcc.bnl.local at local time 2026-02-27 13:56:44
Grid : Message : Requested 17179869184 byte stencil comms buffers 
Grid : Message : MemoryManager::Init() setting up
Grid : Message : MemoryManager::Init() cache pool for recent host   allocations: SMALL 8 LARGE 2 HUGE 0
Grid : Message : MemoryManager::Init() cache pool for recent device allocations: SMALL 16 LARGE 8 Huge 0
Grid : Message : MemoryManager::Init() cache pool for recent shared allocations: SMALL 16 LARGE 8 Huge 0
Grid : Message : MemoryManager::Init() Unified memory space
Sorting eigenvalues using EvalReSmall
Lattice size: [16 16 16 32]
Example_spec_kryschur: ../../Grid/communicator/SharedMemoryMPI.cc:434: static void Grid::GlobalSharedMemory::OptimalCommunicatorSharedMemory(const Coordinate&, ompi_communicator_t*&, Grid::Coordinate&): Assertion `WorldSize==Nprocessors' failed.
[genoahost103:621001] *** Process received signal ***
[genoahost103:621001] Signal: Aborted (6)
[genoahost103:621001] Signal code:  (-6)
[genoahost103:621001] [ 0] /lib64/libc.so.6(+0x3fc30)[0x14823643fc30]
[genoahost103:621001] [ 1] /lib64/libc.so.6(+0x8d02c)[0x14823648d02c]
[genoahost103:621001] [ 2] /lib64/libc.so.6(raise+0x16)[0x14823643fb86]
[genoahost103:621001] [ 3] /lib64/libc.so.6(abort+0xd3)[0x148236429873]
[genoahost103:621001] [ 4] /lib64/libc.so.6(+0x2979b)[0x14823642979b]
[genoahost103:621001] [ 5] /lib64/libc.so.6(+0x388c6)[0x1482364388c6]
[genoahost103:621001] [ 6] /direct/sdcc+u/poare/Grid/build/examples/./Example_spec_kryschur[0x4cc206]
[genoahost103:621001] [ 7] /direct/sdcc+u/poare/Grid/build/examples/./Example_spec_kryschur[0x4cc2f1]
[genoahost103:621001] [ 8] /direct/sdcc+u/poare/Grid/build/examples/./Example_spec_kryschur[0x4c7e95]
[genoahost103:621001] [ 9] /direct/sdcc+u/poare/Grid/build/examples/./Example_spec_kryschur[0x4b5f4f]
[genoahost103:621001] [10] /direct/sdcc+u/poare/Grid/build/examples/./Example_spec_kryschur[0x41180d]
[genoahost103:621001] [11] /lib64/libc.so.6(+0x2a610)[0x14823642a610]
[genoahost103:621001] [12] /lib64/libc.so.6(__libc_start_main+0x80)[0x14823642a6c0]
[genoahost103:621001] [13] /direct/sdcc+u/poare/Grid/build/examples/./Example_spec_kryschur[0x4147f5]
[genoahost103:621001] *** End of error message ***

__|__|__|__|__|__|__|__|__|__|__|__|__|__|__
__|__|__|__|__|__|__|__|__|__|__|__|__|__|__
__|_ |  |  |  |  |  |  |  |  |  |  |  | _|__
__|_                                    _|__
__|_   GGGG    RRRR    III    DDDD      _|__
__|_  G        R   R    I     D   D     _|__
__|_  G        R   R    I     D    D    _|__
__|_  G  GG    RRRR     I     D    D    _|__
__|_  G   G    R  R     I     D   D     _|__
__|_   GGGG    R   R   III    DDDD      _|__
__|_                                    _|__
__|__|__|__|__|__|__|__|__|__|__|__|__|__|__
__|__|__|__|__|__|__|__|__|__|__|__|__|__|__
  |  |  |  |  |  |  |  |  |  |  |  |  |  |  


Copyright (C) 2015 Peter Boyle, Azusa Yamaguchi, Guido Cossu, Antonin Portelli and other authors

This program is free software; you can redistribute it and/or modify
it under the terms of the GNU General Public License as published by
the Free Software Foundation; either version 2 of the License, or
(at your option) any later version.

This program is distributed in the hope that it will be useful,
but WITHOUT ANY WARRANTY; without even the implied warranty of
MERCHANTABILITY or FITNESS FOR A PARTICULAR PURPOSE.  See the
GNU General Public License for more details.
Current Grid git commit hash=82d411ca7bb8ec4a5b5c3815df23674cfd291070: (HEAD -> develop, origin/develop, origin/HEAD) clean

Grid : Message : ================================================ 
Grid : Message : MPI is initialised and logging filters activated 
Grid : Message : ================================================ 
Grid : Message : This rank is running on host genoahost101.sdcc.bnl.local at local time 2026-02-27 13:56:44
Grid : Message : Requested 17179869184 byte stencil comms buffers 
Grid : Message : MemoryManager::Init() setting up
Grid : Message : MemoryManager::Init() cache pool for recent host   allocations: SMALL 8 LARGE 2 HUGE 0
Grid : Message : MemoryManager::Init() cache pool for recent device allocations: SMALL 16 LARGE 8 Huge 0
Grid : Message : MemoryManager::Init() cache pool for recent shared allocations: SMALL 16 LARGE 8 Huge 0
Grid : Message : MemoryManager::Init() Unified memory space
Sorting eigenvalues using EvalReSmall
Lattice size: [16 16 16 32]
Example_spec_kryschur: ../../Grid/communicator/SharedMemoryMPI.cc:434: static void Grid::GlobalSharedMemory::OptimalCommunicatorSharedMemory(const Coordinate&, ompi_communicator_t*&, Grid::Coordinate&): Assertion `WorldSize==Nprocessors' failed.
[genoahost101:1151454] *** Process received signal ***
[genoahost101:1151454] Signal: Aborted (6)
[genoahost101:1151454] Signal code:  (-6)
[genoahost101:1151454] [ 0] /lib64/libc.so.6(+0x3fc30)[0x1456dd23fc30]
[genoahost101:1151454] [ 1] /lib64/libc.so.6(+0x8d02c)[0x1456dd28d02c]
[genoahost101:1151454] [ 2] /lib64/libc.so.6(raise+0x16)[0x1456dd23fb86]
[genoahost101:1151454] [ 3] /lib64/libc.so.6(abort+0xd3)[0x1456dd229873]
[genoahost101:1151454] [ 4] /lib64/libc.so.6(+0x2979b)[0x1456dd22979b]
[genoahost101:1151454] [ 5] /lib64/libc.so.6(+0x388c6)[0x1456dd2388c6]
[genoahost101:1151454] [ 6] /direct/sdcc+u/poare/Grid/build/examples/./Example_spec_kryschur[0x4cc206]
[genoahost101:1151454] [ 7] /direct/sdcc+u/poare/Grid/build/examples/./Example_spec_kryschur[0x4cc2f1]
[genoahost101:1151454] [ 8] /direct/sdcc+u/poare/Grid/build/examples/./Example_spec_kryschur[0x4c7e95]
[genoahost101:1151454] [ 9] /direct/sdcc+u/poare/Grid/build/examples/./Example_spec_kryschur[0x4b5f4f]
[genoahost101:1151454] [10] /direct/sdcc+u/poare/Grid/build/examples/./Example_spec_kryschur[0x41180d]
[genoahost101:1151454] [11] /lib64/libc.so.6(+0x2a610)[0x1456dd22a610]
[genoahost101:1151454] [12] /lib64/libc.so.6(__libc_start_main+0x80)[0x1456dd22a6c0]
[genoahost101:1151454] [13] /direct/sdcc+u/poare/Grid/build/examples/./Example_spec_kryschur[0x4147f5]
[genoahost101:1151454] *** End of error message ***

__|__|__|__|__|__|__|__|__|__|__|__|__|__|__
__|__|__|__|__|__|__|__|__|__|__|__|__|__|__
__|_ |  |  |  |  |  |  |  |  |  |  |  | _|__
__|_                                    _|__
__|_   GGGG    RRRR    III    DDDD      _|__
__|_  G        R   R    I     D   D     _|__
__|_  G        R   R    I     D    D    _|__
__|_  G  GG    RRRR     I     D    D    _|__
__|_  G   G    R  R     I     D   D     _|__
__|_   GGGG    R   R   III    DDDD      _|__
__|_                                    _|__
__|__|__|__|__|__|__|__|__|__|__|__|__|__|__
__|__|__|__|__|__|__|__|__|__|__|__|__|__|__
  |  |  |  |  |  |  |  |  |  |  |  |  |  |  


Copyright (C) 2015 Peter Boyle, Azusa Yamaguchi, Guido Cossu, Antonin Portelli and other authors

This program is free software; you can redistribute it and/or modify
it under the terms of the GNU General Public License as published by
the Free Software Foundation; either version 2 of the License, or
(at your option) any later version.

This program is distributed in the hope that it will be useful,
but WITHOUT ANY WARRANTY; without even the implied warranty of
MERCHANTABILITY or FITNESS FOR A PARTICULAR PURPOSE.  See the
GNU General Public License for more details.
Current Grid git commit hash=82d411ca7bb8ec4a5b5c3815df23674cfd291070: (HEAD -> develop, origin/develop, origin/HEAD) clean

Grid : Message : ================================================ 
Grid : Message : MPI is initialised and logging filters activated 
Grid : Message : ================================================ 
Grid : Message : This rank is running on host genoahost103.sdcc.bnl.local at local time 2026-02-27 13:56:44
Grid : Message : Requested 17179869184 byte stencil comms buffers 
Grid : Message : MemoryManager::Init() setting up
Grid : Message : MemoryManager::Init() cache pool for recent host   allocations: SMALL 8 LARGE 2 HUGE 0
Grid : Message : MemoryManager::Init() cache pool for recent device allocations: SMALL 16 LARGE 8 Huge 0
Grid : Message : MemoryManager::Init() cache pool for recent shared allocations: SMALL 16 LARGE 8 Huge 0
Grid : Message : MemoryManager::Init() Unified memory space
Sorting eigenvalues using EvalReSmall
Lattice size: [16 16 16 32]
Example_spec_kryschur: ../../Grid/communicator/SharedMemoryMPI.cc:434: static void Grid::GlobalSharedMemory::OptimalCommunicatorSharedMemory(const Coordinate&, ompi_communicator_t*&, Grid::Coordinate&): Assertion `WorldSize==Nprocessors' failed.
[genoahost103:621003] *** Process received signal ***
[genoahost103:621003] Signal: Aborted (6)
[genoahost103:621003] Signal code:  (-6)
[genoahost103:621003] [ 0] /lib64/libc.so.6(+0x3fc30)[0x14eab1a3fc30]
[genoahost103:621003] [ 1] /lib64/libc.so.6(+0x8d02c)[0x14eab1a8d02c]
[genoahost103:621003] [ 2] /lib64/libc.so.6(raise+0x16)[0x14eab1a3fb86]
[genoahost103:621003] [ 3] /lib64/libc.so.6(abort+0xd3)[0x14eab1a29873]
[genoahost103:621003] [ 4] /lib64/libc.so.6(+0x2979b)[0x14eab1a2979b]
[genoahost103:621003] [ 5] /lib64/libc.so.6(+0x388c6)[0x14eab1a388c6]
[genoahost103:621003] [ 6] /direct/sdcc+u/poare/Grid/build/examples/./Example_spec_kryschur[0x4cc206]
[genoahost103:621003] [ 7] /direct/sdcc+u/poare/Grid/build/examples/./Example_spec_kryschur[0x4cc2f1]
[genoahost103:621003] [ 8] /direct/sdcc+u/poare/Grid/build/examples/./Example_spec_kryschur[0x4c7e95]
[genoahost103:621003] [ 9] /direct/sdcc+u/poare/Grid/build/examples/./Example_spec_kryschur[0x4b5f4f]
[genoahost103:621003] [10] /direct/sdcc+u/poare/Grid/build/examples/./Example_spec_kryschur[0x41180d]
[genoahost103:621003] [11] /lib64/libc.so.6(+0x2a610)[0x14eab1a2a610]
[genoahost103:621003] [12] /lib64/libc.so.6(__libc_start_main+0x80)[0x14eab1a2a6c0]
[genoahost103:621003] [13] /direct/sdcc+u/poare/Grid/build/examples/./Example_spec_kryschur[0x4147f5]
[genoahost103:621003] *** End of error message ***

__|__|__|__|__|__|__|__|__|__|__|__|__|__|__
__|__|__|__|__|__|__|__|__|__|__|__|__|__|__
__|_ |  |  |  |  |  |  |  |  |  |  |  | _|__
__|_                                    _|__
__|_   GGGG    RRRR    III    DDDD      _|__
__|_  G        R   R    I     D   D     _|__
__|_  G        R   R    I     D    D    _|__
__|_  G  GG    RRRR     I     D    D    _|__
__|_  G   G    R  R     I     D   D     _|__
__|_   GGGG    R   R   III    DDDD      _|__
__|_                                    _|__
__|__|__|__|__|__|__|__|__|__|__|__|__|__|__
__|__|__|__|__|__|__|__|__|__|__|__|__|__|__
  |  |  |  |  |  |  |  |  |  |  |  |  |  |  


Copyright (C) 2015 Peter Boyle, Azusa Yamaguchi, Guido Cossu, Antonin Portelli and other authors

This program is free software; you can redistribute it and/or modify
it under the terms of the GNU General Public License as published by
the Free Software Foundation; either version 2 of the License, or
(at your option) any later version.

This program is distributed in the hope that it will be useful,
but WITHOUT ANY WARRANTY; without even the implied warranty of
MERCHANTABILITY or FITNESS FOR A PARTICULAR PURPOSE.  See the
GNU General Public License for more details.
Current Grid git commit hash=82d411ca7bb8ec4a5b5c3815df23674cfd291070: (HEAD -> develop, origin/develop, origin/HEAD) clean

Grid : Message : ================================================ 
Grid : Message : MPI is initialised and logging filters activated 
Grid : Message : ================================================ 
Grid : Message : This rank is running on host genoahost102.sdcc.bnl.local at local time 2026-02-27 13:56:44
Grid : Message : Requested 17179869184 byte stencil comms buffers 
Grid : Message : MemoryManager::Init() setting up
Grid : Message : MemoryManager::Init() cache pool for recent host   allocations: SMALL 8 LARGE 2 HUGE 0
Grid : Message : MemoryManager::Init() cache pool for recent device allocations: SMALL 16 LARGE 8 Huge 0
Grid : Message : MemoryManager::Init() cache pool for recent shared allocations: SMALL 16 LARGE 8 Huge 0
Grid : Message : MemoryManager::Init() Unified memory space
Sorting eigenvalues using EvalReSmall
Lattice size: [16 16 16 32]
Example_spec_kryschur: ../../Grid/communicator/SharedMemoryMPI.cc:434: static void Grid::GlobalSharedMemory::OptimalCommunicatorSharedMemory(const Coordinate&, ompi_communicator_t*&, Grid::Coordinate&): Assertion `WorldSize==Nprocessors' failed.
[genoahost102:631530] *** Process received signal ***
[genoahost102:631530] Signal: Aborted (6)
[genoahost102:631530] Signal code:  (-6)
[genoahost102:631530] [ 0] /lib64/libc.so.6(+0x3fc30)[0x146a7503fc30]
[genoahost102:631530] [ 1] /lib64/libc.so.6(+0x8d02c)[0x146a7508d02c]
[genoahost102:631530] [ 2] /lib64/libc.so.6(raise+0x16)[0x146a7503fb86]
[genoahost102:631530] [ 3] /lib64/libc.so.6(abort+0xd3)[0x146a75029873]
[genoahost102:631530] [ 4] /lib64/libc.so.6(+0x2979b)[0x146a7502979b]
[genoahost102:631530] [ 5] /lib64/libc.so.6(+0x388c6)[0x146a750388c6]
[genoahost102:631530] [ 6] /direct/sdcc+u/poare/Grid/build/examples/./Example_spec_kryschur[0x4cc206]
[genoahost102:631530] [ 7] /direct/sdcc+u/poare/Grid/build/examples/./Example_spec_kryschur[0x4cc2f1]
[genoahost102:631530] [ 8] /direct/sdcc+u/poare/Grid/build/examples/./Example_spec_kryschur[0x4c7e95]
[genoahost102:631530] [ 9] /direct/sdcc+u/poare/Grid/build/examples/./Example_spec_kryschur[0x4b5f4f]
[genoahost102:631530] [10] /direct/sdcc+u/poare/Grid/build/examples/./Example_spec_kryschur[0x41180d]
[genoahost102:631530] [11] /lib64/libc.so.6(+0x2a610)[0x146a7502a610]
[genoahost102:631530] [12] /lib64/libc.so.6(__libc_start_main+0x80)[0x146a7502a6c0]
[genoahost102:631530] [13] /direct/sdcc+u/poare/Grid/build/examples/./Example_spec_kryschur[0x4147f5]
[genoahost102:631530] *** End of error message ***

__|__|__|__|__|__|__|__|__|__|__|__|__|__|__
__|__|__|__|__|__|__|__|__|__|__|__|__|__|__
__|_ |  |  |  |  |  |  |  |  |  |  |  | _|__
__|_                                    _|__
__|_   GGGG    RRRR    III    DDDD      _|__
__|_  G        R   R    I     D   D     _|__
__|_  G        R   R    I     D    D    _|__
__|_  G  GG    RRRR     I     D    D    _|__
__|_  G   G    R  R     I     D   D     _|__
__|_   GGGG    R   R   III    DDDD      _|__
__|_                                    _|__
__|__|__|__|__|__|__|__|__|__|__|__|__|__|__
__|__|__|__|__|__|__|__|__|__|__|__|__|__|__
  |  |  |  |  |  |  |  |  |  |  |  |  |  |  


Copyright (C) 2015 Peter Boyle, Azusa Yamaguchi, Guido Cossu, Antonin Portelli and other authors

This program is free software; you can redistribute it and/or modify
it under the terms of the GNU General Public License as published by
the Free Software Foundation; either version 2 of the License, or
(at your option) any later version.

This program is distributed in the hope that it will be useful,
but WITHOUT ANY WARRANTY; without even the implied warranty of
MERCHANTABILITY or FITNESS FOR A PARTICULAR PURPOSE.  See the
GNU General Public License for more details.
Current Grid git commit hash=82d411ca7bb8ec4a5b5c3815df23674cfd291070: (HEAD -> develop, origin/develop, origin/HEAD) clean

Grid : Message : ================================================ 
Grid : Message : MPI is initialised and logging filters activated 
Grid : Message : ================================================ 
Grid : Message : This rank is running on host genoahost102.sdcc.bnl.local at local time 2026-02-27 13:56:45
Grid : Message : Requested 17179869184 byte stencil comms buffers 
Grid : Message : MemoryManager::Init() setting up
Grid : Message : MemoryManager::Init() cache pool for recent host   allocations: SMALL 8 LARGE 2 HUGE 0
Grid : Message : MemoryManager::Init() cache pool for recent device allocations: SMALL 16 LARGE 8 Huge 0
Grid : Message : MemoryManager::Init() cache pool for recent shared allocations: SMALL 16 LARGE 8 Huge 0
Grid : Message : MemoryManager::Init() Unified memory space
Sorting eigenvalues using EvalReSmall
Lattice size: [16 16 16 32]
Example_spec_kryschur: ../../Grid/communicator/SharedMemoryMPI.cc:434: static void Grid::GlobalSharedMemory::OptimalCommunicatorSharedMemory(const Coordinate&, ompi_communicator_t*&, Grid::Coordinate&): Assertion `WorldSize==Nprocessors' failed.
[genoahost102:631524] *** Process received signal ***
[genoahost102:631524] Signal: Aborted (6)
[genoahost102:631524] Signal code:  (-6)
[genoahost102:631524] [ 0] /lib64/libc.so.6(+0x3fc30)[0x14af5d83fc30]
[genoahost102:631524] [ 1] /lib64/libc.so.6(+0x8d02c)[0x14af5d88d02c]
[genoahost102:631524] [ 2] /lib64/libc.so.6(raise+0x16)[0x14af5d83fb86]
[genoahost102:631524] [ 3] /lib64/libc.so.6(abort+0xd3)[0x14af5d829873]
[genoahost102:631524] [ 4] /lib64/libc.so.6(+0x2979b)[0x14af5d82979b]
[genoahost102:631524] [ 5] /lib64/libc.so.6(+0x388c6)[0x14af5d8388c6]
[genoahost102:631524] [ 6] /direct/sdcc+u/poare/Grid/build/examples/./Example_spec_kryschur[0x4cc206]
[genoahost102:631524] [ 7] /direct/sdcc+u/poare/Grid/build/examples/./Example_spec_kryschur[0x4cc2f1]
[genoahost102:631524] [ 8] /direct/sdcc+u/poare/Grid/build/examples/./Example_spec_kryschur[0x4c7e95]
[genoahost102:631524] [ 9] /direct/sdcc+u/poare/Grid/build/examples/./Example_spec_kryschur[0x4b5f4f]
[genoahost102:631524] [10] /direct/sdcc+u/poare/Grid/build/examples/./Example_spec_kryschur[0x41180d]
[genoahost102:631524] [11] /lib64/libc.so.6(+0x2a610)[0x14af5d82a610]
[genoahost102:631524] [12] /lib64/libc.so.6(__libc_start_main+0x80)[0x14af5d82a6c0]
[genoahost102:631524] [13] /direct/sdcc+u/poare/Grid/build/examples/./Example_spec_kryschur[0x4147f5]
[genoahost102:631524] *** End of error message ***

__|__|__|__|__|__|__|__|__|__|__|__|__|__|__
__|__|__|__|__|__|__|__|__|__|__|__|__|__|__
__|_ |  |  |  |  |  |  |  |  |  |  |  | _|__
__|_                                    _|__
__|_   GGGG    RRRR    III    DDDD      _|__
__|_  G        R   R    I     D   D     _|__
__|_  G        R   R    I     D    D    _|__
__|_  G  GG    RRRR     I     D    D    _|__
__|_  G   G    R  R     I     D   D     _|__
__|_   GGGG    R   R   III    DDDD      _|__
__|_                                    _|__
__|__|__|__|__|__|__|__|__|__|__|__|__|__|__
__|__|__|__|__|__|__|__|__|__|__|__|__|__|__
  |  |  |  |  |  |  |  |  |  |  |  |  |  |  


Copyright (C) 2015 Peter Boyle, Azusa Yamaguchi, Guido Cossu, Antonin Portelli and other authors

This program is free software; you can redistribute it and/or modify
it under the terms of the GNU General Public License as published by
the Free Software Foundation; either version 2 of the License, or
(at your option) any later version.

This program is distributed in the hope that it will be useful,
but WITHOUT ANY WARRANTY; without even the implied warranty of
MERCHANTABILITY or FITNESS FOR A PARTICULAR PURPOSE.  See the
GNU General Public License for more details.
Current Grid git commit hash=82d411ca7bb8ec4a5b5c3815df23674cfd291070: (HEAD -> develop, origin/develop, origin/HEAD) clean

Grid : Message : ================================================ 
Grid : Message : MPI is initialised and logging filters activated 
Grid : Message : ================================================ 
Grid : Message : This rank is running on host genoahost101.sdcc.bnl.local at local time 2026-02-27 13:56:45
Grid : Message : Requested 17179869184 byte stencil comms buffers 
Grid : Message : MemoryManager::Init() setting up
Grid : Message : MemoryManager::Init() cache pool for recent host   allocations: SMALL 8 LARGE 2 HUGE 0
Grid : Message : MemoryManager::Init() cache pool for recent device allocations: SMALL 16 LARGE 8 Huge 0
Grid : Message : MemoryManager::Init() cache pool for recent shared allocations: SMALL 16 LARGE 8 Huge 0
Grid : Message : MemoryManager::Init() Unified memory space
Sorting eigenvalues using EvalReSmall
Lattice size: [16 16 16 32]
Example_spec_kryschur: ../../Grid/communicator/SharedMemoryMPI.cc:434: static void Grid::GlobalSharedMemory::OptimalCommunicatorSharedMemory(const Coordinate&, ompi_communicator_t*&, Grid::Coordinate&): Assertion `WorldSize==Nprocessors' failed.
[genoahost101:1151465] *** Process received signal ***
[genoahost101:1151465] Signal: Aborted (6)
[genoahost101:1151465] Signal code:  (-6)
[genoahost101:1151465] [ 0] /lib64/libc.so.6(+0x3fc30)[0x146a9643fc30]
[genoahost101:1151465] [ 1] /lib64/libc.so.6(+0x8d02c)[0x146a9648d02c]
[genoahost101:1151465] [ 2] /lib64/libc.so.6(raise+0x16)[0x146a9643fb86]
[genoahost101:1151465] [ 3] /lib64/libc.so.6(abort+0xd3)[0x146a96429873]
[genoahost101:1151465] [ 4] /lib64/libc.so.6(+0x2979b)[0x146a9642979b]
[genoahost101:1151465] [ 5] /lib64/libc.so.6(+0x388c6)[0x146a964388c6]
[genoahost101:1151465] [ 6] /direct/sdcc+u/poare/Grid/build/examples/./Example_spec_kryschur[0x4cc206]
[genoahost101:1151465] [ 7] /direct/sdcc+u/poare/Grid/build/examples/./Example_spec_kryschur[0x4cc2f1]
[genoahost101:1151465] [ 8] /direct/sdcc+u/poare/Grid/build/examples/./Example_spec_kryschur[0x4c7e95]
[genoahost101:1151465] [ 9] /direct/sdcc+u/poare/Grid/build/examples/./Example_spec_kryschur[0x4b5f4f]
[genoahost101:1151465] [10] /direct/sdcc+u/poare/Grid/build/examples/./Example_spec_kryschur[0x41180d]
[genoahost101:1151465] [11] /lib64/libc.so.6(+0x2a610)[0x146a9642a610]
[genoahost101:1151465] [12] /lib64/libc.so.6(__libc_start_main+0x80)[0x146a9642a6c0]
[genoahost101:1151465] [13] /direct/sdcc+u/poare/Grid/build/examples/./Example_spec_kryschur[0x4147f5]
[genoahost101:1151465] *** End of error message ***

__|__|__|__|__|__|__|__|__|__|__|__|__|__|__
__|__|__|__|__|__|__|__|__|__|__|__|__|__|__
__|_ |  |  |  |  |  |  |  |  |  |  |  | _|__
__|_                                    _|__
__|_   GGGG    RRRR    III    DDDD      _|__
__|_  G        R   R    I     D   D     _|__
__|_  G        R   R    I     D    D    _|__
__|_  G  GG    RRRR     I     D    D    _|__
__|_  G   G    R  R     I     D   D     _|__
__|_   GGGG    R   R   III    DDDD      _|__
__|_                                    _|__
__|__|__|__|__|__|__|__|__|__|__|__|__|__|__
__|__|__|__|__|__|__|__|__|__|__|__|__|__|__
  |  |  |  |  |  |  |  |  |  |  |  |  |  |  


Copyright (C) 2015 Peter Boyle, Azusa Yamaguchi, Guido Cossu, Antonin Portelli and other authors

This program is free software; you can redistribute it and/or modify
it under the terms of the GNU General Public License as published by
the Free Software Foundation; either version 2 of the License, or
(at your option) any later version.

This program is distributed in the hope that it will be useful,
but WITHOUT ANY WARRANTY; without even the implied warranty of
MERCHANTABILITY or FITNESS FOR A PARTICULAR PURPOSE.  See the
GNU General Public License for more details.
Current Grid git commit hash=82d411ca7bb8ec4a5b5c3815df23674cfd291070: (HEAD -> develop, origin/develop, origin/HEAD) clean

Grid : Message : ================================================ 
Grid : Message : MPI is initialised and logging filters activated 
Grid : Message : ================================================ 
Grid : Message : This rank is running on host genoahost099.sdcc.bnl.local at local time 2026-02-27 13:56:46
Grid : Message : Requested 17179869184 byte stencil comms buffers 
Grid : Message : MemoryManager::Init() setting up
Grid : Message : MemoryManager::Init() cache pool for recent host   allocations: SMALL 8 LARGE 2 HUGE 0
Grid : Message : MemoryManager::Init() cache pool for recent device allocations: SMALL 16 LARGE 8 Huge 0
Grid : Message : MemoryManager::Init() cache pool for recent shared allocations: SMALL 16 LARGE 8 Huge 0
Grid : Message : MemoryManager::Init() Unified memory space
Sorting eigenvalues using EvalReSmall
Lattice size: [16 16 16 32]
Example_spec_kryschur: ../../Grid/communicator/SharedMemoryMPI.cc:434: static void Grid::GlobalSharedMemory::OptimalCommunicatorSharedMemory(const Coordinate&, ompi_communicator_t*&, Grid::Coordinate&): Assertion `WorldSize==Nprocessors' failed.
[genoahost099:1615051] *** Process received signal ***
[genoahost099:1615051] Signal: Aborted (6)
[genoahost099:1615051] Signal code:  (-6)
[genoahost099:1615051] [ 0] /lib64/libc.so.6(+0x3fc30)[0x14b2b283fc30]
[genoahost099:1615051] [ 1] /lib64/libc.so.6(+0x8d02c)[0x14b2b288d02c]
[genoahost099:1615051] [ 2] /lib64/libc.so.6(raise+0x16)[0x14b2b283fb86]
[genoahost099:1615051] [ 3] /lib64/libc.so.6(abort+0xd3)[0x14b2b2829873]
[genoahost099:1615051] [ 4] /lib64/libc.so.6(+0x2979b)[0x14b2b282979b]
[genoahost099:1615051] [ 5] /lib64/libc.so.6(+0x388c6)[0x14b2b28388c6]
[genoahost099:1615051] [ 6] /direct/sdcc+u/poare/Grid/build/examples/./Example_spec_kryschur[0x4cc206]
[genoahost099:1615051] [ 7] /direct/sdcc+u/poare/Grid/build/examples/./Example_spec_kryschur[0x4cc2f1]
[genoahost099:1615051] [ 8] /direct/sdcc+u/poare/Grid/build/examples/./Example_spec_kryschur[0x4c7e95]
[genoahost099:1615051] [ 9] /direct/sdcc+u/poare/Grid/build/examples/./Example_spec_kryschur[0x4b5f4f]
[genoahost099:1615051] [10] /direct/sdcc+u/poare/Grid/build/examples/./Example_spec_kryschur[0x41180d]
[genoahost099:1615051] [11] /lib64/libc.so.6(+0x2a610)[0x14b2b282a610]
[genoahost099:1615051] [12] /lib64/libc.so.6(__libc_start_main+0x80)[0x14b2b282a6c0]
[genoahost099:1615051] [13] /direct/sdcc+u/poare/Grid/build/examples/./Example_spec_kryschur[0x4147f5]
[genoahost099:1615051] *** End of error message ***

__|__|__|__|__|__|__|__|__|__|__|__|__|__|__
__|__|__|__|__|__|__|__|__|__|__|__|__|__|__
__|_ |  |  |  |  |  |  |  |  |  |  |  | _|__
__|_                                    _|__
__|_   GGGG    RRRR    III    DDDD      _|__
__|_  G        R   R    I     D   D     _|__
__|_  G        R   R    I     D    D    _|__
__|_  G  GG    RRRR     I     D    D    _|__
__|_  G   G    R  R     I     D   D     _|__
__|_   GGGG    R   R   III    DDDD      _|__
__|_                                    _|__
__|__|__|__|__|__|__|__|__|__|__|__|__|__|__
__|__|__|__|__|__|__|__|__|__|__|__|__|__|__
  |  |  |  |  |  |  |  |  |  |  |  |  |  |  


Copyright (C) 2015 Peter Boyle, Azusa Yamaguchi, Guido Cossu, Antonin Portelli and other authors

This program is free software; you can redistribute it and/or modify
it under the terms of the GNU General Public License as published by
the Free Software Foundation; either version 2 of the License, or
(at your option) any later version.

This program is distributed in the hope that it will be useful,
but WITHOUT ANY WARRANTY; without even the implied warranty of
MERCHANTABILITY or FITNESS FOR A PARTICULAR PURPOSE.  See the
GNU General Public License for more details.
Current Grid git commit hash=82d411ca7bb8ec4a5b5c3815df23674cfd291070: (HEAD -> develop, origin/develop, origin/HEAD) clean

Grid : Message : ================================================ 
Grid : Message : MPI is initialised and logging filters activated 
Grid : Message : ================================================ 
Grid : Message : This rank is running on host genoahost103.sdcc.bnl.local at local time 2026-02-27 13:56:46
Grid : Message : Requested 17179869184 byte stencil comms buffers 
Grid : Message : MemoryManager::Init() setting up
Grid : Message : MemoryManager::Init() cache pool for recent host   allocations: SMALL 8 LARGE 2 HUGE 0
Grid : Message : MemoryManager::Init() cache pool for recent device allocations: SMALL 16 LARGE 8 Huge 0
Grid : Message : MemoryManager::Init() cache pool for recent shared allocations: SMALL 16 LARGE 8 Huge 0
Grid : Message : MemoryManager::Init() Unified memory space
Sorting eigenvalues using EvalReSmall
Lattice size: [16 16 16 32]
Example_spec_kryschur: ../../Grid/communicator/SharedMemoryMPI.cc:434: static void Grid::GlobalSharedMemory::OptimalCommunicatorSharedMemory(const Coordinate&, ompi_communicator_t*&, Grid::Coordinate&): Assertion `WorldSize==Nprocessors' failed.
[genoahost103:621009] *** Process received signal ***
[genoahost103:621009] Signal: Aborted (6)
[genoahost103:621009] Signal code:  (-6)
[genoahost103:621009] [ 0] /lib64/libc.so.6(+0x3fc30)[0x14f9f0e3fc30]
[genoahost103:621009] [ 1] /lib64/libc.so.6(+0x8d02c)[0x14f9f0e8d02c]
[genoahost103:621009] [ 2] /lib64/libc.so.6(raise+0x16)[0x14f9f0e3fb86]
[genoahost103:621009] [ 3] /lib64/libc.so.6(abort+0xd3)[0x14f9f0e29873]
[genoahost103:621009] [ 4] /lib64/libc.so.6(+0x2979b)[0x14f9f0e2979b]
[genoahost103:621009] [ 5] /lib64/libc.so.6(+0x388c6)[0x14f9f0e388c6]
[genoahost103:621009] [ 6] /direct/sdcc+u/poare/Grid/build/examples/./Example_spec_kryschur[0x4cc206]
[genoahost103:621009] [ 7] /direct/sdcc+u/poare/Grid/build/examples/./Example_spec_kryschur[0x4cc2f1]
[genoahost103:621009] [ 8] /direct/sdcc+u/poare/Grid/build/examples/./Example_spec_kryschur[0x4c7e95]
[genoahost103:621009] [ 9] /direct/sdcc+u/poare/Grid/build/examples/./Example_spec_kryschur[0x4b5f4f]
[genoahost103:621009] [10] /direct/sdcc+u/poare/Grid/build/examples/./Example_spec_kryschur[0x41180d]
[genoahost103:621009] [11] /lib64/libc.so.6(+0x2a610)[0x14f9f0e2a610]
[genoahost103:621009] [12] /lib64/libc.so.6(__libc_start_main+0x80)[0x14f9f0e2a6c0]
[genoahost103:621009] [13] /direct/sdcc+u/poare/Grid/build/examples/./Example_spec_kryschur[0x4147f5]
[genoahost103:621009] *** End of error message ***

__|__|__|__|__|__|__|__|__|__|__|__|__|__|__
__|__|__|__|__|__|__|__|__|__|__|__|__|__|__
__|_ |  |  |  |  |  |  |  |  |  |  |  | _|__
__|_                                    _|__
__|_   GGGG    RRRR    III    DDDD      _|__
__|_  G        R   R    I     D   D     _|__
__|_  G        R   R    I     D    D    _|__
__|_  G  GG    RRRR     I     D    D    _|__
__|_  G   G    R  R     I     D   D     _|__
__|_   GGGG    R   R   III    DDDD      _|__
__|_                                    _|__
__|__|__|__|__|__|__|__|__|__|__|__|__|__|__
__|__|__|__|__|__|__|__|__|__|__|__|__|__|__
  |  |  |  |  |  |  |  |  |  |  |  |  |  |  


Copyright (C) 2015 Peter Boyle, Azusa Yamaguchi, Guido Cossu, Antonin Portelli and other authors

This program is free software; you can redistribute it and/or modify
it under the terms of the GNU General Public License as published by
the Free Software Foundation; either version 2 of the License, or
(at your option) any later version.

This program is distributed in the hope that it will be useful,
but WITHOUT ANY WARRANTY; without even the implied warranty of
MERCHANTABILITY or FITNESS FOR A PARTICULAR PURPOSE.  See the
GNU General Public License for more details.
Current Grid git commit hash=82d411ca7bb8ec4a5b5c3815df23674cfd291070: (HEAD -> develop, origin/develop, origin/HEAD) clean

Grid : Message : ================================================ 
Grid : Message : MPI is initialised and logging filters activated 
Grid : Message : ================================================ 
Grid : Message : This rank is running on host genoahost103.sdcc.bnl.local at local time 2026-02-27 13:56:46
Grid : Message : Requested 17179869184 byte stencil comms buffers 
Grid : Message : MemoryManager::Init() setting up
Grid : Message : MemoryManager::Init() cache pool for recent host   allocations: SMALL 8 LARGE 2 HUGE 0
Grid : Message : MemoryManager::Init() cache pool for recent device allocations: SMALL 16 LARGE 8 Huge 0
Grid : Message : MemoryManager::Init() cache pool for recent shared allocations: SMALL 16 LARGE 8 Huge 0
Grid : Message : MemoryManager::Init() Unified memory space
Sorting eigenvalues using EvalReSmall
Lattice size: [16 16 16 32]
Example_spec_kryschur: ../../Grid/communicator/SharedMemoryMPI.cc:434: static void Grid::GlobalSharedMemory::OptimalCommunicatorSharedMemory(const Coordinate&, ompi_communicator_t*&, Grid::Coordinate&): Assertion `WorldSize==Nprocessors' failed.
[genoahost103:621007] *** Process received signal ***
[genoahost103:621007] Signal: Aborted (6)
[genoahost103:621007] Signal code:  (-6)
[genoahost103:621007] [ 0] /lib64/libc.so.6(+0x3fc30)[0x1470ec43fc30]
[genoahost103:621007] [ 1] /lib64/libc.so.6(+0x8d02c)[0x1470ec48d02c]
[genoahost103:621007] [ 2] /lib64/libc.so.6(raise+0x16)[0x1470ec43fb86]
[genoahost103:621007] [ 3] /lib64/libc.so.6(abort+0xd3)[0x1470ec429873]
[genoahost103:621007] [ 4] /lib64/libc.so.6(+0x2979b)[0x1470ec42979b]
[genoahost103:621007] [ 5] /lib64/libc.so.6(+0x388c6)[0x1470ec4388c6]
[genoahost103:621007] [ 6] /direct/sdcc+u/poare/Grid/build/examples/./Example_spec_kryschur[0x4cc206]
[genoahost103:621007] [ 7] /direct/sdcc+u/poare/Grid/build/examples/./Example_spec_kryschur[0x4cc2f1]
[genoahost103:621007] [ 8] /direct/sdcc+u/poare/Grid/build/examples/./Example_spec_kryschur[0x4c7e95]
[genoahost103:621007] [ 9] /direct/sdcc+u/poare/Grid/build/examples/./Example_spec_kryschur[0x4b5f4f]
[genoahost103:621007] [10] /direct/sdcc+u/poare/Grid/build/examples/./Example_spec_kryschur[0x41180d]
[genoahost103:621007] [11] /lib64/libc.so.6(+0x2a610)[0x1470ec42a610]
[genoahost103:621007] [12] /lib64/libc.so.6(__libc_start_main+0x80)[0x1470ec42a6c0]
[genoahost103:621007] [13] /direct/sdcc+u/poare/Grid/build/examples/./Example_spec_kryschur[0x4147f5]
[genoahost103:621007] *** End of error message ***

__|__|__|__|__|__|__|__|__|__|__|__|__|__|__
__|__|__|__|__|__|__|__|__|__|__|__|__|__|__
__|_ |  |  |  |  |  |  |  |  |  |  |  | _|__
__|_                                    _|__
__|_   GGGG    RRRR    III    DDDD      _|__
__|_  G        R   R    I     D   D     _|__
__|_  G        R   R    I     D    D    _|__
__|_  G  GG    RRRR     I     D    D    _|__
__|_  G   G    R  R     I     D   D     _|__
__|_   GGGG    R   R   III    DDDD      _|__
__|_                                    _|__
__|__|__|__|__|__|__|__|__|__|__|__|__|__|__
__|__|__|__|__|__|__|__|__|__|__|__|__|__|__
  |  |  |  |  |  |  |  |  |  |  |  |  |  |  


Copyright (C) 2015 Peter Boyle, Azusa Yamaguchi, Guido Cossu, Antonin Portelli and other authors

This program is free software; you can redistribute it and/or modify
it under the terms of the GNU General Public License as published by
the Free Software Foundation; either version 2 of the License, or
(at your option) any later version.

This program is distributed in the hope that it will be useful,
but WITHOUT ANY WARRANTY; without even the implied warranty of
MERCHANTABILITY or FITNESS FOR A PARTICULAR PURPOSE.  See the
GNU General Public License for more details.
Current Grid git commit hash=82d411ca7bb8ec4a5b5c3815df23674cfd291070: (HEAD -> develop, origin/develop, origin/HEAD) clean

Grid : Message : ================================================ 
Grid : Message : MPI is initialised and logging filters activated 
Grid : Message : ================================================ 
Grid : Message : This rank is running on host genoahost099.sdcc.bnl.local at local time 2026-02-27 13:56:46
Grid : Message : Requested 17179869184 byte stencil comms buffers 
Grid : Message : MemoryManager::Init() setting up
Grid : Message : MemoryManager::Init() cache pool for recent host   allocations: SMALL 8 LARGE 2 HUGE 0
Grid : Message : MemoryManager::Init() cache pool for recent device allocations: SMALL 16 LARGE 8 Huge 0
Grid : Message : MemoryManager::Init() cache pool for recent shared allocations: SMALL 16 LARGE 8 Huge 0
Grid : Message : MemoryManager::Init() Unified memory space
Sorting eigenvalues using EvalReSmall
Lattice size: [16 16 16 32]
Example_spec_kryschur: ../../Grid/communicator/SharedMemoryMPI.cc:434: static void Grid::GlobalSharedMemory::OptimalCommunicatorSharedMemory(const Coordinate&, ompi_communicator_t*&, Grid::Coordinate&): Assertion `WorldSize==Nprocessors' failed.
[genoahost099:1615054] *** Process received signal ***
[genoahost099:1615054] Signal: Aborted (6)
[genoahost099:1615054] Signal code:  (-6)
[genoahost099:1615054] [ 0] /lib64/libc.so.6(+0x3fc30)[0x14ab4423fc30]
[genoahost099:1615054] [ 1] /lib64/libc.so.6(+0x8d02c)[0x14ab4428d02c]
[genoahost099:1615054] [ 2] /lib64/libc.so.6(raise+0x16)[0x14ab4423fb86]
[genoahost099:1615054] [ 3] /lib64/libc.so.6(abort+0xd3)[0x14ab44229873]
[genoahost099:1615054] [ 4] /lib64/libc.so.6(+0x2979b)[0x14ab4422979b]
[genoahost099:1615054] [ 5] /lib64/libc.so.6(+0x388c6)[0x14ab442388c6]
[genoahost099:1615054] [ 6] /direct/sdcc+u/poare/Grid/build/examples/./Example_spec_kryschur[0x4cc206]
[genoahost099:1615054] [ 7] /direct/sdcc+u/poare/Grid/build/examples/./Example_spec_kryschur[0x4cc2f1]
[genoahost099:1615054] [ 8] /direct/sdcc+u/poare/Grid/build/examples/./Example_spec_kryschur[0x4c7e95]
[genoahost099:1615054] [ 9] /direct/sdcc+u/poare/Grid/build/examples/./Example_spec_kryschur[0x4b5f4f]
[genoahost099:1615054] [10] /direct/sdcc+u/poare/Grid/build/examples/./Example_spec_kryschur[0x41180d]
[genoahost099:1615054] [11] /lib64/libc.so.6(+0x2a610)[0x14ab4422a610]
[genoahost099:1615054] [12] /lib64/libc.so.6(__libc_start_main+0x80)[0x14ab4422a6c0]
[genoahost099:1615054] [13] /direct/sdcc+u/poare/Grid/build/examples/./Example_spec_kryschur[0x4147f5]
[genoahost099:1615054] *** End of error message ***

__|__|__|__|__|__|__|__|__|__|__|__|__|__|__
__|__|__|__|__|__|__|__|__|__|__|__|__|__|__
__|_ |  |  |  |  |  |  |  |  |  |  |  | _|__
__|_                                    _|__
__|_   GGGG    RRRR    III    DDDD      _|__
__|_  G        R   R    I     D   D     _|__
__|_  G        R   R    I     D    D    _|__
__|_  G  GG    RRRR     I     D    D    _|__
__|_  G   G    R  R     I     D   D     _|__
__|_   GGGG    R   R   III    DDDD      _|__
__|_                                    _|__
__|__|__|__|__|__|__|__|__|__|__|__|__|__|__
__|__|__|__|__|__|__|__|__|__|__|__|__|__|__
  |  |  |  |  |  |  |  |  |  |  |  |  |  |  


Copyright (C) 2015 Peter Boyle, Azusa Yamaguchi, Guido Cossu, Antonin Portelli and other authors

This program is free software; you can redistribute it and/or modify
it under the terms of the GNU General Public License as published by
the Free Software Foundation; either version 2 of the License, or
(at your option) any later version.

This program is distributed in the hope that it will be useful,
but WITHOUT ANY WARRANTY; without even the implied warranty of
MERCHANTABILITY or FITNESS FOR A PARTICULAR PURPOSE.  See the
GNU General Public License for more details.
Current Grid git commit hash=82d411ca7bb8ec4a5b5c3815df23674cfd291070: (HEAD -> develop, origin/develop, origin/HEAD) clean

Grid : Message : ================================================ 
Grid : Message : MPI is initialised and logging filters activated 
Grid : Message : ================================================ 
Grid : Message : This rank is running on host genoahost099.sdcc.bnl.local at local time 2026-02-27 13:56:46
Grid : Message : Requested 17179869184 byte stencil comms buffers 
Grid : Message : MemoryManager::Init() setting up
Grid : Message : MemoryManager::Init() cache pool for recent host   allocations: SMALL 8 LARGE 2 HUGE 0
Grid : Message : MemoryManager::Init() cache pool for recent device allocations: SMALL 16 LARGE 8 Huge 0
Grid : Message : MemoryManager::Init() cache pool for recent shared allocations: SMALL 16 LARGE 8 Huge 0
Grid : Message : MemoryManager::Init() Unified memory space
Sorting eigenvalues using EvalReSmall
Lattice size: [16 16 16 32]
Example_spec_kryschur: ../../Grid/communicator/SharedMemoryMPI.cc:434: static void Grid::GlobalSharedMemory::OptimalCommunicatorSharedMemory(const Coordinate&, ompi_communicator_t*&, Grid::Coordinate&): Assertion `WorldSize==Nprocessors' failed.
[genoahost099:1615058] *** Process received signal ***
[genoahost099:1615058] Signal: Aborted (6)
[genoahost099:1615058] Signal code:  (-6)
[genoahost099:1615058] [ 0] /lib64/libc.so.6(+0x3fc30)[0x14f86703fc30]
[genoahost099:1615058] [ 1] /lib64/libc.so.6(+0x8d02c)[0x14f86708d02c]
[genoahost099:1615058] [ 2] /lib64/libc.so.6(raise+0x16)[0x14f86703fb86]
[genoahost099:1615058] [ 3] /lib64/libc.so.6(abort+0xd3)[0x14f867029873]
[genoahost099:1615058] [ 4] /lib64/libc.so.6(+0x2979b)[0x14f86702979b]
[genoahost099:1615058] [ 5] /lib64/libc.so.6(+0x388c6)[0x14f8670388c6]
[genoahost099:1615058] [ 6] /direct/sdcc+u/poare/Grid/build/examples/./Example_spec_kryschur[0x4cc206]
[genoahost099:1615058] [ 7] /direct/sdcc+u/poare/Grid/build/examples/./Example_spec_kryschur[0x4cc2f1]
[genoahost099:1615058] [ 8] /direct/sdcc+u/poare/Grid/build/examples/./Example_spec_kryschur[0x4c7e95]
[genoahost099:1615058] [ 9] /direct/sdcc+u/poare/Grid/build/examples/./Example_spec_kryschur[0x4b5f4f]
[genoahost099:1615058] [10] /direct/sdcc+u/poare/Grid/build/examples/./Example_spec_kryschur[0x41180d]
[genoahost099:1615058] [11] /lib64/libc.so.6(+0x2a610)[0x14f86702a610]
[genoahost099:1615058] [12] /lib64/libc.so.6(__libc_start_main+0x80)[0x14f86702a6c0]
[genoahost099:1615058] [13] /direct/sdcc+u/poare/Grid/build/examples/./Example_spec_kryschur[0x4147f5]
[genoahost099:1615058] *** End of error message ***

__|__|__|__|__|__|__|__|__|__|__|__|__|__|__
__|__|__|__|__|__|__|__|__|__|__|__|__|__|__
__|_ |  |  |  |  |  |  |  |  |  |  |  | _|__
__|_                                    _|__
__|_   GGGG    RRRR    III    DDDD      _|__
__|_  G        R   R    I     D   D     _|__
__|_  G        R   R    I     D    D    _|__
__|_  G  GG    RRRR     I     D    D    _|__
__|_  G   G    R  R     I     D   D     _|__
__|_   GGGG    R   R   III    DDDD      _|__
__|_                                    _|__
__|__|__|__|__|__|__|__|__|__|__|__|__|__|__
__|__|__|__|__|__|__|__|__|__|__|__|__|__|__
  |  |  |  |  |  |  |  |  |  |  |  |  |  |  


Copyright (C) 2015 Peter Boyle, Azusa Yamaguchi, Guido Cossu, Antonin Portelli and other authors

This program is free software; you can redistribute it and/or modify
it under the terms of the GNU General Public License as published by
the Free Software Foundation; either version 2 of the License, or
(at your option) any later version.

This program is distributed in the hope that it will be useful,
but WITHOUT ANY WARRANTY; without even the implied warranty of
MERCHANTABILITY or FITNESS FOR A PARTICULAR PURPOSE.  See the
GNU General Public License for more details.
Current Grid git commit hash=82d411ca7bb8ec4a5b5c3815df23674cfd291070: (HEAD -> develop, origin/develop, origin/HEAD) clean

Grid : Message : ================================================ 
Grid : Message : MPI is initialised and logging filters activated 
Grid : Message : ================================================ 
Grid : Message : This rank is running on host genoahost101.sdcc.bnl.local at local time 2026-02-27 13:56:48
Grid : Message : Requested 17179869184 byte stencil comms buffers 
Grid : Message : MemoryManager::Init() setting up
Grid : Message : MemoryManager::Init() cache pool for recent host   allocations: SMALL 8 LARGE 2 HUGE 0
Grid : Message : MemoryManager::Init() cache pool for recent device allocations: SMALL 16 LARGE 8 Huge 0
Grid : Message : MemoryManager::Init() cache pool for recent shared allocations: SMALL 16 LARGE 8 Huge 0
Grid : Message : MemoryManager::Init() Unified memory space
Sorting eigenvalues using EvalReSmall
Lattice size: [16 16 16 32]
Example_spec_kryschur: ../../Grid/communicator/SharedMemoryMPI.cc:434: static void Grid::GlobalSharedMemory::OptimalCommunicatorSharedMemory(const Coordinate&, ompi_communicator_t*&, Grid::Coordinate&): Assertion `WorldSize==Nprocessors' failed.
[genoahost101:1151453] *** Process received signal ***
[genoahost101:1151453] Signal: Aborted (6)
[genoahost101:1151453] Signal code:  (-6)
[genoahost101:1151453] [ 0] /lib64/libc.so.6(+0x3fc30)[0x14dc7cc3fc30]
[genoahost101:1151453] [ 1] /lib64/libc.so.6(+0x8d02c)[0x14dc7cc8d02c]
[genoahost101:1151453] [ 2] /lib64/libc.so.6(raise+0x16)[0x14dc7cc3fb86]
[genoahost101:1151453] [ 3] /lib64/libc.so.6(abort+0xd3)[0x14dc7cc29873]
[genoahost101:1151453] [ 4] /lib64/libc.so.6(+0x2979b)[0x14dc7cc2979b]
[genoahost101:1151453] [ 5] /lib64/libc.so.6(+0x388c6)[0x14dc7cc388c6]
[genoahost101:1151453] [ 6] /direct/sdcc+u/poare/Grid/build/examples/./Example_spec_kryschur[0x4cc206]
[genoahost101:1151453] [ 7] /direct/sdcc+u/poare/Grid/build/examples/./Example_spec_kryschur[0x4cc2f1]
[genoahost101:1151453] [ 8] /direct/sdcc+u/poare/Grid/build/examples/./Example_spec_kryschur[0x4c7e95]
[genoahost101:1151453] [ 9] /direct/sdcc+u/poare/Grid/build/examples/./Example_spec_kryschur[0x4b5f4f]
[genoahost101:1151453] [10] /direct/sdcc+u/poare/Grid/build/examples/./Example_spec_kryschur[0x41180d]
[genoahost101:1151453] [11] /lib64/libc.so.6(+0x2a610)[0x14dc7cc2a610]
[genoahost101:1151453] [12] /lib64/libc.so.6(__libc_start_main+0x80)[0x14dc7cc2a6c0]
[genoahost101:1151453] [13] /direct/sdcc+u/poare/Grid/build/examples/./Example_spec_kryschur[0x4147f5]
[genoahost101:1151453] *** End of error message ***

__|__|__|__|__|__|__|__|__|__|__|__|__|__|__
__|__|__|__|__|__|__|__|__|__|__|__|__|__|__
__|_ |  |  |  |  |  |  |  |  |  |  |  | _|__
__|_                                    _|__
__|_   GGGG    RRRR    III    DDDD      _|__
__|_  G        R   R    I     D   D     _|__
__|_  G        R   R    I     D    D    _|__
__|_  G  GG    RRRR     I     D    D    _|__
__|_  G   G    R  R     I     D   D     _|__
__|_   GGGG    R   R   III    DDDD      _|__
__|_                                    _|__
__|__|__|__|__|__|__|__|__|__|__|__|__|__|__
__|__|__|__|__|__|__|__|__|__|__|__|__|__|__
  |  |  |  |  |  |  |  |  |  |  |  |  |  |  


Copyright (C) 2015 Peter Boyle, Azusa Yamaguchi, Guido Cossu, Antonin Portelli and other authors

This program is free software; you can redistribute it and/or modify
it under the terms of the GNU General Public License as published by
the Free Software Foundation; either version 2 of the License, or
(at your option) any later version.

This program is distributed in the hope that it will be useful,
but WITHOUT ANY WARRANTY; without even the implied warranty of
MERCHANTABILITY or FITNESS FOR A PARTICULAR PURPOSE.  See the
GNU General Public License for more details.
Current Grid git commit hash=82d411ca7bb8ec4a5b5c3815df23674cfd291070: (HEAD -> develop, origin/develop, origin/HEAD) clean

Grid : Message : ================================================ 
Grid : Message : MPI is initialised and logging filters activated 
Grid : Message : ================================================ 
Grid : Message : This rank is running on host genoahost101.sdcc.bnl.local at local time 2026-02-27 13:56:48
Grid : Message : Requested 17179869184 byte stencil comms buffers 
Grid : Message : MemoryManager::Init() setting up
Grid : Message : MemoryManager::Init() cache pool for recent host   allocations: SMALL 8 LARGE 2 HUGE 0
Grid : Message : MemoryManager::Init() cache pool for recent device allocations: SMALL 16 LARGE 8 Huge 0
Grid : Message : MemoryManager::Init() cache pool for recent shared allocations: SMALL 16 LARGE 8 Huge 0
Grid : Message : MemoryManager::Init() Unified memory space
Sorting eigenvalues using EvalReSmall
Lattice size: [16 16 16 32]
Example_spec_kryschur: ../../Grid/communicator/SharedMemoryMPI.cc:434: static void Grid::GlobalSharedMemory::OptimalCommunicatorSharedMemory(const Coordinate&, ompi_communicator_t*&, Grid::Coordinate&): Assertion `WorldSize==Nprocessors' failed.
[genoahost101:1151467] *** Process received signal ***
[genoahost101:1151467] Signal: Aborted (6)
[genoahost101:1151467] Signal code:  (-6)
[genoahost101:1151467] [ 0] /lib64/libc.so.6(+0x3fc30)[0x14c235e3fc30]
[genoahost101:1151467] [ 1] /lib64/libc.so.6(+0x8d02c)[0x14c235e8d02c]
[genoahost101:1151467] [ 2] /lib64/libc.so.6(raise+0x16)[0x14c235e3fb86]
[genoahost101:1151467] [ 3] /lib64/libc.so.6(abort+0xd3)[0x14c235e29873]
[genoahost101:1151467] [ 4] /lib64/libc.so.6(+0x2979b)[0x14c235e2979b]
[genoahost101:1151467] [ 5] /lib64/libc.so.6(+0x388c6)[0x14c235e388c6]
[genoahost101:1151467] [ 6] /direct/sdcc+u/poare/Grid/build/examples/./Example_spec_kryschur[0x4cc206]
[genoahost101:1151467] [ 7] /direct/sdcc+u/poare/Grid/build/examples/./Example_spec_kryschur[0x4cc2f1]
[genoahost101:1151467] [ 8] /direct/sdcc+u/poare/Grid/build/examples/./Example_spec_kryschur[0x4c7e95]
[genoahost101:1151467] [ 9] /direct/sdcc+u/poare/Grid/build/examples/./Example_spec_kryschur[0x4b5f4f]
[genoahost101:1151467] [10] /direct/sdcc+u/poare/Grid/build/examples/./Example_spec_kryschur[0x41180d]
[genoahost101:1151467] [11] /lib64/libc.so.6(+0x2a610)[0x14c235e2a610]
[genoahost101:1151467] [12] /lib64/libc.so.6(__libc_start_main+0x80)[0x14c235e2a6c0]
[genoahost101:1151467] [13] /direct/sdcc+u/poare/Grid/build/examples/./Example_spec_kryschur[0x4147f5]
[genoahost101:1151467] *** End of error message ***
srun: error: genoahost104: task 117: Aborted (core dumped)
srun: error: genoahost100: task 51: Aborted (core dumped)
srun: error: genoahost102: task 82: Aborted (core dumped)

__|__|__|__|__|__|__|__|__|__|__|__|__|__|__
__|__|__|__|__|__|__|__|__|__|__|__|__|__|__
__|_ |  |  |  |  |  |  |  |  |  |  |  | _|__
__|_                                    _|__
__|_   GGGG    RRRR    III    DDDD      _|__
__|_  G        R   R    I     D   D     _|__
__|_  G        R   R    I     D    D    _|__
__|_  G  GG    RRRR     I     D    D    _|__
__|_  G   G    R  R     I     D   D     _|__
__|_   GGGG    R   R   III    DDDD      _|__
__|_                                    _|__
__|__|__|__|__|__|__|__|__|__|__|__|__|__|__
__|__|__|__|__|__|__|__|__|__|__|__|__|__|__
  |  |  |  |  |  |  |  |  |  |  |  |  |  |  


Copyright (C) 2015 Peter Boyle, Azusa Yamaguchi, Guido Cossu, Antonin Portelli and other authors

This program is free software; you can redistribute it and/or modify
it under the terms of the GNU General Public License as published by
the Free Software Foundation; either version 2 of the License, or
(at your option) any later version.

This program is distributed in the hope that it will be useful,
but WITHOUT ANY WARRANTY; without even the implied warranty of
MERCHANTABILITY or FITNESS FOR A PARTICULAR PURPOSE.  See the
GNU General Public License for more details.
Current Grid git commit hash=82d411ca7bb8ec4a5b5c3815df23674cfd291070: (HEAD -> develop, origin/develop, origin/HEAD) clean

Grid : Message : ================================================ 
Grid : Message : MPI is initialised and logging filters activated 
Grid : Message : ================================================ 
Grid : Message : This rank is running on host genoahost103.sdcc.bnl.local at local time 2026-02-27 13:56:51
Grid : Message : Requested 17179869184 byte stencil comms buffers 
Grid : Message : MemoryManager::Init() setting up
Grid : Message : MemoryManager::Init() cache pool for recent host   allocations: SMALL 8 LARGE 2 HUGE 0
Grid : Message : MemoryManager::Init() cache pool for recent device allocations: SMALL 16 LARGE 8 Huge 0
Grid : Message : MemoryManager::Init() cache pool for recent shared allocations: SMALL 16 LARGE 8 Huge 0
Grid : Message : MemoryManager::Init() Unified memory space
Sorting eigenvalues using EvalReSmall
Lattice size: [16 16 16 32]
Example_spec_kryschur: ../../Grid/communicator/SharedMemoryMPI.cc:434: static void Grid::GlobalSharedMemory::OptimalCommunicatorSharedMemory(const Coordinate&, ompi_communicator_t*&, Grid::Coordinate&): Assertion `WorldSize==Nprocessors' failed.
[genoahost103:621013] *** Process received signal ***
[genoahost103:621013] Signal: Aborted (6)
[genoahost103:621013] Signal code:  (-6)
[genoahost103:621013] [ 0] /lib64/libc.so.6(+0x3fc30)[0x14ee7f83fc30]
[genoahost103:621013] [ 1] /lib64/libc.so.6(+0x8d02c)[0x14ee7f88d02c]
[genoahost103:621013] [ 2] /lib64/libc.so.6(raise+0x16)[0x14ee7f83fb86]
[genoahost103:621013] [ 3] /lib64/libc.so.6(abort+0xd3)[0x14ee7f829873]
[genoahost103:621013] [ 4] /lib64/libc.so.6(+0x2979b)[0x14ee7f82979b]
[genoahost103:621013] [ 5] /lib64/libc.so.6(+0x388c6)[0x14ee7f8388c6]
[genoahost103:621013] [ 6] /direct/sdcc+u/poare/Grid/build/examples/./Example_spec_kryschur[0x4cc206]
[genoahost103:621013] [ 7] /direct/sdcc+u/poare/Grid/build/examples/./Example_spec_kryschur[0x4cc2f1]
[genoahost103:621013] [ 8] /direct/sdcc+u/poare/Grid/build/examples/./Example_spec_kryschur[0x4c7e95]
[genoahost103:621013] [ 9] /direct/sdcc+u/poare/Grid/build/examples/./Example_spec_kryschur[0x4b5f4f]
[genoahost103:621013] [10] /direct/sdcc+u/poare/Grid/build/examples/./Example_spec_kryschur[0x41180d]
[genoahost103:621013] [11] /lib64/libc.so.6(+0x2a610)[0x14ee7f82a610]
[genoahost103:621013] [12] /lib64/libc.so.6(__libc_start_main+0x80)[0x14ee7f82a6c0]
[genoahost103:621013] [13] /direct/sdcc+u/poare/Grid/build/examples/./Example_spec_kryschur[0x4147f5]
[genoahost103:621013] *** End of error message ***

__|__|__|__|__|__|__|__|__|__|__|__|__|__|__
__|__|__|__|__|__|__|__|__|__|__|__|__|__|__
__|_ |  |  |  |  |  |  |  |  |  |  |  | _|__
__|_                                    _|__
__|_   GGGG    RRRR    III    DDDD      _|__
__|_  G        R   R    I     D   D     _|__
__|_  G        R   R    I     D    D    _|__
__|_  G  GG    RRRR     I     D    D    _|__
__|_  G   G    R  R     I     D   D     _|__
__|_   GGGG    R   R   III    DDDD      _|__
__|_                                    _|__
__|__|__|__|__|__|__|__|__|__|__|__|__|__|__
__|__|__|__|__|__|__|__|__|__|__|__|__|__|__
  |  |  |  |  |  |  |  |  |  |  |  |  |  |  


Copyright (C) 2015 Peter Boyle, Azusa Yamaguchi, Guido Cossu, Antonin Portelli and other authors

This program is free software; you can redistribute it and/or modify
it under the terms of the GNU General Public License as published by
the Free Software Foundation; either version 2 of the License, or
(at your option) any later version.

This program is distributed in the hope that it will be useful,
but WITHOUT ANY WARRANTY; without even the implied warranty of
MERCHANTABILITY or FITNESS FOR A PARTICULAR PURPOSE.  See the
GNU General Public License for more details.
Current Grid git commit hash=82d411ca7bb8ec4a5b5c3815df23674cfd291070: (HEAD -> develop, origin/develop, origin/HEAD) clean

Grid : Message : ================================================ 
Grid : Message : MPI is initialised and logging filters activated 
Grid : Message : ================================================ 
Grid : Message : This rank is running on host genoahost103.sdcc.bnl.local at local time 2026-02-27 13:56:51
Grid : Message : Requested 17179869184 byte stencil comms buffers 
Grid : Message : MemoryManager::Init() setting up
Grid : Message : MemoryManager::Init() cache pool for recent host   allocations: SMALL 8 LARGE 2 HUGE 0
Grid : Message : MemoryManager::Init() cache pool for recent device allocations: SMALL 16 LARGE 8 Huge 0
Grid : Message : MemoryManager::Init() cache pool for recent shared allocations: SMALL 16 LARGE 8 Huge 0
Grid : Message : MemoryManager::Init() Unified memory space
Sorting eigenvalues using EvalReSmall
Lattice size: [16 16 16 32]
Example_spec_kryschur: ../../Grid/communicator/SharedMemoryMPI.cc:434: static void Grid::GlobalSharedMemory::OptimalCommunicatorSharedMemory(const Coordinate&, ompi_communicator_t*&, Grid::Coordinate&): Assertion `WorldSize==Nprocessors' failed.
[genoahost103:621012] *** Process received signal ***
[genoahost103:621012] Signal: Aborted (6)
[genoahost103:621012] Signal code:  (-6)
[genoahost103:621012] [ 0] /lib64/libc.so.6(+0x3fc30)[0x14a23103fc30]
[genoahost103:621012] [ 1] /lib64/libc.so.6(+0x8d02c)[0x14a23108d02c]
[genoahost103:621012] [ 2] /lib64/libc.so.6(raise+0x16)[0x14a23103fb86]
[genoahost103:621012] [ 3] /lib64/libc.so.6(abort+0xd3)[0x14a231029873]
[genoahost103:621012] [ 4] /lib64/libc.so.6(+0x2979b)[0x14a23102979b]
[genoahost103:621012] [ 5] /lib64/libc.so.6(+0x388c6)[0x14a2310388c6]
[genoahost103:621012] [ 6] /direct/sdcc+u/poare/Grid/build/examples/./Example_spec_kryschur[0x4cc206]
[genoahost103:621012] [ 7] /direct/sdcc+u/poare/Grid/build/examples/./Example_spec_kryschur[0x4cc2f1]
[genoahost103:621012] [ 8] /direct/sdcc+u/poare/Grid/build/examples/./Example_spec_kryschur[0x4c7e95]
[genoahost103:621012] [ 9] /direct/sdcc+u/poare/Grid/build/examples/./Example_spec_kryschur[0x4b5f4f]
[genoahost103:621012] [10] /direct/sdcc+u/poare/Grid/build/examples/./Example_spec_kryschur[0x41180d]
[genoahost103:621012] [11] /lib64/libc.so.6(+0x2a610)[0x14a23102a610]
[genoahost103:621012] [12] /lib64/libc.so.6(__libc_start_main+0x80)[0x14a23102a6c0]
[genoahost103:621012] [13] /direct/sdcc+u/poare/Grid/build/examples/./Example_spec_kryschur[0x4147f5]
[genoahost103:621012] *** End of error message ***

__|__|__|__|__|__|__|__|__|__|__|__|__|__|__
__|__|__|__|__|__|__|__|__|__|__|__|__|__|__
__|_ |  |  |  |  |  |  |  |  |  |  |  | _|__
__|_                                    _|__
__|_   GGGG    RRRR    III    DDDD      _|__
__|_  G        R   R    I     D   D     _|__
__|_  G        R   R    I     D    D    _|__
__|_  G  GG    RRRR     I     D    D    _|__
__|_  G   G    R  R     I     D   D     _|__
__|_   GGGG    R   R   III    DDDD      _|__
__|_                                    _|__
__|__|__|__|__|__|__|__|__|__|__|__|__|__|__
__|__|__|__|__|__|__|__|__|__|__|__|__|__|__
  |  |  |  |  |  |  |  |  |  |  |  |  |  |  


Copyright (C) 2015 Peter Boyle, Azusa Yamaguchi, Guido Cossu, Antonin Portelli and other authors

This program is free software; you can redistribute it and/or modify
it under the terms of the GNU General Public License as published by
the Free Software Foundation; either version 2 of the License, or
(at your option) any later version.

This program is distributed in the hope that it will be useful,
but WITHOUT ANY WARRANTY; without even the implied warranty of
MERCHANTABILITY or FITNESS FOR A PARTICULAR PURPOSE.  See the
GNU General Public License for more details.
Current Grid git commit hash=82d411ca7bb8ec4a5b5c3815df23674cfd291070: (HEAD -> develop, origin/develop, origin/HEAD) clean

Grid : Message : ================================================ 
Grid : Message : MPI is initialised and logging filters activated 
Grid : Message : ================================================ 
Grid : Message : This rank is running on host genoahost104.sdcc.bnl.local at local time 2026-02-27 13:56:51
Grid : Message : Requested 17179869184 byte stencil comms buffers 
Grid : Message : MemoryManager::Init() setting up
Grid : Message : MemoryManager::Init() cache pool for recent host   allocations: SMALL 8 LARGE 2 HUGE 0
Grid : Message : MemoryManager::Init() cache pool for recent device allocations: SMALL 16 LARGE 8 Huge 0
Grid : Message : MemoryManager::Init() cache pool for recent shared allocations: SMALL 16 LARGE 8 Huge 0
Grid : Message : MemoryManager::Init() Unified memory space
Sorting eigenvalues using EvalReSmall
Lattice size: [16 16 16 32]
Example_spec_kryschur: ../../Grid/communicator/SharedMemoryMPI.cc:434: static void Grid::GlobalSharedMemory::OptimalCommunicatorSharedMemory(const Coordinate&, ompi_communicator_t*&, Grid::Coordinate&): Assertion `WorldSize==Nprocessors' failed.
[genoahost104:633956] *** Process received signal ***
[genoahost104:633956] Signal: Aborted (6)
[genoahost104:633956] Signal code:  (-6)
[genoahost104:633956] [ 0] /lib64/libc.so.6(+0x3fc30)[0x147013e3fc30]
[genoahost104:633956] [ 1] /lib64/libc.so.6(+0x8d02c)[0x147013e8d02c]
[genoahost104:633956] [ 2] /lib64/libc.so.6(raise+0x16)[0x147013e3fb86]
[genoahost104:633956] [ 3] /lib64/libc.so.6(abort+0xd3)[0x147013e29873]
[genoahost104:633956] [ 4] /lib64/libc.so.6(+0x2979b)[0x147013e2979b]
[genoahost104:633956] [ 5] /lib64/libc.so.6(+0x388c6)[0x147013e388c6]
[genoahost104:633956] [ 6] /direct/sdcc+u/poare/Grid/build/examples/./Example_spec_kryschur[0x4cc206]
[genoahost104:633956] [ 7] /direct/sdcc+u/poare/Grid/build/examples/./Example_spec_kryschur[0x4cc2f1]
[genoahost104:633956] [ 8] /direct/sdcc+u/poare/Grid/build/examples/./Example_spec_kryschur[0x4c7e95]
[genoahost104:633956] [ 9] /direct/sdcc+u/poare/Grid/build/examples/./Example_spec_kryschur[0x4b5f4f]
[genoahost104:633956] [10] /direct/sdcc+u/poare/Grid/build/examples/./Example_spec_kryschur[0x41180d]
[genoahost104:633956] [11] /lib64/libc.so.6(+0x2a610)[0x147013e2a610]
[genoahost104:633956] [12] /lib64/libc.so.6(__libc_start_main+0x80)[0x147013e2a6c0]
[genoahost104:633956] [13] /direct/sdcc+u/poare/Grid/build/examples/./Example_spec_kryschur[0x4147f5]
[genoahost104:633956] *** End of error message ***

__|__|__|__|__|__|__|__|__|__|__|__|__|__|__
__|__|__|__|__|__|__|__|__|__|__|__|__|__|__
__|_ |  |  |  |  |  |  |  |  |  |  |  | _|__
__|_                                    _|__
__|_   GGGG    RRRR    III    DDDD      _|__
__|_  G        R   R    I     D   D     _|__
__|_  G        R   R    I     D    D    _|__
__|_  G  GG    RRRR     I     D    D    _|__
__|_  G   G    R  R     I     D   D     _|__
__|_   GGGG    R   R   III    DDDD      _|__
__|_                                    _|__
__|__|__|__|__|__|__|__|__|__|__|__|__|__|__
__|__|__|__|__|__|__|__|__|__|__|__|__|__|__
  |  |  |  |  |  |  |  |  |  |  |  |  |  |  


Copyright (C) 2015 Peter Boyle, Azusa Yamaguchi, Guido Cossu, Antonin Portelli and other authors

This program is free software; you can redistribute it and/or modify
it under the terms of the GNU General Public License as published by
the Free Software Foundation; either version 2 of the License, or
(at your option) any later version.

This program is distributed in the hope that it will be useful,
but WITHOUT ANY WARRANTY; without even the implied warranty of
MERCHANTABILITY or FITNESS FOR A PARTICULAR PURPOSE.  See the
GNU General Public License for more details.
Current Grid git commit hash=82d411ca7bb8ec4a5b5c3815df23674cfd291070: (HEAD -> develop, origin/develop, origin/HEAD) clean

Grid : Message : ================================================ 
Grid : Message : MPI is initialised and logging filters activated 
Grid : Message : ================================================ 
Grid : Message : This rank is running on host genoahost098.sdcc.bnl.local at local time 2026-02-27 13:56:53
Grid : Message : Requested 17179869184 byte stencil comms buffers 
Grid : Message : MemoryManager::Init() setting up
Grid : Message : MemoryManager::Init() cache pool for recent host   allocations: SMALL 8 LARGE 2 HUGE 0
Grid : Message : MemoryManager::Init() cache pool for recent device allocations: SMALL 16 LARGE 8 Huge 0
Grid : Message : MemoryManager::Init() cache pool for recent shared allocations: SMALL 16 LARGE 8 Huge 0
Grid : Message : MemoryManager::Init() Unified memory space
Sorting eigenvalues using EvalReSmall
Lattice size: [16 16 16 32]
Example_spec_kryschur: ../../Grid/communicator/SharedMemoryMPI.cc:434: static void Grid::GlobalSharedMemory::OptimalCommunicatorSharedMemory(const Coordinate&, ompi_communicator_t*&, Grid::Coordinate&): Assertion `WorldSize==Nprocessors' failed.
[genoahost098:1633824] *** Process received signal ***
[genoahost098:1633824] Signal: Aborted (6)
[genoahost098:1633824] Signal code:  (-6)
[genoahost098:1633824] [ 0] /lib64/libc.so.6(+0x3fc30)[0x148113c3fc30]
[genoahost098:1633824] [ 1] /lib64/libc.so.6(+0x8d02c)[0x148113c8d02c]
[genoahost098:1633824] [ 2] /lib64/libc.so.6(raise+0x16)[0x148113c3fb86]
[genoahost098:1633824] [ 3] /lib64/libc.so.6(abort+0xd3)[0x148113c29873]
[genoahost098:1633824] [ 4] /lib64/libc.so.6(+0x2979b)[0x148113c2979b]
[genoahost098:1633824] [ 5] /lib64/libc.so.6(+0x388c6)[0x148113c388c6]
[genoahost098:1633824] [ 6] /direct/sdcc+u/poare/Grid/build/examples/./Example_spec_kryschur[0x4cc206]
[genoahost098:1633824] [ 7] /direct/sdcc+u/poare/Grid/build/examples/./Example_spec_kryschur[0x4cc2f1]
[genoahost098:1633824] [ 8] /direct/sdcc+u/poare/Grid/build/examples/./Example_spec_kryschur[0x4c7e95]
[genoahost098:1633824] [ 9] /direct/sdcc+u/poare/Grid/build/examples/./Example_spec_kryschur[0x4b5f4f]
[genoahost098:1633824] [10] /direct/sdcc+u/poare/Grid/build/examples/./Example_spec_kryschur[0x41180d]
[genoahost098:1633824] [11] /lib64/libc.so.6(+0x2a610)[0x148113c2a610]
[genoahost098:1633824] [12] /lib64/libc.so.6(__libc_start_main+0x80)[0x148113c2a6c0]
[genoahost098:1633824] [13] /direct/sdcc+u/poare/Grid/build/examples/./Example_spec_kryschur[0x4147f5]
[genoahost098:1633824] *** End of error message ***
srun: error: genoahost101: task 65: Aborted (core dumped)

__|__|__|__|__|__|__|__|__|__|__|__|__|__|__
__|__|__|__|__|__|__|__|__|__|__|__|__|__|__
__|_ |  |  |  |  |  |  |  |  |  |  |  | _|__
__|_                                    _|__
__|_   GGGG    RRRR    III    DDDD      _|__
__|_  G        R   R    I     D   D     _|__
__|_  G        R   R    I     D    D    _|__
__|_  G  GG    RRRR     I     D    D    _|__
__|_  G   G    R  R     I     D   D     _|__
__|_   GGGG    R   R   III    DDDD      _|__
__|_                                    _|__
__|__|__|__|__|__|__|__|__|__|__|__|__|__|__
__|__|__|__|__|__|__|__|__|__|__|__|__|__|__
  |  |  |  |  |  |  |  |  |  |  |  |  |  |  


Copyright (C) 2015 Peter Boyle, Azusa Yamaguchi, Guido Cossu, Antonin Portelli and other authors

This program is free software; you can redistribute it and/or modify
it under the terms of the GNU General Public License as published by
the Free Software Foundation; either version 2 of the License, or
(at your option) any later version.

This program is distributed in the hope that it will be useful,
but WITHOUT ANY WARRANTY; without even the implied warranty of
MERCHANTABILITY or FITNESS FOR A PARTICULAR PURPOSE.  See the
GNU General Public License for more details.
Current Grid git commit hash=82d411ca7bb8ec4a5b5c3815df23674cfd291070: (HEAD -> develop, origin/develop, origin/HEAD) clean

Grid : Message : ================================================ 
Grid : Message : MPI is initialised and logging filters activated 
Grid : Message : ================================================ 
Grid : Message : This rank is running on host genoahost098.sdcc.bnl.local at local time 2026-02-27 13:56:53
Grid : Message : Requested 17179869184 byte stencil comms buffers 
Grid : Message : MemoryManager::Init() setting up
Grid : Message : MemoryManager::Init() cache pool for recent host   allocations: SMALL 8 LARGE 2 HUGE 0
Grid : Message : MemoryManager::Init() cache pool for recent device allocations: SMALL 16 LARGE 8 Huge 0
Grid : Message : MemoryManager::Init() cache pool for recent shared allocations: SMALL 16 LARGE 8 Huge 0
Grid : Message : MemoryManager::Init() Unified memory space
Sorting eigenvalues using EvalReSmall
Lattice size: [16 16 16 32]
Example_spec_kryschur: ../../Grid/communicator/SharedMemoryMPI.cc:434: static void Grid::GlobalSharedMemory::OptimalCommunicatorSharedMemory(const Coordinate&, ompi_communicator_t*&, Grid::Coordinate&): Assertion `WorldSize==Nprocessors' failed.
[genoahost098:1633836] *** Process received signal ***
[genoahost098:1633836] Signal: Aborted (6)
[genoahost098:1633836] Signal code:  (-6)
[genoahost098:1633836] [ 0] /lib64/libc.so.6(+0x3fc30)[0x14694883fc30]
[genoahost098:1633836] [ 1] /lib64/libc.so.6(+0x8d02c)[0x14694888d02c]
[genoahost098:1633836] [ 2] /lib64/libc.so.6(raise+0x16)[0x14694883fb86]
[genoahost098:1633836] [ 3] /lib64/libc.so.6(abort+0xd3)[0x146948829873]
[genoahost098:1633836] [ 4] /lib64/libc.so.6(+0x2979b)[0x14694882979b]
[genoahost098:1633836] [ 5] /lib64/libc.so.6(+0x388c6)[0x1469488388c6]
[genoahost098:1633836] [ 6] /direct/sdcc+u/poare/Grid/build/examples/./Example_spec_kryschur[0x4cc206]
[genoahost098:1633836] [ 7] /direct/sdcc+u/poare/Grid/build/examples/./Example_spec_kryschur[0x4cc2f1]
[genoahost098:1633836] [ 8] /direct/sdcc+u/poare/Grid/build/examples/./Example_spec_kryschur[0x4c7e95]
[genoahost098:1633836] [ 9] /direct/sdcc+u/poare/Grid/build/examples/./Example_spec_kryschur[0x4b5f4f]
[genoahost098:1633836] [10] /direct/sdcc+u/poare/Grid/build/examples/./Example_spec_kryschur[0x41180d]
[genoahost098:1633836] [11] /lib64/libc.so.6(+0x2a610)[0x14694882a610]
[genoahost098:1633836] [12] /lib64/libc.so.6(__libc_start_main+0x80)[0x14694882a6c0]
[genoahost098:1633836] [13] /direct/sdcc+u/poare/Grid/build/examples/./Example_spec_kryschur[0x4147f5]
[genoahost098:1633836] *** End of error message ***

__|__|__|__|__|__|__|__|__|__|__|__|__|__|__
__|__|__|__|__|__|__|__|__|__|__|__|__|__|__
__|_ |  |  |  |  |  |  |  |  |  |  |  | _|__
__|_                                    _|__
__|_   GGGG    RRRR    III    DDDD      _|__
__|_  G        R   R    I     D   D     _|__
__|_  G        R   R    I     D    D    _|__
__|_  G  GG    RRRR     I     D    D    _|__
__|_  G   G    R  R     I     D   D     _|__
__|_   GGGG    R   R   III    DDDD      _|__
__|_                                    _|__
__|__|__|__|__|__|__|__|__|__|__|__|__|__|__
__|__|__|__|__|__|__|__|__|__|__|__|__|__|__
  |  |  |  |  |  |  |  |  |  |  |  |  |  |  


Copyright (C) 2015 Peter Boyle, Azusa Yamaguchi, Guido Cossu, Antonin Portelli and other authors

This program is free software; you can redistribute it and/or modify
it under the terms of the GNU General Public License as published by
the Free Software Foundation; either version 2 of the License, or
(at your option) any later version.

This program is distributed in the hope that it will be useful,
but WITHOUT ANY WARRANTY; without even the implied warranty of
MERCHANTABILITY or FITNESS FOR A PARTICULAR PURPOSE.  See the
GNU General Public License for more details.
Current Grid git commit hash=82d411ca7bb8ec4a5b5c3815df23674cfd291070: (HEAD -> develop, origin/develop, origin/HEAD) clean

Grid : Message : ================================================ 
Grid : Message : MPI is initialised and logging filters activated 
Grid : Message : ================================================ 
Grid : Message : This rank is running on host genoahost104.sdcc.bnl.local at local time 2026-02-27 13:56:55
Grid : Message : Requested 17179869184 byte stencil comms buffers 
Grid : Message : MemoryManager::Init() setting up
Grid : Message : MemoryManager::Init() cache pool for recent host   allocations: SMALL 8 LARGE 2 HUGE 0
Grid : Message : MemoryManager::Init() cache pool for recent device allocations: SMALL 16 LARGE 8 Huge 0
Grid : Message : MemoryManager::Init() cache pool for recent shared allocations: SMALL 16 LARGE 8 Huge 0
Grid : Message : MemoryManager::Init() Unified memory space
Sorting eigenvalues using EvalReSmall
Lattice size: [16 16 16 32]
Example_spec_kryschur: ../../Grid/communicator/SharedMemoryMPI.cc:434: static void Grid::GlobalSharedMemory::OptimalCommunicatorSharedMemory(const Coordinate&, ompi_communicator_t*&, Grid::Coordinate&): Assertion `WorldSize==Nprocessors' failed.
[genoahost104:633947] *** Process received signal ***
[genoahost104:633947] Signal: Aborted (6)
[genoahost104:633947] Signal code:  (-6)
[genoahost104:633947] [ 0] /lib64/libc.so.6(+0x3fc30)[0x14a0be83fc30]
[genoahost104:633947] [ 1] /lib64/libc.so.6(+0x8d02c)[0x14a0be88d02c]
[genoahost104:633947] [ 2] /lib64/libc.so.6(raise+0x16)[0x14a0be83fb86]
[genoahost104:633947] [ 3] /lib64/libc.so.6(abort+0xd3)[0x14a0be829873]
[genoahost104:633947] [ 4] /lib64/libc.so.6(+0x2979b)[0x14a0be82979b]
[genoahost104:633947] [ 5] /lib64/libc.so.6(+0x388c6)[0x14a0be8388c6]
[genoahost104:633947] [ 6] /direct/sdcc+u/poare/Grid/build/examples/./Example_spec_kryschur[0x4cc206]
[genoahost104:633947] [ 7] /direct/sdcc+u/poare/Grid/build/examples/./Example_spec_kryschur[0x4cc2f1]
[genoahost104:633947] [ 8] /direct/sdcc+u/poare/Grid/build/examples/./Example_spec_kryschur[0x4c7e95]
[genoahost104:633947] [ 9] /direct/sdcc+u/poare/Grid/build/examples/./Example_spec_kryschur[0x4b5f4f]
[genoahost104:633947] [10] /direct/sdcc+u/poare/Grid/build/examples/./Example_spec_kryschur[0x41180d]
[genoahost104:633947] [11] /lib64/libc.so.6(+0x2a610)[0x14a0be82a610]
[genoahost104:633947] [12] /lib64/libc.so.6(__libc_start_main+0x80)[0x14a0be82a6c0]
[genoahost104:633947] [13] /direct/sdcc+u/poare/Grid/build/examples/./Example_spec_kryschur[0x4147f5]
[genoahost104:633947] *** End of error message ***
srun: error: genoahost098: task 17: Aborted (core dumped)
srun: error: genoahost098: task 21: Aborted (core dumped)
srun: error: genoahost098: task 31: Aborted (core dumped)
srun: error: genoahost103: task 109: Aborted (core dumped)
srun: error: genoahost099: task 46: Aborted (core dumped)
srun: error: genoahost097: task 2: Aborted (core dumped)
srun: error: genoahost098: task 27: Aborted (core dumped)
srun: error: genoahost097: task 9: Aborted (core dumped)

__|__|__|__|__|__|__|__|__|__|__|__|__|__|__
__|__|__|__|__|__|__|__|__|__|__|__|__|__|__
__|_ |  |  |  |  |  |  |  |  |  |  |  | _|__
__|_                                    _|__
__|_   GGGG    RRRR    III    DDDD      _|__
__|_  G        R   R    I     D   D     _|__
__|_  G        R   R    I     D    D    _|__
__|_  G  GG    RRRR     I     D    D    _|__
__|_  G   G    R  R     I     D   D     _|__
__|_   GGGG    R   R   III    DDDD      _|__
__|_                                    _|__
__|__|__|__|__|__|__|__|__|__|__|__|__|__|__
__|__|__|__|__|__|__|__|__|__|__|__|__|__|__
  |  |  |  |  |  |  |  |  |  |  |  |  |  |  


Copyright (C) 2015 Peter Boyle, Azusa Yamaguchi, Guido Cossu, Antonin Portelli and other authors

This program is free software; you can redistribute it and/or modify
it under the terms of the GNU General Public License as published by
the Free Software Foundation; either version 2 of the License, or
(at your option) any later version.

This program is distributed in the hope that it will be useful,
but WITHOUT ANY WARRANTY; without even the implied warranty of
MERCHANTABILITY or FITNESS FOR A PARTICULAR PURPOSE.  See the
GNU General Public License for more details.
Current Grid git commit hash=82d411ca7bb8ec4a5b5c3815df23674cfd291070: (HEAD -> develop, origin/develop, origin/HEAD) clean

Grid : Message : ================================================ 
Grid : Message : MPI is initialised and logging filters activated 
Grid : Message : ================================================ 
Grid : Message : This rank is running on host genoahost098.sdcc.bnl.local at local time 2026-02-27 13:57:02
Grid : Message : Requested 17179869184 byte stencil comms buffers 
Grid : Message : MemoryManager::Init() setting up
Grid : Message : MemoryManager::Init() cache pool for recent host   allocations: SMALL 8 LARGE 2 HUGE 0
Grid : Message : MemoryManager::Init() cache pool for recent device allocations: SMALL 16 LARGE 8 Huge 0
Grid : Message : MemoryManager::Init() cache pool for recent shared allocations: SMALL 16 LARGE 8 Huge 0
Grid : Message : MemoryManager::Init() Unified memory space
Sorting eigenvalues using EvalReSmall
Lattice size: [16 16 16 32]
Example_spec_kryschur: ../../Grid/communicator/SharedMemoryMPI.cc:434: static void Grid::GlobalSharedMemory::OptimalCommunicatorSharedMemory(const Coordinate&, ompi_communicator_t*&, Grid::Coordinate&): Assertion `WorldSize==Nprocessors' failed.
[genoahost098:1633826] *** Process received signal ***
[genoahost098:1633826] Signal: Aborted (6)
[genoahost098:1633826] Signal code:  (-6)
[genoahost098:1633826] [ 0] /lib64/libc.so.6(+0x3fc30)[0x150ca8c3fc30]
[genoahost098:1633826] [ 1] /lib64/libc.so.6(+0x8d02c)[0x150ca8c8d02c]
[genoahost098:1633826] [ 2] /lib64/libc.so.6(raise+0x16)[0x150ca8c3fb86]
[genoahost098:1633826] [ 3] /lib64/libc.so.6(abort+0xd3)[0x150ca8c29873]
[genoahost098:1633826] [ 4] /lib64/libc.so.6(+0x2979b)[0x150ca8c2979b]
[genoahost098:1633826] [ 5] /lib64/libc.so.6(+0x388c6)[0x150ca8c388c6]
[genoahost098:1633826] [ 6] /direct/sdcc+u/poare/Grid/build/examples/./Example_spec_kryschur[0x4cc206]
[genoahost098:1633826] [ 7] /direct/sdcc+u/poare/Grid/build/examples/./Example_spec_kryschur[0x4cc2f1]
[genoahost098:1633826] [ 8] /direct/sdcc+u/poare/Grid/build/examples/./Example_spec_kryschur[0x4c7e95]
[genoahost098:1633826] [ 9] /direct/sdcc+u/poare/Grid/build/examples/./Example_spec_kryschur[0x4b5f4f]
[genoahost098:1633826] [10] /direct/sdcc+u/poare/Grid/build/examples/./Example_spec_kryschur[0x41180d]
[genoahost098:1633826] [11] /lib64/libc.so.6(+0x2a610)[0x150ca8c2a610]
[genoahost098:1633826] [12] /lib64/libc.so.6(__libc_start_main+0x80)[0x150ca8c2a6c0]
[genoahost098:1633826] [13] /direct/sdcc+u/poare/Grid/build/examples/./Example_spec_kryschur[0x4147f5]
[genoahost098:1633826] *** End of error message ***
srun: error: genoahost104: task 125: Aborted (core dumped)

__|__|__|__|__|__|__|__|__|__|__|__|__|__|__
__|__|__|__|__|__|__|__|__|__|__|__|__|__|__
__|_ |  |  |  |  |  |  |  |  |  |  |  | _|__
__|_                                    _|__
__|_   GGGG    RRRR    III    DDDD      _|__
__|_  G        R   R    I     D   D     _|__
__|_  G        R   R    I     D    D    _|__
__|_  G  GG    RRRR     I     D    D    _|__
__|_  G   G    R  R     I     D   D     _|__
__|_   GGGG    R   R   III    DDDD      _|__
__|_                                    _|__
__|__|__|__|__|__|__|__|__|__|__|__|__|__|__
__|__|__|__|__|__|__|__|__|__|__|__|__|__|__
  |  |  |  |  |  |  |  |  |  |  |  |  |  |  


Copyright (C) 2015 Peter Boyle, Azusa Yamaguchi, Guido Cossu, Antonin Portelli and other authors

This program is free software; you can redistribute it and/or modify
it under the terms of the GNU General Public License as published by
the Free Software Foundation; either version 2 of the License, or
(at your option) any later version.

This program is distributed in the hope that it will be useful,
but WITHOUT ANY WARRANTY; without even the implied warranty of
MERCHANTABILITY or FITNESS FOR A PARTICULAR PURPOSE.  See the
GNU General Public License for more details.
Current Grid git commit hash=82d411ca7bb8ec4a5b5c3815df23674cfd291070: (HEAD -> develop, origin/develop, origin/HEAD) clean

Grid : Message : ================================================ 
Grid : Message : MPI is initialised and logging filters activated 
Grid : Message : ================================================ 
Grid : Message : This rank is running on host genoahost100.sdcc.bnl.local at local time 2026-02-27 13:57:08
Grid : Message : Requested 17179869184 byte stencil comms buffers 
Grid : Message : MemoryManager::Init() setting up
Grid : Message : MemoryManager::Init() cache pool for recent host   allocations: SMALL 8 LARGE 2 HUGE 0
Grid : Message : MemoryManager::Init() cache pool for recent device allocations: SMALL 16 LARGE 8 Huge 0
Grid : Message : MemoryManager::Init() cache pool for recent shared allocations: SMALL 16 LARGE 8 Huge 0
Grid : Message : MemoryManager::Init() Unified memory space
Sorting eigenvalues using EvalReSmall
Lattice size: [16 16 16 32]
Example_spec_kryschur: ../../Grid/communicator/SharedMemoryMPI.cc:434: static void Grid::GlobalSharedMemory::OptimalCommunicatorSharedMemory(const Coordinate&, ompi_communicator_t*&, Grid::Coordinate&): Assertion `WorldSize==Nprocessors' failed.
[genoahost100:652066] *** Process received signal ***
[genoahost100:652066] Signal: Aborted (6)
[genoahost100:652066] Signal code:  (-6)
[genoahost100:652066] [ 0] /lib64/libc.so.6(+0x3fc30)[0x145a9283fc30]
[genoahost100:652066] [ 1] /lib64/libc.so.6(+0x8d02c)[0x145a9288d02c]
[genoahost100:652066] [ 2] /lib64/libc.so.6(raise+0x16)[0x145a9283fb86]
[genoahost100:652066] [ 3] /lib64/libc.so.6(abort+0xd3)[0x145a92829873]
[genoahost100:652066] [ 4] /lib64/libc.so.6(+0x2979b)[0x145a9282979b]
[genoahost100:652066] [ 5] /lib64/libc.so.6(+0x388c6)[0x145a928388c6]
[genoahost100:652066] [ 6] /direct/sdcc+u/poare/Grid/build/examples/./Example_spec_kryschur[0x4cc206]
[genoahost100:652066] [ 7] /direct/sdcc+u/poare/Grid/build/examples/./Example_spec_kryschur[0x4cc2f1]
[genoahost100:652066] [ 8] /direct/sdcc+u/poare/Grid/build/examples/./Example_spec_kryschur[0x4c7e95]
[genoahost100:652066] [ 9] /direct/sdcc+u/poare/Grid/build/examples/./Example_spec_kryschur[0x4b5f4f]
[genoahost100:652066] [10] /direct/sdcc+u/poare/Grid/build/examples/./Example_spec_kryschur[0x41180d]
[genoahost100:652066] [11] /lib64/libc.so.6(+0x2a610)[0x145a9282a610]
[genoahost100:652066] [12] /lib64/libc.so.6(__libc_start_main+0x80)[0x145a9282a6c0]
[genoahost100:652066] [13] /direct/sdcc+u/poare/Grid/build/examples/./Example_spec_kryschur[0x4147f5]
[genoahost100:652066] *** End of error message ***
srun: error: genoahost104: task 116: Aborted (core dumped)

__|__|__|__|__|__|__|__|__|__|__|__|__|__|__
__|__|__|__|__|__|__|__|__|__|__|__|__|__|__
__|_ |  |  |  |  |  |  |  |  |  |  |  | _|__
__|_                                    _|__
__|_   GGGG    RRRR    III    DDDD      _|__
__|_  G        R   R    I     D   D     _|__
__|_  G        R   R    I     D    D    _|__
__|_  G  GG    RRRR     I     D    D    _|__
__|_  G   G    R  R     I     D   D     _|__
__|_   GGGG    R   R   III    DDDD      _|__
__|_                                    _|__
__|__|__|__|__|__|__|__|__|__|__|__|__|__|__
__|__|__|__|__|__|__|__|__|__|__|__|__|__|__
  |  |  |  |  |  |  |  |  |  |  |  |  |  |  


Copyright (C) 2015 Peter Boyle, Azusa Yamaguchi, Guido Cossu, Antonin Portelli and other authors

This program is free software; you can redistribute it and/or modify
it under the terms of the GNU General Public License as published by
the Free Software Foundation; either version 2 of the License, or
(at your option) any later version.

This program is distributed in the hope that it will be useful,
but WITHOUT ANY WARRANTY; without even the implied warranty of
MERCHANTABILITY or FITNESS FOR A PARTICULAR PURPOSE.  See the
GNU General Public License for more details.
Current Grid git commit hash=82d411ca7bb8ec4a5b5c3815df23674cfd291070: (HEAD -> develop, origin/develop, origin/HEAD) clean

Grid : Message : ================================================ 
Grid : Message : MPI is initialised and logging filters activated 
Grid : Message : ================================================ 
Grid : Message : This rank is running on host genoahost100.sdcc.bnl.local at local time 2026-02-27 13:57:08
Grid : Message : Requested 17179869184 byte stencil comms buffers 
Grid : Message : MemoryManager::Init() setting up
Grid : Message : MemoryManager::Init() cache pool for recent host   allocations: SMALL 8 LARGE 2 HUGE 0
Grid : Message : MemoryManager::Init() cache pool for recent device allocations: SMALL 16 LARGE 8 Huge 0
Grid : Message : MemoryManager::Init() cache pool for recent shared allocations: SMALL 16 LARGE 8 Huge 0
Grid : Message : MemoryManager::Init() Unified memory space
Sorting eigenvalues using EvalReSmall
Lattice size: [16 16 16 32]
Example_spec_kryschur: ../../Grid/communicator/SharedMemoryMPI.cc:434: static void Grid::GlobalSharedMemory::OptimalCommunicatorSharedMemory(const Coordinate&, ompi_communicator_t*&, Grid::Coordinate&): Assertion `WorldSize==Nprocessors' failed.
[genoahost100:652074] *** Process received signal ***
[genoahost100:652074] Signal: Aborted (6)
[genoahost100:652074] Signal code:  (-6)
[genoahost100:652074] [ 0] /lib64/libc.so.6(+0x3fc30)[0x1475f163fc30]
[genoahost100:652074] [ 1] /lib64/libc.so.6(+0x8d02c)[0x1475f168d02c]
[genoahost100:652074] [ 2] /lib64/libc.so.6(raise+0x16)[0x1475f163fb86]
[genoahost100:652074] [ 3] /lib64/libc.so.6(abort+0xd3)[0x1475f1629873]
[genoahost100:652074] [ 4] /lib64/libc.so.6(+0x2979b)[0x1475f162979b]
[genoahost100:652074] [ 5] /lib64/libc.so.6(+0x388c6)[0x1475f16388c6]
[genoahost100:652074] [ 6] /direct/sdcc+u/poare/Grid/build/examples/./Example_spec_kryschur[0x4cc206]
[genoahost100:652074] [ 7] /direct/sdcc+u/poare/Grid/build/examples/./Example_spec_kryschur[0x4cc2f1]
[genoahost100:652074] [ 8] /direct/sdcc+u/poare/Grid/build/examples/./Example_spec_kryschur[0x4c7e95]
[genoahost100:652074] [ 9] /direct/sdcc+u/poare/Grid/build/examples/./Example_spec_kryschur[0x4b5f4f]
[genoahost100:652074] [10] /direct/sdcc+u/poare/Grid/build/examples/./Example_spec_kryschur[0x41180d]
[genoahost100:652074] [11] /lib64/libc.so.6(+0x2a610)[0x1475f162a610]
[genoahost100:652074] [12] /lib64/libc.so.6(__libc_start_main+0x80)[0x1475f162a6c0]
[genoahost100:652074] [13] /direct/sdcc+u/poare/Grid/build/examples/./Example_spec_kryschur[0x4147f5]
[genoahost100:652074] *** End of error message ***

__|__|__|__|__|__|__|__|__|__|__|__|__|__|__
__|__|__|__|__|__|__|__|__|__|__|__|__|__|__
__|_ |  |  |  |  |  |  |  |  |  |  |  | _|__
__|_                                    _|__
__|_   GGGG    RRRR    III    DDDD      _|__
__|_  G        R   R    I     D   D     _|__
__|_  G        R   R    I     D    D    _|__
__|_  G  GG    RRRR     I     D    D    _|__
__|_  G   G    R  R     I     D   D     _|__
__|_   GGGG    R   R   III    DDDD      _|__
__|_                                    _|__
__|__|__|__|__|__|__|__|__|__|__|__|__|__|__
__|__|__|__|__|__|__|__|__|__|__|__|__|__|__
  |  |  |  |  |  |  |  |  |  |  |  |  |  |  


Copyright (C) 2015 Peter Boyle, Azusa Yamaguchi, Guido Cossu, Antonin Portelli and other authors

This program is free software; you can redistribute it and/or modify
it under the terms of the GNU General Public License as published by
the Free Software Foundation; either version 2 of the License, or
(at your option) any later version.

This program is distributed in the hope that it will be useful,
but WITHOUT ANY WARRANTY; without even the implied warranty of
MERCHANTABILITY or FITNESS FOR A PARTICULAR PURPOSE.  See the
GNU General Public License for more details.
Current Grid git commit hash=82d411ca7bb8ec4a5b5c3815df23674cfd291070: (HEAD -> develop, origin/develop, origin/HEAD) clean

Grid : Message : ================================================ 
Grid : Message : MPI is initialised and logging filters activated 
Grid : Message : ================================================ 
Grid : Message : This rank is running on host genoahost100.sdcc.bnl.local at local time 2026-02-27 13:57:08
Grid : Message : Requested 17179869184 byte stencil comms buffers 
Grid : Message : MemoryManager::Init() setting up
Grid : Message : MemoryManager::Init() cache pool for recent host   allocations: SMALL 8 LARGE 2 HUGE 0
Grid : Message : MemoryManager::Init() cache pool for recent device allocations: SMALL 16 LARGE 8 Huge 0
Grid : Message : MemoryManager::Init() cache pool for recent shared allocations: SMALL 16 LARGE 8 Huge 0
Grid : Message : MemoryManager::Init() Unified memory space
Sorting eigenvalues using EvalReSmall
Lattice size: [16 16 16 32]
Example_spec_kryschur: ../../Grid/communicator/SharedMemoryMPI.cc:434: static void Grid::GlobalSharedMemory::OptimalCommunicatorSharedMemory(const Coordinate&, ompi_communicator_t*&, Grid::Coordinate&): Assertion `WorldSize==Nprocessors' failed.
[genoahost100:652067] *** Process received signal ***
[genoahost100:652067] Signal: Aborted (6)
[genoahost100:652067] Signal code:  (-6)
[genoahost100:652067] [ 0] /lib64/libc.so.6(+0x3fc30)[0x146d4743fc30]
[genoahost100:652067] [ 1] /lib64/libc.so.6(+0x8d02c)[0x146d4748d02c]
[genoahost100:652067] [ 2] /lib64/libc.so.6(raise+0x16)[0x146d4743fb86]
[genoahost100:652067] [ 3] /lib64/libc.so.6(abort+0xd3)[0x146d47429873]
[genoahost100:652067] [ 4] /lib64/libc.so.6(+0x2979b)[0x146d4742979b]
[genoahost100:652067] [ 5] /lib64/libc.so.6(+0x388c6)[0x146d474388c6]
[genoahost100:652067] [ 6] /direct/sdcc+u/poare/Grid/build/examples/./Example_spec_kryschur[0x4cc206]
[genoahost100:652067] [ 7] /direct/sdcc+u/poare/Grid/build/examples/./Example_spec_kryschur[0x4cc2f1]
[genoahost100:652067] [ 8] /direct/sdcc+u/poare/Grid/build/examples/./Example_spec_kryschur[0x4c7e95]
[genoahost100:652067] [ 9] /direct/sdcc+u/poare/Grid/build/examples/./Example_spec_kryschur[0x4b5f4f]
[genoahost100:652067] [10] /direct/sdcc+u/poare/Grid/build/examples/./Example_spec_kryschur[0x41180d]
[genoahost100:652067] [11] /lib64/libc.so.6(+0x2a610)[0x146d4742a610]
[genoahost100:652067] [12] /lib64/libc.so.6(__libc_start_main+0x80)[0x146d4742a6c0]
[genoahost100:652067] [13] /direct/sdcc+u/poare/Grid/build/examples/./Example_spec_kryschur[0x4147f5]
[genoahost100:652067] *** End of error message ***

__|__|__|__|__|__|__|__|__|__|__|__|__|__|__
__|__|__|__|__|__|__|__|__|__|__|__|__|__|__
__|_ |  |  |  |  |  |  |  |  |  |  |  | _|__
__|_                                    _|__
__|_   GGGG    RRRR    III    DDDD      _|__
__|_  G        R   R    I     D   D     _|__
__|_  G        R   R    I     D    D    _|__
__|_  G  GG    RRRR     I     D    D    _|__
__|_  G   G    R  R     I     D   D     _|__
__|_   GGGG    R   R   III    DDDD      _|__
__|_                                    _|__
__|__|__|__|__|__|__|__|__|__|__|__|__|__|__
__|__|__|__|__|__|__|__|__|__|__|__|__|__|__
  |  |  |  |  |  |  |  |  |  |  |  |  |  |  


Copyright (C) 2015 Peter Boyle, Azusa Yamaguchi, Guido Cossu, Antonin Portelli and other authors

This program is free software; you can redistribute it and/or modify
it under the terms of the GNU General Public License as published by
the Free Software Foundation; either version 2 of the License, or
(at your option) any later version.

This program is distributed in the hope that it will be useful,
but WITHOUT ANY WARRANTY; without even the implied warranty of
MERCHANTABILITY or FITNESS FOR A PARTICULAR PURPOSE.  See the
GNU General Public License for more details.
Current Grid git commit hash=82d411ca7bb8ec4a5b5c3815df23674cfd291070: (HEAD -> develop, origin/develop, origin/HEAD) clean

Grid : Message : ================================================ 
Grid : Message : MPI is initialised and logging filters activated 
Grid : Message : ================================================ 
Grid : Message : This rank is running on host genoahost100.sdcc.bnl.local at local time 2026-02-27 13:57:08
Grid : Message : Requested 17179869184 byte stencil comms buffers 
Grid : Message : MemoryManager::Init() setting up
Grid : Message : MemoryManager::Init() cache pool for recent host   allocations: SMALL 8 LARGE 2 HUGE 0
Grid : Message : MemoryManager::Init() cache pool for recent device allocations: SMALL 16 LARGE 8 Huge 0
Grid : Message : MemoryManager::Init() cache pool for recent shared allocations: SMALL 16 LARGE 8 Huge 0
Grid : Message : MemoryManager::Init() Unified memory space
Sorting eigenvalues using EvalReSmall
Lattice size: [16 16 16 32]
Example_spec_kryschur: ../../Grid/communicator/SharedMemoryMPI.cc:434: static void Grid::GlobalSharedMemory::OptimalCommunicatorSharedMemory(const Coordinate&, ompi_communicator_t*&, Grid::Coordinate&): Assertion `WorldSize==Nprocessors' failed.
[genoahost100:652073] *** Process received signal ***
[genoahost100:652073] Signal: Aborted (6)
[genoahost100:652073] Signal code:  (-6)
[genoahost100:652073] [ 0] /lib64/libc.so.6(+0x3fc30)[0x14c0b903fc30]
[genoahost100:652073] [ 1] /lib64/libc.so.6(+0x8d02c)[0x14c0b908d02c]
[genoahost100:652073] [ 2] /lib64/libc.so.6(raise+0x16)[0x14c0b903fb86]
[genoahost100:652073] [ 3] /lib64/libc.so.6(abort+0xd3)[0x14c0b9029873]
[genoahost100:652073] [ 4] /lib64/libc.so.6(+0x2979b)[0x14c0b902979b]
[genoahost100:652073] [ 5] /lib64/libc.so.6(+0x388c6)[0x14c0b90388c6]
[genoahost100:652073] [ 6] /direct/sdcc+u/poare/Grid/build/examples/./Example_spec_kryschur[0x4cc206]
[genoahost100:652073] [ 7] /direct/sdcc+u/poare/Grid/build/examples/./Example_spec_kryschur[0x4cc2f1]
[genoahost100:652073] [ 8] /direct/sdcc+u/poare/Grid/build/examples/./Example_spec_kryschur[0x4c7e95]
[genoahost100:652073] [ 9] /direct/sdcc+u/poare/Grid/build/examples/./Example_spec_kryschur[0x4b5f4f]
[genoahost100:652073] [10] /direct/sdcc+u/poare/Grid/build/examples/./Example_spec_kryschur[0x41180d]
[genoahost100:652073] [11] /lib64/libc.so.6(+0x2a610)[0x14c0b902a610]
[genoahost100:652073] [12] /lib64/libc.so.6(__libc_start_main+0x80)[0x14c0b902a6c0]
[genoahost100:652073] [13] /direct/sdcc+u/poare/Grid/build/examples/./Example_spec_kryschur[0x4147f5]
[genoahost100:652073] *** End of error message ***

__|__|__|__|__|__|__|__|__|__|__|__|__|__|__
__|__|__|__|__|__|__|__|__|__|__|__|__|__|__
__|_ |  |  |  |  |  |  |  |  |  |  |  | _|__
__|_                                    _|__
__|_   GGGG    RRRR    III    DDDD      _|__
__|_  G        R   R    I     D   D     _|__
__|_  G        R   R    I     D    D    _|__
__|_  G  GG    RRRR     I     D    D    _|__
__|_  G   G    R  R     I     D   D     _|__
__|_   GGGG    R   R   III    DDDD      _|__
__|_                                    _|__
__|__|__|__|__|__|__|__|__|__|__|__|__|__|__
__|__|__|__|__|__|__|__|__|__|__|__|__|__|__
  |  |  |  |  |  |  |  |  |  |  |  |  |  |  


Copyright (C) 2015 Peter Boyle, Azusa Yamaguchi, Guido Cossu, Antonin Portelli and other authors

This program is free software; you can redistribute it and/or modify
it under the terms of the GNU General Public License as published by
the Free Software Foundation; either version 2 of the License, or
(at your option) any later version.

This program is distributed in the hope that it will be useful,
but WITHOUT ANY WARRANTY; without even the implied warranty of
MERCHANTABILITY or FITNESS FOR A PARTICULAR PURPOSE.  See the
GNU General Public License for more details.
Current Grid git commit hash=82d411ca7bb8ec4a5b5c3815df23674cfd291070: (HEAD -> develop, origin/develop, origin/HEAD) clean

Grid : Message : ================================================ 
Grid : Message : MPI is initialised and logging filters activated 
Grid : Message : ================================================ 
Grid : Message : This rank is running on host genoahost100.sdcc.bnl.local at local time 2026-02-27 13:57:09
Grid : Message : Requested 17179869184 byte stencil comms buffers 
Grid : Message : MemoryManager::Init() setting up
Grid : Message : MemoryManager::Init() cache pool for recent host   allocations: SMALL 8 LARGE 2 HUGE 0
Grid : Message : MemoryManager::Init() cache pool for recent device allocations: SMALL 16 LARGE 8 Huge 0
Grid : Message : MemoryManager::Init() cache pool for recent shared allocations: SMALL 16 LARGE 8 Huge 0
Grid : Message : MemoryManager::Init() Unified memory space
Sorting eigenvalues using EvalReSmall
Lattice size: [16 16 16 32]
Example_spec_kryschur: ../../Grid/communicator/SharedMemoryMPI.cc:434: static void Grid::GlobalSharedMemory::OptimalCommunicatorSharedMemory(const Coordinate&, ompi_communicator_t*&, Grid::Coordinate&): Assertion `WorldSize==Nprocessors' failed.
[genoahost100:652080] *** Process received signal ***
[genoahost100:652080] Signal: Aborted (6)
[genoahost100:652080] Signal code:  (-6)
[genoahost100:652080] [ 0] /lib64/libc.so.6(+0x3fc30)[0x146da863fc30]
[genoahost100:652080] [ 1] /lib64/libc.so.6(+0x8d02c)[0x146da868d02c]
[genoahost100:652080] [ 2] /lib64/libc.so.6(raise+0x16)[0x146da863fb86]
[genoahost100:652080] [ 3] /lib64/libc.so.6(abort+0xd3)[0x146da8629873]
[genoahost100:652080] [ 4] /lib64/libc.so.6(+0x2979b)[0x146da862979b]
[genoahost100:652080] [ 5] /lib64/libc.so.6(+0x388c6)[0x146da86388c6]
[genoahost100:652080] [ 6] /direct/sdcc+u/poare/Grid/build/examples/./Example_spec_kryschur[0x4cc206]
[genoahost100:652080] [ 7] /direct/sdcc+u/poare/Grid/build/examples/./Example_spec_kryschur[0x4cc2f1]
[genoahost100:652080] [ 8] /direct/sdcc+u/poare/Grid/build/examples/./Example_spec_kryschur[0x4c7e95]
[genoahost100:652080] [ 9] /direct/sdcc+u/poare/Grid/build/examples/./Example_spec_kryschur[0x4b5f4f]
[genoahost100:652080] [10] /direct/sdcc+u/poare/Grid/build/examples/./Example_spec_kryschur[0x41180d]
[genoahost100:652080] [11] /lib64/libc.so.6(+0x2a610)[0x146da862a610]
[genoahost100:652080] [12] /lib64/libc.so.6(__libc_start_main+0x80)[0x146da862a6c0]
[genoahost100:652080] [13] /direct/sdcc+u/poare/Grid/build/examples/./Example_spec_kryschur[0x4147f5]
[genoahost100:652080] *** End of error message ***

__|__|__|__|__|__|__|__|__|__|__|__|__|__|__
__|__|__|__|__|__|__|__|__|__|__|__|__|__|__
__|_ |  |  |  |  |  |  |  |  |  |  |  | _|__
__|_                                    _|__
__|_   GGGG    RRRR    III    DDDD      _|__
__|_  G        R   R    I     D   D     _|__
__|_  G        R   R    I     D    D    _|__
__|_  G  GG    RRRR     I     D    D    _|__
__|_  G   G    R  R     I     D   D     _|__
__|_   GGGG    R   R   III    DDDD      _|__
__|_                                    _|__
__|__|__|__|__|__|__|__|__|__|__|__|__|__|__
__|__|__|__|__|__|__|__|__|__|__|__|__|__|__
  |  |  |  |  |  |  |  |  |  |  |  |  |  |  


Copyright (C) 2015 Peter Boyle, Azusa Yamaguchi, Guido Cossu, Antonin Portelli and other authors

This program is free software; you can redistribute it and/or modify
it under the terms of the GNU General Public License as published by
the Free Software Foundation; either version 2 of the License, or
(at your option) any later version.

This program is distributed in the hope that it will be useful,
but WITHOUT ANY WARRANTY; without even the implied warranty of
MERCHANTABILITY or FITNESS FOR A PARTICULAR PURPOSE.  See the
GNU General Public License for more details.
Current Grid git commit hash=82d411ca7bb8ec4a5b5c3815df23674cfd291070: (HEAD -> develop, origin/develop, origin/HEAD) clean

Grid : Message : ================================================ 
Grid : Message : MPI is initialised and logging filters activated 
Grid : Message : ================================================ 
Grid : Message : This rank is running on host genoahost100.sdcc.bnl.local at local time 2026-02-27 13:57:10
Grid : Message : Requested 17179869184 byte stencil comms buffers 
Grid : Message : MemoryManager::Init() setting up
Grid : Message : MemoryManager::Init() cache pool for recent host   allocations: SMALL 8 LARGE 2 HUGE 0
Grid : Message : MemoryManager::Init() cache pool for recent device allocations: SMALL 16 LARGE 8 Huge 0
Grid : Message : MemoryManager::Init() cache pool for recent shared allocations: SMALL 16 LARGE 8 Huge 0
Grid : Message : MemoryManager::Init() Unified memory space
Sorting eigenvalues using EvalReSmall
Lattice size: [16 16 16 32]
Example_spec_kryschur: ../../Grid/communicator/SharedMemoryMPI.cc:434: static void Grid::GlobalSharedMemory::OptimalCommunicatorSharedMemory(const Coordinate&, ompi_communicator_t*&, Grid::Coordinate&): Assertion `WorldSize==Nprocessors' failed.
[genoahost100:652079] *** Process received signal ***
[genoahost100:652079] Signal: Aborted (6)
[genoahost100:652079] Signal code:  (-6)
[genoahost100:652079] [ 0] /lib64/libc.so.6(+0x3fc30)[0x153ddc43fc30]
[genoahost100:652079] [ 1] /lib64/libc.so.6(+0x8d02c)[0x153ddc48d02c]
[genoahost100:652079] [ 2] /lib64/libc.so.6(raise+0x16)[0x153ddc43fb86]
[genoahost100:652079] [ 3] /lib64/libc.so.6(abort+0xd3)[0x153ddc429873]
[genoahost100:652079] [ 4] /lib64/libc.so.6(+0x2979b)[0x153ddc42979b]
[genoahost100:652079] [ 5] /lib64/libc.so.6(+0x388c6)[0x153ddc4388c6]
[genoahost100:652079] [ 6] /direct/sdcc+u/poare/Grid/build/examples/./Example_spec_kryschur[0x4cc206]
[genoahost100:652079] [ 7] /direct/sdcc+u/poare/Grid/build/examples/./Example_spec_kryschur[0x4cc2f1]
[genoahost100:652079] [ 8] /direct/sdcc+u/poare/Grid/build/examples/./Example_spec_kryschur[0x4c7e95]
[genoahost100:652079] [ 9] /direct/sdcc+u/poare/Grid/build/examples/./Example_spec_kryschur[0x4b5f4f]
[genoahost100:652079] [10] /direct/sdcc+u/poare/Grid/build/examples/./Example_spec_kryschur[0x41180d]
[genoahost100:652079] [11] /lib64/libc.so.6(+0x2a610)[0x153ddc42a610]
[genoahost100:652079] [12] /lib64/libc.so.6(__libc_start_main+0x80)[0x153ddc42a6c0]
[genoahost100:652079] [13] /direct/sdcc+u/poare/Grid/build/examples/./Example_spec_kryschur[0x4147f5]
[genoahost100:652079] *** End of error message ***
srun: error: genoahost098: tasks 16,28: Aborted (core dumped)

__|__|__|__|__|__|__|__|__|__|__|__|__|__|__
__|__|__|__|__|__|__|__|__|__|__|__|__|__|__
__|_ |  |  |  |  |  |  |  |  |  |  |  | _|__
__|_                                    _|__
__|_   GGGG    RRRR    III    DDDD      _|__
__|_  G        R   R    I     D   D     _|__
__|_  G        R   R    I     D    D    _|__
__|_  G  GG    RRRR     I     D    D    _|__
__|_  G   G    R  R     I     D   D     _|__
__|_   GGGG    R   R   III    DDDD      _|__
__|_                                    _|__
__|__|__|__|__|__|__|__|__|__|__|__|__|__|__
__|__|__|__|__|__|__|__|__|__|__|__|__|__|__
  |  |  |  |  |  |  |  |  |  |  |  |  |  |  


Copyright (C) 2015 Peter Boyle, Azusa Yamaguchi, Guido Cossu, Antonin Portelli and other authors

This program is free software; you can redistribute it and/or modify
it under the terms of the GNU General Public License as published by
the Free Software Foundation; either version 2 of the License, or
(at your option) any later version.

This program is distributed in the hope that it will be useful,
but WITHOUT ANY WARRANTY; without even the implied warranty of
MERCHANTABILITY or FITNESS FOR A PARTICULAR PURPOSE.  See the
GNU General Public License for more details.
Current Grid git commit hash=82d411ca7bb8ec4a5b5c3815df23674cfd291070: (HEAD -> develop, origin/develop, origin/HEAD) clean

Grid : Message : ================================================ 
Grid : Message : MPI is initialised and logging filters activated 
Grid : Message : ================================================ 
Grid : Message : This rank is running on host genoahost097.sdcc.bnl.local at local time 2026-02-27 13:57:11
Grid : Message : Requested 17179869184 byte stencil comms buffers 
Grid : Message : MemoryManager::Init() setting up
Grid : Message : MemoryManager::Init() cache pool for recent host   allocations: SMALL 8 LARGE 2 HUGE 0
Grid : Message : MemoryManager::Init() cache pool for recent device allocations: SMALL 16 LARGE 8 Huge 0
Grid : Message : MemoryManager::Init() cache pool for recent shared allocations: SMALL 16 LARGE 8 Huge 0
Grid : Message : MemoryManager::Init() Unified memory space
Sorting eigenvalues using EvalReSmall
Lattice size: [16 16 16 32]
Example_spec_kryschur: ../../Grid/communicator/SharedMemoryMPI.cc:434: static void Grid::GlobalSharedMemory::OptimalCommunicatorSharedMemory(const Coordinate&, ompi_communicator_t*&, Grid::Coordinate&): Assertion `WorldSize==Nprocessors' failed.
[genoahost097:1736398] *** Process received signal ***
[genoahost097:1736398] Signal: Aborted (6)
[genoahost097:1736398] Signal code:  (-6)
[genoahost097:1736398] [ 0] /lib64/libc.so.6(+0x3fc30)[0x14f085e3fc30]
[genoahost097:1736398] [ 1] /lib64/libc.so.6(+0x8d02c)[0x14f085e8d02c]
[genoahost097:1736398] [ 2] /lib64/libc.so.6(raise+0x16)[0x14f085e3fb86]
[genoahost097:1736398] [ 3] /lib64/libc.so.6(abort+0xd3)[0x14f085e29873]
[genoahost097:1736398] [ 4] /lib64/libc.so.6(+0x2979b)[0x14f085e2979b]
[genoahost097:1736398] [ 5] /lib64/libc.so.6(+0x388c6)[0x14f085e388c6]
[genoahost097:1736398] [ 6] /direct/sdcc+u/poare/Grid/build/examples/./Example_spec_kryschur[0x4cc206]
[genoahost097:1736398] [ 7] /direct/sdcc+u/poare/Grid/build/examples/./Example_spec_kryschur[0x4cc2f1]
[genoahost097:1736398] [ 8] /direct/sdcc+u/poare/Grid/build/examples/./Example_spec_kryschur[0x4c7e95]
[genoahost097:1736398] [ 9] /direct/sdcc+u/poare/Grid/build/examples/./Example_spec_kryschur[0x4b5f4f]
[genoahost097:1736398] [10] /direct/sdcc+u/poare/Grid/build/examples/./Example_spec_kryschur[0x41180d]
[genoahost097:1736398] [11] /lib64/libc.so.6(+0x2a610)[0x14f085e2a610]
[genoahost097:1736398] [12] /lib64/libc.so.6(__libc_start_main+0x80)[0x14f085e2a6c0]
[genoahost097:1736398] [13] /direct/sdcc+u/poare/Grid/build/examples/./Example_spec_kryschur[0x4147f5]
[genoahost097:1736398] *** End of error message ***
srun: error: genoahost101: task 79: Aborted (core dumped)

__|__|__|__|__|__|__|__|__|__|__|__|__|__|__
__|__|__|__|__|__|__|__|__|__|__|__|__|__|__
__|_ |  |  |  |  |  |  |  |  |  |  |  | _|__
__|_                                    _|__
__|_   GGGG    RRRR    III    DDDD      _|__
__|_  G        R   R    I     D   D     _|__
__|_  G        R   R    I     D    D    _|__
__|_  G  GG    RRRR     I     D    D    _|__
__|_  G   G    R  R     I     D   D     _|__
__|_   GGGG    R   R   III    DDDD      _|__
__|_                                    _|__
__|__|__|__|__|__|__|__|__|__|__|__|__|__|__
__|__|__|__|__|__|__|__|__|__|__|__|__|__|__
  |  |  |  |  |  |  |  |  |  |  |  |  |  |  


Copyright (C) 2015 Peter Boyle, Azusa Yamaguchi, Guido Cossu, Antonin Portelli and other authors

This program is free software; you can redistribute it and/or modify
it under the terms of the GNU General Public License as published by
the Free Software Foundation; either version 2 of the License, or
(at your option) any later version.

This program is distributed in the hope that it will be useful,
but WITHOUT ANY WARRANTY; without even the implied warranty of
MERCHANTABILITY or FITNESS FOR A PARTICULAR PURPOSE.  See the
GNU General Public License for more details.
Current Grid git commit hash=82d411ca7bb8ec4a5b5c3815df23674cfd291070: (HEAD -> develop, origin/develop, origin/HEAD) clean

Grid : Message : ================================================ 
Grid : Message : MPI is initialised and logging filters activated 
Grid : Message : ================================================ 
Grid : Message : This rank is running on host genoahost097.sdcc.bnl.local at local time 2026-02-27 13:57:12
Grid : Message : Requested 17179869184 byte stencil comms buffers 
Grid : Message : MemoryManager::Init() setting up
Grid : Message : MemoryManager::Init() cache pool for recent host   allocations: SMALL 8 LARGE 2 HUGE 0
Grid : Message : MemoryManager::Init() cache pool for recent device allocations: SMALL 16 LARGE 8 Huge 0
Grid : Message : MemoryManager::Init() cache pool for recent shared allocations: SMALL 16 LARGE 8 Huge 0
Grid : Message : MemoryManager::Init() Unified memory space
Sorting eigenvalues using EvalReSmall
Lattice size: [16 16 16 32]
Example_spec_kryschur: ../../Grid/communicator/SharedMemoryMPI.cc:434: static void Grid::GlobalSharedMemory::OptimalCommunicatorSharedMemory(const Coordinate&, ompi_communicator_t*&, Grid::Coordinate&): Assertion `WorldSize==Nprocessors' failed.
[genoahost097:1736405] *** Process received signal ***
[genoahost097:1736405] Signal: Aborted (6)
[genoahost097:1736405] Signal code:  (-6)
[genoahost097:1736405] [ 0] /lib64/libc.so.6(+0x3fc30)[0x14667223fc30]
[genoahost097:1736405] [ 1] /lib64/libc.so.6(+0x8d02c)[0x14667228d02c]
[genoahost097:1736405] [ 2] /lib64/libc.so.6(raise+0x16)[0x14667223fb86]
[genoahost097:1736405] [ 3] /lib64/libc.so.6(abort+0xd3)[0x146672229873]
[genoahost097:1736405] [ 4] /lib64/libc.so.6(+0x2979b)[0x14667222979b]
[genoahost097:1736405] [ 5] /lib64/libc.so.6(+0x388c6)[0x1466722388c6]
[genoahost097:1736405] [ 6] /direct/sdcc+u/poare/Grid/build/examples/./Example_spec_kryschur[0x4cc206]
[genoahost097:1736405] [ 7] /direct/sdcc+u/poare/Grid/build/examples/./Example_spec_kryschur[0x4cc2f1]
[genoahost097:1736405] [ 8] /direct/sdcc+u/poare/Grid/build/examples/./Example_spec_kryschur[0x4c7e95]
[genoahost097:1736405] [ 9] /direct/sdcc+u/poare/Grid/build/examples/./Example_spec_kryschur[0x4b5f4f]
[genoahost097:1736405] [10] /direct/sdcc+u/poare/Grid/build/examples/./Example_spec_kryschur[0x41180d]
[genoahost097:1736405] [11] /lib64/libc.so.6(+0x2a610)[0x14667222a610]
[genoahost097:1736405] [12] /lib64/libc.so.6(__libc_start_main+0x80)[0x14667222a6c0]
[genoahost097:1736405] [13] /direct/sdcc+u/poare/Grid/build/examples/./Example_spec_kryschur[0x4147f5]
[genoahost097:1736405] *** End of error message ***

__|__|__|__|__|__|__|__|__|__|__|__|__|__|__
__|__|__|__|__|__|__|__|__|__|__|__|__|__|__
__|_ |  |  |  |  |  |  |  |  |  |  |  | _|__
__|_                                    _|__
__|_   GGGG    RRRR    III    DDDD      _|__
__|_  G        R   R    I     D   D     _|__
__|_  G        R   R    I     D    D    _|__
__|_  G  GG    RRRR     I     D    D    _|__
__|_  G   G    R  R     I     D   D     _|__
__|_   GGGG    R   R   III    DDDD      _|__
__|_                                    _|__
__|__|__|__|__|__|__|__|__|__|__|__|__|__|__
__|__|__|__|__|__|__|__|__|__|__|__|__|__|__
  |  |  |  |  |  |  |  |  |  |  |  |  |  |  


Copyright (C) 2015 Peter Boyle, Azusa Yamaguchi, Guido Cossu, Antonin Portelli and other authors

This program is free software; you can redistribute it and/or modify
it under the terms of the GNU General Public License as published by
the Free Software Foundation; either version 2 of the License, or
(at your option) any later version.

This program is distributed in the hope that it will be useful,
but WITHOUT ANY WARRANTY; without even the implied warranty of
MERCHANTABILITY or FITNESS FOR A PARTICULAR PURPOSE.  See the
GNU General Public License for more details.
Current Grid git commit hash=82d411ca7bb8ec4a5b5c3815df23674cfd291070: (HEAD -> develop, origin/develop, origin/HEAD) clean

Grid : Message : ================================================ 
Grid : Message : MPI is initialised and logging filters activated 
Grid : Message : ================================================ 
Grid : Message : This rank is running on host genoahost099.sdcc.bnl.local at local time 2026-02-27 13:57:12
Grid : Message : Requested 17179869184 byte stencil comms buffers 
Grid : Message : MemoryManager::Init() setting up
Grid : Message : MemoryManager::Init() cache pool for recent host   allocations: SMALL 8 LARGE 2 HUGE 0
Grid : Message : MemoryManager::Init() cache pool for recent device allocations: SMALL 16 LARGE 8 Huge 0
Grid : Message : MemoryManager::Init() cache pool for recent shared allocations: SMALL 16 LARGE 8 Huge 0
Grid : Message : MemoryManager::Init() Unified memory space
Sorting eigenvalues using EvalReSmall
Lattice size: [16 16 16 32]
Example_spec_kryschur: ../../Grid/communicator/SharedMemoryMPI.cc:434: static void Grid::GlobalSharedMemory::OptimalCommunicatorSharedMemory(const Coordinate&, ompi_communicator_t*&, Grid::Coordinate&): Assertion `WorldSize==Nprocessors' failed.
[genoahost099:1615059] *** Process received signal ***
[genoahost099:1615059] Signal: Aborted (6)
[genoahost099:1615059] Signal code:  (-6)
[genoahost099:1615059] [ 0] /lib64/libc.so.6(+0x3fc30)[0x14614563fc30]
[genoahost099:1615059] [ 1] /lib64/libc.so.6(+0x8d02c)[0x14614568d02c]
[genoahost099:1615059] [ 2] /lib64/libc.so.6(raise+0x16)[0x14614563fb86]
[genoahost099:1615059] [ 3] /lib64/libc.so.6(abort+0xd3)[0x146145629873]
[genoahost099:1615059] [ 4] /lib64/libc.so.6(+0x2979b)[0x14614562979b]
[genoahost099:1615059] [ 5] /lib64/libc.so.6(+0x388c6)[0x1461456388c6]
[genoahost099:1615059] [ 6] /direct/sdcc+u/poare/Grid/build/examples/./Example_spec_kryschur[0x4cc206]
[genoahost099:1615059] [ 7] /direct/sdcc+u/poare/Grid/build/examples/./Example_spec_kryschur[0x4cc2f1]
[genoahost099:1615059] [ 8] /direct/sdcc+u/poare/Grid/build/examples/./Example_spec_kryschur[0x4c7e95]
[genoahost099:1615059] [ 9] /direct/sdcc+u/poare/Grid/build/examples/./Example_spec_kryschur[0x4b5f4f]
[genoahost099:1615059] [10] /direct/sdcc+u/poare/Grid/build/examples/./Example_spec_kryschur[0x41180d]
[genoahost099:1615059] [11] /lib64/libc.so.6(+0x2a610)[0x14614562a610]
[genoahost099:1615059] [12] /lib64/libc.so.6(__libc_start_main+0x80)[0x14614562a6c0]
[genoahost099:1615059] [13] /direct/sdcc+u/poare/Grid/build/examples/./Example_spec_kryschur[0x4147f5]
[genoahost099:1615059] *** End of error message ***
srun: error: genoahost102: task 94: Aborted (core dumped)
srun: error: genoahost099: task 33: Aborted (core dumped)
srun: error: genoahost102: tasks 86,92: Aborted (core dumped)
srun: error: genoahost098: task 18: Aborted (core dumped)
srun: error: genoahost099: tasks 36,40: Aborted (core dumped)
srun: error: genoahost103: task 108: Aborted (core dumped)
srun: error: genoahost101: task 77: Aborted (core dumped)
srun: error: genoahost101: task 66: Aborted (core dumped)
srun: error: genoahost103: tasks 97,99: Aborted (core dumped)
srun: error: genoahost103: task 105: Aborted (core dumped)
srun: error: genoahost103: task 103: Aborted (core dumped)
srun: error: genoahost099: task 39: Aborted (core dumped)

__|__|__|__|__|__|__|__|__|__|__|__|__|__|__
__|__|__|__|__|__|__|__|__|__|__|__|__|__|__
__|_ |  |  |  |  |  |  |  |  |  |  |  | _|__
__|_                                    _|__
__|_   GGGG    RRRR    III    DDDD      _|__
__|_  G        R   R    I     D   D     _|__
__|_  G        R   R    I     D    D    _|__
__|_  G  GG    RRRR     I     D    D    _|__
__|_  G   G    R  R     I     D   D     _|__
__|_   GGGG    R   R   III    DDDD      _|__
__|_                                    _|__
__|__|__|__|__|__|__|__|__|__|__|__|__|__|__
__|__|__|__|__|__|__|__|__|__|__|__|__|__|__
  |  |  |  |  |  |  |  |  |  |  |  |  |  |  


Copyright (C) 2015 Peter Boyle, Azusa Yamaguchi, Guido Cossu, Antonin Portelli and other authors

This program is free software; you can redistribute it and/or modify
it under the terms of the GNU General Public License as published by
the Free Software Foundation; either version 2 of the License, or
(at your option) any later version.

This program is distributed in the hope that it will be useful,
but WITHOUT ANY WARRANTY; without even the implied warranty of
MERCHANTABILITY or FITNESS FOR A PARTICULAR PURPOSE.  See the
GNU General Public License for more details.
Current Grid git commit hash=82d411ca7bb8ec4a5b5c3815df23674cfd291070: (HEAD -> develop, origin/develop, origin/HEAD) clean

Grid : Message : ================================================ 
Grid : Message : MPI is initialised and logging filters activated 
Grid : Message : ================================================ 
Grid : Message : This rank is running on host genoahost099.sdcc.bnl.local at local time 2026-02-27 13:57:25
Grid : Message : Requested 17179869184 byte stencil comms buffers 
Grid : Message : MemoryManager::Init() setting up
Grid : Message : MemoryManager::Init() cache pool for recent host   allocations: SMALL 8 LARGE 2 HUGE 0
Grid : Message : MemoryManager::Init() cache pool for recent device allocations: SMALL 16 LARGE 8 Huge 0
Grid : Message : MemoryManager::Init() cache pool for recent shared allocations: SMALL 16 LARGE 8 Huge 0
Grid : Message : MemoryManager::Init() Unified memory space
Sorting eigenvalues using EvalReSmall
Lattice size: [16 16 16 32]
Example_spec_kryschur: ../../Grid/communicator/SharedMemoryMPI.cc:434: static void Grid::GlobalSharedMemory::OptimalCommunicatorSharedMemory(const Coordinate&, ompi_communicator_t*&, Grid::Coordinate&): Assertion `WorldSize==Nprocessors' failed.
[genoahost099:1615053] *** Process received signal ***
[genoahost099:1615053] Signal: Aborted (6)
[genoahost099:1615053] Signal code:  (-6)
[genoahost099:1615053] [ 0] /lib64/libc.so.6(+0x3fc30)[0x14b4de03fc30]
[genoahost099:1615053] [ 1] /lib64/libc.so.6(+0x8d02c)[0x14b4de08d02c]
[genoahost099:1615053] [ 2] /lib64/libc.so.6(raise+0x16)[0x14b4de03fb86]
[genoahost099:1615053] [ 3] /lib64/libc.so.6(abort+0xd3)[0x14b4de029873]
[genoahost099:1615053] [ 4] /lib64/libc.so.6(+0x2979b)[0x14b4de02979b]
[genoahost099:1615053] [ 5] /lib64/libc.so.6(+0x388c6)[0x14b4de0388c6]
[genoahost099:1615053] [ 6] /direct/sdcc+u/poare/Grid/build/examples/./Example_spec_kryschur[0x4cc206]
[genoahost099:1615053] [ 7] /direct/sdcc+u/poare/Grid/build/examples/./Example_spec_kryschur[0x4cc2f1]
[genoahost099:1615053] [ 8] /direct/sdcc+u/poare/Grid/build/examples/./Example_spec_kryschur[0x4c7e95]
[genoahost099:1615053] [ 9] /direct/sdcc+u/poare/Grid/build/examples/./Example_spec_kryschur[0x4b5f4f]
[genoahost099:1615053] [10] /direct/sdcc+u/poare/Grid/build/examples/./Example_spec_kryschur[0x41180d]
[genoahost099:1615053] [11] /lib64/libc.so.6(+0x2a610)[0x14b4de02a610]
[genoahost099:1615053] [12] /lib64/libc.so.6(__libc_start_main+0x80)[0x14b4de02a6c0]
[genoahost099:1615053] [13] /direct/sdcc+u/poare/Grid/build/examples/./Example_spec_kryschur[0x4147f5]
[genoahost099:1615053] *** End of error message ***

__|__|__|__|__|__|__|__|__|__|__|__|__|__|__
__|__|__|__|__|__|__|__|__|__|__|__|__|__|__
__|_ |  |  |  |  |  |  |  |  |  |  |  | _|__
__|_                                    _|__
__|_   GGGG    RRRR    III    DDDD      _|__
__|_  G        R   R    I     D   D     _|__
__|_  G        R   R    I     D    D    _|__
__|_  G  GG    RRRR     I     D    D    _|__
__|_  G   G    R  R     I     D   D     _|__
__|_   GGGG    R   R   III    DDDD      _|__
__|_                                    _|__
__|__|__|__|__|__|__|__|__|__|__|__|__|__|__
__|__|__|__|__|__|__|__|__|__|__|__|__|__|__
  |  |  |  |  |  |  |  |  |  |  |  |  |  |  


Copyright (C) 2015 Peter Boyle, Azusa Yamaguchi, Guido Cossu, Antonin Portelli and other authors

This program is free software; you can redistribute it and/or modify
it under the terms of the GNU General Public License as published by
the Free Software Foundation; either version 2 of the License, or
(at your option) any later version.

This program is distributed in the hope that it will be useful,
but WITHOUT ANY WARRANTY; without even the implied warranty of
MERCHANTABILITY or FITNESS FOR A PARTICULAR PURPOSE.  See the
GNU General Public License for more details.
Current Grid git commit hash=82d411ca7bb8ec4a5b5c3815df23674cfd291070: (HEAD -> develop, origin/develop, origin/HEAD) clean

Grid : Message : ================================================ 
Grid : Message : MPI is initialised and logging filters activated 
Grid : Message : ================================================ 
Grid : Message : This rank is running on host genoahost099.sdcc.bnl.local at local time 2026-02-27 13:57:25
Grid : Message : Requested 17179869184 byte stencil comms buffers 
Grid : Message : MemoryManager::Init() setting up
Grid : Message : MemoryManager::Init() cache pool for recent host   allocations: SMALL 8 LARGE 2 HUGE 0
Grid : Message : MemoryManager::Init() cache pool for recent device allocations: SMALL 16 LARGE 8 Huge 0
Grid : Message : MemoryManager::Init() cache pool for recent shared allocations: SMALL 16 LARGE 8 Huge 0
Grid : Message : MemoryManager::Init() Unified memory space
Sorting eigenvalues using EvalReSmall
Lattice size: [16 16 16 32]
Example_spec_kryschur: ../../Grid/communicator/SharedMemoryMPI.cc:434: static void Grid::GlobalSharedMemory::OptimalCommunicatorSharedMemory(const Coordinate&, ompi_communicator_t*&, Grid::Coordinate&): Assertion `WorldSize==Nprocessors' failed.
[genoahost099:1615060] *** Process received signal ***
[genoahost099:1615060] Signal: Aborted (6)
[genoahost099:1615060] Signal code:  (-6)
[genoahost099:1615060] [ 0] /lib64/libc.so.6(+0x3fc30)[0x14d32123fc30]
[genoahost099:1615060] [ 1] /lib64/libc.so.6(+0x8d02c)[0x14d32128d02c]
[genoahost099:1615060] [ 2] /lib64/libc.so.6(raise+0x16)[0x14d32123fb86]
[genoahost099:1615060] [ 3] /lib64/libc.so.6(abort+0xd3)[0x14d321229873]
[genoahost099:1615060] [ 4] /lib64/libc.so.6(+0x2979b)[0x14d32122979b]
[genoahost099:1615060] [ 5] /lib64/libc.so.6(+0x388c6)[0x14d3212388c6]
[genoahost099:1615060] [ 6] /direct/sdcc+u/poare/Grid/build/examples/./Example_spec_kryschur[0x4cc206]
[genoahost099:1615060] [ 7] /direct/sdcc+u/poare/Grid/build/examples/./Example_spec_kryschur[0x4cc2f1]
[genoahost099:1615060] [ 8] /direct/sdcc+u/poare/Grid/build/examples/./Example_spec_kryschur[0x4c7e95]
[genoahost099:1615060] [ 9] /direct/sdcc+u/poare/Grid/build/examples/./Example_spec_kryschur[0x4b5f4f]
[genoahost099:1615060] [10] /direct/sdcc+u/poare/Grid/build/examples/./Example_spec_kryschur[0x41180d]
[genoahost099:1615060] [11] /lib64/libc.so.6(+0x2a610)[0x14d32122a610]
[genoahost099:1615060] [12] /lib64/libc.so.6(__libc_start_main+0x80)[0x14d32122a6c0]
[genoahost099:1615060] [13] /direct/sdcc+u/poare/Grid/build/examples/./Example_spec_kryschur[0x4147f5]
[genoahost099:1615060] *** End of error message ***

__|__|__|__|__|__|__|__|__|__|__|__|__|__|__
__|__|__|__|__|__|__|__|__|__|__|__|__|__|__
__|_ |  |  |  |  |  |  |  |  |  |  |  | _|__
__|_                                    _|__
__|_   GGGG    RRRR    III    DDDD      _|__
__|_  G        R   R    I     D   D     _|__
__|_  G        R   R    I     D    D    _|__
__|_  G  GG    RRRR     I     D    D    _|__
__|_  G   G    R  R     I     D   D     _|__
__|_   GGGG    R   R   III    DDDD      _|__
__|_                                    _|__
__|__|__|__|__|__|__|__|__|__|__|__|__|__|__
__|__|__|__|__|__|__|__|__|__|__|__|__|__|__
  |  |  |  |  |  |  |  |  |  |  |  |  |  |  


Copyright (C) 2015 Peter Boyle, Azusa Yamaguchi, Guido Cossu, Antonin Portelli and other authors

This program is free software; you can redistribute it and/or modify
it under the terms of the GNU General Public License as published by
the Free Software Foundation; either version 2 of the License, or
(at your option) any later version.

This program is distributed in the hope that it will be useful,
but WITHOUT ANY WARRANTY; without even the implied warranty of
MERCHANTABILITY or FITNESS FOR A PARTICULAR PURPOSE.  See the
GNU General Public License for more details.
Current Grid git commit hash=82d411ca7bb8ec4a5b5c3815df23674cfd291070: (HEAD -> develop, origin/develop, origin/HEAD) clean

Grid : Message : ================================================ 
Grid : Message : MPI is initialised and logging filters activated 
Grid : Message : ================================================ 
Grid : Message : This rank is running on host genoahost102.sdcc.bnl.local at local time 2026-02-27 13:57:28
Grid : Message : Requested 17179869184 byte stencil comms buffers 
Grid : Message : MemoryManager::Init() setting up
Grid : Message : MemoryManager::Init() cache pool for recent host   allocations: SMALL 8 LARGE 2 HUGE 0
Grid : Message : MemoryManager::Init() cache pool for recent device allocations: SMALL 16 LARGE 8 Huge 0
Grid : Message : MemoryManager::Init() cache pool for recent shared allocations: SMALL 16 LARGE 8 Huge 0
Grid : Message : MemoryManager::Init() Unified memory space
Sorting eigenvalues using EvalReSmall
Lattice size: [16 16 16 32]
Example_spec_kryschur: ../../Grid/communicator/SharedMemoryMPI.cc:434: static void Grid::GlobalSharedMemory::OptimalCommunicatorSharedMemory(const Coordinate&, ompi_communicator_t*&, Grid::Coordinate&): Assertion `WorldSize==Nprocessors' failed.
[genoahost102:631533] *** Process received signal ***
[genoahost102:631533] Signal: Aborted (6)
[genoahost102:631533] Signal code:  (-6)
[genoahost102:631533] [ 0] /lib64/libc.so.6(+0x3fc30)[0x14ca4b23fc30]
[genoahost102:631533] [ 1] /lib64/libc.so.6(+0x8d02c)[0x14ca4b28d02c]
[genoahost102:631533] [ 2] /lib64/libc.so.6(raise+0x16)[0x14ca4b23fb86]
[genoahost102:631533] [ 3] /lib64/libc.so.6(abort+0xd3)[0x14ca4b229873]
[genoahost102:631533] [ 4] /lib64/libc.so.6(+0x2979b)[0x14ca4b22979b]
[genoahost102:631533] [ 5] /lib64/libc.so.6(+0x388c6)[0x14ca4b2388c6]
[genoahost102:631533] [ 6] /direct/sdcc+u/poare/Grid/build/examples/./Example_spec_kryschur[0x4cc206]
[genoahost102:631533] [ 7] /direct/sdcc+u/poare/Grid/build/examples/./Example_spec_kryschur[0x4cc2f1]
[genoahost102:631533] [ 8] /direct/sdcc+u/poare/Grid/build/examples/./Example_spec_kryschur[0x4c7e95]
[genoahost102:631533] [ 9] /direct/sdcc+u/poare/Grid/build/examples/./Example_spec_kryschur[0x4b5f4f]
[genoahost102:631533] [10] /direct/sdcc+u/poare/Grid/build/examples/./Example_spec_kryschur[0x41180d]
[genoahost102:631533] [11] /lib64/libc.so.6(+0x2a610)[0x14ca4b22a610]
[genoahost102:631533] [12] /lib64/libc.so.6(__libc_start_main+0x80)[0x14ca4b22a6c0]
[genoahost102:631533] [13] /direct/sdcc+u/poare/Grid/build/examples/./Example_spec_kryschur[0x4147f5]
[genoahost102:631533] *** End of error message ***

__|__|__|__|__|__|__|__|__|__|__|__|__|__|__
__|__|__|__|__|__|__|__|__|__|__|__|__|__|__
__|_ |  |  |  |  |  |  |  |  |  |  |  | _|__
__|_                                    _|__
__|_   GGGG    RRRR    III    DDDD      _|__
__|_  G        R   R    I     D   D     _|__
__|_  G        R   R    I     D    D    _|__
__|_  G  GG    RRRR     I     D    D    _|__
__|_  G   G    R  R     I     D   D     _|__
__|_   GGGG    R   R   III    DDDD      _|__
__|_                                    _|__
__|__|__|__|__|__|__|__|__|__|__|__|__|__|__
__|__|__|__|__|__|__|__|__|__|__|__|__|__|__
  |  |  |  |  |  |  |  |  |  |  |  |  |  |  


Copyright (C) 2015 Peter Boyle, Azusa Yamaguchi, Guido Cossu, Antonin Portelli and other authors

This program is free software; you can redistribute it and/or modify
it under the terms of the GNU General Public License as published by
the Free Software Foundation; either version 2 of the License, or
(at your option) any later version.

This program is distributed in the hope that it will be useful,
but WITHOUT ANY WARRANTY; without even the implied warranty of
MERCHANTABILITY or FITNESS FOR A PARTICULAR PURPOSE.  See the
GNU General Public License for more details.
Current Grid git commit hash=82d411ca7bb8ec4a5b5c3815df23674cfd291070: (HEAD -> develop, origin/develop, origin/HEAD) clean

Grid : Message : ================================================ 
Grid : Message : MPI is initialised and logging filters activated 
Grid : Message : ================================================ 
Grid : Message : This rank is running on host genoahost102.sdcc.bnl.local at local time 2026-02-27 13:57:28
Grid : Message : Requested 17179869184 byte stencil comms buffers 
Grid : Message : MemoryManager::Init() setting up
Grid : Message : MemoryManager::Init() cache pool for recent host   allocations: SMALL 8 LARGE 2 HUGE 0
Grid : Message : MemoryManager::Init() cache pool for recent device allocations: SMALL 16 LARGE 8 Huge 0
Grid : Message : MemoryManager::Init() cache pool for recent shared allocations: SMALL 16 LARGE 8 Huge 0
Grid : Message : MemoryManager::Init() Unified memory space
Sorting eigenvalues using EvalReSmall
Lattice size: [16 16 16 32]
Example_spec_kryschur: ../../Grid/communicator/SharedMemoryMPI.cc:434: static void Grid::GlobalSharedMemory::OptimalCommunicatorSharedMemory(const Coordinate&, ompi_communicator_t*&, Grid::Coordinate&): Assertion `WorldSize==Nprocessors' failed.
[genoahost102:631521] *** Process received signal ***
[genoahost102:631521] Signal: Aborted (6)
[genoahost102:631521] Signal code:  (-6)
[genoahost102:631521] [ 0] /lib64/libc.so.6(+0x3fc30)[0x153560e3fc30]
[genoahost102:631521] [ 1] /lib64/libc.so.6(+0x8d02c)[0x153560e8d02c]
[genoahost102:631521] [ 2] /lib64/libc.so.6(raise+0x16)[0x153560e3fb86]
[genoahost102:631521] [ 3] /lib64/libc.so.6(abort+0xd3)[0x153560e29873]
[genoahost102:631521] [ 4] /lib64/libc.so.6(+0x2979b)[0x153560e2979b]
[genoahost102:631521] [ 5] /lib64/libc.so.6(+0x388c6)[0x153560e388c6]
[genoahost102:631521] [ 6] /direct/sdcc+u/poare/Grid/build/examples/./Example_spec_kryschur[0x4cc206]
[genoahost102:631521] [ 7] /direct/sdcc+u/poare/Grid/build/examples/./Example_spec_kryschur[0x4cc2f1]
[genoahost102:631521] [ 8] /direct/sdcc+u/poare/Grid/build/examples/./Example_spec_kryschur[0x4c7e95]
[genoahost102:631521] [ 9] /direct/sdcc+u/poare/Grid/build/examples/./Example_spec_kryschur[0x4b5f4f]
[genoahost102:631521] [10] /direct/sdcc+u/poare/Grid/build/examples/./Example_spec_kryschur[0x41180d]
[genoahost102:631521] [11] /lib64/libc.so.6(+0x2a610)[0x153560e2a610]
[genoahost102:631521] [12] /lib64/libc.so.6(__libc_start_main+0x80)[0x153560e2a6c0]
[genoahost102:631521] [13] /direct/sdcc+u/poare/Grid/build/examples/./Example_spec_kryschur[0x4147f5]
[genoahost102:631521] *** End of error message ***

__|__|__|__|__|__|__|__|__|__|__|__|__|__|__
__|__|__|__|__|__|__|__|__|__|__|__|__|__|__
__|_ |  |  |  |  |  |  |  |  |  |  |  | _|__
__|_                                    _|__
__|_   GGGG    RRRR    III    DDDD      _|__
__|_  G        R   R    I     D   D     _|__
__|_  G        R   R    I     D    D    _|__
__|_  G  GG    RRRR     I     D    D    _|__
__|_  G   G    R  R     I     D   D     _|__
__|_   GGGG    R   R   III    DDDD      _|__
__|_                                    _|__
__|__|__|__|__|__|__|__|__|__|__|__|__|__|__
__|__|__|__|__|__|__|__|__|__|__|__|__|__|__
  |  |  |  |  |  |  |  |  |  |  |  |  |  |  


Copyright (C) 2015 Peter Boyle, Azusa Yamaguchi, Guido Cossu, Antonin Portelli and other authors

This program is free software; you can redistribute it and/or modify
it under the terms of the GNU General Public License as published by
the Free Software Foundation; either version 2 of the License, or
(at your option) any later version.

This program is distributed in the hope that it will be useful,
but WITHOUT ANY WARRANTY; without even the implied warranty of
MERCHANTABILITY or FITNESS FOR A PARTICULAR PURPOSE.  See the
GNU General Public License for more details.
Current Grid git commit hash=82d411ca7bb8ec4a5b5c3815df23674cfd291070: (HEAD -> develop, origin/develop, origin/HEAD) clean

Grid : Message : ================================================ 
Grid : Message : MPI is initialised and logging filters activated 
Grid : Message : ================================================ 
Grid : Message : This rank is running on host genoahost102.sdcc.bnl.local at local time 2026-02-27 13:57:29
Grid : Message : Requested 17179869184 byte stencil comms buffers 
Grid : Message : MemoryManager::Init() setting up
Grid : Message : MemoryManager::Init() cache pool for recent host   allocations: SMALL 8 LARGE 2 HUGE 0
Grid : Message : MemoryManager::Init() cache pool for recent device allocations: SMALL 16 LARGE 8 Huge 0
Grid : Message : MemoryManager::Init() cache pool for recent shared allocations: SMALL 16 LARGE 8 Huge 0
Grid : Message : MemoryManager::Init() Unified memory space
Sorting eigenvalues using EvalReSmall
Lattice size: [16 16 16 32]
Example_spec_kryschur: ../../Grid/communicator/SharedMemoryMPI.cc:434: static void Grid::GlobalSharedMemory::OptimalCommunicatorSharedMemory(const Coordinate&, ompi_communicator_t*&, Grid::Coordinate&): Assertion `WorldSize==Nprocessors' failed.
[genoahost102:631523] *** Process received signal ***
[genoahost102:631523] Signal: Aborted (6)
[genoahost102:631523] Signal code:  (-6)
[genoahost102:631523] [ 0] /lib64/libc.so.6(+0x3fc30)[0x14863363fc30]
[genoahost102:631523] [ 1] /lib64/libc.so.6(+0x8d02c)[0x14863368d02c]
[genoahost102:631523] [ 2] /lib64/libc.so.6(raise+0x16)[0x14863363fb86]
[genoahost102:631523] [ 3] /lib64/libc.so.6(abort+0xd3)[0x148633629873]
[genoahost102:631523] [ 4] /lib64/libc.so.6(+0x2979b)[0x14863362979b]
[genoahost102:631523] [ 5] /lib64/libc.so.6(+0x388c6)[0x1486336388c6]
[genoahost102:631523] [ 6] /direct/sdcc+u/poare/Grid/build/examples/./Example_spec_kryschur[0x4cc206]
[genoahost102:631523] [ 7] /direct/sdcc+u/poare/Grid/build/examples/./Example_spec_kryschur[0x4cc2f1]
[genoahost102:631523] [ 8] /direct/sdcc+u/poare/Grid/build/examples/./Example_spec_kryschur[0x4c7e95]
[genoahost102:631523] [ 9] /direct/sdcc+u/poare/Grid/build/examples/./Example_spec_kryschur[0x4b5f4f]
[genoahost102:631523] [10] /direct/sdcc+u/poare/Grid/build/examples/./Example_spec_kryschur[0x41180d]
[genoahost102:631523] [11] /lib64/libc.so.6(+0x2a610)[0x14863362a610]
[genoahost102:631523] [12] /lib64/libc.so.6(__libc_start_main+0x80)[0x14863362a6c0]
[genoahost102:631523] [13] /direct/sdcc+u/poare/Grid/build/examples/./Example_spec_kryschur[0x4147f5]
[genoahost102:631523] *** End of error message ***

__|__|__|__|__|__|__|__|__|__|__|__|__|__|__
__|__|__|__|__|__|__|__|__|__|__|__|__|__|__
__|_ |  |  |  |  |  |  |  |  |  |  |  | _|__
__|_                                    _|__
__|_   GGGG    RRRR    III    DDDD      _|__
__|_  G        R   R    I     D   D     _|__
__|_  G        R   R    I     D    D    _|__
__|_  G  GG    RRRR     I     D    D    _|__
__|_  G   G    R  R     I     D   D     _|__
__|_   GGGG    R   R   III    DDDD      _|__
__|_                                    _|__
__|__|__|__|__|__|__|__|__|__|__|__|__|__|__
__|__|__|__|__|__|__|__|__|__|__|__|__|__|__
  |  |  |  |  |  |  |  |  |  |  |  |  |  |  


Copyright (C) 2015 Peter Boyle, Azusa Yamaguchi, Guido Cossu, Antonin Portelli and other authors

This program is free software; you can redistribute it and/or modify
it under the terms of the GNU General Public License as published by
the Free Software Foundation; either version 2 of the License, or
(at your option) any later version.

This program is distributed in the hope that it will be useful,
but WITHOUT ANY WARRANTY; without even the implied warranty of
MERCHANTABILITY or FITNESS FOR A PARTICULAR PURPOSE.  See the
GNU General Public License for more details.
Current Grid git commit hash=82d411ca7bb8ec4a5b5c3815df23674cfd291070: (HEAD -> develop, origin/develop, origin/HEAD) clean

Grid : Message : ================================================ 
Grid : Message : MPI is initialised and logging filters activated 
Grid : Message : ================================================ 
Grid : Message : This rank is running on host genoahost103.sdcc.bnl.local at local time 2026-02-27 13:57:32
Grid : Message : Requested 17179869184 byte stencil comms buffers 
Grid : Message : MemoryManager::Init() setting up
Grid : Message : MemoryManager::Init() cache pool for recent host   allocations: SMALL 8 LARGE 2 HUGE 0
Grid : Message : MemoryManager::Init() cache pool for recent device allocations: SMALL 16 LARGE 8 Huge 0
Grid : Message : MemoryManager::Init() cache pool for recent shared allocations: SMALL 16 LARGE 8 Huge 0
Grid : Message : MemoryManager::Init() Unified memory space
Sorting eigenvalues using EvalReSmall
Lattice size: [16 16 16 32]
Example_spec_kryschur: ../../Grid/communicator/SharedMemoryMPI.cc:434: static void Grid::GlobalSharedMemory::OptimalCommunicatorSharedMemory(const Coordinate&, ompi_communicator_t*&, Grid::Coordinate&): Assertion `WorldSize==Nprocessors' failed.
[genoahost103:621002] *** Process received signal ***
[genoahost103:621002] Signal: Aborted (6)
[genoahost103:621002] Signal code:  (-6)
[genoahost103:621002] [ 0] /lib64/libc.so.6(+0x3fc30)[0x14e08923fc30]
[genoahost103:621002] [ 1] /lib64/libc.so.6(+0x8d02c)[0x14e08928d02c]
[genoahost103:621002] [ 2] /lib64/libc.so.6(raise+0x16)[0x14e08923fb86]
[genoahost103:621002] [ 3] /lib64/libc.so.6(abort+0xd3)[0x14e089229873]
[genoahost103:621002] [ 4] /lib64/libc.so.6(+0x2979b)[0x14e08922979b]
[genoahost103:621002] [ 5] /lib64/libc.so.6(+0x388c6)[0x14e0892388c6]
[genoahost103:621002] [ 6] /direct/sdcc+u/poare/Grid/build/examples/./Example_spec_kryschur[0x4cc206]
[genoahost103:621002] [ 7] /direct/sdcc+u/poare/Grid/build/examples/./Example_spec_kryschur[0x4cc2f1]
[genoahost103:621002] [ 8] /direct/sdcc+u/poare/Grid/build/examples/./Example_spec_kryschur[0x4c7e95]
[genoahost103:621002] [ 9] /direct/sdcc+u/poare/Grid/build/examples/./Example_spec_kryschur[0x4b5f4f]
[genoahost103:621002] [10] /direct/sdcc+u/poare/Grid/build/examples/./Example_spec_kryschur[0x41180d]
[genoahost103:621002] [11] /lib64/libc.so.6(+0x2a610)[0x14e08922a610]
[genoahost103:621002] [12] /lib64/libc.so.6(__libc_start_main+0x80)[0x14e08922a6c0]
[genoahost103:621002] [13] /direct/sdcc+u/poare/Grid/build/examples/./Example_spec_kryschur[0x4147f5]
[genoahost103:621002] *** End of error message ***
srun: error: genoahost099: task 41: Aborted (core dumped)

__|__|__|__|__|__|__|__|__|__|__|__|__|__|__
__|__|__|__|__|__|__|__|__|__|__|__|__|__|__
__|_ |  |  |  |  |  |  |  |  |  |  |  | _|__
__|_                                    _|__
__|_   GGGG    RRRR    III    DDDD      _|__
__|_  G        R   R    I     D   D     _|__
__|_  G        R   R    I     D    D    _|__
__|_  G  GG    RRRR     I     D    D    _|__
__|_  G   G    R  R     I     D   D     _|__
__|_   GGGG    R   R   III    DDDD      _|__
__|_                                    _|__
__|__|__|__|__|__|__|__|__|__|__|__|__|__|__
__|__|__|__|__|__|__|__|__|__|__|__|__|__|__
  |  |  |  |  |  |  |  |  |  |  |  |  |  |  


Copyright (C) 2015 Peter Boyle, Azusa Yamaguchi, Guido Cossu, Antonin Portelli and other authors

This program is free software; you can redistribute it and/or modify
it under the terms of the GNU General Public License as published by
the Free Software Foundation; either version 2 of the License, or
(at your option) any later version.

This program is distributed in the hope that it will be useful,
but WITHOUT ANY WARRANTY; without even the implied warranty of
MERCHANTABILITY or FITNESS FOR A PARTICULAR PURPOSE.  See the
GNU General Public License for more details.
Current Grid git commit hash=82d411ca7bb8ec4a5b5c3815df23674cfd291070: (HEAD -> develop, origin/develop, origin/HEAD) clean

Grid : Message : ================================================ 
Grid : Message : MPI is initialised and logging filters activated 
Grid : Message : ================================================ 
Grid : Message : This rank is running on host genoahost103.sdcc.bnl.local at local time 2026-02-27 13:57:33
Grid : Message : Requested 17179869184 byte stencil comms buffers 
Grid : Message : MemoryManager::Init() setting up
Grid : Message : MemoryManager::Init() cache pool for recent host   allocations: SMALL 8 LARGE 2 HUGE 0
Grid : Message : MemoryManager::Init() cache pool for recent device allocations: SMALL 16 LARGE 8 Huge 0
Grid : Message : MemoryManager::Init() cache pool for recent shared allocations: SMALL 16 LARGE 8 Huge 0
Grid : Message : MemoryManager::Init() Unified memory space
Sorting eigenvalues using EvalReSmall
Lattice size: [16 16 16 32]
Example_spec_kryschur: ../../Grid/communicator/SharedMemoryMPI.cc:434: static void Grid::GlobalSharedMemory::OptimalCommunicatorSharedMemory(const Coordinate&, ompi_communicator_t*&, Grid::Coordinate&): Assertion `WorldSize==Nprocessors' failed.
[genoahost103:621006] *** Process received signal ***
[genoahost103:621006] Signal: Aborted (6)
[genoahost103:621006] Signal code:  (-6)
[genoahost103:621006] [ 0] /lib64/libc.so.6(+0x3fc30)[0x154e5ec3fc30]
[genoahost103:621006] [ 1] /lib64/libc.so.6(+0x8d02c)[0x154e5ec8d02c]
[genoahost103:621006] [ 2] /lib64/libc.so.6(raise+0x16)[0x154e5ec3fb86]
[genoahost103:621006] [ 3] /lib64/libc.so.6(abort+0xd3)[0x154e5ec29873]
[genoahost103:621006] [ 4] /lib64/libc.so.6(+0x2979b)[0x154e5ec2979b]
[genoahost103:621006] [ 5] /lib64/libc.so.6(+0x388c6)[0x154e5ec388c6]
[genoahost103:621006] [ 6] /direct/sdcc+u/poare/Grid/build/examples/./Example_spec_kryschur[0x4cc206]
[genoahost103:621006] [ 7] /direct/sdcc+u/poare/Grid/build/examples/./Example_spec_kryschur[0x4cc2f1]
[genoahost103:621006] [ 8] /direct/sdcc+u/poare/Grid/build/examples/./Example_spec_kryschur[0x4c7e95]
[genoahost103:621006] [ 9] /direct/sdcc+u/poare/Grid/build/examples/./Example_spec_kryschur[0x4b5f4f]
[genoahost103:621006] [10] /direct/sdcc+u/poare/Grid/build/examples/./Example_spec_kryschur[0x41180d]
[genoahost103:621006] [11] /lib64/libc.so.6(+0x2a610)[0x154e5ec2a610]
[genoahost103:621006] [12] /lib64/libc.so.6(__libc_start_main+0x80)[0x154e5ec2a6c0]
[genoahost103:621006] [13] /direct/sdcc+u/poare/Grid/build/examples/./Example_spec_kryschur[0x4147f5]
[genoahost103:621006] *** End of error message ***

__|__|__|__|__|__|__|__|__|__|__|__|__|__|__
__|__|__|__|__|__|__|__|__|__|__|__|__|__|__
__|_ |  |  |  |  |  |  |  |  |  |  |  | _|__
__|_                                    _|__
__|_   GGGG    RRRR    III    DDDD      _|__
__|_  G        R   R    I     D   D     _|__
__|_  G        R   R    I     D    D    _|__
__|_  G  GG    RRRR     I     D    D    _|__
__|_  G   G    R  R     I     D   D     _|__
__|_   GGGG    R   R   III    DDDD      _|__
__|_                                    _|__
__|__|__|__|__|__|__|__|__|__|__|__|__|__|__
__|__|__|__|__|__|__|__|__|__|__|__|__|__|__
  |  |  |  |  |  |  |  |  |  |  |  |  |  |  


Copyright (C) 2015 Peter Boyle, Azusa Yamaguchi, Guido Cossu, Antonin Portelli and other authors

This program is free software; you can redistribute it and/or modify
it under the terms of the GNU General Public License as published by
the Free Software Foundation; either version 2 of the License, or
(at your option) any later version.

This program is distributed in the hope that it will be useful,
but WITHOUT ANY WARRANTY; without even the implied warranty of
MERCHANTABILITY or FITNESS FOR A PARTICULAR PURPOSE.  See the
GNU General Public License for more details.
Current Grid git commit hash=82d411ca7bb8ec4a5b5c3815df23674cfd291070: (HEAD -> develop, origin/develop, origin/HEAD) clean

Grid : Message : ================================================ 
Grid : Message : MPI is initialised and logging filters activated 
Grid : Message : ================================================ 
Grid : Message : This rank is running on host genoahost101.sdcc.bnl.local at local time 2026-02-27 13:57:34
Grid : Message : Requested 17179869184 byte stencil comms buffers 
Grid : Message : MemoryManager::Init() setting up
Grid : Message : MemoryManager::Init() cache pool for recent host   allocations: SMALL 8 LARGE 2 HUGE 0
Grid : Message : MemoryManager::Init() cache pool for recent device allocations: SMALL 16 LARGE 8 Huge 0
Grid : Message : MemoryManager::Init() cache pool for recent shared allocations: SMALL 16 LARGE 8 Huge 0
Grid : Message : MemoryManager::Init() Unified memory space
Sorting eigenvalues using EvalReSmall
Lattice size: [16 16 16 32]
Example_spec_kryschur: ../../Grid/communicator/SharedMemoryMPI.cc:434: static void Grid::GlobalSharedMemory::OptimalCommunicatorSharedMemory(const Coordinate&, ompi_communicator_t*&, Grid::Coordinate&): Assertion `WorldSize==Nprocessors' failed.
[genoahost101:1151463] *** Process received signal ***
[genoahost101:1151463] Signal: Aborted (6)
[genoahost101:1151463] Signal code:  (-6)
[genoahost101:1151463] [ 0] /lib64/libc.so.6(+0x3fc30)[0x153bece3fc30]
[genoahost101:1151463] [ 1] /lib64/libc.so.6(+0x8d02c)[0x153bece8d02c]
[genoahost101:1151463] [ 2] /lib64/libc.so.6(raise+0x16)[0x153bece3fb86]
[genoahost101:1151463] [ 3] /lib64/libc.so.6(abort+0xd3)[0x153bece29873]
[genoahost101:1151463] [ 4] /lib64/libc.so.6(+0x2979b)[0x153bece2979b]
[genoahost101:1151463] [ 5] /lib64/libc.so.6(+0x388c6)[0x153bece388c6]
[genoahost101:1151463] [ 6] /direct/sdcc+u/poare/Grid/build/examples/./Example_spec_kryschur[0x4cc206]
[genoahost101:1151463] [ 7] /direct/sdcc+u/poare/Grid/build/examples/./Example_spec_kryschur[0x4cc2f1]
[genoahost101:1151463] [ 8] /direct/sdcc+u/poare/Grid/build/examples/./Example_spec_kryschur[0x4c7e95]
[genoahost101:1151463] [ 9] /direct/sdcc+u/poare/Grid/build/examples/./Example_spec_kryschur[0x4b5f4f]
[genoahost101:1151463] [10] /direct/sdcc+u/poare/Grid/build/examples/./Example_spec_kryschur[0x41180d]
[genoahost101:1151463] [11] /lib64/libc.so.6(+0x2a610)[0x153bece2a610]
[genoahost101:1151463] [12] /lib64/libc.so.6(__libc_start_main+0x80)[0x153bece2a6c0]
[genoahost101:1151463] [13] /direct/sdcc+u/poare/Grid/build/examples/./Example_spec_kryschur[0x4147f5]
[genoahost101:1151463] *** End of error message ***

__|__|__|__|__|__|__|__|__|__|__|__|__|__|__
__|__|__|__|__|__|__|__|__|__|__|__|__|__|__
__|_ |  |  |  |  |  |  |  |  |  |  |  | _|__
__|_                                    _|__
__|_   GGGG    RRRR    III    DDDD      _|__
__|_  G        R   R    I     D   D     _|__
__|_  G        R   R    I     D    D    _|__
__|_  G  GG    RRRR     I     D    D    _|__
__|_  G   G    R  R     I     D   D     _|__
__|_   GGGG    R   R   III    DDDD      _|__
__|_                                    _|__
__|__|__|__|__|__|__|__|__|__|__|__|__|__|__
__|__|__|__|__|__|__|__|__|__|__|__|__|__|__
  |  |  |  |  |  |  |  |  |  |  |  |  |  |  


Copyright (C) 2015 Peter Boyle, Azusa Yamaguchi, Guido Cossu, Antonin Portelli and other authors

This program is free software; you can redistribute it and/or modify
it under the terms of the GNU General Public License as published by
the Free Software Foundation; either version 2 of the License, or
(at your option) any later version.

This program is distributed in the hope that it will be useful,
but WITHOUT ANY WARRANTY; without even the implied warranty of
MERCHANTABILITY or FITNESS FOR A PARTICULAR PURPOSE.  See the
GNU General Public License for more details.
Current Grid git commit hash=82d411ca7bb8ec4a5b5c3815df23674cfd291070: (HEAD -> develop, origin/develop, origin/HEAD) clean

Grid : Message : ================================================ 
Grid : Message : MPI is initialised and logging filters activated 
Grid : Message : ================================================ 
Grid : Message : This rank is running on host genoahost101.sdcc.bnl.local at local time 2026-02-27 13:57:36
Grid : Message : Requested 17179869184 byte stencil comms buffers 
Grid : Message : MemoryManager::Init() setting up
Grid : Message : MemoryManager::Init() cache pool for recent host   allocations: SMALL 8 LARGE 2 HUGE 0
Grid : Message : MemoryManager::Init() cache pool for recent device allocations: SMALL 16 LARGE 8 Huge 0
Grid : Message : MemoryManager::Init() cache pool for recent shared allocations: SMALL 16 LARGE 8 Huge 0
Grid : Message : MemoryManager::Init() Unified memory space
Sorting eigenvalues using EvalReSmall
Lattice size: [16 16 16 32]
Example_spec_kryschur: ../../Grid/communicator/SharedMemoryMPI.cc:434: static void Grid::GlobalSharedMemory::OptimalCommunicatorSharedMemory(const Coordinate&, ompi_communicator_t*&, Grid::Coordinate&): Assertion `WorldSize==Nprocessors' failed.
[genoahost101:1151460] *** Process received signal ***
[genoahost101:1151460] Signal: Aborted (6)
[genoahost101:1151460] Signal code:  (-6)
[genoahost101:1151460] [ 0] /lib64/libc.so.6(+0x3fc30)[0x14f0a863fc30]
[genoahost101:1151460] [ 1] /lib64/libc.so.6(+0x8d02c)[0x14f0a868d02c]
[genoahost101:1151460] [ 2] /lib64/libc.so.6(raise+0x16)[0x14f0a863fb86]
[genoahost101:1151460] [ 3] /lib64/libc.so.6(abort+0xd3)[0x14f0a8629873]
[genoahost101:1151460] [ 4] /lib64/libc.so.6(+0x2979b)[0x14f0a862979b]
[genoahost101:1151460] [ 5] /lib64/libc.so.6(+0x388c6)[0x14f0a86388c6]
[genoahost101:1151460] [ 6] /direct/sdcc+u/poare/Grid/build/examples/./Example_spec_kryschur[0x4cc206]
[genoahost101:1151460] [ 7] /direct/sdcc+u/poare/Grid/build/examples/./Example_spec_kryschur[0x4cc2f1]
[genoahost101:1151460] [ 8] /direct/sdcc+u/poare/Grid/build/examples/./Example_spec_kryschur[0x4c7e95]
[genoahost101:1151460] [ 9] /direct/sdcc+u/poare/Grid/build/examples/./Example_spec_kryschur[0x4b5f4f]
[genoahost101:1151460] [10] /direct/sdcc+u/poare/Grid/build/examples/./Example_spec_kryschur[0x41180d]
[genoahost101:1151460] [11] /lib64/libc.so.6(+0x2a610)[0x14f0a862a610]
[genoahost101:1151460] [12] /lib64/libc.so.6(__libc_start_main+0x80)[0x14f0a862a6c0]
[genoahost101:1151460] [13] /direct/sdcc+u/poare/Grid/build/examples/./Example_spec_kryschur[0x4147f5]
[genoahost101:1151460] *** End of error message ***

__|__|__|__|__|__|__|__|__|__|__|__|__|__|__
__|__|__|__|__|__|__|__|__|__|__|__|__|__|__
__|_ |  |  |  |  |  |  |  |  |  |  |  | _|__
__|_                                    _|__
__|_   GGGG    RRRR    III    DDDD      _|__
__|_  G        R   R    I     D   D     _|__
__|_  G        R   R    I     D    D    _|__
__|_  G  GG    RRRR     I     D    D    _|__
__|_  G   G    R  R     I     D   D     _|__
__|_   GGGG    R   R   III    DDDD      _|__
__|_                                    _|__
__|__|__|__|__|__|__|__|__|__|__|__|__|__|__
__|__|__|__|__|__|__|__|__|__|__|__|__|__|__
  |  |  |  |  |  |  |  |  |  |  |  |  |  |  


Copyright (C) 2015 Peter Boyle, Azusa Yamaguchi, Guido Cossu, Antonin Portelli and other authors

This program is free software; you can redistribute it and/or modify
it under the terms of the GNU General Public License as published by
the Free Software Foundation; either version 2 of the License, or
(at your option) any later version.

This program is distributed in the hope that it will be useful,
but WITHOUT ANY WARRANTY; without even the implied warranty of
MERCHANTABILITY or FITNESS FOR A PARTICULAR PURPOSE.  See the
GNU General Public License for more details.
Current Grid git commit hash=82d411ca7bb8ec4a5b5c3815df23674cfd291070: (HEAD -> develop, origin/develop, origin/HEAD) clean

Grid : Message : ================================================ 
Grid : Message : MPI is initialised and logging filters activated 
Grid : Message : ================================================ 
Grid : Message : This rank is running on host genoahost101.sdcc.bnl.local at local time 2026-02-27 13:57:36
Grid : Message : Requested 17179869184 byte stencil comms buffers 
Grid : Message : MemoryManager::Init() setting up
Grid : Message : MemoryManager::Init() cache pool for recent host   allocations: SMALL 8 LARGE 2 HUGE 0
Grid : Message : MemoryManager::Init() cache pool for recent device allocations: SMALL 16 LARGE 8 Huge 0
Grid : Message : MemoryManager::Init() cache pool for recent shared allocations: SMALL 16 LARGE 8 Huge 0
Grid : Message : MemoryManager::Init() Unified memory space
Sorting eigenvalues using EvalReSmall
Lattice size: [16 16 16 32]
Example_spec_kryschur: ../../Grid/communicator/SharedMemoryMPI.cc:434: static void Grid::GlobalSharedMemory::OptimalCommunicatorSharedMemory(const Coordinate&, ompi_communicator_t*&, Grid::Coordinate&): Assertion `WorldSize==Nprocessors' failed.
[genoahost101:1151455] *** Process received signal ***
[genoahost101:1151455] Signal: Aborted (6)
[genoahost101:1151455] Signal code:  (-6)
[genoahost101:1151455] [ 0] /lib64/libc.so.6(+0x3fc30)[0x14b67803fc30]
[genoahost101:1151455] [ 1] /lib64/libc.so.6(+0x8d02c)[0x14b67808d02c]
[genoahost101:1151455] [ 2] /lib64/libc.so.6(raise+0x16)[0x14b67803fb86]
[genoahost101:1151455] [ 3] /lib64/libc.so.6(abort+0xd3)[0x14b678029873]
[genoahost101:1151455] [ 4] /lib64/libc.so.6(+0x2979b)[0x14b67802979b]
[genoahost101:1151455] [ 5] /lib64/libc.so.6(+0x388c6)[0x14b6780388c6]
[genoahost101:1151455] [ 6] /direct/sdcc+u/poare/Grid/build/examples/./Example_spec_kryschur[0x4cc206]
[genoahost101:1151455] [ 7] /direct/sdcc+u/poare/Grid/build/examples/./Example_spec_kryschur[0x4cc2f1]
[genoahost101:1151455] [ 8] /direct/sdcc+u/poare/Grid/build/examples/./Example_spec_kryschur[0x4c7e95]
[genoahost101:1151455] [ 9] /direct/sdcc+u/poare/Grid/build/examples/./Example_spec_kryschur[0x4b5f4f]
[genoahost101:1151455] [10] /direct/sdcc+u/poare/Grid/build/examples/./Example_spec_kryschur[0x41180d]
[genoahost101:1151455] [11] /lib64/libc.so.6(+0x2a610)[0x14b67802a610]
[genoahost101:1151455] [12] /lib64/libc.so.6(__libc_start_main+0x80)[0x14b67802a6c0]
[genoahost101:1151455] [13] /direct/sdcc+u/poare/Grid/build/examples/./Example_spec_kryschur[0x4147f5]
[genoahost101:1151455] *** End of error message ***

__|__|__|__|__|__|__|__|__|__|__|__|__|__|__
__|__|__|__|__|__|__|__|__|__|__|__|__|__|__
__|_ |  |  |  |  |  |  |  |  |  |  |  | _|__
__|_                                    _|__
__|_   GGGG    RRRR    III    DDDD      _|__
__|_  G        R   R    I     D   D     _|__
__|_  G        R   R    I     D    D    _|__
__|_  G  GG    RRRR     I     D    D    _|__
__|_  G   G    R  R     I     D   D     _|__
__|_   GGGG    R   R   III    DDDD      _|__
__|_                                    _|__
__|__|__|__|__|__|__|__|__|__|__|__|__|__|__
__|__|__|__|__|__|__|__|__|__|__|__|__|__|__
  |  |  |  |  |  |  |  |  |  |  |  |  |  |  


Copyright (C) 2015 Peter Boyle, Azusa Yamaguchi, Guido Cossu, Antonin Portelli and other authors

This program is free software; you can redistribute it and/or modify
it under the terms of the GNU General Public License as published by
the Free Software Foundation; either version 2 of the License, or
(at your option) any later version.

This program is distributed in the hope that it will be useful,
but WITHOUT ANY WARRANTY; without even the implied warranty of
MERCHANTABILITY or FITNESS FOR A PARTICULAR PURPOSE.  See the
GNU General Public License for more details.
Current Grid git commit hash=82d411ca7bb8ec4a5b5c3815df23674cfd291070: (HEAD -> develop, origin/develop, origin/HEAD) clean

Grid : Message : ================================================ 
Grid : Message : MPI is initialised and logging filters activated 
Grid : Message : ================================================ 
Grid : Message : This rank is running on host genoahost101.sdcc.bnl.local at local time 2026-02-27 13:57:36
Grid : Message : Requested 17179869184 byte stencil comms buffers 
Grid : Message : MemoryManager::Init() setting up
Grid : Message : MemoryManager::Init() cache pool for recent host   allocations: SMALL 8 LARGE 2 HUGE 0
Grid : Message : MemoryManager::Init() cache pool for recent device allocations: SMALL 16 LARGE 8 Huge 0
Grid : Message : MemoryManager::Init() cache pool for recent shared allocations: SMALL 16 LARGE 8 Huge 0
Grid : Message : MemoryManager::Init() Unified memory space
Sorting eigenvalues using EvalReSmall
Lattice size: [16 16 16 32]
Example_spec_kryschur: ../../Grid/communicator/SharedMemoryMPI.cc:434: static void Grid::GlobalSharedMemory::OptimalCommunicatorSharedMemory(const Coordinate&, ompi_communicator_t*&, Grid::Coordinate&): Assertion `WorldSize==Nprocessors' failed.
[genoahost101:1151462] *** Process received signal ***
[genoahost101:1151462] Signal: Aborted (6)
[genoahost101:1151462] Signal code:  (-6)
[genoahost101:1151462] [ 0] /lib64/libc.so.6(+0x3fc30)[0x1490b763fc30]
[genoahost101:1151462] [ 1] /lib64/libc.so.6(+0x8d02c)[0x1490b768d02c]
[genoahost101:1151462] [ 2] /lib64/libc.so.6(raise+0x16)[0x1490b763fb86]
[genoahost101:1151462] [ 3] /lib64/libc.so.6(abort+0xd3)[0x1490b7629873]
[genoahost101:1151462] [ 4] /lib64/libc.so.6(+0x2979b)[0x1490b762979b]
[genoahost101:1151462] [ 5] /lib64/libc.so.6(+0x388c6)[0x1490b76388c6]
[genoahost101:1151462] [ 6] /direct/sdcc+u/poare/Grid/build/examples/./Example_spec_kryschur[0x4cc206]
[genoahost101:1151462] [ 7] /direct/sdcc+u/poare/Grid/build/examples/./Example_spec_kryschur[0x4cc2f1]
[genoahost101:1151462] [ 8] /direct/sdcc+u/poare/Grid/build/examples/./Example_spec_kryschur[0x4c7e95]
[genoahost101:1151462] [ 9] /direct/sdcc+u/poare/Grid/build/examples/./Example_spec_kryschur[0x4b5f4f]
[genoahost101:1151462] [10] /direct/sdcc+u/poare/Grid/build/examples/./Example_spec_kryschur[0x41180d]
[genoahost101:1151462] [11] /lib64/libc.so.6(+0x2a610)[0x1490b762a610]
[genoahost101:1151462] [12] /lib64/libc.so.6(__libc_start_main+0x80)[0x1490b762a6c0]
[genoahost101:1151462] [13] /direct/sdcc+u/poare/Grid/build/examples/./Example_spec_kryschur[0x4147f5]
[genoahost101:1151462] *** End of error message ***

__|__|__|__|__|__|__|__|__|__|__|__|__|__|__
__|__|__|__|__|__|__|__|__|__|__|__|__|__|__
__|_ |  |  |  |  |  |  |  |  |  |  |  | _|__
__|_                                    _|__
__|_   GGGG    RRRR    III    DDDD      _|__
__|_  G        R   R    I     D   D     _|__
__|_  G        R   R    I     D    D    _|__
__|_  G  GG    RRRR     I     D    D    _|__
__|_  G   G    R  R     I     D   D     _|__
__|_   GGGG    R   R   III    DDDD      _|__
__|_                                    _|__
__|__|__|__|__|__|__|__|__|__|__|__|__|__|__
__|__|__|__|__|__|__|__|__|__|__|__|__|__|__
  |  |  |  |  |  |  |  |  |  |  |  |  |  |  


Copyright (C) 2015 Peter Boyle, Azusa Yamaguchi, Guido Cossu, Antonin Portelli and other authors

This program is free software; you can redistribute it and/or modify
it under the terms of the GNU General Public License as published by
the Free Software Foundation; either version 2 of the License, or
(at your option) any later version.

This program is distributed in the hope that it will be useful,
but WITHOUT ANY WARRANTY; without even the implied warranty of
MERCHANTABILITY or FITNESS FOR A PARTICULAR PURPOSE.  See the
GNU General Public License for more details.
Current Grid git commit hash=82d411ca7bb8ec4a5b5c3815df23674cfd291070: (HEAD -> develop, origin/develop, origin/HEAD) clean

Grid : Message : ================================================ 
Grid : Message : MPI is initialised and logging filters activated 
Grid : Message : ================================================ 
Grid : Message : This rank is running on host genoahost101.sdcc.bnl.local at local time 2026-02-27 13:57:36
Grid : Message : Requested 17179869184 byte stencil comms buffers 
Grid : Message : MemoryManager::Init() setting up
Grid : Message : MemoryManager::Init() cache pool for recent host   allocations: SMALL 8 LARGE 2 HUGE 0
Grid : Message : MemoryManager::Init() cache pool for recent device allocations: SMALL 16 LARGE 8 Huge 0
Grid : Message : MemoryManager::Init() cache pool for recent shared allocations: SMALL 16 LARGE 8 Huge 0
Grid : Message : MemoryManager::Init() Unified memory space
Sorting eigenvalues using EvalReSmall
Lattice size: [16 16 16 32]
Example_spec_kryschur: ../../Grid/communicator/SharedMemoryMPI.cc:434: static void Grid::GlobalSharedMemory::OptimalCommunicatorSharedMemory(const Coordinate&, ompi_communicator_t*&, Grid::Coordinate&): Assertion `WorldSize==Nprocessors' failed.
[genoahost101:1151464] *** Process received signal ***
[genoahost101:1151464] Signal: Aborted (6)
[genoahost101:1151464] Signal code:  (-6)
[genoahost101:1151464] [ 0] /lib64/libc.so.6(+0x3fc30)[0x14900e63fc30]
[genoahost101:1151464] [ 1] /lib64/libc.so.6(+0x8d02c)[0x14900e68d02c]
[genoahost101:1151464] [ 2] /lib64/libc.so.6(raise+0x16)[0x14900e63fb86]
[genoahost101:1151464] [ 3] /lib64/libc.so.6(abort+0xd3)[0x14900e629873]
[genoahost101:1151464] [ 4] /lib64/libc.so.6(+0x2979b)[0x14900e62979b]
[genoahost101:1151464] [ 5] /lib64/libc.so.6(+0x388c6)[0x14900e6388c6]
[genoahost101:1151464] [ 6] /direct/sdcc+u/poare/Grid/build/examples/./Example_spec_kryschur[0x4cc206]
[genoahost101:1151464] [ 7] /direct/sdcc+u/poare/Grid/build/examples/./Example_spec_kryschur[0x4cc2f1]
[genoahost101:1151464] [ 8] /direct/sdcc+u/poare/Grid/build/examples/./Example_spec_kryschur[0x4c7e95]
[genoahost101:1151464] [ 9] /direct/sdcc+u/poare/Grid/build/examples/./Example_spec_kryschur[0x4b5f4f]
[genoahost101:1151464] [10] /direct/sdcc+u/poare/Grid/build/examples/./Example_spec_kryschur[0x41180d]
[genoahost101:1151464] [11] /lib64/libc.so.6(+0x2a610)[0x14900e62a610]
[genoahost101:1151464] [12] /lib64/libc.so.6(__libc_start_main+0x80)[0x14900e62a6c0]
[genoahost101:1151464] [13] /direct/sdcc+u/poare/Grid/build/examples/./Example_spec_kryschur[0x4147f5]
[genoahost101:1151464] *** End of error message ***

__|__|__|__|__|__|__|__|__|__|__|__|__|__|__
__|__|__|__|__|__|__|__|__|__|__|__|__|__|__
__|_ |  |  |  |  |  |  |  |  |  |  |  | _|__
__|_                                    _|__
__|_   GGGG    RRRR    III    DDDD      _|__
__|_  G        R   R    I     D   D     _|__
__|_  G        R   R    I     D    D    _|__
__|_  G  GG    RRRR     I     D    D    _|__
__|_  G   G    R  R     I     D   D     _|__
__|_   GGGG    R   R   III    DDDD      _|__
__|_                                    _|__
__|__|__|__|__|__|__|__|__|__|__|__|__|__|__
__|__|__|__|__|__|__|__|__|__|__|__|__|__|__
  |  |  |  |  |  |  |  |  |  |  |  |  |  |  


Copyright (C) 2015 Peter Boyle, Azusa Yamaguchi, Guido Cossu, Antonin Portelli and other authors

This program is free software; you can redistribute it and/or modify
it under the terms of the GNU General Public License as published by
the Free Software Foundation; either version 2 of the License, or
(at your option) any later version.

This program is distributed in the hope that it will be useful,
but WITHOUT ANY WARRANTY; without even the implied warranty of
MERCHANTABILITY or FITNESS FOR A PARTICULAR PURPOSE.  See the
GNU General Public License for more details.
Current Grid git commit hash=82d411ca7bb8ec4a5b5c3815df23674cfd291070: (HEAD -> develop, origin/develop, origin/HEAD) clean

Grid : Message : ================================================ 
Grid : Message : MPI is initialised and logging filters activated 
Grid : Message : ================================================ 
Grid : Message : This rank is running on host genoahost101.sdcc.bnl.local at local time 2026-02-27 13:57:36
Grid : Message : Requested 17179869184 byte stencil comms buffers 
Grid : Message : MemoryManager::Init() setting up
Grid : Message : MemoryManager::Init() cache pool for recent host   allocations: SMALL 8 LARGE 2 HUGE 0
Grid : Message : MemoryManager::Init() cache pool for recent device allocations: SMALL 16 LARGE 8 Huge 0
Grid : Message : MemoryManager::Init() cache pool for recent shared allocations: SMALL 16 LARGE 8 Huge 0
Grid : Message : MemoryManager::Init() Unified memory space
Sorting eigenvalues using EvalReSmall
Lattice size: [16 16 16 32]
Example_spec_kryschur: ../../Grid/communicator/SharedMemoryMPI.cc:434: static void Grid::GlobalSharedMemory::OptimalCommunicatorSharedMemory(const Coordinate&, ompi_communicator_t*&, Grid::Coordinate&): Assertion `WorldSize==Nprocessors' failed.
[genoahost101:1151458] *** Process received signal ***
[genoahost101:1151458] Signal: Aborted (6)
[genoahost101:1151458] Signal code:  (-6)
[genoahost101:1151458] [ 0] /lib64/libc.so.6(+0x3fc30)[0x14917be3fc30]
[genoahost101:1151458] [ 1] /lib64/libc.so.6(+0x8d02c)[0x14917be8d02c]
[genoahost101:1151458] [ 2] /lib64/libc.so.6(raise+0x16)[0x14917be3fb86]
[genoahost101:1151458] [ 3] /lib64/libc.so.6(abort+0xd3)[0x14917be29873]
[genoahost101:1151458] [ 4] /lib64/libc.so.6(+0x2979b)[0x14917be2979b]
[genoahost101:1151458] [ 5] /lib64/libc.so.6(+0x388c6)[0x14917be388c6]
[genoahost101:1151458] [ 6] /direct/sdcc+u/poare/Grid/build/examples/./Example_spec_kryschur[0x4cc206]
[genoahost101:1151458] [ 7] /direct/sdcc+u/poare/Grid/build/examples/./Example_spec_kryschur[0x4cc2f1]
[genoahost101:1151458] [ 8] /direct/sdcc+u/poare/Grid/build/examples/./Example_spec_kryschur[0x4c7e95]
[genoahost101:1151458] [ 9] /direct/sdcc+u/poare/Grid/build/examples/./Example_spec_kryschur[0x4b5f4f]
[genoahost101:1151458] [10] /direct/sdcc+u/poare/Grid/build/examples/./Example_spec_kryschur[0x41180d]
[genoahost101:1151458] [11] /lib64/libc.so.6(+0x2a610)[0x14917be2a610]
[genoahost101:1151458] [12] /lib64/libc.so.6(__libc_start_main+0x80)[0x14917be2a6c0]
[genoahost101:1151458] [13] /direct/sdcc+u/poare/Grid/build/examples/./Example_spec_kryschur[0x4147f5]
[genoahost101:1151458] *** End of error message ***

__|__|__|__|__|__|__|__|__|__|__|__|__|__|__
__|__|__|__|__|__|__|__|__|__|__|__|__|__|__
__|_ |  |  |  |  |  |  |  |  |  |  |  | _|__
__|_                                    _|__
__|_   GGGG    RRRR    III    DDDD      _|__
__|_  G        R   R    I     D   D     _|__
__|_  G        R   R    I     D    D    _|__
__|_  G  GG    RRRR     I     D    D    _|__
__|_  G   G    R  R     I     D   D     _|__
__|_   GGGG    R   R   III    DDDD      _|__
__|_                                    _|__
__|__|__|__|__|__|__|__|__|__|__|__|__|__|__
__|__|__|__|__|__|__|__|__|__|__|__|__|__|__
  |  |  |  |  |  |  |  |  |  |  |  |  |  |  


Copyright (C) 2015 Peter Boyle, Azusa Yamaguchi, Guido Cossu, Antonin Portelli and other authors

This program is free software; you can redistribute it and/or modify
it under the terms of the GNU General Public License as published by
the Free Software Foundation; either version 2 of the License, or
(at your option) any later version.

This program is distributed in the hope that it will be useful,
but WITHOUT ANY WARRANTY; without even the implied warranty of
MERCHANTABILITY or FITNESS FOR A PARTICULAR PURPOSE.  See the
GNU General Public License for more details.
Current Grid git commit hash=82d411ca7bb8ec4a5b5c3815df23674cfd291070: (HEAD -> develop, origin/develop, origin/HEAD) clean

Grid : Message : ================================================ 
Grid : Message : MPI is initialised and logging filters activated 
Grid : Message : ================================================ 
Grid : Message : This rank is running on host genoahost099.sdcc.bnl.local at local time 2026-02-27 13:57:41
Grid : Message : Requested 17179869184 byte stencil comms buffers 
Grid : Message : MemoryManager::Init() setting up
Grid : Message : MemoryManager::Init() cache pool for recent host   allocations: SMALL 8 LARGE 2 HUGE 0
Grid : Message : MemoryManager::Init() cache pool for recent device allocations: SMALL 16 LARGE 8 Huge 0
Grid : Message : MemoryManager::Init() cache pool for recent shared allocations: SMALL 16 LARGE 8 Huge 0
Grid : Message : MemoryManager::Init() Unified memory space
Sorting eigenvalues using EvalReSmall
Lattice size: [16 16 16 32]
Example_spec_kryschur: ../../Grid/communicator/SharedMemoryMPI.cc:434: static void Grid::GlobalSharedMemory::OptimalCommunicatorSharedMemory(const Coordinate&, ompi_communicator_t*&, Grid::Coordinate&): Assertion `WorldSize==Nprocessors' failed.
[genoahost099:1615061] *** Process received signal ***
[genoahost099:1615061] Signal: Aborted (6)
[genoahost099:1615061] Signal code:  (-6)
[genoahost099:1615061] [ 0] /lib64/libc.so.6(+0x3fc30)[0x149c5ca3fc30]
[genoahost099:1615061] [ 1] /lib64/libc.so.6(+0x8d02c)[0x149c5ca8d02c]
[genoahost099:1615061] [ 2] /lib64/libc.so.6(raise+0x16)[0x149c5ca3fb86]
[genoahost099:1615061] [ 3] /lib64/libc.so.6(abort+0xd3)[0x149c5ca29873]
[genoahost099:1615061] [ 4] /lib64/libc.so.6(+0x2979b)[0x149c5ca2979b]
[genoahost099:1615061] [ 5] /lib64/libc.so.6(+0x388c6)[0x149c5ca388c6]
[genoahost099:1615061] [ 6] /direct/sdcc+u/poare/Grid/build/examples/./Example_spec_kryschur[0x4cc206]
[genoahost099:1615061] [ 7] /direct/sdcc+u/poare/Grid/build/examples/./Example_spec_kryschur[0x4cc2f1]
[genoahost099:1615061] [ 8] /direct/sdcc+u/poare/Grid/build/examples/./Example_spec_kryschur[0x4c7e95]
[genoahost099:1615061] [ 9] /direct/sdcc+u/poare/Grid/build/examples/./Example_spec_kryschur[0x4b5f4f]
[genoahost099:1615061] [10] /direct/sdcc+u/poare/Grid/build/examples/./Example_spec_kryschur[0x41180d]
[genoahost099:1615061] [11] /lib64/libc.so.6(+0x2a610)[0x149c5ca2a610]
[genoahost099:1615061] [12] /lib64/libc.so.6(__libc_start_main+0x80)[0x149c5ca2a6c0]
[genoahost099:1615061] [13] /direct/sdcc+u/poare/Grid/build/examples/./Example_spec_kryschur[0x4147f5]
[genoahost099:1615061] *** End of error message ***

__|__|__|__|__|__|__|__|__|__|__|__|__|__|__
__|__|__|__|__|__|__|__|__|__|__|__|__|__|__
__|_ |  |  |  |  |  |  |  |  |  |  |  | _|__
__|_                                    _|__
__|_   GGGG    RRRR    III    DDDD      _|__
__|_  G        R   R    I     D   D     _|__
__|_  G        R   R    I     D    D    _|__
__|_  G  GG    RRRR     I     D    D    _|__
__|_  G   G    R  R     I     D   D     _|__
__|_   GGGG    R   R   III    DDDD      _|__
__|_                                    _|__
__|__|__|__|__|__|__|__|__|__|__|__|__|__|__
__|__|__|__|__|__|__|__|__|__|__|__|__|__|__
  |  |  |  |  |  |  |  |  |  |  |  |  |  |  


Copyright (C) 2015 Peter Boyle, Azusa Yamaguchi, Guido Cossu, Antonin Portelli and other authors

This program is free software; you can redistribute it and/or modify
it under the terms of the GNU General Public License as published by
the Free Software Foundation; either version 2 of the License, or
(at your option) any later version.

This program is distributed in the hope that it will be useful,
but WITHOUT ANY WARRANTY; without even the implied warranty of
MERCHANTABILITY or FITNESS FOR A PARTICULAR PURPOSE.  See the
GNU General Public License for more details.
Current Grid git commit hash=82d411ca7bb8ec4a5b5c3815df23674cfd291070: (HEAD -> develop, origin/develop, origin/HEAD) clean

Grid : Message : ================================================ 
Grid : Message : MPI is initialised and logging filters activated 
Grid : Message : ================================================ 
Grid : Message : This rank is running on host genoahost097.sdcc.bnl.local at local time 2026-02-27 13:57:43
Grid : Message : Requested 17179869184 byte stencil comms buffers 
Grid : Message : MemoryManager::Init() setting up
Grid : Message : MemoryManager::Init() cache pool for recent host   allocations: SMALL 8 LARGE 2 HUGE 0
Grid : Message : MemoryManager::Init() cache pool for recent device allocations: SMALL 16 LARGE 8 Huge 0
Grid : Message : MemoryManager::Init() cache pool for recent shared allocations: SMALL 16 LARGE 8 Huge 0
Grid : Message : MemoryManager::Init() Unified memory space
Sorting eigenvalues using EvalReSmall
Lattice size: [16 16 16 32]
Example_spec_kryschur: ../../Grid/communicator/SharedMemoryMPI.cc:434: static void Grid::GlobalSharedMemory::OptimalCommunicatorSharedMemory(const Coordinate&, ompi_communicator_t*&, Grid::Coordinate&): Assertion `WorldSize==Nprocessors' failed.
[genoahost097:1736402] *** Process received signal ***
[genoahost097:1736402] Signal: Aborted (6)
[genoahost097:1736402] Signal code:  (-6)
[genoahost097:1736402] [ 0] /lib64/libc.so.6(+0x3fc30)[0x14b91b03fc30]
[genoahost097:1736402] [ 1] /lib64/libc.so.6(+0x8d02c)[0x14b91b08d02c]
[genoahost097:1736402] [ 2] /lib64/libc.so.6(raise+0x16)[0x14b91b03fb86]
[genoahost097:1736402] [ 3] /lib64/libc.so.6(abort+0xd3)[0x14b91b029873]
[genoahost097:1736402] [ 4] /lib64/libc.so.6(+0x2979b)[0x14b91b02979b]
[genoahost097:1736402] [ 5] /lib64/libc.so.6(+0x388c6)[0x14b91b0388c6]
[genoahost097:1736402] [ 6] /direct/sdcc+u/poare/Grid/build/examples/./Example_spec_kryschur[0x4cc206]
[genoahost097:1736402] [ 7] /direct/sdcc+u/poare/Grid/build/examples/./Example_spec_kryschur[0x4cc2f1]
[genoahost097:1736402] [ 8] /direct/sdcc+u/poare/Grid/build/examples/./Example_spec_kryschur[0x4c7e95]
[genoahost097:1736402] [ 9] /direct/sdcc+u/poare/Grid/build/examples/./Example_spec_kryschur[0x4b5f4f]
[genoahost097:1736402] [10] /direct/sdcc+u/poare/Grid/build/examples/./Example_spec_kryschur[0x41180d]
[genoahost097:1736402] [11] /lib64/libc.so.6(+0x2a610)[0x14b91b02a610]
[genoahost097:1736402] [12] /lib64/libc.so.6(__libc_start_main+0x80)[0x14b91b02a6c0]
[genoahost097:1736402] [13] /direct/sdcc+u/poare/Grid/build/examples/./Example_spec_kryschur[0x4147f5]
[genoahost097:1736402] *** End of error message ***

__|__|__|__|__|__|__|__|__|__|__|__|__|__|__
__|__|__|__|__|__|__|__|__|__|__|__|__|__|__
__|_ |  |  |  |  |  |  |  |  |  |  |  | _|__
__|_                                    _|__
__|_   GGGG    RRRR    III    DDDD      _|__
__|_  G        R   R    I     D   D     _|__
__|_  G        R   R    I     D    D    _|__
__|_  G  GG    RRRR     I     D    D    _|__
__|_  G   G    R  R     I     D   D     _|__
__|_   GGGG    R   R   III    DDDD      _|__
__|_                                    _|__
__|__|__|__|__|__|__|__|__|__|__|__|__|__|__
__|__|__|__|__|__|__|__|__|__|__|__|__|__|__
  |  |  |  |  |  |  |  |  |  |  |  |  |  |  


Copyright (C) 2015 Peter Boyle, Azusa Yamaguchi, Guido Cossu, Antonin Portelli and other authors

This program is free software; you can redistribute it and/or modify
it under the terms of the GNU General Public License as published by
the Free Software Foundation; either version 2 of the License, or
(at your option) any later version.

This program is distributed in the hope that it will be useful,
but WITHOUT ANY WARRANTY; without even the implied warranty of
MERCHANTABILITY or FITNESS FOR A PARTICULAR PURPOSE.  See the
GNU General Public License for more details.
Current Grid git commit hash=82d411ca7bb8ec4a5b5c3815df23674cfd291070: (HEAD -> develop, origin/develop, origin/HEAD) clean

Grid : Message : ================================================ 
Grid : Message : MPI is initialised and logging filters activated 
Grid : Message : ================================================ 
Grid : Message : This rank is running on host genoahost097.sdcc.bnl.local at local time 2026-02-27 13:57:43
Grid : Message : Requested 17179869184 byte stencil comms buffers 
Grid : Message : MemoryManager::Init() setting up
Grid : Message : MemoryManager::Init() cache pool for recent host   allocations: SMALL 8 LARGE 2 HUGE 0
Grid : Message : MemoryManager::Init() cache pool for recent device allocations: SMALL 16 LARGE 8 Huge 0
Grid : Message : MemoryManager::Init() cache pool for recent shared allocations: SMALL 16 LARGE 8 Huge 0
Grid : Message : MemoryManager::Init() Unified memory space
Sorting eigenvalues using EvalReSmall
Lattice size: [16 16 16 32]
Example_spec_kryschur: ../../Grid/communicator/SharedMemoryMPI.cc:434: static void Grid::GlobalSharedMemory::OptimalCommunicatorSharedMemory(const Coordinate&, ompi_communicator_t*&, Grid::Coordinate&): Assertion `WorldSize==Nprocessors' failed.
[genoahost097:1736408] *** Process received signal ***
[genoahost097:1736408] Signal: Aborted (6)
[genoahost097:1736408] Signal code:  (-6)
[genoahost097:1736408] [ 0] /lib64/libc.so.6(+0x3fc30)[0x149ff643fc30]
[genoahost097:1736408] [ 1] /lib64/libc.so.6(+0x8d02c)[0x149ff648d02c]
[genoahost097:1736408] [ 2] /lib64/libc.so.6(raise+0x16)[0x149ff643fb86]
[genoahost097:1736408] [ 3] /lib64/libc.so.6(abort+0xd3)[0x149ff6429873]
[genoahost097:1736408] [ 4] /lib64/libc.so.6(+0x2979b)[0x149ff642979b]
[genoahost097:1736408] [ 5] /lib64/libc.so.6(+0x388c6)[0x149ff64388c6]
[genoahost097:1736408] [ 6] /direct/sdcc+u/poare/Grid/build/examples/./Example_spec_kryschur[0x4cc206]
[genoahost097:1736408] [ 7] /direct/sdcc+u/poare/Grid/build/examples/./Example_spec_kryschur[0x4cc2f1]
[genoahost097:1736408] [ 8] /direct/sdcc+u/poare/Grid/build/examples/./Example_spec_kryschur[0x4c7e95]
[genoahost097:1736408] [ 9] /direct/sdcc+u/poare/Grid/build/examples/./Example_spec_kryschur[0x4b5f4f]
[genoahost097:1736408] [10] /direct/sdcc+u/poare/Grid/build/examples/./Example_spec_kryschur[0x41180d]
[genoahost097:1736408] [11] /lib64/libc.so.6(+0x2a610)[0x149ff642a610]
[genoahost097:1736408] [12] /lib64/libc.so.6(__libc_start_main+0x80)[0x149ff642a6c0]
[genoahost097:1736408] [13] /direct/sdcc+u/poare/Grid/build/examples/./Example_spec_kryschur[0x4147f5]
[genoahost097:1736408] *** End of error message ***

__|__|__|__|__|__|__|__|__|__|__|__|__|__|__
__|__|__|__|__|__|__|__|__|__|__|__|__|__|__
__|_ |  |  |  |  |  |  |  |  |  |  |  | _|__
__|_                                    _|__
__|_   GGGG    RRRR    III    DDDD      _|__
__|_  G        R   R    I     D   D     _|__
__|_  G        R   R    I     D    D    _|__
__|_  G  GG    RRRR     I     D    D    _|__
__|_  G   G    R  R     I     D   D     _|__
__|_   GGGG    R   R   III    DDDD      _|__
__|_                                    _|__
__|__|__|__|__|__|__|__|__|__|__|__|__|__|__
__|__|__|__|__|__|__|__|__|__|__|__|__|__|__
  |  |  |  |  |  |  |  |  |  |  |  |  |  |  


Copyright (C) 2015 Peter Boyle, Azusa Yamaguchi, Guido Cossu, Antonin Portelli and other authors

This program is free software; you can redistribute it and/or modify
it under the terms of the GNU General Public License as published by
the Free Software Foundation; either version 2 of the License, or
(at your option) any later version.

This program is distributed in the hope that it will be useful,
but WITHOUT ANY WARRANTY; without even the implied warranty of
MERCHANTABILITY or FITNESS FOR A PARTICULAR PURPOSE.  See the
GNU General Public License for more details.
Current Grid git commit hash=82d411ca7bb8ec4a5b5c3815df23674cfd291070: (HEAD -> develop, origin/develop, origin/HEAD) clean

Grid : Message : ================================================ 
Grid : Message : MPI is initialised and logging filters activated 
Grid : Message : ================================================ 
Grid : Message : This rank is running on host genoahost097.sdcc.bnl.local at local time 2026-02-27 13:57:44
Grid : Message : Requested 17179869184 byte stencil comms buffers 
Grid : Message : MemoryManager::Init() setting up
Grid : Message : MemoryManager::Init() cache pool for recent host   allocations: SMALL 8 LARGE 2 HUGE 0
Grid : Message : MemoryManager::Init() cache pool for recent device allocations: SMALL 16 LARGE 8 Huge 0
Grid : Message : MemoryManager::Init() cache pool for recent shared allocations: SMALL 16 LARGE 8 Huge 0
Grid : Message : MemoryManager::Init() Unified memory space
Sorting eigenvalues using EvalReSmall
Lattice size: [16 16 16 32]
Example_spec_kryschur: ../../Grid/communicator/SharedMemoryMPI.cc:434: static void Grid::GlobalSharedMemory::OptimalCommunicatorSharedMemory(const Coordinate&, ompi_communicator_t*&, Grid::Coordinate&): Assertion `WorldSize==Nprocessors' failed.
[genoahost097:1736403] *** Process received signal ***
[genoahost097:1736403] Signal: Aborted (6)
[genoahost097:1736403] Signal code:  (-6)
[genoahost097:1736403] [ 0] /lib64/libc.so.6(+0x3fc30)[0x150a5f83fc30]
[genoahost097:1736403] [ 1] /lib64/libc.so.6(+0x8d02c)[0x150a5f88d02c]
[genoahost097:1736403] [ 2] /lib64/libc.so.6(raise+0x16)[0x150a5f83fb86]
[genoahost097:1736403] [ 3] /lib64/libc.so.6(abort+0xd3)[0x150a5f829873]
[genoahost097:1736403] [ 4] /lib64/libc.so.6(+0x2979b)[0x150a5f82979b]
[genoahost097:1736403] [ 5] /lib64/libc.so.6(+0x388c6)[0x150a5f8388c6]
[genoahost097:1736403] [ 6] /direct/sdcc+u/poare/Grid/build/examples/./Example_spec_kryschur[0x4cc206]
[genoahost097:1736403] [ 7] /direct/sdcc+u/poare/Grid/build/examples/./Example_spec_kryschur[0x4cc2f1]
[genoahost097:1736403] [ 8] /direct/sdcc+u/poare/Grid/build/examples/./Example_spec_kryschur[0x4c7e95]
[genoahost097:1736403] [ 9] /direct/sdcc+u/poare/Grid/build/examples/./Example_spec_kryschur[0x4b5f4f]
[genoahost097:1736403] [10] /direct/sdcc+u/poare/Grid/build/examples/./Example_spec_kryschur[0x41180d]
[genoahost097:1736403] [11] /lib64/libc.so.6(+0x2a610)[0x150a5f82a610]
[genoahost097:1736403] [12] /lib64/libc.so.6(__libc_start_main+0x80)[0x150a5f82a6c0]
[genoahost097:1736403] [13] /direct/sdcc+u/poare/Grid/build/examples/./Example_spec_kryschur[0x4147f5]
[genoahost097:1736403] *** End of error message ***

__|__|__|__|__|__|__|__|__|__|__|__|__|__|__
__|__|__|__|__|__|__|__|__|__|__|__|__|__|__
__|_ |  |  |  |  |  |  |  |  |  |  |  | _|__
__|_                                    _|__
__|_   GGGG    RRRR    III    DDDD      _|__
__|_  G        R   R    I     D   D     _|__
__|_  G        R   R    I     D    D    _|__
__|_  G  GG    RRRR     I     D    D    _|__
__|_  G   G    R  R     I     D   D     _|__
__|_   GGGG    R   R   III    DDDD      _|__
__|_                                    _|__
__|__|__|__|__|__|__|__|__|__|__|__|__|__|__
__|__|__|__|__|__|__|__|__|__|__|__|__|__|__
  |  |  |  |  |  |  |  |  |  |  |  |  |  |  


Copyright (C) 2015 Peter Boyle, Azusa Yamaguchi, Guido Cossu, Antonin Portelli and other authors

This program is free software; you can redistribute it and/or modify
it under the terms of the GNU General Public License as published by
the Free Software Foundation; either version 2 of the License, or
(at your option) any later version.

This program is distributed in the hope that it will be useful,
but WITHOUT ANY WARRANTY; without even the implied warranty of
MERCHANTABILITY or FITNESS FOR A PARTICULAR PURPOSE.  See the
GNU General Public License for more details.
Current Grid git commit hash=82d411ca7bb8ec4a5b5c3815df23674cfd291070: (HEAD -> develop, origin/develop, origin/HEAD) clean

Grid : Message : ================================================ 
Grid : Message : MPI is initialised and logging filters activated 
Grid : Message : ================================================ 
Grid : Message : This rank is running on host genoahost097.sdcc.bnl.local at local time 2026-02-27 13:57:44
Grid : Message : Requested 17179869184 byte stencil comms buffers 
Grid : Message : MemoryManager::Init() setting up
Grid : Message : MemoryManager::Init() cache pool for recent host   allocations: SMALL 8 LARGE 2 HUGE 0
Grid : Message : MemoryManager::Init() cache pool for recent device allocations: SMALL 16 LARGE 8 Huge 0
Grid : Message : MemoryManager::Init() cache pool for recent shared allocations: SMALL 16 LARGE 8 Huge 0
Grid : Message : MemoryManager::Init() Unified memory space
Sorting eigenvalues using EvalReSmall
Lattice size: [16 16 16 32]
Example_spec_kryschur: ../../Grid/communicator/SharedMemoryMPI.cc:434: static void Grid::GlobalSharedMemory::OptimalCommunicatorSharedMemory(const Coordinate&, ompi_communicator_t*&, Grid::Coordinate&): Assertion `WorldSize==Nprocessors' failed.
[genoahost097:1736409] *** Process received signal ***
[genoahost097:1736409] Signal: Aborted (6)
[genoahost097:1736409] Signal code:  (-6)
[genoahost097:1736409] [ 0] /lib64/libc.so.6(+0x3fc30)[0x154823e3fc30]
[genoahost097:1736409] [ 1] /lib64/libc.so.6(+0x8d02c)[0x154823e8d02c]
[genoahost097:1736409] [ 2] /lib64/libc.so.6(raise+0x16)[0x154823e3fb86]
[genoahost097:1736409] [ 3] /lib64/libc.so.6(abort+0xd3)[0x154823e29873]
[genoahost097:1736409] [ 4] /lib64/libc.so.6(+0x2979b)[0x154823e2979b]
[genoahost097:1736409] [ 5] /lib64/libc.so.6(+0x388c6)[0x154823e388c6]
[genoahost097:1736409] [ 6] /direct/sdcc+u/poare/Grid/build/examples/./Example_spec_kryschur[0x4cc206]
[genoahost097:1736409] [ 7] /direct/sdcc+u/poare/Grid/build/examples/./Example_spec_kryschur[0x4cc2f1]
[genoahost097:1736409] [ 8] /direct/sdcc+u/poare/Grid/build/examples/./Example_spec_kryschur[0x4c7e95]
[genoahost097:1736409] [ 9] /direct/sdcc+u/poare/Grid/build/examples/./Example_spec_kryschur[0x4b5f4f]
[genoahost097:1736409] [10] /direct/sdcc+u/poare/Grid/build/examples/./Example_spec_kryschur[0x41180d]
[genoahost097:1736409] [11] /lib64/libc.so.6(+0x2a610)[0x154823e2a610]
[genoahost097:1736409] [12] /lib64/libc.so.6(__libc_start_main+0x80)[0x154823e2a6c0]
[genoahost097:1736409] [13] /direct/sdcc+u/poare/Grid/build/examples/./Example_spec_kryschur[0x4147f5]
[genoahost097:1736409] *** End of error message ***
srun: error: genoahost099: tasks 35,42: Aborted (core dumped)

__|__|__|__|__|__|__|__|__|__|__|__|__|__|__
__|__|__|__|__|__|__|__|__|__|__|__|__|__|__
__|_ |  |  |  |  |  |  |  |  |  |  |  | _|__
__|_                                    _|__
__|_   GGGG    RRRR    III    DDDD      _|__
__|_  G        R   R    I     D   D     _|__
__|_  G        R   R    I     D    D    _|__
__|_  G  GG    RRRR     I     D    D    _|__
__|_  G   G    R  R     I     D   D     _|__
__|_   GGGG    R   R   III    DDDD      _|__
__|_                                    _|__
__|__|__|__|__|__|__|__|__|__|__|__|__|__|__
__|__|__|__|__|__|__|__|__|__|__|__|__|__|__
  |  |  |  |  |  |  |  |  |  |  |  |  |  |  


Copyright (C) 2015 Peter Boyle, Azusa Yamaguchi, Guido Cossu, Antonin Portelli and other authors

This program is free software; you can redistribute it and/or modify
it under the terms of the GNU General Public License as published by
the Free Software Foundation; either version 2 of the License, or
(at your option) any later version.

This program is distributed in the hope that it will be useful,
but WITHOUT ANY WARRANTY; without even the implied warranty of
MERCHANTABILITY or FITNESS FOR A PARTICULAR PURPOSE.  See the
GNU General Public License for more details.
Current Grid git commit hash=82d411ca7bb8ec4a5b5c3815df23674cfd291070: (HEAD -> develop, origin/develop, origin/HEAD) clean

Grid : Message : ================================================ 
Grid : Message : MPI is initialised and logging filters activated 
Grid : Message : ================================================ 
Grid : Message : This rank is running on host genoahost099.sdcc.bnl.local at local time 2026-02-27 13:57:46
Grid : Message : Requested 17179869184 byte stencil comms buffers 
Grid : Message : MemoryManager::Init() setting up
Grid : Message : MemoryManager::Init() cache pool for recent host   allocations: SMALL 8 LARGE 2 HUGE 0
Grid : Message : MemoryManager::Init() cache pool for recent device allocations: SMALL 16 LARGE 8 Huge 0
Grid : Message : MemoryManager::Init() cache pool for recent shared allocations: SMALL 16 LARGE 8 Huge 0
Grid : Message : MemoryManager::Init() Unified memory space
Sorting eigenvalues using EvalReSmall
Lattice size: [16 16 16 32]
Example_spec_kryschur: ../../Grid/communicator/SharedMemoryMPI.cc:434: static void Grid::GlobalSharedMemory::OptimalCommunicatorSharedMemory(const Coordinate&, ompi_communicator_t*&, Grid::Coordinate&): Assertion `WorldSize==Nprocessors' failed.
[genoahost099:1615052] *** Process received signal ***
[genoahost099:1615052] Signal: Aborted (6)
[genoahost099:1615052] Signal code:  (-6)
[genoahost099:1615052] [ 0] /lib64/libc.so.6(+0x3fc30)[0x1482f8a3fc30]
[genoahost099:1615052] [ 1] /lib64/libc.so.6(+0x8d02c)[0x1482f8a8d02c]
[genoahost099:1615052] [ 2] /lib64/libc.so.6(raise+0x16)[0x1482f8a3fb86]
[genoahost099:1615052] [ 3] /lib64/libc.so.6(abort+0xd3)[0x1482f8a29873]
[genoahost099:1615052] [ 4] /lib64/libc.so.6(+0x2979b)[0x1482f8a2979b]
[genoahost099:1615052] [ 5] /lib64/libc.so.6(+0x388c6)[0x1482f8a388c6]
[genoahost099:1615052] [ 6] /direct/sdcc+u/poare/Grid/build/examples/./Example_spec_kryschur[0x4cc206]
[genoahost099:1615052] [ 7] /direct/sdcc+u/poare/Grid/build/examples/./Example_spec_kryschur[0x4cc2f1]
[genoahost099:1615052] [ 8] /direct/sdcc+u/poare/Grid/build/examples/./Example_spec_kryschur[0x4c7e95]
[genoahost099:1615052] [ 9] /direct/sdcc+u/poare/Grid/build/examples/./Example_spec_kryschur[0x4b5f4f]
[genoahost099:1615052] [10] /direct/sdcc+u/poare/Grid/build/examples/./Example_spec_kryschur[0x41180d]
[genoahost099:1615052] [11] /lib64/libc.so.6(+0x2a610)[0x1482f8a2a610]
[genoahost099:1615052] [12] /lib64/libc.so.6(__libc_start_main+0x80)[0x1482f8a2a6c0]
[genoahost099:1615052] [13] /direct/sdcc+u/poare/Grid/build/examples/./Example_spec_kryschur[0x4147f5]
[genoahost099:1615052] *** End of error message ***
srun: error: genoahost097: task 1: Aborted (core dumped)
srun: error: genoahost097: task 8: Aborted (core dumped)

__|__|__|__|__|__|__|__|__|__|__|__|__|__|__
__|__|__|__|__|__|__|__|__|__|__|__|__|__|__
__|_ |  |  |  |  |  |  |  |  |  |  |  | _|__
__|_                                    _|__
__|_   GGGG    RRRR    III    DDDD      _|__
__|_  G        R   R    I     D   D     _|__
__|_  G        R   R    I     D    D    _|__
__|_  G  GG    RRRR     I     D    D    _|__
__|_  G   G    R  R     I     D   D     _|__
__|_   GGGG    R   R   III    DDDD      _|__
__|_                                    _|__
__|__|__|__|__|__|__|__|__|__|__|__|__|__|__
__|__|__|__|__|__|__|__|__|__|__|__|__|__|__
  |  |  |  |  |  |  |  |  |  |  |  |  |  |  


Copyright (C) 2015 Peter Boyle, Azusa Yamaguchi, Guido Cossu, Antonin Portelli and other authors

This program is free software; you can redistribute it and/or modify
it under the terms of the GNU General Public License as published by
the Free Software Foundation; either version 2 of the License, or
(at your option) any later version.

This program is distributed in the hope that it will be useful,
but WITHOUT ANY WARRANTY; without even the implied warranty of
MERCHANTABILITY or FITNESS FOR A PARTICULAR PURPOSE.  See the
GNU General Public License for more details.
Current Grid git commit hash=82d411ca7bb8ec4a5b5c3815df23674cfd291070: (HEAD -> develop, origin/develop, origin/HEAD) clean

Grid : Message : ================================================ 
Grid : Message : MPI is initialised and logging filters activated 
Grid : Message : ================================================ 
Grid : Message : This rank is running on host genoahost100.sdcc.bnl.local at local time 2026-02-27 13:57:49
Grid : Message : Requested 17179869184 byte stencil comms buffers 
Grid : Message : MemoryManager::Init() setting up
Grid : Message : MemoryManager::Init() cache pool for recent host   allocations: SMALL 8 LARGE 2 HUGE 0
Grid : Message : MemoryManager::Init() cache pool for recent device allocations: SMALL 16 LARGE 8 Huge 0
Grid : Message : MemoryManager::Init() cache pool for recent shared allocations: SMALL 16 LARGE 8 Huge 0
Grid : Message : MemoryManager::Init() Unified memory space
Sorting eigenvalues using EvalReSmall
Lattice size: [16 16 16 32]
Example_spec_kryschur: ../../Grid/communicator/SharedMemoryMPI.cc:434: static void Grid::GlobalSharedMemory::OptimalCommunicatorSharedMemory(const Coordinate&, ompi_communicator_t*&, Grid::Coordinate&): Assertion `WorldSize==Nprocessors' failed.
[genoahost100:652071] *** Process received signal ***
[genoahost100:652071] Signal: Aborted (6)
[genoahost100:652071] Signal code:  (-6)
[genoahost100:652071] [ 0] /lib64/libc.so.6(+0x3fc30)[0x14e37603fc30]
[genoahost100:652071] [ 1] /lib64/libc.so.6(+0x8d02c)[0x14e37608d02c]
[genoahost100:652071] [ 2] /lib64/libc.so.6(raise+0x16)[0x14e37603fb86]
[genoahost100:652071] [ 3] /lib64/libc.so.6(abort+0xd3)[0x14e376029873]
[genoahost100:652071] [ 4] /lib64/libc.so.6(+0x2979b)[0x14e37602979b]
[genoahost100:652071] [ 5] /lib64/libc.so.6(+0x388c6)[0x14e3760388c6]
[genoahost100:652071] [ 6] /direct/sdcc+u/poare/Grid/build/examples/./Example_spec_kryschur[0x4cc206]
[genoahost100:652071] [ 7] /direct/sdcc+u/poare/Grid/build/examples/./Example_spec_kryschur[0x4cc2f1]
[genoahost100:652071] [ 8] /direct/sdcc+u/poare/Grid/build/examples/./Example_spec_kryschur[0x4c7e95]
[genoahost100:652071] [ 9] /direct/sdcc+u/poare/Grid/build/examples/./Example_spec_kryschur[0x4b5f4f]
[genoahost100:652071] [10] /direct/sdcc+u/poare/Grid/build/examples/./Example_spec_kryschur[0x41180d]
[genoahost100:652071] [11] /lib64/libc.so.6(+0x2a610)[0x14e37602a610]
[genoahost100:652071] [12] /lib64/libc.so.6(__libc_start_main+0x80)[0x14e37602a6c0]
[genoahost100:652071] [13] /direct/sdcc+u/poare/Grid/build/examples/./Example_spec_kryschur[0x4147f5]
[genoahost100:652071] *** End of error message ***

__|__|__|__|__|__|__|__|__|__|__|__|__|__|__
__|__|__|__|__|__|__|__|__|__|__|__|__|__|__
__|_ |  |  |  |  |  |  |  |  |  |  |  | _|__
__|_                                    _|__
__|_   GGGG    RRRR    III    DDDD      _|__
__|_  G        R   R    I     D   D     _|__
__|_  G        R   R    I     D    D    _|__
__|_  G  GG    RRRR     I     D    D    _|__
__|_  G   G    R  R     I     D   D     _|__
__|_   GGGG    R   R   III    DDDD      _|__
__|_                                    _|__
__|__|__|__|__|__|__|__|__|__|__|__|__|__|__
__|__|__|__|__|__|__|__|__|__|__|__|__|__|__
  |  |  |  |  |  |  |  |  |  |  |  |  |  |  


Copyright (C) 2015 Peter Boyle, Azusa Yamaguchi, Guido Cossu, Antonin Portelli and other authors

This program is free software; you can redistribute it and/or modify
it under the terms of the GNU General Public License as published by
the Free Software Foundation; either version 2 of the License, or
(at your option) any later version.

This program is distributed in the hope that it will be useful,
but WITHOUT ANY WARRANTY; without even the implied warranty of
MERCHANTABILITY or FITNESS FOR A PARTICULAR PURPOSE.  See the
GNU General Public License for more details.
Current Grid git commit hash=82d411ca7bb8ec4a5b5c3815df23674cfd291070: (HEAD -> develop, origin/develop, origin/HEAD) clean

Grid : Message : ================================================ 
Grid : Message : MPI is initialised and logging filters activated 
Grid : Message : ================================================ 
Grid : Message : This rank is running on host genoahost100.sdcc.bnl.local at local time 2026-02-27 13:57:49
Grid : Message : Requested 17179869184 byte stencil comms buffers 
Grid : Message : MemoryManager::Init() setting up
Grid : Message : MemoryManager::Init() cache pool for recent host   allocations: SMALL 8 LARGE 2 HUGE 0
Grid : Message : MemoryManager::Init() cache pool for recent device allocations: SMALL 16 LARGE 8 Huge 0
Grid : Message : MemoryManager::Init() cache pool for recent shared allocations: SMALL 16 LARGE 8 Huge 0
Grid : Message : MemoryManager::Init() Unified memory space
Sorting eigenvalues using EvalReSmall
Lattice size: [16 16 16 32]
Example_spec_kryschur: ../../Grid/communicator/SharedMemoryMPI.cc:434: static void Grid::GlobalSharedMemory::OptimalCommunicatorSharedMemory(const Coordinate&, ompi_communicator_t*&, Grid::Coordinate&): Assertion `WorldSize==Nprocessors' failed.
[genoahost100:652069] *** Process received signal ***
[genoahost100:652069] Signal: Aborted (6)
[genoahost100:652069] Signal code:  (-6)
[genoahost100:652069] [ 0] /lib64/libc.so.6(+0x3fc30)[0x152e9a23fc30]
[genoahost100:652069] [ 1] /lib64/libc.so.6(+0x8d02c)[0x152e9a28d02c]
[genoahost100:652069] [ 2] /lib64/libc.so.6(raise+0x16)[0x152e9a23fb86]
[genoahost100:652069] [ 3] /lib64/libc.so.6(abort+0xd3)[0x152e9a229873]
[genoahost100:652069] [ 4] /lib64/libc.so.6(+0x2979b)[0x152e9a22979b]
[genoahost100:652069] [ 5] /lib64/libc.so.6(+0x388c6)[0x152e9a2388c6]
[genoahost100:652069] [ 6] /direct/sdcc+u/poare/Grid/build/examples/./Example_spec_kryschur[0x4cc206]
[genoahost100:652069] [ 7] /direct/sdcc+u/poare/Grid/build/examples/./Example_spec_kryschur[0x4cc2f1]
[genoahost100:652069] [ 8] /direct/sdcc+u/poare/Grid/build/examples/./Example_spec_kryschur[0x4c7e95]
[genoahost100:652069] [ 9] /direct/sdcc+u/poare/Grid/build/examples/./Example_spec_kryschur[0x4b5f4f]
[genoahost100:652069] [10] /direct/sdcc+u/poare/Grid/build/examples/./Example_spec_kryschur[0x41180d]
[genoahost100:652069] [11] /lib64/libc.so.6(+0x2a610)[0x152e9a22a610]
[genoahost100:652069] [12] /lib64/libc.so.6(__libc_start_main+0x80)[0x152e9a22a6c0]
[genoahost100:652069] [13] /direct/sdcc+u/poare/Grid/build/examples/./Example_spec_kryschur[0x4147f5]
[genoahost100:652069] *** End of error message ***
srun: error: genoahost100: task 56: Aborted (core dumped)

__|__|__|__|__|__|__|__|__|__|__|__|__|__|__
__|__|__|__|__|__|__|__|__|__|__|__|__|__|__
__|_ |  |  |  |  |  |  |  |  |  |  |  | _|__
__|_                                    _|__
__|_   GGGG    RRRR    III    DDDD      _|__
__|_  G        R   R    I     D   D     _|__
__|_  G        R   R    I     D    D    _|__
__|_  G  GG    RRRR     I     D    D    _|__
__|_  G   G    R  R     I     D   D     _|__
__|_   GGGG    R   R   III    DDDD      _|__
__|_                                    _|__
__|__|__|__|__|__|__|__|__|__|__|__|__|__|__
__|__|__|__|__|__|__|__|__|__|__|__|__|__|__
  |  |  |  |  |  |  |  |  |  |  |  |  |  |  


Copyright (C) 2015 Peter Boyle, Azusa Yamaguchi, Guido Cossu, Antonin Portelli and other authors

This program is free software; you can redistribute it and/or modify
it under the terms of the GNU General Public License as published by
the Free Software Foundation; either version 2 of the License, or
(at your option) any later version.

This program is distributed in the hope that it will be useful,
but WITHOUT ANY WARRANTY; without even the implied warranty of
MERCHANTABILITY or FITNESS FOR A PARTICULAR PURPOSE.  See the
GNU General Public License for more details.
Current Grid git commit hash=82d411ca7bb8ec4a5b5c3815df23674cfd291070: (HEAD -> develop, origin/develop, origin/HEAD) clean

Grid : Message : ================================================ 
Grid : Message : MPI is initialised and logging filters activated 
Grid : Message : ================================================ 
Grid : Message : This rank is running on host genoahost100.sdcc.bnl.local at local time 2026-02-27 13:57:50
Grid : Message : Requested 17179869184 byte stencil comms buffers 
Grid : Message : MemoryManager::Init() setting up
Grid : Message : MemoryManager::Init() cache pool for recent host   allocations: SMALL 8 LARGE 2 HUGE 0
Grid : Message : MemoryManager::Init() cache pool for recent device allocations: SMALL 16 LARGE 8 Huge 0
Grid : Message : MemoryManager::Init() cache pool for recent shared allocations: SMALL 16 LARGE 8 Huge 0
Grid : Message : MemoryManager::Init() Unified memory space
Sorting eigenvalues using EvalReSmall
Lattice size: [16 16 16 32]
Example_spec_kryschur: ../../Grid/communicator/SharedMemoryMPI.cc:434: static void Grid::GlobalSharedMemory::OptimalCommunicatorSharedMemory(const Coordinate&, ompi_communicator_t*&, Grid::Coordinate&): Assertion `WorldSize==Nprocessors' failed.
[genoahost100:652070] *** Process received signal ***
[genoahost100:652070] Signal: Aborted (6)
[genoahost100:652070] Signal code:  (-6)
[genoahost100:652070] [ 0] /lib64/libc.so.6(+0x3fc30)[0x1508d9a3fc30]
[genoahost100:652070] [ 1] /lib64/libc.so.6(+0x8d02c)[0x1508d9a8d02c]
[genoahost100:652070] [ 2] /lib64/libc.so.6(raise+0x16)[0x1508d9a3fb86]
[genoahost100:652070] [ 3] /lib64/libc.so.6(abort+0xd3)[0x1508d9a29873]
[genoahost100:652070] [ 4] /lib64/libc.so.6(+0x2979b)[0x1508d9a2979b]
[genoahost100:652070] [ 5] /lib64/libc.so.6(+0x388c6)[0x1508d9a388c6]
[genoahost100:652070] [ 6] /direct/sdcc+u/poare/Grid/build/examples/./Example_spec_kryschur[0x4cc206]
[genoahost100:652070] [ 7] /direct/sdcc+u/poare/Grid/build/examples/./Example_spec_kryschur[0x4cc2f1]
[genoahost100:652070] [ 8] /direct/sdcc+u/poare/Grid/build/examples/./Example_spec_kryschur[0x4c7e95]
[genoahost100:652070] [ 9] /direct/sdcc+u/poare/Grid/build/examples/./Example_spec_kryschur[0x4b5f4f]
[genoahost100:652070] [10] /direct/sdcc+u/poare/Grid/build/examples/./Example_spec_kryschur[0x41180d]
[genoahost100:652070] [11] /lib64/libc.so.6(+0x2a610)[0x1508d9a2a610]
[genoahost100:652070] [12] /lib64/libc.so.6(__libc_start_main+0x80)[0x1508d9a2a6c0]
[genoahost100:652070] [13] /direct/sdcc+u/poare/Grid/build/examples/./Example_spec_kryschur[0x4147f5]
[genoahost100:652070] *** End of error message ***
srun: error: genoahost099: task 43: Aborted (core dumped)
srun: error: genoahost100: task 49: Aborted (core dumped)
srun: error: genoahost100: task 50: Aborted (core dumped)
srun: error: genoahost100: task 57: Aborted (core dumped)
srun: error: genoahost100: task 63: Aborted (core dumped)
srun: error: genoahost100: task 62: Aborted (core dumped)
srun: error: genoahost102: task 95: Aborted (core dumped)
srun: error: genoahost099: task 34: Aborted (core dumped)

__|__|__|__|__|__|__|__|__|__|__|__|__|__|__
__|__|__|__|__|__|__|__|__|__|__|__|__|__|__
__|_ |  |  |  |  |  |  |  |  |  |  |  | _|__
__|_                                    _|__
__|_   GGGG    RRRR    III    DDDD      _|__
__|_  G        R   R    I     D   D     _|__
__|_  G        R   R    I     D    D    _|__
__|_  G  GG    RRRR     I     D    D    _|__
__|_  G   G    R  R     I     D   D     _|__
__|_   GGGG    R   R   III    DDDD      _|__
__|_                                    _|__
__|__|__|__|__|__|__|__|__|__|__|__|__|__|__
__|__|__|__|__|__|__|__|__|__|__|__|__|__|__
  |  |  |  |  |  |  |  |  |  |  |  |  |  |  


Copyright (C) 2015 Peter Boyle, Azusa Yamaguchi, Guido Cossu, Antonin Portelli and other authors

This program is free software; you can redistribute it and/or modify
it under the terms of the GNU General Public License as published by
the Free Software Foundation; either version 2 of the License, or
(at your option) any later version.

This program is distributed in the hope that it will be useful,
but WITHOUT ANY WARRANTY; without even the implied warranty of
MERCHANTABILITY or FITNESS FOR A PARTICULAR PURPOSE.  See the
GNU General Public License for more details.
Current Grid git commit hash=82d411ca7bb8ec4a5b5c3815df23674cfd291070: (HEAD -> develop, origin/develop, origin/HEAD) clean

Grid : Message : ================================================ 
Grid : Message : MPI is initialised and logging filters activated 
Grid : Message : ================================================ 
Grid : Message : This rank is running on host genoahost102.sdcc.bnl.local at local time 2026-02-27 13:57:59
Grid : Message : Requested 17179869184 byte stencil comms buffers 
Grid : Message : MemoryManager::Init() setting up
Grid : Message : MemoryManager::Init() cache pool for recent host   allocations: SMALL 8 LARGE 2 HUGE 0
Grid : Message : MemoryManager::Init() cache pool for recent device allocations: SMALL 16 LARGE 8 Huge 0
Grid : Message : MemoryManager::Init() cache pool for recent shared allocations: SMALL 16 LARGE 8 Huge 0
Grid : Message : MemoryManager::Init() Unified memory space
Sorting eigenvalues using EvalReSmall
Lattice size: [16 16 16 32]
Example_spec_kryschur: ../../Grid/communicator/SharedMemoryMPI.cc:434: static void Grid::GlobalSharedMemory::OptimalCommunicatorSharedMemory(const Coordinate&, ompi_communicator_t*&, Grid::Coordinate&): Assertion `WorldSize==Nprocessors' failed.
[genoahost102:631531] *** Process received signal ***
[genoahost102:631531] Signal: Aborted (6)
[genoahost102:631531] Signal code:  (-6)
[genoahost102:631531] [ 0] /lib64/libc.so.6(+0x3fc30)[0x1463b143fc30]
[genoahost102:631531] [ 1] /lib64/libc.so.6(+0x8d02c)[0x1463b148d02c]
[genoahost102:631531] [ 2] /lib64/libc.so.6(raise+0x16)[0x1463b143fb86]
[genoahost102:631531] [ 3] /lib64/libc.so.6(abort+0xd3)[0x1463b1429873]
[genoahost102:631531] [ 4] /lib64/libc.so.6(+0x2979b)[0x1463b142979b]
[genoahost102:631531] [ 5] /lib64/libc.so.6(+0x388c6)[0x1463b14388c6]
[genoahost102:631531] [ 6] /direct/sdcc+u/poare/Grid/build/examples/./Example_spec_kryschur[0x4cc206]
[genoahost102:631531] [ 7] /direct/sdcc+u/poare/Grid/build/examples/./Example_spec_kryschur[0x4cc2f1]
[genoahost102:631531] [ 8] /direct/sdcc+u/poare/Grid/build/examples/./Example_spec_kryschur[0x4c7e95]
[genoahost102:631531] [ 9] /direct/sdcc+u/poare/Grid/build/examples/./Example_spec_kryschur[0x4b5f4f]
[genoahost102:631531] [10] /direct/sdcc+u/poare/Grid/build/examples/./Example_spec_kryschur[0x41180d]
[genoahost102:631531] [11] /lib64/libc.so.6(+0x2a610)[0x1463b142a610]
[genoahost102:631531] [12] /lib64/libc.so.6(__libc_start_main+0x80)[0x1463b142a6c0]
[genoahost102:631531] [13] /direct/sdcc+u/poare/Grid/build/examples/./Example_spec_kryschur[0x4147f5]
[genoahost102:631531] *** End of error message ***

__|__|__|__|__|__|__|__|__|__|__|__|__|__|__
__|__|__|__|__|__|__|__|__|__|__|__|__|__|__
__|_ |  |  |  |  |  |  |  |  |  |  |  | _|__
__|_                                    _|__
__|_   GGGG    RRRR    III    DDDD      _|__
__|_  G        R   R    I     D   D     _|__
__|_  G        R   R    I     D    D    _|__
__|_  G  GG    RRRR     I     D    D    _|__
__|_  G   G    R  R     I     D   D     _|__
__|_   GGGG    R   R   III    DDDD      _|__
__|_                                    _|__
__|__|__|__|__|__|__|__|__|__|__|__|__|__|__
__|__|__|__|__|__|__|__|__|__|__|__|__|__|__
  |  |  |  |  |  |  |  |  |  |  |  |  |  |  


Copyright (C) 2015 Peter Boyle, Azusa Yamaguchi, Guido Cossu, Antonin Portelli and other authors

This program is free software; you can redistribute it and/or modify
it under the terms of the GNU General Public License as published by
the Free Software Foundation; either version 2 of the License, or
(at your option) any later version.

This program is distributed in the hope that it will be useful,
but WITHOUT ANY WARRANTY; without even the implied warranty of
MERCHANTABILITY or FITNESS FOR A PARTICULAR PURPOSE.  See the
GNU General Public License for more details.
Current Grid git commit hash=82d411ca7bb8ec4a5b5c3815df23674cfd291070: (HEAD -> develop, origin/develop, origin/HEAD) clean

Grid : Message : ================================================ 
Grid : Message : MPI is initialised and logging filters activated 
Grid : Message : ================================================ 
Grid : Message : This rank is running on host genoahost103.sdcc.bnl.local at local time 2026-02-27 13:57:59
Grid : Message : Requested 17179869184 byte stencil comms buffers 
Grid : Message : MemoryManager::Init() setting up
Grid : Message : MemoryManager::Init() cache pool for recent host   allocations: SMALL 8 LARGE 2 HUGE 0
Grid : Message : MemoryManager::Init() cache pool for recent device allocations: SMALL 16 LARGE 8 Huge 0
Grid : Message : MemoryManager::Init() cache pool for recent shared allocations: SMALL 16 LARGE 8 Huge 0
Grid : Message : MemoryManager::Init() Unified memory space
Sorting eigenvalues using EvalReSmall
Lattice size: [16 16 16 32]
Example_spec_kryschur: ../../Grid/communicator/SharedMemoryMPI.cc:434: static void Grid::GlobalSharedMemory::OptimalCommunicatorSharedMemory(const Coordinate&, ompi_communicator_t*&, Grid::Coordinate&): Assertion `WorldSize==Nprocessors' failed.
[genoahost103:621005] *** Process received signal ***
[genoahost103:621005] Signal: Aborted (6)
[genoahost103:621005] Signal code:  (-6)
[genoahost103:621005] [ 0] /lib64/libc.so.6(+0x3fc30)[0x14af9303fc30]
[genoahost103:621005] [ 1] /lib64/libc.so.6(+0x8d02c)[0x14af9308d02c]
[genoahost103:621005] [ 2] /lib64/libc.so.6(raise+0x16)[0x14af9303fb86]
[genoahost103:621005] [ 3] /lib64/libc.so.6(abort+0xd3)[0x14af93029873]
[genoahost103:621005] [ 4] /lib64/libc.so.6(+0x2979b)[0x14af9302979b]
[genoahost103:621005] [ 5] /lib64/libc.so.6(+0x388c6)[0x14af930388c6]
[genoahost103:621005] [ 6] /direct/sdcc+u/poare/Grid/build/examples/./Example_spec_kryschur[0x4cc206]
[genoahost103:621005] [ 7] /direct/sdcc+u/poare/Grid/build/examples/./Example_spec_kryschur[0x4cc2f1]
[genoahost103:621005] [ 8] /direct/sdcc+u/poare/Grid/build/examples/./Example_spec_kryschur[0x4c7e95]
[genoahost103:621005] [ 9] /direct/sdcc+u/poare/Grid/build/examples/./Example_spec_kryschur[0x4b5f4f]
[genoahost103:621005] [10] /direct/sdcc+u/poare/Grid/build/examples/./Example_spec_kryschur[0x41180d]
[genoahost103:621005] [11] /lib64/libc.so.6(+0x2a610)[0x14af9302a610]
[genoahost103:621005] [12] /lib64/libc.so.6(__libc_start_main+0x80)[0x14af9302a6c0]
[genoahost103:621005] [13] /direct/sdcc+u/poare/Grid/build/examples/./Example_spec_kryschur[0x4147f5]
[genoahost103:621005] *** End of error message ***

__|__|__|__|__|__|__|__|__|__|__|__|__|__|__
__|__|__|__|__|__|__|__|__|__|__|__|__|__|__
__|_ |  |  |  |  |  |  |  |  |  |  |  | _|__
__|_                                    _|__
__|_   GGGG    RRRR    III    DDDD      _|__
__|_  G        R   R    I     D   D     _|__
__|_  G        R   R    I     D    D    _|__
__|_  G  GG    RRRR     I     D    D    _|__
__|_  G   G    R  R     I     D   D     _|__
__|_   GGGG    R   R   III    DDDD      _|__
__|_                                    _|__
__|__|__|__|__|__|__|__|__|__|__|__|__|__|__
__|__|__|__|__|__|__|__|__|__|__|__|__|__|__
  |  |  |  |  |  |  |  |  |  |  |  |  |  |  


Copyright (C) 2015 Peter Boyle, Azusa Yamaguchi, Guido Cossu, Antonin Portelli and other authors

This program is free software; you can redistribute it and/or modify
it under the terms of the GNU General Public License as published by
the Free Software Foundation; either version 2 of the License, or
(at your option) any later version.

This program is distributed in the hope that it will be useful,
but WITHOUT ANY WARRANTY; without even the implied warranty of
MERCHANTABILITY or FITNESS FOR A PARTICULAR PURPOSE.  See the
GNU General Public License for more details.
Current Grid git commit hash=82d411ca7bb8ec4a5b5c3815df23674cfd291070: (HEAD -> develop, origin/develop, origin/HEAD) clean

Grid : Message : ================================================ 
Grid : Message : MPI is initialised and logging filters activated 
Grid : Message : ================================================ 
Grid : Message : This rank is running on host genoahost103.sdcc.bnl.local at local time 2026-02-27 13:57:59
Grid : Message : Requested 17179869184 byte stencil comms buffers 
Grid : Message : MemoryManager::Init() setting up
Grid : Message : MemoryManager::Init() cache pool for recent host   allocations: SMALL 8 LARGE 2 HUGE 0
Grid : Message : MemoryManager::Init() cache pool for recent device allocations: SMALL 16 LARGE 8 Huge 0
Grid : Message : MemoryManager::Init() cache pool for recent shared allocations: SMALL 16 LARGE 8 Huge 0
Grid : Message : MemoryManager::Init() Unified memory space
Sorting eigenvalues using EvalReSmall
Lattice size: [16 16 16 32]
Example_spec_kryschur: ../../Grid/communicator/SharedMemoryMPI.cc:434: static void Grid::GlobalSharedMemory::OptimalCommunicatorSharedMemory(const Coordinate&, ompi_communicator_t*&, Grid::Coordinate&): Assertion `WorldSize==Nprocessors' failed.
[genoahost103:621010] *** Process received signal ***
[genoahost103:621010] Signal: Aborted (6)
[genoahost103:621010] Signal code:  (-6)
[genoahost103:621010] [ 0] /lib64/libc.so.6(+0x3fc30)[0x1534d343fc30]
[genoahost103:621010] [ 1] /lib64/libc.so.6(+0x8d02c)[0x1534d348d02c]
[genoahost103:621010] [ 2] /lib64/libc.so.6(raise+0x16)[0x1534d343fb86]
[genoahost103:621010] [ 3] /lib64/libc.so.6(abort+0xd3)[0x1534d3429873]
[genoahost103:621010] [ 4] /lib64/libc.so.6(+0x2979b)[0x1534d342979b]
[genoahost103:621010] [ 5] /lib64/libc.so.6(+0x388c6)[0x1534d34388c6]
[genoahost103:621010] [ 6] /direct/sdcc+u/poare/Grid/build/examples/./Example_spec_kryschur[0x4cc206]
[genoahost103:621010] [ 7] /direct/sdcc+u/poare/Grid/build/examples/./Example_spec_kryschur[0x4cc2f1]
[genoahost103:621010] [ 8] /direct/sdcc+u/poare/Grid/build/examples/./Example_spec_kryschur[0x4c7e95]
[genoahost103:621010] [ 9] /direct/sdcc+u/poare/Grid/build/examples/./Example_spec_kryschur[0x4b5f4f]
[genoahost103:621010] [10] /direct/sdcc+u/poare/Grid/build/examples/./Example_spec_kryschur[0x41180d]
[genoahost103:621010] [11] /lib64/libc.so.6(+0x2a610)[0x1534d342a610]
[genoahost103:621010] [12] /lib64/libc.so.6(__libc_start_main+0x80)[0x1534d342a6c0]
[genoahost103:621010] [13] /direct/sdcc+u/poare/Grid/build/examples/./Example_spec_kryschur[0x4147f5]
[genoahost103:621010] *** End of error message ***

__|__|__|__|__|__|__|__|__|__|__|__|__|__|__
__|__|__|__|__|__|__|__|__|__|__|__|__|__|__
__|_ |  |  |  |  |  |  |  |  |  |  |  | _|__
__|_                                    _|__
__|_   GGGG    RRRR    III    DDDD      _|__
__|_  G        R   R    I     D   D     _|__
__|_  G        R   R    I     D    D    _|__
__|_  G  GG    RRRR     I     D    D    _|__
__|_  G   G    R  R     I     D   D     _|__
__|_   GGGG    R   R   III    DDDD      _|__
__|_                                    _|__
__|__|__|__|__|__|__|__|__|__|__|__|__|__|__
__|__|__|__|__|__|__|__|__|__|__|__|__|__|__
  |  |  |  |  |  |  |  |  |  |  |  |  |  |  


Copyright (C) 2015 Peter Boyle, Azusa Yamaguchi, Guido Cossu, Antonin Portelli and other authors

This program is free software; you can redistribute it and/or modify
it under the terms of the GNU General Public License as published by
the Free Software Foundation; either version 2 of the License, or
(at your option) any later version.

This program is distributed in the hope that it will be useful,
but WITHOUT ANY WARRANTY; without even the implied warranty of
MERCHANTABILITY or FITNESS FOR A PARTICULAR PURPOSE.  See the
GNU General Public License for more details.
Current Grid git commit hash=82d411ca7bb8ec4a5b5c3815df23674cfd291070: (HEAD -> develop, origin/develop, origin/HEAD) clean

Grid : Message : ================================================ 
Grid : Message : MPI is initialised and logging filters activated 
Grid : Message : ================================================ 
Grid : Message : This rank is running on host genoahost102.sdcc.bnl.local at local time 2026-02-27 13:57:59
Grid : Message : Requested 17179869184 byte stencil comms buffers 
Grid : Message : MemoryManager::Init() setting up
Grid : Message : MemoryManager::Init() cache pool for recent host   allocations: SMALL 8 LARGE 2 HUGE 0
Grid : Message : MemoryManager::Init() cache pool for recent device allocations: SMALL 16 LARGE 8 Huge 0
Grid : Message : MemoryManager::Init() cache pool for recent shared allocations: SMALL 16 LARGE 8 Huge 0
Grid : Message : MemoryManager::Init() Unified memory space
Sorting eigenvalues using EvalReSmall
Lattice size: [16 16 16 32]
Example_spec_kryschur: ../../Grid/communicator/SharedMemoryMPI.cc:434: static void Grid::GlobalSharedMemory::OptimalCommunicatorSharedMemory(const Coordinate&, ompi_communicator_t*&, Grid::Coordinate&): Assertion `WorldSize==Nprocessors' failed.
[genoahost102:631518] *** Process received signal ***
[genoahost102:631518] Signal: Aborted (6)
[genoahost102:631518] Signal code:  (-6)
[genoahost102:631518] [ 0] /lib64/libc.so.6(+0x3fc30)[0x150e5803fc30]
[genoahost102:631518] [ 1] /lib64/libc.so.6(+0x8d02c)[0x150e5808d02c]
[genoahost102:631518] [ 2] /lib64/libc.so.6(raise+0x16)[0x150e5803fb86]
[genoahost102:631518] [ 3] /lib64/libc.so.6(abort+0xd3)[0x150e58029873]
[genoahost102:631518] [ 4] /lib64/libc.so.6(+0x2979b)[0x150e5802979b]
[genoahost102:631518] [ 5] /lib64/libc.so.6(+0x388c6)[0x150e580388c6]
[genoahost102:631518] [ 6] /direct/sdcc+u/poare/Grid/build/examples/./Example_spec_kryschur[0x4cc206]
[genoahost102:631518] [ 7] /direct/sdcc+u/poare/Grid/build/examples/./Example_spec_kryschur[0x4cc2f1]
[genoahost102:631518] [ 8] /direct/sdcc+u/poare/Grid/build/examples/./Example_spec_kryschur[0x4c7e95]
[genoahost102:631518] [ 9] /direct/sdcc+u/poare/Grid/build/examples/./Example_spec_kryschur[0x4b5f4f]
[genoahost102:631518] [10] /direct/sdcc+u/poare/Grid/build/examples/./Example_spec_kryschur[0x41180d]
[genoahost102:631518] [11] /lib64/libc.so.6(+0x2a610)[0x150e5802a610]
[genoahost102:631518] [12] /lib64/libc.so.6(__libc_start_main+0x80)[0x150e5802a6c0]
[genoahost102:631518] [13] /direct/sdcc+u/poare/Grid/build/examples/./Example_spec_kryschur[0x4147f5]
[genoahost102:631518] *** End of error message ***

__|__|__|__|__|__|__|__|__|__|__|__|__|__|__
__|__|__|__|__|__|__|__|__|__|__|__|__|__|__
__|_ |  |  |  |  |  |  |  |  |  |  |  | _|__
__|_                                    _|__
__|_   GGGG    RRRR    III    DDDD      _|__
__|_  G        R   R    I     D   D     _|__
__|_  G        R   R    I     D    D    _|__
__|_  G  GG    RRRR     I     D    D    _|__
__|_  G   G    R  R     I     D   D     _|__
__|_   GGGG    R   R   III    DDDD      _|__
__|_                                    _|__
__|__|__|__|__|__|__|__|__|__|__|__|__|__|__
__|__|__|__|__|__|__|__|__|__|__|__|__|__|__
  |  |  |  |  |  |  |  |  |  |  |  |  |  |  


Copyright (C) 2015 Peter Boyle, Azusa Yamaguchi, Guido Cossu, Antonin Portelli and other authors

This program is free software; you can redistribute it and/or modify
it under the terms of the GNU General Public License as published by
the Free Software Foundation; either version 2 of the License, or
(at your option) any later version.

This program is distributed in the hope that it will be useful,
but WITHOUT ANY WARRANTY; without even the implied warranty of
MERCHANTABILITY or FITNESS FOR A PARTICULAR PURPOSE.  See the
GNU General Public License for more details.
Current Grid git commit hash=82d411ca7bb8ec4a5b5c3815df23674cfd291070: (HEAD -> develop, origin/develop, origin/HEAD) clean

Grid : Message : ================================================ 
Grid : Message : MPI is initialised and logging filters activated 
Grid : Message : ================================================ 
Grid : Message : This rank is running on host genoahost102.sdcc.bnl.local at local time 2026-02-27 13:58:00
Grid : Message : Requested 17179869184 byte stencil comms buffers 
Grid : Message : MemoryManager::Init() setting up
Grid : Message : MemoryManager::Init() cache pool for recent host   allocations: SMALL 8 LARGE 2 HUGE 0
Grid : Message : MemoryManager::Init() cache pool for recent device allocations: SMALL 16 LARGE 8 Huge 0
Grid : Message : MemoryManager::Init() cache pool for recent shared allocations: SMALL 16 LARGE 8 Huge 0
Grid : Message : MemoryManager::Init() Unified memory space
Sorting eigenvalues using EvalReSmall
Lattice size: [16 16 16 32]
Example_spec_kryschur: ../../Grid/communicator/SharedMemoryMPI.cc:434: static void Grid::GlobalSharedMemory::OptimalCommunicatorSharedMemory(const Coordinate&, ompi_communicator_t*&, Grid::Coordinate&): Assertion `WorldSize==Nprocessors' failed.
[genoahost102:631528] *** Process received signal ***
[genoahost102:631528] Signal: Aborted (6)
[genoahost102:631528] Signal code:  (-6)
[genoahost102:631528] [ 0] /lib64/libc.so.6(+0x3fc30)[0x153a5d63fc30]
[genoahost102:631528] [ 1] /lib64/libc.so.6(+0x8d02c)[0x153a5d68d02c]
[genoahost102:631528] [ 2] /lib64/libc.so.6(raise+0x16)[0x153a5d63fb86]
[genoahost102:631528] [ 3] /lib64/libc.so.6(abort+0xd3)[0x153a5d629873]
[genoahost102:631528] [ 4] /lib64/libc.so.6(+0x2979b)[0x153a5d62979b]
[genoahost102:631528] [ 5] /lib64/libc.so.6(+0x388c6)[0x153a5d6388c6]
[genoahost102:631528] [ 6] /direct/sdcc+u/poare/Grid/build/examples/./Example_spec_kryschur[0x4cc206]
[genoahost102:631528] [ 7] /direct/sdcc+u/poare/Grid/build/examples/./Example_spec_kryschur[0x4cc2f1]
[genoahost102:631528] [ 8] /direct/sdcc+u/poare/Grid/build/examples/./Example_spec_kryschur[0x4c7e95]
[genoahost102:631528] [ 9] /direct/sdcc+u/poare/Grid/build/examples/./Example_spec_kryschur[0x4b5f4f]
[genoahost102:631528] [10] /direct/sdcc+u/poare/Grid/build/examples/./Example_spec_kryschur[0x41180d]
[genoahost102:631528] [11] /lib64/libc.so.6(+0x2a610)[0x153a5d62a610]
[genoahost102:631528] [12] /lib64/libc.so.6(__libc_start_main+0x80)[0x153a5d62a6c0]
[genoahost102:631528] [13] /direct/sdcc+u/poare/Grid/build/examples/./Example_spec_kryschur[0x4147f5]
[genoahost102:631528] *** End of error message ***

__|__|__|__|__|__|__|__|__|__|__|__|__|__|__
__|__|__|__|__|__|__|__|__|__|__|__|__|__|__
__|_ |  |  |  |  |  |  |  |  |  |  |  | _|__
__|_                                    _|__
__|_   GGGG    RRRR    III    DDDD      _|__
__|_  G        R   R    I     D   D     _|__
__|_  G        R   R    I     D    D    _|__
__|_  G  GG    RRRR     I     D    D    _|__
__|_  G   G    R  R     I     D   D     _|__
__|_   GGGG    R   R   III    DDDD      _|__
__|_                                    _|__
__|__|__|__|__|__|__|__|__|__|__|__|__|__|__
__|__|__|__|__|__|__|__|__|__|__|__|__|__|__
  |  |  |  |  |  |  |  |  |  |  |  |  |  |  


Copyright (C) 2015 Peter Boyle, Azusa Yamaguchi, Guido Cossu, Antonin Portelli and other authors

This program is free software; you can redistribute it and/or modify
it under the terms of the GNU General Public License as published by
the Free Software Foundation; either version 2 of the License, or
(at your option) any later version.

This program is distributed in the hope that it will be useful,
but WITHOUT ANY WARRANTY; without even the implied warranty of
MERCHANTABILITY or FITNESS FOR A PARTICULAR PURPOSE.  See the
GNU General Public License for more details.
Current Grid git commit hash=82d411ca7bb8ec4a5b5c3815df23674cfd291070: (HEAD -> develop, origin/develop, origin/HEAD) clean

Grid : Message : ================================================ 
Grid : Message : MPI is initialised and logging filters activated 
Grid : Message : ================================================ 
Grid : Message : This rank is running on host genoahost103.sdcc.bnl.local at local time 2026-02-27 13:58:00
Grid : Message : Requested 17179869184 byte stencil comms buffers 
Grid : Message : MemoryManager::Init() setting up
Grid : Message : MemoryManager::Init() cache pool for recent host   allocations: SMALL 8 LARGE 2 HUGE 0
Grid : Message : MemoryManager::Init() cache pool for recent device allocations: SMALL 16 LARGE 8 Huge 0
Grid : Message : MemoryManager::Init() cache pool for recent shared allocations: SMALL 16 LARGE 8 Huge 0
Grid : Message : MemoryManager::Init() Unified memory space
Sorting eigenvalues using EvalReSmall
Lattice size: [16 16 16 32]
Example_spec_kryschur: ../../Grid/communicator/SharedMemoryMPI.cc:434: static void Grid::GlobalSharedMemory::OptimalCommunicatorSharedMemory(const Coordinate&, ompi_communicator_t*&, Grid::Coordinate&): Assertion `WorldSize==Nprocessors' failed.
[genoahost103:621000] *** Process received signal ***
[genoahost103:621000] Signal: Aborted (6)
[genoahost103:621000] Signal code:  (-6)
[genoahost103:621000] [ 0] /lib64/libc.so.6(+0x3fc30)[0x15539483fc30]
[genoahost103:621000] [ 1] /lib64/libc.so.6(+0x8d02c)[0x15539488d02c]
[genoahost103:621000] [ 2] /lib64/libc.so.6(raise+0x16)[0x15539483fb86]
[genoahost103:621000] [ 3] /lib64/libc.so.6(abort+0xd3)[0x155394829873]
[genoahost103:621000] [ 4] /lib64/libc.so.6(+0x2979b)[0x15539482979b]
[genoahost103:621000] [ 5] /lib64/libc.so.6(+0x388c6)[0x1553948388c6]
[genoahost103:621000] [ 6] /direct/sdcc+u/poare/Grid/build/examples/./Example_spec_kryschur[0x4cc206]
[genoahost103:621000] [ 7] /direct/sdcc+u/poare/Grid/build/examples/./Example_spec_kryschur[0x4cc2f1]
[genoahost103:621000] [ 8] /direct/sdcc+u/poare/Grid/build/examples/./Example_spec_kryschur[0x4c7e95]
[genoahost103:621000] [ 9] /direct/sdcc+u/poare/Grid/build/examples/./Example_spec_kryschur[0x4b5f4f]
[genoahost103:621000] [10] /direct/sdcc+u/poare/Grid/build/examples/./Example_spec_kryschur[0x41180d]
[genoahost103:621000] [11] /lib64/libc.so.6(+0x2a610)[0x15539482a610]
[genoahost103:621000] [12] /lib64/libc.so.6(__libc_start_main+0x80)[0x15539482a6c0]
[genoahost103:621000] [13] /direct/sdcc+u/poare/Grid/build/examples/./Example_spec_kryschur[0x4147f5]
[genoahost103:621000] *** End of error message ***
srun: error: genoahost102: task 83: Aborted (core dumped)
srun: error: genoahost103: task 98: Aborted (core dumped)
srun: error: genoahost102: task 85: Aborted (core dumped)
srun: error: genoahost103: task 102: Aborted (core dumped)

__|__|__|__|__|__|__|__|__|__|__|__|__|__|__
__|__|__|__|__|__|__|__|__|__|__|__|__|__|__
__|_ |  |  |  |  |  |  |  |  |  |  |  | _|__
__|_                                    _|__
__|_   GGGG    RRRR    III    DDDD      _|__
__|_  G        R   R    I     D   D     _|__
__|_  G        R   R    I     D    D    _|__
__|_  G  GG    RRRR     I     D    D    _|__
__|_  G   G    R  R     I     D   D     _|__
__|_   GGGG    R   R   III    DDDD      _|__
__|_                                    _|__
__|__|__|__|__|__|__|__|__|__|__|__|__|__|__
__|__|__|__|__|__|__|__|__|__|__|__|__|__|__
  |  |  |  |  |  |  |  |  |  |  |  |  |  |  


Copyright (C) 2015 Peter Boyle, Azusa Yamaguchi, Guido Cossu, Antonin Portelli and other authors

This program is free software; you can redistribute it and/or modify
it under the terms of the GNU General Public License as published by
the Free Software Foundation; either version 2 of the License, or
(at your option) any later version.

This program is distributed in the hope that it will be useful,
but WITHOUT ANY WARRANTY; without even the implied warranty of
MERCHANTABILITY or FITNESS FOR A PARTICULAR PURPOSE.  See the
GNU General Public License for more details.
Current Grid git commit hash=82d411ca7bb8ec4a5b5c3815df23674cfd291070: (HEAD -> develop, origin/develop, origin/HEAD) clean

Grid : Message : ================================================ 
Grid : Message : MPI is initialised and logging filters activated 
Grid : Message : ================================================ 
Grid : Message : This rank is running on host genoahost104.sdcc.bnl.local at local time 2026-02-27 13:58:04
Grid : Message : Requested 17179869184 byte stencil comms buffers 
Grid : Message : MemoryManager::Init() setting up
Grid : Message : MemoryManager::Init() cache pool for recent host   allocations: SMALL 8 LARGE 2 HUGE 0
Grid : Message : MemoryManager::Init() cache pool for recent device allocations: SMALL 16 LARGE 8 Huge 0
Grid : Message : MemoryManager::Init() cache pool for recent shared allocations: SMALL 16 LARGE 8 Huge 0
Grid : Message : MemoryManager::Init() Unified memory space
Sorting eigenvalues using EvalReSmall
Lattice size: [16 16 16 32]
Example_spec_kryschur: ../../Grid/communicator/SharedMemoryMPI.cc:434: static void Grid::GlobalSharedMemory::OptimalCommunicatorSharedMemory(const Coordinate&, ompi_communicator_t*&, Grid::Coordinate&): Assertion `WorldSize==Nprocessors' failed.
[genoahost104:633955] *** Process received signal ***
[genoahost104:633955] Signal: Aborted (6)
[genoahost104:633955] Signal code:  (-6)
[genoahost104:633955] [ 0] /lib64/libc.so.6(+0x3fc30)[0x154038a3fc30]
[genoahost104:633955] [ 1] /lib64/libc.so.6(+0x8d02c)[0x154038a8d02c]
[genoahost104:633955] [ 2] /lib64/libc.so.6(raise+0x16)[0x154038a3fb86]
[genoahost104:633955] [ 3] /lib64/libc.so.6(abort+0xd3)[0x154038a29873]
[genoahost104:633955] [ 4] /lib64/libc.so.6(+0x2979b)[0x154038a2979b]
[genoahost104:633955] [ 5] /lib64/libc.so.6(+0x388c6)[0x154038a388c6]
[genoahost104:633955] [ 6] /direct/sdcc+u/poare/Grid/build/examples/./Example_spec_kryschur[0x4cc206]
[genoahost104:633955] [ 7] /direct/sdcc+u/poare/Grid/build/examples/./Example_spec_kryschur[0x4cc2f1]
[genoahost104:633955] [ 8] /direct/sdcc+u/poare/Grid/build/examples/./Example_spec_kryschur[0x4c7e95]
[genoahost104:633955] [ 9] /direct/sdcc+u/poare/Grid/build/examples/./Example_spec_kryschur[0x4b5f4f]
[genoahost104:633955] [10] /direct/sdcc+u/poare/Grid/build/examples/./Example_spec_kryschur[0x41180d]
[genoahost104:633955] [11] /lib64/libc.so.6(+0x2a610)[0x154038a2a610]
[genoahost104:633955] [12] /lib64/libc.so.6(__libc_start_main+0x80)[0x154038a2a6c0]
[genoahost104:633955] [13] /direct/sdcc+u/poare/Grid/build/examples/./Example_spec_kryschur[0x4147f5]
[genoahost104:633955] *** End of error message ***

__|__|__|__|__|__|__|__|__|__|__|__|__|__|__
__|__|__|__|__|__|__|__|__|__|__|__|__|__|__
__|_ |  |  |  |  |  |  |  |  |  |  |  | _|__
__|_                                    _|__
__|_   GGGG    RRRR    III    DDDD      _|__
__|_  G        R   R    I     D   D     _|__
__|_  G        R   R    I     D    D    _|__
__|_  G  GG    RRRR     I     D    D    _|__
__|_  G   G    R  R     I     D   D     _|__
__|_   GGGG    R   R   III    DDDD      _|__
__|_                                    _|__
__|__|__|__|__|__|__|__|__|__|__|__|__|__|__
__|__|__|__|__|__|__|__|__|__|__|__|__|__|__
  |  |  |  |  |  |  |  |  |  |  |  |  |  |  


Copyright (C) 2015 Peter Boyle, Azusa Yamaguchi, Guido Cossu, Antonin Portelli and other authors

This program is free software; you can redistribute it and/or modify
it under the terms of the GNU General Public License as published by
the Free Software Foundation; either version 2 of the License, or
(at your option) any later version.

This program is distributed in the hope that it will be useful,
but WITHOUT ANY WARRANTY; without even the implied warranty of
MERCHANTABILITY or FITNESS FOR A PARTICULAR PURPOSE.  See the
GNU General Public License for more details.
Current Grid git commit hash=82d411ca7bb8ec4a5b5c3815df23674cfd291070: (HEAD -> develop, origin/develop, origin/HEAD) clean

Grid : Message : ================================================ 
Grid : Message : MPI is initialised and logging filters activated 
Grid : Message : ================================================ 
Grid : Message : This rank is running on host genoahost097.sdcc.bnl.local at local time 2026-02-27 13:58:06
Grid : Message : Requested 17179869184 byte stencil comms buffers 
Grid : Message : MemoryManager::Init() setting up
Grid : Message : MemoryManager::Init() cache pool for recent host   allocations: SMALL 8 LARGE 2 HUGE 0
Grid : Message : MemoryManager::Init() cache pool for recent device allocations: SMALL 16 LARGE 8 Huge 0
Grid : Message : MemoryManager::Init() cache pool for recent shared allocations: SMALL 16 LARGE 8 Huge 0
Grid : Message : MemoryManager::Init() Unified memory space
Sorting eigenvalues using EvalReSmall
Lattice size: [16 16 16 32]
Example_spec_kryschur: ../../Grid/communicator/SharedMemoryMPI.cc:434: static void Grid::GlobalSharedMemory::OptimalCommunicatorSharedMemory(const Coordinate&, ompi_communicator_t*&, Grid::Coordinate&): Assertion `WorldSize==Nprocessors' failed.
[genoahost097:1736401] *** Process received signal ***
[genoahost097:1736401] Signal: Aborted (6)
[genoahost097:1736401] Signal code:  (-6)
[genoahost097:1736401] [ 0] /lib64/libc.so.6(+0x3fc30)[0x148d1e63fc30]
[genoahost097:1736401] [ 1] /lib64/libc.so.6(+0x8d02c)[0x148d1e68d02c]
[genoahost097:1736401] [ 2] /lib64/libc.so.6(raise+0x16)[0x148d1e63fb86]
[genoahost097:1736401] [ 3] /lib64/libc.so.6(abort+0xd3)[0x148d1e629873]
[genoahost097:1736401] [ 4] /lib64/libc.so.6(+0x2979b)[0x148d1e62979b]
[genoahost097:1736401] [ 5] /lib64/libc.so.6(+0x388c6)[0x148d1e6388c6]
[genoahost097:1736401] [ 6] /direct/sdcc+u/poare/Grid/build/examples/./Example_spec_kryschur[0x4cc206]
[genoahost097:1736401] [ 7] /direct/sdcc+u/poare/Grid/build/examples/./Example_spec_kryschur[0x4cc2f1]
[genoahost097:1736401] [ 8] /direct/sdcc+u/poare/Grid/build/examples/./Example_spec_kryschur[0x4c7e95]
[genoahost097:1736401] [ 9] /direct/sdcc+u/poare/Grid/build/examples/./Example_spec_kryschur[0x4b5f4f]
[genoahost097:1736401] [10] /direct/sdcc+u/poare/Grid/build/examples/./Example_spec_kryschur[0x41180d]
[genoahost097:1736401] [11] /lib64/libc.so.6(+0x2a610)[0x148d1e62a610]
[genoahost097:1736401] [12] /lib64/libc.so.6(__libc_start_main+0x80)[0x148d1e62a6c0]
[genoahost097:1736401] [13] /direct/sdcc+u/poare/Grid/build/examples/./Example_spec_kryschur[0x4147f5]
[genoahost097:1736401] *** End of error message ***

__|__|__|__|__|__|__|__|__|__|__|__|__|__|__
__|__|__|__|__|__|__|__|__|__|__|__|__|__|__
__|_ |  |  |  |  |  |  |  |  |  |  |  | _|__
__|_                                    _|__
__|_   GGGG    RRRR    III    DDDD      _|__
__|_  G        R   R    I     D   D     _|__
__|_  G        R   R    I     D    D    _|__
__|_  G  GG    RRRR     I     D    D    _|__
__|_  G   G    R  R     I     D   D     _|__
__|_   GGGG    R   R   III    DDDD      _|__
__|_                                    _|__
__|__|__|__|__|__|__|__|__|__|__|__|__|__|__
__|__|__|__|__|__|__|__|__|__|__|__|__|__|__
  |  |  |  |  |  |  |  |  |  |  |  |  |  |  


Copyright (C) 2015 Peter Boyle, Azusa Yamaguchi, Guido Cossu, Antonin Portelli and other authors

This program is free software; you can redistribute it and/or modify
it under the terms of the GNU General Public License as published by
the Free Software Foundation; either version 2 of the License, or
(at your option) any later version.

This program is distributed in the hope that it will be useful,
but WITHOUT ANY WARRANTY; without even the implied warranty of
MERCHANTABILITY or FITNESS FOR A PARTICULAR PURPOSE.  See the
GNU General Public License for more details.
Current Grid git commit hash=82d411ca7bb8ec4a5b5c3815df23674cfd291070: (HEAD -> develop, origin/develop, origin/HEAD) clean

Grid : Message : ================================================ 
Grid : Message : MPI is initialised and logging filters activated 
Grid : Message : ================================================ 
Grid : Message : This rank is running on host genoahost097.sdcc.bnl.local at local time 2026-02-27 13:58:06
Grid : Message : Requested 17179869184 byte stencil comms buffers 
Grid : Message : MemoryManager::Init() setting up
Grid : Message : MemoryManager::Init() cache pool for recent host   allocations: SMALL 8 LARGE 2 HUGE 0
Grid : Message : MemoryManager::Init() cache pool for recent device allocations: SMALL 16 LARGE 8 Huge 0
Grid : Message : MemoryManager::Init() cache pool for recent shared allocations: SMALL 16 LARGE 8 Huge 0
Grid : Message : MemoryManager::Init() Unified memory space
Sorting eigenvalues using EvalReSmall
Lattice size: [16 16 16 32]
Example_spec_kryschur: ../../Grid/communicator/SharedMemoryMPI.cc:434: static void Grid::GlobalSharedMemory::OptimalCommunicatorSharedMemory(const Coordinate&, ompi_communicator_t*&, Grid::Coordinate&): Assertion `WorldSize==Nprocessors' failed.
[genoahost097:1736412] *** Process received signal ***
[genoahost097:1736412] Signal: Aborted (6)
[genoahost097:1736412] Signal code:  (-6)
[genoahost097:1736412] [ 0] /lib64/libc.so.6(+0x3fc30)[0x148ff943fc30]
[genoahost097:1736412] [ 1] /lib64/libc.so.6(+0x8d02c)[0x148ff948d02c]
[genoahost097:1736412] [ 2] /lib64/libc.so.6(raise+0x16)[0x148ff943fb86]
[genoahost097:1736412] [ 3] /lib64/libc.so.6(abort+0xd3)[0x148ff9429873]
[genoahost097:1736412] [ 4] /lib64/libc.so.6(+0x2979b)[0x148ff942979b]
[genoahost097:1736412] [ 5] /lib64/libc.so.6(+0x388c6)[0x148ff94388c6]
[genoahost097:1736412] [ 6] /direct/sdcc+u/poare/Grid/build/examples/./Example_spec_kryschur[0x4cc206]
[genoahost097:1736412] [ 7] /direct/sdcc+u/poare/Grid/build/examples/./Example_spec_kryschur[0x4cc2f1]
[genoahost097:1736412] [ 8] /direct/sdcc+u/poare/Grid/build/examples/./Example_spec_kryschur[0x4c7e95]
[genoahost097:1736412] [ 9] /direct/sdcc+u/poare/Grid/build/examples/./Example_spec_kryschur[0x4b5f4f]
[genoahost097:1736412] [10] /direct/sdcc+u/poare/Grid/build/examples/./Example_spec_kryschur[0x41180d]
[genoahost097:1736412] [11] /lib64/libc.so.6(+0x2a610)[0x148ff942a610]
[genoahost097:1736412] [12] /lib64/libc.so.6(__libc_start_main+0x80)[0x148ff942a6c0]
[genoahost097:1736412] [13] /direct/sdcc+u/poare/Grid/build/examples/./Example_spec_kryschur[0x4147f5]
[genoahost097:1736412] *** End of error message ***

__|__|__|__|__|__|__|__|__|__|__|__|__|__|__
__|__|__|__|__|__|__|__|__|__|__|__|__|__|__
__|_ |  |  |  |  |  |  |  |  |  |  |  | _|__
__|_                                    _|__
__|_   GGGG    RRRR    III    DDDD      _|__
__|_  G        R   R    I     D   D     _|__
__|_  G        R   R    I     D    D    _|__
__|_  G  GG    RRRR     I     D    D    _|__
__|_  G   G    R  R     I     D   D     _|__
__|_   GGGG    R   R   III    DDDD      _|__
__|_                                    _|__
__|__|__|__|__|__|__|__|__|__|__|__|__|__|__
__|__|__|__|__|__|__|__|__|__|__|__|__|__|__
  |  |  |  |  |  |  |  |  |  |  |  |  |  |  


Copyright (C) 2015 Peter Boyle, Azusa Yamaguchi, Guido Cossu, Antonin Portelli and other authors

This program is free software; you can redistribute it and/or modify
it under the terms of the GNU General Public License as published by
the Free Software Foundation; either version 2 of the License, or
(at your option) any later version.

This program is distributed in the hope that it will be useful,
but WITHOUT ANY WARRANTY; without even the implied warranty of
MERCHANTABILITY or FITNESS FOR A PARTICULAR PURPOSE.  See the
GNU General Public License for more details.
Current Grid git commit hash=82d411ca7bb8ec4a5b5c3815df23674cfd291070: (HEAD -> develop, origin/develop, origin/HEAD) clean

Grid : Message : ================================================ 
Grid : Message : MPI is initialised and logging filters activated 
Grid : Message : ================================================ 
Grid : Message : This rank is running on host genoahost097.sdcc.bnl.local at local time 2026-02-27 13:58:07
Grid : Message : Requested 17179869184 byte stencil comms buffers 
Grid : Message : MemoryManager::Init() setting up
Grid : Message : MemoryManager::Init() cache pool for recent host   allocations: SMALL 8 LARGE 2 HUGE 0
Grid : Message : MemoryManager::Init() cache pool for recent device allocations: SMALL 16 LARGE 8 Huge 0
Grid : Message : MemoryManager::Init() cache pool for recent shared allocations: SMALL 16 LARGE 8 Huge 0
Grid : Message : MemoryManager::Init() Unified memory space
Sorting eigenvalues using EvalReSmall
Lattice size: [16 16 16 32]
Example_spec_kryschur: ../../Grid/communicator/SharedMemoryMPI.cc:434: static void Grid::GlobalSharedMemory::OptimalCommunicatorSharedMemory(const Coordinate&, ompi_communicator_t*&, Grid::Coordinate&): Assertion `WorldSize==Nprocessors' failed.
[genoahost097:1736411] *** Process received signal ***
[genoahost097:1736411] Signal: Aborted (6)
[genoahost097:1736411] Signal code:  (-6)
[genoahost097:1736411] [ 0] /lib64/libc.so.6(+0x3fc30)[0x14ba4723fc30]
[genoahost097:1736411] [ 1] /lib64/libc.so.6(+0x8d02c)[0x14ba4728d02c]
[genoahost097:1736411] [ 2] /lib64/libc.so.6(raise+0x16)[0x14ba4723fb86]
[genoahost097:1736411] [ 3] /lib64/libc.so.6(abort+0xd3)[0x14ba47229873]
[genoahost097:1736411] [ 4] /lib64/libc.so.6(+0x2979b)[0x14ba4722979b]
[genoahost097:1736411] [ 5] /lib64/libc.so.6(+0x388c6)[0x14ba472388c6]
[genoahost097:1736411] [ 6] /direct/sdcc+u/poare/Grid/build/examples/./Example_spec_kryschur[0x4cc206]
[genoahost097:1736411] [ 7] /direct/sdcc+u/poare/Grid/build/examples/./Example_spec_kryschur[0x4cc2f1]
[genoahost097:1736411] [ 8] /direct/sdcc+u/poare/Grid/build/examples/./Example_spec_kryschur[0x4c7e95]
[genoahost097:1736411] [ 9] /direct/sdcc+u/poare/Grid/build/examples/./Example_spec_kryschur[0x4b5f4f]
[genoahost097:1736411] [10] /direct/sdcc+u/poare/Grid/build/examples/./Example_spec_kryschur[0x41180d]
[genoahost097:1736411] [11] /lib64/libc.so.6(+0x2a610)[0x14ba4722a610]
[genoahost097:1736411] [12] /lib64/libc.so.6(__libc_start_main+0x80)[0x14ba4722a6c0]
[genoahost097:1736411] [13] /direct/sdcc+u/poare/Grid/build/examples/./Example_spec_kryschur[0x4147f5]
[genoahost097:1736411] *** End of error message ***

__|__|__|__|__|__|__|__|__|__|__|__|__|__|__
__|__|__|__|__|__|__|__|__|__|__|__|__|__|__
__|_ |  |  |  |  |  |  |  |  |  |  |  | _|__
__|_                                    _|__
__|_   GGGG    RRRR    III    DDDD      _|__
__|_  G        R   R    I     D   D     _|__
__|_  G        R   R    I     D    D    _|__
__|_  G  GG    RRRR     I     D    D    _|__
__|_  G   G    R  R     I     D   D     _|__
__|_   GGGG    R   R   III    DDDD      _|__
__|_                                    _|__
__|__|__|__|__|__|__|__|__|__|__|__|__|__|__
__|__|__|__|__|__|__|__|__|__|__|__|__|__|__
  |  |  |  |  |  |  |  |  |  |  |  |  |  |  


Copyright (C) 2015 Peter Boyle, Azusa Yamaguchi, Guido Cossu, Antonin Portelli and other authors

This program is free software; you can redistribute it and/or modify
it under the terms of the GNU General Public License as published by
the Free Software Foundation; either version 2 of the License, or
(at your option) any later version.

This program is distributed in the hope that it will be useful,
but WITHOUT ANY WARRANTY; without even the implied warranty of
MERCHANTABILITY or FITNESS FOR A PARTICULAR PURPOSE.  See the
GNU General Public License for more details.
Current Grid git commit hash=82d411ca7bb8ec4a5b5c3815df23674cfd291070: (HEAD -> develop, origin/develop, origin/HEAD) clean

Grid : Message : ================================================ 
Grid : Message : MPI is initialised and logging filters activated 
Grid : Message : ================================================ 
Grid : Message : This rank is running on host genoahost100.sdcc.bnl.local at local time 2026-02-27 13:58:07
Grid : Message : Requested 17179869184 byte stencil comms buffers 
Grid : Message : MemoryManager::Init() setting up
Grid : Message : MemoryManager::Init() cache pool for recent host   allocations: SMALL 8 LARGE 2 HUGE 0
Grid : Message : MemoryManager::Init() cache pool for recent device allocations: SMALL 16 LARGE 8 Huge 0
Grid : Message : MemoryManager::Init() cache pool for recent shared allocations: SMALL 16 LARGE 8 Huge 0
Grid : Message : MemoryManager::Init() Unified memory space
Sorting eigenvalues using EvalReSmall
Lattice size: [16 16 16 32]
Example_spec_kryschur: ../../Grid/communicator/SharedMemoryMPI.cc:434: static void Grid::GlobalSharedMemory::OptimalCommunicatorSharedMemory(const Coordinate&, ompi_communicator_t*&, Grid::Coordinate&): Assertion `WorldSize==Nprocessors' failed.
[genoahost100:652077] *** Process received signal ***
[genoahost100:652077] Signal: Aborted (6)
[genoahost100:652077] Signal code:  (-6)
[genoahost100:652077] [ 0] /lib64/libc.so.6(+0x3fc30)[0x148419c3fc30]
[genoahost100:652077] [ 1] /lib64/libc.so.6(+0x8d02c)[0x148419c8d02c]
[genoahost100:652077] [ 2] /lib64/libc.so.6(raise+0x16)[0x148419c3fb86]
[genoahost100:652077] [ 3] /lib64/libc.so.6(abort+0xd3)[0x148419c29873]
[genoahost100:652077] [ 4] /lib64/libc.so.6(+0x2979b)[0x148419c2979b]
[genoahost100:652077] [ 5] /lib64/libc.so.6(+0x388c6)[0x148419c388c6]
[genoahost100:652077] [ 6] /direct/sdcc+u/poare/Grid/build/examples/./Example_spec_kryschur[0x4cc206]
[genoahost100:652077] [ 7] /direct/sdcc+u/poare/Grid/build/examples/./Example_spec_kryschur[0x4cc2f1]
[genoahost100:652077] [ 8] /direct/sdcc+u/poare/Grid/build/examples/./Example_spec_kryschur[0x4c7e95]
[genoahost100:652077] [ 9] /direct/sdcc+u/poare/Grid/build/examples/./Example_spec_kryschur[0x4b5f4f]
[genoahost100:652077] [10] /direct/sdcc+u/poare/Grid/build/examples/./Example_spec_kryschur[0x41180d]
[genoahost100:652077] [11] /lib64/libc.so.6(+0x2a610)[0x148419c2a610]
[genoahost100:652077] [12] /lib64/libc.so.6(__libc_start_main+0x80)[0x148419c2a6c0]
[genoahost100:652077] [13] /direct/sdcc+u/poare/Grid/build/examples/./Example_spec_kryschur[0x4147f5]
[genoahost100:652077] *** End of error message ***

__|__|__|__|__|__|__|__|__|__|__|__|__|__|__
__|__|__|__|__|__|__|__|__|__|__|__|__|__|__
__|_ |  |  |  |  |  |  |  |  |  |  |  | _|__
__|_                                    _|__
__|_   GGGG    RRRR    III    DDDD      _|__
__|_  G        R   R    I     D   D     _|__
__|_  G        R   R    I     D    D    _|__
__|_  G  GG    RRRR     I     D    D    _|__
__|_  G   G    R  R     I     D   D     _|__
__|_   GGGG    R   R   III    DDDD      _|__
__|_                                    _|__
__|__|__|__|__|__|__|__|__|__|__|__|__|__|__
__|__|__|__|__|__|__|__|__|__|__|__|__|__|__
  |  |  |  |  |  |  |  |  |  |  |  |  |  |  


Copyright (C) 2015 Peter Boyle, Azusa Yamaguchi, Guido Cossu, Antonin Portelli and other authors

This program is free software; you can redistribute it and/or modify
it under the terms of the GNU General Public License as published by
the Free Software Foundation; either version 2 of the License, or
(at your option) any later version.

This program is distributed in the hope that it will be useful,
but WITHOUT ANY WARRANTY; without even the implied warranty of
MERCHANTABILITY or FITNESS FOR A PARTICULAR PURPOSE.  See the
GNU General Public License for more details.
Current Grid git commit hash=82d411ca7bb8ec4a5b5c3815df23674cfd291070: (HEAD -> develop, origin/develop, origin/HEAD) clean

Grid : Message : ================================================ 
Grid : Message : MPI is initialised and logging filters activated 
Grid : Message : ================================================ 
Grid : Message : This rank is running on host genoahost104.sdcc.bnl.local at local time 2026-02-27 13:58:07
Grid : Message : Requested 17179869184 byte stencil comms buffers 
Grid : Message : MemoryManager::Init() setting up
Grid : Message : MemoryManager::Init() cache pool for recent host   allocations: SMALL 8 LARGE 2 HUGE 0
Grid : Message : MemoryManager::Init() cache pool for recent device allocations: SMALL 16 LARGE 8 Huge 0
Grid : Message : MemoryManager::Init() cache pool for recent shared allocations: SMALL 16 LARGE 8 Huge 0
Grid : Message : MemoryManager::Init() Unified memory space
Sorting eigenvalues using EvalReSmall
Lattice size: [16 16 16 32]
Example_spec_kryschur: ../../Grid/communicator/SharedMemoryMPI.cc:434: static void Grid::GlobalSharedMemory::OptimalCommunicatorSharedMemory(const Coordinate&, ompi_communicator_t*&, Grid::Coordinate&): Assertion `WorldSize==Nprocessors' failed.
[genoahost104:633950] *** Process received signal ***
[genoahost104:633950] Signal: Aborted (6)
[genoahost104:633950] Signal code:  (-6)
[genoahost104:633950] [ 0] /lib64/libc.so.6(+0x3fc30)[0x148dee43fc30]
[genoahost104:633950] [ 1] /lib64/libc.so.6(+0x8d02c)[0x148dee48d02c]
[genoahost104:633950] [ 2] /lib64/libc.so.6(raise+0x16)[0x148dee43fb86]
[genoahost104:633950] [ 3] /lib64/libc.so.6(abort+0xd3)[0x148dee429873]
[genoahost104:633950] [ 4] /lib64/libc.so.6(+0x2979b)[0x148dee42979b]
[genoahost104:633950] [ 5] /lib64/libc.so.6(+0x388c6)[0x148dee4388c6]
[genoahost104:633950] [ 6] /direct/sdcc+u/poare/Grid/build/examples/./Example_spec_kryschur[0x4cc206]
[genoahost104:633950] [ 7] /direct/sdcc+u/poare/Grid/build/examples/./Example_spec_kryschur[0x4cc2f1]
[genoahost104:633950] [ 8] /direct/sdcc+u/poare/Grid/build/examples/./Example_spec_kryschur[0x4c7e95]
[genoahost104:633950] [ 9] /direct/sdcc+u/poare/Grid/build/examples/./Example_spec_kryschur[0x4b5f4f]
[genoahost104:633950] [10] /direct/sdcc+u/poare/Grid/build/examples/./Example_spec_kryschur[0x41180d]
[genoahost104:633950] [11] /lib64/libc.so.6(+0x2a610)[0x148dee42a610]
[genoahost104:633950] [12] /lib64/libc.so.6(__libc_start_main+0x80)[0x148dee42a6c0]
[genoahost104:633950] [13] /direct/sdcc+u/poare/Grid/build/examples/./Example_spec_kryschur[0x4147f5]
[genoahost104:633950] *** End of error message ***

__|__|__|__|__|__|__|__|__|__|__|__|__|__|__
__|__|__|__|__|__|__|__|__|__|__|__|__|__|__
__|_ |  |  |  |  |  |  |  |  |  |  |  | _|__
__|_                                    _|__
__|_   GGGG    RRRR    III    DDDD      _|__
__|_  G        R   R    I     D   D     _|__
__|_  G        R   R    I     D    D    _|__
__|_  G  GG    RRRR     I     D    D    _|__
__|_  G   G    R  R     I     D   D     _|__
__|_   GGGG    R   R   III    DDDD      _|__
__|_                                    _|__
__|__|__|__|__|__|__|__|__|__|__|__|__|__|__
__|__|__|__|__|__|__|__|__|__|__|__|__|__|__
  |  |  |  |  |  |  |  |  |  |  |  |  |  |  


Copyright (C) 2015 Peter Boyle, Azusa Yamaguchi, Guido Cossu, Antonin Portelli and other authors

This program is free software; you can redistribute it and/or modify
it under the terms of the GNU General Public License as published by
the Free Software Foundation; either version 2 of the License, or
(at your option) any later version.

This program is distributed in the hope that it will be useful,
but WITHOUT ANY WARRANTY; without even the implied warranty of
MERCHANTABILITY or FITNESS FOR A PARTICULAR PURPOSE.  See the
GNU General Public License for more details.
Current Grid git commit hash=82d411ca7bb8ec4a5b5c3815df23674cfd291070: (HEAD -> develop, origin/develop, origin/HEAD) clean

Grid : Message : ================================================ 
Grid : Message : MPI is initialised and logging filters activated 
Grid : Message : ================================================ 
Grid : Message : This rank is running on host genoahost100.sdcc.bnl.local at local time 2026-02-27 13:58:08
Grid : Message : Requested 17179869184 byte stencil comms buffers 
Grid : Message : MemoryManager::Init() setting up
Grid : Message : MemoryManager::Init() cache pool for recent host   allocations: SMALL 8 LARGE 2 HUGE 0
Grid : Message : MemoryManager::Init() cache pool for recent device allocations: SMALL 16 LARGE 8 Huge 0
Grid : Message : MemoryManager::Init() cache pool for recent shared allocations: SMALL 16 LARGE 8 Huge 0
Grid : Message : MemoryManager::Init() Unified memory space
Sorting eigenvalues using EvalReSmall
Lattice size: [16 16 16 32]
Example_spec_kryschur: ../../Grid/communicator/SharedMemoryMPI.cc:434: static void Grid::GlobalSharedMemory::OptimalCommunicatorSharedMemory(const Coordinate&, ompi_communicator_t*&, Grid::Coordinate&): Assertion `WorldSize==Nprocessors' failed.
[genoahost100:652075] *** Process received signal ***
[genoahost100:652075] Signal: Aborted (6)
[genoahost100:652075] Signal code:  (-6)
[genoahost100:652075] [ 0] /lib64/libc.so.6(+0x3fc30)[0x1492b543fc30]
[genoahost100:652075] [ 1] /lib64/libc.so.6(+0x8d02c)[0x1492b548d02c]
[genoahost100:652075] [ 2] /lib64/libc.so.6(raise+0x16)[0x1492b543fb86]
[genoahost100:652075] [ 3] /lib64/libc.so.6(abort+0xd3)[0x1492b5429873]
[genoahost100:652075] [ 4] /lib64/libc.so.6(+0x2979b)[0x1492b542979b]
[genoahost100:652075] [ 5] /lib64/libc.so.6(+0x388c6)[0x1492b54388c6]
[genoahost100:652075] [ 6] /direct/sdcc+u/poare/Grid/build/examples/./Example_spec_kryschur[0x4cc206]
[genoahost100:652075] [ 7] /direct/sdcc+u/poare/Grid/build/examples/./Example_spec_kryschur[0x4cc2f1]
[genoahost100:652075] [ 8] /direct/sdcc+u/poare/Grid/build/examples/./Example_spec_kryschur[0x4c7e95]
[genoahost100:652075] [ 9] /direct/sdcc+u/poare/Grid/build/examples/./Example_spec_kryschur[0x4b5f4f]
[genoahost100:652075] [10] /direct/sdcc+u/poare/Grid/build/examples/./Example_spec_kryschur[0x41180d]
[genoahost100:652075] [11] /lib64/libc.so.6(+0x2a610)[0x1492b542a610]
[genoahost100:652075] [12] /lib64/libc.so.6(__libc_start_main+0x80)[0x1492b542a6c0]
[genoahost100:652075] [13] /direct/sdcc+u/poare/Grid/build/examples/./Example_spec_kryschur[0x4147f5]
[genoahost100:652075] *** End of error message ***

__|__|__|__|__|__|__|__|__|__|__|__|__|__|__
__|__|__|__|__|__|__|__|__|__|__|__|__|__|__
__|_ |  |  |  |  |  |  |  |  |  |  |  | _|__
__|_                                    _|__
__|_   GGGG    RRRR    III    DDDD      _|__
__|_  G        R   R    I     D   D     _|__
__|_  G        R   R    I     D    D    _|__
__|_  G  GG    RRRR     I     D    D    _|__
__|_  G   G    R  R     I     D   D     _|__
__|_   GGGG    R   R   III    DDDD      _|__
__|_                                    _|__
__|__|__|__|__|__|__|__|__|__|__|__|__|__|__
__|__|__|__|__|__|__|__|__|__|__|__|__|__|__
  |  |  |  |  |  |  |  |  |  |  |  |  |  |  


Copyright (C) 2015 Peter Boyle, Azusa Yamaguchi, Guido Cossu, Antonin Portelli and other authors

This program is free software; you can redistribute it and/or modify
it under the terms of the GNU General Public License as published by
the Free Software Foundation; either version 2 of the License, or
(at your option) any later version.

This program is distributed in the hope that it will be useful,
but WITHOUT ANY WARRANTY; without even the implied warranty of
MERCHANTABILITY or FITNESS FOR A PARTICULAR PURPOSE.  See the
GNU General Public License for more details.
Current Grid git commit hash=82d411ca7bb8ec4a5b5c3815df23674cfd291070: (HEAD -> develop, origin/develop, origin/HEAD) clean

Grid : Message : ================================================ 
Grid : Message : MPI is initialised and logging filters activated 
Grid : Message : ================================================ 
Grid : Message : This rank is running on host genoahost098.sdcc.bnl.local at local time 2026-02-27 13:58:10
Grid : Message : Requested 17179869184 byte stencil comms buffers 
Grid : Message : MemoryManager::Init() setting up
Grid : Message : MemoryManager::Init() cache pool for recent host   allocations: SMALL 8 LARGE 2 HUGE 0
Grid : Message : MemoryManager::Init() cache pool for recent device allocations: SMALL 16 LARGE 8 Huge 0
Grid : Message : MemoryManager::Init() cache pool for recent shared allocations: SMALL 16 LARGE 8 Huge 0
Grid : Message : MemoryManager::Init() Unified memory space
Sorting eigenvalues using EvalReSmall
Lattice size: [16 16 16 32]
Example_spec_kryschur: ../../Grid/communicator/SharedMemoryMPI.cc:434: static void Grid::GlobalSharedMemory::OptimalCommunicatorSharedMemory(const Coordinate&, ompi_communicator_t*&, Grid::Coordinate&): Assertion `WorldSize==Nprocessors' failed.
[genoahost098:1633832] *** Process received signal ***
[genoahost098:1633832] Signal: Aborted (6)
[genoahost098:1633832] Signal code:  (-6)
[genoahost098:1633832] [ 0] /lib64/libc.so.6(+0x3fc30)[0x14e2a463fc30]
[genoahost098:1633832] [ 1] /lib64/libc.so.6(+0x8d02c)[0x14e2a468d02c]
[genoahost098:1633832] [ 2] /lib64/libc.so.6(raise+0x16)[0x14e2a463fb86]
[genoahost098:1633832] [ 3] /lib64/libc.so.6(abort+0xd3)[0x14e2a4629873]
[genoahost098:1633832] [ 4] /lib64/libc.so.6(+0x2979b)[0x14e2a462979b]
[genoahost098:1633832] [ 5] /lib64/libc.so.6(+0x388c6)[0x14e2a46388c6]
[genoahost098:1633832] [ 6] /direct/sdcc+u/poare/Grid/build/examples/./Example_spec_kryschur[0x4cc206]
[genoahost098:1633832] [ 7] /direct/sdcc+u/poare/Grid/build/examples/./Example_spec_kryschur[0x4cc2f1]
[genoahost098:1633832] [ 8] /direct/sdcc+u/poare/Grid/build/examples/./Example_spec_kryschur[0x4c7e95]
[genoahost098:1633832] [ 9] /direct/sdcc+u/poare/Grid/build/examples/./Example_spec_kryschur[0x4b5f4f]
[genoahost098:1633832] [10] /direct/sdcc+u/poare/Grid/build/examples/./Example_spec_kryschur[0x41180d]
[genoahost098:1633832] [11] /lib64/libc.so.6(+0x2a610)[0x14e2a462a610]
[genoahost098:1633832] [12] /lib64/libc.so.6(__libc_start_main+0x80)[0x14e2a462a6c0]
[genoahost098:1633832] [13] /direct/sdcc+u/poare/Grid/build/examples/./Example_spec_kryschur[0x4147f5]
[genoahost098:1633832] *** End of error message ***

__|__|__|__|__|__|__|__|__|__|__|__|__|__|__
__|__|__|__|__|__|__|__|__|__|__|__|__|__|__
__|_ |  |  |  |  |  |  |  |  |  |  |  | _|__
__|_                                    _|__
__|_   GGGG    RRRR    III    DDDD      _|__
__|_  G        R   R    I     D   D     _|__
__|_  G        R   R    I     D    D    _|__
__|_  G  GG    RRRR     I     D    D    _|__
__|_  G   G    R  R     I     D   D     _|__
__|_   GGGG    R   R   III    DDDD      _|__
__|_                                    _|__
__|__|__|__|__|__|__|__|__|__|__|__|__|__|__
__|__|__|__|__|__|__|__|__|__|__|__|__|__|__
  |  |  |  |  |  |  |  |  |  |  |  |  |  |  


Copyright (C) 2015 Peter Boyle, Azusa Yamaguchi, Guido Cossu, Antonin Portelli and other authors

This program is free software; you can redistribute it and/or modify
it under the terms of the GNU General Public License as published by
the Free Software Foundation; either version 2 of the License, or
(at your option) any later version.

This program is distributed in the hope that it will be useful,
but WITHOUT ANY WARRANTY; without even the implied warranty of
MERCHANTABILITY or FITNESS FOR A PARTICULAR PURPOSE.  See the
GNU General Public License for more details.
Current Grid git commit hash=82d411ca7bb8ec4a5b5c3815df23674cfd291070: (HEAD -> develop, origin/develop, origin/HEAD) clean

Grid : Message : ================================================ 
Grid : Message : MPI is initialised and logging filters activated 
Grid : Message : ================================================ 
Grid : Message : This rank is running on host genoahost097.sdcc.bnl.local at local time 2026-02-27 13:58:10
Grid : Message : Requested 17179869184 byte stencil comms buffers 
Grid : Message : MemoryManager::Init() setting up
Grid : Message : MemoryManager::Init() cache pool for recent host   allocations: SMALL 8 LARGE 2 HUGE 0
Grid : Message : MemoryManager::Init() cache pool for recent device allocations: SMALL 16 LARGE 8 Huge 0
Grid : Message : MemoryManager::Init() cache pool for recent shared allocations: SMALL 16 LARGE 8 Huge 0
Grid : Message : MemoryManager::Init() Unified memory space
Sorting eigenvalues using EvalReSmall
Lattice size: [16 16 16 32]
Example_spec_kryschur: ../../Grid/communicator/SharedMemoryMPI.cc:434: static void Grid::GlobalSharedMemory::OptimalCommunicatorSharedMemory(const Coordinate&, ompi_communicator_t*&, Grid::Coordinate&): Assertion `WorldSize==Nprocessors' failed.
[genoahost097:1736410] *** Process received signal ***
[genoahost097:1736410] Signal: Aborted (6)
[genoahost097:1736410] Signal code:  (-6)
[genoahost097:1736410] [ 0] /lib64/libc.so.6(+0x3fc30)[0x14f598e3fc30]
[genoahost097:1736410] [ 1] /lib64/libc.so.6(+0x8d02c)[0x14f598e8d02c]
[genoahost097:1736410] [ 2] /lib64/libc.so.6(raise+0x16)[0x14f598e3fb86]
[genoahost097:1736410] [ 3] /lib64/libc.so.6(abort+0xd3)[0x14f598e29873]
[genoahost097:1736410] [ 4] /lib64/libc.so.6(+0x2979b)[0x14f598e2979b]
[genoahost097:1736410] [ 5] /lib64/libc.so.6(+0x388c6)[0x14f598e388c6]
[genoahost097:1736410] [ 6] /direct/sdcc+u/poare/Grid/build/examples/./Example_spec_kryschur[0x4cc206]
[genoahost097:1736410] [ 7] /direct/sdcc+u/poare/Grid/build/examples/./Example_spec_kryschur[0x4cc2f1]
[genoahost097:1736410] [ 8] /direct/sdcc+u/poare/Grid/build/examples/./Example_spec_kryschur[0x4c7e95]
[genoahost097:1736410] [ 9] /direct/sdcc+u/poare/Grid/build/examples/./Example_spec_kryschur[0x4b5f4f]
[genoahost097:1736410] [10] /direct/sdcc+u/poare/Grid/build/examples/./Example_spec_kryschur[0x41180d]
[genoahost097:1736410] [11] /lib64/libc.so.6(+0x2a610)[0x14f598e2a610]
[genoahost097:1736410] [12] /lib64/libc.so.6(__libc_start_main+0x80)[0x14f598e2a6c0]
[genoahost097:1736410] [13] /direct/sdcc+u/poare/Grid/build/examples/./Example_spec_kryschur[0x4147f5]
[genoahost097:1736410] *** End of error message ***

__|__|__|__|__|__|__|__|__|__|__|__|__|__|__
__|__|__|__|__|__|__|__|__|__|__|__|__|__|__
__|_ |  |  |  |  |  |  |  |  |  |  |  | _|__
__|_                                    _|__
__|_   GGGG    RRRR    III    DDDD      _|__
__|_  G        R   R    I     D   D     _|__
__|_  G        R   R    I     D    D    _|__
__|_  G  GG    RRRR     I     D    D    _|__
__|_  G   G    R  R     I     D   D     _|__
__|_   GGGG    R   R   III    DDDD      _|__
__|_                                    _|__
__|__|__|__|__|__|__|__|__|__|__|__|__|__|__
__|__|__|__|__|__|__|__|__|__|__|__|__|__|__
  |  |  |  |  |  |  |  |  |  |  |  |  |  |  


Copyright (C) 2015 Peter Boyle, Azusa Yamaguchi, Guido Cossu, Antonin Portelli and other authors

This program is free software; you can redistribute it and/or modify
it under the terms of the GNU General Public License as published by
the Free Software Foundation; either version 2 of the License, or
(at your option) any later version.

This program is distributed in the hope that it will be useful,
but WITHOUT ANY WARRANTY; without even the implied warranty of
MERCHANTABILITY or FITNESS FOR A PARTICULAR PURPOSE.  See the
GNU General Public License for more details.
Current Grid git commit hash=82d411ca7bb8ec4a5b5c3815df23674cfd291070: (HEAD -> develop, origin/develop, origin/HEAD) clean

Grid : Message : ================================================ 
Grid : Message : MPI is initialised and logging filters activated 
Grid : Message : ================================================ 
Grid : Message : This rank is running on host genoahost104.sdcc.bnl.local at local time 2026-02-27 13:58:12
Grid : Message : Requested 17179869184 byte stencil comms buffers 
Grid : Message : MemoryManager::Init() setting up
Grid : Message : MemoryManager::Init() cache pool for recent host   allocations: SMALL 8 LARGE 2 HUGE 0
Grid : Message : MemoryManager::Init() cache pool for recent device allocations: SMALL 16 LARGE 8 Huge 0
Grid : Message : MemoryManager::Init() cache pool for recent shared allocations: SMALL 16 LARGE 8 Huge 0
Grid : Message : MemoryManager::Init() Unified memory space
Sorting eigenvalues using EvalReSmall
Lattice size: [16 16 16 32]
Example_spec_kryschur: ../../Grid/communicator/SharedMemoryMPI.cc:434: static void Grid::GlobalSharedMemory::OptimalCommunicatorSharedMemory(const Coordinate&, ompi_communicator_t*&, Grid::Coordinate&): Assertion `WorldSize==Nprocessors' failed.
[genoahost104:633951] *** Process received signal ***
[genoahost104:633951] Signal: Aborted (6)
[genoahost104:633951] Signal code:  (-6)
[genoahost104:633951] [ 0] /lib64/libc.so.6(+0x3fc30)[0x14bc1783fc30]
[genoahost104:633951] [ 1] /lib64/libc.so.6(+0x8d02c)[0x14bc1788d02c]
[genoahost104:633951] [ 2] /lib64/libc.so.6(raise+0x16)[0x14bc1783fb86]
[genoahost104:633951] [ 3] /lib64/libc.so.6(abort+0xd3)[0x14bc17829873]
[genoahost104:633951] [ 4] /lib64/libc.so.6(+0x2979b)[0x14bc1782979b]
[genoahost104:633951] [ 5] /lib64/libc.so.6(+0x388c6)[0x14bc178388c6]
[genoahost104:633951] [ 6] /direct/sdcc+u/poare/Grid/build/examples/./Example_spec_kryschur[0x4cc206]
[genoahost104:633951] [ 7] /direct/sdcc+u/poare/Grid/build/examples/./Example_spec_kryschur[0x4cc2f1]
[genoahost104:633951] [ 8] /direct/sdcc+u/poare/Grid/build/examples/./Example_spec_kryschur[0x4c7e95]
[genoahost104:633951] [ 9] /direct/sdcc+u/poare/Grid/build/examples/./Example_spec_kryschur[0x4b5f4f]
[genoahost104:633951] [10] /direct/sdcc+u/poare/Grid/build/examples/./Example_spec_kryschur[0x41180d]
[genoahost104:633951] [11] /lib64/libc.so.6(+0x2a610)[0x14bc1782a610]
[genoahost104:633951] [12] /lib64/libc.so.6(__libc_start_main+0x80)[0x14bc1782a6c0]
[genoahost104:633951] [13] /direct/sdcc+u/poare/Grid/build/examples/./Example_spec_kryschur[0x4147f5]
[genoahost104:633951] *** End of error message ***

__|__|__|__|__|__|__|__|__|__|__|__|__|__|__
__|__|__|__|__|__|__|__|__|__|__|__|__|__|__
__|_ |  |  |  |  |  |  |  |  |  |  |  | _|__
__|_                                    _|__
__|_   GGGG    RRRR    III    DDDD      _|__
__|_  G        R   R    I     D   D     _|__
__|_  G        R   R    I     D    D    _|__
__|_  G  GG    RRRR     I     D    D    _|__
__|_  G   G    R  R     I     D   D     _|__
__|_   GGGG    R   R   III    DDDD      _|__
__|_                                    _|__
__|__|__|__|__|__|__|__|__|__|__|__|__|__|__
__|__|__|__|__|__|__|__|__|__|__|__|__|__|__
  |  |  |  |  |  |  |  |  |  |  |  |  |  |  


Copyright (C) 2015 Peter Boyle, Azusa Yamaguchi, Guido Cossu, Antonin Portelli and other authors

This program is free software; you can redistribute it and/or modify
it under the terms of the GNU General Public License as published by
the Free Software Foundation; either version 2 of the License, or
(at your option) any later version.

This program is distributed in the hope that it will be useful,
but WITHOUT ANY WARRANTY; without even the implied warranty of
MERCHANTABILITY or FITNESS FOR A PARTICULAR PURPOSE.  See the
GNU General Public License for more details.
Current Grid git commit hash=82d411ca7bb8ec4a5b5c3815df23674cfd291070: (HEAD -> develop, origin/develop, origin/HEAD) clean

Grid : Message : ================================================ 
Grid : Message : MPI is initialised and logging filters activated 
Grid : Message : ================================================ 
Grid : Message : This rank is running on host genoahost104.sdcc.bnl.local at local time 2026-02-27 13:58:12
Grid : Message : Requested 17179869184 byte stencil comms buffers 
Grid : Message : MemoryManager::Init() setting up
Grid : Message : MemoryManager::Init() cache pool for recent host   allocations: SMALL 8 LARGE 2 HUGE 0
Grid : Message : MemoryManager::Init() cache pool for recent device allocations: SMALL 16 LARGE 8 Huge 0
Grid : Message : MemoryManager::Init() cache pool for recent shared allocations: SMALL 16 LARGE 8 Huge 0
Grid : Message : MemoryManager::Init() Unified memory space
Sorting eigenvalues using EvalReSmall
Lattice size: [16 16 16 32]
Example_spec_kryschur: ../../Grid/communicator/SharedMemoryMPI.cc:434: static void Grid::GlobalSharedMemory::OptimalCommunicatorSharedMemory(const Coordinate&, ompi_communicator_t*&, Grid::Coordinate&): Assertion `WorldSize==Nprocessors' failed.
[genoahost104:633958] *** Process received signal ***
[genoahost104:633958] Signal: Aborted (6)
[genoahost104:633958] Signal code:  (-6)
[genoahost104:633958] [ 0] /lib64/libc.so.6(+0x3fc30)[0x145906e3fc30]
[genoahost104:633958] [ 1] /lib64/libc.so.6(+0x8d02c)[0x145906e8d02c]
[genoahost104:633958] [ 2] /lib64/libc.so.6(raise+0x16)[0x145906e3fb86]
[genoahost104:633958] [ 3] /lib64/libc.so.6(abort+0xd3)[0x145906e29873]
[genoahost104:633958] [ 4] /lib64/libc.so.6(+0x2979b)[0x145906e2979b]
[genoahost104:633958] [ 5] /lib64/libc.so.6(+0x388c6)[0x145906e388c6]
[genoahost104:633958] [ 6] /direct/sdcc+u/poare/Grid/build/examples/./Example_spec_kryschur[0x4cc206]
[genoahost104:633958] [ 7] /direct/sdcc+u/poare/Grid/build/examples/./Example_spec_kryschur[0x4cc2f1]
[genoahost104:633958] [ 8] /direct/sdcc+u/poare/Grid/build/examples/./Example_spec_kryschur[0x4c7e95]
[genoahost104:633958] [ 9] /direct/sdcc+u/poare/Grid/build/examples/./Example_spec_kryschur[0x4b5f4f]
[genoahost104:633958] [10] /direct/sdcc+u/poare/Grid/build/examples/./Example_spec_kryschur[0x41180d]
[genoahost104:633958] [11] /lib64/libc.so.6(+0x2a610)[0x145906e2a610]
[genoahost104:633958] [12] /lib64/libc.so.6(__libc_start_main+0x80)[0x145906e2a6c0]
[genoahost104:633958] [13] /direct/sdcc+u/poare/Grid/build/examples/./Example_spec_kryschur[0x4147f5]
[genoahost104:633958] *** End of error message ***

__|__|__|__|__|__|__|__|__|__|__|__|__|__|__
__|__|__|__|__|__|__|__|__|__|__|__|__|__|__
__|_ |  |  |  |  |  |  |  |  |  |  |  | _|__
__|_                                    _|__
__|_   GGGG    RRRR    III    DDDD      _|__
__|_  G        R   R    I     D   D     _|__
__|_  G        R   R    I     D    D    _|__
__|_  G  GG    RRRR     I     D    D    _|__
__|_  G   G    R  R     I     D   D     _|__
__|_   GGGG    R   R   III    DDDD      _|__
__|_                                    _|__
__|__|__|__|__|__|__|__|__|__|__|__|__|__|__
__|__|__|__|__|__|__|__|__|__|__|__|__|__|__
  |  |  |  |  |  |  |  |  |  |  |  |  |  |  


Copyright (C) 2015 Peter Boyle, Azusa Yamaguchi, Guido Cossu, Antonin Portelli and other authors

This program is free software; you can redistribute it and/or modify
it under the terms of the GNU General Public License as published by
the Free Software Foundation; either version 2 of the License, or
(at your option) any later version.

This program is distributed in the hope that it will be useful,
but WITHOUT ANY WARRANTY; without even the implied warranty of
MERCHANTABILITY or FITNESS FOR A PARTICULAR PURPOSE.  See the
GNU General Public License for more details.
Current Grid git commit hash=82d411ca7bb8ec4a5b5c3815df23674cfd291070: (HEAD -> develop, origin/develop, origin/HEAD) clean

Grid : Message : ================================================ 
Grid : Message : MPI is initialised and logging filters activated 
Grid : Message : ================================================ 
Grid : Message : This rank is running on host genoahost104.sdcc.bnl.local at local time 2026-02-27 13:58:12
Grid : Message : Requested 17179869184 byte stencil comms buffers 
Grid : Message : MemoryManager::Init() setting up
Grid : Message : MemoryManager::Init() cache pool for recent host   allocations: SMALL 8 LARGE 2 HUGE 0
Grid : Message : MemoryManager::Init() cache pool for recent device allocations: SMALL 16 LARGE 8 Huge 0
Grid : Message : MemoryManager::Init() cache pool for recent shared allocations: SMALL 16 LARGE 8 Huge 0
Grid : Message : MemoryManager::Init() Unified memory space
Sorting eigenvalues using EvalReSmall
Lattice size: [16 16 16 32]
Example_spec_kryschur: ../../Grid/communicator/SharedMemoryMPI.cc:434: static void Grid::GlobalSharedMemory::OptimalCommunicatorSharedMemory(const Coordinate&, ompi_communicator_t*&, Grid::Coordinate&): Assertion `WorldSize==Nprocessors' failed.
[genoahost104:633944] *** Process received signal ***
[genoahost104:633944] Signal: Aborted (6)
[genoahost104:633944] Signal code:  (-6)
[genoahost104:633944] [ 0] /lib64/libc.so.6(+0x3fc30)[0x1536df23fc30]
[genoahost104:633944] [ 1] /lib64/libc.so.6(+0x8d02c)[0x1536df28d02c]
[genoahost104:633944] [ 2] /lib64/libc.so.6(raise+0x16)[0x1536df23fb86]
[genoahost104:633944] [ 3] /lib64/libc.so.6(abort+0xd3)[0x1536df229873]
[genoahost104:633944] [ 4] /lib64/libc.so.6(+0x2979b)[0x1536df22979b]
[genoahost104:633944] [ 5] /lib64/libc.so.6(+0x388c6)[0x1536df2388c6]
[genoahost104:633944] [ 6] /direct/sdcc+u/poare/Grid/build/examples/./Example_spec_kryschur[0x4cc206]
[genoahost104:633944] [ 7] /direct/sdcc+u/poare/Grid/build/examples/./Example_spec_kryschur[0x4cc2f1]
[genoahost104:633944] [ 8] /direct/sdcc+u/poare/Grid/build/examples/./Example_spec_kryschur[0x4c7e95]
[genoahost104:633944] [ 9] /direct/sdcc+u/poare/Grid/build/examples/./Example_spec_kryschur[0x4b5f4f]
[genoahost104:633944] [10] /direct/sdcc+u/poare/Grid/build/examples/./Example_spec_kryschur[0x41180d]
[genoahost104:633944] [11] /lib64/libc.so.6(+0x2a610)[0x1536df22a610]
[genoahost104:633944] [12] /lib64/libc.so.6(__libc_start_main+0x80)[0x1536df22a6c0]
[genoahost104:633944] [13] /direct/sdcc+u/poare/Grid/build/examples/./Example_spec_kryschur[0x4147f5]
[genoahost104:633944] *** End of error message ***

__|__|__|__|__|__|__|__|__|__|__|__|__|__|__
__|__|__|__|__|__|__|__|__|__|__|__|__|__|__
__|_ |  |  |  |  |  |  |  |  |  |  |  | _|__
__|_                                    _|__
__|_   GGGG    RRRR    III    DDDD      _|__
__|_  G        R   R    I     D   D     _|__
__|_  G        R   R    I     D    D    _|__
__|_  G  GG    RRRR     I     D    D    _|__
__|_  G   G    R  R     I     D   D     _|__
__|_   GGGG    R   R   III    DDDD      _|__
__|_                                    _|__
__|__|__|__|__|__|__|__|__|__|__|__|__|__|__
__|__|__|__|__|__|__|__|__|__|__|__|__|__|__
  |  |  |  |  |  |  |  |  |  |  |  |  |  |  


Copyright (C) 2015 Peter Boyle, Azusa Yamaguchi, Guido Cossu, Antonin Portelli and other authors

This program is free software; you can redistribute it and/or modify
it under the terms of the GNU General Public License as published by
the Free Software Foundation; either version 2 of the License, or
(at your option) any later version.

This program is distributed in the hope that it will be useful,
but WITHOUT ANY WARRANTY; without even the implied warranty of
MERCHANTABILITY or FITNESS FOR A PARTICULAR PURPOSE.  See the
GNU General Public License for more details.
Current Grid git commit hash=82d411ca7bb8ec4a5b5c3815df23674cfd291070: (HEAD -> develop, origin/develop, origin/HEAD) clean

Grid : Message : ================================================ 
Grid : Message : MPI is initialised and logging filters activated 
Grid : Message : ================================================ 
Grid : Message : This rank is running on host genoahost104.sdcc.bnl.local at local time 2026-02-27 13:58:12
Grid : Message : Requested 17179869184 byte stencil comms buffers 
Grid : Message : MemoryManager::Init() setting up
Grid : Message : MemoryManager::Init() cache pool for recent host   allocations: SMALL 8 LARGE 2 HUGE 0
Grid : Message : MemoryManager::Init() cache pool for recent device allocations: SMALL 16 LARGE 8 Huge 0
Grid : Message : MemoryManager::Init() cache pool for recent shared allocations: SMALL 16 LARGE 8 Huge 0
Grid : Message : MemoryManager::Init() Unified memory space
Sorting eigenvalues using EvalReSmall
Lattice size: [16 16 16 32]
Example_spec_kryschur: ../../Grid/communicator/SharedMemoryMPI.cc:434: static void Grid::GlobalSharedMemory::OptimalCommunicatorSharedMemory(const Coordinate&, ompi_communicator_t*&, Grid::Coordinate&): Assertion `WorldSize==Nprocessors' failed.
[genoahost104:633949] *** Process received signal ***
[genoahost104:633949] Signal: Aborted (6)
[genoahost104:633949] Signal code:  (-6)
[genoahost104:633949] [ 0] /lib64/libc.so.6(+0x3fc30)[0x14824443fc30]
[genoahost104:633949] [ 1] /lib64/libc.so.6(+0x8d02c)[0x14824448d02c]
[genoahost104:633949] [ 2] /lib64/libc.so.6(raise+0x16)[0x14824443fb86]
[genoahost104:633949] [ 3] /lib64/libc.so.6(abort+0xd3)[0x148244429873]
[genoahost104:633949] [ 4] /lib64/libc.so.6(+0x2979b)[0x14824442979b]
[genoahost104:633949] [ 5] /lib64/libc.so.6(+0x388c6)[0x1482444388c6]
[genoahost104:633949] [ 6] /direct/sdcc+u/poare/Grid/build/examples/./Example_spec_kryschur[0x4cc206]
[genoahost104:633949] [ 7] /direct/sdcc+u/poare/Grid/build/examples/./Example_spec_kryschur[0x4cc2f1]
[genoahost104:633949] [ 8] /direct/sdcc+u/poare/Grid/build/examples/./Example_spec_kryschur[0x4c7e95]
[genoahost104:633949] [ 9] /direct/sdcc+u/poare/Grid/build/examples/./Example_spec_kryschur[0x4b5f4f]
[genoahost104:633949] [10] /direct/sdcc+u/poare/Grid/build/examples/./Example_spec_kryschur[0x41180d]
[genoahost104:633949] [11] /lib64/libc.so.6(+0x2a610)[0x14824442a610]
[genoahost104:633949] [12] /lib64/libc.so.6(__libc_start_main+0x80)[0x14824442a6c0]
[genoahost104:633949] [13] /direct/sdcc+u/poare/Grid/build/examples/./Example_spec_kryschur[0x4147f5]
[genoahost104:633949] *** End of error message ***

__|__|__|__|__|__|__|__|__|__|__|__|__|__|__
__|__|__|__|__|__|__|__|__|__|__|__|__|__|__
__|_ |  |  |  |  |  |  |  |  |  |  |  | _|__
__|_                                    _|__
__|_   GGGG    RRRR    III    DDDD      _|__
__|_  G        R   R    I     D   D     _|__
__|_  G        R   R    I     D    D    _|__
__|_  G  GG    RRRR     I     D    D    _|__
__|_  G   G    R  R     I     D   D     _|__
__|_   GGGG    R   R   III    DDDD      _|__
__|_                                    _|__
__|__|__|__|__|__|__|__|__|__|__|__|__|__|__
__|__|__|__|__|__|__|__|__|__|__|__|__|__|__
  |  |  |  |  |  |  |  |  |  |  |  |  |  |  


Copyright (C) 2015 Peter Boyle, Azusa Yamaguchi, Guido Cossu, Antonin Portelli and other authors

This program is free software; you can redistribute it and/or modify
it under the terms of the GNU General Public License as published by
the Free Software Foundation; either version 2 of the License, or
(at your option) any later version.

This program is distributed in the hope that it will be useful,
but WITHOUT ANY WARRANTY; without even the implied warranty of
MERCHANTABILITY or FITNESS FOR A PARTICULAR PURPOSE.  See the
GNU General Public License for more details.
Current Grid git commit hash=82d411ca7bb8ec4a5b5c3815df23674cfd291070: (HEAD -> develop, origin/develop, origin/HEAD) clean

Grid : Message : ================================================ 
Grid : Message : MPI is initialised and logging filters activated 
Grid : Message : ================================================ 
Grid : Message : This rank is running on host genoahost104.sdcc.bnl.local at local time 2026-02-27 13:58:12
Grid : Message : Requested 17179869184 byte stencil comms buffers 
Grid : Message : MemoryManager::Init() setting up
Grid : Message : MemoryManager::Init() cache pool for recent host   allocations: SMALL 8 LARGE 2 HUGE 0
Grid : Message : MemoryManager::Init() cache pool for recent device allocations: SMALL 16 LARGE 8 Huge 0
Grid : Message : MemoryManager::Init() cache pool for recent shared allocations: SMALL 16 LARGE 8 Huge 0
Grid : Message : MemoryManager::Init() Unified memory space
Sorting eigenvalues using EvalReSmall
Lattice size: [16 16 16 32]
Example_spec_kryschur: ../../Grid/communicator/SharedMemoryMPI.cc:434: static void Grid::GlobalSharedMemory::OptimalCommunicatorSharedMemory(const Coordinate&, ompi_communicator_t*&, Grid::Coordinate&): Assertion `WorldSize==Nprocessors' failed.
[genoahost104:633946] *** Process received signal ***
[genoahost104:633946] Signal: Aborted (6)
[genoahost104:633946] Signal code:  (-6)
[genoahost104:633946] [ 0] /lib64/libc.so.6(+0x3fc30)[0x14f65203fc30]
[genoahost104:633946] [ 1] /lib64/libc.so.6(+0x8d02c)[0x14f65208d02c]
[genoahost104:633946] [ 2] /lib64/libc.so.6(raise+0x16)[0x14f65203fb86]
[genoahost104:633946] [ 3] /lib64/libc.so.6(abort+0xd3)[0x14f652029873]
[genoahost104:633946] [ 4] /lib64/libc.so.6(+0x2979b)[0x14f65202979b]
[genoahost104:633946] [ 5] /lib64/libc.so.6(+0x388c6)[0x14f6520388c6]
[genoahost104:633946] [ 6] /direct/sdcc+u/poare/Grid/build/examples/./Example_spec_kryschur[0x4cc206]
[genoahost104:633946] [ 7] /direct/sdcc+u/poare/Grid/build/examples/./Example_spec_kryschur[0x4cc2f1]
[genoahost104:633946] [ 8] /direct/sdcc+u/poare/Grid/build/examples/./Example_spec_kryschur[0x4c7e95]
[genoahost104:633946] [ 9] /direct/sdcc+u/poare/Grid/build/examples/./Example_spec_kryschur[0x4b5f4f]
[genoahost104:633946] [10] /direct/sdcc+u/poare/Grid/build/examples/./Example_spec_kryschur[0x41180d]
[genoahost104:633946] [11] /lib64/libc.so.6(+0x2a610)[0x14f65202a610]
[genoahost104:633946] [12] /lib64/libc.so.6(__libc_start_main+0x80)[0x14f65202a6c0]
[genoahost104:633946] [13] /direct/sdcc+u/poare/Grid/build/examples/./Example_spec_kryschur[0x4147f5]
[genoahost104:633946] *** End of error message ***

__|__|__|__|__|__|__|__|__|__|__|__|__|__|__
__|__|__|__|__|__|__|__|__|__|__|__|__|__|__
__|_ |  |  |  |  |  |  |  |  |  |  |  | _|__
__|_                                    _|__
__|_   GGGG    RRRR    III    DDDD      _|__
__|_  G        R   R    I     D   D     _|__
__|_  G        R   R    I     D    D    _|__
__|_  G  GG    RRRR     I     D    D    _|__
__|_  G   G    R  R     I     D   D     _|__
__|_   GGGG    R   R   III    DDDD      _|__
__|_                                    _|__
__|__|__|__|__|__|__|__|__|__|__|__|__|__|__
__|__|__|__|__|__|__|__|__|__|__|__|__|__|__
  |  |  |  |  |  |  |  |  |  |  |  |  |  |  


Copyright (C) 2015 Peter Boyle, Azusa Yamaguchi, Guido Cossu, Antonin Portelli and other authors

This program is free software; you can redistribute it and/or modify
it under the terms of the GNU General Public License as published by
the Free Software Foundation; either version 2 of the License, or
(at your option) any later version.

This program is distributed in the hope that it will be useful,
but WITHOUT ANY WARRANTY; without even the implied warranty of
MERCHANTABILITY or FITNESS FOR A PARTICULAR PURPOSE.  See the
GNU General Public License for more details.
Current Grid git commit hash=82d411ca7bb8ec4a5b5c3815df23674cfd291070: (HEAD -> develop, origin/develop, origin/HEAD) clean

Grid : Message : ================================================ 
Grid : Message : MPI is initialised and logging filters activated 
Grid : Message : ================================================ 
Grid : Message : This rank is running on host genoahost104.sdcc.bnl.local at local time 2026-02-27 13:58:12
Grid : Message : Requested 17179869184 byte stencil comms buffers 
Grid : Message : MemoryManager::Init() setting up
Grid : Message : MemoryManager::Init() cache pool for recent host   allocations: SMALL 8 LARGE 2 HUGE 0
Grid : Message : MemoryManager::Init() cache pool for recent device allocations: SMALL 16 LARGE 8 Huge 0
Grid : Message : MemoryManager::Init() cache pool for recent shared allocations: SMALL 16 LARGE 8 Huge 0
Grid : Message : MemoryManager::Init() Unified memory space
Sorting eigenvalues using EvalReSmall
Lattice size: [16 16 16 32]
Example_spec_kryschur: ../../Grid/communicator/SharedMemoryMPI.cc:434: static void Grid::GlobalSharedMemory::OptimalCommunicatorSharedMemory(const Coordinate&, ompi_communicator_t*&, Grid::Coordinate&): Assertion `WorldSize==Nprocessors' failed.
[genoahost104:633957] *** Process received signal ***
[genoahost104:633957] Signal: Aborted (6)
[genoahost104:633957] Signal code:  (-6)
[genoahost104:633957] [ 0] /lib64/libc.so.6(+0x3fc30)[0x15502543fc30]
[genoahost104:633957] [ 1] /lib64/libc.so.6(+0x8d02c)[0x15502548d02c]
[genoahost104:633957] [ 2] /lib64/libc.so.6(raise+0x16)[0x15502543fb86]
[genoahost104:633957] [ 3] /lib64/libc.so.6(abort+0xd3)[0x155025429873]
[genoahost104:633957] [ 4] /lib64/libc.so.6(+0x2979b)[0x15502542979b]
[genoahost104:633957] [ 5] /lib64/libc.so.6(+0x388c6)[0x1550254388c6]
[genoahost104:633957] [ 6] /direct/sdcc+u/poare/Grid/build/examples/./Example_spec_kryschur[0x4cc206]
[genoahost104:633957] [ 7] /direct/sdcc+u/poare/Grid/build/examples/./Example_spec_kryschur[0x4cc2f1]
[genoahost104:633957] [ 8] /direct/sdcc+u/poare/Grid/build/examples/./Example_spec_kryschur[0x4c7e95]
[genoahost104:633957] [ 9] /direct/sdcc+u/poare/Grid/build/examples/./Example_spec_kryschur[0x4b5f4f]
[genoahost104:633957] [10] /direct/sdcc+u/poare/Grid/build/examples/./Example_spec_kryschur[0x41180d]
[genoahost104:633957] [11] /lib64/libc.so.6(+0x2a610)[0x15502542a610]
[genoahost104:633957] [12] /lib64/libc.so.6(__libc_start_main+0x80)[0x15502542a6c0]
[genoahost104:633957] [13] /direct/sdcc+u/poare/Grid/build/examples/./Example_spec_kryschur[0x4147f5]
[genoahost104:633957] *** End of error message ***

__|__|__|__|__|__|__|__|__|__|__|__|__|__|__
__|__|__|__|__|__|__|__|__|__|__|__|__|__|__
__|_ |  |  |  |  |  |  |  |  |  |  |  | _|__
__|_                                    _|__
__|_   GGGG    RRRR    III    DDDD      _|__
__|_  G        R   R    I     D   D     _|__
__|_  G        R   R    I     D    D    _|__
__|_  G  GG    RRRR     I     D    D    _|__
__|_  G   G    R  R     I     D   D     _|__
__|_   GGGG    R   R   III    DDDD      _|__
__|_                                    _|__
__|__|__|__|__|__|__|__|__|__|__|__|__|__|__
__|__|__|__|__|__|__|__|__|__|__|__|__|__|__
  |  |  |  |  |  |  |  |  |  |  |  |  |  |  


Copyright (C) 2015 Peter Boyle, Azusa Yamaguchi, Guido Cossu, Antonin Portelli and other authors

This program is free software; you can redistribute it and/or modify
it under the terms of the GNU General Public License as published by
the Free Software Foundation; either version 2 of the License, or
(at your option) any later version.

This program is distributed in the hope that it will be useful,
but WITHOUT ANY WARRANTY; without even the implied warranty of
MERCHANTABILITY or FITNESS FOR A PARTICULAR PURPOSE.  See the
GNU General Public License for more details.
Current Grid git commit hash=82d411ca7bb8ec4a5b5c3815df23674cfd291070: (HEAD -> develop, origin/develop, origin/HEAD) clean

Grid : Message : ================================================ 
Grid : Message : MPI is initialised and logging filters activated 
Grid : Message : ================================================ 
Grid : Message : This rank is running on host genoahost104.sdcc.bnl.local at local time 2026-02-27 13:58:12
Grid : Message : Requested 17179869184 byte stencil comms buffers 
Grid : Message : MemoryManager::Init() setting up
Grid : Message : MemoryManager::Init() cache pool for recent host   allocations: SMALL 8 LARGE 2 HUGE 0
Grid : Message : MemoryManager::Init() cache pool for recent device allocations: SMALL 16 LARGE 8 Huge 0
Grid : Message : MemoryManager::Init() cache pool for recent shared allocations: SMALL 16 LARGE 8 Huge 0
Grid : Message : MemoryManager::Init() Unified memory space
Sorting eigenvalues using EvalReSmall
Lattice size: [16 16 16 32]
Example_spec_kryschur: ../../Grid/communicator/SharedMemoryMPI.cc:434: static void Grid::GlobalSharedMemory::OptimalCommunicatorSharedMemory(const Coordinate&, ompi_communicator_t*&, Grid::Coordinate&): Assertion `WorldSize==Nprocessors' failed.
[genoahost104:633953] *** Process received signal ***
[genoahost104:633953] Signal: Aborted (6)
[genoahost104:633953] Signal code:  (-6)
[genoahost104:633953] [ 0] /lib64/libc.so.6(+0x3fc30)[0x14f0fd03fc30]
[genoahost104:633953] [ 1] /lib64/libc.so.6(+0x8d02c)[0x14f0fd08d02c]
[genoahost104:633953] [ 2] /lib64/libc.so.6(raise+0x16)[0x14f0fd03fb86]
[genoahost104:633953] [ 3] /lib64/libc.so.6(abort+0xd3)[0x14f0fd029873]
[genoahost104:633953] [ 4] /lib64/libc.so.6(+0x2979b)[0x14f0fd02979b]
[genoahost104:633953] [ 5] /lib64/libc.so.6(+0x388c6)[0x14f0fd0388c6]
[genoahost104:633953] [ 6] /direct/sdcc+u/poare/Grid/build/examples/./Example_spec_kryschur[0x4cc206]
[genoahost104:633953] [ 7] /direct/sdcc+u/poare/Grid/build/examples/./Example_spec_kryschur[0x4cc2f1]
[genoahost104:633953] [ 8] /direct/sdcc+u/poare/Grid/build/examples/./Example_spec_kryschur[0x4c7e95]
[genoahost104:633953] [ 9] /direct/sdcc+u/poare/Grid/build/examples/./Example_spec_kryschur[0x4b5f4f]
[genoahost104:633953] [10] /direct/sdcc+u/poare/Grid/build/examples/./Example_spec_kryschur[0x41180d]
[genoahost104:633953] [11] /lib64/libc.so.6(+0x2a610)[0x14f0fd02a610]
[genoahost104:633953] [12] /lib64/libc.so.6(__libc_start_main+0x80)[0x14f0fd02a6c0]
[genoahost104:633953] [13] /direct/sdcc+u/poare/Grid/build/examples/./Example_spec_kryschur[0x4147f5]
[genoahost104:633953] *** End of error message ***

__|__|__|__|__|__|__|__|__|__|__|__|__|__|__
__|__|__|__|__|__|__|__|__|__|__|__|__|__|__
__|_ |  |  |  |  |  |  |  |  |  |  |  | _|__
__|_                                    _|__
__|_   GGGG    RRRR    III    DDDD      _|__
__|_  G        R   R    I     D   D     _|__
__|_  G        R   R    I     D    D    _|__
__|_  G  GG    RRRR     I     D    D    _|__
__|_  G   G    R  R     I     D   D     _|__
__|_   GGGG    R   R   III    DDDD      _|__
__|_                                    _|__
__|__|__|__|__|__|__|__|__|__|__|__|__|__|__
__|__|__|__|__|__|__|__|__|__|__|__|__|__|__
  |  |  |  |  |  |  |  |  |  |  |  |  |  |  


Copyright (C) 2015 Peter Boyle, Azusa Yamaguchi, Guido Cossu, Antonin Portelli and other authors

This program is free software; you can redistribute it and/or modify
it under the terms of the GNU General Public License as published by
the Free Software Foundation; either version 2 of the License, or
(at your option) any later version.

This program is distributed in the hope that it will be useful,
but WITHOUT ANY WARRANTY; without even the implied warranty of
MERCHANTABILITY or FITNESS FOR A PARTICULAR PURPOSE.  See the
GNU General Public License for more details.
Current Grid git commit hash=82d411ca7bb8ec4a5b5c3815df23674cfd291070: (HEAD -> develop, origin/develop, origin/HEAD) clean

Grid : Message : ================================================ 
Grid : Message : MPI is initialised and logging filters activated 
Grid : Message : ================================================ 
Grid : Message : This rank is running on host genoahost098.sdcc.bnl.local at local time 2026-02-27 13:58:13
Grid : Message : Requested 17179869184 byte stencil comms buffers 
Grid : Message : MemoryManager::Init() setting up
Grid : Message : MemoryManager::Init() cache pool for recent host   allocations: SMALL 8 LARGE 2 HUGE 0
Grid : Message : MemoryManager::Init() cache pool for recent device allocations: SMALL 16 LARGE 8 Huge 0
Grid : Message : MemoryManager::Init() cache pool for recent shared allocations: SMALL 16 LARGE 8 Huge 0
Grid : Message : MemoryManager::Init() Unified memory space
Sorting eigenvalues using EvalReSmall
Lattice size: [16 16 16 32]
Example_spec_kryschur: ../../Grid/communicator/SharedMemoryMPI.cc:434: static void Grid::GlobalSharedMemory::OptimalCommunicatorSharedMemory(const Coordinate&, ompi_communicator_t*&, Grid::Coordinate&): Assertion `WorldSize==Nprocessors' failed.
[genoahost098:1633831] *** Process received signal ***
[genoahost098:1633831] Signal: Aborted (6)
[genoahost098:1633831] Signal code:  (-6)
[genoahost098:1633831] [ 0] /lib64/libc.so.6(+0x3fc30)[0x14d690a3fc30]
[genoahost098:1633831] [ 1] /lib64/libc.so.6(+0x8d02c)[0x14d690a8d02c]
[genoahost098:1633831] [ 2] /lib64/libc.so.6(raise+0x16)[0x14d690a3fb86]
[genoahost098:1633831] [ 3] /lib64/libc.so.6(abort+0xd3)[0x14d690a29873]
[genoahost098:1633831] [ 4] /lib64/libc.so.6(+0x2979b)[0x14d690a2979b]
[genoahost098:1633831] [ 5] /lib64/libc.so.6(+0x388c6)[0x14d690a388c6]
[genoahost098:1633831] [ 6] /direct/sdcc+u/poare/Grid/build/examples/./Example_spec_kryschur[0x4cc206]
[genoahost098:1633831] [ 7] /direct/sdcc+u/poare/Grid/build/examples/./Example_spec_kryschur[0x4cc2f1]
[genoahost098:1633831] [ 8] /direct/sdcc+u/poare/Grid/build/examples/./Example_spec_kryschur[0x4c7e95]
[genoahost098:1633831] [ 9] /direct/sdcc+u/poare/Grid/build/examples/./Example_spec_kryschur[0x4b5f4f]
[genoahost098:1633831] [10] /direct/sdcc+u/poare/Grid/build/examples/./Example_spec_kryschur[0x41180d]
[genoahost098:1633831] [11] /lib64/libc.so.6(+0x2a610)[0x14d690a2a610]
[genoahost098:1633831] [12] /lib64/libc.so.6(__libc_start_main+0x80)[0x14d690a2a6c0]
[genoahost098:1633831] [13] /direct/sdcc+u/poare/Grid/build/examples/./Example_spec_kryschur[0x4147f5]
[genoahost098:1633831] *** End of error message ***

__|__|__|__|__|__|__|__|__|__|__|__|__|__|__
__|__|__|__|__|__|__|__|__|__|__|__|__|__|__
__|_ |  |  |  |  |  |  |  |  |  |  |  | _|__
__|_                                    _|__
__|_   GGGG    RRRR    III    DDDD      _|__
__|_  G        R   R    I     D   D     _|__
__|_  G        R   R    I     D    D    _|__
__|_  G  GG    RRRR     I     D    D    _|__
__|_  G   G    R  R     I     D   D     _|__
__|_   GGGG    R   R   III    DDDD      _|__
__|_                                    _|__
__|__|__|__|__|__|__|__|__|__|__|__|__|__|__
__|__|__|__|__|__|__|__|__|__|__|__|__|__|__
  |  |  |  |  |  |  |  |  |  |  |  |  |  |  


Copyright (C) 2015 Peter Boyle, Azusa Yamaguchi, Guido Cossu, Antonin Portelli and other authors

This program is free software; you can redistribute it and/or modify
it under the terms of the GNU General Public License as published by
the Free Software Foundation; either version 2 of the License, or
(at your option) any later version.

This program is distributed in the hope that it will be useful,
but WITHOUT ANY WARRANTY; without even the implied warranty of
MERCHANTABILITY or FITNESS FOR A PARTICULAR PURPOSE.  See the
GNU General Public License for more details.
Current Grid git commit hash=82d411ca7bb8ec4a5b5c3815df23674cfd291070: (HEAD -> develop, origin/develop, origin/HEAD) clean

Grid : Message : ================================================ 
Grid : Message : MPI is initialised and logging filters activated 
Grid : Message : ================================================ 
Grid : Message : This rank is running on host genoahost098.sdcc.bnl.local at local time 2026-02-27 13:58:13
Grid : Message : Requested 17179869184 byte stencil comms buffers 
Grid : Message : MemoryManager::Init() setting up
Grid : Message : MemoryManager::Init() cache pool for recent host   allocations: SMALL 8 LARGE 2 HUGE 0
Grid : Message : MemoryManager::Init() cache pool for recent device allocations: SMALL 16 LARGE 8 Huge 0
Grid : Message : MemoryManager::Init() cache pool for recent shared allocations: SMALL 16 LARGE 8 Huge 0
Grid : Message : MemoryManager::Init() Unified memory space
Sorting eigenvalues using EvalReSmall
Lattice size: [16 16 16 32]
Example_spec_kryschur: ../../Grid/communicator/SharedMemoryMPI.cc:434: static void Grid::GlobalSharedMemory::OptimalCommunicatorSharedMemory(const Coordinate&, ompi_communicator_t*&, Grid::Coordinate&): Assertion `WorldSize==Nprocessors' failed.
[genoahost098:1633828] *** Process received signal ***
[genoahost098:1633828] Signal: Aborted (6)
[genoahost098:1633828] Signal code:  (-6)
[genoahost098:1633828] [ 0] /lib64/libc.so.6(+0x3fc30)[0x14f4b8a3fc30]
[genoahost098:1633828] [ 1] /lib64/libc.so.6(+0x8d02c)[0x14f4b8a8d02c]
[genoahost098:1633828] [ 2] /lib64/libc.so.6(raise+0x16)[0x14f4b8a3fb86]
[genoahost098:1633828] [ 3] /lib64/libc.so.6(abort+0xd3)[0x14f4b8a29873]
[genoahost098:1633828] [ 4] /lib64/libc.so.6(+0x2979b)[0x14f4b8a2979b]
[genoahost098:1633828] [ 5] /lib64/libc.so.6(+0x388c6)[0x14f4b8a388c6]
[genoahost098:1633828] [ 6] /direct/sdcc+u/poare/Grid/build/examples/./Example_spec_kryschur[0x4cc206]
[genoahost098:1633828] [ 7] /direct/sdcc+u/poare/Grid/build/examples/./Example_spec_kryschur[0x4cc2f1]
[genoahost098:1633828] [ 8] /direct/sdcc+u/poare/Grid/build/examples/./Example_spec_kryschur[0x4c7e95]
[genoahost098:1633828] [ 9] /direct/sdcc+u/poare/Grid/build/examples/./Example_spec_kryschur[0x4b5f4f]
[genoahost098:1633828] [10] /direct/sdcc+u/poare/Grid/build/examples/./Example_spec_kryschur[0x41180d]
[genoahost098:1633828] [11] /lib64/libc.so.6(+0x2a610)[0x14f4b8a2a610]
[genoahost098:1633828] [12] /lib64/libc.so.6(__libc_start_main+0x80)[0x14f4b8a2a6c0]
[genoahost098:1633828] [13] /direct/sdcc+u/poare/Grid/build/examples/./Example_spec_kryschur[0x4147f5]
[genoahost098:1633828] *** End of error message ***

__|__|__|__|__|__|__|__|__|__|__|__|__|__|__
__|__|__|__|__|__|__|__|__|__|__|__|__|__|__
__|_ |  |  |  |  |  |  |  |  |  |  |  | _|__
__|_                                    _|__
__|_   GGGG    RRRR    III    DDDD      _|__
__|_  G        R   R    I     D   D     _|__
__|_  G        R   R    I     D    D    _|__
__|_  G  GG    RRRR     I     D    D    _|__
__|_  G   G    R  R     I     D   D     _|__
__|_   GGGG    R   R   III    DDDD      _|__
__|_                                    _|__
__|__|__|__|__|__|__|__|__|__|__|__|__|__|__
__|__|__|__|__|__|__|__|__|__|__|__|__|__|__
  |  |  |  |  |  |  |  |  |  |  |  |  |  |  


Copyright (C) 2015 Peter Boyle, Azusa Yamaguchi, Guido Cossu, Antonin Portelli and other authors

This program is free software; you can redistribute it and/or modify
it under the terms of the GNU General Public License as published by
the Free Software Foundation; either version 2 of the License, or
(at your option) any later version.

This program is distributed in the hope that it will be useful,
but WITHOUT ANY WARRANTY; without even the implied warranty of
MERCHANTABILITY or FITNESS FOR A PARTICULAR PURPOSE.  See the
GNU General Public License for more details.
Current Grid git commit hash=82d411ca7bb8ec4a5b5c3815df23674cfd291070: (HEAD -> develop, origin/develop, origin/HEAD) clean

Grid : Message : ================================================ 
Grid : Message : MPI is initialised and logging filters activated 
Grid : Message : ================================================ 
Grid : Message : This rank is running on host genoahost098.sdcc.bnl.local at local time 2026-02-27 13:58:13
Grid : Message : Requested 17179869184 byte stencil comms buffers 
Grid : Message : MemoryManager::Init() setting up
Grid : Message : MemoryManager::Init() cache pool for recent host   allocations: SMALL 8 LARGE 2 HUGE 0
Grid : Message : MemoryManager::Init() cache pool for recent device allocations: SMALL 16 LARGE 8 Huge 0
Grid : Message : MemoryManager::Init() cache pool for recent shared allocations: SMALL 16 LARGE 8 Huge 0
Grid : Message : MemoryManager::Init() Unified memory space
Sorting eigenvalues using EvalReSmall
Lattice size: [16 16 16 32]
Example_spec_kryschur: ../../Grid/communicator/SharedMemoryMPI.cc:434: static void Grid::GlobalSharedMemory::OptimalCommunicatorSharedMemory(const Coordinate&, ompi_communicator_t*&, Grid::Coordinate&): Assertion `WorldSize==Nprocessors' failed.
[genoahost098:1633833] *** Process received signal ***
[genoahost098:1633833] Signal: Aborted (6)
[genoahost098:1633833] Signal code:  (-6)
[genoahost098:1633833] [ 0] /lib64/libc.so.6(+0x3fc30)[0x14c52643fc30]
[genoahost098:1633833] [ 1] /lib64/libc.so.6(+0x8d02c)[0x14c52648d02c]
[genoahost098:1633833] [ 2] /lib64/libc.so.6(raise+0x16)[0x14c52643fb86]
[genoahost098:1633833] [ 3] /lib64/libc.so.6(abort+0xd3)[0x14c526429873]
[genoahost098:1633833] [ 4] /lib64/libc.so.6(+0x2979b)[0x14c52642979b]
[genoahost098:1633833] [ 5] /lib64/libc.so.6(+0x388c6)[0x14c5264388c6]
[genoahost098:1633833] [ 6] /direct/sdcc+u/poare/Grid/build/examples/./Example_spec_kryschur[0x4cc206]
[genoahost098:1633833] [ 7] /direct/sdcc+u/poare/Grid/build/examples/./Example_spec_kryschur[0x4cc2f1]
[genoahost098:1633833] [ 8] /direct/sdcc+u/poare/Grid/build/examples/./Example_spec_kryschur[0x4c7e95]
[genoahost098:1633833] [ 9] /direct/sdcc+u/poare/Grid/build/examples/./Example_spec_kryschur[0x4b5f4f]
[genoahost098:1633833] [10] /direct/sdcc+u/poare/Grid/build/examples/./Example_spec_kryschur[0x41180d]
[genoahost098:1633833] [11] /lib64/libc.so.6(+0x2a610)[0x14c52642a610]
[genoahost098:1633833] [12] /lib64/libc.so.6(__libc_start_main+0x80)[0x14c52642a6c0]
[genoahost098:1633833] [13] /direct/sdcc+u/poare/Grid/build/examples/./Example_spec_kryschur[0x4147f5]
[genoahost098:1633833] *** End of error message ***

__|__|__|__|__|__|__|__|__|__|__|__|__|__|__
__|__|__|__|__|__|__|__|__|__|__|__|__|__|__
__|_ |  |  |  |  |  |  |  |  |  |  |  | _|__
__|_                                    _|__
__|_   GGGG    RRRR    III    DDDD      _|__
__|_  G        R   R    I     D   D     _|__
__|_  G        R   R    I     D    D    _|__
__|_  G  GG    RRRR     I     D    D    _|__
__|_  G   G    R  R     I     D   D     _|__
__|_   GGGG    R   R   III    DDDD      _|__
__|_                                    _|__
__|__|__|__|__|__|__|__|__|__|__|__|__|__|__
__|__|__|__|__|__|__|__|__|__|__|__|__|__|__
  |  |  |  |  |  |  |  |  |  |  |  |  |  |  


Copyright (C) 2015 Peter Boyle, Azusa Yamaguchi, Guido Cossu, Antonin Portelli and other authors

This program is free software; you can redistribute it and/or modify
it under the terms of the GNU General Public License as published by
the Free Software Foundation; either version 2 of the License, or
(at your option) any later version.

This program is distributed in the hope that it will be useful,
but WITHOUT ANY WARRANTY; without even the implied warranty of
MERCHANTABILITY or FITNESS FOR A PARTICULAR PURPOSE.  See the
GNU General Public License for more details.
Current Grid git commit hash=82d411ca7bb8ec4a5b5c3815df23674cfd291070: (HEAD -> develop, origin/develop, origin/HEAD) clean

Grid : Message : ================================================ 
Grid : Message : MPI is initialised and logging filters activated 
Grid : Message : ================================================ 
Grid : Message : This rank is running on host genoahost098.sdcc.bnl.local at local time 2026-02-27 13:58:13
Grid : Message : Requested 17179869184 byte stencil comms buffers 
Grid : Message : MemoryManager::Init() setting up
Grid : Message : MemoryManager::Init() cache pool for recent host   allocations: SMALL 8 LARGE 2 HUGE 0
Grid : Message : MemoryManager::Init() cache pool for recent device allocations: SMALL 16 LARGE 8 Huge 0
Grid : Message : MemoryManager::Init() cache pool for recent shared allocations: SMALL 16 LARGE 8 Huge 0
Grid : Message : MemoryManager::Init() Unified memory space
Sorting eigenvalues using EvalReSmall
Lattice size: [16 16 16 32]
Example_spec_kryschur: ../../Grid/communicator/SharedMemoryMPI.cc:434: static void Grid::GlobalSharedMemory::OptimalCommunicatorSharedMemory(const Coordinate&, ompi_communicator_t*&, Grid::Coordinate&): Assertion `WorldSize==Nprocessors' failed.
[genoahost098:1633837] *** Process received signal ***
[genoahost098:1633837] Signal: Aborted (6)
[genoahost098:1633837] Signal code:  (-6)
[genoahost098:1633837] [ 0] /lib64/libc.so.6(+0x3fc30)[0x152037c3fc30]
[genoahost098:1633837] [ 1] /lib64/libc.so.6(+0x8d02c)[0x152037c8d02c]
[genoahost098:1633837] [ 2] /lib64/libc.so.6(raise+0x16)[0x152037c3fb86]
[genoahost098:1633837] [ 3] /lib64/libc.so.6(abort+0xd3)[0x152037c29873]
[genoahost098:1633837] [ 4] /lib64/libc.so.6(+0x2979b)[0x152037c2979b]
[genoahost098:1633837] [ 5] /lib64/libc.so.6(+0x388c6)[0x152037c388c6]
[genoahost098:1633837] [ 6] /direct/sdcc+u/poare/Grid/build/examples/./Example_spec_kryschur[0x4cc206]
[genoahost098:1633837] [ 7] /direct/sdcc+u/poare/Grid/build/examples/./Example_spec_kryschur[0x4cc2f1]
[genoahost098:1633837] [ 8] /direct/sdcc+u/poare/Grid/build/examples/./Example_spec_kryschur[0x4c7e95]
[genoahost098:1633837] [ 9] /direct/sdcc+u/poare/Grid/build/examples/./Example_spec_kryschur[0x4b5f4f]
[genoahost098:1633837] [10] /direct/sdcc+u/poare/Grid/build/examples/./Example_spec_kryschur[0x41180d]
[genoahost098:1633837] [11] /lib64/libc.so.6(+0x2a610)[0x152037c2a610]
[genoahost098:1633837] [12] /lib64/libc.so.6(__libc_start_main+0x80)[0x152037c2a6c0]
[genoahost098:1633837] [13] /direct/sdcc+u/poare/Grid/build/examples/./Example_spec_kryschur[0x4147f5]
[genoahost098:1633837] *** End of error message ***

__|__|__|__|__|__|__|__|__|__|__|__|__|__|__
__|__|__|__|__|__|__|__|__|__|__|__|__|__|__
__|_ |  |  |  |  |  |  |  |  |  |  |  | _|__
__|_                                    _|__
__|_   GGGG    RRRR    III    DDDD      _|__
__|_  G        R   R    I     D   D     _|__
__|_  G        R   R    I     D    D    _|__
__|_  G  GG    RRRR     I     D    D    _|__
__|_  G   G    R  R     I     D   D     _|__
__|_   GGGG    R   R   III    DDDD      _|__
__|_                                    _|__
__|__|__|__|__|__|__|__|__|__|__|__|__|__|__
__|__|__|__|__|__|__|__|__|__|__|__|__|__|__
  |  |  |  |  |  |  |  |  |  |  |  |  |  |  


Copyright (C) 2015 Peter Boyle, Azusa Yamaguchi, Guido Cossu, Antonin Portelli and other authors

This program is free software; you can redistribute it and/or modify
it under the terms of the GNU General Public License as published by
the Free Software Foundation; either version 2 of the License, or
(at your option) any later version.

This program is distributed in the hope that it will be useful,
but WITHOUT ANY WARRANTY; without even the implied warranty of
MERCHANTABILITY or FITNESS FOR A PARTICULAR PURPOSE.  See the
GNU General Public License for more details.
Current Grid git commit hash=82d411ca7bb8ec4a5b5c3815df23674cfd291070: (HEAD -> develop, origin/develop, origin/HEAD) clean

Grid : Message : ================================================ 
Grid : Message : MPI is initialised and logging filters activated 
Grid : Message : ================================================ 
Grid : Message : This rank is running on host genoahost098.sdcc.bnl.local at local time 2026-02-27 13:58:13
Grid : Message : Requested 17179869184 byte stencil comms buffers 
Grid : Message : MemoryManager::Init() setting up
Grid : Message : MemoryManager::Init() cache pool for recent host   allocations: SMALL 8 LARGE 2 HUGE 0
Grid : Message : MemoryManager::Init() cache pool for recent device allocations: SMALL 16 LARGE 8 Huge 0
Grid : Message : MemoryManager::Init() cache pool for recent shared allocations: SMALL 16 LARGE 8 Huge 0
Grid : Message : MemoryManager::Init() Unified memory space
Sorting eigenvalues using EvalReSmall
Lattice size: [16 16 16 32]
Example_spec_kryschur: ../../Grid/communicator/SharedMemoryMPI.cc:434: static void Grid::GlobalSharedMemory::OptimalCommunicatorSharedMemory(const Coordinate&, ompi_communicator_t*&, Grid::Coordinate&): Assertion `WorldSize==Nprocessors' failed.
[genoahost098:1633830] *** Process received signal ***
[genoahost098:1633830] Signal: Aborted (6)
[genoahost098:1633830] Signal code:  (-6)
[genoahost098:1633830] [ 0] /lib64/libc.so.6(+0x3fc30)[0x14985a43fc30]
[genoahost098:1633830] [ 1] /lib64/libc.so.6(+0x8d02c)[0x14985a48d02c]
[genoahost098:1633830] [ 2] /lib64/libc.so.6(raise+0x16)[0x14985a43fb86]
[genoahost098:1633830] [ 3] /lib64/libc.so.6(abort+0xd3)[0x14985a429873]
[genoahost098:1633830] [ 4] /lib64/libc.so.6(+0x2979b)[0x14985a42979b]
[genoahost098:1633830] [ 5] /lib64/libc.so.6(+0x388c6)[0x14985a4388c6]
[genoahost098:1633830] [ 6] /direct/sdcc+u/poare/Grid/build/examples/./Example_spec_kryschur[0x4cc206]
[genoahost098:1633830] [ 7] /direct/sdcc+u/poare/Grid/build/examples/./Example_spec_kryschur[0x4cc2f1]
[genoahost098:1633830] [ 8] /direct/sdcc+u/poare/Grid/build/examples/./Example_spec_kryschur[0x4c7e95]
[genoahost098:1633830] [ 9] /direct/sdcc+u/poare/Grid/build/examples/./Example_spec_kryschur[0x4b5f4f]
[genoahost098:1633830] [10] /direct/sdcc+u/poare/Grid/build/examples/./Example_spec_kryschur[0x41180d]
[genoahost098:1633830] [11] /lib64/libc.so.6(+0x2a610)[0x14985a42a610]
[genoahost098:1633830] [12] /lib64/libc.so.6(__libc_start_main+0x80)[0x14985a42a6c0]
[genoahost098:1633830] [13] /direct/sdcc+u/poare/Grid/build/examples/./Example_spec_kryschur[0x4147f5]
[genoahost098:1633830] *** End of error message ***

__|__|__|__|__|__|__|__|__|__|__|__|__|__|__
__|__|__|__|__|__|__|__|__|__|__|__|__|__|__
__|_ |  |  |  |  |  |  |  |  |  |  |  | _|__
__|_                                    _|__
__|_   GGGG    RRRR    III    DDDD      _|__
__|_  G        R   R    I     D   D     _|__
__|_  G        R   R    I     D    D    _|__
__|_  G  GG    RRRR     I     D    D    _|__
__|_  G   G    R  R     I     D   D     _|__
__|_   GGGG    R   R   III    DDDD      _|__
__|_                                    _|__
__|__|__|__|__|__|__|__|__|__|__|__|__|__|__
__|__|__|__|__|__|__|__|__|__|__|__|__|__|__
  |  |  |  |  |  |  |  |  |  |  |  |  |  |  


Copyright (C) 2015 Peter Boyle, Azusa Yamaguchi, Guido Cossu, Antonin Portelli and other authors

This program is free software; you can redistribute it and/or modify
it under the terms of the GNU General Public License as published by
the Free Software Foundation; either version 2 of the License, or
(at your option) any later version.

This program is distributed in the hope that it will be useful,
but WITHOUT ANY WARRANTY; without even the implied warranty of
MERCHANTABILITY or FITNESS FOR A PARTICULAR PURPOSE.  See the
GNU General Public License for more details.
Current Grid git commit hash=82d411ca7bb8ec4a5b5c3815df23674cfd291070: (HEAD -> develop, origin/develop, origin/HEAD) clean

Grid : Message : ================================================ 
Grid : Message : MPI is initialised and logging filters activated 
Grid : Message : ================================================ 
Grid : Message : This rank is running on host genoahost101.sdcc.bnl.local at local time 2026-02-27 13:58:14
Grid : Message : Requested 17179869184 byte stencil comms buffers 
Grid : Message : MemoryManager::Init() setting up
Grid : Message : MemoryManager::Init() cache pool for recent host   allocations: SMALL 8 LARGE 2 HUGE 0
Grid : Message : MemoryManager::Init() cache pool for recent device allocations: SMALL 16 LARGE 8 Huge 0
Grid : Message : MemoryManager::Init() cache pool for recent shared allocations: SMALL 16 LARGE 8 Huge 0
Grid : Message : MemoryManager::Init() Unified memory space
Sorting eigenvalues using EvalReSmall
Lattice size: [16 16 16 32]
Example_spec_kryschur: ../../Grid/communicator/SharedMemoryMPI.cc:434: static void Grid::GlobalSharedMemory::OptimalCommunicatorSharedMemory(const Coordinate&, ompi_communicator_t*&, Grid::Coordinate&): Assertion `WorldSize==Nprocessors' failed.
[genoahost101:1151452] *** Process received signal ***
[genoahost101:1151452] Signal: Aborted (6)
[genoahost101:1151452] Signal code:  (-6)
[genoahost101:1151452] [ 0] /lib64/libc.so.6(+0x3fc30)[0x150cdb43fc30]
[genoahost101:1151452] [ 1] /lib64/libc.so.6(+0x8d02c)[0x150cdb48d02c]
[genoahost101:1151452] [ 2] /lib64/libc.so.6(raise+0x16)[0x150cdb43fb86]
[genoahost101:1151452] [ 3] /lib64/libc.so.6(abort+0xd3)[0x150cdb429873]
[genoahost101:1151452] [ 4] /lib64/libc.so.6(+0x2979b)[0x150cdb42979b]
[genoahost101:1151452] [ 5] /lib64/libc.so.6(+0x388c6)[0x150cdb4388c6]
[genoahost101:1151452] [ 6] /direct/sdcc+u/poare/Grid/build/examples/./Example_spec_kryschur[0x4cc206]
[genoahost101:1151452] [ 7] /direct/sdcc+u/poare/Grid/build/examples/./Example_spec_kryschur[0x4cc2f1]
[genoahost101:1151452] [ 8] /direct/sdcc+u/poare/Grid/build/examples/./Example_spec_kryschur[0x4c7e95]
[genoahost101:1151452] [ 9] /direct/sdcc+u/poare/Grid/build/examples/./Example_spec_kryschur[0x4b5f4f]
[genoahost101:1151452] [10] /direct/sdcc+u/poare/Grid/build/examples/./Example_spec_kryschur[0x41180d]
[genoahost101:1151452] [11] /lib64/libc.so.6(+0x2a610)[0x150cdb42a610]
[genoahost101:1151452] [12] /lib64/libc.so.6(__libc_start_main+0x80)[0x150cdb42a6c0]
[genoahost101:1151452] [13] /direct/sdcc+u/poare/Grid/build/examples/./Example_spec_kryschur[0x4147f5]
[genoahost101:1151452] *** End of error message ***

__|__|__|__|__|__|__|__|__|__|__|__|__|__|__
__|__|__|__|__|__|__|__|__|__|__|__|__|__|__
__|_ |  |  |  |  |  |  |  |  |  |  |  | _|__
__|_                                    _|__
__|_   GGGG    RRRR    III    DDDD      _|__
__|_  G        R   R    I     D   D     _|__
__|_  G        R   R    I     D    D    _|__
__|_  G  GG    RRRR     I     D    D    _|__
__|_  G   G    R  R     I     D   D     _|__
__|_   GGGG    R   R   III    DDDD      _|__
__|_                                    _|__
__|__|__|__|__|__|__|__|__|__|__|__|__|__|__
__|__|__|__|__|__|__|__|__|__|__|__|__|__|__
  |  |  |  |  |  |  |  |  |  |  |  |  |  |  


Copyright (C) 2015 Peter Boyle, Azusa Yamaguchi, Guido Cossu, Antonin Portelli and other authors

This program is free software; you can redistribute it and/or modify
it under the terms of the GNU General Public License as published by
the Free Software Foundation; either version 2 of the License, or
(at your option) any later version.

This program is distributed in the hope that it will be useful,
but WITHOUT ANY WARRANTY; without even the implied warranty of
MERCHANTABILITY or FITNESS FOR A PARTICULAR PURPOSE.  See the
GNU General Public License for more details.
Current Grid git commit hash=82d411ca7bb8ec4a5b5c3815df23674cfd291070: (HEAD -> develop, origin/develop, origin/HEAD) clean

Grid : Message : ================================================ 
Grid : Message : MPI is initialised and logging filters activated 
Grid : Message : ================================================ 
Grid : Message : This rank is running on host genoahost101.sdcc.bnl.local at local time 2026-02-27 13:58:15
Grid : Message : Requested 17179869184 byte stencil comms buffers 
Grid : Message : MemoryManager::Init() setting up
Grid : Message : MemoryManager::Init() cache pool for recent host   allocations: SMALL 8 LARGE 2 HUGE 0
Grid : Message : MemoryManager::Init() cache pool for recent device allocations: SMALL 16 LARGE 8 Huge 0
Grid : Message : MemoryManager::Init() cache pool for recent shared allocations: SMALL 16 LARGE 8 Huge 0
Grid : Message : MemoryManager::Init() Unified memory space
Sorting eigenvalues using EvalReSmall
Lattice size: [16 16 16 32]
Example_spec_kryschur: ../../Grid/communicator/SharedMemoryMPI.cc:434: static void Grid::GlobalSharedMemory::OptimalCommunicatorSharedMemory(const Coordinate&, ompi_communicator_t*&, Grid::Coordinate&): Assertion `WorldSize==Nprocessors' failed.
[genoahost101:1151466] *** Process received signal ***
[genoahost101:1151466] Signal: Aborted (6)
[genoahost101:1151466] Signal code:  (-6)
[genoahost101:1151466] [ 0] /lib64/libc.so.6(+0x3fc30)[0x148b6803fc30]
[genoahost101:1151466] [ 1] /lib64/libc.so.6(+0x8d02c)[0x148b6808d02c]
[genoahost101:1151466] [ 2] /lib64/libc.so.6(raise+0x16)[0x148b6803fb86]
[genoahost101:1151466] [ 3] /lib64/libc.so.6(abort+0xd3)[0x148b68029873]
[genoahost101:1151466] [ 4] /lib64/libc.so.6(+0x2979b)[0x148b6802979b]
[genoahost101:1151466] [ 5] /lib64/libc.so.6(+0x388c6)[0x148b680388c6]
[genoahost101:1151466] [ 6] /direct/sdcc+u/poare/Grid/build/examples/./Example_spec_kryschur[0x4cc206]
[genoahost101:1151466] [ 7] /direct/sdcc+u/poare/Grid/build/examples/./Example_spec_kryschur[0x4cc2f1]
[genoahost101:1151466] [ 8] /direct/sdcc+u/poare/Grid/build/examples/./Example_spec_kryschur[0x4c7e95]
[genoahost101:1151466] [ 9] /direct/sdcc+u/poare/Grid/build/examples/./Example_spec_kryschur[0x4b5f4f]
[genoahost101:1151466] [10] /direct/sdcc+u/poare/Grid/build/examples/./Example_spec_kryschur[0x41180d]
[genoahost101:1151466] [11] /lib64/libc.so.6(+0x2a610)[0x148b6802a610]
[genoahost101:1151466] [12] /lib64/libc.so.6(__libc_start_main+0x80)[0x148b6802a6c0]
[genoahost101:1151466] [13] /direct/sdcc+u/poare/Grid/build/examples/./Example_spec_kryschur[0x4147f5]
[genoahost101:1151466] *** End of error message ***

__|__|__|__|__|__|__|__|__|__|__|__|__|__|__
__|__|__|__|__|__|__|__|__|__|__|__|__|__|__
__|_ |  |  |  |  |  |  |  |  |  |  |  | _|__
__|_                                    _|__
__|_   GGGG    RRRR    III    DDDD      _|__
__|_  G        R   R    I     D   D     _|__
__|_  G        R   R    I     D    D    _|__
__|_  G  GG    RRRR     I     D    D    _|__
__|_  G   G    R  R     I     D   D     _|__
__|_   GGGG    R   R   III    DDDD      _|__
__|_                                    _|__
__|__|__|__|__|__|__|__|__|__|__|__|__|__|__
__|__|__|__|__|__|__|__|__|__|__|__|__|__|__
  |  |  |  |  |  |  |  |  |  |  |  |  |  |  


Copyright (C) 2015 Peter Boyle, Azusa Yamaguchi, Guido Cossu, Antonin Portelli and other authors

This program is free software; you can redistribute it and/or modify
it under the terms of the GNU General Public License as published by
the Free Software Foundation; either version 2 of the License, or
(at your option) any later version.

This program is distributed in the hope that it will be useful,
but WITHOUT ANY WARRANTY; without even the implied warranty of
MERCHANTABILITY or FITNESS FOR A PARTICULAR PURPOSE.  See the
GNU General Public License for more details.
Current Grid git commit hash=82d411ca7bb8ec4a5b5c3815df23674cfd291070: (HEAD -> develop, origin/develop, origin/HEAD) clean

Grid : Message : ================================================ 
Grid : Message : MPI is initialised and logging filters activated 
Grid : Message : ================================================ 
Grid : Message : This rank is running on host genoahost102.sdcc.bnl.local at local time 2026-02-27 13:58:16
Grid : Message : Requested 17179869184 byte stencil comms buffers 
Grid : Message : MemoryManager::Init() setting up
Grid : Message : MemoryManager::Init() cache pool for recent host   allocations: SMALL 8 LARGE 2 HUGE 0
Grid : Message : MemoryManager::Init() cache pool for recent device allocations: SMALL 16 LARGE 8 Huge 0
Grid : Message : MemoryManager::Init() cache pool for recent shared allocations: SMALL 16 LARGE 8 Huge 0
Grid : Message : MemoryManager::Init() Unified memory space
Sorting eigenvalues using EvalReSmall
Lattice size: [16 16 16 32]
Example_spec_kryschur: ../../Grid/communicator/SharedMemoryMPI.cc:434: static void Grid::GlobalSharedMemory::OptimalCommunicatorSharedMemory(const Coordinate&, ompi_communicator_t*&, Grid::Coordinate&): Assertion `WorldSize==Nprocessors' failed.
[genoahost102:631529] *** Process received signal ***
[genoahost102:631529] Signal: Aborted (6)
[genoahost102:631529] Signal code:  (-6)
[genoahost102:631529] [ 0] /lib64/libc.so.6(+0x3fc30)[0x154c39e3fc30]
[genoahost102:631529] [ 1] /lib64/libc.so.6(+0x8d02c)[0x154c39e8d02c]
[genoahost102:631529] [ 2] /lib64/libc.so.6(raise+0x16)[0x154c39e3fb86]
[genoahost102:631529] [ 3] /lib64/libc.so.6(abort+0xd3)[0x154c39e29873]
[genoahost102:631529] [ 4] /lib64/libc.so.6(+0x2979b)[0x154c39e2979b]
[genoahost102:631529] [ 5] /lib64/libc.so.6(+0x388c6)[0x154c39e388c6]
[genoahost102:631529] [ 6] /direct/sdcc+u/poare/Grid/build/examples/./Example_spec_kryschur[0x4cc206]
[genoahost102:631529] [ 7] /direct/sdcc+u/poare/Grid/build/examples/./Example_spec_kryschur[0x4cc2f1]
[genoahost102:631529] [ 8] /direct/sdcc+u/poare/Grid/build/examples/./Example_spec_kryschur[0x4c7e95]
[genoahost102:631529] [ 9] /direct/sdcc+u/poare/Grid/build/examples/./Example_spec_kryschur[0x4b5f4f]
[genoahost102:631529] [10] /direct/sdcc+u/poare/Grid/build/examples/./Example_spec_kryschur[0x41180d]
[genoahost102:631529] [11] /lib64/libc.so.6(+0x2a610)[0x154c39e2a610]
[genoahost102:631529] [12] /lib64/libc.so.6(__libc_start_main+0x80)[0x154c39e2a6c0]
[genoahost102:631529] [13] /direct/sdcc+u/poare/Grid/build/examples/./Example_spec_kryschur[0x4147f5]
[genoahost102:631529] *** End of error message ***

__|__|__|__|__|__|__|__|__|__|__|__|__|__|__
__|__|__|__|__|__|__|__|__|__|__|__|__|__|__
__|_ |  |  |  |  |  |  |  |  |  |  |  | _|__
__|_                                    _|__
__|_   GGGG    RRRR    III    DDDD      _|__
__|_  G        R   R    I     D   D     _|__
__|_  G        R   R    I     D    D    _|__
__|_  G  GG    RRRR     I     D    D    _|__
__|_  G   G    R  R     I     D   D     _|__
__|_   GGGG    R   R   III    DDDD      _|__
__|_                                    _|__
__|__|__|__|__|__|__|__|__|__|__|__|__|__|__
__|__|__|__|__|__|__|__|__|__|__|__|__|__|__
  |  |  |  |  |  |  |  |  |  |  |  |  |  |  


Copyright (C) 2015 Peter Boyle, Azusa Yamaguchi, Guido Cossu, Antonin Portelli and other authors

This program is free software; you can redistribute it and/or modify
it under the terms of the GNU General Public License as published by
the Free Software Foundation; either version 2 of the License, or
(at your option) any later version.

This program is distributed in the hope that it will be useful,
but WITHOUT ANY WARRANTY; without even the implied warranty of
MERCHANTABILITY or FITNESS FOR A PARTICULAR PURPOSE.  See the
GNU General Public License for more details.
Current Grid git commit hash=82d411ca7bb8ec4a5b5c3815df23674cfd291070: (HEAD -> develop, origin/develop, origin/HEAD) clean

Grid : Message : ================================================ 
Grid : Message : MPI is initialised and logging filters activated 
Grid : Message : ================================================ 
Grid : Message : This rank is running on host genoahost101.sdcc.bnl.local at local time 2026-02-27 13:58:17
Grid : Message : Requested 17179869184 byte stencil comms buffers 
Grid : Message : MemoryManager::Init() setting up
Grid : Message : MemoryManager::Init() cache pool for recent host   allocations: SMALL 8 LARGE 2 HUGE 0
Grid : Message : MemoryManager::Init() cache pool for recent device allocations: SMALL 16 LARGE 8 Huge 0
Grid : Message : MemoryManager::Init() cache pool for recent shared allocations: SMALL 16 LARGE 8 Huge 0
Grid : Message : MemoryManager::Init() Unified memory space
Sorting eigenvalues using EvalReSmall
Lattice size: [16 16 16 32]
Example_spec_kryschur: ../../Grid/communicator/SharedMemoryMPI.cc:434: static void Grid::GlobalSharedMemory::OptimalCommunicatorSharedMemory(const Coordinate&, ompi_communicator_t*&, Grid::Coordinate&): Assertion `WorldSize==Nprocessors' failed.
[genoahost101:1151456] *** Process received signal ***
[genoahost101:1151456] Signal: Aborted (6)
[genoahost101:1151456] Signal code:  (-6)
[genoahost101:1151456] [ 0] /lib64/libc.so.6(+0x3fc30)[0x146d99a3fc30]
[genoahost101:1151456] [ 1] /lib64/libc.so.6(+0x8d02c)[0x146d99a8d02c]
[genoahost101:1151456] [ 2] /lib64/libc.so.6(raise+0x16)[0x146d99a3fb86]
[genoahost101:1151456] [ 3] /lib64/libc.so.6(abort+0xd3)[0x146d99a29873]
[genoahost101:1151456] [ 4] /lib64/libc.so.6(+0x2979b)[0x146d99a2979b]
[genoahost101:1151456] [ 5] /lib64/libc.so.6(+0x388c6)[0x146d99a388c6]
[genoahost101:1151456] [ 6] /direct/sdcc+u/poare/Grid/build/examples/./Example_spec_kryschur[0x4cc206]
[genoahost101:1151456] [ 7] /direct/sdcc+u/poare/Grid/build/examples/./Example_spec_kryschur[0x4cc2f1]
[genoahost101:1151456] [ 8] /direct/sdcc+u/poare/Grid/build/examples/./Example_spec_kryschur[0x4c7e95]
[genoahost101:1151456] [ 9] /direct/sdcc+u/poare/Grid/build/examples/./Example_spec_kryschur[0x4b5f4f]
[genoahost101:1151456] [10] /direct/sdcc+u/poare/Grid/build/examples/./Example_spec_kryschur[0x41180d]
[genoahost101:1151456] [11] /lib64/libc.so.6(+0x2a610)[0x146d99a2a610]
[genoahost101:1151456] [12] /lib64/libc.so.6(__libc_start_main+0x80)[0x146d99a2a6c0]
[genoahost101:1151456] [13] /direct/sdcc+u/poare/Grid/build/examples/./Example_spec_kryschur[0x4147f5]
[genoahost101:1151456] *** End of error message ***

__|__|__|__|__|__|__|__|__|__|__|__|__|__|__
__|__|__|__|__|__|__|__|__|__|__|__|__|__|__
__|_ |  |  |  |  |  |  |  |  |  |  |  | _|__
__|_                                    _|__
__|_   GGGG    RRRR    III    DDDD      _|__
__|_  G        R   R    I     D   D     _|__
__|_  G        R   R    I     D    D    _|__
__|_  G  GG    RRRR     I     D    D    _|__
__|_  G   G    R  R     I     D   D     _|__
__|_   GGGG    R   R   III    DDDD      _|__
__|_                                    _|__
__|__|__|__|__|__|__|__|__|__|__|__|__|__|__
__|__|__|__|__|__|__|__|__|__|__|__|__|__|__
  |  |  |  |  |  |  |  |  |  |  |  |  |  |  


Copyright (C) 2015 Peter Boyle, Azusa Yamaguchi, Guido Cossu, Antonin Portelli and other authors

This program is free software; you can redistribute it and/or modify
it under the terms of the GNU General Public License as published by
the Free Software Foundation; either version 2 of the License, or
(at your option) any later version.

This program is distributed in the hope that it will be useful,
but WITHOUT ANY WARRANTY; without even the implied warranty of
MERCHANTABILITY or FITNESS FOR A PARTICULAR PURPOSE.  See the
GNU General Public License for more details.
Current Grid git commit hash=82d411ca7bb8ec4a5b5c3815df23674cfd291070: (HEAD -> develop, origin/develop, origin/HEAD) clean

Grid : Message : ================================================ 
Grid : Message : MPI is initialised and logging filters activated 
Grid : Message : ================================================ 
Grid : Message : This rank is running on host genoahost102.sdcc.bnl.local at local time 2026-02-27 13:58:17
Grid : Message : Requested 17179869184 byte stencil comms buffers 
Grid : Message : MemoryManager::Init() setting up
Grid : Message : MemoryManager::Init() cache pool for recent host   allocations: SMALL 8 LARGE 2 HUGE 0
Grid : Message : MemoryManager::Init() cache pool for recent device allocations: SMALL 16 LARGE 8 Huge 0
Grid : Message : MemoryManager::Init() cache pool for recent shared allocations: SMALL 16 LARGE 8 Huge 0
Grid : Message : MemoryManager::Init() Unified memory space
Sorting eigenvalues using EvalReSmall
Lattice size: [16 16 16 32]
Example_spec_kryschur: ../../Grid/communicator/SharedMemoryMPI.cc:434: static void Grid::GlobalSharedMemory::OptimalCommunicatorSharedMemory(const Coordinate&, ompi_communicator_t*&, Grid::Coordinate&): Assertion `WorldSize==Nprocessors' failed.
[genoahost102:631522] *** Process received signal ***
[genoahost102:631522] Signal: Aborted (6)
[genoahost102:631522] Signal code:  (-6)
[genoahost102:631522] [ 0] /lib64/libc.so.6(+0x3fc30)[0x14b239c3fc30]
[genoahost102:631522] [ 1] /lib64/libc.so.6(+0x8d02c)[0x14b239c8d02c]
[genoahost102:631522] [ 2] /lib64/libc.so.6(raise+0x16)[0x14b239c3fb86]
[genoahost102:631522] [ 3] /lib64/libc.so.6(abort+0xd3)[0x14b239c29873]
[genoahost102:631522] [ 4] /lib64/libc.so.6(+0x2979b)[0x14b239c2979b]
[genoahost102:631522] [ 5] /lib64/libc.so.6(+0x388c6)[0x14b239c388c6]
[genoahost102:631522] [ 6] /direct/sdcc+u/poare/Grid/build/examples/./Example_spec_kryschur[0x4cc206]
[genoahost102:631522] [ 7] /direct/sdcc+u/poare/Grid/build/examples/./Example_spec_kryschur[0x4cc2f1]
[genoahost102:631522] [ 8] /direct/sdcc+u/poare/Grid/build/examples/./Example_spec_kryschur[0x4c7e95]
[genoahost102:631522] [ 9] /direct/sdcc+u/poare/Grid/build/examples/./Example_spec_kryschur[0x4b5f4f]
[genoahost102:631522] [10] /direct/sdcc+u/poare/Grid/build/examples/./Example_spec_kryschur[0x41180d]
[genoahost102:631522] [11] /lib64/libc.so.6(+0x2a610)[0x14b239c2a610]
[genoahost102:631522] [12] /lib64/libc.so.6(__libc_start_main+0x80)[0x14b239c2a6c0]
[genoahost102:631522] [13] /direct/sdcc+u/poare/Grid/build/examples/./Example_spec_kryschur[0x4147f5]
[genoahost102:631522] *** End of error message ***

__|__|__|__|__|__|__|__|__|__|__|__|__|__|__
__|__|__|__|__|__|__|__|__|__|__|__|__|__|__
__|_ |  |  |  |  |  |  |  |  |  |  |  | _|__
__|_                                    _|__
__|_   GGGG    RRRR    III    DDDD      _|__
__|_  G        R   R    I     D   D     _|__
__|_  G        R   R    I     D    D    _|__
__|_  G  GG    RRRR     I     D    D    _|__
__|_  G   G    R  R     I     D   D     _|__
__|_   GGGG    R   R   III    DDDD      _|__
__|_                                    _|__
__|__|__|__|__|__|__|__|__|__|__|__|__|__|__
__|__|__|__|__|__|__|__|__|__|__|__|__|__|__
  |  |  |  |  |  |  |  |  |  |  |  |  |  |  


Copyright (C) 2015 Peter Boyle, Azusa Yamaguchi, Guido Cossu, Antonin Portelli and other authors

This program is free software; you can redistribute it and/or modify
it under the terms of the GNU General Public License as published by
the Free Software Foundation; either version 2 of the License, or
(at your option) any later version.

This program is distributed in the hope that it will be useful,
but WITHOUT ANY WARRANTY; without even the implied warranty of
MERCHANTABILITY or FITNESS FOR A PARTICULAR PURPOSE.  See the
GNU General Public License for more details.
Current Grid git commit hash=82d411ca7bb8ec4a5b5c3815df23674cfd291070: (HEAD -> develop, origin/develop, origin/HEAD) clean

Grid : Message : ================================================ 
Grid : Message : MPI is initialised and logging filters activated 
Grid : Message : ================================================ 
Grid : Message : This rank is running on host genoahost098.sdcc.bnl.local at local time 2026-02-27 13:58:18
Grid : Message : Requested 17179869184 byte stencil comms buffers 
Grid : Message : MemoryManager::Init() setting up
Grid : Message : MemoryManager::Init() cache pool for recent host   allocations: SMALL 8 LARGE 2 HUGE 0
Grid : Message : MemoryManager::Init() cache pool for recent device allocations: SMALL 16 LARGE 8 Huge 0
Grid : Message : MemoryManager::Init() cache pool for recent shared allocations: SMALL 16 LARGE 8 Huge 0
Grid : Message : MemoryManager::Init() Unified memory space
Sorting eigenvalues using EvalReSmall
Lattice size: [16 16 16 32]
Example_spec_kryschur: ../../Grid/communicator/SharedMemoryMPI.cc:434: static void Grid::GlobalSharedMemory::OptimalCommunicatorSharedMemory(const Coordinate&, ompi_communicator_t*&, Grid::Coordinate&): Assertion `WorldSize==Nprocessors' failed.
[genoahost098:1633838] *** Process received signal ***
[genoahost098:1633838] Signal: Aborted (6)
[genoahost098:1633838] Signal code:  (-6)
[genoahost098:1633838] [ 0] /lib64/libc.so.6(+0x3fc30)[0x1521e283fc30]
[genoahost098:1633838] [ 1] /lib64/libc.so.6(+0x8d02c)[0x1521e288d02c]
[genoahost098:1633838] [ 2] /lib64/libc.so.6(raise+0x16)[0x1521e283fb86]
[genoahost098:1633838] [ 3] /lib64/libc.so.6(abort+0xd3)[0x1521e2829873]
[genoahost098:1633838] [ 4] /lib64/libc.so.6(+0x2979b)[0x1521e282979b]
[genoahost098:1633838] [ 5] /lib64/libc.so.6(+0x388c6)[0x1521e28388c6]
[genoahost098:1633838] [ 6] /direct/sdcc+u/poare/Grid/build/examples/./Example_spec_kryschur[0x4cc206]
[genoahost098:1633838] [ 7] /direct/sdcc+u/poare/Grid/build/examples/./Example_spec_kryschur[0x4cc2f1]
[genoahost098:1633838] [ 8] /direct/sdcc+u/poare/Grid/build/examples/./Example_spec_kryschur[0x4c7e95]
[genoahost098:1633838] [ 9] /direct/sdcc+u/poare/Grid/build/examples/./Example_spec_kryschur[0x4b5f4f]
[genoahost098:1633838] [10] /direct/sdcc+u/poare/Grid/build/examples/./Example_spec_kryschur[0x41180d]
[genoahost098:1633838] [11] /lib64/libc.so.6(+0x2a610)[0x1521e282a610]
[genoahost098:1633838] [12] /lib64/libc.so.6(__libc_start_main+0x80)[0x1521e282a6c0]
[genoahost098:1633838] [13] /direct/sdcc+u/poare/Grid/build/examples/./Example_spec_kryschur[0x4147f5]
[genoahost098:1633838] *** End of error message ***

__|__|__|__|__|__|__|__|__|__|__|__|__|__|__
__|__|__|__|__|__|__|__|__|__|__|__|__|__|__
__|_ |  |  |  |  |  |  |  |  |  |  |  | _|__
__|_                                    _|__
__|_   GGGG    RRRR    III    DDDD      _|__
__|_  G        R   R    I     D   D     _|__
__|_  G        R   R    I     D    D    _|__
__|_  G  GG    RRRR     I     D    D    _|__
__|_  G   G    R  R     I     D   D     _|__
__|_   GGGG    R   R   III    DDDD      _|__
__|_                                    _|__
__|__|__|__|__|__|__|__|__|__|__|__|__|__|__
__|__|__|__|__|__|__|__|__|__|__|__|__|__|__
  |  |  |  |  |  |  |  |  |  |  |  |  |  |  


Copyright (C) 2015 Peter Boyle, Azusa Yamaguchi, Guido Cossu, Antonin Portelli and other authors

This program is free software; you can redistribute it and/or modify
it under the terms of the GNU General Public License as published by
the Free Software Foundation; either version 2 of the License, or
(at your option) any later version.

This program is distributed in the hope that it will be useful,
but WITHOUT ANY WARRANTY; without even the implied warranty of
MERCHANTABILITY or FITNESS FOR A PARTICULAR PURPOSE.  See the
GNU General Public License for more details.
Current Grid git commit hash=82d411ca7bb8ec4a5b5c3815df23674cfd291070: (HEAD -> develop, origin/develop, origin/HEAD) clean

Grid : Message : ================================================ 
Grid : Message : MPI is initialised and logging filters activated 
Grid : Message : ================================================ 
Grid : Message : This rank is running on host genoahost098.sdcc.bnl.local at local time 2026-02-27 13:58:18
Grid : Message : Requested 17179869184 byte stencil comms buffers 
Grid : Message : MemoryManager::Init() setting up
Grid : Message : MemoryManager::Init() cache pool for recent host   allocations: SMALL 8 LARGE 2 HUGE 0
Grid : Message : MemoryManager::Init() cache pool for recent device allocations: SMALL 16 LARGE 8 Huge 0
Grid : Message : MemoryManager::Init() cache pool for recent shared allocations: SMALL 16 LARGE 8 Huge 0
Grid : Message : MemoryManager::Init() Unified memory space
Sorting eigenvalues using EvalReSmall
Lattice size: [16 16 16 32]
Example_spec_kryschur: ../../Grid/communicator/SharedMemoryMPI.cc:434: static void Grid::GlobalSharedMemory::OptimalCommunicatorSharedMemory(const Coordinate&, ompi_communicator_t*&, Grid::Coordinate&): Assertion `WorldSize==Nprocessors' failed.
[genoahost098:1633834] *** Process received signal ***
[genoahost098:1633834] Signal: Aborted (6)
[genoahost098:1633834] Signal code:  (-6)
[genoahost098:1633834] [ 0] /lib64/libc.so.6(+0x3fc30)[0x148df2a3fc30]
[genoahost098:1633834] [ 1] /lib64/libc.so.6(+0x8d02c)[0x148df2a8d02c]
[genoahost098:1633834] [ 2] /lib64/libc.so.6(raise+0x16)[0x148df2a3fb86]
[genoahost098:1633834] [ 3] /lib64/libc.so.6(abort+0xd3)[0x148df2a29873]
[genoahost098:1633834] [ 4] /lib64/libc.so.6(+0x2979b)[0x148df2a2979b]
[genoahost098:1633834] [ 5] /lib64/libc.so.6(+0x388c6)[0x148df2a388c6]
[genoahost098:1633834] [ 6] /direct/sdcc+u/poare/Grid/build/examples/./Example_spec_kryschur[0x4cc206]
[genoahost098:1633834] [ 7] /direct/sdcc+u/poare/Grid/build/examples/./Example_spec_kryschur[0x4cc2f1]
[genoahost098:1633834] [ 8] /direct/sdcc+u/poare/Grid/build/examples/./Example_spec_kryschur[0x4c7e95]
[genoahost098:1633834] [ 9] /direct/sdcc+u/poare/Grid/build/examples/./Example_spec_kryschur[0x4b5f4f]
[genoahost098:1633834] [10] /direct/sdcc+u/poare/Grid/build/examples/./Example_spec_kryschur[0x41180d]
[genoahost098:1633834] [11] /lib64/libc.so.6(+0x2a610)[0x148df2a2a610]
[genoahost098:1633834] [12] /lib64/libc.so.6(__libc_start_main+0x80)[0x148df2a2a6c0]
[genoahost098:1633834] [13] /direct/sdcc+u/poare/Grid/build/examples/./Example_spec_kryschur[0x4147f5]
[genoahost098:1633834] *** End of error message ***

__|__|__|__|__|__|__|__|__|__|__|__|__|__|__
__|__|__|__|__|__|__|__|__|__|__|__|__|__|__
__|_ |  |  |  |  |  |  |  |  |  |  |  | _|__
__|_                                    _|__
__|_   GGGG    RRRR    III    DDDD      _|__
__|_  G        R   R    I     D   D     _|__
__|_  G        R   R    I     D    D    _|__
__|_  G  GG    RRRR     I     D    D    _|__
__|_  G   G    R  R     I     D   D     _|__
__|_   GGGG    R   R   III    DDDD      _|__
__|_                                    _|__
__|__|__|__|__|__|__|__|__|__|__|__|__|__|__
__|__|__|__|__|__|__|__|__|__|__|__|__|__|__
  |  |  |  |  |  |  |  |  |  |  |  |  |  |  


Copyright (C) 2015 Peter Boyle, Azusa Yamaguchi, Guido Cossu, Antonin Portelli and other authors

This program is free software; you can redistribute it and/or modify
it under the terms of the GNU General Public License as published by
the Free Software Foundation; either version 2 of the License, or
(at your option) any later version.

This program is distributed in the hope that it will be useful,
but WITHOUT ANY WARRANTY; without even the implied warranty of
MERCHANTABILITY or FITNESS FOR A PARTICULAR PURPOSE.  See the
GNU General Public License for more details.
Current Grid git commit hash=82d411ca7bb8ec4a5b5c3815df23674cfd291070: (HEAD -> develop, origin/develop, origin/HEAD) clean

Grid : Message : ================================================ 
Grid : Message : MPI is initialised and logging filters activated 
Grid : Message : ================================================ 
Grid : Message : This rank is running on host genoahost103.sdcc.bnl.local at local time 2026-02-27 13:58:18
Grid : Message : Requested 17179869184 byte stencil comms buffers 
Grid : Message : MemoryManager::Init() setting up
Grid : Message : MemoryManager::Init() cache pool for recent host   allocations: SMALL 8 LARGE 2 HUGE 0
Grid : Message : MemoryManager::Init() cache pool for recent device allocations: SMALL 16 LARGE 8 Huge 0
Grid : Message : MemoryManager::Init() cache pool for recent shared allocations: SMALL 16 LARGE 8 Huge 0
Grid : Message : MemoryManager::Init() Unified memory space
Sorting eigenvalues using EvalReSmall
Lattice size: [16 16 16 32]
Example_spec_kryschur: ../../Grid/communicator/SharedMemoryMPI.cc:434: static void Grid::GlobalSharedMemory::OptimalCommunicatorSharedMemory(const Coordinate&, ompi_communicator_t*&, Grid::Coordinate&): Assertion `WorldSize==Nprocessors' failed.
[genoahost103:621004] *** Process received signal ***
[genoahost103:621004] Signal: Aborted (6)
[genoahost103:621004] Signal code:  (-6)
[genoahost103:621004] [ 0] /lib64/libc.so.6(+0x3fc30)[0x152b0463fc30]
[genoahost103:621004] [ 1] /lib64/libc.so.6(+0x8d02c)[0x152b0468d02c]
[genoahost103:621004] [ 2] /lib64/libc.so.6(raise+0x16)[0x152b0463fb86]
[genoahost103:621004] [ 3] /lib64/libc.so.6(abort+0xd3)[0x152b04629873]
[genoahost103:621004] [ 4] /lib64/libc.so.6(+0x2979b)[0x152b0462979b]
[genoahost103:621004] [ 5] /lib64/libc.so.6(+0x388c6)[0x152b046388c6]
[genoahost103:621004] [ 6] /direct/sdcc+u/poare/Grid/build/examples/./Example_spec_kryschur[0x4cc206]
[genoahost103:621004] [ 7] /direct/sdcc+u/poare/Grid/build/examples/./Example_spec_kryschur[0x4cc2f1]
[genoahost103:621004] [ 8] /direct/sdcc+u/poare/Grid/build/examples/./Example_spec_kryschur[0x4c7e95]
[genoahost103:621004] [ 9] /direct/sdcc+u/poare/Grid/build/examples/./Example_spec_kryschur[0x4b5f4f]
[genoahost103:621004] [10] /direct/sdcc+u/poare/Grid/build/examples/./Example_spec_kryschur[0x41180d]
[genoahost103:621004] [11] /lib64/libc.so.6(+0x2a610)[0x152b0462a610]
[genoahost103:621004] [12] /lib64/libc.so.6(__libc_start_main+0x80)[0x152b0462a6c0]
[genoahost103:621004] [13] /direct/sdcc+u/poare/Grid/build/examples/./Example_spec_kryschur[0x4147f5]
[genoahost103:621004] *** End of error message ***

__|__|__|__|__|__|__|__|__|__|__|__|__|__|__
__|__|__|__|__|__|__|__|__|__|__|__|__|__|__
__|_ |  |  |  |  |  |  |  |  |  |  |  | _|__
__|_                                    _|__
__|_   GGGG    RRRR    III    DDDD      _|__
__|_  G        R   R    I     D   D     _|__
__|_  G        R   R    I     D    D    _|__
__|_  G  GG    RRRR     I     D    D    _|__
__|_  G   G    R  R     I     D   D     _|__
__|_   GGGG    R   R   III    DDDD      _|__
__|_                                    _|__
__|__|__|__|__|__|__|__|__|__|__|__|__|__|__
__|__|__|__|__|__|__|__|__|__|__|__|__|__|__
  |  |  |  |  |  |  |  |  |  |  |  |  |  |  


Copyright (C) 2015 Peter Boyle, Azusa Yamaguchi, Guido Cossu, Antonin Portelli and other authors

This program is free software; you can redistribute it and/or modify
it under the terms of the GNU General Public License as published by
the Free Software Foundation; either version 2 of the License, or
(at your option) any later version.

This program is distributed in the hope that it will be useful,
but WITHOUT ANY WARRANTY; without even the implied warranty of
MERCHANTABILITY or FITNESS FOR A PARTICULAR PURPOSE.  See the
GNU General Public License for more details.
Current Grid git commit hash=82d411ca7bb8ec4a5b5c3815df23674cfd291070: (HEAD -> develop, origin/develop, origin/HEAD) clean

Grid : Message : ================================================ 
Grid : Message : MPI is initialised and logging filters activated 
Grid : Message : ================================================ 
Grid : Message : This rank is running on host genoahost103.sdcc.bnl.local at local time 2026-02-27 13:58:18
Grid : Message : Requested 17179869184 byte stencil comms buffers 
Grid : Message : MemoryManager::Init() setting up
Grid : Message : MemoryManager::Init() cache pool for recent host   allocations: SMALL 8 LARGE 2 HUGE 0
Grid : Message : MemoryManager::Init() cache pool for recent device allocations: SMALL 16 LARGE 8 Huge 0
Grid : Message : MemoryManager::Init() cache pool for recent shared allocations: SMALL 16 LARGE 8 Huge 0
Grid : Message : MemoryManager::Init() Unified memory space
Sorting eigenvalues using EvalReSmall
Lattice size: [16 16 16 32]
Example_spec_kryschur: ../../Grid/communicator/SharedMemoryMPI.cc:434: static void Grid::GlobalSharedMemory::OptimalCommunicatorSharedMemory(const Coordinate&, ompi_communicator_t*&, Grid::Coordinate&): Assertion `WorldSize==Nprocessors' failed.
[genoahost103:621011] *** Process received signal ***
[genoahost103:621011] Signal: Aborted (6)
[genoahost103:621011] Signal code:  (-6)
[genoahost103:621011] [ 0] /lib64/libc.so.6(+0x3fc30)[0x14f26483fc30]
[genoahost103:621011] [ 1] /lib64/libc.so.6(+0x8d02c)[0x14f26488d02c]
[genoahost103:621011] [ 2] /lib64/libc.so.6(raise+0x16)[0x14f26483fb86]
[genoahost103:621011] [ 3] /lib64/libc.so.6(abort+0xd3)[0x14f264829873]
[genoahost103:621011] [ 4] /lib64/libc.so.6(+0x2979b)[0x14f26482979b]
[genoahost103:621011] [ 5] /lib64/libc.so.6(+0x388c6)[0x14f2648388c6]
[genoahost103:621011] [ 6] /direct/sdcc+u/poare/Grid/build/examples/./Example_spec_kryschur[0x4cc206]
[genoahost103:621011] [ 7] /direct/sdcc+u/poare/Grid/build/examples/./Example_spec_kryschur[0x4cc2f1]
[genoahost103:621011] [ 8] /direct/sdcc+u/poare/Grid/build/examples/./Example_spec_kryschur[0x4c7e95]
[genoahost103:621011] [ 9] /direct/sdcc+u/poare/Grid/build/examples/./Example_spec_kryschur[0x4b5f4f]
[genoahost103:621011] [10] /direct/sdcc+u/poare/Grid/build/examples/./Example_spec_kryschur[0x41180d]
[genoahost103:621011] [11] /lib64/libc.so.6(+0x2a610)[0x14f26482a610]
[genoahost103:621011] [12] /lib64/libc.so.6(__libc_start_main+0x80)[0x14f26482a6c0]
[genoahost103:621011] [13] /direct/sdcc+u/poare/Grid/build/examples/./Example_spec_kryschur[0x4147f5]
[genoahost103:621011] *** End of error message ***
srun: error: genoahost101: task 75: Aborted (core dumped)

__|__|__|__|__|__|__|__|__|__|__|__|__|__|__
__|__|__|__|__|__|__|__|__|__|__|__|__|__|__
__|_ |  |  |  |  |  |  |  |  |  |  |  | _|__
__|_                                    _|__
__|_   GGGG    RRRR    III    DDDD      _|__
__|_  G        R   R    I     D   D     _|__
__|_  G        R   R    I     D    D    _|__
__|_  G  GG    RRRR     I     D    D    _|__
__|_  G   G    R  R     I     D   D     _|__
__|_   GGGG    R   R   III    DDDD      _|__
__|_                                    _|__
__|__|__|__|__|__|__|__|__|__|__|__|__|__|__
__|__|__|__|__|__|__|__|__|__|__|__|__|__|__
  |  |  |  |  |  |  |  |  |  |  |  |  |  |  


Copyright (C) 2015 Peter Boyle, Azusa Yamaguchi, Guido Cossu, Antonin Portelli and other authors

This program is free software; you can redistribute it and/or modify
it under the terms of the GNU General Public License as published by
the Free Software Foundation; either version 2 of the License, or
(at your option) any later version.

This program is distributed in the hope that it will be useful,
but WITHOUT ANY WARRANTY; without even the implied warranty of
MERCHANTABILITY or FITNESS FOR A PARTICULAR PURPOSE.  See the
GNU General Public License for more details.
Current Grid git commit hash=82d411ca7bb8ec4a5b5c3815df23674cfd291070: (HEAD -> develop, origin/develop, origin/HEAD) clean

Grid : Message : ================================================ 
Grid : Message : MPI is initialised and logging filters activated 
Grid : Message : ================================================ 
Grid : Message : This rank is running on host genoahost103.sdcc.bnl.local at local time 2026-02-27 13:58:18
Grid : Message : Requested 17179869184 byte stencil comms buffers 
Grid : Message : MemoryManager::Init() setting up
Grid : Message : MemoryManager::Init() cache pool for recent host   allocations: SMALL 8 LARGE 2 HUGE 0
Grid : Message : MemoryManager::Init() cache pool for recent device allocations: SMALL 16 LARGE 8 Huge 0
Grid : Message : MemoryManager::Init() cache pool for recent shared allocations: SMALL 16 LARGE 8 Huge 0
Grid : Message : MemoryManager::Init() Unified memory space
Sorting eigenvalues using EvalReSmall
Lattice size: [16 16 16 32]
Example_spec_kryschur: ../../Grid/communicator/SharedMemoryMPI.cc:434: static void Grid::GlobalSharedMemory::OptimalCommunicatorSharedMemory(const Coordinate&, ompi_communicator_t*&, Grid::Coordinate&): Assertion `WorldSize==Nprocessors' failed.
[genoahost103:621015] *** Process received signal ***
[genoahost103:621015] Signal: Aborted (6)
[genoahost103:621015] Signal code:  (-6)
[genoahost103:621015] [ 0] /lib64/libc.so.6(+0x3fc30)[0x14b837a3fc30]
[genoahost103:621015] [ 1] /lib64/libc.so.6(+0x8d02c)[0x14b837a8d02c]
[genoahost103:621015] [ 2] /lib64/libc.so.6(raise+0x16)[0x14b837a3fb86]
[genoahost103:621015] [ 3] /lib64/libc.so.6(abort+0xd3)[0x14b837a29873]
[genoahost103:621015] [ 4] /lib64/libc.so.6(+0x2979b)[0x14b837a2979b]
[genoahost103:621015] [ 5] /lib64/libc.so.6(+0x388c6)[0x14b837a388c6]
[genoahost103:621015] [ 6] /direct/sdcc+u/poare/Grid/build/examples/./Example_spec_kryschur[0x4cc206]
[genoahost103:621015] [ 7] /direct/sdcc+u/poare/Grid/build/examples/./Example_spec_kryschur[0x4cc2f1]
[genoahost103:621015] [ 8] /direct/sdcc+u/poare/Grid/build/examples/./Example_spec_kryschur[0x4c7e95]
[genoahost103:621015] [ 9] /direct/sdcc+u/poare/Grid/build/examples/./Example_spec_kryschur[0x4b5f4f]
[genoahost103:621015] [10] /direct/sdcc+u/poare/Grid/build/examples/./Example_spec_kryschur[0x41180d]
[genoahost103:621015] [11] /lib64/libc.so.6(+0x2a610)[0x14b837a2a610]
[genoahost103:621015] [12] /lib64/libc.so.6(__libc_start_main+0x80)[0x14b837a2a6c0]
[genoahost103:621015] [13] /direct/sdcc+u/poare/Grid/build/examples/./Example_spec_kryschur[0x4147f5]
[genoahost103:621015] *** End of error message ***

__|__|__|__|__|__|__|__|__|__|__|__|__|__|__
__|__|__|__|__|__|__|__|__|__|__|__|__|__|__
__|_ |  |  |  |  |  |  |  |  |  |  |  | _|__
__|_                                    _|__
__|_   GGGG    RRRR    III    DDDD      _|__
__|_  G        R   R    I     D   D     _|__
__|_  G        R   R    I     D    D    _|__
__|_  G  GG    RRRR     I     D    D    _|__
__|_  G   G    R  R     I     D   D     _|__
__|_   GGGG    R   R   III    DDDD      _|__
__|_                                    _|__
__|__|__|__|__|__|__|__|__|__|__|__|__|__|__
__|__|__|__|__|__|__|__|__|__|__|__|__|__|__
  |  |  |  |  |  |  |  |  |  |  |  |  |  |  


Copyright (C) 2015 Peter Boyle, Azusa Yamaguchi, Guido Cossu, Antonin Portelli and other authors

This program is free software; you can redistribute it and/or modify
it under the terms of the GNU General Public License as published by
the Free Software Foundation; either version 2 of the License, or
(at your option) any later version.

This program is distributed in the hope that it will be useful,
but WITHOUT ANY WARRANTY; without even the implied warranty of
MERCHANTABILITY or FITNESS FOR A PARTICULAR PURPOSE.  See the
GNU General Public License for more details.
Current Grid git commit hash=82d411ca7bb8ec4a5b5c3815df23674cfd291070: (HEAD -> develop, origin/develop, origin/HEAD) clean

Grid : Message : ================================================ 
Grid : Message : MPI is initialised and logging filters activated 
Grid : Message : ================================================ 
Grid : Message : This rank is running on host genoahost103.sdcc.bnl.local at local time 2026-02-27 13:58:18
Grid : Message : Requested 17179869184 byte stencil comms buffers 
Grid : Message : MemoryManager::Init() setting up
Grid : Message : MemoryManager::Init() cache pool for recent host   allocations: SMALL 8 LARGE 2 HUGE 0
Grid : Message : MemoryManager::Init() cache pool for recent device allocations: SMALL 16 LARGE 8 Huge 0
Grid : Message : MemoryManager::Init() cache pool for recent shared allocations: SMALL 16 LARGE 8 Huge 0
Grid : Message : MemoryManager::Init() Unified memory space
Sorting eigenvalues using EvalReSmall
Lattice size: [16 16 16 32]
Example_spec_kryschur: ../../Grid/communicator/SharedMemoryMPI.cc:434: static void Grid::GlobalSharedMemory::OptimalCommunicatorSharedMemory(const Coordinate&, ompi_communicator_t*&, Grid::Coordinate&): Assertion `WorldSize==Nprocessors' failed.
[genoahost103:621008] *** Process received signal ***
[genoahost103:621008] Signal: Aborted (6)
[genoahost103:621008] Signal code:  (-6)
[genoahost103:621008] [ 0] /lib64/libc.so.6(+0x3fc30)[0x15510b03fc30]
[genoahost103:621008] [ 1] /lib64/libc.so.6(+0x8d02c)[0x15510b08d02c]
[genoahost103:621008] [ 2] /lib64/libc.so.6(raise+0x16)[0x15510b03fb86]
[genoahost103:621008] [ 3] /lib64/libc.so.6(abort+0xd3)[0x15510b029873]
[genoahost103:621008] [ 4] /lib64/libc.so.6(+0x2979b)[0x15510b02979b]
[genoahost103:621008] [ 5] /lib64/libc.so.6(+0x388c6)[0x15510b0388c6]
[genoahost103:621008] [ 6] /direct/sdcc+u/poare/Grid/build/examples/./Example_spec_kryschur[0x4cc206]
[genoahost103:621008] [ 7] /direct/sdcc+u/poare/Grid/build/examples/./Example_spec_kryschur[0x4cc2f1]
[genoahost103:621008] [ 8] /direct/sdcc+u/poare/Grid/build/examples/./Example_spec_kryschur[0x4c7e95]
[genoahost103:621008] [ 9] /direct/sdcc+u/poare/Grid/build/examples/./Example_spec_kryschur[0x4b5f4f]
[genoahost103:621008] [10] /direct/sdcc+u/poare/Grid/build/examples/./Example_spec_kryschur[0x41180d]
[genoahost103:621008] [11] /lib64/libc.so.6(+0x2a610)[0x15510b02a610]
[genoahost103:621008] [12] /lib64/libc.so.6(__libc_start_main+0x80)[0x15510b02a6c0]
[genoahost103:621008] [13] /direct/sdcc+u/poare/Grid/build/examples/./Example_spec_kryschur[0x4147f5]
[genoahost103:621008] *** End of error message ***
srun: error: genoahost101: task 72: Aborted (core dumped)
srun: error: genoahost101: tasks 67,70,74,76: Aborted (core dumped)
srun: error: genoahost100: tasks 52,54: Aborted (core dumped)
srun: error: genoahost100: task 53: Aborted (core dumped)
srun: error: genoahost104: task 127: Aborted (core dumped)

__|__|__|__|__|__|__|__|__|__|__|__|__|__|__
__|__|__|__|__|__|__|__|__|__|__|__|__|__|__
__|_ |  |  |  |  |  |  |  |  |  |  |  | _|__
__|_                                    _|__
__|_   GGGG    RRRR    III    DDDD      _|__
__|_  G        R   R    I     D   D     _|__
__|_  G        R   R    I     D    D    _|__
__|_  G  GG    RRRR     I     D    D    _|__
__|_  G   G    R  R     I     D   D     _|__
__|_   GGGG    R   R   III    DDDD      _|__
__|_                                    _|__
__|__|__|__|__|__|__|__|__|__|__|__|__|__|__
__|__|__|__|__|__|__|__|__|__|__|__|__|__|__
  |  |  |  |  |  |  |  |  |  |  |  |  |  |  


Copyright (C) 2015 Peter Boyle, Azusa Yamaguchi, Guido Cossu, Antonin Portelli and other authors

This program is free software; you can redistribute it and/or modify
it under the terms of the GNU General Public License as published by
the Free Software Foundation; either version 2 of the License, or
(at your option) any later version.

This program is distributed in the hope that it will be useful,
but WITHOUT ANY WARRANTY; without even the implied warranty of
MERCHANTABILITY or FITNESS FOR A PARTICULAR PURPOSE.  See the
GNU General Public License for more details.
Current Grid git commit hash=82d411ca7bb8ec4a5b5c3815df23674cfd291070: (HEAD -> develop, origin/develop, origin/HEAD) clean

Grid : Message : ================================================ 
Grid : Message : MPI is initialised and logging filters activated 
Grid : Message : ================================================ 
Grid : Message : This rank is running on host genoahost100.sdcc.bnl.local at local time 2026-02-27 13:58:21
Grid : Message : Requested 17179869184 byte stencil comms buffers 
Grid : Message : MemoryManager::Init() setting up
Grid : Message : MemoryManager::Init() cache pool for recent host   allocations: SMALL 8 LARGE 2 HUGE 0
Grid : Message : MemoryManager::Init() cache pool for recent device allocations: SMALL 16 LARGE 8 Huge 0
Grid : Message : MemoryManager::Init() cache pool for recent shared allocations: SMALL 16 LARGE 8 Huge 0
Grid : Message : MemoryManager::Init() Unified memory space
Sorting eigenvalues using EvalReSmall
Lattice size: [16 16 16 32]
Example_spec_kryschur: ../../Grid/communicator/SharedMemoryMPI.cc:434: static void Grid::GlobalSharedMemory::OptimalCommunicatorSharedMemory(const Coordinate&, ompi_communicator_t*&, Grid::Coordinate&): Assertion `WorldSize==Nprocessors' failed.
[genoahost100:652078] *** Process received signal ***
[genoahost100:652078] Signal: Aborted (6)
[genoahost100:652078] Signal code:  (-6)
[genoahost100:652078] [ 0] /lib64/libc.so.6(+0x3fc30)[0x146c10a3fc30]
[genoahost100:652078] [ 1] /lib64/libc.so.6(+0x8d02c)[0x146c10a8d02c]
[genoahost100:652078] [ 2] /lib64/libc.so.6(raise+0x16)[0x146c10a3fb86]
[genoahost100:652078] [ 3] /lib64/libc.so.6(abort+0xd3)[0x146c10a29873]
[genoahost100:652078] [ 4] /lib64/libc.so.6(+0x2979b)[0x146c10a2979b]
[genoahost100:652078] [ 5] /lib64/libc.so.6(+0x388c6)[0x146c10a388c6]
[genoahost100:652078] [ 6] /direct/sdcc+u/poare/Grid/build/examples/./Example_spec_kryschur[0x4cc206]
[genoahost100:652078] [ 7] /direct/sdcc+u/poare/Grid/build/examples/./Example_spec_kryschur[0x4cc2f1]
[genoahost100:652078] [ 8] /direct/sdcc+u/poare/Grid/build/examples/./Example_spec_kryschur[0x4c7e95]
[genoahost100:652078] [ 9] /direct/sdcc+u/poare/Grid/build/examples/./Example_spec_kryschur[0x4b5f4f]
[genoahost100:652078] [10] /direct/sdcc+u/poare/Grid/build/examples/./Example_spec_kryschur[0x41180d]
[genoahost100:652078] [11] /lib64/libc.so.6(+0x2a610)[0x146c10a2a610]
[genoahost100:652078] [12] /lib64/libc.so.6(__libc_start_main+0x80)[0x146c10a2a6c0]
[genoahost100:652078] [13] /direct/sdcc+u/poare/Grid/build/examples/./Example_spec_kryschur[0x4147f5]
[genoahost100:652078] *** End of error message ***

__|__|__|__|__|__|__|__|__|__|__|__|__|__|__
__|__|__|__|__|__|__|__|__|__|__|__|__|__|__
__|_ |  |  |  |  |  |  |  |  |  |  |  | _|__
__|_                                    _|__
__|_   GGGG    RRRR    III    DDDD      _|__
__|_  G        R   R    I     D   D     _|__
__|_  G        R   R    I     D    D    _|__
__|_  G  GG    RRRR     I     D    D    _|__
__|_  G   G    R  R     I     D   D     _|__
__|_   GGGG    R   R   III    DDDD      _|__
__|_                                    _|__
__|__|__|__|__|__|__|__|__|__|__|__|__|__|__
__|__|__|__|__|__|__|__|__|__|__|__|__|__|__
  |  |  |  |  |  |  |  |  |  |  |  |  |  |  


Copyright (C) 2015 Peter Boyle, Azusa Yamaguchi, Guido Cossu, Antonin Portelli and other authors

This program is free software; you can redistribute it and/or modify
it under the terms of the GNU General Public License as published by
the Free Software Foundation; either version 2 of the License, or
(at your option) any later version.

This program is distributed in the hope that it will be useful,
but WITHOUT ANY WARRANTY; without even the implied warranty of
MERCHANTABILITY or FITNESS FOR A PARTICULAR PURPOSE.  See the
GNU General Public License for more details.
Current Grid git commit hash=82d411ca7bb8ec4a5b5c3815df23674cfd291070: (HEAD -> develop, origin/develop, origin/HEAD) clean

Grid : Message : ================================================ 
Grid : Message : MPI is initialised and logging filters activated 
Grid : Message : ================================================ 
Grid : Message : This rank is running on host genoahost100.sdcc.bnl.local at local time 2026-02-27 13:58:21
Grid : Message : Requested 17179869184 byte stencil comms buffers 
Grid : Message : MemoryManager::Init() setting up
Grid : Message : MemoryManager::Init() cache pool for recent host   allocations: SMALL 8 LARGE 2 HUGE 0
Grid : Message : MemoryManager::Init() cache pool for recent device allocations: SMALL 16 LARGE 8 Huge 0
Grid : Message : MemoryManager::Init() cache pool for recent shared allocations: SMALL 16 LARGE 8 Huge 0
Grid : Message : MemoryManager::Init() Unified memory space
Sorting eigenvalues using EvalReSmall
Lattice size: [16 16 16 32]
Example_spec_kryschur: ../../Grid/communicator/SharedMemoryMPI.cc:434: static void Grid::GlobalSharedMemory::OptimalCommunicatorSharedMemory(const Coordinate&, ompi_communicator_t*&, Grid::Coordinate&): Assertion `WorldSize==Nprocessors' failed.
[genoahost100:652065] *** Process received signal ***
[genoahost100:652065] Signal: Aborted (6)
[genoahost100:652065] Signal code:  (-6)
[genoahost100:652065] [ 0] /lib64/libc.so.6(+0x3fc30)[0x153f9f03fc30]
[genoahost100:652065] [ 1] /lib64/libc.so.6(+0x8d02c)[0x153f9f08d02c]
[genoahost100:652065] [ 2] /lib64/libc.so.6(raise+0x16)[0x153f9f03fb86]
[genoahost100:652065] [ 3] /lib64/libc.so.6(abort+0xd3)[0x153f9f029873]
[genoahost100:652065] [ 4] /lib64/libc.so.6(+0x2979b)[0x153f9f02979b]
[genoahost100:652065] [ 5] /lib64/libc.so.6(+0x388c6)[0x153f9f0388c6]
[genoahost100:652065] [ 6] /direct/sdcc+u/poare/Grid/build/examples/./Example_spec_kryschur[0x4cc206]
[genoahost100:652065] [ 7] /direct/sdcc+u/poare/Grid/build/examples/./Example_spec_kryschur[0x4cc2f1]
[genoahost100:652065] [ 8] /direct/sdcc+u/poare/Grid/build/examples/./Example_spec_kryschur[0x4c7e95]
[genoahost100:652065] [ 9] /direct/sdcc+u/poare/Grid/build/examples/./Example_spec_kryschur[0x4b5f4f]
[genoahost100:652065] [10] /direct/sdcc+u/poare/Grid/build/examples/./Example_spec_kryschur[0x41180d]
[genoahost100:652065] [11] /lib64/libc.so.6(+0x2a610)[0x153f9f02a610]
[genoahost100:652065] [12] /lib64/libc.so.6(__libc_start_main+0x80)[0x153f9f02a6c0]
[genoahost100:652065] [13] /direct/sdcc+u/poare/Grid/build/examples/./Example_spec_kryschur[0x4147f5]
[genoahost100:652065] *** End of error message ***
srun: error: genoahost097: tasks 5,11-12: Aborted (core dumped)
srun: error: genoahost097: task 6: Aborted (core dumped)

__|__|__|__|__|__|__|__|__|__|__|__|__|__|__
__|__|__|__|__|__|__|__|__|__|__|__|__|__|__
__|_ |  |  |  |  |  |  |  |  |  |  |  | _|__
__|_                                    _|__
__|_   GGGG    RRRR    III    DDDD      _|__
__|_  G        R   R    I     D   D     _|__
__|_  G        R   R    I     D    D    _|__
__|_  G  GG    RRRR     I     D    D    _|__
__|_  G   G    R  R     I     D   D     _|__
__|_   GGGG    R   R   III    DDDD      _|__
__|_                                    _|__
__|__|__|__|__|__|__|__|__|__|__|__|__|__|__
__|__|__|__|__|__|__|__|__|__|__|__|__|__|__
  |  |  |  |  |  |  |  |  |  |  |  |  |  |  


Copyright (C) 2015 Peter Boyle, Azusa Yamaguchi, Guido Cossu, Antonin Portelli and other authors

This program is free software; you can redistribute it and/or modify
it under the terms of the GNU General Public License as published by
the Free Software Foundation; either version 2 of the License, or
(at your option) any later version.

This program is distributed in the hope that it will be useful,
but WITHOUT ANY WARRANTY; without even the implied warranty of
MERCHANTABILITY or FITNESS FOR A PARTICULAR PURPOSE.  See the
GNU General Public License for more details.
Current Grid git commit hash=82d411ca7bb8ec4a5b5c3815df23674cfd291070: (HEAD -> develop, origin/develop, origin/HEAD) clean

Grid : Message : ================================================ 
Grid : Message : MPI is initialised and logging filters activated 
Grid : Message : ================================================ 
Grid : Message : This rank is running on host genoahost097.sdcc.bnl.local at local time 2026-02-27 13:58:25
Grid : Message : Requested 17179869184 byte stencil comms buffers 
Grid : Message : MemoryManager::Init() setting up
Grid : Message : MemoryManager::Init() cache pool for recent host   allocations: SMALL 8 LARGE 2 HUGE 0
Grid : Message : MemoryManager::Init() cache pool for recent device allocations: SMALL 16 LARGE 8 Huge 0
Grid : Message : MemoryManager::Init() cache pool for recent shared allocations: SMALL 16 LARGE 8 Huge 0
Grid : Message : MemoryManager::Init() Unified memory space
Sorting eigenvalues using EvalReSmall
Lattice size: [16 16 16 32]
Example_spec_kryschur: ../../Grid/communicator/SharedMemoryMPI.cc:434: static void Grid::GlobalSharedMemory::OptimalCommunicatorSharedMemory(const Coordinate&, ompi_communicator_t*&, Grid::Coordinate&): Assertion `WorldSize==Nprocessors' failed.
[genoahost097:1736407] *** Process received signal ***
[genoahost097:1736407] Signal: Aborted (6)
[genoahost097:1736407] Signal code:  (-6)
[genoahost097:1736407] [ 0] /lib64/libc.so.6(+0x3fc30)[0x150057e3fc30]
[genoahost097:1736407] [ 1] /lib64/libc.so.6(+0x8d02c)[0x150057e8d02c]
[genoahost097:1736407] [ 2] /lib64/libc.so.6(raise+0x16)[0x150057e3fb86]
[genoahost097:1736407] [ 3] /lib64/libc.so.6(abort+0xd3)[0x150057e29873]
[genoahost097:1736407] [ 4] /lib64/libc.so.6(+0x2979b)[0x150057e2979b]
[genoahost097:1736407] [ 5] /lib64/libc.so.6(+0x388c6)[0x150057e388c6]
[genoahost097:1736407] [ 6] /direct/sdcc+u/poare/Grid/build/examples/./Example_spec_kryschur[0x4cc206]
[genoahost097:1736407] [ 7] /direct/sdcc+u/poare/Grid/build/examples/./Example_spec_kryschur[0x4cc2f1]
[genoahost097:1736407] [ 8] /direct/sdcc+u/poare/Grid/build/examples/./Example_spec_kryschur[0x4c7e95]
[genoahost097:1736407] [ 9] /direct/sdcc+u/poare/Grid/build/examples/./Example_spec_kryschur[0x4b5f4f]
[genoahost097:1736407] [10] /direct/sdcc+u/poare/Grid/build/examples/./Example_spec_kryschur[0x41180d]
[genoahost097:1736407] [11] /lib64/libc.so.6(+0x2a610)[0x150057e2a610]
[genoahost097:1736407] [12] /lib64/libc.so.6(__libc_start_main+0x80)[0x150057e2a6c0]
[genoahost097:1736407] [13] /direct/sdcc+u/poare/Grid/build/examples/./Example_spec_kryschur[0x4147f5]
[genoahost097:1736407] *** End of error message ***
srun: error: genoahost098: task 30: Aborted (core dumped)

__|__|__|__|__|__|__|__|__|__|__|__|__|__|__
__|__|__|__|__|__|__|__|__|__|__|__|__|__|__
__|_ |  |  |  |  |  |  |  |  |  |  |  | _|__
__|_                                    _|__
__|_   GGGG    RRRR    III    DDDD      _|__
__|_  G        R   R    I     D   D     _|__
__|_  G        R   R    I     D    D    _|__
__|_  G  GG    RRRR     I     D    D    _|__
__|_  G   G    R  R     I     D   D     _|__
__|_   GGGG    R   R   III    DDDD      _|__
__|_                                    _|__
__|__|__|__|__|__|__|__|__|__|__|__|__|__|__
__|__|__|__|__|__|__|__|__|__|__|__|__|__|__
  |  |  |  |  |  |  |  |  |  |  |  |  |  |  


Copyright (C) 2015 Peter Boyle, Azusa Yamaguchi, Guido Cossu, Antonin Portelli and other authors

This program is free software; you can redistribute it and/or modify
it under the terms of the GNU General Public License as published by
the Free Software Foundation; either version 2 of the License, or
(at your option) any later version.

This program is distributed in the hope that it will be useful,
but WITHOUT ANY WARRANTY; without even the implied warranty of
MERCHANTABILITY or FITNESS FOR A PARTICULAR PURPOSE.  See the
GNU General Public License for more details.
Current Grid git commit hash=82d411ca7bb8ec4a5b5c3815df23674cfd291070: (HEAD -> develop, origin/develop, origin/HEAD) clean

Grid : Message : ================================================ 
Grid : Message : MPI is initialised and logging filters activated 
Grid : Message : ================================================ 
Grid : Message : This rank is running on host genoahost097.sdcc.bnl.local at local time 2026-02-27 13:58:25
Grid : Message : Requested 17179869184 byte stencil comms buffers 
Grid : Message : MemoryManager::Init() setting up
Grid : Message : MemoryManager::Init() cache pool for recent host   allocations: SMALL 8 LARGE 2 HUGE 0
Grid : Message : MemoryManager::Init() cache pool for recent device allocations: SMALL 16 LARGE 8 Huge 0
Grid : Message : MemoryManager::Init() cache pool for recent shared allocations: SMALL 16 LARGE 8 Huge 0
Grid : Message : MemoryManager::Init() Unified memory space
Sorting eigenvalues using EvalReSmall
Lattice size: [16 16 16 32]
Example_spec_kryschur: ../../Grid/communicator/SharedMemoryMPI.cc:434: static void Grid::GlobalSharedMemory::OptimalCommunicatorSharedMemory(const Coordinate&, ompi_communicator_t*&, Grid::Coordinate&): Assertion `WorldSize==Nprocessors' failed.
[genoahost097:1736397] *** Process received signal ***
[genoahost097:1736397] Signal: Aborted (6)
[genoahost097:1736397] Signal code:  (-6)
[genoahost097:1736397] [ 0] /lib64/libc.so.6(+0x3fc30)[0x14f03703fc30]
[genoahost097:1736397] [ 1] /lib64/libc.so.6(+0x8d02c)[0x14f03708d02c]
[genoahost097:1736397] [ 2] /lib64/libc.so.6(raise+0x16)[0x14f03703fb86]
[genoahost097:1736397] [ 3] /lib64/libc.so.6(abort+0xd3)[0x14f037029873]
[genoahost097:1736397] [ 4] /lib64/libc.so.6(+0x2979b)[0x14f03702979b]
[genoahost097:1736397] [ 5] /lib64/libc.so.6(+0x388c6)[0x14f0370388c6]
[genoahost097:1736397] [ 6] /direct/sdcc+u/poare/Grid/build/examples/./Example_spec_kryschur[0x4cc206]
[genoahost097:1736397] [ 7] /direct/sdcc+u/poare/Grid/build/examples/./Example_spec_kryschur[0x4cc2f1]
[genoahost097:1736397] [ 8] /direct/sdcc+u/poare/Grid/build/examples/./Example_spec_kryschur[0x4c7e95]
[genoahost097:1736397] [ 9] /direct/sdcc+u/poare/Grid/build/examples/./Example_spec_kryschur[0x4b5f4f]
[genoahost097:1736397] [10] /direct/sdcc+u/poare/Grid/build/examples/./Example_spec_kryschur[0x41180d]
[genoahost097:1736397] [11] /lib64/libc.so.6(+0x2a610)[0x14f03702a610]
[genoahost097:1736397] [12] /lib64/libc.so.6(__libc_start_main+0x80)[0x14f03702a6c0]
[genoahost097:1736397] [13] /direct/sdcc+u/poare/Grid/build/examples/./Example_spec_kryschur[0x4147f5]
[genoahost097:1736397] *** End of error message ***
srun: error: genoahost102: task 93: Aborted (core dumped)
srun: error: genoahost102: task 90: Aborted (core dumped)
srun: error: genoahost102: task 80: Aborted (core dumped)
srun: error: genoahost103: task 101: Aborted (core dumped)

__|__|__|__|__|__|__|__|__|__|__|__|__|__|__
__|__|__|__|__|__|__|__|__|__|__|__|__|__|__
__|_ |  |  |  |  |  |  |  |  |  |  |  | _|__
__|_                                    _|__
__|_   GGGG    RRRR    III    DDDD      _|__
__|_  G        R   R    I     D   D     _|__
__|_  G        R   R    I     D    D    _|__
__|_  G  GG    RRRR     I     D    D    _|__
__|_  G   G    R  R     I     D   D     _|__
__|_   GGGG    R   R   III    DDDD      _|__
__|_                                    _|__
__|__|__|__|__|__|__|__|__|__|__|__|__|__|__
__|__|__|__|__|__|__|__|__|__|__|__|__|__|__
  |  |  |  |  |  |  |  |  |  |  |  |  |  |  


Copyright (C) 2015 Peter Boyle, Azusa Yamaguchi, Guido Cossu, Antonin Portelli and other authors

This program is free software; you can redistribute it and/or modify
it under the terms of the GNU General Public License as published by
the Free Software Foundation; either version 2 of the License, or
(at your option) any later version.

This program is distributed in the hope that it will be useful,
but WITHOUT ANY WARRANTY; without even the implied warranty of
MERCHANTABILITY or FITNESS FOR A PARTICULAR PURPOSE.  See the
GNU General Public License for more details.
Current Grid git commit hash=82d411ca7bb8ec4a5b5c3815df23674cfd291070: (HEAD -> develop, origin/develop, origin/HEAD) clean

Grid : Message : ================================================ 
Grid : Message : MPI is initialised and logging filters activated 
Grid : Message : ================================================ 
Grid : Message : This rank is running on host genoahost099.sdcc.bnl.local at local time 2026-02-27 13:58:30
Grid : Message : Requested 17179869184 byte stencil comms buffers 
Grid : Message : MemoryManager::Init() setting up
Grid : Message : MemoryManager::Init() cache pool for recent host   allocations: SMALL 8 LARGE 2 HUGE 0
Grid : Message : MemoryManager::Init() cache pool for recent device allocations: SMALL 16 LARGE 8 Huge 0
Grid : Message : MemoryManager::Init() cache pool for recent shared allocations: SMALL 16 LARGE 8 Huge 0
Grid : Message : MemoryManager::Init() Unified memory space
Sorting eigenvalues using EvalReSmall
Lattice size: [16 16 16 32]
Example_spec_kryschur: ../../Grid/communicator/SharedMemoryMPI.cc:434: static void Grid::GlobalSharedMemory::OptimalCommunicatorSharedMemory(const Coordinate&, ompi_communicator_t*&, Grid::Coordinate&): Assertion `WorldSize==Nprocessors' failed.
[genoahost099:1615062] *** Process received signal ***
[genoahost099:1615062] Signal: Aborted (6)
[genoahost099:1615062] Signal code:  (-6)
[genoahost099:1615062] [ 0] /lib64/libc.so.6(+0x3fc30)[0x15506c43fc30]
[genoahost099:1615062] [ 1] /lib64/libc.so.6(+0x8d02c)[0x15506c48d02c]
[genoahost099:1615062] [ 2] /lib64/libc.so.6(raise+0x16)[0x15506c43fb86]
[genoahost099:1615062] [ 3] /lib64/libc.so.6(abort+0xd3)[0x15506c429873]
[genoahost099:1615062] [ 4] /lib64/libc.so.6(+0x2979b)[0x15506c42979b]
[genoahost099:1615062] [ 5] /lib64/libc.so.6(+0x388c6)[0x15506c4388c6]
[genoahost099:1615062] [ 6] /direct/sdcc+u/poare/Grid/build/examples/./Example_spec_kryschur[0x4cc206]
[genoahost099:1615062] [ 7] /direct/sdcc+u/poare/Grid/build/examples/./Example_spec_kryschur[0x4cc2f1]
[genoahost099:1615062] [ 8] /direct/sdcc+u/poare/Grid/build/examples/./Example_spec_kryschur[0x4c7e95]
[genoahost099:1615062] [ 9] /direct/sdcc+u/poare/Grid/build/examples/./Example_spec_kryschur[0x4b5f4f]
[genoahost099:1615062] [10] /direct/sdcc+u/poare/Grid/build/examples/./Example_spec_kryschur[0x41180d]
[genoahost099:1615062] [11] /lib64/libc.so.6(+0x2a610)[0x15506c42a610]
[genoahost099:1615062] [12] /lib64/libc.so.6(__libc_start_main+0x80)[0x15506c42a6c0]
[genoahost099:1615062] [13] /direct/sdcc+u/poare/Grid/build/examples/./Example_spec_kryschur[0x4147f5]
[genoahost099:1615062] *** End of error message ***

__|__|__|__|__|__|__|__|__|__|__|__|__|__|__
__|__|__|__|__|__|__|__|__|__|__|__|__|__|__
__|_ |  |  |  |  |  |  |  |  |  |  |  | _|__
__|_                                    _|__
__|_   GGGG    RRRR    III    DDDD      _|__
__|_  G        R   R    I     D   D     _|__
__|_  G        R   R    I     D    D    _|__
__|_  G  GG    RRRR     I     D    D    _|__
__|_  G   G    R  R     I     D   D     _|__
__|_   GGGG    R   R   III    DDDD      _|__
__|_                                    _|__
__|__|__|__|__|__|__|__|__|__|__|__|__|__|__
__|__|__|__|__|__|__|__|__|__|__|__|__|__|__
  |  |  |  |  |  |  |  |  |  |  |  |  |  |  


Copyright (C) 2015 Peter Boyle, Azusa Yamaguchi, Guido Cossu, Antonin Portelli and other authors

This program is free software; you can redistribute it and/or modify
it under the terms of the GNU General Public License as published by
the Free Software Foundation; either version 2 of the License, or
(at your option) any later version.

This program is distributed in the hope that it will be useful,
but WITHOUT ANY WARRANTY; without even the implied warranty of
MERCHANTABILITY or FITNESS FOR A PARTICULAR PURPOSE.  See the
GNU General Public License for more details.
Current Grid git commit hash=82d411ca7bb8ec4a5b5c3815df23674cfd291070: (HEAD -> develop, origin/develop, origin/HEAD) clean

Grid : Message : ================================================ 
Grid : Message : MPI is initialised and logging filters activated 
Grid : Message : ================================================ 
Grid : Message : This rank is running on host genoahost102.sdcc.bnl.local at local time 2026-02-27 13:58:30
Grid : Message : Requested 17179869184 byte stencil comms buffers 
Grid : Message : MemoryManager::Init() setting up
Grid : Message : MemoryManager::Init() cache pool for recent host   allocations: SMALL 8 LARGE 2 HUGE 0
Grid : Message : MemoryManager::Init() cache pool for recent device allocations: SMALL 16 LARGE 8 Huge 0
Grid : Message : MemoryManager::Init() cache pool for recent shared allocations: SMALL 16 LARGE 8 Huge 0
Grid : Message : MemoryManager::Init() Unified memory space
Sorting eigenvalues using EvalReSmall
Lattice size: [16 16 16 32]
Example_spec_kryschur: ../../Grid/communicator/SharedMemoryMPI.cc:434: static void Grid::GlobalSharedMemory::OptimalCommunicatorSharedMemory(const Coordinate&, ompi_communicator_t*&, Grid::Coordinate&): Assertion `WorldSize==Nprocessors' failed.
[genoahost102:631526] *** Process received signal ***
[genoahost102:631526] Signal: Aborted (6)
[genoahost102:631526] Signal code:  (-6)
[genoahost102:631526] [ 0] /lib64/libc.so.6(+0x3fc30)[0x1479aa03fc30]
[genoahost102:631526] [ 1] /lib64/libc.so.6(+0x8d02c)[0x1479aa08d02c]
[genoahost102:631526] [ 2] /lib64/libc.so.6(raise+0x16)[0x1479aa03fb86]
[genoahost102:631526] [ 3] /lib64/libc.so.6(abort+0xd3)[0x1479aa029873]
[genoahost102:631526] [ 4] /lib64/libc.so.6(+0x2979b)[0x1479aa02979b]
[genoahost102:631526] [ 5] /lib64/libc.so.6(+0x388c6)[0x1479aa0388c6]
[genoahost102:631526] [ 6] /direct/sdcc+u/poare/Grid/build/examples/./Example_spec_kryschur[0x4cc206]
[genoahost102:631526] [ 7] /direct/sdcc+u/poare/Grid/build/examples/./Example_spec_kryschur[0x4cc2f1]
[genoahost102:631526] [ 8] /direct/sdcc+u/poare/Grid/build/examples/./Example_spec_kryschur[0x4c7e95]
[genoahost102:631526] [ 9] /direct/sdcc+u/poare/Grid/build/examples/./Example_spec_kryschur[0x4b5f4f]
[genoahost102:631526] [10] /direct/sdcc+u/poare/Grid/build/examples/./Example_spec_kryschur[0x41180d]
[genoahost102:631526] [11] /lib64/libc.so.6(+0x2a610)[0x1479aa02a610]
[genoahost102:631526] [12] /lib64/libc.so.6(__libc_start_main+0x80)[0x1479aa02a6c0]
[genoahost102:631526] [13] /direct/sdcc+u/poare/Grid/build/examples/./Example_spec_kryschur[0x4147f5]
[genoahost102:631526] *** End of error message ***

__|__|__|__|__|__|__|__|__|__|__|__|__|__|__
__|__|__|__|__|__|__|__|__|__|__|__|__|__|__
__|_ |  |  |  |  |  |  |  |  |  |  |  | _|__
__|_                                    _|__
__|_   GGGG    RRRR    III    DDDD      _|__
__|_  G        R   R    I     D   D     _|__
__|_  G        R   R    I     D    D    _|__
__|_  G  GG    RRRR     I     D    D    _|__
__|_  G   G    R  R     I     D   D     _|__
__|_   GGGG    R   R   III    DDDD      _|__
__|_                                    _|__
__|__|__|__|__|__|__|__|__|__|__|__|__|__|__
__|__|__|__|__|__|__|__|__|__|__|__|__|__|__
  |  |  |  |  |  |  |  |  |  |  |  |  |  |  


Copyright (C) 2015 Peter Boyle, Azusa Yamaguchi, Guido Cossu, Antonin Portelli and other authors

This program is free software; you can redistribute it and/or modify
it under the terms of the GNU General Public License as published by
the Free Software Foundation; either version 2 of the License, or
(at your option) any later version.

This program is distributed in the hope that it will be useful,
but WITHOUT ANY WARRANTY; without even the implied warranty of
MERCHANTABILITY or FITNESS FOR A PARTICULAR PURPOSE.  See the
GNU General Public License for more details.
Current Grid git commit hash=82d411ca7bb8ec4a5b5c3815df23674cfd291070: (HEAD -> develop, origin/develop, origin/HEAD) clean

Grid : Message : ================================================ 
Grid : Message : MPI is initialised and logging filters activated 
Grid : Message : ================================================ 
Grid : Message : This rank is running on host genoahost099.sdcc.bnl.local at local time 2026-02-27 13:58:31
Grid : Message : Requested 17179869184 byte stencil comms buffers 
Grid : Message : MemoryManager::Init() setting up
Grid : Message : MemoryManager::Init() cache pool for recent host   allocations: SMALL 8 LARGE 2 HUGE 0
Grid : Message : MemoryManager::Init() cache pool for recent device allocations: SMALL 16 LARGE 8 Huge 0
Grid : Message : MemoryManager::Init() cache pool for recent shared allocations: SMALL 16 LARGE 8 Huge 0
Grid : Message : MemoryManager::Init() Unified memory space
Sorting eigenvalues using EvalReSmall
Lattice size: [16 16 16 32]
Example_spec_kryschur: ../../Grid/communicator/SharedMemoryMPI.cc:434: static void Grid::GlobalSharedMemory::OptimalCommunicatorSharedMemory(const Coordinate&, ompi_communicator_t*&, Grid::Coordinate&): Assertion `WorldSize==Nprocessors' failed.
[genoahost099:1615063] *** Process received signal ***
[genoahost099:1615063] Signal: Aborted (6)
[genoahost099:1615063] Signal code:  (-6)
[genoahost099:1615063] [ 0] /lib64/libc.so.6(+0x3fc30)[0x14f78b43fc30]
[genoahost099:1615063] [ 1] /lib64/libc.so.6(+0x8d02c)[0x14f78b48d02c]
[genoahost099:1615063] [ 2] /lib64/libc.so.6(raise+0x16)[0x14f78b43fb86]
[genoahost099:1615063] [ 3] /lib64/libc.so.6(abort+0xd3)[0x14f78b429873]
[genoahost099:1615063] [ 4] /lib64/libc.so.6(+0x2979b)[0x14f78b42979b]
[genoahost099:1615063] [ 5] /lib64/libc.so.6(+0x388c6)[0x14f78b4388c6]
[genoahost099:1615063] [ 6] /direct/sdcc+u/poare/Grid/build/examples/./Example_spec_kryschur[0x4cc206]
[genoahost099:1615063] [ 7] /direct/sdcc+u/poare/Grid/build/examples/./Example_spec_kryschur[0x4cc2f1]
[genoahost099:1615063] [ 8] /direct/sdcc+u/poare/Grid/build/examples/./Example_spec_kryschur[0x4c7e95]
[genoahost099:1615063] [ 9] /direct/sdcc+u/poare/Grid/build/examples/./Example_spec_kryschur[0x4b5f4f]
[genoahost099:1615063] [10] /direct/sdcc+u/poare/Grid/build/examples/./Example_spec_kryschur[0x41180d]
[genoahost099:1615063] [11] /lib64/libc.so.6(+0x2a610)[0x14f78b42a610]
[genoahost099:1615063] [12] /lib64/libc.so.6(__libc_start_main+0x80)[0x14f78b42a6c0]
[genoahost099:1615063] [13] /direct/sdcc+u/poare/Grid/build/examples/./Example_spec_kryschur[0x4147f5]
[genoahost099:1615063] *** End of error message ***

__|__|__|__|__|__|__|__|__|__|__|__|__|__|__
__|__|__|__|__|__|__|__|__|__|__|__|__|__|__
__|_ |  |  |  |  |  |  |  |  |  |  |  | _|__
__|_                                    _|__
__|_   GGGG    RRRR    III    DDDD      _|__
__|_  G        R   R    I     D   D     _|__
__|_  G        R   R    I     D    D    _|__
__|_  G  GG    RRRR     I     D    D    _|__
__|_  G   G    R  R     I     D   D     _|__
__|_   GGGG    R   R   III    DDDD      _|__
__|_                                    _|__
__|__|__|__|__|__|__|__|__|__|__|__|__|__|__
__|__|__|__|__|__|__|__|__|__|__|__|__|__|__
  |  |  |  |  |  |  |  |  |  |  |  |  |  |  


Copyright (C) 2015 Peter Boyle, Azusa Yamaguchi, Guido Cossu, Antonin Portelli and other authors

This program is free software; you can redistribute it and/or modify
it under the terms of the GNU General Public License as published by
the Free Software Foundation; either version 2 of the License, or
(at your option) any later version.

This program is distributed in the hope that it will be useful,
but WITHOUT ANY WARRANTY; without even the implied warranty of
MERCHANTABILITY or FITNESS FOR A PARTICULAR PURPOSE.  See the
GNU General Public License for more details.
Current Grid git commit hash=82d411ca7bb8ec4a5b5c3815df23674cfd291070: (HEAD -> develop, origin/develop, origin/HEAD) clean

Grid : Message : ================================================ 
Grid : Message : MPI is initialised and logging filters activated 
Grid : Message : ================================================ 
Grid : Message : This rank is running on host genoahost099.sdcc.bnl.local at local time 2026-02-27 13:58:31
Grid : Message : Requested 17179869184 byte stencil comms buffers 
Grid : Message : MemoryManager::Init() setting up
Grid : Message : MemoryManager::Init() cache pool for recent host   allocations: SMALL 8 LARGE 2 HUGE 0
Grid : Message : MemoryManager::Init() cache pool for recent device allocations: SMALL 16 LARGE 8 Huge 0
Grid : Message : MemoryManager::Init() cache pool for recent shared allocations: SMALL 16 LARGE 8 Huge 0
Grid : Message : MemoryManager::Init() Unified memory space
Sorting eigenvalues using EvalReSmall
Lattice size: [16 16 16 32]
Example_spec_kryschur: ../../Grid/communicator/SharedMemoryMPI.cc:434: static void Grid::GlobalSharedMemory::OptimalCommunicatorSharedMemory(const Coordinate&, ompi_communicator_t*&, Grid::Coordinate&): Assertion `WorldSize==Nprocessors' failed.
[genoahost099:1615065] *** Process received signal ***
[genoahost099:1615065] Signal: Aborted (6)
[genoahost099:1615065] Signal code:  (-6)
[genoahost099:1615065] [ 0] /lib64/libc.so.6(+0x3fc30)[0x147cd303fc30]
[genoahost099:1615065] [ 1] /lib64/libc.so.6(+0x8d02c)[0x147cd308d02c]
[genoahost099:1615065] [ 2] /lib64/libc.so.6(raise+0x16)[0x147cd303fb86]
[genoahost099:1615065] [ 3] /lib64/libc.so.6(abort+0xd3)[0x147cd3029873]
[genoahost099:1615065] [ 4] /lib64/libc.so.6(+0x2979b)[0x147cd302979b]
[genoahost099:1615065] [ 5] /lib64/libc.so.6(+0x388c6)[0x147cd30388c6]
[genoahost099:1615065] [ 6] /direct/sdcc+u/poare/Grid/build/examples/./Example_spec_kryschur[0x4cc206]
[genoahost099:1615065] [ 7] /direct/sdcc+u/poare/Grid/build/examples/./Example_spec_kryschur[0x4cc2f1]
[genoahost099:1615065] [ 8] /direct/sdcc+u/poare/Grid/build/examples/./Example_spec_kryschur[0x4c7e95]
[genoahost099:1615065] [ 9] /direct/sdcc+u/poare/Grid/build/examples/./Example_spec_kryschur[0x4b5f4f]
[genoahost099:1615065] [10] /direct/sdcc+u/poare/Grid/build/examples/./Example_spec_kryschur[0x41180d]
[genoahost099:1615065] [11] /lib64/libc.so.6(+0x2a610)[0x147cd302a610]
[genoahost099:1615065] [12] /lib64/libc.so.6(__libc_start_main+0x80)[0x147cd302a6c0]
[genoahost099:1615065] [13] /direct/sdcc+u/poare/Grid/build/examples/./Example_spec_kryschur[0x4147f5]
[genoahost099:1615065] *** End of error message ***
srun: error: genoahost103: task 106: Aborted (core dumped)
srun: error: genoahost103: task 96: Aborted (core dumped)

__|__|__|__|__|__|__|__|__|__|__|__|__|__|__
__|__|__|__|__|__|__|__|__|__|__|__|__|__|__
__|_ |  |  |  |  |  |  |  |  |  |  |  | _|__
__|_                                    _|__
__|_   GGGG    RRRR    III    DDDD      _|__
__|_  G        R   R    I     D   D     _|__
__|_  G        R   R    I     D    D    _|__
__|_  G  GG    RRRR     I     D    D    _|__
__|_  G   G    R  R     I     D   D     _|__
__|_   GGGG    R   R   III    DDDD      _|__
__|_                                    _|__
__|__|__|__|__|__|__|__|__|__|__|__|__|__|__
__|__|__|__|__|__|__|__|__|__|__|__|__|__|__
  |  |  |  |  |  |  |  |  |  |  |  |  |  |  


Copyright (C) 2015 Peter Boyle, Azusa Yamaguchi, Guido Cossu, Antonin Portelli and other authors

This program is free software; you can redistribute it and/or modify
it under the terms of the GNU General Public License as published by
the Free Software Foundation; either version 2 of the License, or
(at your option) any later version.

This program is distributed in the hope that it will be useful,
but WITHOUT ANY WARRANTY; without even the implied warranty of
MERCHANTABILITY or FITNESS FOR A PARTICULAR PURPOSE.  See the
GNU General Public License for more details.
Current Grid git commit hash=82d411ca7bb8ec4a5b5c3815df23674cfd291070: (HEAD -> develop, origin/develop, origin/HEAD) clean

Grid : Message : ================================================ 
Grid : Message : MPI is initialised and logging filters activated 
Grid : Message : ================================================ 
Grid : Message : This rank is running on host genoahost099.sdcc.bnl.local at local time 2026-02-27 13:58:31
Grid : Message : Requested 17179869184 byte stencil comms buffers 
Grid : Message : MemoryManager::Init() setting up
Grid : Message : MemoryManager::Init() cache pool for recent host   allocations: SMALL 8 LARGE 2 HUGE 0
Grid : Message : MemoryManager::Init() cache pool for recent device allocations: SMALL 16 LARGE 8 Huge 0
Grid : Message : MemoryManager::Init() cache pool for recent shared allocations: SMALL 16 LARGE 8 Huge 0
Grid : Message : MemoryManager::Init() Unified memory space
Sorting eigenvalues using EvalReSmall
Lattice size: [16 16 16 32]
Example_spec_kryschur: ../../Grid/communicator/SharedMemoryMPI.cc:434: static void Grid::GlobalSharedMemory::OptimalCommunicatorSharedMemory(const Coordinate&, ompi_communicator_t*&, Grid::Coordinate&): Assertion `WorldSize==Nprocessors' failed.
[genoahost099:1615056] *** Process received signal ***
[genoahost099:1615056] Signal: Aborted (6)
[genoahost099:1615056] Signal code:  (-6)
[genoahost099:1615056] [ 0] /lib64/libc.so.6(+0x3fc30)[0x148478e3fc30]
[genoahost099:1615056] [ 1] /lib64/libc.so.6(+0x8d02c)[0x148478e8d02c]
[genoahost099:1615056] [ 2] /lib64/libc.so.6(raise+0x16)[0x148478e3fb86]
[genoahost099:1615056] [ 3] /lib64/libc.so.6(abort+0xd3)[0x148478e29873]
[genoahost099:1615056] [ 4] /lib64/libc.so.6(+0x2979b)[0x148478e2979b]
[genoahost099:1615056] [ 5] /lib64/libc.so.6(+0x388c6)[0x148478e388c6]
[genoahost099:1615056] [ 6] /direct/sdcc+u/poare/Grid/build/examples/./Example_spec_kryschur[0x4cc206]
[genoahost099:1615056] [ 7] /direct/sdcc+u/poare/Grid/build/examples/./Example_spec_kryschur[0x4cc2f1]
[genoahost099:1615056] [ 8] /direct/sdcc+u/poare/Grid/build/examples/./Example_spec_kryschur[0x4c7e95]
[genoahost099:1615056] [ 9] /direct/sdcc+u/poare/Grid/build/examples/./Example_spec_kryschur[0x4b5f4f]
[genoahost099:1615056] [10] /direct/sdcc+u/poare/Grid/build/examples/./Example_spec_kryschur[0x41180d]
[genoahost099:1615056] [11] /lib64/libc.so.6(+0x2a610)[0x148478e2a610]
[genoahost099:1615056] [12] /lib64/libc.so.6(__libc_start_main+0x80)[0x148478e2a6c0]
[genoahost099:1615056] [13] /direct/sdcc+u/poare/Grid/build/examples/./Example_spec_kryschur[0x4147f5]
[genoahost099:1615056] *** End of error message ***

__|__|__|__|__|__|__|__|__|__|__|__|__|__|__
__|__|__|__|__|__|__|__|__|__|__|__|__|__|__
__|_ |  |  |  |  |  |  |  |  |  |  |  | _|__
__|_                                    _|__
__|_   GGGG    RRRR    III    DDDD      _|__
__|_  G        R   R    I     D   D     _|__
__|_  G        R   R    I     D    D    _|__
__|_  G  GG    RRRR     I     D    D    _|__
__|_  G   G    R  R     I     D   D     _|__
__|_   GGGG    R   R   III    DDDD      _|__
__|_                                    _|__
__|__|__|__|__|__|__|__|__|__|__|__|__|__|__
__|__|__|__|__|__|__|__|__|__|__|__|__|__|__
  |  |  |  |  |  |  |  |  |  |  |  |  |  |  


Copyright (C) 2015 Peter Boyle, Azusa Yamaguchi, Guido Cossu, Antonin Portelli and other authors

This program is free software; you can redistribute it and/or modify
it under the terms of the GNU General Public License as published by
the Free Software Foundation; either version 2 of the License, or
(at your option) any later version.

This program is distributed in the hope that it will be useful,
but WITHOUT ANY WARRANTY; without even the implied warranty of
MERCHANTABILITY or FITNESS FOR A PARTICULAR PURPOSE.  See the
GNU General Public License for more details.
Current Grid git commit hash=82d411ca7bb8ec4a5b5c3815df23674cfd291070: (HEAD -> develop, origin/develop, origin/HEAD) clean

Grid : Message : ================================================ 
Grid : Message : MPI is initialised and logging filters activated 
Grid : Message : ================================================ 
Grid : Message : This rank is running on host genoahost101.sdcc.bnl.local at local time 2026-02-27 13:58:32
Grid : Message : Requested 17179869184 byte stencil comms buffers 
Grid : Message : MemoryManager::Init() setting up
Grid : Message : MemoryManager::Init() cache pool for recent host   allocations: SMALL 8 LARGE 2 HUGE 0
Grid : Message : MemoryManager::Init() cache pool for recent device allocations: SMALL 16 LARGE 8 Huge 0
Grid : Message : MemoryManager::Init() cache pool for recent shared allocations: SMALL 16 LARGE 8 Huge 0
Grid : Message : MemoryManager::Init() Unified memory space
Sorting eigenvalues using EvalReSmall
Lattice size: [16 16 16 32]
Example_spec_kryschur: ../../Grid/communicator/SharedMemoryMPI.cc:434: static void Grid::GlobalSharedMemory::OptimalCommunicatorSharedMemory(const Coordinate&, ompi_communicator_t*&, Grid::Coordinate&): Assertion `WorldSize==Nprocessors' failed.
[genoahost101:1151461] *** Process received signal ***
[genoahost101:1151461] Signal: Aborted (6)
[genoahost101:1151461] Signal code:  (-6)
[genoahost101:1151461] [ 0] /lib64/libc.so.6(+0x3fc30)[0x14bdaa83fc30]
[genoahost101:1151461] [ 1] /lib64/libc.so.6(+0x8d02c)[0x14bdaa88d02c]
[genoahost101:1151461] [ 2] /lib64/libc.so.6(raise+0x16)[0x14bdaa83fb86]
[genoahost101:1151461] [ 3] /lib64/libc.so.6(abort+0xd3)[0x14bdaa829873]
[genoahost101:1151461] [ 4] /lib64/libc.so.6(+0x2979b)[0x14bdaa82979b]
[genoahost101:1151461] [ 5] /lib64/libc.so.6(+0x388c6)[0x14bdaa8388c6]
[genoahost101:1151461] [ 6] /direct/sdcc+u/poare/Grid/build/examples/./Example_spec_kryschur[0x4cc206]
[genoahost101:1151461] [ 7] /direct/sdcc+u/poare/Grid/build/examples/./Example_spec_kryschur[0x4cc2f1]
[genoahost101:1151461] [ 8] /direct/sdcc+u/poare/Grid/build/examples/./Example_spec_kryschur[0x4c7e95]
[genoahost101:1151461] [ 9] /direct/sdcc+u/poare/Grid/build/examples/./Example_spec_kryschur[0x4b5f4f]
[genoahost101:1151461] [10] /direct/sdcc+u/poare/Grid/build/examples/./Example_spec_kryschur[0x41180d]
[genoahost101:1151461] [11] /lib64/libc.so.6(+0x2a610)[0x14bdaa82a610]
[genoahost101:1151461] [12] /lib64/libc.so.6(__libc_start_main+0x80)[0x14bdaa82a6c0]
[genoahost101:1151461] [13] /direct/sdcc+u/poare/Grid/build/examples/./Example_spec_kryschur[0x4147f5]
[genoahost101:1151461] *** End of error message ***

__|__|__|__|__|__|__|__|__|__|__|__|__|__|__
__|__|__|__|__|__|__|__|__|__|__|__|__|__|__
__|_ |  |  |  |  |  |  |  |  |  |  |  | _|__
__|_                                    _|__
__|_   GGGG    RRRR    III    DDDD      _|__
__|_  G        R   R    I     D   D     _|__
__|_  G        R   R    I     D    D    _|__
__|_  G  GG    RRRR     I     D    D    _|__
__|_  G   G    R  R     I     D   D     _|__
__|_   GGGG    R   R   III    DDDD      _|__
__|_                                    _|__
__|__|__|__|__|__|__|__|__|__|__|__|__|__|__
__|__|__|__|__|__|__|__|__|__|__|__|__|__|__
  |  |  |  |  |  |  |  |  |  |  |  |  |  |  


Copyright (C) 2015 Peter Boyle, Azusa Yamaguchi, Guido Cossu, Antonin Portelli and other authors

This program is free software; you can redistribute it and/or modify
it under the terms of the GNU General Public License as published by
the Free Software Foundation; either version 2 of the License, or
(at your option) any later version.

This program is distributed in the hope that it will be useful,
but WITHOUT ANY WARRANTY; without even the implied warranty of
MERCHANTABILITY or FITNESS FOR A PARTICULAR PURPOSE.  See the
GNU General Public License for more details.
Current Grid git commit hash=82d411ca7bb8ec4a5b5c3815df23674cfd291070: (HEAD -> develop, origin/develop, origin/HEAD) clean

Grid : Message : ================================================ 
Grid : Message : MPI is initialised and logging filters activated 
Grid : Message : ================================================ 
Grid : Message : This rank is running on host genoahost101.sdcc.bnl.local at local time 2026-02-27 13:58:32
Grid : Message : Requested 17179869184 byte stencil comms buffers 
Grid : Message : MemoryManager::Init() setting up
Grid : Message : MemoryManager::Init() cache pool for recent host   allocations: SMALL 8 LARGE 2 HUGE 0
Grid : Message : MemoryManager::Init() cache pool for recent device allocations: SMALL 16 LARGE 8 Huge 0
Grid : Message : MemoryManager::Init() cache pool for recent shared allocations: SMALL 16 LARGE 8 Huge 0
Grid : Message : MemoryManager::Init() Unified memory space
Sorting eigenvalues using EvalReSmall
Lattice size: [16 16 16 32]
Example_spec_kryschur: ../../Grid/communicator/SharedMemoryMPI.cc:434: static void Grid::GlobalSharedMemory::OptimalCommunicatorSharedMemory(const Coordinate&, ompi_communicator_t*&, Grid::Coordinate&): Assertion `WorldSize==Nprocessors' failed.
[genoahost101:1151459] *** Process received signal ***
[genoahost101:1151459] Signal: Aborted (6)
[genoahost101:1151459] Signal code:  (-6)
[genoahost101:1151459] [ 0] /lib64/libc.so.6(+0x3fc30)[0x14cb24c3fc30]
[genoahost101:1151459] [ 1] /lib64/libc.so.6(+0x8d02c)[0x14cb24c8d02c]
[genoahost101:1151459] [ 2] /lib64/libc.so.6(raise+0x16)[0x14cb24c3fb86]
[genoahost101:1151459] [ 3] /lib64/libc.so.6(abort+0xd3)[0x14cb24c29873]
[genoahost101:1151459] [ 4] /lib64/libc.so.6(+0x2979b)[0x14cb24c2979b]
[genoahost101:1151459] [ 5] /lib64/libc.so.6(+0x388c6)[0x14cb24c388c6]
[genoahost101:1151459] [ 6] /direct/sdcc+u/poare/Grid/build/examples/./Example_spec_kryschur[0x4cc206]
[genoahost101:1151459] [ 7] /direct/sdcc+u/poare/Grid/build/examples/./Example_spec_kryschur[0x4cc2f1]
[genoahost101:1151459] [ 8] /direct/sdcc+u/poare/Grid/build/examples/./Example_spec_kryschur[0x4c7e95]
[genoahost101:1151459] [ 9] /direct/sdcc+u/poare/Grid/build/examples/./Example_spec_kryschur[0x4b5f4f]
[genoahost101:1151459] [10] /direct/sdcc+u/poare/Grid/build/examples/./Example_spec_kryschur[0x41180d]
[genoahost101:1151459] [11] /lib64/libc.so.6(+0x2a610)[0x14cb24c2a610]
[genoahost101:1151459] [12] /lib64/libc.so.6(__libc_start_main+0x80)[0x14cb24c2a6c0]
[genoahost101:1151459] [13] /direct/sdcc+u/poare/Grid/build/examples/./Example_spec_kryschur[0x4147f5]
[genoahost101:1151459] *** End of error message ***
srun: error: genoahost100: tasks 58,60: Aborted (core dumped)

__|__|__|__|__|__|__|__|__|__|__|__|__|__|__
__|__|__|__|__|__|__|__|__|__|__|__|__|__|__
__|_ |  |  |  |  |  |  |  |  |  |  |  | _|__
__|_                                    _|__
__|_   GGGG    RRRR    III    DDDD      _|__
__|_  G        R   R    I     D   D     _|__
__|_  G        R   R    I     D    D    _|__
__|_  G  GG    RRRR     I     D    D    _|__
__|_  G   G    R  R     I     D   D     _|__
__|_   GGGG    R   R   III    DDDD      _|__
__|_                                    _|__
__|__|__|__|__|__|__|__|__|__|__|__|__|__|__
__|__|__|__|__|__|__|__|__|__|__|__|__|__|__
  |  |  |  |  |  |  |  |  |  |  |  |  |  |  


Copyright (C) 2015 Peter Boyle, Azusa Yamaguchi, Guido Cossu, Antonin Portelli and other authors

This program is free software; you can redistribute it and/or modify
it under the terms of the GNU General Public License as published by
the Free Software Foundation; either version 2 of the License, or
(at your option) any later version.

This program is distributed in the hope that it will be useful,
but WITHOUT ANY WARRANTY; without even the implied warranty of
MERCHANTABILITY or FITNESS FOR A PARTICULAR PURPOSE.  See the
GNU General Public License for more details.
Current Grid git commit hash=82d411ca7bb8ec4a5b5c3815df23674cfd291070: (HEAD -> develop, origin/develop, origin/HEAD) clean

Grid : Message : ================================================ 
Grid : Message : MPI is initialised and logging filters activated 
Grid : Message : ================================================ 
Grid : Message : This rank is running on host genoahost103.sdcc.bnl.local at local time 2026-02-27 13:58:33
Grid : Message : Requested 17179869184 byte stencil comms buffers 
Grid : Message : MemoryManager::Init() setting up
Grid : Message : MemoryManager::Init() cache pool for recent host   allocations: SMALL 8 LARGE 2 HUGE 0
Grid : Message : MemoryManager::Init() cache pool for recent device allocations: SMALL 16 LARGE 8 Huge 0
Grid : Message : MemoryManager::Init() cache pool for recent shared allocations: SMALL 16 LARGE 8 Huge 0
Grid : Message : MemoryManager::Init() Unified memory space
Sorting eigenvalues using EvalReSmall
Lattice size: [16 16 16 32]
Example_spec_kryschur: ../../Grid/communicator/SharedMemoryMPI.cc:434: static void Grid::GlobalSharedMemory::OptimalCommunicatorSharedMemory(const Coordinate&, ompi_communicator_t*&, Grid::Coordinate&): Assertion `WorldSize==Nprocessors' failed.
[genoahost103:621014] *** Process received signal ***
[genoahost103:621014] Signal: Aborted (6)
[genoahost103:621014] Signal code:  (-6)
[genoahost103:621014] [ 0] /lib64/libc.so.6(+0x3fc30)[0x147357c3fc30]
[genoahost103:621014] [ 1] /lib64/libc.so.6(+0x8d02c)[0x147357c8d02c]
[genoahost103:621014] [ 2] /lib64/libc.so.6(raise+0x16)[0x147357c3fb86]
[genoahost103:621014] [ 3] /lib64/libc.so.6(abort+0xd3)[0x147357c29873]
[genoahost103:621014] [ 4] /lib64/libc.so.6(+0x2979b)[0x147357c2979b]
[genoahost103:621014] [ 5] /lib64/libc.so.6(+0x388c6)[0x147357c388c6]
[genoahost103:621014] [ 6] /direct/sdcc+u/poare/Grid/build/examples/./Example_spec_kryschur[0x4cc206]
[genoahost103:621014] [ 7] /direct/sdcc+u/poare/Grid/build/examples/./Example_spec_kryschur[0x4cc2f1]
[genoahost103:621014] [ 8] /direct/sdcc+u/poare/Grid/build/examples/./Example_spec_kryschur[0x4c7e95]
[genoahost103:621014] [ 9] /direct/sdcc+u/poare/Grid/build/examples/./Example_spec_kryschur[0x4b5f4f]
[genoahost103:621014] [10] /direct/sdcc+u/poare/Grid/build/examples/./Example_spec_kryschur[0x41180d]
[genoahost103:621014] [11] /lib64/libc.so.6(+0x2a610)[0x147357c2a610]
[genoahost103:621014] [12] /lib64/libc.so.6(__libc_start_main+0x80)[0x147357c2a6c0]
[genoahost103:621014] [13] /direct/sdcc+u/poare/Grid/build/examples/./Example_spec_kryschur[0x4147f5]
[genoahost103:621014] *** End of error message ***

__|__|__|__|__|__|__|__|__|__|__|__|__|__|__
__|__|__|__|__|__|__|__|__|__|__|__|__|__|__
__|_ |  |  |  |  |  |  |  |  |  |  |  | _|__
__|_                                    _|__
__|_   GGGG    RRRR    III    DDDD      _|__
__|_  G        R   R    I     D   D     _|__
__|_  G        R   R    I     D    D    _|__
__|_  G  GG    RRRR     I     D    D    _|__
__|_  G   G    R  R     I     D   D     _|__
__|_   GGGG    R   R   III    DDDD      _|__
__|_                                    _|__
__|__|__|__|__|__|__|__|__|__|__|__|__|__|__
__|__|__|__|__|__|__|__|__|__|__|__|__|__|__
  |  |  |  |  |  |  |  |  |  |  |  |  |  |  


Copyright (C) 2015 Peter Boyle, Azusa Yamaguchi, Guido Cossu, Antonin Portelli and other authors

This program is free software; you can redistribute it and/or modify
it under the terms of the GNU General Public License as published by
the Free Software Foundation; either version 2 of the License, or
(at your option) any later version.

This program is distributed in the hope that it will be useful,
but WITHOUT ANY WARRANTY; without even the implied warranty of
MERCHANTABILITY or FITNESS FOR A PARTICULAR PURPOSE.  See the
GNU General Public License for more details.
Current Grid git commit hash=82d411ca7bb8ec4a5b5c3815df23674cfd291070: (HEAD -> develop, origin/develop, origin/HEAD) clean

Grid : Message : ================================================ 
Grid : Message : MPI is initialised and logging filters activated 
Grid : Message : ================================================ 
Grid : Message : This rank is running on host genoahost099.sdcc.bnl.local at local time 2026-02-27 13:58:33
Grid : Message : Requested 17179869184 byte stencil comms buffers 
Grid : Message : MemoryManager::Init() setting up
Grid : Message : MemoryManager::Init() cache pool for recent host   allocations: SMALL 8 LARGE 2 HUGE 0
Grid : Message : MemoryManager::Init() cache pool for recent device allocations: SMALL 16 LARGE 8 Huge 0
Grid : Message : MemoryManager::Init() cache pool for recent shared allocations: SMALL 16 LARGE 8 Huge 0
Grid : Message : MemoryManager::Init() Unified memory space
Sorting eigenvalues using EvalReSmall
Lattice size: [16 16 16 32]
Example_spec_kryschur: ../../Grid/communicator/SharedMemoryMPI.cc:434: static void Grid::GlobalSharedMemory::OptimalCommunicatorSharedMemory(const Coordinate&, ompi_communicator_t*&, Grid::Coordinate&): Assertion `WorldSize==Nprocessors' failed.
[genoahost099:1615050] *** Process received signal ***
[genoahost099:1615050] Signal: Aborted (6)
[genoahost099:1615050] Signal code:  (-6)
[genoahost099:1615050] [ 0] /lib64/libc.so.6(+0x3fc30)[0x14b0f543fc30]
[genoahost099:1615050] [ 1] /lib64/libc.so.6(+0x8d02c)[0x14b0f548d02c]
[genoahost099:1615050] [ 2] /lib64/libc.so.6(raise+0x16)[0x14b0f543fb86]
[genoahost099:1615050] [ 3] /lib64/libc.so.6(abort+0xd3)[0x14b0f5429873]
[genoahost099:1615050] [ 4] /lib64/libc.so.6(+0x2979b)[0x14b0f542979b]
[genoahost099:1615050] [ 5] /lib64/libc.so.6(+0x388c6)[0x14b0f54388c6]
[genoahost099:1615050] [ 6] /direct/sdcc+u/poare/Grid/build/examples/./Example_spec_kryschur[0x4cc206]
[genoahost099:1615050] [ 7] /direct/sdcc+u/poare/Grid/build/examples/./Example_spec_kryschur[0x4cc2f1]
[genoahost099:1615050] [ 8] /direct/sdcc+u/poare/Grid/build/examples/./Example_spec_kryschur[0x4c7e95]
[genoahost099:1615050] [ 9] /direct/sdcc+u/poare/Grid/build/examples/./Example_spec_kryschur[0x4b5f4f]
[genoahost099:1615050] [10] /direct/sdcc+u/poare/Grid/build/examples/./Example_spec_kryschur[0x41180d]
[genoahost099:1615050] [11] /lib64/libc.so.6(+0x2a610)[0x14b0f542a610]
[genoahost099:1615050] [12] /lib64/libc.so.6(__libc_start_main+0x80)[0x14b0f542a6c0]
[genoahost099:1615050] [13] /direct/sdcc+u/poare/Grid/build/examples/./Example_spec_kryschur[0x4147f5]
[genoahost099:1615050] *** End of error message ***
srun: error: genoahost099: task 45: Aborted (core dumped)
srun: error: genoahost097: task 15: Aborted (core dumped)
srun: error: genoahost101: task 64: Aborted (core dumped)
srun: error: genoahost104: task 124: Aborted (core dumped)
srun: error: genoahost097: tasks 4,14: Aborted (core dumped)
srun: error: genoahost100: tasks 48,61: Aborted (core dumped)

__|__|__|__|__|__|__|__|__|__|__|__|__|__|__
__|__|__|__|__|__|__|__|__|__|__|__|__|__|__
__|_ |  |  |  |  |  |  |  |  |  |  |  | _|__
__|_                                    _|__
__|_   GGGG    RRRR    III    DDDD      _|__
__|_  G        R   R    I     D   D     _|__
__|_  G        R   R    I     D    D    _|__
__|_  G  GG    RRRR     I     D    D    _|__
__|_  G   G    R  R     I     D   D     _|__
__|_   GGGG    R   R   III    DDDD      _|__
__|_                                    _|__
__|__|__|__|__|__|__|__|__|__|__|__|__|__|__
__|__|__|__|__|__|__|__|__|__|__|__|__|__|__
  |  |  |  |  |  |  |  |  |  |  |  |  |  |  


Copyright (C) 2015 Peter Boyle, Azusa Yamaguchi, Guido Cossu, Antonin Portelli and other authors

This program is free software; you can redistribute it and/or modify
it under the terms of the GNU General Public License as published by
the Free Software Foundation; either version 2 of the License, or
(at your option) any later version.

This program is distributed in the hope that it will be useful,
but WITHOUT ANY WARRANTY; without even the implied warranty of
MERCHANTABILITY or FITNESS FOR A PARTICULAR PURPOSE.  See the
GNU General Public License for more details.
Current Grid git commit hash=82d411ca7bb8ec4a5b5c3815df23674cfd291070: (HEAD -> develop, origin/develop, origin/HEAD) clean

Grid : Message : ================================================ 
Grid : Message : MPI is initialised and logging filters activated 
Grid : Message : ================================================ 
Grid : Message : This rank is running on host genoahost102.sdcc.bnl.local at local time 2026-02-27 13:58:39
Grid : Message : Requested 17179869184 byte stencil comms buffers 
Grid : Message : MemoryManager::Init() setting up
Grid : Message : MemoryManager::Init() cache pool for recent host   allocations: SMALL 8 LARGE 2 HUGE 0
Grid : Message : MemoryManager::Init() cache pool for recent device allocations: SMALL 16 LARGE 8 Huge 0
Grid : Message : MemoryManager::Init() cache pool for recent shared allocations: SMALL 16 LARGE 8 Huge 0
Grid : Message : MemoryManager::Init() Unified memory space
Sorting eigenvalues using EvalReSmall
Lattice size: [16 16 16 32]
Example_spec_kryschur: ../../Grid/communicator/SharedMemoryMPI.cc:434: static void Grid::GlobalSharedMemory::OptimalCommunicatorSharedMemory(const Coordinate&, ompi_communicator_t*&, Grid::Coordinate&): Assertion `WorldSize==Nprocessors' failed.
[genoahost102:631525] *** Process received signal ***
[genoahost102:631525] Signal: Aborted (6)
[genoahost102:631525] Signal code:  (-6)
[genoahost102:631525] [ 0] /lib64/libc.so.6(+0x3fc30)[0x147a75e3fc30]
[genoahost102:631525] [ 1] /lib64/libc.so.6(+0x8d02c)[0x147a75e8d02c]
[genoahost102:631525] [ 2] /lib64/libc.so.6(raise+0x16)[0x147a75e3fb86]
[genoahost102:631525] [ 3] /lib64/libc.so.6(abort+0xd3)[0x147a75e29873]
[genoahost102:631525] [ 4] /lib64/libc.so.6(+0x2979b)[0x147a75e2979b]
[genoahost102:631525] [ 5] /lib64/libc.so.6(+0x388c6)[0x147a75e388c6]
[genoahost102:631525] [ 6] /direct/sdcc+u/poare/Grid/build/examples/./Example_spec_kryschur[0x4cc206]
[genoahost102:631525] [ 7] /direct/sdcc+u/poare/Grid/build/examples/./Example_spec_kryschur[0x4cc2f1]
[genoahost102:631525] [ 8] /direct/sdcc+u/poare/Grid/build/examples/./Example_spec_kryschur[0x4c7e95]
[genoahost102:631525] [ 9] /direct/sdcc+u/poare/Grid/build/examples/./Example_spec_kryschur[0x4b5f4f]
[genoahost102:631525] [10] /direct/sdcc+u/poare/Grid/build/examples/./Example_spec_kryschur[0x41180d]
[genoahost102:631525] [11] /lib64/libc.so.6(+0x2a610)[0x147a75e2a610]
[genoahost102:631525] [12] /lib64/libc.so.6(__libc_start_main+0x80)[0x147a75e2a6c0]
[genoahost102:631525] [13] /direct/sdcc+u/poare/Grid/build/examples/./Example_spec_kryschur[0x4147f5]
[genoahost102:631525] *** End of error message ***
srun: error: genoahost097: task 13: Aborted (core dumped)

__|__|__|__|__|__|__|__|__|__|__|__|__|__|__
__|__|__|__|__|__|__|__|__|__|__|__|__|__|__
__|_ |  |  |  |  |  |  |  |  |  |  |  | _|__
__|_                                    _|__
__|_   GGGG    RRRR    III    DDDD      _|__
__|_  G        R   R    I     D   D     _|__
__|_  G        R   R    I     D    D    _|__
__|_  G  GG    RRRR     I     D    D    _|__
__|_  G   G    R  R     I     D   D     _|__
__|_   GGGG    R   R   III    DDDD      _|__
__|_                                    _|__
__|__|__|__|__|__|__|__|__|__|__|__|__|__|__
__|__|__|__|__|__|__|__|__|__|__|__|__|__|__
  |  |  |  |  |  |  |  |  |  |  |  |  |  |  


Copyright (C) 2015 Peter Boyle, Azusa Yamaguchi, Guido Cossu, Antonin Portelli and other authors

This program is free software; you can redistribute it and/or modify
it under the terms of the GNU General Public License as published by
the Free Software Foundation; either version 2 of the License, or
(at your option) any later version.

This program is distributed in the hope that it will be useful,
but WITHOUT ANY WARRANTY; without even the implied warranty of
MERCHANTABILITY or FITNESS FOR A PARTICULAR PURPOSE.  See the
GNU General Public License for more details.
Current Grid git commit hash=82d411ca7bb8ec4a5b5c3815df23674cfd291070: (HEAD -> develop, origin/develop, origin/HEAD) clean

Grid : Message : ================================================ 
Grid : Message : MPI is initialised and logging filters activated 
Grid : Message : ================================================ 
Grid : Message : This rank is running on host genoahost102.sdcc.bnl.local at local time 2026-02-27 13:58:39
Grid : Message : Requested 17179869184 byte stencil comms buffers 
Grid : Message : MemoryManager::Init() setting up
Grid : Message : MemoryManager::Init() cache pool for recent host   allocations: SMALL 8 LARGE 2 HUGE 0
Grid : Message : MemoryManager::Init() cache pool for recent device allocations: SMALL 16 LARGE 8 Huge 0
Grid : Message : MemoryManager::Init() cache pool for recent shared allocations: SMALL 16 LARGE 8 Huge 0
Grid : Message : MemoryManager::Init() Unified memory space
Sorting eigenvalues using EvalReSmall
Lattice size: [16 16 16 32]
Example_spec_kryschur: ../../Grid/communicator/SharedMemoryMPI.cc:434: static void Grid::GlobalSharedMemory::OptimalCommunicatorSharedMemory(const Coordinate&, ompi_communicator_t*&, Grid::Coordinate&): Assertion `WorldSize==Nprocessors' failed.
[genoahost102:631519] *** Process received signal ***
[genoahost102:631519] Signal: Aborted (6)
[genoahost102:631519] Signal code:  (-6)
[genoahost102:631519] [ 0] /lib64/libc.so.6(+0x3fc30)[0x1536f623fc30]
[genoahost102:631519] [ 1] /lib64/libc.so.6(+0x8d02c)[0x1536f628d02c]
[genoahost102:631519] [ 2] /lib64/libc.so.6(raise+0x16)[0x1536f623fb86]
[genoahost102:631519] [ 3] /lib64/libc.so.6(abort+0xd3)[0x1536f6229873]
[genoahost102:631519] [ 4] /lib64/libc.so.6(+0x2979b)[0x1536f622979b]
[genoahost102:631519] [ 5] /lib64/libc.so.6(+0x388c6)[0x1536f62388c6]
[genoahost102:631519] [ 6] /direct/sdcc+u/poare/Grid/build/examples/./Example_spec_kryschur[0x4cc206]
[genoahost102:631519] [ 7] /direct/sdcc+u/poare/Grid/build/examples/./Example_spec_kryschur[0x4cc2f1]
[genoahost102:631519] [ 8] /direct/sdcc+u/poare/Grid/build/examples/./Example_spec_kryschur[0x4c7e95]
[genoahost102:631519] [ 9] /direct/sdcc+u/poare/Grid/build/examples/./Example_spec_kryschur[0x4b5f4f]
[genoahost102:631519] [10] /direct/sdcc+u/poare/Grid/build/examples/./Example_spec_kryschur[0x41180d]
[genoahost102:631519] [11] /lib64/libc.so.6(+0x2a610)[0x1536f622a610]
[genoahost102:631519] [12] /lib64/libc.so.6(__libc_start_main+0x80)[0x1536f622a6c0]
[genoahost102:631519] [13] /direct/sdcc+u/poare/Grid/build/examples/./Example_spec_kryschur[0x4147f5]
[genoahost102:631519] *** End of error message ***

__|__|__|__|__|__|__|__|__|__|__|__|__|__|__
__|__|__|__|__|__|__|__|__|__|__|__|__|__|__
__|_ |  |  |  |  |  |  |  |  |  |  |  | _|__
__|_                                    _|__
__|_   GGGG    RRRR    III    DDDD      _|__
__|_  G        R   R    I     D   D     _|__
__|_  G        R   R    I     D    D    _|__
__|_  G  GG    RRRR     I     D    D    _|__
__|_  G   G    R  R     I     D   D     _|__
__|_   GGGG    R   R   III    DDDD      _|__
__|_                                    _|__
__|__|__|__|__|__|__|__|__|__|__|__|__|__|__
__|__|__|__|__|__|__|__|__|__|__|__|__|__|__
  |  |  |  |  |  |  |  |  |  |  |  |  |  |  


Copyright (C) 2015 Peter Boyle, Azusa Yamaguchi, Guido Cossu, Antonin Portelli and other authors

This program is free software; you can redistribute it and/or modify
it under the terms of the GNU General Public License as published by
the Free Software Foundation; either version 2 of the License, or
(at your option) any later version.

This program is distributed in the hope that it will be useful,
but WITHOUT ANY WARRANTY; without even the implied warranty of
MERCHANTABILITY or FITNESS FOR A PARTICULAR PURPOSE.  See the
GNU General Public License for more details.
Current Grid git commit hash=82d411ca7bb8ec4a5b5c3815df23674cfd291070: (HEAD -> develop, origin/develop, origin/HEAD) clean

Grid : Message : ================================================ 
Grid : Message : MPI is initialised and logging filters activated 
Grid : Message : ================================================ 
Grid : Message : This rank is running on host genoahost100.sdcc.bnl.local at local time 2026-02-27 13:58:39
Grid : Message : Requested 17179869184 byte stencil comms buffers 
Grid : Message : MemoryManager::Init() setting up
Grid : Message : MemoryManager::Init() cache pool for recent host   allocations: SMALL 8 LARGE 2 HUGE 0
Grid : Message : MemoryManager::Init() cache pool for recent device allocations: SMALL 16 LARGE 8 Huge 0
Grid : Message : MemoryManager::Init() cache pool for recent shared allocations: SMALL 16 LARGE 8 Huge 0
Grid : Message : MemoryManager::Init() Unified memory space
Sorting eigenvalues using EvalReSmall
Lattice size: [16 16 16 32]
Example_spec_kryschur: ../../Grid/communicator/SharedMemoryMPI.cc:434: static void Grid::GlobalSharedMemory::OptimalCommunicatorSharedMemory(const Coordinate&, ompi_communicator_t*&, Grid::Coordinate&): Assertion `WorldSize==Nprocessors' failed.
[genoahost100:652072] *** Process received signal ***
[genoahost100:652072] Signal: Aborted (6)
[genoahost100:652072] Signal code:  (-6)
[genoahost100:652072] [ 0] /lib64/libc.so.6(+0x3fc30)[0x14936cc3fc30]
[genoahost100:652072] [ 1] /lib64/libc.so.6(+0x8d02c)[0x14936cc8d02c]
[genoahost100:652072] [ 2] /lib64/libc.so.6(raise+0x16)[0x14936cc3fb86]
[genoahost100:652072] [ 3] /lib64/libc.so.6(abort+0xd3)[0x14936cc29873]
[genoahost100:652072] [ 4] /lib64/libc.so.6(+0x2979b)[0x14936cc2979b]
[genoahost100:652072] [ 5] /lib64/libc.so.6(+0x388c6)[0x14936cc388c6]
[genoahost100:652072] [ 6] /direct/sdcc+u/poare/Grid/build/examples/./Example_spec_kryschur[0x4cc206]
[genoahost100:652072] [ 7] /direct/sdcc+u/poare/Grid/build/examples/./Example_spec_kryschur[0x4cc2f1]
[genoahost100:652072] [ 8] /direct/sdcc+u/poare/Grid/build/examples/./Example_spec_kryschur[0x4c7e95]
[genoahost100:652072] [ 9] /direct/sdcc+u/poare/Grid/build/examples/./Example_spec_kryschur[0x4b5f4f]
[genoahost100:652072] [10] /direct/sdcc+u/poare/Grid/build/examples/./Example_spec_kryschur[0x41180d]
[genoahost100:652072] [11] /lib64/libc.so.6(+0x2a610)[0x14936cc2a610]
[genoahost100:652072] [12] /lib64/libc.so.6(__libc_start_main+0x80)[0x14936cc2a6c0]
[genoahost100:652072] [13] /direct/sdcc+u/poare/Grid/build/examples/./Example_spec_kryschur[0x4147f5]
[genoahost100:652072] *** End of error message ***
srun: error: genoahost098: task 24: Aborted (core dumped)
srun: error: genoahost101: task 78: Aborted (core dumped)
srun: error: genoahost101: task 68: Aborted (core dumped)
srun: error: genoahost104: task 119: Aborted (core dumped)
srun: error: genoahost102: task 91: Aborted (core dumped)

__|__|__|__|__|__|__|__|__|__|__|__|__|__|__
__|__|__|__|__|__|__|__|__|__|__|__|__|__|__
__|_ |  |  |  |  |  |  |  |  |  |  |  | _|__
__|_                                    _|__
__|_   GGGG    RRRR    III    DDDD      _|__
__|_  G        R   R    I     D   D     _|__
__|_  G        R   R    I     D    D    _|__
__|_  G  GG    RRRR     I     D    D    _|__
__|_  G   G    R  R     I     D   D     _|__
__|_   GGGG    R   R   III    DDDD      _|__
__|_                                    _|__
__|__|__|__|__|__|__|__|__|__|__|__|__|__|__
__|__|__|__|__|__|__|__|__|__|__|__|__|__|__
  |  |  |  |  |  |  |  |  |  |  |  |  |  |  


Copyright (C) 2015 Peter Boyle, Azusa Yamaguchi, Guido Cossu, Antonin Portelli and other authors

This program is free software; you can redistribute it and/or modify
it under the terms of the GNU General Public License as published by
the Free Software Foundation; either version 2 of the License, or
(at your option) any later version.

This program is distributed in the hope that it will be useful,
but WITHOUT ANY WARRANTY; without even the implied warranty of
MERCHANTABILITY or FITNESS FOR A PARTICULAR PURPOSE.  See the
GNU General Public License for more details.
Current Grid git commit hash=82d411ca7bb8ec4a5b5c3815df23674cfd291070: (HEAD -> develop, origin/develop, origin/HEAD) clean

Grid : Message : ================================================ 
Grid : Message : MPI is initialised and logging filters activated 
Grid : Message : ================================================ 
Grid : Message : This rank is running on host genoahost101.sdcc.bnl.local at local time 2026-02-27 13:58:42
Grid : Message : Requested 17179869184 byte stencil comms buffers 
Grid : Message : MemoryManager::Init() setting up
Grid : Message : MemoryManager::Init() cache pool for recent host   allocations: SMALL 8 LARGE 2 HUGE 0
Grid : Message : MemoryManager::Init() cache pool for recent device allocations: SMALL 16 LARGE 8 Huge 0
Grid : Message : MemoryManager::Init() cache pool for recent shared allocations: SMALL 16 LARGE 8 Huge 0
Grid : Message : MemoryManager::Init() Unified memory space
Sorting eigenvalues using EvalReSmall
Lattice size: [16 16 16 32]
Example_spec_kryschur: ../../Grid/communicator/SharedMemoryMPI.cc:434: static void Grid::GlobalSharedMemory::OptimalCommunicatorSharedMemory(const Coordinate&, ompi_communicator_t*&, Grid::Coordinate&): Assertion `WorldSize==Nprocessors' failed.
[genoahost101:1151457] *** Process received signal ***
[genoahost101:1151457] Signal: Aborted (6)
[genoahost101:1151457] Signal code:  (-6)
[genoahost101:1151457] [ 0] /lib64/libc.so.6(+0x3fc30)[0x14a541e3fc30]
[genoahost101:1151457] [ 1] /lib64/libc.so.6(+0x8d02c)[0x14a541e8d02c]
[genoahost101:1151457] [ 2] /lib64/libc.so.6(raise+0x16)[0x14a541e3fb86]
[genoahost101:1151457] [ 3] /lib64/libc.so.6(abort+0xd3)[0x14a541e29873]
[genoahost101:1151457] [ 4] /lib64/libc.so.6(+0x2979b)[0x14a541e2979b]
[genoahost101:1151457] [ 5] /lib64/libc.so.6(+0x388c6)[0x14a541e388c6]
[genoahost101:1151457] [ 6] /direct/sdcc+u/poare/Grid/build/examples/./Example_spec_kryschur[0x4cc206]
[genoahost101:1151457] [ 7] /direct/sdcc+u/poare/Grid/build/examples/./Example_spec_kryschur[0x4cc2f1]
[genoahost101:1151457] [ 8] /direct/sdcc+u/poare/Grid/build/examples/./Example_spec_kryschur[0x4c7e95]
[genoahost101:1151457] [ 9] /direct/sdcc+u/poare/Grid/build/examples/./Example_spec_kryschur[0x4b5f4f]
[genoahost101:1151457] [10] /direct/sdcc+u/poare/Grid/build/examples/./Example_spec_kryschur[0x41180d]
[genoahost101:1151457] [11] /lib64/libc.so.6(+0x2a610)[0x14a541e2a610]
[genoahost101:1151457] [12] /lib64/libc.so.6(__libc_start_main+0x80)[0x14a541e2a6c0]
[genoahost101:1151457] [13] /direct/sdcc+u/poare/Grid/build/examples/./Example_spec_kryschur[0x4147f5]
[genoahost101:1151457] *** End of error message ***
srun: error: genoahost102: task 84: Aborted (core dumped)
srun: error: genoahost100: task 55: Aborted (core dumped)
srun: error: genoahost097: tasks 0,10: Aborted (core dumped)
srun: error: genoahost098: task 23: Aborted (core dumped)
srun: error: genoahost098: task 25: Aborted (core dumped)
srun: error: genoahost104: task 120: Aborted (core dumped)
srun: Job step aborted: Waiting up to 32 seconds for job step to finish.
slurmstepd: error: *** JOB 328707 ON genoahost097 CANCELLED AT 2026-02-27T13:58:46 ***
