No PMIx server was reachable, but a PMI1/2 was detected.
If srun is being used to launch application,  128 singletons will be started.
Example_spec_kryschur: ../../Grid/communicator/SharedMemoryMPI.cc:434: static void Grid::GlobalSharedMemory::OptimalCommunicatorSharedMemory(const Coordinate&, ompi_communicator_t*&, Grid::Coordinate&): Assertion `WorldSize==Nprocessors' failed.
[genoahost101:1137570] *** Process received signal ***
[genoahost101:1137570] Signal: Aborted (6)
[genoahost101:1137570] Signal code:  (-6)
[genoahost101:1137570] [ 0] /lib64/libc.so.6(+0x3fc30)[0x14b2b443fc30]
[genoahost101:1137570] [ 1] /lib64/libc.so.6(+0x8d02c)[0x14b2b448d02c]
[genoahost101:1137570] [ 2] /lib64/libc.so.6(raise+0x16)[0x14b2b443fb86]
[genoahost101:1137570] [ 3] /lib64/libc.so.6(abort+0xd3)[0x14b2b4429873]
[genoahost101:1137570] [ 4] /lib64/libc.so.6(+0x2979b)[0x14b2b442979b]
[genoahost101:1137570] [ 5] /lib64/libc.so.6(+0x388c6)[0x14b2b44388c6]
[genoahost101:1137570] [ 6] /direct/sdcc+u/poare/Grid/build/examples/./Example_spec_kryschur[0x4cc206]
[genoahost101:1137570] [ 7] /direct/sdcc+u/poare/Grid/build/examples/./Example_spec_kryschur[0x4cc2f1]
[genoahost101:1137570] [ 8] /direct/sdcc+u/poare/Grid/build/examples/./Example_spec_kryschur[0x4c7e95]
[genoahost101:1137570] [ 9] /direct/sdcc+u/poare/Grid/build/examples/./Example_spec_kryschur[0x4b5f4f]
[genoahost101:1137570] [10] /direct/sdcc+u/poare/Grid/build/examples/./Example_spec_kryschur[0x41180d]
[genoahost101:1137570] [11] /lib64/libc.so.6(+0x2a610)[0x14b2b442a610]
[genoahost101:1137570] [12] /lib64/libc.so.6(__libc_start_main+0x80)[0x14b2b442a6c0]
[genoahost101:1137570] [13] /direct/sdcc+u/poare/Grid/build/examples/./Example_spec_kryschur[0x4147f5]
[genoahost101:1137570] *** End of error message ***
Example_spec_kryschur: ../../Grid/communicator/SharedMemoryMPI.cc:434: static void Grid::GlobalSharedMemory::OptimalCommunicatorSharedMemory(const Coordinate&, ompi_communicator_t*&, Grid::Coordinate&): Assertion `WorldSize==Nprocessors' failed.
[genoahost104:618396] *** Process received signal ***
[genoahost104:618396] Signal: Aborted (6)
[genoahost104:618396] Signal code:  (-6)
[genoahost104:618396] [ 0] /lib64/libc.so.6(+0x3fc30)[0x149e2e03fc30]
[genoahost104:618396] [ 1] /lib64/libc.so.6(+0x8d02c)[0x149e2e08d02c]
[genoahost104:618396] [ 2] /lib64/libc.so.6(raise+0x16)[0x149e2e03fb86]
[genoahost104:618396] [ 3] /lib64/libc.so.6(abort+0xd3)[0x149e2e029873]
[genoahost104:618396] [ 4] /lib64/libc.so.6(+0x2979b)[0x149e2e02979b]
[genoahost104:618396] [ 5] /lib64/libc.so.6(+0x388c6)[0x149e2e0388c6]
[genoahost104:618396] [ 6] /direct/sdcc+u/poare/Grid/build/examples/./Example_spec_kryschur[0x4cc206]
[genoahost104:618396] [ 7] /direct/sdcc+u/poare/Grid/build/examples/./Example_spec_kryschur[0x4cc2f1]
[genoahost104:618396] [ 8] /direct/sdcc+u/poare/Grid/build/examples/./Example_spec_kryschur[0x4c7e95]
[genoahost104:618396] [ 9] /direct/sdcc+u/poare/Grid/build/examples/./Example_spec_kryschur[0x4b5f4f]
[genoahost104:618396] [10] /direct/sdcc+u/poare/Grid/build/examples/./Example_spec_kryschur[0x41180d]
[genoahost104:618396] [11] /lib64/libc.so.6(+0x2a610)[0x149e2e02a610]
[genoahost104:618396] [12] /lib64/libc.so.6(__libc_start_main+0x80)[0x149e2e02a6c0]
[genoahost104:618396] [13] /direct/sdcc+u/poare/Grid/build/examples/./Example_spec_kryschur[0x4147f5]
[genoahost104:618396] *** End of error message ***
Example_spec_kryschur: ../../Grid/communicator/SharedMemoryMPI.cc:434: static void Grid::GlobalSharedMemory::OptimalCommunicatorSharedMemory(const Coordinate&, ompi_communicator_t*&, Grid::Coordinate&): Assertion `WorldSize==Nprocessors' failed.
[genoahost104:618403] *** Process received signal ***
[genoahost104:618403] Signal: Aborted (6)
[genoahost104:618403] Signal code:  (-6)
[genoahost104:618403] [ 0] /lib64/libc.so.6(+0x3fc30)[0x1506a143fc30]
[genoahost104:618403] [ 1] /lib64/libc.so.6(+0x8d02c)[0x1506a148d02c]
[genoahost104:618403] [ 2] /lib64/libc.so.6(raise+0x16)[0x1506a143fb86]
[genoahost104:618403] [ 3] /lib64/libc.so.6(abort+0xd3)[0x1506a1429873]
[genoahost104:618403] [ 4] /lib64/libc.so.6(+0x2979b)[0x1506a142979b]
[genoahost104:618403] [ 5] /lib64/libc.so.6(+0x388c6)[0x1506a14388c6]
[genoahost104:618403] [ 6] /direct/sdcc+u/poare/Grid/build/examples/./Example_spec_kryschur[0x4cc206]
[genoahost104:618403] [ 7] /direct/sdcc+u/poare/Grid/build/examples/./Example_spec_kryschur[0x4cc2f1]
[genoahost104:618403] [ 8] /direct/sdcc+u/poare/Grid/build/examples/./Example_spec_kryschur[0x4c7e95]
[genoahost104:618403] [ 9] /direct/sdcc+u/poare/Grid/build/examples/./Example_spec_kryschur[0x4b5f4f]
[genoahost104:618403] [10] /direct/sdcc+u/poare/Grid/build/examples/./Example_spec_kryschur[0x41180d]
[genoahost104:618403] [11] /lib64/libc.so.6(+0x2a610)[0x1506a142a610]
[genoahost104:618403] [12] /lib64/libc.so.6(__libc_start_main+0x80)[0x1506a142a6c0]
[genoahost104:618403] [13] /direct/sdcc+u/poare/Grid/build/examples/./Example_spec_kryschur[0x4147f5]
[genoahost104:618403] *** End of error message ***
Example_spec_kryschur: ../../Grid/communicator/SharedMemoryMPI.cc:434: static void Grid::GlobalSharedMemory::OptimalCommunicatorSharedMemory(const Coordinate&, ompi_communicator_t*&, Grid::Coordinate&): Assertion `WorldSize==Nprocessors' failed.
[genoahost103:607142] *** Process received signal ***
[genoahost103:607142] Signal: Aborted (6)
[genoahost103:607142] Signal code:  (-6)
[genoahost103:607142] [ 0] /lib64/libc.so.6(+0x3fc30)[0x14614c63fc30]
[genoahost103:607142] [ 1] /lib64/libc.so.6(+0x8d02c)[0x14614c68d02c]
[genoahost103:607142] [ 2] /lib64/libc.so.6(raise+0x16)[0x14614c63fb86]
[genoahost103:607142] [ 3] /lib64/libc.so.6(abort+0xd3)[0x14614c629873]
[genoahost103:607142] [ 4] /lib64/libc.so.6(+0x2979b)[0x14614c62979b]
[genoahost103:607142] [ 5] /lib64/libc.so.6(+0x388c6)[0x14614c6388c6]
[genoahost103:607142] [ 6] /direct/sdcc+u/poare/Grid/build/examples/./Example_spec_kryschur[0x4cc206]
[genoahost103:607142] [ 7] /direct/sdcc+u/poare/Grid/build/examples/./Example_spec_kryschur[0x4cc2f1]
[genoahost103:607142] [ 8] /direct/sdcc+u/poare/Grid/build/examples/./Example_spec_kryschur[0x4c7e95]
[genoahost103:607142] [ 9] /direct/sdcc+u/poare/Grid/build/examples/./Example_spec_kryschur[0x4b5f4f]
[genoahost103:607142] [10] /direct/sdcc+u/poare/Grid/build/examples/./Example_spec_kryschur[0x41180d]
[genoahost103:607142] [11] /lib64/libc.so.6(+0x2a610)[0x14614c62a610]
[genoahost103:607142] [12] /lib64/libc.so.6(__libc_start_main+0x80)[0x14614c62a6c0]
[genoahost103:607142] [13] /direct/sdcc+u/poare/Grid/build/examples/./Example_spec_kryschur[0x4147f5]
[genoahost103:607142] *** End of error message ***
Example_spec_kryschur: ../../Grid/communicator/SharedMemoryMPI.cc:434: static void Grid::GlobalSharedMemory::OptimalCommunicatorSharedMemory(const Coordinate&, ompi_communicator_t*&, Grid::Coordinate&): Assertion `WorldSize==Nprocessors' failed.
[genoahost103:607150] *** Process received signal ***
[genoahost103:607150] Signal: Aborted (6)
[genoahost103:607150] Signal code:  (-6)
[genoahost103:607150] [ 0] /lib64/libc.so.6(+0x3fc30)[0x1520e863fc30]
[genoahost103:607150] [ 1] /lib64/libc.so.6(+0x8d02c)[0x1520e868d02c]
[genoahost103:607150] [ 2] /lib64/libc.so.6(raise+0x16)[0x1520e863fb86]
[genoahost103:607150] [ 3] /lib64/libc.so.6(abort+0xd3)[0x1520e8629873]
[genoahost103:607150] [ 4] /lib64/libc.so.6(+0x2979b)[0x1520e862979b]
[genoahost103:607150] [ 5] /lib64/libc.so.6(+0x388c6)[0x1520e86388c6]
[genoahost103:607150] [ 6] /direct/sdcc+u/poare/Grid/build/examples/./Example_spec_kryschur[0x4cc206]
[genoahost103:607150] [ 7] /direct/sdcc+u/poare/Grid/build/examples/./Example_spec_kryschur[0x4cc2f1]
[genoahost103:607150] [ 8] /direct/sdcc+u/poare/Grid/build/examples/./Example_spec_kryschur[0x4c7e95]
[genoahost103:607150] [ 9] /direct/sdcc+u/poare/Grid/build/examples/./Example_spec_kryschur[0x4b5f4f]
[genoahost103:607150] [10] /direct/sdcc+u/poare/Grid/build/examples/./Example_spec_kryschur[0x41180d]
[genoahost103:607150] [11] /lib64/libc.so.6(+0x2a610)[0x1520e862a610]
[genoahost103:607150] [12] /lib64/libc.so.6(__libc_start_main+0x80)[0x1520e862a6c0]
[genoahost103:607150] [13] /direct/sdcc+u/poare/Grid/build/examples/./Example_spec_kryschur[0x4147f5]
[genoahost103:607150] *** End of error message ***
Example_spec_kryschur: ../../Grid/communicator/SharedMemoryMPI.cc:434: static void Grid::GlobalSharedMemory::OptimalCommunicatorSharedMemory(const Coordinate&, ompi_communicator_t*&, Grid::Coordinate&): Assertion `WorldSize==Nprocessors' failed.
[genoahost100:638344] *** Process received signal ***
[genoahost100:638344] Signal: Aborted (6)
[genoahost100:638344] Signal code:  (-6)
[genoahost100:638344] [ 0] /lib64/libc.so.6(+0x3fc30)[0x146412a3fc30]
[genoahost100:638344] [ 1] /lib64/libc.so.6(+0x8d02c)[0x146412a8d02c]
[genoahost100:638344] [ 2] /lib64/libc.so.6(raise+0x16)[0x146412a3fb86]
[genoahost100:638344] [ 3] /lib64/libc.so.6(abort+0xd3)[0x146412a29873]
[genoahost100:638344] [ 4] /lib64/libc.so.6(+0x2979b)[0x146412a2979b]
[genoahost100:638344] [ 5] /lib64/libc.so.6(+0x388c6)[0x146412a388c6]
[genoahost100:638344] [ 6] /direct/sdcc+u/poare/Grid/build/examples/./Example_spec_kryschur[0x4cc206]
[genoahost100:638344] [ 7] /direct/sdcc+u/poare/Grid/build/examples/./Example_spec_kryschur[0x4cc2f1]
[genoahost100:638344] [ 8] /direct/sdcc+u/poare/Grid/build/examples/./Example_spec_kryschur[0x4c7e95]
[genoahost100:638344] [ 9] /direct/sdcc+u/poare/Grid/build/examples/./Example_spec_kryschur[0x4b5f4f]
[genoahost100:638344] [10] /direct/sdcc+u/poare/Grid/build/examples/./Example_spec_kryschur[0x41180d]
[genoahost100:638344] [11] /lib64/libc.so.6(+0x2a610)[0x146412a2a610]
[genoahost100:638344] [12] /lib64/libc.so.6(__libc_start_main+0x80)[0x146412a2a6c0]
[genoahost100:638344] [13] /direct/sdcc+u/poare/Grid/build/examples/./Example_spec_kryschur[0x4147f5]
[genoahost100:638344] *** End of error message ***
Example_spec_kryschur: ../../Grid/communicator/SharedMemoryMPI.cc:434: static void Grid::GlobalSharedMemory::OptimalCommunicatorSharedMemory(const Coordinate&, ompi_communicator_t*&, Grid::Coordinate&): Assertion `WorldSize==Nprocessors' failed.
[genoahost100:638335] *** Process received signal ***
[genoahost100:638335] Signal: Aborted (6)
[genoahost100:638335] Signal code:  (-6)
[genoahost100:638335] [ 0] /lib64/libc.so.6(+0x3fc30)[0x1545a0a3fc30]
[genoahost100:638335] [ 1] /lib64/libc.so.6(+0x8d02c)[0x1545a0a8d02c]
[genoahost100:638335] [ 2] /lib64/libc.so.6(raise+0x16)[0x1545a0a3fb86]
[genoahost100:638335] [ 3] /lib64/libc.so.6(abort+0xd3)[0x1545a0a29873]
[genoahost100:638335] [ 4] /lib64/libc.so.6(+0x2979b)[0x1545a0a2979b]
[genoahost100:638335] [ 5] /lib64/libc.so.6(+0x388c6)[0x1545a0a388c6]
[genoahost100:638335] [ 6] /direct/sdcc+u/poare/Grid/build/examples/./Example_spec_kryschur[0x4cc206]
[genoahost100:638335] [ 7] /direct/sdcc+u/poare/Grid/build/examples/./Example_spec_kryschur[0x4cc2f1]
[genoahost100:638335] [ 8] /direct/sdcc+u/poare/Grid/build/examples/./Example_spec_kryschur[0x4c7e95]
[genoahost100:638335] [ 9] /direct/sdcc+u/poare/Grid/build/examples/./Example_spec_kryschur[0x4b5f4f]
[genoahost100:638335] [10] /direct/sdcc+u/poare/Grid/build/examples/./Example_spec_kryschur[0x41180d]
[genoahost100:638335] [11] /lib64/libc.so.6(+0x2a610)[0x1545a0a2a610]
[genoahost100:638335] [12] /lib64/libc.so.6(__libc_start_main+0x80)[0x1545a0a2a6c0]
[genoahost100:638335] [13] /direct/sdcc+u/poare/Grid/build/examples/./Example_spec_kryschur[0x4147f5]
[genoahost100:638335] *** End of error message ***
Example_spec_kryschur: ../../Grid/communicator/SharedMemoryMPI.cc:434: static void Grid::GlobalSharedMemory::OptimalCommunicatorSharedMemory(const Coordinate&, ompi_communicator_t*&, Grid::Coordinate&): Assertion `WorldSize==Nprocessors' failed.
[genoahost102:617674] *** Process received signal ***
[genoahost102:617674] Signal: Aborted (6)
[genoahost102:617674] Signal code:  (-6)
[genoahost102:617674] [ 0] /lib64/libc.so.6(+0x3fc30)[0x153dd663fc30]
[genoahost102:617674] [ 1] /lib64/libc.so.6(+0x8d02c)[0x153dd668d02c]
[genoahost102:617674] [ 2] /lib64/libc.so.6(raise+0x16)[0x153dd663fb86]
[genoahost102:617674] [ 3] /lib64/libc.so.6(abort+0xd3)[0x153dd6629873]
[genoahost102:617674] [ 4] /lib64/libc.so.6(+0x2979b)[0x153dd662979b]
[genoahost102:617674] [ 5] /lib64/libc.so.6(+0x388c6)[0x153dd66388c6]
[genoahost102:617674] [ 6] /direct/sdcc+u/poare/Grid/build/examples/./Example_spec_kryschur[0x4cc206]
[genoahost102:617674] [ 7] /direct/sdcc+u/poare/Grid/build/examples/./Example_spec_kryschur[0x4cc2f1]
[genoahost102:617674] [ 8] /direct/sdcc+u/poare/Grid/build/examples/./Example_spec_kryschur[0x4c7e95]
[genoahost102:617674] [ 9] /direct/sdcc+u/poare/Grid/build/examples/./Example_spec_kryschur[0x4b5f4f]
[genoahost102:617674] [10] /direct/sdcc+u/poare/Grid/build/examples/./Example_spec_kryschur[0x41180d]
[genoahost102:617674] [11] /lib64/libc.so.6(+0x2a610)[0x153dd662a610]
[genoahost102:617674] [12] /lib64/libc.so.6(__libc_start_main+0x80)[0x153dd662a6c0]
[genoahost102:617674] [13] /direct/sdcc+u/poare/Grid/build/examples/./Example_spec_kryschur[0x4147f5]
[genoahost102:617674] *** End of error message ***
Example_spec_kryschur: ../../Grid/communicator/SharedMemoryMPI.cc:434: static void Grid::GlobalSharedMemory::OptimalCommunicatorSharedMemory(const Coordinate&, ompi_communicator_t*&, Grid::Coordinate&): Assertion `WorldSize==Nprocessors' failed.
[genoahost102:617667] *** Process received signal ***
[genoahost102:617667] Signal: Aborted (6)
[genoahost102:617667] Signal code:  (-6)
[genoahost102:617667] [ 0] /lib64/libc.so.6(+0x3fc30)[0x14bbd883fc30]
[genoahost102:617667] [ 1] /lib64/libc.so.6(+0x8d02c)[0x14bbd888d02c]
[genoahost102:617667] [ 2] /lib64/libc.so.6(raise+0x16)[0x14bbd883fb86]
[genoahost102:617667] [ 3] /lib64/libc.so.6(abort+0xd3)[0x14bbd8829873]
[genoahost102:617667] [ 4] /lib64/libc.so.6(+0x2979b)[0x14bbd882979b]
[genoahost102:617667] [ 5] /lib64/libc.so.6(+0x388c6)[0x14bbd88388c6]
[genoahost102:617667] [ 6] /direct/sdcc+u/poare/Grid/build/examples/./Example_spec_kryschur[0x4cc206]
[genoahost102:617667] [ 7] /direct/sdcc+u/poare/Grid/build/examples/./Example_spec_kryschur[0x4cc2f1]
[genoahost102:617667] [ 8] /direct/sdcc+u/poare/Grid/build/examples/./Example_spec_kryschur[0x4c7e95]
[genoahost102:617667] [ 9] /direct/sdcc+u/poare/Grid/build/examples/./Example_spec_kryschur[0x4b5f4f]
[genoahost102:617667] [10] /direct/sdcc+u/poare/Grid/build/examples/./Example_spec_kryschur[0x41180d]
[genoahost102:617667] [11] /lib64/libc.so.6(+0x2a610)[0x14bbd882a610]
[genoahost102:617667] [12] /lib64/libc.so.6(__libc_start_main+0x80)[0x14bbd882a6c0]
[genoahost102:617667] [13] /direct/sdcc+u/poare/Grid/build/examples/./Example_spec_kryschur[0x4147f5]
[genoahost102:617667] *** End of error message ***
srun: error: genoahost103: task 102: Aborted (core dumped)
Example_spec_kryschur: ../../Grid/communicator/SharedMemoryMPI.cc:434: static void Grid::GlobalSharedMemory::OptimalCommunicatorSharedMemory(const Coordinate&, ompi_communicator_t*&, Grid::Coordinate&): Assertion `WorldSize==Nprocessors' failed.
[genoahost097:1720340] *** Process received signal ***
[genoahost097:1720340] Signal: Aborted (6)
[genoahost097:1720340] Signal code:  (-6)
[genoahost097:1720340] [ 0] /lib64/libc.so.6(+0x3fc30)[0x14b5c3e3fc30]
[genoahost097:1720340] [ 1] /lib64/libc.so.6(+0x8d02c)[0x14b5c3e8d02c]
[genoahost097:1720340] [ 2] /lib64/libc.so.6(raise+0x16)[0x14b5c3e3fb86]
[genoahost097:1720340] [ 3] /lib64/libc.so.6(abort+0xd3)[0x14b5c3e29873]
[genoahost097:1720340] [ 4] /lib64/libc.so.6(+0x2979b)[0x14b5c3e2979b]
[genoahost097:1720340] [ 5] /lib64/libc.so.6(+0x388c6)[0x14b5c3e388c6]
[genoahost097:1720340] [ 6] /direct/sdcc+u/poare/Grid/build/examples/./Example_spec_kryschur[0x4cc206]
[genoahost097:1720340] [ 7] /direct/sdcc+u/poare/Grid/build/examples/./Example_spec_kryschur[0x4cc2f1]
[genoahost097:1720340] [ 8] /direct/sdcc+u/poare/Grid/build/examples/./Example_spec_kryschur[0x4c7e95]
[genoahost097:1720340] [ 9] /direct/sdcc+u/poare/Grid/build/examples/./Example_spec_kryschur[0x4b5f4f]
[genoahost097:1720340] [10] /direct/sdcc+u/poare/Grid/build/examples/./Example_spec_kryschur[0x41180d]
[genoahost097:1720340] [11] /lib64/libc.so.6(+0x2a610)[0x14b5c3e2a610]
[genoahost097:1720340] [12] /lib64/libc.so.6(__libc_start_main+0x80)[0x14b5c3e2a6c0]
[genoahost097:1720340] [13] /direct/sdcc+u/poare/Grid/build/examples/./Example_spec_kryschur[0x4147f5]
[genoahost097:1720340] *** End of error message ***
srun: error: genoahost100: task 57: Aborted (core dumped)
srun: error: genoahost102: task 92: Aborted (core dumped)
Example_spec_kryschur: ../../Grid/communicator/SharedMemoryMPI.cc:434: static void Grid::GlobalSharedMemory::OptimalCommunicatorSharedMemory(const Coordinate&, ompi_communicator_t*&, Grid::Coordinate&): Assertion `WorldSize==Nprocessors' failed.
[genoahost097:1720344] *** Process received signal ***
[genoahost097:1720344] Signal: Aborted (6)
[genoahost097:1720344] Signal code:  (-6)
[genoahost097:1720344] [ 0] /lib64/libc.so.6(+0x3fc30)[0x14c85703fc30]
[genoahost097:1720344] [ 1] /lib64/libc.so.6(+0x8d02c)[0x14c85708d02c]
[genoahost097:1720344] [ 2] /lib64/libc.so.6(raise+0x16)[0x14c85703fb86]
[genoahost097:1720344] [ 3] /lib64/libc.so.6(abort+0xd3)[0x14c857029873]
[genoahost097:1720344] [ 4] /lib64/libc.so.6(+0x2979b)[0x14c85702979b]
[genoahost097:1720344] [ 5] /lib64/libc.so.6(+0x388c6)[0x14c8570388c6]
[genoahost097:1720344] [ 6] /direct/sdcc+u/poare/Grid/build/examples/./Example_spec_kryschur[0x4cc206]
[genoahost097:1720344] [ 7] /direct/sdcc+u/poare/Grid/build/examples/./Example_spec_kryschur[0x4cc2f1]
[genoahost097:1720344] [ 8] /direct/sdcc+u/poare/Grid/build/examples/./Example_spec_kryschur[0x4c7e95]
[genoahost097:1720344] [ 9] /direct/sdcc+u/poare/Grid/build/examples/./Example_spec_kryschur[0x4b5f4f]
[genoahost097:1720344] [10] /direct/sdcc+u/poare/Grid/build/examples/./Example_spec_kryschur[0x41180d]
[genoahost097:1720344] [11] /lib64/libc.so.6(+0x2a610)[0x14c85702a610]
[genoahost097:1720344] [12] /lib64/libc.so.6(__libc_start_main+0x80)[0x14c85702a6c0]
[genoahost097:1720344] [13] /direct/sdcc+u/poare/Grid/build/examples/./Example_spec_kryschur[0x4147f5]
[genoahost097:1720344] *** End of error message ***
Example_spec_kryschur: ../../Grid/communicator/SharedMemoryMPI.cc:434: static void Grid::GlobalSharedMemory::OptimalCommunicatorSharedMemory(const Coordinate&, ompi_communicator_t*&, Grid::Coordinate&): Assertion `WorldSize==Nprocessors' failed.
[genoahost097:1720347] *** Process received signal ***
[genoahost097:1720347] Signal: Aborted (6)
[genoahost097:1720347] Signal code:  (-6)
[genoahost097:1720347] [ 0] /lib64/libc.so.6(+0x3fc30)[0x1518cec3fc30]
[genoahost097:1720347] [ 1] /lib64/libc.so.6(+0x8d02c)[0x1518cec8d02c]
[genoahost097:1720347] [ 2] /lib64/libc.so.6(raise+0x16)[0x1518cec3fb86]
[genoahost097:1720347] [ 3] /lib64/libc.so.6(abort+0xd3)[0x1518cec29873]
[genoahost097:1720347] [ 4] /lib64/libc.so.6(+0x2979b)[0x1518cec2979b]
[genoahost097:1720347] [ 5] /lib64/libc.so.6(+0x388c6)[0x1518cec388c6]
[genoahost097:1720347] [ 6] /direct/sdcc+u/poare/Grid/build/examples/./Example_spec_kryschur[0x4cc206]
[genoahost097:1720347] [ 7] /direct/sdcc+u/poare/Grid/build/examples/./Example_spec_kryschur[0x4cc2f1]
[genoahost097:1720347] [ 8] /direct/sdcc+u/poare/Grid/build/examples/./Example_spec_kryschur[0x4c7e95]
[genoahost097:1720347] [ 9] /direct/sdcc+u/poare/Grid/build/examples/./Example_spec_kryschur[0x4b5f4f]
[genoahost097:1720347] [10] /direct/sdcc+u/poare/Grid/build/examples/./Example_spec_kryschur[0x41180d]
[genoahost097:1720347] [11] /lib64/libc.so.6(+0x2a610)[0x1518cec2a610]
[genoahost097:1720347] [12] /lib64/libc.so.6(__libc_start_main+0x80)[0x1518cec2a6c0]
[genoahost097:1720347] [13] /direct/sdcc+u/poare/Grid/build/examples/./Example_spec_kryschur[0x4147f5]
[genoahost097:1720347] *** End of error message ***
Example_spec_kryschur: ../../Grid/communicator/SharedMemoryMPI.cc:434: static void Grid::GlobalSharedMemory::OptimalCommunicatorSharedMemory(const Coordinate&, ompi_communicator_t*&, Grid::Coordinate&): Assertion `WorldSize==Nprocessors' failed.
[genoahost100:638343] *** Process received signal ***
[genoahost100:638343] Signal: Aborted (6)
[genoahost100:638343] Signal code:  (-6)
[genoahost100:638343] [ 0] /lib64/libc.so.6(+0x3fc30)[0x154bd603fc30]
[genoahost100:638343] [ 1] /lib64/libc.so.6(+0x8d02c)[0x154bd608d02c]
[genoahost100:638343] [ 2] /lib64/libc.so.6(raise+0x16)[0x154bd603fb86]
[genoahost100:638343] [ 3] /lib64/libc.so.6(abort+0xd3)[0x154bd6029873]
[genoahost100:638343] [ 4] /lib64/libc.so.6(+0x2979b)[0x154bd602979b]
[genoahost100:638343] [ 5] /lib64/libc.so.6(+0x388c6)[0x154bd60388c6]
[genoahost100:638343] [ 6] /direct/sdcc+u/poare/Grid/build/examples/./Example_spec_kryschur[0x4cc206]
[genoahost100:638343] [ 7] /direct/sdcc+u/poare/Grid/build/examples/./Example_spec_kryschur[0x4cc2f1]
[genoahost100:638343] [ 8] /direct/sdcc+u/poare/Grid/build/examples/./Example_spec_kryschur[0x4c7e95]
[genoahost100:638343] [ 9] /direct/sdcc+u/poare/Grid/build/examples/./Example_spec_kryschur[0x4b5f4f]
[genoahost100:638343] [10] /direct/sdcc+u/poare/Grid/build/examples/./Example_spec_kryschur[0x41180d]
[genoahost100:638343] [11] /lib64/libc.so.6(+0x2a610)[0x154bd602a610]
[genoahost100:638343] [12] /lib64/libc.so.6(__libc_start_main+0x80)[0x154bd602a6c0]
[genoahost100:638343] [13] /direct/sdcc+u/poare/Grid/build/examples/./Example_spec_kryschur[0x4147f5]
[genoahost100:638343] *** End of error message ***
Example_spec_kryschur: ../../Grid/communicator/SharedMemoryMPI.cc:434: static void Grid::GlobalSharedMemory::OptimalCommunicatorSharedMemory(const Coordinate&, ompi_communicator_t*&, Grid::Coordinate&): Assertion `WorldSize==Nprocessors' failed.
[genoahost100:638340] *** Process received signal ***
[genoahost100:638340] Signal: Aborted (6)
[genoahost100:638340] Signal code:  (-6)
[genoahost100:638340] [ 0] /lib64/libc.so.6(+0x3fc30)[0x153bb0c3fc30]
[genoahost100:638340] [ 1] /lib64/libc.so.6(+0x8d02c)[0x153bb0c8d02c]
[genoahost100:638340] [ 2] /lib64/libc.so.6(raise+0x16)[0x153bb0c3fb86]
[genoahost100:638340] [ 3] /lib64/libc.so.6(abort+0xd3)[0x153bb0c29873]
[genoahost100:638340] [ 4] /lib64/libc.so.6(+0x2979b)[0x153bb0c2979b]
[genoahost100:638340] [ 5] /lib64/libc.so.6(+0x388c6)[0x153bb0c388c6]
[genoahost100:638340] [ 6] /direct/sdcc+u/poare/Grid/build/examples/./Example_spec_kryschur[0x4cc206]
[genoahost100:638340] [ 7] /direct/sdcc+u/poare/Grid/build/examples/./Example_spec_kryschur[0x4cc2f1]
[genoahost100:638340] [ 8] /direct/sdcc+u/poare/Grid/build/examples/./Example_spec_kryschur[0x4c7e95]
[genoahost100:638340] [ 9] /direct/sdcc+u/poare/Grid/build/examples/./Example_spec_kryschur[0x4b5f4f]
[genoahost100:638340] [10] /direct/sdcc+u/poare/Grid/build/examples/./Example_spec_kryschur[0x41180d]
[genoahost100:638340] [11] /lib64/libc.so.6(+0x2a610)[0x153bb0c2a610]
[genoahost100:638340] [12] /lib64/libc.so.6(__libc_start_main+0x80)[0x153bb0c2a6c0]
[genoahost100:638340] [13] /direct/sdcc+u/poare/Grid/build/examples/./Example_spec_kryschur[0x4147f5]
[genoahost100:638340] *** End of error message ***
Example_spec_kryschur: ../../Grid/communicator/SharedMemoryMPI.cc:434: static void Grid::GlobalSharedMemory::OptimalCommunicatorSharedMemory(const Coordinate&, ompi_communicator_t*&, Grid::Coordinate&): Assertion `WorldSize==Nprocessors' failed.
[genoahost099:1599059] *** Process received signal ***
[genoahost099:1599059] Signal: Aborted (6)
[genoahost099:1599059] Signal code:  (-6)
[genoahost099:1599059] [ 0] /lib64/libc.so.6(+0x3fc30)[0x14743fc3fc30]
[genoahost099:1599059] [ 1] /lib64/libc.so.6(+0x8d02c)[0x14743fc8d02c]
[genoahost099:1599059] [ 2] /lib64/libc.so.6(raise+0x16)[0x14743fc3fb86]
[genoahost099:1599059] [ 3] /lib64/libc.so.6(abort+0xd3)[0x14743fc29873]
[genoahost099:1599059] [ 4] /lib64/libc.so.6(+0x2979b)[0x14743fc2979b]
[genoahost099:1599059] [ 5] /lib64/libc.so.6(+0x388c6)[0x14743fc388c6]
[genoahost099:1599059] [ 6] /direct/sdcc+u/poare/Grid/build/examples/./Example_spec_kryschur[0x4cc206]
[genoahost099:1599059] [ 7] /direct/sdcc+u/poare/Grid/build/examples/./Example_spec_kryschur[0x4cc2f1]
[genoahost099:1599059] [ 8] /direct/sdcc+u/poare/Grid/build/examples/./Example_spec_kryschur[0x4c7e95]
[genoahost099:1599059] [ 9] /direct/sdcc+u/poare/Grid/build/examples/./Example_spec_kryschur[0x4b5f4f]
[genoahost099:1599059] [10] /direct/sdcc+u/poare/Grid/build/examples/./Example_spec_kryschur[0x41180d]
[genoahost099:1599059] [11] /lib64/libc.so.6(+0x2a610)[0x14743fc2a610]
[genoahost099:1599059] [12] /lib64/libc.so.6(__libc_start_main+0x80)[0x14743fc2a6c0]
[genoahost099:1599059] [13] /direct/sdcc+u/poare/Grid/build/examples/./Example_spec_kryschur[0x4147f5]
[genoahost099:1599059] *** End of error message ***
Example_spec_kryschur: ../../Grid/communicator/SharedMemoryMPI.cc:434: static void Grid::GlobalSharedMemory::OptimalCommunicatorSharedMemory(const Coordinate&, ompi_communicator_t*&, Grid::Coordinate&): Assertion `WorldSize==Nprocessors' failed.
[genoahost097:1720343] *** Process received signal ***
[genoahost097:1720343] Signal: Aborted (6)
[genoahost097:1720343] Signal code:  (-6)
[genoahost097:1720343] [ 0] /lib64/libc.so.6(+0x3fc30)[0x14f97ca3fc30]
[genoahost097:1720343] [ 1] /lib64/libc.so.6(+0x8d02c)[0x14f97ca8d02c]
[genoahost097:1720343] [ 2] /lib64/libc.so.6(raise+0x16)[0x14f97ca3fb86]
[genoahost097:1720343] [ 3] /lib64/libc.so.6(abort+0xd3)[0x14f97ca29873]
[genoahost097:1720343] [ 4] /lib64/libc.so.6(+0x2979b)[0x14f97ca2979b]
[genoahost097:1720343] [ 5] /lib64/libc.so.6(+0x388c6)[0x14f97ca388c6]
[genoahost097:1720343] [ 6] /direct/sdcc+u/poare/Grid/build/examples/./Example_spec_kryschur[0x4cc206]
[genoahost097:1720343] [ 7] /direct/sdcc+u/poare/Grid/build/examples/./Example_spec_kryschur[0x4cc2f1]
[genoahost097:1720343] [ 8] /direct/sdcc+u/poare/Grid/build/examples/./Example_spec_kryschur[0x4c7e95]
[genoahost097:1720343] [ 9] /direct/sdcc+u/poare/Grid/build/examples/./Example_spec_kryschur[0x4b5f4f]
[genoahost097:1720343] [10] /direct/sdcc+u/poare/Grid/build/examples/./Example_spec_kryschur[0x41180d]
[genoahost097:1720343] [11] /lib64/libc.so.6(+0x2a610)[0x14f97ca2a610]
[genoahost097:1720343] [12] /lib64/libc.so.6(__libc_start_main+0x80)[0x14f97ca2a6c0]
[genoahost097:1720343] [13] /direct/sdcc+u/poare/Grid/build/examples/./Example_spec_kryschur[0x4147f5]
[genoahost097:1720343] *** End of error message ***
Example_spec_kryschur: ../../Grid/communicator/SharedMemoryMPI.cc:434: static void Grid::GlobalSharedMemory::OptimalCommunicatorSharedMemory(const Coordinate&, ompi_communicator_t*&, Grid::Coordinate&): Assertion `WorldSize==Nprocessors' failed.
[genoahost097:1720341] *** Process received signal ***
[genoahost097:1720341] Signal: Aborted (6)
[genoahost097:1720341] Signal code:  (-6)
[genoahost097:1720341] [ 0] /lib64/libc.so.6(+0x3fc30)[0x14e12483fc30]
[genoahost097:1720341] [ 1] /lib64/libc.so.6(+0x8d02c)[0x14e12488d02c]
[genoahost097:1720341] [ 2] /lib64/libc.so.6(raise+0x16)[0x14e12483fb86]
[genoahost097:1720341] [ 3] /lib64/libc.so.6(abort+0xd3)[0x14e124829873]
[genoahost097:1720341] [ 4] /lib64/libc.so.6(+0x2979b)[0x14e12482979b]
[genoahost097:1720341] [ 5] /lib64/libc.so.6(+0x388c6)[0x14e1248388c6]
[genoahost097:1720341] [ 6] /direct/sdcc+u/poare/Grid/build/examples/./Example_spec_kryschur[0x4cc206]
[genoahost097:1720341] [ 7] /direct/sdcc+u/poare/Grid/build/examples/./Example_spec_kryschur[0x4cc2f1]
[genoahost097:1720341] [ 8] /direct/sdcc+u/poare/Grid/build/examples/./Example_spec_kryschur[0x4c7e95]
[genoahost097:1720341] [ 9] /direct/sdcc+u/poare/Grid/build/examples/./Example_spec_kryschur[0x4b5f4f]
[genoahost097:1720341] [10] /direct/sdcc+u/poare/Grid/build/examples/./Example_spec_kryschur[0x41180d]
[genoahost097:1720341] [11] /lib64/libc.so.6(+0x2a610)[0x14e12482a610]
[genoahost097:1720341] [12] /lib64/libc.so.6(__libc_start_main+0x80)[0x14e12482a6c0]
[genoahost097:1720341] [13] /direct/sdcc+u/poare/Grid/build/examples/./Example_spec_kryschur[0x4147f5]
[genoahost097:1720341] *** End of error message ***
Example_spec_kryschur: ../../Grid/communicator/SharedMemoryMPI.cc:434: static void Grid::GlobalSharedMemory::OptimalCommunicatorSharedMemory(const Coordinate&, ompi_communicator_t*&, Grid::Coordinate&): Assertion `WorldSize==Nprocessors' failed.
[genoahost099:1599066] *** Process received signal ***
[genoahost099:1599066] Signal: Aborted (6)
[genoahost099:1599066] Signal code:  (-6)
[genoahost099:1599066] [ 0] /lib64/libc.so.6(+0x3fc30)[0x1482cfe3fc30]
[genoahost099:1599066] [ 1] /lib64/libc.so.6(+0x8d02c)[0x1482cfe8d02c]
[genoahost099:1599066] [ 2] /lib64/libc.so.6(raise+0x16)[0x1482cfe3fb86]
[genoahost099:1599066] [ 3] /lib64/libc.so.6(abort+0xd3)[0x1482cfe29873]
[genoahost099:1599066] [ 4] /lib64/libc.so.6(+0x2979b)[0x1482cfe2979b]
[genoahost099:1599066] [ 5] /lib64/libc.so.6(+0x388c6)[0x1482cfe388c6]
[genoahost099:1599066] [ 6] /direct/sdcc+u/poare/Grid/build/examples/./Example_spec_kryschur[0x4cc206]
[genoahost099:1599066] [ 7] /direct/sdcc+u/poare/Grid/build/examples/./Example_spec_kryschur[0x4cc2f1]
[genoahost099:1599066] [ 8] /direct/sdcc+u/poare/Grid/build/examples/./Example_spec_kryschur[0x4c7e95]
[genoahost099:1599066] [ 9] /direct/sdcc+u/poare/Grid/build/examples/./Example_spec_kryschur[0x4b5f4f]
[genoahost099:1599066] [10] /direct/sdcc+u/poare/Grid/build/examples/./Example_spec_kryschur[0x41180d]
[genoahost099:1599066] [11] /lib64/libc.so.6(+0x2a610)[0x1482cfe2a610]
[genoahost099:1599066] [12] /lib64/libc.so.6(__libc_start_main+0x80)[0x1482cfe2a6c0]
[genoahost099:1599066] [13] /direct/sdcc+u/poare/Grid/build/examples/./Example_spec_kryschur[0x4147f5]
[genoahost099:1599066] *** End of error message ***
Example_spec_kryschur: ../../Grid/communicator/SharedMemoryMPI.cc:434: static void Grid::GlobalSharedMemory::OptimalCommunicatorSharedMemory(const Coordinate&, ompi_communicator_t*&, Grid::Coordinate&): Assertion `WorldSize==Nprocessors' failed.
[genoahost099:1599057] *** Process received signal ***
[genoahost099:1599057] Signal: Aborted (6)
[genoahost099:1599057] Signal code:  (-6)
[genoahost099:1599057] [ 0] /lib64/libc.so.6(+0x3fc30)[0x15140d23fc30]
[genoahost099:1599057] [ 1] /lib64/libc.so.6(+0x8d02c)[0x15140d28d02c]
[genoahost099:1599057] [ 2] /lib64/libc.so.6(raise+0x16)[0x15140d23fb86]
[genoahost099:1599057] [ 3] /lib64/libc.so.6(abort+0xd3)[0x15140d229873]
[genoahost099:1599057] [ 4] /lib64/libc.so.6(+0x2979b)[0x15140d22979b]
[genoahost099:1599057] [ 5] /lib64/libc.so.6(+0x388c6)[0x15140d2388c6]
[genoahost099:1599057] [ 6] /direct/sdcc+u/poare/Grid/build/examples/./Example_spec_kryschur[0x4cc206]
[genoahost099:1599057] [ 7] /direct/sdcc+u/poare/Grid/build/examples/./Example_spec_kryschur[0x4cc2f1]
[genoahost099:1599057] [ 8] /direct/sdcc+u/poare/Grid/build/examples/./Example_spec_kryschur[0x4c7e95]
[genoahost099:1599057] [ 9] /direct/sdcc+u/poare/Grid/build/examples/./Example_spec_kryschur[0x4b5f4f]
[genoahost099:1599057] [10] /direct/sdcc+u/poare/Grid/build/examples/./Example_spec_kryschur[0x41180d]
[genoahost099:1599057] [11] /lib64/libc.so.6(+0x2a610)[0x15140d22a610]
[genoahost099:1599057] [12] /lib64/libc.so.6(__libc_start_main+0x80)[0x15140d22a6c0]
[genoahost099:1599057] [13] /direct/sdcc+u/poare/Grid/build/examples/./Example_spec_kryschur[0x4147f5]
[genoahost099:1599057] *** End of error message ***
srun: error: genoahost100: task 48: Aborted (core dumped)
srun: error: genoahost097: task 6: Aborted (core dumped)
srun: error: genoahost102: task 85: Aborted (core dumped)
srun: error: genoahost099: task 42: Aborted (core dumped)
srun: error: genoahost103: task 110: Aborted (core dumped)
srun: error: genoahost101: task 69: Aborted (core dumped)
srun: error: genoahost104: task 117: Aborted (core dumped)
srun: error: genoahost104: task 124: Aborted (core dumped)
Example_spec_kryschur: ../../Grid/communicator/SharedMemoryMPI.cc:434: static void Grid::GlobalSharedMemory::OptimalCommunicatorSharedMemory(const Coordinate&, ompi_communicator_t*&, Grid::Coordinate&): Assertion `WorldSize==Nprocessors' failed.
[genoahost104:618399] *** Process received signal ***
[genoahost104:618399] Signal: Aborted (6)
[genoahost104:618399] Signal code:  (-6)
[genoahost104:618399] [ 0] /lib64/libc.so.6(+0x3fc30)[0x14fc7b43fc30]
[genoahost104:618399] [ 1] /lib64/libc.so.6(+0x8d02c)[0x14fc7b48d02c]
[genoahost104:618399] [ 2] /lib64/libc.so.6(raise+0x16)[0x14fc7b43fb86]
[genoahost104:618399] [ 3] /lib64/libc.so.6(abort+0xd3)[0x14fc7b429873]
[genoahost104:618399] [ 4] /lib64/libc.so.6(+0x2979b)[0x14fc7b42979b]
[genoahost104:618399] [ 5] /lib64/libc.so.6(+0x388c6)[0x14fc7b4388c6]
[genoahost104:618399] [ 6] /direct/sdcc+u/poare/Grid/build/examples/./Example_spec_kryschur[0x4cc206]
[genoahost104:618399] [ 7] /direct/sdcc+u/poare/Grid/build/examples/./Example_spec_kryschur[0x4cc2f1]
[genoahost104:618399] [ 8] /direct/sdcc+u/poare/Grid/build/examples/./Example_spec_kryschur[0x4c7e95]
[genoahost104:618399] [ 9] /direct/sdcc+u/poare/Grid/build/examples/./Example_spec_kryschur[0x4b5f4f]
[genoahost104:618399] [10] /direct/sdcc+u/poare/Grid/build/examples/./Example_spec_kryschur[0x41180d]
[genoahost104:618399] [11] /lib64/libc.so.6(+0x2a610)[0x14fc7b42a610]
[genoahost104:618399] [12] /lib64/libc.so.6(__libc_start_main+0x80)[0x14fc7b42a6c0]
[genoahost104:618399] [13] /direct/sdcc+u/poare/Grid/build/examples/./Example_spec_kryschur[0x4147f5]
[genoahost104:618399] *** End of error message ***
Example_spec_kryschur: ../../Grid/communicator/SharedMemoryMPI.cc:434: static void Grid::GlobalSharedMemory::OptimalCommunicatorSharedMemory(const Coordinate&, ompi_communicator_t*&, Grid::Coordinate&): Assertion `WorldSize==Nprocessors' failed.
[genoahost104:618392] *** Process received signal ***
[genoahost104:618392] Signal: Aborted (6)
[genoahost104:618392] Signal code:  (-6)
[genoahost104:618392] [ 0] /lib64/libc.so.6(+0x3fc30)[0x1532ca03fc30]
[genoahost104:618392] [ 1] /lib64/libc.so.6(+0x8d02c)[0x1532ca08d02c]
[genoahost104:618392] [ 2] /lib64/libc.so.6(raise+0x16)[0x1532ca03fb86]
[genoahost104:618392] [ 3] /lib64/libc.so.6(abort+0xd3)[0x1532ca029873]
[genoahost104:618392] [ 4] /lib64/libc.so.6(+0x2979b)[0x1532ca02979b]
[genoahost104:618392] [ 5] /lib64/libc.so.6(+0x388c6)[0x1532ca0388c6]
[genoahost104:618392] [ 6] /direct/sdcc+u/poare/Grid/build/examples/./Example_spec_kryschur[0x4cc206]
[genoahost104:618392] [ 7] /direct/sdcc+u/poare/Grid/build/examples/./Example_spec_kryschur[0x4cc2f1]
[genoahost104:618392] [ 8] /direct/sdcc+u/poare/Grid/build/examples/./Example_spec_kryschur[0x4c7e95]
[genoahost104:618392] [ 9] /direct/sdcc+u/poare/Grid/build/examples/./Example_spec_kryschur[0x4b5f4f]
[genoahost104:618392] [10] /direct/sdcc+u/poare/Grid/build/examples/./Example_spec_kryschur[0x41180d]
[genoahost104:618392] [11] /lib64/libc.so.6(+0x2a610)[0x1532ca02a610]
[genoahost104:618392] [12] /lib64/libc.so.6(__libc_start_main+0x80)[0x1532ca02a6c0]
[genoahost104:618392] [13] /direct/sdcc+u/poare/Grid/build/examples/./Example_spec_kryschur[0x4147f5]
[genoahost104:618392] *** End of error message ***
Example_spec_kryschur: ../../Grid/communicator/SharedMemoryMPI.cc:434: static void Grid::GlobalSharedMemory::OptimalCommunicatorSharedMemory(const Coordinate&, ompi_communicator_t*&, Grid::Coordinate&): Assertion `WorldSize==Nprocessors' failed.
[genoahost098:1619803] *** Process received signal ***
[genoahost098:1619803] Signal: Aborted (6)
[genoahost098:1619803] Signal code:  (-6)
[genoahost098:1619803] [ 0] /lib64/libc.so.6(+0x3fc30)[0x145d3203fc30]
[genoahost098:1619803] [ 1] /lib64/libc.so.6(+0x8d02c)[0x145d3208d02c]
[genoahost098:1619803] [ 2] /lib64/libc.so.6(raise+0x16)[0x145d3203fb86]
[genoahost098:1619803] [ 3] /lib64/libc.so.6(abort+0xd3)[0x145d32029873]
[genoahost098:1619803] [ 4] /lib64/libc.so.6(+0x2979b)[0x145d3202979b]
[genoahost098:1619803] [ 5] /lib64/libc.so.6(+0x388c6)[0x145d320388c6]
[genoahost098:1619803] [ 6] /direct/sdcc+u/poare/Grid/build/examples/./Example_spec_kryschur[0x4cc206]
[genoahost098:1619803] [ 7] /direct/sdcc+u/poare/Grid/build/examples/./Example_spec_kryschur[0x4cc2f1]
[genoahost098:1619803] [ 8] /direct/sdcc+u/poare/Grid/build/examples/./Example_spec_kryschur[0x4c7e95]
[genoahost098:1619803] [ 9] /direct/sdcc+u/poare/Grid/build/examples/./Example_spec_kryschur[0x4b5f4f]
[genoahost098:1619803] [10] /direct/sdcc+u/poare/Grid/build/examples/./Example_spec_kryschur[0x41180d]
[genoahost098:1619803] [11] /lib64/libc.so.6(+0x2a610)[0x145d3202a610]
[genoahost098:1619803] [12] /lib64/libc.so.6(__libc_start_main+0x80)[0x145d3202a6c0]
[genoahost098:1619803] [13] /direct/sdcc+u/poare/Grid/build/examples/./Example_spec_kryschur[0x4147f5]
[genoahost098:1619803] *** End of error message ***
Example_spec_kryschur: ../../Grid/communicator/SharedMemoryMPI.cc:434: static void Grid::GlobalSharedMemory::OptimalCommunicatorSharedMemory(const Coordinate&, ompi_communicator_t*&, Grid::Coordinate&): Assertion `WorldSize==Nprocessors' failed.
[genoahost098:1619799] *** Process received signal ***
[genoahost098:1619799] Signal: Aborted (6)
[genoahost098:1619799] Signal code:  (-6)
[genoahost098:1619799] [ 0] /lib64/libc.so.6(+0x3fc30)[0x1502c583fc30]
[genoahost098:1619799] [ 1] /lib64/libc.so.6(+0x8d02c)[0x1502c588d02c]
[genoahost098:1619799] [ 2] /lib64/libc.so.6(raise+0x16)[0x1502c583fb86]
[genoahost098:1619799] [ 3] /lib64/libc.so.6(abort+0xd3)[0x1502c5829873]
[genoahost098:1619799] [ 4] /lib64/libc.so.6(+0x2979b)[0x1502c582979b]
[genoahost098:1619799] [ 5] /lib64/libc.so.6(+0x388c6)[0x1502c58388c6]
[genoahost098:1619799] [ 6] /direct/sdcc+u/poare/Grid/build/examples/./Example_spec_kryschur[0x4cc206]
[genoahost098:1619799] [ 7] /direct/sdcc+u/poare/Grid/build/examples/./Example_spec_kryschur[0x4cc2f1]
[genoahost098:1619799] [ 8] /direct/sdcc+u/poare/Grid/build/examples/./Example_spec_kryschur[0x4c7e95]
[genoahost098:1619799] [ 9] /direct/sdcc+u/poare/Grid/build/examples/./Example_spec_kryschur[0x4b5f4f]
[genoahost098:1619799] [10] /direct/sdcc+u/poare/Grid/build/examples/./Example_spec_kryschur[0x41180d]
[genoahost098:1619799] [11] /lib64/libc.so.6(+0x2a610)[0x1502c582a610]
[genoahost098:1619799] [12] /lib64/libc.so.6(__libc_start_main+0x80)[0x1502c582a6c0]
[genoahost098:1619799] [13] /direct/sdcc+u/poare/Grid/build/examples/./Example_spec_kryschur[0x4147f5]
[genoahost098:1619799] *** End of error message ***
srun: error: genoahost104: task 120: Aborted (core dumped)
srun: error: genoahost099: task 33: Aborted (core dumped)
srun: error: genoahost097: task 4: Aborted (core dumped)
srun: error: genoahost100: task 56: Aborted (core dumped)
srun: error: genoahost100: task 53: Aborted (core dumped)
srun: error: genoahost097: task 3: Aborted (core dumped)
srun: error: genoahost097: tasks 7,10: Aborted (core dumped)
Example_spec_kryschur: ../../Grid/communicator/SharedMemoryMPI.cc:434: static void Grid::GlobalSharedMemory::OptimalCommunicatorSharedMemory(const Coordinate&, ompi_communicator_t*&, Grid::Coordinate&): Assertion `WorldSize==Nprocessors' failed.
[genoahost104:618402] *** Process received signal ***
[genoahost104:618402] Signal: Aborted (6)
[genoahost104:618402] Signal code:  (-6)
[genoahost104:618402] [ 0] /lib64/libc.so.6(+0x3fc30)[0x1482a7c3fc30]
[genoahost104:618402] [ 1] /lib64/libc.so.6(+0x8d02c)[0x1482a7c8d02c]
[genoahost104:618402] [ 2] /lib64/libc.so.6(raise+0x16)[0x1482a7c3fb86]
[genoahost104:618402] [ 3] /lib64/libc.so.6(abort+0xd3)[0x1482a7c29873]
[genoahost104:618402] [ 4] /lib64/libc.so.6(+0x2979b)[0x1482a7c2979b]
[genoahost104:618402] [ 5] /lib64/libc.so.6(+0x388c6)[0x1482a7c388c6]
[genoahost104:618402] [ 6] /direct/sdcc+u/poare/Grid/build/examples/./Example_spec_kryschur[0x4cc206]
[genoahost104:618402] [ 7] /direct/sdcc+u/poare/Grid/build/examples/./Example_spec_kryschur[0x4cc2f1]
[genoahost104:618402] [ 8] /direct/sdcc+u/poare/Grid/build/examples/./Example_spec_kryschur[0x4c7e95]
[genoahost104:618402] [ 9] /direct/sdcc+u/poare/Grid/build/examples/./Example_spec_kryschur[0x4b5f4f]
[genoahost104:618402] [10] /direct/sdcc+u/poare/Grid/build/examples/./Example_spec_kryschur[0x41180d]
[genoahost104:618402] [11] /lib64/libc.so.6(+0x2a610)[0x1482a7c2a610]
[genoahost104:618402] [12] /lib64/libc.so.6(__libc_start_main+0x80)[0x1482a7c2a6c0]
[genoahost104:618402] [13] /direct/sdcc+u/poare/Grid/build/examples/./Example_spec_kryschur[0x4147f5]
[genoahost104:618402] *** End of error message ***
srun: error: genoahost099: task 35: Aborted (core dumped)
Example_spec_kryschur: ../../Grid/communicator/SharedMemoryMPI.cc:434: static void Grid::GlobalSharedMemory::OptimalCommunicatorSharedMemory(const Coordinate&, ompi_communicator_t*&, Grid::Coordinate&): Assertion `WorldSize==Nprocessors' failed.
[genoahost104:618404] *** Process received signal ***
[genoahost104:618404] Signal: Aborted (6)
[genoahost104:618404] Signal code:  (-6)
[genoahost104:618404] [ 0] /lib64/libc.so.6(+0x3fc30)[0x14679c63fc30]
[genoahost104:618404] [ 1] /lib64/libc.so.6(+0x8d02c)[0x14679c68d02c]
[genoahost104:618404] [ 2] /lib64/libc.so.6(raise+0x16)[0x14679c63fb86]
[genoahost104:618404] [ 3] /lib64/libc.so.6(abort+0xd3)[0x14679c629873]
[genoahost104:618404] [ 4] /lib64/libc.so.6(+0x2979b)[0x14679c62979b]
[genoahost104:618404] [ 5] /lib64/libc.so.6(+0x388c6)[0x14679c6388c6]
[genoahost104:618404] [ 6] /direct/sdcc+u/poare/Grid/build/examples/./Example_spec_kryschur[0x4cc206]
[genoahost104:618404] [ 7] /direct/sdcc+u/poare/Grid/build/examples/./Example_spec_kryschur[0x4cc2f1]
[genoahost104:618404] [ 8] /direct/sdcc+u/poare/Grid/build/examples/./Example_spec_kryschur[0x4c7e95]
[genoahost104:618404] [ 9] /direct/sdcc+u/poare/Grid/build/examples/./Example_spec_kryschur[0x4b5f4f]
[genoahost104:618404] [10] /direct/sdcc+u/poare/Grid/build/examples/./Example_spec_kryschur[0x41180d]
[genoahost104:618404] [11] /lib64/libc.so.6(+0x2a610)[0x14679c62a610]
[genoahost104:618404] [12] /lib64/libc.so.6(__libc_start_main+0x80)[0x14679c62a6c0]
[genoahost104:618404] [13] /direct/sdcc+u/poare/Grid/build/examples/./Example_spec_kryschur[0x4147f5]
[genoahost104:618404] *** End of error message ***
Example_spec_kryschur: ../../Grid/communicator/SharedMemoryMPI.cc:434: static void Grid::GlobalSharedMemory::OptimalCommunicatorSharedMemory(const Coordinate&, ompi_communicator_t*&, Grid::Coordinate&): Assertion `WorldSize==Nprocessors' failed.
[genoahost101:1137565] *** Process received signal ***
[genoahost101:1137565] Signal: Aborted (6)
[genoahost101:1137565] Signal code:  (-6)
[genoahost101:1137565] [ 0] /lib64/libc.so.6(+0x3fc30)[0x1484dd83fc30]
[genoahost101:1137565] [ 1] /lib64/libc.so.6(+0x8d02c)[0x1484dd88d02c]
[genoahost101:1137565] [ 2] /lib64/libc.so.6(raise+0x16)[0x1484dd83fb86]
[genoahost101:1137565] [ 3] /lib64/libc.so.6(abort+0xd3)[0x1484dd829873]
[genoahost101:1137565] [ 4] /lib64/libc.so.6(+0x2979b)[0x1484dd82979b]
[genoahost101:1137565] [ 5] /lib64/libc.so.6(+0x388c6)[0x1484dd8388c6]
[genoahost101:1137565] [ 6] /direct/sdcc+u/poare/Grid/build/examples/./Example_spec_kryschur[0x4cc206]
[genoahost101:1137565] [ 7] /direct/sdcc+u/poare/Grid/build/examples/./Example_spec_kryschur[0x4cc2f1]
[genoahost101:1137565] [ 8] /direct/sdcc+u/poare/Grid/build/examples/./Example_spec_kryschur[0x4c7e95]
[genoahost101:1137565] [ 9] /direct/sdcc+u/poare/Grid/build/examples/./Example_spec_kryschur[0x4b5f4f]
[genoahost101:1137565] [10] /direct/sdcc+u/poare/Grid/build/examples/./Example_spec_kryschur[0x41180d]
[genoahost101:1137565] [11] /lib64/libc.so.6(+0x2a610)[0x1484dd82a610]
[genoahost101:1137565] [12] /lib64/libc.so.6(__libc_start_main+0x80)[0x1484dd82a6c0]
[genoahost101:1137565] [13] /direct/sdcc+u/poare/Grid/build/examples/./Example_spec_kryschur[0x4147f5]
[genoahost101:1137565] *** End of error message ***
Example_spec_kryschur: ../../Grid/communicator/SharedMemoryMPI.cc:434: static void Grid::GlobalSharedMemory::OptimalCommunicatorSharedMemory(const Coordinate&, ompi_communicator_t*&, Grid::Coordinate&): Assertion `WorldSize==Nprocessors' failed.
[genoahost101:1137576] *** Process received signal ***
[genoahost101:1137576] Signal: Aborted (6)
[genoahost101:1137576] Signal code:  (-6)
[genoahost101:1137576] [ 0] /lib64/libc.so.6(+0x3fc30)[0x15408703fc30]
[genoahost101:1137576] [ 1] /lib64/libc.so.6(+0x8d02c)[0x15408708d02c]
[genoahost101:1137576] [ 2] /lib64/libc.so.6(raise+0x16)[0x15408703fb86]
[genoahost101:1137576] [ 3] /lib64/libc.so.6(abort+0xd3)[0x154087029873]
[genoahost101:1137576] [ 4] /lib64/libc.so.6(+0x2979b)[0x15408702979b]
[genoahost101:1137576] [ 5] /lib64/libc.so.6(+0x388c6)[0x1540870388c6]
[genoahost101:1137576] [ 6] /direct/sdcc+u/poare/Grid/build/examples/./Example_spec_kryschur[0x4cc206]
[genoahost101:1137576] [ 7] /direct/sdcc+u/poare/Grid/build/examples/./Example_spec_kryschur[0x4cc2f1]
[genoahost101:1137576] [ 8] /direct/sdcc+u/poare/Grid/build/examples/./Example_spec_kryschur[0x4c7e95]
[genoahost101:1137576] [ 9] /direct/sdcc+u/poare/Grid/build/examples/./Example_spec_kryschur[0x4b5f4f]
[genoahost101:1137576] [10] /direct/sdcc+u/poare/Grid/build/examples/./Example_spec_kryschur[0x41180d]
[genoahost101:1137576] [11] /lib64/libc.so.6(+0x2a610)[0x15408702a610]
[genoahost101:1137576] [12] /lib64/libc.so.6(__libc_start_main+0x80)[0x15408702a6c0]
[genoahost101:1137576] [13] /direct/sdcc+u/poare/Grid/build/examples/./Example_spec_kryschur[0x4147f5]
[genoahost101:1137576] *** End of error message ***
Example_spec_kryschur: ../../Grid/communicator/SharedMemoryMPI.cc:434: static void Grid::GlobalSharedMemory::OptimalCommunicatorSharedMemory(const Coordinate&, ompi_communicator_t*&, Grid::Coordinate&): Assertion `WorldSize==Nprocessors' failed.
srun: error: genoahost098: task 20: Aborted (core dumped)
[genoahost101:1137568] *** Process received signal ***
[genoahost101:1137568] Signal: Aborted (6)
[genoahost101:1137568] Signal code:  (-6)
[genoahost101:1137568] [ 0] /lib64/libc.so.6(+0x3fc30)[0x14a2b483fc30]
[genoahost101:1137568] [ 1] /lib64/libc.so.6(+0x8d02c)[0x14a2b488d02c]
[genoahost101:1137568] [ 2] /lib64/libc.so.6(raise+0x16)[0x14a2b483fb86]
[genoahost101:1137568] [ 3] /lib64/libc.so.6(abort+0xd3)[0x14a2b4829873]
[genoahost101:1137568] [ 4] /lib64/libc.so.6(+0x2979b)[0x14a2b482979b]
[genoahost101:1137568] [ 5] /lib64/libc.so.6(+0x388c6)[0x14a2b48388c6]
[genoahost101:1137568] [ 6] /direct/sdcc+u/poare/Grid/build/examples/./Example_spec_kryschur[0x4cc206]
[genoahost101:1137568] [ 7] /direct/sdcc+u/poare/Grid/build/examples/./Example_spec_kryschur[0x4cc2f1]
[genoahost101:1137568] [ 8] /direct/sdcc+u/poare/Grid/build/examples/./Example_spec_kryschur[0x4c7e95]
[genoahost101:1137568] [ 9] /direct/sdcc+u/poare/Grid/build/examples/./Example_spec_kryschur[0x4b5f4f]
[genoahost101:1137568] [10] /direct/sdcc+u/poare/Grid/build/examples/./Example_spec_kryschur[0x41180d]
[genoahost101:1137568] [11] /lib64/libc.so.6(+0x2a610)[0x14a2b482a610]
[genoahost101:1137568] [12] /lib64/libc.so.6(__libc_start_main+0x80)[0x14a2b482a6c0]
[genoahost101:1137568] [13] /direct/sdcc+u/poare/Grid/build/examples/./Example_spec_kryschur[0x4147f5]
[genoahost101:1137568] *** End of error message ***
srun: error: genoahost104: task 113: Aborted (core dumped)
Example_spec_kryschur: ../../Grid/communicator/SharedMemoryMPI.cc:434: static void Grid::GlobalSharedMemory::OptimalCommunicatorSharedMemory(const Coordinate&, ompi_communicator_t*&, Grid::Coordinate&): Assertion `WorldSize==Nprocessors' failed.
[genoahost103:607141] *** Process received signal ***
[genoahost103:607141] Signal: Aborted (6)
[genoahost103:607141] Signal code:  (-6)
[genoahost103:607141] [ 0] /lib64/libc.so.6(+0x3fc30)[0x14fda1e3fc30]
[genoahost103:607141] [ 1] /lib64/libc.so.6(+0x8d02c)[0x14fda1e8d02c]
[genoahost103:607141] [ 2] /lib64/libc.so.6(raise+0x16)[0x14fda1e3fb86]
[genoahost103:607141] [ 3] /lib64/libc.so.6(abort+0xd3)[0x14fda1e29873]
[genoahost103:607141] [ 4] /lib64/libc.so.6(+0x2979b)[0x14fda1e2979b]
[genoahost103:607141] [ 5] /lib64/libc.so.6(+0x388c6)[0x14fda1e388c6]
[genoahost103:607141] [ 6] /direct/sdcc+u/poare/Grid/build/examples/./Example_spec_kryschur[0x4cc206]
[genoahost103:607141] [ 7] /direct/sdcc+u/poare/Grid/build/examples/./Example_spec_kryschur[0x4cc2f1]
[genoahost103:607141] [ 8] /direct/sdcc+u/poare/Grid/build/examples/./Example_spec_kryschur[0x4c7e95]
[genoahost103:607141] [ 9] /direct/sdcc+u/poare/Grid/build/examples/./Example_spec_kryschur[0x4b5f4f]
[genoahost103:607141] [10] /direct/sdcc+u/poare/Grid/build/examples/./Example_spec_kryschur[0x41180d]
[genoahost103:607141] [11] /lib64/libc.so.6(+0x2a610)[0x14fda1e2a610]
[genoahost103:607141] [12] /lib64/libc.so.6(__libc_start_main+0x80)[0x14fda1e2a6c0]
[genoahost103:607141] [13] /direct/sdcc+u/poare/Grid/build/examples/./Example_spec_kryschur[0x4147f5]
[genoahost103:607141] *** End of error message ***
Example_spec_kryschur: ../../Grid/communicator/SharedMemoryMPI.cc:434: static void Grid::GlobalSharedMemory::OptimalCommunicatorSharedMemory(const Coordinate&, ompi_communicator_t*&, Grid::Coordinate&): Assertion `WorldSize==Nprocessors' failed.
[genoahost098:1619805] *** Process received signal ***
[genoahost098:1619805] Signal: Aborted (6)
[genoahost098:1619805] Signal code:  (-6)
[genoahost098:1619805] [ 0] /lib64/libc.so.6(+0x3fc30)[0x14c199e3fc30]
[genoahost098:1619805] [ 1] /lib64/libc.so.6(+0x8d02c)[0x14c199e8d02c]
[genoahost098:1619805] [ 2] /lib64/libc.so.6(raise+0x16)[0x14c199e3fb86]
[genoahost098:1619805] [ 3] /lib64/libc.so.6(abort+0xd3)[0x14c199e29873]
[genoahost098:1619805] [ 4] /lib64/libc.so.6(+0x2979b)[0x14c199e2979b]
[genoahost098:1619805] [ 5] /lib64/libc.so.6(+0x388c6)[0x14c199e388c6]
[genoahost098:1619805] [ 6] /direct/sdcc+u/poare/Grid/build/examples/./Example_spec_kryschur[0x4cc206]
[genoahost098:1619805] [ 7] /direct/sdcc+u/poare/Grid/build/examples/./Example_spec_kryschur[0x4cc2f1]
[genoahost098:1619805] [ 8] /direct/sdcc+u/poare/Grid/build/examples/./Example_spec_kryschur[0x4c7e95]
[genoahost098:1619805] [ 9] /direct/sdcc+u/poare/Grid/build/examples/./Example_spec_kryschur[0x4b5f4f]
[genoahost098:1619805] [10] /direct/sdcc+u/poare/Grid/build/examples/./Example_spec_kryschur[0x41180d]
[genoahost098:1619805] [11] /lib64/libc.so.6(+0x2a610)[0x14c199e2a610]
[genoahost098:1619805] [12] /lib64/libc.so.6(__libc_start_main+0x80)[0x14c199e2a6c0]
[genoahost098:1619805] [13] /direct/sdcc+u/poare/Grid/build/examples/./Example_spec_kryschur[0x4147f5]
[genoahost098:1619805] *** End of error message ***
Example_spec_kryschur: ../../Grid/communicator/SharedMemoryMPI.cc:434: static void Grid::GlobalSharedMemory::OptimalCommunicatorSharedMemory(const Coordinate&, ompi_communicator_t*&, Grid::Coordinate&): Assertion `WorldSize==Nprocessors' failed.
[genoahost098:1619798] *** Process received signal ***
[genoahost098:1619798] Signal: Aborted (6)
[genoahost098:1619798] Signal code:  (-6)
[genoahost098:1619798] [ 0] /lib64/libc.so.6(+0x3fc30)[0x14c806a3fc30]
[genoahost098:1619798] [ 1] /lib64/libc.so.6(+0x8d02c)[0x14c806a8d02c]
[genoahost098:1619798] [ 2] /lib64/libc.so.6(raise+0x16)[0x14c806a3fb86]
[genoahost098:1619798] [ 3] /lib64/libc.so.6(abort+0xd3)[0x14c806a29873]
[genoahost098:1619798] [ 4] /lib64/libc.so.6(+0x2979b)[0x14c806a2979b]
[genoahost098:1619798] [ 5] /lib64/libc.so.6(+0x388c6)[0x14c806a388c6]
[genoahost098:1619798] [ 6] /direct/sdcc+u/poare/Grid/build/examples/./Example_spec_kryschur[0x4cc206]
[genoahost098:1619798] [ 7] /direct/sdcc+u/poare/Grid/build/examples/./Example_spec_kryschur[0x4cc2f1]
[genoahost098:1619798] [ 8] /direct/sdcc+u/poare/Grid/build/examples/./Example_spec_kryschur[0x4c7e95]
[genoahost098:1619798] [ 9] /direct/sdcc+u/poare/Grid/build/examples/./Example_spec_kryschur[0x4b5f4f]
[genoahost098:1619798] [10] /direct/sdcc+u/poare/Grid/build/examples/./Example_spec_kryschur[0x41180d]
[genoahost098:1619798] [11] /lib64/libc.so.6(+0x2a610)[0x14c806a2a610]
[genoahost098:1619798] [12] /lib64/libc.so.6(__libc_start_main+0x80)[0x14c806a2a6c0]
[genoahost098:1619798] [13] /direct/sdcc+u/poare/Grid/build/examples/./Example_spec_kryschur[0x4147f5]
[genoahost098:1619798] *** End of error message ***
Example_spec_kryschur: ../../Grid/communicator/SharedMemoryMPI.cc:434: static void Grid::GlobalSharedMemory::OptimalCommunicatorSharedMemory(const Coordinate&, ompi_communicator_t*&, Grid::Coordinate&): Assertion `WorldSize==Nprocessors' failed.
[genoahost101:1137578] *** Process received signal ***
[genoahost101:1137578] Signal: Aborted (6)
[genoahost101:1137578] Signal code:  (-6)
[genoahost101:1137578] [ 0] /lib64/libc.so.6(+0x3fc30)[0x1458b303fc30]
[genoahost101:1137578] [ 1] /lib64/libc.so.6(+0x8d02c)[0x1458b308d02c]
[genoahost101:1137578] [ 2] /lib64/libc.so.6(raise+0x16)[0x1458b303fb86]
[genoahost101:1137578] [ 3] /lib64/libc.so.6(abort+0xd3)[0x1458b3029873]
[genoahost101:1137578] [ 4] /lib64/libc.so.6(+0x2979b)[0x1458b302979b]
[genoahost101:1137578] [ 5] /lib64/libc.so.6(+0x388c6)[0x1458b30388c6]
[genoahost101:1137578] [ 6] /direct/sdcc+u/poare/Grid/build/examples/./Example_spec_kryschur[0x4cc206]
[genoahost101:1137578] [ 7] /direct/sdcc+u/poare/Grid/build/examples/./Example_spec_kryschur[0x4cc2f1]
[genoahost101:1137578] [ 8] /direct/sdcc+u/poare/Grid/build/examples/./Example_spec_kryschur[0x4c7e95]
[genoahost101:1137578] [ 9] /direct/sdcc+u/poare/Grid/build/examples/./Example_spec_kryschur[0x4b5f4f]
[genoahost101:1137578] [10] /direct/sdcc+u/poare/Grid/build/examples/./Example_spec_kryschur[0x41180d]
[genoahost101:1137578] [11] /lib64/libc.so.6(+0x2a610)[0x1458b302a610]
[genoahost101:1137578] [12] /lib64/libc.so.6(__libc_start_main+0x80)[0x1458b302a6c0]
[genoahost101:1137578] [13] /direct/sdcc+u/poare/Grid/build/examples/./Example_spec_kryschur[0x4147f5]
[genoahost101:1137578] *** End of error message ***
Example_spec_kryschur: ../../Grid/communicator/SharedMemoryMPI.cc:434: static void Grid::GlobalSharedMemory::OptimalCommunicatorSharedMemory(const Coordinate&, ompi_communicator_t*&, Grid::Coordinate&): Assertion `WorldSize==Nprocessors' failed.
[genoahost103:607151] *** Process received signal ***
[genoahost103:607151] Signal: Aborted (6)
[genoahost103:607151] Signal code:  (-6)
[genoahost103:607151] [ 0] /lib64/libc.so.6(+0x3fc30)[0x14997303fc30]
[genoahost103:607151] [ 1] /lib64/libc.so.6(+0x8d02c)[0x14997308d02c]
[genoahost103:607151] [ 2] /lib64/libc.so.6(raise+0x16)[0x14997303fb86]
[genoahost103:607151] [ 3] /lib64/libc.so.6(abort+0xd3)[0x149973029873]
[genoahost103:607151] [ 4] /lib64/libc.so.6(+0x2979b)[0x14997302979b]
[genoahost103:607151] [ 5] /lib64/libc.so.6(+0x388c6)[0x1499730388c6]
[genoahost103:607151] [ 6] /direct/sdcc+u/poare/Grid/build/examples/./Example_spec_kryschur[0x4cc206]
[genoahost103:607151] [ 7] /direct/sdcc+u/poare/Grid/build/examples/./Example_spec_kryschur[0x4cc2f1]
[genoahost103:607151] [ 8] /direct/sdcc+u/poare/Grid/build/examples/./Example_spec_kryschur[0x4c7e95]
[genoahost103:607151] [ 9] /direct/sdcc+u/poare/Grid/build/examples/./Example_spec_kryschur[0x4b5f4f]
[genoahost103:607151] [10] /direct/sdcc+u/poare/Grid/build/examples/./Example_spec_kryschur[0x41180d]
[genoahost103:607151] [11] /lib64/libc.so.6(+0x2a610)[0x14997302a610]
[genoahost103:607151] [12] /lib64/libc.so.6(__libc_start_main+0x80)[0x14997302a6c0]
[genoahost103:607151] [13] /direct/sdcc+u/poare/Grid/build/examples/./Example_spec_kryschur[0x4147f5]
[genoahost103:607151] *** End of error message ***
Example_spec_kryschur: ../../Grid/communicator/SharedMemoryMPI.cc:434: static void Grid::GlobalSharedMemory::OptimalCommunicatorSharedMemory(const Coordinate&, ompi_communicator_t*&, Grid::Coordinate&): Assertion `WorldSize==Nprocessors' failed.
[genoahost103:607139] *** Process received signal ***
[genoahost103:607139] Signal: Aborted (6)
[genoahost103:607139] Signal code:  (-6)
[genoahost103:607139] [ 0] /lib64/libc.so.6(+0x3fc30)[0x14711523fc30]
[genoahost103:607139] [ 1] /lib64/libc.so.6(+0x8d02c)[0x14711528d02c]
[genoahost103:607139] [ 2] /lib64/libc.so.6(raise+0x16)[0x14711523fb86]
[genoahost103:607139] [ 3] /lib64/libc.so.6(abort+0xd3)[0x147115229873]
[genoahost103:607139] [ 4] /lib64/libc.so.6(+0x2979b)[0x14711522979b]
[genoahost103:607139] [ 5] /lib64/libc.so.6(+0x388c6)[0x1471152388c6]
[genoahost103:607139] [ 6] /direct/sdcc+u/poare/Grid/build/examples/./Example_spec_kryschur[0x4cc206]
[genoahost103:607139] [ 7] /direct/sdcc+u/poare/Grid/build/examples/./Example_spec_kryschur[0x4cc2f1]
[genoahost103:607139] [ 8] /direct/sdcc+u/poare/Grid/build/examples/./Example_spec_kryschur[0x4c7e95]
[genoahost103:607139] [ 9] /direct/sdcc+u/poare/Grid/build/examples/./Example_spec_kryschur[0x4b5f4f]
[genoahost103:607139] [10] /direct/sdcc+u/poare/Grid/build/examples/./Example_spec_kryschur[0x41180d]
[genoahost103:607139] [11] /lib64/libc.so.6(+0x2a610)[0x14711522a610]
[genoahost103:607139] [12] /lib64/libc.so.6(__libc_start_main+0x80)[0x14711522a6c0]
[genoahost103:607139] [13] /direct/sdcc+u/poare/Grid/build/examples/./Example_spec_kryschur[0x4147f5]
[genoahost103:607139] *** End of error message ***
Example_spec_kryschur: ../../Grid/communicator/SharedMemoryMPI.cc:434: static void Grid::GlobalSharedMemory::OptimalCommunicatorSharedMemory(const Coordinate&, ompi_communicator_t*&, Grid::Coordinate&): Assertion `WorldSize==Nprocessors' failed.
[genoahost103:607148] *** Process received signal ***
[genoahost103:607148] Signal: Aborted (6)
[genoahost103:607148] Signal code:  (-6)
[genoahost103:607148] [ 0] /lib64/libc.so.6(+0x3fc30)[0x1479dc03fc30]
[genoahost103:607148] [ 1] /lib64/libc.so.6(+0x8d02c)[0x1479dc08d02c]
[genoahost103:607148] [ 2] /lib64/libc.so.6(raise+0x16)[0x1479dc03fb86]
[genoahost103:607148] [ 3] /lib64/libc.so.6(abort+0xd3)[0x1479dc029873]
[genoahost103:607148] [ 4] /lib64/libc.so.6(+0x2979b)[0x1479dc02979b]
[genoahost103:607148] [ 5] /lib64/libc.so.6(+0x388c6)[0x1479dc0388c6]
[genoahost103:607148] [ 6] /direct/sdcc+u/poare/Grid/build/examples/./Example_spec_kryschur[0x4cc206]
[genoahost103:607148] [ 7] /direct/sdcc+u/poare/Grid/build/examples/./Example_spec_kryschur[0x4cc2f1]
[genoahost103:607148] [ 8] /direct/sdcc+u/poare/Grid/build/examples/./Example_spec_kryschur[0x4c7e95]
[genoahost103:607148] [ 9] /direct/sdcc+u/poare/Grid/build/examples/./Example_spec_kryschur[0x4b5f4f]
[genoahost103:607148] [10] /direct/sdcc+u/poare/Grid/build/examples/./Example_spec_kryschur[0x41180d]
[genoahost103:607148] [11] /lib64/libc.so.6(+0x2a610)[0x1479dc02a610]
[genoahost103:607148] [12] /lib64/libc.so.6(__libc_start_main+0x80)[0x1479dc02a6c0]
[genoahost103:607148] [13] /direct/sdcc+u/poare/Grid/build/examples/./Example_spec_kryschur[0x4147f5]
[genoahost103:607148] *** End of error message ***
Example_spec_kryschur: ../../Grid/communicator/SharedMemoryMPI.cc:434: static void Grid::GlobalSharedMemory::OptimalCommunicatorSharedMemory(const Coordinate&, ompi_communicator_t*&, Grid::Coordinate&): Assertion `WorldSize==Nprocessors' failed.
[genoahost098:1619807] *** Process received signal ***
[genoahost098:1619807] Signal: Aborted (6)
[genoahost098:1619807] Signal code:  (-6)
[genoahost098:1619807] [ 0] /lib64/libc.so.6(+0x3fc30)[0x14ec2363fc30]
[genoahost098:1619807] [ 1] /lib64/libc.so.6(+0x8d02c)[0x14ec2368d02c]
[genoahost098:1619807] [ 2] /lib64/libc.so.6(raise+0x16)[0x14ec2363fb86]
[genoahost098:1619807] [ 3] /lib64/libc.so.6(abort+0xd3)[0x14ec23629873]
[genoahost098:1619807] [ 4] /lib64/libc.so.6(+0x2979b)[0x14ec2362979b]
[genoahost098:1619807] [ 5] /lib64/libc.so.6(+0x388c6)[0x14ec236388c6]
[genoahost098:1619807] [ 6] /direct/sdcc+u/poare/Grid/build/examples/./Example_spec_kryschur[0x4cc206]
[genoahost098:1619807] [ 7] /direct/sdcc+u/poare/Grid/build/examples/./Example_spec_kryschur[0x4cc2f1]
[genoahost098:1619807] [ 8] /direct/sdcc+u/poare/Grid/build/examples/./Example_spec_kryschur[0x4c7e95]
[genoahost098:1619807] [ 9] /direct/sdcc+u/poare/Grid/build/examples/./Example_spec_kryschur[0x4b5f4f]
[genoahost098:1619807] [10] /direct/sdcc+u/poare/Grid/build/examples/./Example_spec_kryschur[0x41180d]
[genoahost098:1619807] [11] /lib64/libc.so.6(+0x2a610)[0x14ec2362a610]
[genoahost098:1619807] [12] /lib64/libc.so.6(__libc_start_main+0x80)[0x14ec2362a6c0]
[genoahost098:1619807] [13] /direct/sdcc+u/poare/Grid/build/examples/./Example_spec_kryschur[0x4147f5]
[genoahost098:1619807] *** End of error message ***
Example_spec_kryschur: ../../Grid/communicator/SharedMemoryMPI.cc:434: static void Grid::GlobalSharedMemory::OptimalCommunicatorSharedMemory(const Coordinate&, ompi_communicator_t*&, Grid::Coordinate&): Assertion `WorldSize==Nprocessors' failed.
[genoahost098:1619809] *** Process received signal ***
[genoahost098:1619809] Signal: Aborted (6)
[genoahost098:1619809] Signal code:  (-6)
[genoahost098:1619809] [ 0] /lib64/libc.so.6(+0x3fc30)[0x14c66c63fc30]
[genoahost098:1619809] [ 1] /lib64/libc.so.6(+0x8d02c)[0x14c66c68d02c]
[genoahost098:1619809] [ 2] /lib64/libc.so.6(raise+0x16)[0x14c66c63fb86]
[genoahost098:1619809] [ 3] /lib64/libc.so.6(abort+0xd3)[0x14c66c629873]
[genoahost098:1619809] [ 4] /lib64/libc.so.6(+0x2979b)[0x14c66c62979b]
[genoahost098:1619809] [ 5] /lib64/libc.so.6(+0x388c6)[0x14c66c6388c6]
[genoahost098:1619809] [ 6] /direct/sdcc+u/poare/Grid/build/examples/./Example_spec_kryschur[0x4cc206]
[genoahost098:1619809] [ 7] /direct/sdcc+u/poare/Grid/build/examples/./Example_spec_kryschur[0x4cc2f1]
[genoahost098:1619809] [ 8] /direct/sdcc+u/poare/Grid/build/examples/./Example_spec_kryschur[0x4c7e95]
[genoahost098:1619809] [ 9] /direct/sdcc+u/poare/Grid/build/examples/./Example_spec_kryschur[0x4b5f4f]
[genoahost098:1619809] [10] /direct/sdcc+u/poare/Grid/build/examples/./Example_spec_kryschur[0x41180d]
[genoahost098:1619809] [11] /lib64/libc.so.6(+0x2a610)[0x14c66c62a610]
[genoahost098:1619809] [12] /lib64/libc.so.6(__libc_start_main+0x80)[0x14c66c62a6c0]
[genoahost098:1619809] [13] /direct/sdcc+u/poare/Grid/build/examples/./Example_spec_kryschur[0x4147f5]
[genoahost098:1619809] *** End of error message ***
Example_spec_kryschur: ../../Grid/communicator/SharedMemoryMPI.cc:434: static void Grid::GlobalSharedMemory::OptimalCommunicatorSharedMemory(const Coordinate&, ompi_communicator_t*&, Grid::Coordinate&): Assertion `WorldSize==Nprocessors' failed.
[genoahost100:638342] *** Process received signal ***
[genoahost100:638342] Signal: Aborted (6)
[genoahost100:638342] Signal code:  (-6)
[genoahost100:638342] [ 0] /lib64/libc.so.6(+0x3fc30)[0x14b9c8c3fc30]
[genoahost100:638342] [ 1] /lib64/libc.so.6(+0x8d02c)[0x14b9c8c8d02c]
[genoahost100:638342] [ 2] /lib64/libc.so.6(raise+0x16)[0x14b9c8c3fb86]
[genoahost100:638342] [ 3] /lib64/libc.so.6(abort+0xd3)[0x14b9c8c29873]
[genoahost100:638342] [ 4] /lib64/libc.so.6(+0x2979b)[0x14b9c8c2979b]
[genoahost100:638342] [ 5] /lib64/libc.so.6(+0x388c6)[0x14b9c8c388c6]
[genoahost100:638342] [ 6] /direct/sdcc+u/poare/Grid/build/examples/./Example_spec_kryschur[0x4cc206]
[genoahost100:638342] [ 7] /direct/sdcc+u/poare/Grid/build/examples/./Example_spec_kryschur[0x4cc2f1]
[genoahost100:638342] [ 8] /direct/sdcc+u/poare/Grid/build/examples/./Example_spec_kryschur[0x4c7e95]
[genoahost100:638342] [ 9] /direct/sdcc+u/poare/Grid/build/examples/./Example_spec_kryschur[0x4b5f4f]
[genoahost100:638342] [10] /direct/sdcc+u/poare/Grid/build/examples/./Example_spec_kryschur[0x41180d]
[genoahost100:638342] [11] /lib64/libc.so.6(+0x2a610)[0x14b9c8c2a610]
[genoahost100:638342] [12] /lib64/libc.so.6(__libc_start_main+0x80)[0x14b9c8c2a6c0]
[genoahost100:638342] [13] /direct/sdcc+u/poare/Grid/build/examples/./Example_spec_kryschur[0x4147f5]
[genoahost100:638342] *** End of error message ***
Example_spec_kryschur: ../../Grid/communicator/SharedMemoryMPI.cc:434: static void Grid::GlobalSharedMemory::OptimalCommunicatorSharedMemory(const Coordinate&, ompi_communicator_t*&, Grid::Coordinate&): Assertion `WorldSize==Nprocessors' failed.
[genoahost102:617676] *** Process received signal ***
[genoahost102:617676] Signal: Aborted (6)
[genoahost102:617676] Signal code:  (-6)
[genoahost102:617676] [ 0] /lib64/libc.so.6(+0x3fc30)[0x14574803fc30]
[genoahost102:617676] [ 1] /lib64/libc.so.6(+0x8d02c)[0x14574808d02c]
[genoahost102:617676] [ 2] /lib64/libc.so.6(raise+0x16)[0x14574803fb86]
[genoahost102:617676] [ 3] /lib64/libc.so.6(abort+0xd3)[0x145748029873]
[genoahost102:617676] [ 4] /lib64/libc.so.6(+0x2979b)[0x14574802979b]
[genoahost102:617676] [ 5] /lib64/libc.so.6(+0x388c6)[0x1457480388c6]
[genoahost102:617676] [ 6] /direct/sdcc+u/poare/Grid/build/examples/./Example_spec_kryschur[0x4cc206]
[genoahost102:617676] [ 7] /direct/sdcc+u/poare/Grid/build/examples/./Example_spec_kryschur[0x4cc2f1]
[genoahost102:617676] [ 8] /direct/sdcc+u/poare/Grid/build/examples/./Example_spec_kryschur[0x4c7e95]
[genoahost102:617676] [ 9] /direct/sdcc+u/poare/Grid/build/examples/./Example_spec_kryschur[0x4b5f4f]
[genoahost102:617676] [10] /direct/sdcc+u/poare/Grid/build/examples/./Example_spec_kryschur[0x41180d]
[genoahost102:617676] [11] /lib64/libc.so.6(+0x2a610)[0x14574802a610]
[genoahost102:617676] [12] /lib64/libc.so.6(__libc_start_main+0x80)[0x14574802a6c0]
[genoahost102:617676] [13] /direct/sdcc+u/poare/Grid/build/examples/./Example_spec_kryschur[0x4147f5]
[genoahost102:617676] *** End of error message ***
Example_spec_kryschur: ../../Grid/communicator/SharedMemoryMPI.cc:434: static void Grid::GlobalSharedMemory::OptimalCommunicatorSharedMemory(const Coordinate&, ompi_communicator_t*&, Grid::Coordinate&): Assertion `WorldSize==Nprocessors' failed.
[genoahost097:1720345] *** Process received signal ***
[genoahost097:1720345] Signal: Aborted (6)
[genoahost097:1720345] Signal code:  (-6)
[genoahost097:1720345] [ 0] /lib64/libc.so.6(+0x3fc30)[0x1473df23fc30]
[genoahost097:1720345] [ 1] /lib64/libc.so.6(+0x8d02c)[0x1473df28d02c]
[genoahost097:1720345] [ 2] /lib64/libc.so.6(raise+0x16)[0x1473df23fb86]
[genoahost097:1720345] [ 3] /lib64/libc.so.6(abort+0xd3)[0x1473df229873]
[genoahost097:1720345] [ 4] /lib64/libc.so.6(+0x2979b)[0x1473df22979b]
[genoahost097:1720345] [ 5] /lib64/libc.so.6(+0x388c6)[0x1473df2388c6]
[genoahost097:1720345] [ 6] /direct/sdcc+u/poare/Grid/build/examples/./Example_spec_kryschur[0x4cc206]
[genoahost097:1720345] [ 7] /direct/sdcc+u/poare/Grid/build/examples/./Example_spec_kryschur[0x4cc2f1]
[genoahost097:1720345] [ 8] /direct/sdcc+u/poare/Grid/build/examples/./Example_spec_kryschur[0x4c7e95]
[genoahost097:1720345] [ 9] /direct/sdcc+u/poare/Grid/build/examples/./Example_spec_kryschur[0x4b5f4f]
[genoahost097:1720345] [10] /direct/sdcc+u/poare/Grid/build/examples/./Example_spec_kryschur[0x41180d]
[genoahost097:1720345] [11] /lib64/libc.so.6(+0x2a610)[0x1473df22a610]
[genoahost097:1720345] [12] /lib64/libc.so.6(__libc_start_main+0x80)[0x1473df22a6c0]
[genoahost097:1720345] [13] /direct/sdcc+u/poare/Grid/build/examples/./Example_spec_kryschur[0x4147f5]
[genoahost097:1720345] *** End of error message ***
Example_spec_kryschur: ../../Grid/communicator/SharedMemoryMPI.cc:434: static void Grid::GlobalSharedMemory::OptimalCommunicatorSharedMemory(const Coordinate&, ompi_communicator_t*&, Grid::Coordinate&): Assertion `WorldSize==Nprocessors' failed.
[genoahost100:638349] *** Process received signal ***
[genoahost100:638349] Signal: Aborted (6)
[genoahost100:638349] Signal code:  (-6)
[genoahost100:638349] [ 0] /lib64/libc.so.6(+0x3fc30)[0x14dbb743fc30]
[genoahost100:638349] [ 1] /lib64/libc.so.6(+0x8d02c)[0x14dbb748d02c]
[genoahost100:638349] [ 2] /lib64/libc.so.6(raise+0x16)[0x14dbb743fb86]
[genoahost100:638349] [ 3] /lib64/libc.so.6(abort+0xd3)[0x14dbb7429873]
[genoahost100:638349] [ 4] /lib64/libc.so.6(+0x2979b)[0x14dbb742979b]
[genoahost100:638349] [ 5] /lib64/libc.so.6(+0x388c6)[0x14dbb74388c6]
[genoahost100:638349] [ 6] /direct/sdcc+u/poare/Grid/build/examples/./Example_spec_kryschur[0x4cc206]
[genoahost100:638349] [ 7] /direct/sdcc+u/poare/Grid/build/examples/./Example_spec_kryschur[0x4cc2f1]
[genoahost100:638349] [ 8] /direct/sdcc+u/poare/Grid/build/examples/./Example_spec_kryschur[0x4c7e95]
[genoahost100:638349] [ 9] /direct/sdcc+u/poare/Grid/build/examples/./Example_spec_kryschur[0x4b5f4f]
[genoahost100:638349] [10] /direct/sdcc+u/poare/Grid/build/examples/./Example_spec_kryschur[0x41180d]
[genoahost100:638349] [11] /lib64/libc.so.6(+0x2a610)[0x14dbb742a610]
[genoahost100:638349] [12] /lib64/libc.so.6(__libc_start_main+0x80)[0x14dbb742a6c0]
[genoahost100:638349] [13] /direct/sdcc+u/poare/Grid/build/examples/./Example_spec_kryschur[0x4147f5]
[genoahost100:638349] *** End of error message ***
Example_spec_kryschur: ../../Grid/communicator/SharedMemoryMPI.cc:434: static void Grid::GlobalSharedMemory::OptimalCommunicatorSharedMemory(const Coordinate&, ompi_communicator_t*&, Grid::Coordinate&): Assertion `WorldSize==Nprocessors' failed.
[genoahost102:617666] *** Process received signal ***
[genoahost102:617666] Signal: Aborted (6)
[genoahost102:617666] Signal code:  (-6)
[genoahost102:617666] [ 0] /lib64/libc.so.6(+0x3fc30)[0x146fef03fc30]
[genoahost102:617666] [ 1] /lib64/libc.so.6(+0x8d02c)[0x146fef08d02c]
[genoahost102:617666] [ 2] /lib64/libc.so.6(raise+0x16)[0x146fef03fb86]
[genoahost102:617666] [ 3] /lib64/libc.so.6(abort+0xd3)[0x146fef029873]
[genoahost102:617666] [ 4] /lib64/libc.so.6(+0x2979b)[0x146fef02979b]
[genoahost102:617666] [ 5] /lib64/libc.so.6(+0x388c6)[0x146fef0388c6]
[genoahost102:617666] [ 6] /direct/sdcc+u/poare/Grid/build/examples/./Example_spec_kryschur[0x4cc206]
[genoahost102:617666] [ 7] /direct/sdcc+u/poare/Grid/build/examples/./Example_spec_kryschur[0x4cc2f1]
[genoahost102:617666] [ 8] /direct/sdcc+u/poare/Grid/build/examples/./Example_spec_kryschur[0x4c7e95]
[genoahost102:617666] [ 9] /direct/sdcc+u/poare/Grid/build/examples/./Example_spec_kryschur[0x4b5f4f]
[genoahost102:617666] [10] /direct/sdcc+u/poare/Grid/build/examples/./Example_spec_kryschur[0x41180d]
[genoahost102:617666] [11] /lib64/libc.so.6(+0x2a610)[0x146fef02a610]
[genoahost102:617666] [12] /lib64/libc.so.6(__libc_start_main+0x80)[0x146fef02a6c0]
[genoahost102:617666] [13] /direct/sdcc+u/poare/Grid/build/examples/./Example_spec_kryschur[0x4147f5]
[genoahost102:617666] *** End of error message ***
Example_spec_kryschur: ../../Grid/communicator/SharedMemoryMPI.cc:434: static void Grid::GlobalSharedMemory::OptimalCommunicatorSharedMemory(const Coordinate&, ompi_communicator_t*&, Grid::Coordinate&): Assertion `WorldSize==Nprocessors' failed.
[genoahost097:1720339] *** Process received signal ***
[genoahost097:1720339] Signal: Aborted (6)
[genoahost097:1720339] Signal code:  (-6)
[genoahost097:1720339] [ 0] /lib64/libc.so.6(+0x3fc30)[0x14b81323fc30]
[genoahost097:1720339] [ 1] /lib64/libc.so.6(+0x8d02c)[0x14b81328d02c]
[genoahost097:1720339] [ 2] /lib64/libc.so.6(raise+0x16)[0x14b81323fb86]
[genoahost097:1720339] [ 3] /lib64/libc.so.6(abort+0xd3)[0x14b813229873]
[genoahost097:1720339] [ 4] /lib64/libc.so.6(+0x2979b)[0x14b81322979b]
[genoahost097:1720339] [ 5] /lib64/libc.so.6(+0x388c6)[0x14b8132388c6]
[genoahost097:1720339] [ 6] /direct/sdcc+u/poare/Grid/build/examples/./Example_spec_kryschur[0x4cc206]
[genoahost097:1720339] [ 7] /direct/sdcc+u/poare/Grid/build/examples/./Example_spec_kryschur[0x4cc2f1]
[genoahost097:1720339] [ 8] /direct/sdcc+u/poare/Grid/build/examples/./Example_spec_kryschur[0x4c7e95]
[genoahost097:1720339] [ 9] /direct/sdcc+u/poare/Grid/build/examples/./Example_spec_kryschur[0x4b5f4f]
[genoahost097:1720339] [10] /direct/sdcc+u/poare/Grid/build/examples/./Example_spec_kryschur[0x41180d]
[genoahost097:1720339] [11] /lib64/libc.so.6(+0x2a610)[0x14b81322a610]
[genoahost097:1720339] [12] /lib64/libc.so.6(__libc_start_main+0x80)[0x14b81322a6c0]
[genoahost097:1720339] [13] /direct/sdcc+u/poare/Grid/build/examples/./Example_spec_kryschur[0x4147f5]
[genoahost097:1720339] *** End of error message ***
Example_spec_kryschur: ../../Grid/communicator/SharedMemoryMPI.cc:434: static void Grid::GlobalSharedMemory::OptimalCommunicatorSharedMemory(const Coordinate&, ompi_communicator_t*&, Grid::Coordinate&): Assertion `WorldSize==Nprocessors' failed.
[genoahost102:617664] *** Process received signal ***
[genoahost102:617664] Signal: Aborted (6)
[genoahost102:617664] Signal code:  (-6)
[genoahost102:617664] [ 0] /lib64/libc.so.6(+0x3fc30)[0x146c86e3fc30]
[genoahost102:617664] [ 1] /lib64/libc.so.6(+0x8d02c)[0x146c86e8d02c]
[genoahost102:617664] [ 2] /lib64/libc.so.6(raise+0x16)[0x146c86e3fb86]
[genoahost102:617664] [ 3] /lib64/libc.so.6(abort+0xd3)[0x146c86e29873]
[genoahost102:617664] [ 4] /lib64/libc.so.6(+0x2979b)[0x146c86e2979b]
[genoahost102:617664] [ 5] /lib64/libc.so.6(+0x388c6)[0x146c86e388c6]
[genoahost102:617664] [ 6] /direct/sdcc+u/poare/Grid/build/examples/./Example_spec_kryschur[0x4cc206]
[genoahost102:617664] [ 7] /direct/sdcc+u/poare/Grid/build/examples/./Example_spec_kryschur[0x4cc2f1]
[genoahost102:617664] [ 8] /direct/sdcc+u/poare/Grid/build/examples/./Example_spec_kryschur[0x4c7e95]
[genoahost102:617664] [ 9] /direct/sdcc+u/poare/Grid/build/examples/./Example_spec_kryschur[0x4b5f4f]
[genoahost102:617664] [10] /direct/sdcc+u/poare/Grid/build/examples/./Example_spec_kryschur[0x41180d]
[genoahost102:617664] [11] /lib64/libc.so.6(+0x2a610)[0x146c86e2a610]
[genoahost102:617664] [12] /lib64/libc.so.6(__libc_start_main+0x80)[0x146c86e2a6c0]
[genoahost102:617664] [13] /direct/sdcc+u/poare/Grid/build/examples/./Example_spec_kryschur[0x4147f5]
[genoahost102:617664] *** End of error message ***
Example_spec_kryschur: ../../Grid/communicator/SharedMemoryMPI.cc:434: static void Grid::GlobalSharedMemory::OptimalCommunicatorSharedMemory(const Coordinate&, ompi_communicator_t*&, Grid::Coordinate&): Assertion `WorldSize==Nprocessors' failed.
[genoahost102:617668] *** Process received signal ***
[genoahost102:617668] Signal: Aborted (6)
[genoahost102:617668] Signal code:  (-6)
[genoahost102:617668] [ 0] /lib64/libc.so.6(+0x3fc30)[0x14cf4763fc30]
[genoahost102:617668] [ 1] /lib64/libc.so.6(+0x8d02c)[0x14cf4768d02c]
[genoahost102:617668] [ 2] /lib64/libc.so.6(raise+0x16)[0x14cf4763fb86]
[genoahost102:617668] [ 3] /lib64/libc.so.6(abort+0xd3)[0x14cf47629873]
[genoahost102:617668] [ 4] /lib64/libc.so.6(+0x2979b)[0x14cf4762979b]
[genoahost102:617668] [ 5] /lib64/libc.so.6(+0x388c6)[0x14cf476388c6]
[genoahost102:617668] [ 6] /direct/sdcc+u/poare/Grid/build/examples/./Example_spec_kryschur[0x4cc206]
[genoahost102:617668] [ 7] /direct/sdcc+u/poare/Grid/build/examples/./Example_spec_kryschur[0x4cc2f1]
[genoahost102:617668] [ 8] /direct/sdcc+u/poare/Grid/build/examples/./Example_spec_kryschur[0x4c7e95]
[genoahost102:617668] [ 9] /direct/sdcc+u/poare/Grid/build/examples/./Example_spec_kryschur[0x4b5f4f]
[genoahost102:617668] [10] /direct/sdcc+u/poare/Grid/build/examples/./Example_spec_kryschur[0x41180d]
[genoahost102:617668] [11] /lib64/libc.so.6(+0x2a610)[0x14cf4762a610]
[genoahost102:617668] [12] /lib64/libc.so.6(__libc_start_main+0x80)[0x14cf4762a6c0]
[genoahost102:617668] [13] /direct/sdcc+u/poare/Grid/build/examples/./Example_spec_kryschur[0x4147f5]
[genoahost102:617668] *** End of error message ***
srun: error: genoahost098: task 24: Aborted (core dumped)
Example_spec_kryschur: ../../Grid/communicator/SharedMemoryMPI.cc:434: static void Grid::GlobalSharedMemory::OptimalCommunicatorSharedMemory(const Coordinate&, ompi_communicator_t*&, Grid::Coordinate&): Assertion `WorldSize==Nprocessors' failed.
[genoahost102:617672] *** Process received signal ***
[genoahost102:617672] Signal: Aborted (6)
[genoahost102:617672] Signal code:  (-6)
[genoahost102:617672] [ 0] /lib64/libc.so.6(+0x3fc30)[0x15198483fc30]
[genoahost102:617672] [ 1] /lib64/libc.so.6(+0x8d02c)[0x15198488d02c]
[genoahost102:617672] [ 2] /lib64/libc.so.6(raise+0x16)[0x15198483fb86]
[genoahost102:617672] [ 3] /lib64/libc.so.6(abort+0xd3)[0x151984829873]
[genoahost102:617672] [ 4] /lib64/libc.so.6(+0x2979b)[0x15198482979b]
[genoahost102:617672] [ 5] /lib64/libc.so.6(+0x388c6)[0x1519848388c6]
[genoahost102:617672] [ 6] /direct/sdcc+u/poare/Grid/build/examples/./Example_spec_kryschur[0x4cc206]
[genoahost102:617672] [ 7] /direct/sdcc+u/poare/Grid/build/examples/./Example_spec_kryschur[0x4cc2f1]
[genoahost102:617672] [ 8] /direct/sdcc+u/poare/Grid/build/examples/./Example_spec_kryschur[0x4c7e95]
[genoahost102:617672] [ 9] /direct/sdcc+u/poare/Grid/build/examples/./Example_spec_kryschur[0x4b5f4f]
[genoahost102:617672] [10] /direct/sdcc+u/poare/Grid/build/examples/./Example_spec_kryschur[0x41180d]
[genoahost102:617672] [11] /lib64/libc.so.6(+0x2a610)[0x15198482a610]
[genoahost102:617672] [12] /lib64/libc.so.6(__libc_start_main+0x80)[0x15198482a6c0]
[genoahost102:617672] [13] /direct/sdcc+u/poare/Grid/build/examples/./Example_spec_kryschur[0x4147f5]
[genoahost102:617672] *** End of error message ***
Example_spec_kryschur: ../../Grid/communicator/SharedMemoryMPI.cc:434: static void Grid::GlobalSharedMemory::OptimalCommunicatorSharedMemory(const Coordinate&, ompi_communicator_t*&, Grid::Coordinate&): Assertion `WorldSize==Nprocessors' failed.
[genoahost099:1599061] *** Process received signal ***
[genoahost099:1599061] Signal: Aborted (6)
[genoahost099:1599061] Signal code:  (-6)
[genoahost099:1599061] [ 0] /lib64/libc.so.6(+0x3fc30)[0x14da37c3fc30]
[genoahost099:1599061] [ 1] /lib64/libc.so.6(+0x8d02c)[0x14da37c8d02c]
[genoahost099:1599061] [ 2] /lib64/libc.so.6(raise+0x16)[0x14da37c3fb86]
[genoahost099:1599061] [ 3] /lib64/libc.so.6(abort+0xd3)[0x14da37c29873]
[genoahost099:1599061] [ 4] /lib64/libc.so.6(+0x2979b)[0x14da37c2979b]
[genoahost099:1599061] [ 5] /lib64/libc.so.6(+0x388c6)[0x14da37c388c6]
[genoahost099:1599061] [ 6] /direct/sdcc+u/poare/Grid/build/examples/./Example_spec_kryschur[0x4cc206]
[genoahost099:1599061] [ 7] /direct/sdcc+u/poare/Grid/build/examples/./Example_spec_kryschur[0x4cc2f1]
[genoahost099:1599061] [ 8] /direct/sdcc+u/poare/Grid/build/examples/./Example_spec_kryschur[0x4c7e95]
[genoahost099:1599061] [ 9] /direct/sdcc+u/poare/Grid/build/examples/./Example_spec_kryschur[0x4b5f4f]
[genoahost099:1599061] [10] /direct/sdcc+u/poare/Grid/build/examples/./Example_spec_kryschur[0x41180d]
[genoahost099:1599061] [11] /lib64/libc.so.6(+0x2a610)[0x14da37c2a610]
[genoahost099:1599061] [12] /lib64/libc.so.6(__libc_start_main+0x80)[0x14da37c2a6c0]
[genoahost099:1599061] [13] /direct/sdcc+u/poare/Grid/build/examples/./Example_spec_kryschur[0x4147f5]
[genoahost099:1599061] *** End of error message ***
Example_spec_kryschur: ../../Grid/communicator/SharedMemoryMPI.cc:434: static void Grid::GlobalSharedMemory::OptimalCommunicatorSharedMemory(const Coordinate&, ompi_communicator_t*&, Grid::Coordinate&): Assertion `WorldSize==Nprocessors' failed.
[genoahost099:1599065] *** Process received signal ***
[genoahost099:1599065] Signal: Aborted (6)
[genoahost099:1599065] Signal code:  (-6)
[genoahost099:1599065] [ 0] /lib64/libc.so.6(+0x3fc30)[0x1553d9a3fc30]
[genoahost099:1599065] [ 1] /lib64/libc.so.6(+0x8d02c)[0x1553d9a8d02c]
[genoahost099:1599065] [ 2] /lib64/libc.so.6(raise+0x16)[0x1553d9a3fb86]
[genoahost099:1599065] [ 3] /lib64/libc.so.6(abort+0xd3)[0x1553d9a29873]
[genoahost099:1599065] [ 4] /lib64/libc.so.6(+0x2979b)[0x1553d9a2979b]
[genoahost099:1599065] [ 5] /lib64/libc.so.6(+0x388c6)[0x1553d9a388c6]
[genoahost099:1599065] [ 6] /direct/sdcc+u/poare/Grid/build/examples/./Example_spec_kryschur[0x4cc206]
[genoahost099:1599065] [ 7] /direct/sdcc+u/poare/Grid/build/examples/./Example_spec_kryschur[0x4cc2f1]
[genoahost099:1599065] [ 8] /direct/sdcc+u/poare/Grid/build/examples/./Example_spec_kryschur[0x4c7e95]
[genoahost099:1599065] [ 9] /direct/sdcc+u/poare/Grid/build/examples/./Example_spec_kryschur[0x4b5f4f]
[genoahost099:1599065] [10] /direct/sdcc+u/poare/Grid/build/examples/./Example_spec_kryschur[0x41180d]
[genoahost099:1599065] [11] /lib64/libc.so.6(+0x2a610)[0x1553d9a2a610]
[genoahost099:1599065] [12] /lib64/libc.so.6(__libc_start_main+0x80)[0x1553d9a2a6c0]
[genoahost099:1599065] [13] /direct/sdcc+u/poare/Grid/build/examples/./Example_spec_kryschur[0x4147f5]
[genoahost099:1599065] *** End of error message ***
Example_spec_kryschur: ../../Grid/communicator/SharedMemoryMPI.cc:434: static void Grid::GlobalSharedMemory::OptimalCommunicatorSharedMemory(const Coordinate&, ompi_communicator_t*&, Grid::Coordinate&): Assertion `WorldSize==Nprocessors' failed.
[genoahost099:1599067] *** Process received signal ***
[genoahost099:1599067] Signal: Aborted (6)
[genoahost099:1599067] Signal code:  (-6)
[genoahost099:1599067] [ 0] /lib64/libc.so.6(+0x3fc30)[0x14ff5fa3fc30]
[genoahost099:1599067] [ 1] /lib64/libc.so.6(+0x8d02c)[0x14ff5fa8d02c]
[genoahost099:1599067] [ 2] /lib64/libc.so.6(raise+0x16)[0x14ff5fa3fb86]
[genoahost099:1599067] [ 3] /lib64/libc.so.6(abort+0xd3)[0x14ff5fa29873]
[genoahost099:1599067] [ 4] /lib64/libc.so.6(+0x2979b)[0x14ff5fa2979b]
[genoahost099:1599067] [ 5] /lib64/libc.so.6(+0x388c6)[0x14ff5fa388c6]
[genoahost099:1599067] [ 6] /direct/sdcc+u/poare/Grid/build/examples/./Example_spec_kryschur[0x4cc206]
[genoahost099:1599067] [ 7] /direct/sdcc+u/poare/Grid/build/examples/./Example_spec_kryschur[0x4cc2f1]
[genoahost099:1599067] [ 8] /direct/sdcc+u/poare/Grid/build/examples/./Example_spec_kryschur[0x4c7e95]
[genoahost099:1599067] [ 9] /direct/sdcc+u/poare/Grid/build/examples/./Example_spec_kryschur[0x4b5f4f]
[genoahost099:1599067] [10] /direct/sdcc+u/poare/Grid/build/examples/./Example_spec_kryschur[0x41180d]
[genoahost099:1599067] [11] /lib64/libc.so.6(+0x2a610)[0x14ff5fa2a610]
[genoahost099:1599067] [12] /lib64/libc.so.6(__libc_start_main+0x80)[0x14ff5fa2a6c0]
[genoahost099:1599067] [13] /direct/sdcc+u/poare/Grid/build/examples/./Example_spec_kryschur[0x4147f5]
[genoahost099:1599067] *** End of error message ***
Example_spec_kryschur: ../../Grid/communicator/SharedMemoryMPI.cc:434: static void Grid::GlobalSharedMemory::OptimalCommunicatorSharedMemory(const Coordinate&, ompi_communicator_t*&, Grid::Coordinate&): Assertion `WorldSize==Nprocessors' failed.
[genoahost099:1599071] *** Process received signal ***
[genoahost099:1599071] Signal: Aborted (6)
[genoahost099:1599071] Signal code:  (-6)
[genoahost099:1599071] [ 0] /lib64/libc.so.6(+0x3fc30)[0x14e4b703fc30]
[genoahost099:1599071] [ 1] /lib64/libc.so.6(+0x8d02c)[0x14e4b708d02c]
[genoahost099:1599071] [ 2] /lib64/libc.so.6(raise+0x16)[0x14e4b703fb86]
[genoahost099:1599071] [ 3] /lib64/libc.so.6(abort+0xd3)[0x14e4b7029873]
[genoahost099:1599071] [ 4] /lib64/libc.so.6(+0x2979b)[0x14e4b702979b]
[genoahost099:1599071] [ 5] /lib64/libc.so.6(+0x388c6)[0x14e4b70388c6]
[genoahost099:1599071] [ 6] /direct/sdcc+u/poare/Grid/build/examples/./Example_spec_kryschur[0x4cc206]
[genoahost099:1599071] [ 7] /direct/sdcc+u/poare/Grid/build/examples/./Example_spec_kryschur[0x4cc2f1]
[genoahost099:1599071] [ 8] /direct/sdcc+u/poare/Grid/build/examples/./Example_spec_kryschur[0x4c7e95]
[genoahost099:1599071] [ 9] /direct/sdcc+u/poare/Grid/build/examples/./Example_spec_kryschur[0x4b5f4f]
[genoahost099:1599071] [10] /direct/sdcc+u/poare/Grid/build/examples/./Example_spec_kryschur[0x41180d]
[genoahost099:1599071] [11] /lib64/libc.so.6(+0x2a610)[0x14e4b702a610]
[genoahost099:1599071] [12] /lib64/libc.so.6(__libc_start_main+0x80)[0x14e4b702a6c0]
[genoahost099:1599071] [13] /direct/sdcc+u/poare/Grid/build/examples/./Example_spec_kryschur[0x4147f5]
[genoahost099:1599071] *** End of error message ***
Example_spec_kryschur: ../../Grid/communicator/SharedMemoryMPI.cc:434: static void Grid::GlobalSharedMemory::OptimalCommunicatorSharedMemory(const Coordinate&, ompi_communicator_t*&, Grid::Coordinate&): Assertion `WorldSize==Nprocessors' failed.
[genoahost099:1599056] *** Process received signal ***
[genoahost099:1599056] Signal: Aborted (6)
[genoahost099:1599056] Signal code:  (-6)
[genoahost099:1599056] [ 0] /lib64/libc.so.6(+0x3fc30)[0x147db4c3fc30]
[genoahost099:1599056] [ 1] /lib64/libc.so.6(+0x8d02c)[0x147db4c8d02c]
[genoahost099:1599056] [ 2] /lib64/libc.so.6(raise+0x16)[0x147db4c3fb86]
[genoahost099:1599056] [ 3] /lib64/libc.so.6(abort+0xd3)[0x147db4c29873]
[genoahost099:1599056] [ 4] /lib64/libc.so.6(+0x2979b)[0x147db4c2979b]
[genoahost099:1599056] [ 5] /lib64/libc.so.6(+0x388c6)[0x147db4c388c6]
[genoahost099:1599056] [ 6] /direct/sdcc+u/poare/Grid/build/examples/./Example_spec_kryschur[0x4cc206]
[genoahost099:1599056] [ 7] /direct/sdcc+u/poare/Grid/build/examples/./Example_spec_kryschur[0x4cc2f1]
[genoahost099:1599056] [ 8] /direct/sdcc+u/poare/Grid/build/examples/./Example_spec_kryschur[0x4c7e95]
[genoahost099:1599056] [ 9] /direct/sdcc+u/poare/Grid/build/examples/./Example_spec_kryschur[0x4b5f4f]
[genoahost099:1599056] [10] /direct/sdcc+u/poare/Grid/build/examples/./Example_spec_kryschur[0x41180d]
[genoahost099:1599056] [11] /lib64/libc.so.6(+0x2a610)[0x147db4c2a610]
[genoahost099:1599056] [12] /lib64/libc.so.6(__libc_start_main+0x80)[0x147db4c2a6c0]
[genoahost099:1599056] [13] /direct/sdcc+u/poare/Grid/build/examples/./Example_spec_kryschur[0x4147f5]
[genoahost099:1599056] *** End of error message ***
Example_spec_kryschur: ../../Grid/communicator/SharedMemoryMPI.cc:434: static void Grid::GlobalSharedMemory::OptimalCommunicatorSharedMemory(const Coordinate&, ompi_communicator_t*&, Grid::Coordinate&): Assertion `WorldSize==Nprocessors' failed.
[genoahost099:1599062] *** Process received signal ***
[genoahost099:1599062] Signal: Aborted (6)
[genoahost099:1599062] Signal code:  (-6)
[genoahost099:1599062] [ 0] /lib64/libc.so.6(+0x3fc30)[0x15082243fc30]
[genoahost099:1599062] [ 1] /lib64/libc.so.6(+0x8d02c)[0x15082248d02c]
[genoahost099:1599062] [ 2] /lib64/libc.so.6(raise+0x16)[0x15082243fb86]
[genoahost099:1599062] [ 3] /lib64/libc.so.6(abort+0xd3)[0x150822429873]
[genoahost099:1599062] [ 4] /lib64/libc.so.6(+0x2979b)[0x15082242979b]
[genoahost099:1599062] [ 5] /lib64/libc.so.6(+0x388c6)[0x1508224388c6]
[genoahost099:1599062] [ 6] /direct/sdcc+u/poare/Grid/build/examples/./Example_spec_kryschur[0x4cc206]
[genoahost099:1599062] [ 7] /direct/sdcc+u/poare/Grid/build/examples/./Example_spec_kryschur[0x4cc2f1]
[genoahost099:1599062] [ 8] /direct/sdcc+u/poare/Grid/build/examples/./Example_spec_kryschur[0x4c7e95]
[genoahost099:1599062] [ 9] /direct/sdcc+u/poare/Grid/build/examples/./Example_spec_kryschur[0x4b5f4f]
[genoahost099:1599062] [10] /direct/sdcc+u/poare/Grid/build/examples/./Example_spec_kryschur[0x41180d]
[genoahost099:1599062] [11] /lib64/libc.so.6(+0x2a610)[0x15082242a610]
[genoahost099:1599062] [12] /lib64/libc.so.6(__libc_start_main+0x80)[0x15082242a6c0]
[genoahost099:1599062] [13] /direct/sdcc+u/poare/Grid/build/examples/./Example_spec_kryschur[0x4147f5]
[genoahost099:1599062] *** End of error message ***
Example_spec_kryschur: ../../Grid/communicator/SharedMemoryMPI.cc:434: static void Grid::GlobalSharedMemory::OptimalCommunicatorSharedMemory(const Coordinate&, ompi_communicator_t*&, Grid::Coordinate&): Assertion `WorldSize==Nprocessors' failed.
[genoahost104:618393] *** Process received signal ***
[genoahost104:618393] Signal: Aborted (6)
[genoahost104:618393] Signal code:  (-6)
[genoahost104:618393] [ 0] /lib64/libc.so.6(+0x3fc30)[0x151ca5a3fc30]
[genoahost104:618393] [ 1] /lib64/libc.so.6(+0x8d02c)[0x151ca5a8d02c]
[genoahost104:618393] [ 2] /lib64/libc.so.6(raise+0x16)[0x151ca5a3fb86]
[genoahost104:618393] [ 3] /lib64/libc.so.6(abort+0xd3)[0x151ca5a29873]
[genoahost104:618393] [ 4] /lib64/libc.so.6(+0x2979b)[0x151ca5a2979b]
[genoahost104:618393] [ 5] /lib64/libc.so.6(+0x388c6)[0x151ca5a388c6]
[genoahost104:618393] [ 6] /direct/sdcc+u/poare/Grid/build/examples/./Example_spec_kryschur[0x4cc206]
[genoahost104:618393] [ 7] /direct/sdcc+u/poare/Grid/build/examples/./Example_spec_kryschur[0x4cc2f1]
[genoahost104:618393] [ 8] /direct/sdcc+u/poare/Grid/build/examples/./Example_spec_kryschur[0x4c7e95]
[genoahost104:618393] [ 9] /direct/sdcc+u/poare/Grid/build/examples/./Example_spec_kryschur[0x4b5f4f]
[genoahost104:618393] [10] /direct/sdcc+u/poare/Grid/build/examples/./Example_spec_kryschur[0x41180d]
[genoahost104:618393] [11] /lib64/libc.so.6(+0x2a610)[0x151ca5a2a610]
[genoahost104:618393] [12] /lib64/libc.so.6(__libc_start_main+0x80)[0x151ca5a2a6c0]
[genoahost104:618393] [13] /direct/sdcc+u/poare/Grid/build/examples/./Example_spec_kryschur[0x4147f5]
[genoahost104:618393] *** End of error message ***
Example_spec_kryschur: ../../Grid/communicator/SharedMemoryMPI.cc:434: static void Grid::GlobalSharedMemory::OptimalCommunicatorSharedMemory(const Coordinate&, ompi_communicator_t*&, Grid::Coordinate&): Assertion `WorldSize==Nprocessors' failed.
[genoahost104:618400] *** Process received signal ***
[genoahost104:618400] Signal: Aborted (6)
[genoahost104:618400] Signal code:  (-6)
[genoahost104:618400] [ 0] /lib64/libc.so.6(+0x3fc30)[0x14c14383fc30]
[genoahost104:618400] [ 1] /lib64/libc.so.6(+0x8d02c)[0x14c14388d02c]
[genoahost104:618400] [ 2] /lib64/libc.so.6(raise+0x16)[0x14c14383fb86]
[genoahost104:618400] [ 3] /lib64/libc.so.6(abort+0xd3)[0x14c143829873]
[genoahost104:618400] [ 4] /lib64/libc.so.6(+0x2979b)[0x14c14382979b]
[genoahost104:618400] [ 5] /lib64/libc.so.6(+0x388c6)[0x14c1438388c6]
[genoahost104:618400] [ 6] /direct/sdcc+u/poare/Grid/build/examples/./Example_spec_kryschur[0x4cc206]
[genoahost104:618400] [ 7] /direct/sdcc+u/poare/Grid/build/examples/./Example_spec_kryschur[0x4cc2f1]
[genoahost104:618400] [ 8] /direct/sdcc+u/poare/Grid/build/examples/./Example_spec_kryschur[0x4c7e95]
[genoahost104:618400] [ 9] /direct/sdcc+u/poare/Grid/build/examples/./Example_spec_kryschur[0x4b5f4f]
[genoahost104:618400] [10] /direct/sdcc+u/poare/Grid/build/examples/./Example_spec_kryschur[0x41180d]
[genoahost104:618400] [11] /lib64/libc.so.6(+0x2a610)[0x14c14382a610]
[genoahost104:618400] [12] /lib64/libc.so.6(__libc_start_main+0x80)[0x14c14382a6c0]
[genoahost104:618400] [13] /direct/sdcc+u/poare/Grid/build/examples/./Example_spec_kryschur[0x4147f5]
[genoahost104:618400] *** End of error message ***
srun: error: genoahost104: task 123: Aborted (core dumped)
srun: error: genoahost104: task 125: Aborted (core dumped)
Example_spec_kryschur: ../../Grid/communicator/SharedMemoryMPI.cc:434: static void Grid::GlobalSharedMemory::OptimalCommunicatorSharedMemory(const Coordinate&, ompi_communicator_t*&, Grid::Coordinate&): Assertion `WorldSize==Nprocessors' failed.
[genoahost097:1720350] *** Process received signal ***
[genoahost097:1720350] Signal: Aborted (6)
[genoahost097:1720350] Signal code:  (-6)
[genoahost097:1720350] [ 0] /lib64/libc.so.6(+0x3fc30)[0x1464e063fc30]
[genoahost097:1720350] [ 1] /lib64/libc.so.6(+0x8d02c)[0x1464e068d02c]
[genoahost097:1720350] [ 2] /lib64/libc.so.6(raise+0x16)[0x1464e063fb86]
[genoahost097:1720350] [ 3] /lib64/libc.so.6(abort+0xd3)[0x1464e0629873]
[genoahost097:1720350] [ 4] /lib64/libc.so.6(+0x2979b)[0x1464e062979b]
[genoahost097:1720350] [ 5] /lib64/libc.so.6(+0x388c6)[0x1464e06388c6]
[genoahost097:1720350] [ 6] /direct/sdcc+u/poare/Grid/build/examples/./Example_spec_kryschur[0x4cc206]
[genoahost097:1720350] [ 7] /direct/sdcc+u/poare/Grid/build/examples/./Example_spec_kryschur[0x4cc2f1]
[genoahost097:1720350] [ 8] /direct/sdcc+u/poare/Grid/build/examples/./Example_spec_kryschur[0x4c7e95]
[genoahost097:1720350] [ 9] /direct/sdcc+u/poare/Grid/build/examples/./Example_spec_kryschur[0x4b5f4f]
[genoahost097:1720350] [10] /direct/sdcc+u/poare/Grid/build/examples/./Example_spec_kryschur[0x41180d]
[genoahost097:1720350] [11] /lib64/libc.so.6(+0x2a610)[0x1464e062a610]
[genoahost097:1720350] [12] /lib64/libc.so.6(__libc_start_main+0x80)[0x1464e062a6c0]
[genoahost097:1720350] [13] /direct/sdcc+u/poare/Grid/build/examples/./Example_spec_kryschur[0x4147f5]
[genoahost097:1720350] *** End of error message ***
Example_spec_kryschur: ../../Grid/communicator/SharedMemoryMPI.cc:434: static void Grid::GlobalSharedMemory::OptimalCommunicatorSharedMemory(const Coordinate&, ompi_communicator_t*&, Grid::Coordinate&): Assertion `WorldSize==Nprocessors' failed.
[genoahost097:1720337] *** Process received signal ***
[genoahost097:1720337] Signal: Aborted (6)
[genoahost097:1720337] Signal code:  (-6)
[genoahost097:1720337] [ 0] /lib64/libc.so.6(+0x3fc30)[0x149bc943fc30]
[genoahost097:1720337] [ 1] /lib64/libc.so.6(+0x8d02c)[0x149bc948d02c]
[genoahost097:1720337] [ 2] /lib64/libc.so.6(raise+0x16)[0x149bc943fb86]
[genoahost097:1720337] [ 3] /lib64/libc.so.6(abort+0xd3)[0x149bc9429873]
[genoahost097:1720337] [ 4] /lib64/libc.so.6(+0x2979b)[0x149bc942979b]
[genoahost097:1720337] [ 5] /lib64/libc.so.6(+0x388c6)[0x149bc94388c6]
[genoahost097:1720337] [ 6] /direct/sdcc+u/poare/Grid/build/examples/./Example_spec_kryschur[0x4cc206]
[genoahost097:1720337] [ 7] /direct/sdcc+u/poare/Grid/build/examples/./Example_spec_kryschur[0x4cc2f1]
[genoahost097:1720337] [ 8] /direct/sdcc+u/poare/Grid/build/examples/./Example_spec_kryschur[0x4c7e95]
[genoahost097:1720337] [ 9] /direct/sdcc+u/poare/Grid/build/examples/./Example_spec_kryschur[0x4b5f4f]
[genoahost097:1720337] [10] /direct/sdcc+u/poare/Grid/build/examples/./Example_spec_kryschur[0x41180d]
[genoahost097:1720337] [11] /lib64/libc.so.6(+0x2a610)[0x149bc942a610]
[genoahost097:1720337] [12] /lib64/libc.so.6(__libc_start_main+0x80)[0x149bc942a6c0]
[genoahost097:1720337] [13] /direct/sdcc+u/poare/Grid/build/examples/./Example_spec_kryschur[0x4147f5]
[genoahost097:1720337] *** End of error message ***
srun: error: genoahost097: task 8: Aborted (core dumped)
Example_spec_kryschur: ../../Grid/communicator/SharedMemoryMPI.cc:434: static void Grid::GlobalSharedMemory::OptimalCommunicatorSharedMemory(const Coordinate&, ompi_communicator_t*&, Grid::Coordinate&): Assertion `WorldSize==Nprocessors' failed.
[genoahost101:1137577] *** Process received signal ***
[genoahost101:1137577] Signal: Aborted (6)
[genoahost101:1137577] Signal code:  (-6)
[genoahost101:1137577] [ 0] /lib64/libc.so.6(+0x3fc30)[0x14795383fc30]
[genoahost101:1137577] [ 1] /lib64/libc.so.6(+0x8d02c)[0x14795388d02c]
[genoahost101:1137577] [ 2] /lib64/libc.so.6(raise+0x16)[0x14795383fb86]
[genoahost101:1137577] [ 3] /lib64/libc.so.6(abort+0xd3)[0x147953829873]
[genoahost101:1137577] [ 4] /lib64/libc.so.6(+0x2979b)[0x14795382979b]
[genoahost101:1137577] [ 5] /lib64/libc.so.6(+0x388c6)[0x1479538388c6]
[genoahost101:1137577] [ 6] /direct/sdcc+u/poare/Grid/build/examples/./Example_spec_kryschur[0x4cc206]
[genoahost101:1137577] [ 7] /direct/sdcc+u/poare/Grid/build/examples/./Example_spec_kryschur[0x4cc2f1]
[genoahost101:1137577] [ 8] /direct/sdcc+u/poare/Grid/build/examples/./Example_spec_kryschur[0x4c7e95]
[genoahost101:1137577] [ 9] /direct/sdcc+u/poare/Grid/build/examples/./Example_spec_kryschur[0x4b5f4f]
[genoahost101:1137577] [10] /direct/sdcc+u/poare/Grid/build/examples/./Example_spec_kryschur[0x41180d]
[genoahost101:1137577] [11] /lib64/libc.so.6(+0x2a610)[0x14795382a610]
[genoahost101:1137577] [12] /lib64/libc.so.6(__libc_start_main+0x80)[0x14795382a6c0]
[genoahost101:1137577] [13] /direct/sdcc+u/poare/Grid/build/examples/./Example_spec_kryschur[0x4147f5]
[genoahost101:1137577] *** End of error message ***
srun: error: genoahost097: task 2: Aborted (core dumped)
Example_spec_kryschur: ../../Grid/communicator/SharedMemoryMPI.cc:434: static void Grid::GlobalSharedMemory::OptimalCommunicatorSharedMemory(const Coordinate&, ompi_communicator_t*&, Grid::Coordinate&): Assertion `WorldSize==Nprocessors' failed.
[genoahost100:638338] *** Process received signal ***
[genoahost100:638338] Signal: Aborted (6)
[genoahost100:638338] Signal code:  (-6)
[genoahost100:638338] [ 0] /lib64/libc.so.6(+0x3fc30)[0x150a08c3fc30]
[genoahost100:638338] [ 1] /lib64/libc.so.6(+0x8d02c)[0x150a08c8d02c]
[genoahost100:638338] [ 2] /lib64/libc.so.6(raise+0x16)[0x150a08c3fb86]
[genoahost100:638338] [ 3] /lib64/libc.so.6(abort+0xd3)[0x150a08c29873]
[genoahost100:638338] [ 4] /lib64/libc.so.6(+0x2979b)[0x150a08c2979b]
[genoahost100:638338] [ 5] /lib64/libc.so.6(+0x388c6)[0x150a08c388c6]
[genoahost100:638338] [ 6] /direct/sdcc+u/poare/Grid/build/examples/./Example_spec_kryschur[0x4cc206]
[genoahost100:638338] [ 7] /direct/sdcc+u/poare/Grid/build/examples/./Example_spec_kryschur[0x4cc2f1]
[genoahost100:638338] [ 8] /direct/sdcc+u/poare/Grid/build/examples/./Example_spec_kryschur[0x4c7e95]
[genoahost100:638338] [ 9] /direct/sdcc+u/poare/Grid/build/examples/./Example_spec_kryschur[0x4b5f4f]
[genoahost100:638338] [10] /direct/sdcc+u/poare/Grid/build/examples/./Example_spec_kryschur[0x41180d]
[genoahost100:638338] [11] /lib64/libc.so.6(+0x2a610)[0x150a08c2a610]
[genoahost100:638338] [12] /lib64/libc.so.6(__libc_start_main+0x80)[0x150a08c2a6c0]
[genoahost100:638338] [13] /direct/sdcc+u/poare/Grid/build/examples/./Example_spec_kryschur[0x4147f5]
[genoahost100:638338] *** End of error message ***
Example_spec_kryschur: ../../Grid/communicator/SharedMemoryMPI.cc:434: static void Grid::GlobalSharedMemory::OptimalCommunicatorSharedMemory(const Coordinate&, ompi_communicator_t*&, Grid::Coordinate&): Assertion `WorldSize==Nprocessors' failed.
[genoahost100:638350] *** Process received signal ***
[genoahost100:638350] Signal: Aborted (6)
[genoahost100:638350] Signal code:  (-6)
[genoahost100:638350] [ 0] /lib64/libc.so.6(+0x3fc30)[0x14c3a7c3fc30]
[genoahost100:638350] [ 1] /lib64/libc.so.6(+0x8d02c)[0x14c3a7c8d02c]
[genoahost100:638350] [ 2] /lib64/libc.so.6(raise+0x16)[0x14c3a7c3fb86]
[genoahost100:638350] [ 3] /lib64/libc.so.6(abort+0xd3)[0x14c3a7c29873]
[genoahost100:638350] [ 4] /lib64/libc.so.6(+0x2979b)[0x14c3a7c2979b]
[genoahost100:638350] [ 5] /lib64/libc.so.6(+0x388c6)[0x14c3a7c388c6]
[genoahost100:638350] [ 6] /direct/sdcc+u/poare/Grid/build/examples/./Example_spec_kryschur[0x4cc206]
[genoahost100:638350] [ 7] /direct/sdcc+u/poare/Grid/build/examples/./Example_spec_kryschur[0x4cc2f1]
[genoahost100:638350] [ 8] /direct/sdcc+u/poare/Grid/build/examples/./Example_spec_kryschur[0x4c7e95]
[genoahost100:638350] [ 9] /direct/sdcc+u/poare/Grid/build/examples/./Example_spec_kryschur[0x4b5f4f]
[genoahost100:638350] [10] /direct/sdcc+u/poare/Grid/build/examples/./Example_spec_kryschur[0x41180d]
[genoahost100:638350] [11] /lib64/libc.so.6(+0x2a610)[0x14c3a7c2a610]
[genoahost100:638350] [12] /lib64/libc.so.6(__libc_start_main+0x80)[0x14c3a7c2a6c0]
[genoahost100:638350] [13] /direct/sdcc+u/poare/Grid/build/examples/./Example_spec_kryschur[0x4147f5]
[genoahost100:638350] *** End of error message ***
Example_spec_kryschur: ../../Grid/communicator/SharedMemoryMPI.cc:434: static void Grid::GlobalSharedMemory::OptimalCommunicatorSharedMemory(const Coordinate&, ompi_communicator_t*&, Grid::Coordinate&): Assertion `WorldSize==Nprocessors' failed.
[genoahost100:638348] *** Process received signal ***
[genoahost100:638348] Signal: Aborted (6)
[genoahost100:638348] Signal code:  (-6)
[genoahost100:638348] [ 0] /lib64/libc.so.6(+0x3fc30)[0x145863e3fc30]
[genoahost100:638348] [ 1] /lib64/libc.so.6(+0x8d02c)[0x145863e8d02c]
[genoahost100:638348] [ 2] /lib64/libc.so.6(raise+0x16)[0x145863e3fb86]
[genoahost100:638348] [ 3] /lib64/libc.so.6(abort+0xd3)[0x145863e29873]
[genoahost100:638348] [ 4] /lib64/libc.so.6(+0x2979b)[0x145863e2979b]
[genoahost100:638348] [ 5] /lib64/libc.so.6(+0x388c6)[0x145863e388c6]
[genoahost100:638348] [ 6] /direct/sdcc+u/poare/Grid/build/examples/./Example_spec_kryschur[0x4cc206]
[genoahost100:638348] [ 7] /direct/sdcc+u/poare/Grid/build/examples/./Example_spec_kryschur[0x4cc2f1]
[genoahost100:638348] [ 8] /direct/sdcc+u/poare/Grid/build/examples/./Example_spec_kryschur[0x4c7e95]
[genoahost100:638348] [ 9] /direct/sdcc+u/poare/Grid/build/examples/./Example_spec_kryschur[0x4b5f4f]
[genoahost100:638348] [10] /direct/sdcc+u/poare/Grid/build/examples/./Example_spec_kryschur[0x41180d]
[genoahost100:638348] [11] /lib64/libc.so.6(+0x2a610)[0x145863e2a610]
[genoahost100:638348] [12] /lib64/libc.so.6(__libc_start_main+0x80)[0x145863e2a6c0]
[genoahost100:638348] [13] /direct/sdcc+u/poare/Grid/build/examples/./Example_spec_kryschur[0x4147f5]
[genoahost100:638348] *** End of error message ***
Example_spec_kryschur: ../../Grid/communicator/SharedMemoryMPI.cc:434: static void Grid::GlobalSharedMemory::OptimalCommunicatorSharedMemory(const Coordinate&, ompi_communicator_t*&, Grid::Coordinate&): Assertion `WorldSize==Nprocessors' failed.
[genoahost100:638345] *** Process received signal ***
[genoahost100:638345] Signal: Aborted (6)
[genoahost100:638345] Signal code:  (-6)
[genoahost100:638345] [ 0] /lib64/libc.so.6(+0x3fc30)[0x1524a563fc30]
[genoahost100:638345] [ 1] /lib64/libc.so.6(+0x8d02c)[0x1524a568d02c]
[genoahost100:638345] [ 2] /lib64/libc.so.6(raise+0x16)[0x1524a563fb86]
[genoahost100:638345] [ 3] /lib64/libc.so.6(abort+0xd3)[0x1524a5629873]
[genoahost100:638345] [ 4] /lib64/libc.so.6(+0x2979b)[0x1524a562979b]
[genoahost100:638345] [ 5] /lib64/libc.so.6(+0x388c6)[0x1524a56388c6]
[genoahost100:638345] [ 6] /direct/sdcc+u/poare/Grid/build/examples/./Example_spec_kryschur[0x4cc206]
[genoahost100:638345] [ 7] /direct/sdcc+u/poare/Grid/build/examples/./Example_spec_kryschur[0x4cc2f1]
[genoahost100:638345] [ 8] /direct/sdcc+u/poare/Grid/build/examples/./Example_spec_kryschur[0x4c7e95]
[genoahost100:638345] [ 9] /direct/sdcc+u/poare/Grid/build/examples/./Example_spec_kryschur[0x4b5f4f]
[genoahost100:638345] [10] /direct/sdcc+u/poare/Grid/build/examples/./Example_spec_kryschur[0x41180d]
[genoahost100:638345] [11] /lib64/libc.so.6(+0x2a610)[0x1524a562a610]
[genoahost100:638345] [12] /lib64/libc.so.6(__libc_start_main+0x80)[0x1524a562a6c0]
[genoahost100:638345] [13] /direct/sdcc+u/poare/Grid/build/examples/./Example_spec_kryschur[0x4147f5]
[genoahost100:638345] *** End of error message ***
Example_spec_kryschur: ../../Grid/communicator/SharedMemoryMPI.cc:434: static void Grid::GlobalSharedMemory::OptimalCommunicatorSharedMemory(const Coordinate&, ompi_communicator_t*&, Grid::Coordinate&): Assertion `WorldSize==Nprocessors' failed.
[genoahost101:1137567] *** Process received signal ***
[genoahost101:1137567] Signal: Aborted (6)
[genoahost101:1137567] Signal code:  (-6)
[genoahost101:1137567] [ 0] /lib64/libc.so.6(+0x3fc30)[0x154048c3fc30]
[genoahost101:1137567] [ 1] /lib64/libc.so.6(+0x8d02c)[0x154048c8d02c]
[genoahost101:1137567] [ 2] /lib64/libc.so.6(raise+0x16)[0x154048c3fb86]
[genoahost101:1137567] [ 3] /lib64/libc.so.6(abort+0xd3)[0x154048c29873]
[genoahost101:1137567] [ 4] /lib64/libc.so.6(+0x2979b)[0x154048c2979b]
[genoahost101:1137567] [ 5] /lib64/libc.so.6(+0x388c6)[0x154048c388c6]
[genoahost101:1137567] [ 6] /direct/sdcc+u/poare/Grid/build/examples/./Example_spec_kryschur[0x4cc206]
[genoahost101:1137567] [ 7] /direct/sdcc+u/poare/Grid/build/examples/./Example_spec_kryschur[0x4cc2f1]
[genoahost101:1137567] [ 8] /direct/sdcc+u/poare/Grid/build/examples/./Example_spec_kryschur[0x4c7e95]
[genoahost101:1137567] [ 9] /direct/sdcc+u/poare/Grid/build/examples/./Example_spec_kryschur[0x4b5f4f]
[genoahost101:1137567] [10] /direct/sdcc+u/poare/Grid/build/examples/./Example_spec_kryschur[0x41180d]
[genoahost101:1137567] [11] /lib64/libc.so.6(+0x2a610)[0x154048c2a610]
[genoahost101:1137567] [12] /lib64/libc.so.6(__libc_start_main+0x80)[0x154048c2a6c0]
[genoahost101:1137567] [13] /direct/sdcc+u/poare/Grid/build/examples/./Example_spec_kryschur[0x4147f5]
[genoahost101:1137567] *** End of error message ***
Example_spec_kryschur: ../../Grid/communicator/SharedMemoryMPI.cc:434: static void Grid::GlobalSharedMemory::OptimalCommunicatorSharedMemory(const Coordinate&, ompi_communicator_t*&, Grid::Coordinate&): Assertion `WorldSize==Nprocessors' failed.
[genoahost103:607138] *** Process received signal ***
[genoahost103:607138] Signal: Aborted (6)
[genoahost103:607138] Signal code:  (-6)
[genoahost103:607138] [ 0] /lib64/libc.so.6(+0x3fc30)[0x15147503fc30]
[genoahost103:607138] [ 1] /lib64/libc.so.6(+0x8d02c)[0x15147508d02c]
[genoahost103:607138] [ 2] /lib64/libc.so.6(raise+0x16)[0x15147503fb86]
[genoahost103:607138] [ 3] /lib64/libc.so.6(abort+0xd3)[0x151475029873]
[genoahost103:607138] [ 4] /lib64/libc.so.6(+0x2979b)[0x15147502979b]
[genoahost103:607138] [ 5] /lib64/libc.so.6(+0x388c6)[0x1514750388c6]
[genoahost103:607138] [ 6] /direct/sdcc+u/poare/Grid/build/examples/./Example_spec_kryschur[0x4cc206]
[genoahost103:607138] [ 7] /direct/sdcc+u/poare/Grid/build/examples/./Example_spec_kryschur[0x4cc2f1]
[genoahost103:607138] [ 8] /direct/sdcc+u/poare/Grid/build/examples/./Example_spec_kryschur[0x4c7e95]
[genoahost103:607138] [ 9] /direct/sdcc+u/poare/Grid/build/examples/./Example_spec_kryschur[0x4b5f4f]
[genoahost103:607138] [10] /direct/sdcc+u/poare/Grid/build/examples/./Example_spec_kryschur[0x41180d]
[genoahost103:607138] [11] /lib64/libc.so.6(+0x2a610)[0x15147502a610]
[genoahost103:607138] [12] /lib64/libc.so.6(__libc_start_main+0x80)[0x15147502a6c0]
[genoahost103:607138] [13] /direct/sdcc+u/poare/Grid/build/examples/./Example_spec_kryschur[0x4147f5]
[genoahost103:607138] *** End of error message ***
Example_spec_kryschur: ../../Grid/communicator/SharedMemoryMPI.cc:434: static void Grid::GlobalSharedMemory::OptimalCommunicatorSharedMemory(const Coordinate&, ompi_communicator_t*&, Grid::Coordinate&): Assertion `WorldSize==Nprocessors' failed.
[genoahost103:607146] *** Process received signal ***
[genoahost103:607146] Signal: Aborted (6)
[genoahost103:607146] Signal code:  (-6)
[genoahost103:607146] [ 0] /lib64/libc.so.6(+0x3fc30)[0x14cf4963fc30]
[genoahost103:607146] [ 1] /lib64/libc.so.6(+0x8d02c)[0x14cf4968d02c]
[genoahost103:607146] [ 2] /lib64/libc.so.6(raise+0x16)[0x14cf4963fb86]
[genoahost103:607146] [ 3] /lib64/libc.so.6(abort+0xd3)[0x14cf49629873]
[genoahost103:607146] [ 4] /lib64/libc.so.6(+0x2979b)[0x14cf4962979b]
[genoahost103:607146] [ 5] /lib64/libc.so.6(+0x388c6)[0x14cf496388c6]
[genoahost103:607146] [ 6] /direct/sdcc+u/poare/Grid/build/examples/./Example_spec_kryschur[0x4cc206]
[genoahost103:607146] [ 7] /direct/sdcc+u/poare/Grid/build/examples/./Example_spec_kryschur[0x4cc2f1]
[genoahost103:607146] [ 8] /direct/sdcc+u/poare/Grid/build/examples/./Example_spec_kryschur[0x4c7e95]
[genoahost103:607146] [ 9] /direct/sdcc+u/poare/Grid/build/examples/./Example_spec_kryschur[0x4b5f4f]
[genoahost103:607146] [10] /direct/sdcc+u/poare/Grid/build/examples/./Example_spec_kryschur[0x41180d]
[genoahost103:607146] [11] /lib64/libc.so.6(+0x2a610)[0x14cf4962a610]
[genoahost103:607146] [12] /lib64/libc.so.6(__libc_start_main+0x80)[0x14cf4962a6c0]
[genoahost103:607146] [13] /direct/sdcc+u/poare/Grid/build/examples/./Example_spec_kryschur[0x4147f5]
[genoahost103:607146] *** End of error message ***
Example_spec_kryschur: ../../Grid/communicator/SharedMemoryMPI.cc:434: static void Grid::GlobalSharedMemory::OptimalCommunicatorSharedMemory(const Coordinate&, ompi_communicator_t*&, Grid::Coordinate&): Assertion `WorldSize==Nprocessors' failed.
[genoahost103:607140] *** Process received signal ***
[genoahost103:607140] Signal: Aborted (6)
[genoahost103:607140] Signal code:  (-6)
[genoahost103:607140] [ 0] /lib64/libc.so.6(+0x3fc30)[0x148663a3fc30]
[genoahost103:607140] [ 1] /lib64/libc.so.6(+0x8d02c)[0x148663a8d02c]
[genoahost103:607140] [ 2] /lib64/libc.so.6(raise+0x16)[0x148663a3fb86]
[genoahost103:607140] [ 3] /lib64/libc.so.6(abort+0xd3)[0x148663a29873]
[genoahost103:607140] [ 4] /lib64/libc.so.6(+0x2979b)[0x148663a2979b]
[genoahost103:607140] [ 5] /lib64/libc.so.6(+0x388c6)[0x148663a388c6]
[genoahost103:607140] [ 6] /direct/sdcc+u/poare/Grid/build/examples/./Example_spec_kryschur[0x4cc206]
[genoahost103:607140] [ 7] /direct/sdcc+u/poare/Grid/build/examples/./Example_spec_kryschur[0x4cc2f1]
[genoahost103:607140] [ 8] /direct/sdcc+u/poare/Grid/build/examples/./Example_spec_kryschur[0x4c7e95]
[genoahost103:607140] [ 9] /direct/sdcc+u/poare/Grid/build/examples/./Example_spec_kryschur[0x4b5f4f]
[genoahost103:607140] [10] /direct/sdcc+u/poare/Grid/build/examples/./Example_spec_kryschur[0x41180d]
[genoahost103:607140] [11] /lib64/libc.so.6(+0x2a610)[0x148663a2a610]
[genoahost103:607140] [12] /lib64/libc.so.6(__libc_start_main+0x80)[0x148663a2a6c0]
[genoahost103:607140] [13] /direct/sdcc+u/poare/Grid/build/examples/./Example_spec_kryschur[0x4147f5]
[genoahost103:607140] *** End of error message ***
srun: error: genoahost101: task 64: Aborted (core dumped)
srun: error: genoahost101: task 75: Aborted (core dumped)
srun: error: genoahost101: task 67: Aborted (core dumped)
Example_spec_kryschur: ../../Grid/communicator/SharedMemoryMPI.cc:434: static void Grid::GlobalSharedMemory::OptimalCommunicatorSharedMemory(const Coordinate&, ompi_communicator_t*&, Grid::Coordinate&): Assertion `WorldSize==Nprocessors' failed.
[genoahost103:607144] *** Process received signal ***
[genoahost103:607144] Signal: Aborted (6)
[genoahost103:607144] Signal code:  (-6)
[genoahost103:607144] [ 0] /lib64/libc.so.6(+0x3fc30)[0x1532e783fc30]
[genoahost103:607144] [ 1] /lib64/libc.so.6(+0x8d02c)[0x1532e788d02c]
[genoahost103:607144] [ 2] /lib64/libc.so.6(raise+0x16)[0x1532e783fb86]
[genoahost103:607144] [ 3] /lib64/libc.so.6(abort+0xd3)[0x1532e7829873]
[genoahost103:607144] [ 4] /lib64/libc.so.6(+0x2979b)[0x1532e782979b]
[genoahost103:607144] [ 5] /lib64/libc.so.6(+0x388c6)[0x1532e78388c6]
[genoahost103:607144] [ 6] /direct/sdcc+u/poare/Grid/build/examples/./Example_spec_kryschur[0x4cc206]
[genoahost103:607144] [ 7] /direct/sdcc+u/poare/Grid/build/examples/./Example_spec_kryschur[0x4cc2f1]
[genoahost103:607144] [ 8] /direct/sdcc+u/poare/Grid/build/examples/./Example_spec_kryschur[0x4c7e95]
[genoahost103:607144] [ 9] /direct/sdcc+u/poare/Grid/build/examples/./Example_spec_kryschur[0x4b5f4f]
[genoahost103:607144] [10] /direct/sdcc+u/poare/Grid/build/examples/./Example_spec_kryschur[0x41180d]
[genoahost103:607144] [11] /lib64/libc.so.6(+0x2a610)[0x1532e782a610]
[genoahost103:607144] [12] /lib64/libc.so.6(__libc_start_main+0x80)[0x1532e782a6c0]
[genoahost103:607144] [13] /direct/sdcc+u/poare/Grid/build/examples/./Example_spec_kryschur[0x4147f5]
[genoahost103:607144] *** End of error message ***
Example_spec_kryschur: ../../Grid/communicator/SharedMemoryMPI.cc:434: static void Grid::GlobalSharedMemory::OptimalCommunicatorSharedMemory(const Coordinate&, ompi_communicator_t*&, Grid::Coordinate&): Assertion `WorldSize==Nprocessors' failed.
[genoahost100:638346] *** Process received signal ***
[genoahost100:638346] Signal: Aborted (6)
[genoahost100:638346] Signal code:  (-6)
[genoahost100:638346] [ 0] /lib64/libc.so.6(+0x3fc30)[0x151b11c3fc30]
[genoahost100:638346] [ 1] /lib64/libc.so.6(+0x8d02c)[0x151b11c8d02c]
[genoahost100:638346] [ 2] /lib64/libc.so.6(raise+0x16)[0x151b11c3fb86]
[genoahost100:638346] [ 3] /lib64/libc.so.6(abort+0xd3)[0x151b11c29873]
[genoahost100:638346] [ 4] /lib64/libc.so.6(+0x2979b)[0x151b11c2979b]
[genoahost100:638346] [ 5] /lib64/libc.so.6(+0x388c6)[0x151b11c388c6]
[genoahost100:638346] [ 6] /direct/sdcc+u/poare/Grid/build/examples/./Example_spec_kryschur[0x4cc206]
[genoahost100:638346] [ 7] /direct/sdcc+u/poare/Grid/build/examples/./Example_spec_kryschur[0x4cc2f1]
[genoahost100:638346] [ 8] /direct/sdcc+u/poare/Grid/build/examples/./Example_spec_kryschur[0x4c7e95]
[genoahost100:638346] [ 9] /direct/sdcc+u/poare/Grid/build/examples/./Example_spec_kryschur[0x4b5f4f]
[genoahost100:638346] [10] /direct/sdcc+u/poare/Grid/build/examples/./Example_spec_kryschur[0x41180d]
[genoahost100:638346] [11] /lib64/libc.so.6(+0x2a610)[0x151b11c2a610]
[genoahost100:638346] [12] /lib64/libc.so.6(__libc_start_main+0x80)[0x151b11c2a6c0]
[genoahost100:638346] [13] /direct/sdcc+u/poare/Grid/build/examples/./Example_spec_kryschur[0x4147f5]
[genoahost100:638346] *** End of error message ***
Example_spec_kryschur: ../../Grid/communicator/SharedMemoryMPI.cc:434: static void Grid::GlobalSharedMemory::OptimalCommunicatorSharedMemory(const Coordinate&, ompi_communicator_t*&, Grid::Coordinate&): Assertion `WorldSize==Nprocessors' failed.
[genoahost103:607143] *** Process received signal ***
[genoahost103:607143] Signal: Aborted (6)
[genoahost103:607143] Signal code:  (-6)
[genoahost103:607143] [ 0] /lib64/libc.so.6(+0x3fc30)[0x1463f0e3fc30]
[genoahost103:607143] [ 1] /lib64/libc.so.6(+0x8d02c)[0x1463f0e8d02c]
[genoahost103:607143] [ 2] /lib64/libc.so.6(raise+0x16)[0x1463f0e3fb86]
[genoahost103:607143] [ 3] /lib64/libc.so.6(abort+0xd3)[0x1463f0e29873]
[genoahost103:607143] [ 4] /lib64/libc.so.6(+0x2979b)[0x1463f0e2979b]
[genoahost103:607143] [ 5] /lib64/libc.so.6(+0x388c6)[0x1463f0e388c6]
[genoahost103:607143] [ 6] /direct/sdcc+u/poare/Grid/build/examples/./Example_spec_kryschur[0x4cc206]
[genoahost103:607143] [ 7] /direct/sdcc+u/poare/Grid/build/examples/./Example_spec_kryschur[0x4cc2f1]
[genoahost103:607143] [ 8] /direct/sdcc+u/poare/Grid/build/examples/./Example_spec_kryschur[0x4c7e95]
[genoahost103:607143] [ 9] /direct/sdcc+u/poare/Grid/build/examples/./Example_spec_kryschur[0x4b5f4f]
[genoahost103:607143] [10] /direct/sdcc+u/poare/Grid/build/examples/./Example_spec_kryschur[0x41180d]
[genoahost103:607143] [11] /lib64/libc.so.6(+0x2a610)[0x1463f0e2a610]
[genoahost103:607143] [12] /lib64/libc.so.6(__libc_start_main+0x80)[0x1463f0e2a6c0]
[genoahost103:607143] [13] /direct/sdcc+u/poare/Grid/build/examples/./Example_spec_kryschur[0x4147f5]
[genoahost103:607143] *** End of error message ***
Example_spec_kryschur: ../../Grid/communicator/SharedMemoryMPI.cc:434: static void Grid::GlobalSharedMemory::OptimalCommunicatorSharedMemory(const Coordinate&, ompi_communicator_t*&, Grid::Coordinate&): Assertion `WorldSize==Nprocessors' failed.
[genoahost098:1619796] *** Process received signal ***
[genoahost098:1619796] Signal: Aborted (6)
[genoahost098:1619796] Signal code:  (-6)
[genoahost098:1619796] [ 0] /lib64/libc.so.6(+0x3fc30)[0x14c3a263fc30]
[genoahost098:1619796] [ 1] /lib64/libc.so.6(+0x8d02c)[0x14c3a268d02c]
[genoahost098:1619796] [ 2] /lib64/libc.so.6(raise+0x16)[0x14c3a263fb86]
[genoahost098:1619796] [ 3] /lib64/libc.so.6(abort+0xd3)[0x14c3a2629873]
[genoahost098:1619796] [ 4] /lib64/libc.so.6(+0x2979b)[0x14c3a262979b]
[genoahost098:1619796] [ 5] /lib64/libc.so.6(+0x388c6)[0x14c3a26388c6]
[genoahost098:1619796] [ 6] /direct/sdcc+u/poare/Grid/build/examples/./Example_spec_kryschur[0x4cc206]
[genoahost098:1619796] [ 7] /direct/sdcc+u/poare/Grid/build/examples/./Example_spec_kryschur[0x4cc2f1]
[genoahost098:1619796] [ 8] /direct/sdcc+u/poare/Grid/build/examples/./Example_spec_kryschur[0x4c7e95]
[genoahost098:1619796] [ 9] /direct/sdcc+u/poare/Grid/build/examples/./Example_spec_kryschur[0x4b5f4f]
[genoahost098:1619796] [10] /direct/sdcc+u/poare/Grid/build/examples/./Example_spec_kryschur[0x41180d]
[genoahost098:1619796] [11] /lib64/libc.so.6(+0x2a610)[0x14c3a262a610]
[genoahost098:1619796] [12] /lib64/libc.so.6(__libc_start_main+0x80)[0x14c3a262a6c0]
[genoahost098:1619796] [13] /direct/sdcc+u/poare/Grid/build/examples/./Example_spec_kryschur[0x4147f5]
[genoahost098:1619796] *** End of error message ***
srun: error: genoahost101: task 77: Aborted (core dumped)
Example_spec_kryschur: ../../Grid/communicator/SharedMemoryMPI.cc:434: static void Grid::GlobalSharedMemory::OptimalCommunicatorSharedMemory(const Coordinate&, ompi_communicator_t*&, Grid::Coordinate&): Assertion `WorldSize==Nprocessors' failed.
[genoahost098:1619800] *** Process received signal ***
[genoahost098:1619800] Signal: Aborted (6)
[genoahost098:1619800] Signal code:  (-6)
[genoahost098:1619800] [ 0] /lib64/libc.so.6(+0x3fc30)[0x14a00223fc30]
[genoahost098:1619800] [ 1] /lib64/libc.so.6(+0x8d02c)[0x14a00228d02c]
[genoahost098:1619800] [ 2] /lib64/libc.so.6(raise+0x16)[0x14a00223fb86]
[genoahost098:1619800] [ 3] /lib64/libc.so.6(abort+0xd3)[0x14a002229873]
[genoahost098:1619800] [ 4] /lib64/libc.so.6(+0x2979b)[0x14a00222979b]
[genoahost098:1619800] [ 5] /lib64/libc.so.6(+0x388c6)[0x14a0022388c6]
[genoahost098:1619800] [ 6] /direct/sdcc+u/poare/Grid/build/examples/./Example_spec_kryschur[0x4cc206]
[genoahost098:1619800] [ 7] /direct/sdcc+u/poare/Grid/build/examples/./Example_spec_kryschur[0x4cc2f1]
[genoahost098:1619800] [ 8] /direct/sdcc+u/poare/Grid/build/examples/./Example_spec_kryschur[0x4c7e95]
[genoahost098:1619800] [ 9] /direct/sdcc+u/poare/Grid/build/examples/./Example_spec_kryschur[0x4b5f4f]
[genoahost098:1619800] [10] /direct/sdcc+u/poare/Grid/build/examples/./Example_spec_kryschur[0x41180d]
[genoahost098:1619800] [11] /lib64/libc.so.6(+0x2a610)[0x14a00222a610]
[genoahost098:1619800] [12] /lib64/libc.so.6(__libc_start_main+0x80)[0x14a00222a6c0]
[genoahost098:1619800] [13] /direct/sdcc+u/poare/Grid/build/examples/./Example_spec_kryschur[0x4147f5]
[genoahost098:1619800] *** End of error message ***
Example_spec_kryschur: ../../Grid/communicator/SharedMemoryMPI.cc:434: static void Grid::GlobalSharedMemory::OptimalCommunicatorSharedMemory(const Coordinate&, ompi_communicator_t*&, Grid::Coordinate&): Assertion `WorldSize==Nprocessors' failed.
[genoahost098:1619806] *** Process received signal ***
[genoahost098:1619806] Signal: Aborted (6)
[genoahost098:1619806] Signal code:  (-6)
[genoahost098:1619806] [ 0] /lib64/libc.so.6(+0x3fc30)[0x147627a3fc30]
[genoahost098:1619806] [ 1] /lib64/libc.so.6(+0x8d02c)[0x147627a8d02c]
[genoahost098:1619806] [ 2] /lib64/libc.so.6(raise+0x16)[0x147627a3fb86]
[genoahost098:1619806] [ 3] /lib64/libc.so.6(abort+0xd3)[0x147627a29873]
[genoahost098:1619806] [ 4] /lib64/libc.so.6(+0x2979b)[0x147627a2979b]
[genoahost098:1619806] [ 5] /lib64/libc.so.6(+0x388c6)[0x147627a388c6]
[genoahost098:1619806] [ 6] /direct/sdcc+u/poare/Grid/build/examples/./Example_spec_kryschur[0x4cc206]
[genoahost098:1619806] [ 7] /direct/sdcc+u/poare/Grid/build/examples/./Example_spec_kryschur[0x4cc2f1]
[genoahost098:1619806] [ 8] /direct/sdcc+u/poare/Grid/build/examples/./Example_spec_kryschur[0x4c7e95]
[genoahost098:1619806] [ 9] /direct/sdcc+u/poare/Grid/build/examples/./Example_spec_kryschur[0x4b5f4f]
[genoahost098:1619806] [10] /direct/sdcc+u/poare/Grid/build/examples/./Example_spec_kryschur[0x41180d]
[genoahost098:1619806] [11] /lib64/libc.so.6(+0x2a610)[0x147627a2a610]
[genoahost098:1619806] [12] /lib64/libc.so.6(__libc_start_main+0x80)[0x147627a2a6c0]
[genoahost098:1619806] [13] /direct/sdcc+u/poare/Grid/build/examples/./Example_spec_kryschur[0x4147f5]
[genoahost098:1619806] *** End of error message ***
srun: error: genoahost100: task 55: Aborted (core dumped)
Example_spec_kryschur: ../../Grid/communicator/SharedMemoryMPI.cc:434: static void Grid::GlobalSharedMemory::OptimalCommunicatorSharedMemory(const Coordinate&, ompi_communicator_t*&, Grid::Coordinate&): Assertion `WorldSize==Nprocessors' failed.
[genoahost098:1619808] *** Process received signal ***
[genoahost098:1619808] Signal: Aborted (6)
[genoahost098:1619808] Signal code:  (-6)
[genoahost098:1619808] [ 0] /lib64/libc.so.6(+0x3fc30)[0x15442b63fc30]
[genoahost098:1619808] [ 1] /lib64/libc.so.6(+0x8d02c)[0x15442b68d02c]
[genoahost098:1619808] [ 2] /lib64/libc.so.6(raise+0x16)[0x15442b63fb86]
[genoahost098:1619808] [ 3] /lib64/libc.so.6(abort+0xd3)[0x15442b629873]
[genoahost098:1619808] [ 4] /lib64/libc.so.6(+0x2979b)[0x15442b62979b]
[genoahost098:1619808] [ 5] /lib64/libc.so.6(+0x388c6)[0x15442b6388c6]
[genoahost098:1619808] [ 6] /direct/sdcc+u/poare/Grid/build/examples/./Example_spec_kryschur[0x4cc206]
[genoahost098:1619808] [ 7] /direct/sdcc+u/poare/Grid/build/examples/./Example_spec_kryschur[0x4cc2f1]
[genoahost098:1619808] [ 8] /direct/sdcc+u/poare/Grid/build/examples/./Example_spec_kryschur[0x4c7e95]
[genoahost098:1619808] [ 9] /direct/sdcc+u/poare/Grid/build/examples/./Example_spec_kryschur[0x4b5f4f]
[genoahost098:1619808] [10] /direct/sdcc+u/poare/Grid/build/examples/./Example_spec_kryschur[0x41180d]
[genoahost098:1619808] [11] /lib64/libc.so.6(+0x2a610)[0x15442b62a610]
[genoahost098:1619808] [12] /lib64/libc.so.6(__libc_start_main+0x80)[0x15442b62a6c0]
[genoahost098:1619808] [13] /direct/sdcc+u/poare/Grid/build/examples/./Example_spec_kryschur[0x4147f5]
[genoahost098:1619808] *** End of error message ***
srun: error: genoahost100: task 62: Aborted (core dumped)
Example_spec_kryschur: ../../Grid/communicator/SharedMemoryMPI.cc:434: static void Grid::GlobalSharedMemory::OptimalCommunicatorSharedMemory(const Coordinate&, ompi_communicator_t*&, Grid::Coordinate&): Assertion `WorldSize==Nprocessors' failed.
[genoahost098:1619804] *** Process received signal ***
[genoahost098:1619804] Signal: Aborted (6)
[genoahost098:1619804] Signal code:  (-6)
[genoahost098:1619804] [ 0] /lib64/libc.so.6(+0x3fc30)[0x153fe223fc30]
[genoahost098:1619804] [ 1] /lib64/libc.so.6(+0x8d02c)[0x153fe228d02c]
[genoahost098:1619804] [ 2] /lib64/libc.so.6(raise+0x16)[0x153fe223fb86]
[genoahost098:1619804] [ 3] /lib64/libc.so.6(abort+0xd3)[0x153fe2229873]
[genoahost098:1619804] [ 4] /lib64/libc.so.6(+0x2979b)[0x153fe222979b]
[genoahost098:1619804] [ 5] /lib64/libc.so.6(+0x388c6)[0x153fe22388c6]
[genoahost098:1619804] [ 6] /direct/sdcc+u/poare/Grid/build/examples/./Example_spec_kryschur[0x4cc206]
[genoahost098:1619804] [ 7] /direct/sdcc+u/poare/Grid/build/examples/./Example_spec_kryschur[0x4cc2f1]
[genoahost098:1619804] [ 8] /direct/sdcc+u/poare/Grid/build/examples/./Example_spec_kryschur[0x4c7e95]
[genoahost098:1619804] [ 9] /direct/sdcc+u/poare/Grid/build/examples/./Example_spec_kryschur[0x4b5f4f]
[genoahost098:1619804] [10] /direct/sdcc+u/poare/Grid/build/examples/./Example_spec_kryschur[0x41180d]
[genoahost098:1619804] [11] /lib64/libc.so.6(+0x2a610)[0x153fe222a610]
[genoahost098:1619804] [12] /lib64/libc.so.6(__libc_start_main+0x80)[0x153fe222a6c0]
[genoahost098:1619804] [13] /direct/sdcc+u/poare/Grid/build/examples/./Example_spec_kryschur[0x4147f5]
[genoahost098:1619804] *** End of error message ***
srun: error: genoahost103: task 101: Aborted (core dumped)
srun: error: genoahost103: tasks 99,111: Aborted (core dumped)
srun: error: genoahost103: task 108: Aborted (core dumped)
Example_spec_kryschur: ../../Grid/communicator/SharedMemoryMPI.cc:434: static void Grid::GlobalSharedMemory::OptimalCommunicatorSharedMemory(const Coordinate&, ompi_communicator_t*&, Grid::Coordinate&): Assertion `WorldSize==Nprocessors' failed.
[genoahost104:618401] *** Process received signal ***
[genoahost104:618401] Signal: Aborted (6)
[genoahost104:618401] Signal code:  (-6)
[genoahost104:618401] [ 0] /lib64/libc.so.6(+0x3fc30)[0x151565e3fc30]
[genoahost104:618401] [ 1] /lib64/libc.so.6(+0x8d02c)[0x151565e8d02c]
[genoahost104:618401] [ 2] /lib64/libc.so.6(raise+0x16)[0x151565e3fb86]
[genoahost104:618401] [ 3] /lib64/libc.so.6(abort+0xd3)[0x151565e29873]
[genoahost104:618401] [ 4] /lib64/libc.so.6(+0x2979b)[0x151565e2979b]
[genoahost104:618401] [ 5] /lib64/libc.so.6(+0x388c6)[0x151565e388c6]
[genoahost104:618401] [ 6] /direct/sdcc+u/poare/Grid/build/examples/./Example_spec_kryschur[0x4cc206]
[genoahost104:618401] [ 7] /direct/sdcc+u/poare/Grid/build/examples/./Example_spec_kryschur[0x4cc2f1]
[genoahost104:618401] [ 8] /direct/sdcc+u/poare/Grid/build/examples/./Example_spec_kryschur[0x4c7e95]
[genoahost104:618401] [ 9] /direct/sdcc+u/poare/Grid/build/examples/./Example_spec_kryschur[0x4b5f4f]
[genoahost104:618401] [10] /direct/sdcc+u/poare/Grid/build/examples/./Example_spec_kryschur[0x41180d]
[genoahost104:618401] [11] /lib64/libc.so.6(+0x2a610)[0x151565e2a610]
[genoahost104:618401] [12] /lib64/libc.so.6(__libc_start_main+0x80)[0x151565e2a6c0]
[genoahost104:618401] [13] /direct/sdcc+u/poare/Grid/build/examples/./Example_spec_kryschur[0x4147f5]
[genoahost104:618401] *** End of error message ***
Example_spec_kryschur: ../../Grid/communicator/SharedMemoryMPI.cc:434: static void Grid::GlobalSharedMemory::OptimalCommunicatorSharedMemory(const Coordinate&, ompi_communicator_t*&, Grid::Coordinate&): Assertion `WorldSize==Nprocessors' failed.
[genoahost104:618405] *** Process received signal ***
[genoahost104:618405] Signal: Aborted (6)
[genoahost104:618405] Signal code:  (-6)
[genoahost104:618405] [ 0] /lib64/libc.so.6(+0x3fc30)[0x1467d843fc30]
[genoahost104:618405] [ 1] /lib64/libc.so.6(+0x8d02c)[0x1467d848d02c]
[genoahost104:618405] [ 2] /lib64/libc.so.6(raise+0x16)[0x1467d843fb86]
[genoahost104:618405] [ 3] /lib64/libc.so.6(abort+0xd3)[0x1467d8429873]
[genoahost104:618405] [ 4] /lib64/libc.so.6(+0x2979b)[0x1467d842979b]
[genoahost104:618405] [ 5] /lib64/libc.so.6(+0x388c6)[0x1467d84388c6]
[genoahost104:618405] [ 6] /direct/sdcc+u/poare/Grid/build/examples/./Example_spec_kryschur[0x4cc206]
[genoahost104:618405] [ 7] /direct/sdcc+u/poare/Grid/build/examples/./Example_spec_kryschur[0x4cc2f1]
[genoahost104:618405] [ 8] /direct/sdcc+u/poare/Grid/build/examples/./Example_spec_kryschur[0x4c7e95]
[genoahost104:618405] [ 9] /direct/sdcc+u/poare/Grid/build/examples/./Example_spec_kryschur[0x4b5f4f]
[genoahost104:618405] [10] /direct/sdcc+u/poare/Grid/build/examples/./Example_spec_kryschur[0x41180d]
[genoahost104:618405] [11] /lib64/libc.so.6(+0x2a610)[0x1467d842a610]
[genoahost104:618405] [12] /lib64/libc.so.6(__libc_start_main+0x80)[0x1467d842a6c0]
[genoahost104:618405] [13] /direct/sdcc+u/poare/Grid/build/examples/./Example_spec_kryschur[0x4147f5]
[genoahost104:618405] *** End of error message ***
Example_spec_kryschur: ../../Grid/communicator/SharedMemoryMPI.cc:434: static void Grid::GlobalSharedMemory::OptimalCommunicatorSharedMemory(const Coordinate&, ompi_communicator_t*&, Grid::Coordinate&): Assertion `WorldSize==Nprocessors' failed.
[genoahost104:618395] *** Process received signal ***
[genoahost104:618395] Signal: Aborted (6)
[genoahost104:618395] Signal code:  (-6)
[genoahost104:618395] [ 0] /lib64/libc.so.6(+0x3fc30)[0x1483cee3fc30]
[genoahost104:618395] [ 1] /lib64/libc.so.6(+0x8d02c)[0x1483cee8d02c]
[genoahost104:618395] [ 2] /lib64/libc.so.6(raise+0x16)[0x1483cee3fb86]
[genoahost104:618395] [ 3] /lib64/libc.so.6(abort+0xd3)[0x1483cee29873]
[genoahost104:618395] [ 4] /lib64/libc.so.6(+0x2979b)[0x1483cee2979b]
[genoahost104:618395] [ 5] /lib64/libc.so.6(+0x388c6)[0x1483cee388c6]
[genoahost104:618395] [ 6] /direct/sdcc+u/poare/Grid/build/examples/./Example_spec_kryschur[0x4cc206]
[genoahost104:618395] [ 7] /direct/sdcc+u/poare/Grid/build/examples/./Example_spec_kryschur[0x4cc2f1]
[genoahost104:618395] [ 8] /direct/sdcc+u/poare/Grid/build/examples/./Example_spec_kryschur[0x4c7e95]
[genoahost104:618395] [ 9] /direct/sdcc+u/poare/Grid/build/examples/./Example_spec_kryschur[0x4b5f4f]
[genoahost104:618395] [10] /direct/sdcc+u/poare/Grid/build/examples/./Example_spec_kryschur[0x41180d]
[genoahost104:618395] [11] /lib64/libc.so.6(+0x2a610)[0x1483cee2a610]
[genoahost104:618395] [12] /lib64/libc.so.6(__libc_start_main+0x80)[0x1483cee2a6c0]
[genoahost104:618395] [13] /direct/sdcc+u/poare/Grid/build/examples/./Example_spec_kryschur[0x4147f5]
[genoahost104:618395] *** End of error message ***
srun: error: genoahost098: task 26: Aborted (core dumped)
srun: error: genoahost098: task 19: Aborted (core dumped)
srun: error: genoahost098: task 28: Aborted (core dumped)
srun: error: genoahost098: task 30: Aborted (core dumped)
Example_spec_kryschur: ../../Grid/communicator/SharedMemoryMPI.cc:434: static void Grid::GlobalSharedMemory::OptimalCommunicatorSharedMemory(const Coordinate&, ompi_communicator_t*&, Grid::Coordinate&): Assertion `WorldSize==Nprocessors' failed.
[genoahost102:617677] *** Process received signal ***
[genoahost102:617677] Signal: Aborted (6)
[genoahost102:617677] Signal code:  (-6)
[genoahost102:617677] [ 0] /lib64/libc.so.6(+0x3fc30)[0x1552d1e3fc30]
[genoahost102:617677] [ 1] /lib64/libc.so.6(+0x8d02c)[0x1552d1e8d02c]
[genoahost102:617677] [ 2] /lib64/libc.so.6(raise+0x16)[0x1552d1e3fb86]
[genoahost102:617677] [ 3] /lib64/libc.so.6(abort+0xd3)[0x1552d1e29873]
[genoahost102:617677] [ 4] /lib64/libc.so.6(+0x2979b)[0x1552d1e2979b]
[genoahost102:617677] [ 5] /lib64/libc.so.6(+0x388c6)[0x1552d1e388c6]
[genoahost102:617677] [ 6] /direct/sdcc+u/poare/Grid/build/examples/./Example_spec_kryschur[0x4cc206]
[genoahost102:617677] [ 7] /direct/sdcc+u/poare/Grid/build/examples/./Example_spec_kryschur[0x4cc2f1]
[genoahost102:617677] [ 8] /direct/sdcc+u/poare/Grid/build/examples/./Example_spec_kryschur[0x4c7e95]
[genoahost102:617677] [ 9] /direct/sdcc+u/poare/Grid/build/examples/./Example_spec_kryschur[0x4b5f4f]
[genoahost102:617677] [10] /direct/sdcc+u/poare/Grid/build/examples/./Example_spec_kryschur[0x41180d]
[genoahost102:617677] [11] /lib64/libc.so.6(+0x2a610)[0x1552d1e2a610]
[genoahost102:617677] [12] /lib64/libc.so.6(__libc_start_main+0x80)[0x1552d1e2a6c0]
[genoahost102:617677] [13] /direct/sdcc+u/poare/Grid/build/examples/./Example_spec_kryschur[0x4147f5]
[genoahost102:617677] *** End of error message ***
Example_spec_kryschur: ../../Grid/communicator/SharedMemoryMPI.cc:434: static void Grid::GlobalSharedMemory::OptimalCommunicatorSharedMemory(const Coordinate&, ompi_communicator_t*&, Grid::Coordinate&): Assertion `WorldSize==Nprocessors' failed.
[genoahost102:617673] *** Process received signal ***
[genoahost102:617673] Signal: Aborted (6)
[genoahost102:617673] Signal code:  (-6)
[genoahost102:617673] [ 0] /lib64/libc.so.6(+0x3fc30)[0x151d1283fc30]
[genoahost102:617673] [ 1] /lib64/libc.so.6(+0x8d02c)[0x151d1288d02c]
[genoahost102:617673] [ 2] /lib64/libc.so.6(raise+0x16)[0x151d1283fb86]
[genoahost102:617673] [ 3] /lib64/libc.so.6(abort+0xd3)[0x151d12829873]
[genoahost102:617673] [ 4] /lib64/libc.so.6(+0x2979b)[0x151d1282979b]
[genoahost102:617673] [ 5] /lib64/libc.so.6(+0x388c6)[0x151d128388c6]
[genoahost102:617673] [ 6] /direct/sdcc+u/poare/Grid/build/examples/./Example_spec_kryschur[0x4cc206]
[genoahost102:617673] [ 7] /direct/sdcc+u/poare/Grid/build/examples/./Example_spec_kryschur[0x4cc2f1]
[genoahost102:617673] [ 8] /direct/sdcc+u/poare/Grid/build/examples/./Example_spec_kryschur[0x4c7e95]
[genoahost102:617673] [ 9] /direct/sdcc+u/poare/Grid/build/examples/./Example_spec_kryschur[0x4b5f4f]
[genoahost102:617673] [10] /direct/sdcc+u/poare/Grid/build/examples/./Example_spec_kryschur[0x41180d]
[genoahost102:617673] [11] /lib64/libc.so.6(+0x2a610)[0x151d1282a610]
[genoahost102:617673] [12] /lib64/libc.so.6(__libc_start_main+0x80)[0x151d1282a6c0]
[genoahost102:617673] [13] /direct/sdcc+u/poare/Grid/build/examples/./Example_spec_kryschur[0x4147f5]
[genoahost102:617673] *** End of error message ***
Example_spec_kryschur: ../../Grid/communicator/SharedMemoryMPI.cc:434: static void Grid::GlobalSharedMemory::OptimalCommunicatorSharedMemory(const Coordinate&, ompi_communicator_t*&, Grid::Coordinate&): Assertion `WorldSize==Nprocessors' failed.
[genoahost102:617675] *** Process received signal ***
[genoahost102:617675] Signal: Aborted (6)
[genoahost102:617675] Signal code:  (-6)
[genoahost102:617675] [ 0] /lib64/libc.so.6(+0x3fc30)[0x14df3443fc30]
[genoahost102:617675] [ 1] /lib64/libc.so.6(+0x8d02c)[0x14df3448d02c]
[genoahost102:617675] [ 2] /lib64/libc.so.6(raise+0x16)[0x14df3443fb86]
[genoahost102:617675] [ 3] /lib64/libc.so.6(abort+0xd3)[0x14df34429873]
[genoahost102:617675] [ 4] /lib64/libc.so.6(+0x2979b)[0x14df3442979b]
[genoahost102:617675] [ 5] /lib64/libc.so.6(+0x388c6)[0x14df344388c6]
[genoahost102:617675] [ 6] /direct/sdcc+u/poare/Grid/build/examples/./Example_spec_kryschur[0x4cc206]
[genoahost102:617675] [ 7] /direct/sdcc+u/poare/Grid/build/examples/./Example_spec_kryschur[0x4cc2f1]
[genoahost102:617675] [ 8] /direct/sdcc+u/poare/Grid/build/examples/./Example_spec_kryschur[0x4c7e95]
[genoahost102:617675] [ 9] /direct/sdcc+u/poare/Grid/build/examples/./Example_spec_kryschur[0x4b5f4f]
[genoahost102:617675] [10] /direct/sdcc+u/poare/Grid/build/examples/./Example_spec_kryschur[0x41180d]
[genoahost102:617675] [11] /lib64/libc.so.6(+0x2a610)[0x14df3442a610]
[genoahost102:617675] [12] /lib64/libc.so.6(__libc_start_main+0x80)[0x14df3442a6c0]
[genoahost102:617675] [13] /direct/sdcc+u/poare/Grid/build/examples/./Example_spec_kryschur[0x4147f5]
[genoahost102:617675] *** End of error message ***
Example_spec_kryschur: ../../Grid/communicator/SharedMemoryMPI.cc:434: static void Grid::GlobalSharedMemory::OptimalCommunicatorSharedMemory(const Coordinate&, ompi_communicator_t*&, Grid::Coordinate&): Assertion `WorldSize==Nprocessors' failed.
[genoahost102:617662] *** Process received signal ***
[genoahost102:617662] Signal: Aborted (6)
[genoahost102:617662] Signal code:  (-6)
[genoahost102:617662] [ 0] /lib64/libc.so.6(+0x3fc30)[0x15543c43fc30]
[genoahost102:617662] [ 1] /lib64/libc.so.6(+0x8d02c)[0x15543c48d02c]
[genoahost102:617662] [ 2] /lib64/libc.so.6(raise+0x16)[0x15543c43fb86]
[genoahost102:617662] [ 3] /lib64/libc.so.6(abort+0xd3)[0x15543c429873]
[genoahost102:617662] [ 4] /lib64/libc.so.6(+0x2979b)[0x15543c42979b]
[genoahost102:617662] [ 5] /lib64/libc.so.6(+0x388c6)[0x15543c4388c6]
[genoahost102:617662] [ 6] /direct/sdcc+u/poare/Grid/build/examples/./Example_spec_kryschur[0x4cc206]
[genoahost102:617662] [ 7] /direct/sdcc+u/poare/Grid/build/examples/./Example_spec_kryschur[0x4cc2f1]
[genoahost102:617662] [ 8] /direct/sdcc+u/poare/Grid/build/examples/./Example_spec_kryschur[0x4c7e95]
[genoahost102:617662] [ 9] /direct/sdcc+u/poare/Grid/build/examples/./Example_spec_kryschur[0x4b5f4f]
[genoahost102:617662] [10] /direct/sdcc+u/poare/Grid/build/examples/./Example_spec_kryschur[0x41180d]
[genoahost102:617662] [11] /lib64/libc.so.6(+0x2a610)[0x15543c42a610]
[genoahost102:617662] [12] /lib64/libc.so.6(__libc_start_main+0x80)[0x15543c42a6c0]
[genoahost102:617662] [13] /direct/sdcc+u/poare/Grid/build/examples/./Example_spec_kryschur[0x4147f5]
[genoahost102:617662] *** End of error message ***
srun: error: genoahost102: task 90: Aborted (core dumped)
Example_spec_kryschur: ../../Grid/communicator/SharedMemoryMPI.cc:434: static void Grid::GlobalSharedMemory::OptimalCommunicatorSharedMemory(const Coordinate&, ompi_communicator_t*&, Grid::Coordinate&): Assertion `WorldSize==Nprocessors' failed.
[genoahost102:617670] *** Process received signal ***
[genoahost102:617670] Signal: Aborted (6)
[genoahost102:617670] Signal code:  (-6)
[genoahost102:617670] [ 0] /lib64/libc.so.6(+0x3fc30)[0x14f5bba3fc30]
[genoahost102:617670] [ 1] /lib64/libc.so.6(+0x8d02c)[0x14f5bba8d02c]
[genoahost102:617670] [ 2] /lib64/libc.so.6(raise+0x16)[0x14f5bba3fb86]
[genoahost102:617670] [ 3] /lib64/libc.so.6(abort+0xd3)[0x14f5bba29873]
[genoahost102:617670] [ 4] /lib64/libc.so.6(+0x2979b)[0x14f5bba2979b]
[genoahost102:617670] [ 5] /lib64/libc.so.6(+0x388c6)[0x14f5bba388c6]
[genoahost102:617670] [ 6] /direct/sdcc+u/poare/Grid/build/examples/./Example_spec_kryschur[0x4cc206]
[genoahost102:617670] [ 7] /direct/sdcc+u/poare/Grid/build/examples/./Example_spec_kryschur[0x4cc2f1]
[genoahost102:617670] [ 8] /direct/sdcc+u/poare/Grid/build/examples/./Example_spec_kryschur[0x4c7e95]
[genoahost102:617670] [ 9] /direct/sdcc+u/poare/Grid/build/examples/./Example_spec_kryschur[0x4b5f4f]
[genoahost102:617670] [10] /direct/sdcc+u/poare/Grid/build/examples/./Example_spec_kryschur[0x41180d]
[genoahost102:617670] [11] /lib64/libc.so.6(+0x2a610)[0x14f5bba2a610]
[genoahost102:617670] [12] /lib64/libc.so.6(__libc_start_main+0x80)[0x14f5bba2a6c0]
[genoahost102:617670] [13] /direct/sdcc+u/poare/Grid/build/examples/./Example_spec_kryschur[0x4147f5]
[genoahost102:617670] *** End of error message ***
Example_spec_kryschur: ../../Grid/communicator/SharedMemoryMPI.cc:434: static void Grid::GlobalSharedMemory::OptimalCommunicatorSharedMemory(const Coordinate&, ompi_communicator_t*&, Grid::Coordinate&): Assertion `WorldSize==Nprocessors' failed.
[genoahost102:617665] *** Process received signal ***
[genoahost102:617665] Signal: Aborted (6)
[genoahost102:617665] Signal code:  (-6)
[genoahost102:617665] [ 0] /lib64/libc.so.6(+0x3fc30)[0x14c3db63fc30]
[genoahost102:617665] [ 1] /lib64/libc.so.6(+0x8d02c)[0x14c3db68d02c]
[genoahost102:617665] [ 2] /lib64/libc.so.6(raise+0x16)[0x14c3db63fb86]
[genoahost102:617665] [ 3] /lib64/libc.so.6(abort+0xd3)[0x14c3db629873]
[genoahost102:617665] [ 4] /lib64/libc.so.6(+0x2979b)[0x14c3db62979b]
[genoahost102:617665] [ 5] /lib64/libc.so.6(+0x388c6)[0x14c3db6388c6]
[genoahost102:617665] [ 6] /direct/sdcc+u/poare/Grid/build/examples/./Example_spec_kryschur[0x4cc206]
[genoahost102:617665] [ 7] /direct/sdcc+u/poare/Grid/build/examples/./Example_spec_kryschur[0x4cc2f1]
[genoahost102:617665] [ 8] /direct/sdcc+u/poare/Grid/build/examples/./Example_spec_kryschur[0x4c7e95]
[genoahost102:617665] [ 9] /direct/sdcc+u/poare/Grid/build/examples/./Example_spec_kryschur[0x4b5f4f]
[genoahost102:617665] [10] /direct/sdcc+u/poare/Grid/build/examples/./Example_spec_kryschur[0x41180d]
[genoahost102:617665] [11] /lib64/libc.so.6(+0x2a610)[0x14c3db62a610]
[genoahost102:617665] [12] /lib64/libc.so.6(__libc_start_main+0x80)[0x14c3db62a6c0]
[genoahost102:617665] [13] /direct/sdcc+u/poare/Grid/build/examples/./Example_spec_kryschur[0x4147f5]
[genoahost102:617665] *** End of error message ***
Example_spec_kryschur: ../../Grid/communicator/SharedMemoryMPI.cc:434: static void Grid::GlobalSharedMemory::OptimalCommunicatorSharedMemory(const Coordinate&, ompi_communicator_t*&, Grid::Coordinate&): Assertion `WorldSize==Nprocessors' failed.
Example_spec_kryschur: ../../Grid/communicator/SharedMemoryMPI.cc:434: static void Grid::GlobalSharedMemory::OptimalCommunicatorSharedMemory(const Coordinate&, ompi_communicator_t*&, Grid::Coordinate&): Assertion `WorldSize==Nprocessors' failed.
Example_spec_kryschur: ../../Grid/communicator/SharedMemoryMPI.cc:434: static void Grid::GlobalSharedMemory::OptimalCommunicatorSharedMemory(const Coordinate&, ompi_communicator_t*&, Grid::Coordinate&): Assertion `WorldSize==Nprocessors' failed.
[genoahost097:1720346] *** Process received signal ***
[genoahost097:1720346] Signal: Aborted (6)
[genoahost097:1720346] Signal code:  (-6)
[genoahost097:1720346] [ 0] /lib64/libc.so.6(+0x3fc30)[0x151b0803fc30]
[genoahost097:1720346] [ 1] /lib64/libc.so.6(+0x8d02c)[0x151b0808d02c]
[genoahost097:1720346] [ 2] /lib64/libc.so.6(raise+0x16)[0x151b0803fb86]
[genoahost097:1720346] [ 3] /lib64/libc.so.6(abort+0xd3)[0x151b08029873]
[genoahost097:1720346] [ 4] /lib64/libc.so.6(+0x2979b)[0x151b0802979b]
[genoahost097:1720346] [ 5] /lib64/libc.so.6(+0x388c6)[0x151b080388c6]
[genoahost097:1720346] [ 6] /direct/sdcc+u/poare/Grid/build/examples/./Example_spec_kryschur[0x4cc206]
[genoahost097:1720346] [ 7] /direct/sdcc+u/poare/Grid/build/examples/./Example_spec_kryschur[0x4cc2f1]
[genoahost097:1720346] [ 8] /direct/sdcc+u/poare/Grid/build/examples/./Example_spec_kryschur[0x4c7e95]
[genoahost097:1720346] [ 9] /direct/sdcc+u/poare/Grid/build/examples/./Example_spec_kryschur[0x4b5f4f]
[genoahost097:1720346] [10] /direct/sdcc+u/poare/Grid/build/examples/./Example_spec_kryschur[0x41180d]
[genoahost097:1720346] [11] /lib64/libc.so.6(+0x2a610)[0x151b0802a610]
[genoahost097:1720346] [12] /lib64/libc.so.6(__libc_start_main+0x80)[0x151b0802a6c0]
[genoahost097:1720346] [13] /direct/sdcc+u/poare/Grid/build/examples/./Example_spec_kryschur[0x4147f5]
[genoahost097:1720346] *** End of error message ***
[genoahost097:1720351] *** Process received signal ***
[genoahost097:1720351] Signal: Aborted (6)
[genoahost097:1720351] Signal code:  (-6)
[genoahost097:1720351] [ 0] /lib64/libc.so.6(+0x3fc30)[0x146a3443fc30]
[genoahost097:1720351] [ 1] /lib64/libc.so.6(+0x8d02c)[0x146a3448d02c]
[genoahost097:1720351] [ 2] /lib64/libc.so.6(raise+0x16)[0x146a3443fb86]
[genoahost097:1720351] [ 3] /lib64/libc.so.6(abort+0xd3)[0x146a34429873]
[genoahost097:1720351] [ 4] /lib64/libc.so.6(+0x2979b)[0x146a3442979b]
[genoahost097:1720351] [ 5] /lib64/libc.so.6(+0x388c6)[0x146a344388c6]
[genoahost097:1720351] [ 6] /direct/sdcc+u/poare/Grid/build/examples/./Example_spec_kryschur[0x4cc206]
[genoahost097:1720351] [ 7] /direct/sdcc+u/poare/Grid/build/examples/./Example_spec_kryschur[0x4cc2f1]
[genoahost097:1720351] [ 8] /direct/sdcc+u/poare/Grid/build/examples/./Example_spec_kryschur[0x4c7e95]
[genoahost097:1720351] [ 9] /direct/sdcc+u/poare/Grid/build/examples/./Example_spec_kryschur[0x4b5f4f]
[genoahost097:1720351] [10] /direct/sdcc+u/poare/Grid/build/examples/./Example_spec_kryschur[0x41180d]
[genoahost097:1720351] [11] /lib64/libc.so.6(+0x2a610)[0x146a3442a610]
[genoahost097:1720351] [12] /lib64/libc.so.6(__libc_start_main+0x80)[0x146a3442a6c0]
[genoahost097:1720351] [13] /direct/sdcc+u/poare/Grid/build/examples/./Example_spec_kryschur[0x4147f5]
[genoahost097:1720351] *** End of error message ***
[genoahost097:1720338] *** Process received signal ***
[genoahost097:1720338] Signal: Aborted (6)
[genoahost097:1720338] Signal code:  (-6)
[genoahost097:1720338] [ 0] /lib64/libc.so.6(+0x3fc30)[0x145fa803fc30]
[genoahost097:1720338] [ 1] /lib64/libc.so.6(+0x8d02c)[0x145fa808d02c]
[genoahost097:1720338] [ 2] /lib64/libc.so.6(raise+0x16)[0x145fa803fb86]
[genoahost097:1720338] [ 3] /lib64/libc.so.6(abort+0xd3)[0x145fa8029873]
[genoahost097:1720338] [ 4] /lib64/libc.so.6(+0x2979b)[0x145fa802979b]
[genoahost097:1720338] [ 5] /lib64/libc.so.6(+0x388c6)[0x145fa80388c6]
[genoahost097:1720338] [ 6] /direct/sdcc+u/poare/Grid/build/examples/./Example_spec_kryschur[0x4cc206]
[genoahost097:1720338] [ 7] /direct/sdcc+u/poare/Grid/build/examples/./Example_spec_kryschur[0x4cc2f1]
[genoahost097:1720338] [ 8] /direct/sdcc+u/poare/Grid/build/examples/./Example_spec_kryschur[0x4c7e95]
[genoahost097:1720338] [ 9] /direct/sdcc+u/poare/Grid/build/examples/./Example_spec_kryschur[0x4b5f4f]
[genoahost097:1720338] [10] /direct/sdcc+u/poare/Grid/build/examples/./Example_spec_kryschur[0x41180d]
[genoahost097:1720338] [11] /lib64/libc.so.6(+0x2a610)[0x145fa802a610]
[genoahost097:1720338] [12] /lib64/libc.so.6(__libc_start_main+0x80)[0x145fa802a6c0]
[genoahost097:1720338] [13] /direct/sdcc+u/poare/Grid/build/examples/./Example_spec_kryschur[0x4147f5]
[genoahost097:1720338] *** End of error message ***
Example_spec_kryschur: ../../Grid/communicator/SharedMemoryMPI.cc:434: static void Grid::GlobalSharedMemory::OptimalCommunicatorSharedMemory(const Coordinate&, ompi_communicator_t*&, Grid::Coordinate&): Assertion `WorldSize==Nprocessors' failed.
[genoahost097:1720342] *** Process received signal ***
[genoahost097:1720342] Signal: Aborted (6)
[genoahost097:1720342] Signal code:  (-6)
[genoahost097:1720342] [ 0] /lib64/libc.so.6(+0x3fc30)[0x14aa4103fc30]
[genoahost097:1720342] [ 1] /lib64/libc.so.6(+0x8d02c)[0x14aa4108d02c]
[genoahost097:1720342] [ 2] /lib64/libc.so.6(raise+0x16)[0x14aa4103fb86]
[genoahost097:1720342] [ 3] /lib64/libc.so.6(abort+0xd3)[0x14aa41029873]
[genoahost097:1720342] [ 4] /lib64/libc.so.6(+0x2979b)[0x14aa4102979b]
[genoahost097:1720342] [ 5] /lib64/libc.so.6(+0x388c6)[0x14aa410388c6]
[genoahost097:1720342] [ 6] /direct/sdcc+u/poare/Grid/build/examples/./Example_spec_kryschur[0x4cc206]
[genoahost097:1720342] [ 7] /direct/sdcc+u/poare/Grid/build/examples/./Example_spec_kryschur[0x4cc2f1]
[genoahost097:1720342] [ 8] /direct/sdcc+u/poare/Grid/build/examples/./Example_spec_kryschur[0x4c7e95]
[genoahost097:1720342] [ 9] /direct/sdcc+u/poare/Grid/build/examples/./Example_spec_kryschur[0x4b5f4f]
[genoahost097:1720342] [10] /direct/sdcc+u/poare/Grid/build/examples/./Example_spec_kryschur[0x41180d]
[genoahost097:1720342] [11] /lib64/libc.so.6(+0x2a610)[0x14aa4102a610]
[genoahost097:1720342] [12] /lib64/libc.so.6(__libc_start_main+0x80)[0x14aa4102a6c0]
[genoahost097:1720342] [13] /direct/sdcc+u/poare/Grid/build/examples/./Example_spec_kryschur[0x4147f5]
[genoahost097:1720342] *** End of error message ***
srun: error: genoahost102: task 94: Aborted (core dumped)
srun: error: genoahost102: tasks 82,84: Aborted (core dumped)
srun: error: genoahost102: task 86: Aborted (core dumped)
srun: error: genoahost104: task 114: Aborted (core dumped)
srun: error: genoahost104: task 121: Aborted (core dumped)
Example_spec_kryschur: ../../Grid/communicator/SharedMemoryMPI.cc:434: static void Grid::GlobalSharedMemory::OptimalCommunicatorSharedMemory(const Coordinate&, ompi_communicator_t*&, Grid::Coordinate&): Assertion `WorldSize==Nprocessors' failed.
[genoahost099:1599070] *** Process received signal ***
[genoahost099:1599070] Signal: Aborted (6)
[genoahost099:1599070] Signal code:  (-6)
[genoahost099:1599070] [ 0] /lib64/libc.so.6(+0x3fc30)[0x14d0a383fc30]
[genoahost099:1599070] [ 1] /lib64/libc.so.6(+0x8d02c)[0x14d0a388d02c]
[genoahost099:1599070] [ 2] /lib64/libc.so.6(raise+0x16)[0x14d0a383fb86]
[genoahost099:1599070] [ 3] /lib64/libc.so.6(abort+0xd3)[0x14d0a3829873]
[genoahost099:1599070] [ 4] /lib64/libc.so.6(+0x2979b)[0x14d0a382979b]
[genoahost099:1599070] [ 5] /lib64/libc.so.6(+0x388c6)[0x14d0a38388c6]
[genoahost099:1599070] [ 6] /direct/sdcc+u/poare/Grid/build/examples/./Example_spec_kryschur[0x4cc206]
[genoahost099:1599070] [ 7] /direct/sdcc+u/poare/Grid/build/examples/./Example_spec_kryschur[0x4cc2f1]
[genoahost099:1599070] [ 8] /direct/sdcc+u/poare/Grid/build/examples/./Example_spec_kryschur[0x4c7e95]
[genoahost099:1599070] [ 9] /direct/sdcc+u/poare/Grid/build/examples/./Example_spec_kryschur[0x4b5f4f]
[genoahost099:1599070] [10] /direct/sdcc+u/poare/Grid/build/examples/./Example_spec_kryschur[0x41180d]
[genoahost099:1599070] [11] /lib64/libc.so.6(+0x2a610)[0x14d0a382a610]
[genoahost099:1599070] [12] /lib64/libc.so.6(__libc_start_main+0x80)[0x14d0a382a6c0]
[genoahost099:1599070] [13] /direct/sdcc+u/poare/Grid/build/examples/./Example_spec_kryschur[0x4147f5]
[genoahost099:1599070] *** End of error message ***
Example_spec_kryschur: ../../Grid/communicator/SharedMemoryMPI.cc:434: static void Grid::GlobalSharedMemory::OptimalCommunicatorSharedMemory(const Coordinate&, ompi_communicator_t*&, Grid::Coordinate&): Assertion `WorldSize==Nprocessors' failed.
[genoahost099:1599060] *** Process received signal ***
[genoahost099:1599060] Signal: Aborted (6)
[genoahost099:1599060] Signal code:  (-6)
[genoahost099:1599060] [ 0] /lib64/libc.so.6(+0x3fc30)[0x1527ebc3fc30]
[genoahost099:1599060] [ 1] /lib64/libc.so.6(+0x8d02c)[0x1527ebc8d02c]
[genoahost099:1599060] [ 2] /lib64/libc.so.6(raise+0x16)[0x1527ebc3fb86]
[genoahost099:1599060] [ 3] /lib64/libc.so.6(abort+0xd3)[0x1527ebc29873]
[genoahost099:1599060] [ 4] /lib64/libc.so.6(+0x2979b)[0x1527ebc2979b]
[genoahost099:1599060] [ 5] /lib64/libc.so.6(+0x388c6)[0x1527ebc388c6]
[genoahost099:1599060] [ 6] /direct/sdcc+u/poare/Grid/build/examples/./Example_spec_kryschur[0x4cc206]
[genoahost099:1599060] [ 7] /direct/sdcc+u/poare/Grid/build/examples/./Example_spec_kryschur[0x4cc2f1]
[genoahost099:1599060] [ 8] /direct/sdcc+u/poare/Grid/build/examples/./Example_spec_kryschur[0x4c7e95]
[genoahost099:1599060] [ 9] /direct/sdcc+u/poare/Grid/build/examples/./Example_spec_kryschur[0x4b5f4f]
[genoahost099:1599060] [10] /direct/sdcc+u/poare/Grid/build/examples/./Example_spec_kryschur[0x41180d]
[genoahost099:1599060] [11] /lib64/libc.so.6(+0x2a610)[0x1527ebc2a610]
[genoahost099:1599060] [12] /lib64/libc.so.6(__libc_start_main+0x80)[0x1527ebc2a6c0]
[genoahost099:1599060] [13] /direct/sdcc+u/poare/Grid/build/examples/./Example_spec_kryschur[0x4147f5]
[genoahost099:1599060] *** End of error message ***
Example_spec_kryschur: ../../Grid/communicator/SharedMemoryMPI.cc:434: static void Grid::GlobalSharedMemory::OptimalCommunicatorSharedMemory(const Coordinate&, ompi_communicator_t*&, Grid::Coordinate&): Assertion `WorldSize==Nprocessors' failed.
[genoahost099:1599069] *** Process received signal ***
[genoahost099:1599069] Signal: Aborted (6)
[genoahost099:1599069] Signal code:  (-6)
[genoahost099:1599069] [ 0] /lib64/libc.so.6(+0x3fc30)[0x147f5823fc30]
[genoahost099:1599069] [ 1] /lib64/libc.so.6(+0x8d02c)[0x147f5828d02c]
[genoahost099:1599069] [ 2] /lib64/libc.so.6(raise+0x16)[0x147f5823fb86]
[genoahost099:1599069] [ 3] /lib64/libc.so.6(abort+0xd3)[0x147f58229873]
[genoahost099:1599069] [ 4] /lib64/libc.so.6(+0x2979b)[0x147f5822979b]
[genoahost099:1599069] [ 5] /lib64/libc.so.6(+0x388c6)[0x147f582388c6]
[genoahost099:1599069] [ 6] /direct/sdcc+u/poare/Grid/build/examples/./Example_spec_kryschur[0x4cc206]
[genoahost099:1599069] [ 7] /direct/sdcc+u/poare/Grid/build/examples/./Example_spec_kryschur[0x4cc2f1]
[genoahost099:1599069] [ 8] /direct/sdcc+u/poare/Grid/build/examples/./Example_spec_kryschur[0x4c7e95]
[genoahost099:1599069] [ 9] /direct/sdcc+u/poare/Grid/build/examples/./Example_spec_kryschur[0x4b5f4f]
[genoahost099:1599069] [10] /direct/sdcc+u/poare/Grid/build/examples/./Example_spec_kryschur[0x41180d]
[genoahost099:1599069] [11] /lib64/libc.so.6(+0x2a610)[0x147f5822a610]
[genoahost099:1599069] [12] /lib64/libc.so.6(__libc_start_main+0x80)[0x147f5822a6c0]
[genoahost099:1599069] [13] /direct/sdcc+u/poare/Grid/build/examples/./Example_spec_kryschur[0x4147f5]
[genoahost099:1599069] *** End of error message ***
Example_spec_kryschur: ../../Grid/communicator/SharedMemoryMPI.cc:434: static void Grid::GlobalSharedMemory::OptimalCommunicatorSharedMemory(const Coordinate&, ompi_communicator_t*&, Grid::Coordinate&): Assertion `WorldSize==Nprocessors' failed.
[genoahost099:1599064] *** Process received signal ***
[genoahost099:1599064] Signal: Aborted (6)
[genoahost099:1599064] Signal code:  (-6)
[genoahost099:1599064] [ 0] /lib64/libc.so.6(+0x3fc30)[0x1488df23fc30]
[genoahost099:1599064] [ 1] /lib64/libc.so.6(+0x8d02c)[0x1488df28d02c]
[genoahost099:1599064] [ 2] /lib64/libc.so.6(raise+0x16)[0x1488df23fb86]
[genoahost099:1599064] [ 3] /lib64/libc.so.6(abort+0xd3)[0x1488df229873]
[genoahost099:1599064] [ 4] /lib64/libc.so.6(+0x2979b)[0x1488df22979b]
[genoahost099:1599064] [ 5] /lib64/libc.so.6(+0x388c6)[0x1488df2388c6]
[genoahost099:1599064] [ 6] /direct/sdcc+u/poare/Grid/build/examples/./Example_spec_kryschur[0x4cc206]
[genoahost099:1599064] [ 7] /direct/sdcc+u/poare/Grid/build/examples/./Example_spec_kryschur[0x4cc2f1]
[genoahost099:1599064] [ 8] /direct/sdcc+u/poare/Grid/build/examples/./Example_spec_kryschur[0x4c7e95]
[genoahost099:1599064] [ 9] /direct/sdcc+u/poare/Grid/build/examples/./Example_spec_kryschur[0x4b5f4f]
[genoahost099:1599064] [10] /direct/sdcc+u/poare/Grid/build/examples/./Example_spec_kryschur[0x41180d]
[genoahost099:1599064] [11] /lib64/libc.so.6(+0x2a610)[0x1488df22a610]
[genoahost099:1599064] [12] /lib64/libc.so.6(__libc_start_main+0x80)[0x1488df22a6c0]
[genoahost099:1599064] [13] /direct/sdcc+u/poare/Grid/build/examples/./Example_spec_kryschur[0x4147f5]
[genoahost099:1599064] *** End of error message ***
Example_spec_kryschur: ../../Grid/communicator/SharedMemoryMPI.cc:434: static void Grid::GlobalSharedMemory::OptimalCommunicatorSharedMemory(const Coordinate&, ompi_communicator_t*&, Grid::Coordinate&): Assertion `WorldSize==Nprocessors' failed.
Example_spec_kryschur: ../../Grid/communicator/SharedMemoryMPI.cc:434: static void Grid::GlobalSharedMemory::OptimalCommunicatorSharedMemory(const Coordinate&, ompi_communicator_t*&, Grid::Coordinate&): Assertion `WorldSize==Nprocessors' failed.
[genoahost104:618406] *** Process received signal ***
[genoahost104:618406] Signal: Aborted (6)
[genoahost104:618406] Signal code:  (-6)
[genoahost104:618406] [ 0] /lib64/libc.so.6(+0x3fc30)[0x1545b1c3fc30]
[genoahost104:618406] [ 1] /lib64/libc.so.6(+0x8d02c)[0x1545b1c8d02c]
[genoahost104:618406] [ 2] /lib64/libc.so.6(raise+0x16)[0x1545b1c3fb86]
[genoahost104:618406] [ 3] /lib64/libc.so.6(abort+0xd3)[0x1545b1c29873]
[genoahost104:618406] [ 4] /lib64/libc.so.6(+0x2979b)[0x1545b1c2979b]
[genoahost104:618406] [ 5] /lib64/libc.so.6(+0x388c6)[0x1545b1c388c6]
[genoahost104:618406] [ 6] /direct/sdcc+u/poare/Grid/build/examples/./Example_spec_kryschur[0x4cc206]
[genoahost104:618406] [ 7] /direct/sdcc+u/poare/Grid/build/examples/./Example_spec_kryschur[0x4cc2f1]
[genoahost104:618406] [ 8] /direct/sdcc+u/poare/Grid/build/examples/./Example_spec_kryschur[0x4c7e95]
[genoahost104:618406] [ 9] /direct/sdcc+u/poare/Grid/build/examples/./Example_spec_kryschur[0x4b5f4f]
[genoahost104:618406] [10] /direct/sdcc+u/poare/Grid/build/examples/./Example_spec_kryschur[0x41180d]
[genoahost104:618406] [11] /lib64/libc.so.6(+0x2a610)[0x1545b1c2a610]
[genoahost104:618406] [12] /lib64/libc.so.6(__libc_start_main+0x80)[0x1545b1c2a6c0]
[genoahost104:618406] [13] /direct/sdcc+u/poare/Grid/build/examples/./Example_spec_kryschur[0x4147f5]
[genoahost104:618406] *** End of error message ***
[genoahost104:618398] *** Process received signal ***
[genoahost104:618398] Signal: Aborted (6)
[genoahost104:618398] Signal code:  (-6)
[genoahost104:618398] [ 0] /lib64/libc.so.6(+0x3fc30)[0x15168a63fc30]
[genoahost104:618398] [ 1] /lib64/libc.so.6(+0x8d02c)[0x15168a68d02c]
[genoahost104:618398] [ 2] /lib64/libc.so.6(raise+0x16)[0x15168a63fb86]
[genoahost104:618398] [ 3] /lib64/libc.so.6(abort+0xd3)[0x15168a629873]
[genoahost104:618398] [ 4] /lib64/libc.so.6(+0x2979b)[0x15168a62979b]
[genoahost104:618398] [ 5] /lib64/libc.so.6(+0x388c6)[0x15168a6388c6]
[genoahost104:618398] [ 6] /direct/sdcc+u/poare/Grid/build/examples/./Example_spec_kryschur[0x4cc206]
[genoahost104:618398] [ 7] /direct/sdcc+u/poare/Grid/build/examples/./Example_spec_kryschur[0x4cc2f1]
[genoahost104:618398] [ 8] /direct/sdcc+u/poare/Grid/build/examples/./Example_spec_kryschur[0x4c7e95]
[genoahost104:618398] [ 9] /direct/sdcc+u/poare/Grid/build/examples/./Example_spec_kryschur[0x4b5f4f]
[genoahost104:618398] [10] /direct/sdcc+u/poare/Grid/build/examples/./Example_spec_kryschur[0x41180d]
[genoahost104:618398] [11] /lib64/libc.so.6(+0x2a610)[0x15168a62a610]
[genoahost104:618398] [12] /lib64/libc.so.6(__libc_start_main+0x80)[0x15168a62a6c0]
[genoahost104:618398] [13] /direct/sdcc+u/poare/Grid/build/examples/./Example_spec_kryschur[0x4147f5]
[genoahost104:618398] *** End of error message ***
srun: error: genoahost099: task 37: Aborted (core dumped)
Example_spec_kryschur: ../../Grid/communicator/SharedMemoryMPI.cc:434: static void Grid::GlobalSharedMemory::OptimalCommunicatorSharedMemory(const Coordinate&, ompi_communicator_t*&, Grid::Coordinate&): Assertion `WorldSize==Nprocessors' failed.
[genoahost101:1137574] *** Process received signal ***
[genoahost101:1137574] Signal: Aborted (6)
[genoahost101:1137574] Signal code:  (-6)
[genoahost101:1137574] [ 0] /lib64/libc.so.6(+0x3fc30)[0x14d89a43fc30]
[genoahost101:1137574] [ 1] /lib64/libc.so.6(+0x8d02c)[0x14d89a48d02c]
[genoahost101:1137574] [ 2] /lib64/libc.so.6(raise+0x16)[0x14d89a43fb86]
[genoahost101:1137574] [ 3] /lib64/libc.so.6(abort+0xd3)[0x14d89a429873]
[genoahost101:1137574] [ 4] /lib64/libc.so.6(+0x2979b)[0x14d89a42979b]
[genoahost101:1137574] [ 5] /lib64/libc.so.6(+0x388c6)[0x14d89a4388c6]
[genoahost101:1137574] [ 6] /direct/sdcc+u/poare/Grid/build/examples/./Example_spec_kryschur[0x4cc206]
[genoahost101:1137574] [ 7] /direct/sdcc+u/poare/Grid/build/examples/./Example_spec_kryschur[0x4cc2f1]
[genoahost101:1137574] [ 8] /direct/sdcc+u/poare/Grid/build/examples/./Example_spec_kryschur[0x4c7e95]
[genoahost101:1137574] [ 9] /direct/sdcc+u/poare/Grid/build/examples/./Example_spec_kryschur[0x4b5f4f]
[genoahost101:1137574] [10] /direct/sdcc+u/poare/Grid/build/examples/./Example_spec_kryschur[0x41180d]
[genoahost101:1137574] [11] /lib64/libc.so.6(+0x2a610)[0x14d89a42a610]
[genoahost101:1137574] [12] /lib64/libc.so.6(__libc_start_main+0x80)[0x14d89a42a6c0]
[genoahost101:1137574] [13] /direct/sdcc+u/poare/Grid/build/examples/./Example_spec_kryschur[0x4147f5]
[genoahost101:1137574] *** End of error message ***
Example_spec_kryschur: ../../Grid/communicator/SharedMemoryMPI.cc:434: static void Grid::GlobalSharedMemory::OptimalCommunicatorSharedMemory(const Coordinate&, ompi_communicator_t*&, Grid::Coordinate&): Assertion `WorldSize==Nprocessors' failed.
[genoahost100:638336] *** Process received signal ***
[genoahost100:638336] Signal: Aborted (6)
[genoahost100:638336] Signal code:  (-6)
[genoahost100:638336] [ 0] /lib64/libc.so.6(+0x3fc30)[0x14c7d8a3fc30]
[genoahost100:638336] [ 1] /lib64/libc.so.6(+0x8d02c)[0x14c7d8a8d02c]
[genoahost100:638336] [ 2] /lib64/libc.so.6(raise+0x16)[0x14c7d8a3fb86]
Example_spec_kryschur: ../../Grid/communicator/SharedMemoryMPI.cc:434: static void Grid::GlobalSharedMemory::OptimalCommunicatorSharedMemory(const Coordinate&, ompi_communicator_t*&, Grid::Coordinate&): Assertion `WorldSize==Nprocessors' failed.
[genoahost101:1137579] *** Process received signal ***
[genoahost101:1137579] Signal: Aborted (6)
[genoahost101:1137579] Signal code:  (-6)
[genoahost101:1137579] [ 0] /lib64/libc.so.6(+0x3fc30)[0x15347e63fc30]
[genoahost101:1137579] [ 1] /lib64/libc.so.6(+0x8d02c)[0x15347e68d02c]
[genoahost101:1137579] [ 2] /lib64/libc.so.6(raise+0x16)[0x15347e63fb86]
[genoahost101:1137579] [ 3] /lib64/libc.so.6(abort+0xd3)[0x15347e629873]
[genoahost101:1137579] [ 4] /lib64/libc.so.6(+0x2979b)[0x15347e62979b]
[genoahost101:1137579] [ 5] /lib64/libc.so.6(+0x388c6)[0x15347e6388c6]
[genoahost101:1137579] [ 6] /direct/sdcc+u/poare/Grid/build/examples/./Example_spec_kryschur[0x4cc206]
[genoahost101:1137579] [ 7] /direct/sdcc+u/poare/Grid/build/examples/./Example_spec_kryschur[0x4cc2f1]
[genoahost101:1137579] [ 8] /direct/sdcc+u/poare/Grid/build/examples/./Example_spec_kryschur[0x4c7e95]
[genoahost101:1137579] [ 9] /direct/sdcc+u/poare/Grid/build/examples/./Example_spec_kryschur[0x4b5f4f]
[genoahost101:1137579] [10] /direct/sdcc+u/poare/Grid/build/examples/./Example_spec_kryschur[0x41180d]
[genoahost101:1137579] [11] /lib64/libc.so.6(+0x2a610)[0x15347e62a610]
[genoahost101:1137579] [12] /lib64/libc.so.6(__libc_start_main+0x80)[0x15347e62a6c0]
[genoahost101:1137579] [13] /direct/sdcc+u/poare/Grid/build/examples/./Example_spec_kryschur[0x4147f5]
[genoahost101:1137579] *** End of error message ***
[genoahost100:638336] [ 3] /lib64/libc.so.6(abort+0xd3)[0x14c7d8a29873]
[genoahost100:638336] [ 4] /lib64/libc.so.6(+0x2979b)[0x14c7d8a2979b]
[genoahost100:638336] [ 5] /lib64/libc.so.6(+0x388c6)[0x14c7d8a388c6]
[genoahost100:638336] [ 6] /direct/sdcc+u/poare/Grid/build/examples/./Example_spec_kryschur[0x4cc206]
[genoahost100:638336] [ 7] /direct/sdcc+u/poare/Grid/build/examples/./Example_spec_kryschur[0x4cc2f1]
[genoahost100:638336] [ 8] /direct/sdcc+u/poare/Grid/build/examples/./Example_spec_kryschur[0x4c7e95]
[genoahost100:638336] [ 9] /direct/sdcc+u/poare/Grid/build/examples/./Example_spec_kryschur[0x4b5f4f]
[genoahost100:638336] [10] /direct/sdcc+u/poare/Grid/build/examples/./Example_spec_kryschur[0x41180d]
[genoahost100:638336] [11] /lib64/libc.so.6(+0x2a610)[0x14c7d8a2a610]
[genoahost100:638336] [12] /lib64/libc.so.6(__libc_start_main+0x80)[0x14c7d8a2a6c0]
[genoahost100:638336] [13] /direct/sdcc+u/poare/Grid/build/examples/./Example_spec_kryschur[0x4147f5]
[genoahost100:638336] *** End of error message ***
Example_spec_kryschur: ../../Grid/communicator/SharedMemoryMPI.cc:434: static void Grid::GlobalSharedMemory::OptimalCommunicatorSharedMemory(const Coordinate&, ompi_communicator_t*&, Grid::Coordinate&): Assertion `WorldSize==Nprocessors' failed.
[genoahost101:1137566] *** Process received signal ***
[genoahost101:1137566] Signal: Aborted (6)
[genoahost101:1137566] Signal code:  (-6)
[genoahost101:1137566] [ 0] /lib64/libc.so.6(+0x3fc30)[0x145bc703fc30]
[genoahost101:1137566] [ 1] /lib64/libc.so.6(+0x8d02c)[0x145bc708d02c]
[genoahost101:1137566] [ 2] /lib64/libc.so.6(raise+0x16)[0x145bc703fb86]
[genoahost101:1137566] [ 3] /lib64/libc.so.6(abort+0xd3)[0x145bc7029873]
[genoahost101:1137566] [ 4] /lib64/libc.so.6(+0x2979b)[0x145bc702979b]
[genoahost101:1137566] [ 5] /lib64/libc.so.6(+0x388c6)[0x145bc70388c6]
[genoahost101:1137566] [ 6] /direct/sdcc+u/poare/Grid/build/examples/./Example_spec_kryschur[0x4cc206]
[genoahost101:1137566] [ 7] /direct/sdcc+u/poare/Grid/build/examples/./Example_spec_kryschur[0x4cc2f1]
[genoahost101:1137566] [ 8] /direct/sdcc+u/poare/Grid/build/examples/./Example_spec_kryschur[0x4c7e95]
[genoahost101:1137566] [ 9] /direct/sdcc+u/poare/Grid/build/examples/./Example_spec_kryschur[0x4b5f4f]
[genoahost101:1137566] [10] /direct/sdcc+u/poare/Grid/build/examples/./Example_spec_kryschur[0x41180d]
[genoahost101:1137566] [11] /lib64/libc.so.6(+0x2a610)[0x145bc702a610]
[genoahost101:1137566] [12] /lib64/libc.so.6(__libc_start_main+0x80)[0x145bc702a6c0]
[genoahost101:1137566] [13] /direct/sdcc+u/poare/Grid/build/examples/./Example_spec_kryschur[0x4147f5]
[genoahost101:1137566] *** End of error message ***
Example_spec_kryschur: ../../Grid/communicator/SharedMemoryMPI.cc:434: static void Grid::GlobalSharedMemory::OptimalCommunicatorSharedMemory(const Coordinate&, ompi_communicator_t*&, Grid::Coordinate&): Assertion `WorldSize==Nprocessors' failed.
[genoahost101:1137573] *** Process received signal ***
[genoahost101:1137573] Signal: Aborted (6)
[genoahost101:1137573] Signal code:  (-6)
[genoahost101:1137573] [ 0] /lib64/libc.so.6(+0x3fc30)[0x14e01963fc30]
[genoahost101:1137573] [ 1] /lib64/libc.so.6(+0x8d02c)[0x14e01968d02c]
[genoahost101:1137573] [ 2] /lib64/libc.so.6(raise+0x16)[0x14e01963fb86]
[genoahost101:1137573] [ 3] /lib64/libc.so.6(abort+0xd3)[0x14e019629873]
[genoahost101:1137573] [ 4] /lib64/libc.so.6(+0x2979b)[0x14e01962979b]
[genoahost101:1137573] [ 5] /lib64/libc.so.6(+0x388c6)[0x14e0196388c6]
[genoahost101:1137573] [ 6] /direct/sdcc+u/poare/Grid/build/examples/./Example_spec_kryschur[0x4cc206]
[genoahost101:1137573] [ 7] /direct/sdcc+u/poare/Grid/build/examples/./Example_spec_kryschur[0x4cc2f1]
[genoahost101:1137573] [ 8] /direct/sdcc+u/poare/Grid/build/examples/./Example_spec_kryschur[0x4c7e95]
[genoahost101:1137573] [ 9] /direct/sdcc+u/poare/Grid/build/examples/./Example_spec_kryschur[0x4b5f4f]
[genoahost101:1137573] [10] /direct/sdcc+u/poare/Grid/build/examples/./Example_spec_kryschur[0x41180d]
[genoahost101:1137573] [11] /lib64/libc.so.6(+0x2a610)[0x14e01962a610]
[genoahost101:1137573] [12] /lib64/libc.so.6(__libc_start_main+0x80)[0x14e01962a6c0]
[genoahost101:1137573] [13] /direct/sdcc+u/poare/Grid/build/examples/./Example_spec_kryschur[0x4147f5]
[genoahost101:1137573] *** End of error message ***
Example_spec_kryschur: ../../Grid/communicator/SharedMemoryMPI.cc:434: static void Grid::GlobalSharedMemory::OptimalCommunicatorSharedMemory(const Coordinate&, ompi_communicator_t*&, Grid::Coordinate&): Assertion `WorldSize==Nprocessors' failed.
[genoahost100:638339] *** Process received signal ***
[genoahost100:638339] Signal: Aborted (6)
[genoahost100:638339] Signal code:  (-6)
[genoahost100:638339] [ 0] /lib64/libc.so.6(+0x3fc30)[0x14ca0f23fc30]
[genoahost100:638339] [ 1] /lib64/libc.so.6(+0x8d02c)[0x14ca0f28d02c]
[genoahost100:638339] [ 2] /lib64/libc.so.6(raise+0x16)[0x14ca0f23fb86]
[genoahost100:638339] [ 3] /lib64/libc.so.6(abort+0xd3)[0x14ca0f229873]
[genoahost100:638339] [ 4] /lib64/libc.so.6(+0x2979b)[0x14ca0f22979b]
[genoahost100:638339] [ 5] /lib64/libc.so.6(+0x388c6)[0x14ca0f2388c6]
[genoahost100:638339] [ 6] /direct/sdcc+u/poare/Grid/build/examples/./Example_spec_kryschur[0x4cc206]
[genoahost100:638339] [ 7] /direct/sdcc+u/poare/Grid/build/examples/./Example_spec_kryschur[0x4cc2f1]
[genoahost100:638339] [ 8] /direct/sdcc+u/poare/Grid/build/examples/./Example_spec_kryschur[0x4c7e95]
[genoahost100:638339] [ 9] /direct/sdcc+u/poare/Grid/build/examples/./Example_spec_kryschur[0x4b5f4f]
[genoahost100:638339] [10] /direct/sdcc+u/poare/Grid/build/examples/./Example_spec_kryschur[0x41180d]
[genoahost100:638339] [11] /lib64/libc.so.6(+0x2a610)[0x14ca0f22a610]
[genoahost100:638339] [12] /lib64/libc.so.6(__libc_start_main+0x80)[0x14ca0f22a6c0]
[genoahost100:638339] [13] /direct/sdcc+u/poare/Grid/build/examples/./Example_spec_kryschur[0x4147f5]
[genoahost100:638339] *** End of error message ***
Example_spec_kryschur: ../../Grid/communicator/SharedMemoryMPI.cc:434: static void Grid::GlobalSharedMemory::OptimalCommunicatorSharedMemory(const Coordinate&, ompi_communicator_t*&, Grid::Coordinate&): Assertion `WorldSize==Nprocessors' failed.
[genoahost100:638341] *** Process received signal ***
[genoahost100:638341] Signal: Aborted (6)
[genoahost100:638341] Signal code:  (-6)
[genoahost100:638341] [ 0] /lib64/libc.so.6(+0x3fc30)[0x146bf223fc30]
[genoahost100:638341] [ 1] /lib64/libc.so.6(+0x8d02c)[0x146bf228d02c]
[genoahost100:638341] [ 2] /lib64/libc.so.6(raise+0x16)[0x146bf223fb86]
[genoahost100:638341] [ 3] /lib64/libc.so.6(abort+0xd3)[0x146bf2229873]
[genoahost100:638341] [ 4] /lib64/libc.so.6(+0x2979b)[0x146bf222979b]
[genoahost100:638341] [ 5] /lib64/libc.so.6(+0x388c6)[0x146bf22388c6]
[genoahost100:638341] [ 6] /direct/sdcc+u/poare/Grid/build/examples/./Example_spec_kryschur[0x4cc206]
[genoahost100:638341] [ 7] /direct/sdcc+u/poare/Grid/build/examples/./Example_spec_kryschur[0x4cc2f1]
[genoahost100:638341] [ 8] /direct/sdcc+u/poare/Grid/build/examples/./Example_spec_kryschur[0x4c7e95]
[genoahost100:638341] [ 9] /direct/sdcc+u/poare/Grid/build/examples/./Example_spec_kryschur[0x4b5f4f]
[genoahost100:638341] [10] /direct/sdcc+u/poare/Grid/build/examples/./Example_spec_kryschur[0x41180d]
[genoahost100:638341] [11] /lib64/libc.so.6(+0x2a610)[0x146bf222a610]
[genoahost100:638341] [12] /lib64/libc.so.6(__libc_start_main+0x80)[0x146bf222a6c0]
[genoahost100:638341] [13] /direct/sdcc+u/poare/Grid/build/examples/./Example_spec_kryschur[0x4147f5]
[genoahost100:638341] *** End of error message ***
srun: error: genoahost099: task 41: Aborted (core dumped)
Example_spec_kryschur: ../../Grid/communicator/SharedMemoryMPI.cc:434: static void Grid::GlobalSharedMemory::OptimalCommunicatorSharedMemory(const Coordinate&, ompi_communicator_t*&, Grid::Coordinate&): Assertion `WorldSize==Nprocessors' failed.
[genoahost101:1137572] *** Process received signal ***
[genoahost101:1137572] Signal: Aborted (6)
[genoahost101:1137572] Signal code:  (-6)
[genoahost101:1137572] [ 0] /lib64/libc.so.6(+0x3fc30)[0x14a2ec03fc30]
[genoahost101:1137572] [ 1] /lib64/libc.so.6(+0x8d02c)[0x14a2ec08d02c]
[genoahost101:1137572] [ 2] /lib64/libc.so.6(raise+0x16)[0x14a2ec03fb86]
[genoahost101:1137572] [ 3] /lib64/libc.so.6(abort+0xd3)[0x14a2ec029873]
[genoahost101:1137572] [ 4] /lib64/libc.so.6(+0x2979b)[0x14a2ec02979b]
[genoahost101:1137572] [ 5] /lib64/libc.so.6(+0x388c6)[0x14a2ec0388c6]
[genoahost101:1137572] [ 6] /direct/sdcc+u/poare/Grid/build/examples/./Example_spec_kryschur[0x4cc206]
[genoahost101:1137572] [ 7] /direct/sdcc+u/poare/Grid/build/examples/./Example_spec_kryschur[0x4cc2f1]
[genoahost101:1137572] [ 8] /direct/sdcc+u/poare/Grid/build/examples/./Example_spec_kryschur[0x4c7e95]
[genoahost101:1137572] [ 9] /direct/sdcc+u/poare/Grid/build/examples/./Example_spec_kryschur[0x4b5f4f]
[genoahost101:1137572] [10] /direct/sdcc+u/poare/Grid/build/examples/./Example_spec_kryschur[0x41180d]
[genoahost101:1137572] [11] /lib64/libc.so.6(+0x2a610)[0x14a2ec02a610]
[genoahost101:1137572] [12] /lib64/libc.so.6(__libc_start_main+0x80)[0x14a2ec02a6c0]
[genoahost101:1137572] [13] /direct/sdcc+u/poare/Grid/build/examples/./Example_spec_kryschur[0x4147f5]
[genoahost101:1137572] *** End of error message ***
Example_spec_kryschur: ../../Grid/communicator/SharedMemoryMPI.cc:434: static void Grid::GlobalSharedMemory::OptimalCommunicatorSharedMemory(const Coordinate&, ompi_communicator_t*&, Grid::Coordinate&): Assertion `WorldSize==Nprocessors' failed.
[genoahost101:1137580] *** Process received signal ***
[genoahost101:1137580] Signal: Aborted (6)
[genoahost101:1137580] Signal code:  (-6)
[genoahost101:1137580] [ 0] /lib64/libc.so.6(+0x3fc30)[0x146dacc3fc30]
[genoahost101:1137580] [ 1] /lib64/libc.so.6(+0x8d02c)[0x146dacc8d02c]
[genoahost101:1137580] [ 2] /lib64/libc.so.6(raise+0x16)[0x146dacc3fb86]
[genoahost101:1137580] [ 3] /lib64/libc.so.6(abort+0xd3)[0x146dacc29873]
[genoahost101:1137580] [ 4] /lib64/libc.so.6(+0x2979b)[0x146dacc2979b]
[genoahost101:1137580] [ 5] /lib64/libc.so.6(+0x388c6)[0x146dacc388c6]
[genoahost101:1137580] [ 6] /direct/sdcc+u/poare/Grid/build/examples/./Example_spec_kryschur[0x4cc206]
[genoahost101:1137580] [ 7] /direct/sdcc+u/poare/Grid/build/examples/./Example_spec_kryschur[0x4cc2f1]
[genoahost101:1137580] [ 8] /direct/sdcc+u/poare/Grid/build/examples/./Example_spec_kryschur[0x4c7e95]
[genoahost101:1137580] [ 9] /direct/sdcc+u/poare/Grid/build/examples/./Example_spec_kryschur[0x4b5f4f]
[genoahost101:1137580] [10] /direct/sdcc+u/poare/Grid/build/examples/./Example_spec_kryschur[0x41180d]
[genoahost101:1137580] [11] /lib64/libc.so.6(+0x2a610)[0x146dacc2a610]
[genoahost101:1137580] [12] /lib64/libc.so.6(__libc_start_main+0x80)[0x146dacc2a6c0]
[genoahost101:1137580] [13] /direct/sdcc+u/poare/Grid/build/examples/./Example_spec_kryschur[0x4147f5]
[genoahost101:1137580] *** End of error message ***
srun: error: genoahost099: task 43: Aborted (core dumped)
srun: error: genoahost099: tasks 32,47: Aborted (core dumped)
srun: error: genoahost099: task 38: Aborted (core dumped)
Example_spec_kryschur: ../../Grid/communicator/SharedMemoryMPI.cc:434: static void Grid::GlobalSharedMemory::OptimalCommunicatorSharedMemory(const Coordinate&, ompi_communicator_t*&, Grid::Coordinate&): Assertion `WorldSize==Nprocessors' failed.
[genoahost103:607147] *** Process received signal ***
[genoahost103:607147] Signal: Aborted (6)
[genoahost103:607147] Signal code:  (-6)
[genoahost103:607147] [ 0] /lib64/libc.so.6(+0x3fc30)[0x146d7e03fc30]
[genoahost103:607147] [ 1] /lib64/libc.so.6(+0x8d02c)[0x146d7e08d02c]
[genoahost103:607147] [ 2] /lib64/libc.so.6(raise+0x16)[0x146d7e03fb86]
[genoahost103:607147] [ 3] /lib64/libc.so.6(abort+0xd3)[0x146d7e029873]
[genoahost103:607147] [ 4] /lib64/libc.so.6(+0x2979b)[0x146d7e02979b]
[genoahost103:607147] [ 5] /lib64/libc.so.6(+0x388c6)[0x146d7e0388c6]
[genoahost103:607147] [ 6] /direct/sdcc+u/poare/Grid/build/examples/./Example_spec_kryschur[0x4cc206]
[genoahost103:607147] [ 7] /direct/sdcc+u/poare/Grid/build/examples/./Example_spec_kryschur[0x4cc2f1]
[genoahost103:607147] [ 8] /direct/sdcc+u/poare/Grid/build/examples/./Example_spec_kryschur[0x4c7e95]
[genoahost103:607147] [ 9] /direct/sdcc+u/poare/Grid/build/examples/./Example_spec_kryschur[0x4b5f4f]
[genoahost103:607147] [10] /direct/sdcc+u/poare/Grid/build/examples/./Example_spec_kryschur[0x41180d]
[genoahost103:607147] [11] /lib64/libc.so.6(+0x2a610)[0x146d7e02a610]
[genoahost103:607147] [12] /lib64/libc.so.6(__libc_start_main+0x80)[0x146d7e02a6c0]
[genoahost103:607147] [13] /direct/sdcc+u/poare/Grid/build/examples/./Example_spec_kryschur[0x4147f5]
[genoahost103:607147] *** End of error message ***
srun: error: genoahost097: task 13: Aborted (core dumped)
srun: error: genoahost097: task 0: Aborted (core dumped)
Example_spec_kryschur: ../../Grid/communicator/SharedMemoryMPI.cc:434: static void Grid::GlobalSharedMemory::OptimalCommunicatorSharedMemory(const Coordinate&, ompi_communicator_t*&, Grid::Coordinate&): Assertion `WorldSize==Nprocessors' failed.
[genoahost098:1619795] *** Process received signal ***
[genoahost098:1619795] Signal: Aborted (6)
[genoahost098:1619795] Signal code:  (-6)
[genoahost098:1619795] [ 0] /lib64/libc.so.6(+0x3fc30)[0x14f49ea3fc30]
[genoahost098:1619795] [ 1] /lib64/libc.so.6(+0x8d02c)[0x14f49ea8d02c]
[genoahost098:1619795] [ 2] /lib64/libc.so.6(raise+0x16)[0x14f49ea3fb86]
[genoahost098:1619795] [ 3] /lib64/libc.so.6(abort+0xd3)[0x14f49ea29873]
[genoahost098:1619795] [ 4] /lib64/libc.so.6(+0x2979b)[0x14f49ea2979b]
[genoahost098:1619795] [ 5] /lib64/libc.so.6(+0x388c6)[0x14f49ea388c6]
[genoahost098:1619795] [ 6] /direct/sdcc+u/poare/Grid/build/examples/./Example_spec_kryschur[0x4cc206]
[genoahost098:1619795] [ 7] /direct/sdcc+u/poare/Grid/build/examples/./Example_spec_kryschur[0x4cc2f1]
[genoahost098:1619795] [ 8] /direct/sdcc+u/poare/Grid/build/examples/./Example_spec_kryschur[0x4c7e95]
[genoahost098:1619795] [ 9] /direct/sdcc+u/poare/Grid/build/examples/./Example_spec_kryschur[0x4b5f4f]
[genoahost098:1619795] [10] /direct/sdcc+u/poare/Grid/build/examples/./Example_spec_kryschur[0x41180d]
[genoahost098:1619795] [11] /lib64/libc.so.6(+0x2a610)[0x14f49ea2a610]
[genoahost098:1619795] [12] /lib64/libc.so.6(__libc_start_main+0x80)[0x14f49ea2a6c0]
[genoahost098:1619795] [13] /direct/sdcc+u/poare/Grid/build/examples/./Example_spec_kryschur[0x4147f5]
[genoahost098:1619795] *** End of error message ***
Example_spec_kryschur: ../../Grid/communicator/SharedMemoryMPI.cc:434: static void Grid::GlobalSharedMemory::OptimalCommunicatorSharedMemory(const Coordinate&, ompi_communicator_t*&, Grid::Coordinate&): Assertion `WorldSize==Nprocessors' failed.
[genoahost098:1619802] *** Process received signal ***
[genoahost098:1619802] Signal: Aborted (6)
[genoahost098:1619802] Signal code:  (-6)
Example_spec_kryschur: ../../Grid/communicator/SharedMemoryMPI.cc:434: static void Grid::GlobalSharedMemory::OptimalCommunicatorSharedMemory(const Coordinate&, ompi_communicator_t*&, Grid::Coordinate&): Assertion `WorldSize==Nprocessors' failed.
[genoahost098:1619810] *** Process received signal ***
[genoahost098:1619810] Signal: Aborted (6)
[genoahost098:1619810] Signal code:  (-6)
[genoahost098:1619810] [ 0] /lib64/libc.so.6(+0x3fc30)[0x14b63e23fc30]
[genoahost098:1619810] [ 1] /lib64/libc.so.6(+0x8d02c)[0x14b63e28d02c]
[genoahost098:1619810] [ 2] /lib64/libc.so.6(raise+0x16)[0x14b63e23fb86]
[genoahost098:1619810] [ 3] /lib64/libc.so.6(abort+0xd3)[0x14b63e229873]
[genoahost098:1619810] [ 4] /lib64/libc.so.6(+0x2979b)[0x14b63e22979b]
[genoahost098:1619810] [ 5] /lib64/libc.so.6(+0x388c6)[0x14b63e2388c6]
[genoahost098:1619810] [ 6] /direct/sdcc+u/poare/Grid/build/examples/./Example_spec_kryschur[0x4cc206]
[genoahost098:1619810] [ 7] /direct/sdcc+u/poare/Grid/build/examples/./Example_spec_kryschur[0x4cc2f1]
[genoahost098:1619810] [ 8] /direct/sdcc+u/poare/Grid/build/examples/./Example_spec_kryschur[0x4c7e95]
[genoahost098:1619810] [ 9] /direct/sdcc+u/poare/Grid/build/examples/./Example_spec_kryschur[0x4b5f4f]
[genoahost098:1619810] [10] /direct/sdcc+u/poare/Grid/build/examples/./Example_spec_kryschur[0x41180d]
[genoahost098:1619810] [11] /lib64/libc.so.6(+0x2a610)[0x14b63e22a610]
[genoahost098:1619810] [12] /lib64/libc.so.6(__libc_start_main+0x80)[0x14b63e22a6c0]
[genoahost098:1619810] [13] /direct/sdcc+u/poare/Grid/build/examples/./Example_spec_kryschur[0x4147f5]
[genoahost098:1619810] *** End of error message ***
[genoahost098:1619802] [ 0] /lib64/libc.so.6(+0x3fc30)[0x14691ec3fc30]
[genoahost098:1619802] [ 1] /lib64/libc.so.6(+0x8d02c)[0x14691ec8d02c]
[genoahost098:1619802] [ 2] /lib64/libc.so.6(raise+0x16)[0x14691ec3fb86]
[genoahost098:1619802] [ 3] /lib64/libc.so.6(abort+0xd3)[0x14691ec29873]
[genoahost098:1619802] [ 4] /lib64/libc.so.6(+0x2979b)[0x14691ec2979b]
[genoahost098:1619802] [ 5] /lib64/libc.so.6(+0x388c6)[0x14691ec388c6]
[genoahost098:1619802] [ 6] /direct/sdcc+u/poare/Grid/build/examples/./Example_spec_kryschur[0x4cc206]
[genoahost098:1619802] [ 7] /direct/sdcc+u/poare/Grid/build/examples/./Example_spec_kryschur[0x4cc2f1]
[genoahost098:1619802] [ 8] /direct/sdcc+u/poare/Grid/build/examples/./Example_spec_kryschur[0x4c7e95]
[genoahost098:1619802] [ 9] /direct/sdcc+u/poare/Grid/build/examples/./Example_spec_kryschur[0x4b5f4f]
[genoahost098:1619802] [10] /direct/sdcc+u/poare/Grid/build/examples/./Example_spec_kryschur[0x41180d]
[genoahost098:1619802] [11] /lib64/libc.so.6(+0x2a610)[0x14691ec2a610]
[genoahost098:1619802] [12] /lib64/libc.so.6(__libc_start_main+0x80)[0x14691ec2a6c0]
[genoahost098:1619802] [13] /direct/sdcc+u/poare/Grid/build/examples/./Example_spec_kryschur[0x4147f5]
[genoahost098:1619802] *** End of error message ***
Example_spec_kryschur: ../../Grid/communicator/SharedMemoryMPI.cc:434: static void Grid::GlobalSharedMemory::OptimalCommunicatorSharedMemory(const Coordinate&, ompi_communicator_t*&, Grid::Coordinate&): Assertion `WorldSize==Nprocessors' failed.
[genoahost098:1619797] *** Process received signal ***
[genoahost098:1619797] Signal: Aborted (6)
[genoahost098:1619797] Signal code:  (-6)
[genoahost098:1619797] [ 0] /lib64/libc.so.6(+0x3fc30)[0x1518c363fc30]
[genoahost098:1619797] [ 1] /lib64/libc.so.6(+0x8d02c)[0x1518c368d02c]
[genoahost098:1619797] [ 2] /lib64/libc.so.6(raise+0x16)[0x1518c363fb86]
[genoahost098:1619797] [ 3] /lib64/libc.so.6(abort+0xd3)[0x1518c3629873]
[genoahost098:1619797] [ 4] /lib64/libc.so.6(+0x2979b)[0x1518c362979b]
[genoahost098:1619797] [ 5] /lib64/libc.so.6(+0x388c6)[0x1518c36388c6]
[genoahost098:1619797] [ 6] /direct/sdcc+u/poare/Grid/build/examples/./Example_spec_kryschur[0x4cc206]
[genoahost098:1619797] [ 7] /direct/sdcc+u/poare/Grid/build/examples/./Example_spec_kryschur[0x4cc2f1]
[genoahost098:1619797] [ 8] /direct/sdcc+u/poare/Grid/build/examples/./Example_spec_kryschur[0x4c7e95]
[genoahost098:1619797] [ 9] /direct/sdcc+u/poare/Grid/build/examples/./Example_spec_kryschur[0x4b5f4f]
[genoahost098:1619797] [10] /direct/sdcc+u/poare/Grid/build/examples/./Example_spec_kryschur[0x41180d]
[genoahost098:1619797] [11] /lib64/libc.so.6(+0x2a610)[0x1518c362a610]
[genoahost098:1619797] [12] /lib64/libc.so.6(__libc_start_main+0x80)[0x1518c362a6c0]
[genoahost098:1619797] [13] /direct/sdcc+u/poare/Grid/build/examples/./Example_spec_kryschur[0x4147f5]
[genoahost098:1619797] *** End of error message ***
Example_spec_kryschur: ../../Grid/communicator/SharedMemoryMPI.cc:434: static void Grid::GlobalSharedMemory::OptimalCommunicatorSharedMemory(const Coordinate&, ompi_communicator_t*&, Grid::Coordinate&): Assertion `WorldSize==Nprocessors' failed.
[genoahost098:1619801] *** Process received signal ***
[genoahost098:1619801] Signal: Aborted (6)
[genoahost098:1619801] Signal code:  (-6)
[genoahost098:1619801] [ 0] /lib64/libc.so.6(+0x3fc30)[0x1546acc3fc30]
[genoahost098:1619801] [ 1] /lib64/libc.so.6(+0x8d02c)[0x1546acc8d02c]
[genoahost098:1619801] [ 2] /lib64/libc.so.6(raise+0x16)[0x1546acc3fb86]
[genoahost098:1619801] [ 3] /lib64/libc.so.6(abort+0xd3)[0x1546acc29873]
[genoahost098:1619801] [ 4] /lib64/libc.so.6(+0x2979b)[0x1546acc2979b]
[genoahost098:1619801] [ 5] /lib64/libc.so.6(+0x388c6)[0x1546acc388c6]
[genoahost098:1619801] [ 6] /direct/sdcc+u/poare/Grid/build/examples/./Example_spec_kryschur[0x4cc206]
[genoahost098:1619801] [ 7] /direct/sdcc+u/poare/Grid/build/examples/./Example_spec_kryschur[0x4cc2f1]
[genoahost098:1619801] [ 8] /direct/sdcc+u/poare/Grid/build/examples/./Example_spec_kryschur[0x4c7e95]
[genoahost098:1619801] [ 9] /direct/sdcc+u/poare/Grid/build/examples/./Example_spec_kryschur[0x4b5f4f]
[genoahost098:1619801] [10] /direct/sdcc+u/poare/Grid/build/examples/./Example_spec_kryschur[0x41180d]
[genoahost098:1619801] [11] /lib64/libc.so.6(+0x2a610)[0x1546acc2a610]
[genoahost098:1619801] [12] /lib64/libc.so.6(__libc_start_main+0x80)[0x1546acc2a6c0]
[genoahost098:1619801] [13] /direct/sdcc+u/poare/Grid/build/examples/./Example_spec_kryschur[0x4147f5]
[genoahost098:1619801] *** End of error message ***
Example_spec_kryschur: ../../Grid/communicator/SharedMemoryMPI.cc:434: static void Grid::GlobalSharedMemory::OptimalCommunicatorSharedMemory(const Coordinate&, ompi_communicator_t*&, Grid::Coordinate&): Assertion `WorldSize==Nprocessors' failed.
[genoahost097:1720352] *** Process received signal ***
[genoahost097:1720352] Signal: Aborted (6)
[genoahost097:1720352] Signal code:  (-6)
[genoahost097:1720352] [ 0] /lib64/libc.so.6(+0x3fc30)[0x151bc583fc30]
[genoahost097:1720352] [ 1] /lib64/libc.so.6(+0x8d02c)[0x151bc588d02c]
[genoahost097:1720352] [ 2] /lib64/libc.so.6(raise+0x16)[0x151bc583fb86]
[genoahost097:1720352] [ 3] /lib64/libc.so.6(abort+0xd3)[0x151bc5829873]
[genoahost097:1720352] [ 4] /lib64/libc.so.6(+0x2979b)[0x151bc582979b]
[genoahost097:1720352] [ 5] /lib64/libc.so.6(+0x388c6)[0x151bc58388c6]
[genoahost097:1720352] [ 6] /direct/sdcc+u/poare/Grid/build/examples/./Example_spec_kryschur[0x4cc206]
[genoahost097:1720352] [ 7] /direct/sdcc+u/poare/Grid/build/examples/./Example_spec_kryschur[0x4cc2f1]
[genoahost097:1720352] [ 8] /direct/sdcc+u/poare/Grid/build/examples/./Example_spec_kryschur[0x4c7e95]
[genoahost097:1720352] [ 9] /direct/sdcc+u/poare/Grid/build/examples/./Example_spec_kryschur[0x4b5f4f]
[genoahost097:1720352] [10] /direct/sdcc+u/poare/Grid/build/examples/./Example_spec_kryschur[0x41180d]
[genoahost097:1720352] [11] /lib64/libc.so.6(+0x2a610)[0x151bc582a610]
[genoahost097:1720352] [12] /lib64/libc.so.6(__libc_start_main+0x80)[0x151bc582a6c0]
[genoahost097:1720352] [13] /direct/sdcc+u/poare/Grid/build/examples/./Example_spec_kryschur[0x4147f5]
[genoahost097:1720352] *** End of error message ***
srun: error: genoahost101: task 79: Aborted (core dumped)
Example_spec_kryschur: ../../Grid/communicator/SharedMemoryMPI.cc:434: static void Grid::GlobalSharedMemory::OptimalCommunicatorSharedMemory(const Coordinate&, ompi_communicator_t*&, Grid::Coordinate&): Assertion `WorldSize==Nprocessors' failed.
[genoahost104:618394] *** Process received signal ***
[genoahost104:618394] Signal: Aborted (6)
[genoahost104:618394] Signal code:  (-6)
[genoahost104:618394] [ 0] /lib64/libc.so.6(+0x3fc30)[0x14b78243fc30]
[genoahost104:618394] [ 1] /lib64/libc.so.6(+0x8d02c)[0x14b78248d02c]
[genoahost104:618394] [ 2] /lib64/libc.so.6(raise+0x16)[0x14b78243fb86]
[genoahost104:618394] [ 3] /lib64/libc.so.6(abort+0xd3)[0x14b782429873]
[genoahost104:618394] [ 4] /lib64/libc.so.6(+0x2979b)[0x14b78242979b]
[genoahost104:618394] [ 5] /lib64/libc.so.6(+0x388c6)[0x14b7824388c6]
[genoahost104:618394] [ 6] /direct/sdcc+u/poare/Grid/build/examples/./Example_spec_kryschur[0x4cc206]
[genoahost104:618394] [ 7] /direct/sdcc+u/poare/Grid/build/examples/./Example_spec_kryschur[0x4cc2f1]
[genoahost104:618394] [ 8] /direct/sdcc+u/poare/Grid/build/examples/./Example_spec_kryschur[0x4c7e95]
[genoahost104:618394] [ 9] /direct/sdcc+u/poare/Grid/build/examples/./Example_spec_kryschur[0x4b5f4f]
[genoahost104:618394] [10] /direct/sdcc+u/poare/Grid/build/examples/./Example_spec_kryschur[0x41180d]
[genoahost104:618394] [11] /lib64/libc.so.6(+0x2a610)[0x14b78242a610]
[genoahost104:618394] [12] /lib64/libc.so.6(__libc_start_main+0x80)[0x14b78242a6c0]
[genoahost104:618394] [13] /direct/sdcc+u/poare/Grid/build/examples/./Example_spec_kryschur[0x4147f5]
[genoahost104:618394] *** End of error message ***
Example_spec_kryschur: ../../Grid/communicator/SharedMemoryMPI.cc:434: static void Grid::GlobalSharedMemory::OptimalCommunicatorSharedMemory(const Coordinate&, ompi_communicator_t*&, Grid::Coordinate&): Assertion `WorldSize==Nprocessors' failed.
[genoahost104:618397] *** Process received signal ***
[genoahost104:618397] Signal: Aborted (6)
[genoahost104:618397] Signal code:  (-6)
[genoahost104:618397] [ 0] /lib64/libc.so.6(+0x3fc30)[0x1534e2c3fc30]
[genoahost104:618397] [ 1] /lib64/libc.so.6(+0x8d02c)[0x1534e2c8d02c]
[genoahost104:618397] [ 2] /lib64/libc.so.6(raise+0x16)[0x1534e2c3fb86]
[genoahost104:618397] [ 3] /lib64/libc.so.6(abort+0xd3)[0x1534e2c29873]
[genoahost104:618397] [ 4] /lib64/libc.so.6(+0x2979b)[0x1534e2c2979b]
[genoahost104:618397] [ 5] /lib64/libc.so.6(+0x388c6)[0x1534e2c388c6]
[genoahost104:618397] [ 6] /direct/sdcc+u/poare/Grid/build/examples/./Example_spec_kryschur[0x4cc206]
[genoahost104:618397] [ 7] /direct/sdcc+u/poare/Grid/build/examples/./Example_spec_kryschur[0x4cc2f1]
[genoahost104:618397] [ 8] /direct/sdcc+u/poare/Grid/build/examples/./Example_spec_kryschur[0x4c7e95]
[genoahost104:618397] [ 9] /direct/sdcc+u/poare/Grid/build/examples/./Example_spec_kryschur[0x4b5f4f]
[genoahost104:618397] [10] /direct/sdcc+u/poare/Grid/build/examples/./Example_spec_kryschur[0x41180d]
[genoahost104:618397] [11] /lib64/libc.so.6(+0x2a610)[0x1534e2c2a610]
[genoahost104:618397] [12] /lib64/libc.so.6(__libc_start_main+0x80)[0x1534e2c2a6c0]
[genoahost104:618397] [13] /direct/sdcc+u/poare/Grid/build/examples/./Example_spec_kryschur[0x4147f5]
[genoahost104:618397] *** End of error message ***
srun: error: genoahost101: task 76: Aborted (core dumped)
srun: error: genoahost101: task 66: Aborted (core dumped)
srun: error: genoahost103: task 98: Aborted (core dumped)
srun: error: genoahost103: task 104: Aborted (core dumped)
Example_spec_kryschur: ../../Grid/communicator/SharedMemoryMPI.cc:434: static void Grid::GlobalSharedMemory::OptimalCommunicatorSharedMemory(const Coordinate&, ompi_communicator_t*&, Grid::Coordinate&): Assertion `WorldSize==Nprocessors' failed.
[genoahost099:1599058] *** Process received signal ***
[genoahost099:1599058] Signal: Aborted (6)
[genoahost099:1599058] Signal code:  (-6)
[genoahost099:1599058] [ 0] /lib64/libc.so.6(+0x3fc30)[0x14a758c3fc30]
[genoahost099:1599058] [ 1] /lib64/libc.so.6(+0x8d02c)[0x14a758c8d02c]
[genoahost099:1599058] [ 2] /lib64/libc.so.6(raise+0x16)[0x14a758c3fb86]
[genoahost099:1599058] [ 3] /lib64/libc.so.6(abort+0xd3)[0x14a758c29873]
[genoahost099:1599058] [ 4] /lib64/libc.so.6(+0x2979b)[0x14a758c2979b]
[genoahost099:1599058] [ 5] /lib64/libc.so.6(+0x388c6)[0x14a758c388c6]
[genoahost099:1599058] [ 6] /direct/sdcc+u/poare/Grid/build/examples/./Example_spec_kryschur[0x4cc206]
[genoahost099:1599058] [ 7] /direct/sdcc+u/poare/Grid/build/examples/./Example_spec_kryschur[0x4cc2f1]
[genoahost099:1599058] [ 8] /direct/sdcc+u/poare/Grid/build/examples/./Example_spec_kryschur[0x4c7e95]
[genoahost099:1599058] [ 9] /direct/sdcc+u/poare/Grid/build/examples/./Example_spec_kryschur[0x4b5f4f]
[genoahost099:1599058] [10] /direct/sdcc+u/poare/Grid/build/examples/./Example_spec_kryschur[0x41180d]
[genoahost099:1599058] [11] /lib64/libc.so.6(+0x2a610)[0x14a758c2a610]
[genoahost099:1599058] [12] /lib64/libc.so.6(__libc_start_main+0x80)[0x14a758c2a6c0]
[genoahost099:1599058] [13] /direct/sdcc+u/poare/Grid/build/examples/./Example_spec_kryschur[0x4147f5]
[genoahost099:1599058] *** End of error message ***
srun: error: genoahost104: tasks 122,126: Aborted (core dumped)
srun: error: genoahost104: task 116: Aborted (core dumped)
srun: error: genoahost100: task 51: Aborted (core dumped)
srun: error: genoahost100: tasks 61,63: Aborted (core dumped)
srun: error: genoahost100: task 58: Aborted (core dumped)
srun: error: genoahost103: task 100: Aborted (core dumped)
srun: error: genoahost103: task 106: Aborted (core dumped)
srun: error: genoahost103: task 103: Aborted (core dumped)
srun: error: genoahost100: task 59: Aborted (core dumped)
Example_spec_kryschur: ../../Grid/communicator/SharedMemoryMPI.cc:434: static void Grid::GlobalSharedMemory::OptimalCommunicatorSharedMemory(const Coordinate&, ompi_communicator_t*&, Grid::Coordinate&): Assertion `WorldSize==Nprocessors' failed.
[genoahost097:1720349] *** Process received signal ***
[genoahost097:1720349] Signal: Aborted (6)
[genoahost097:1720349] Signal code:  (-6)
[genoahost097:1720349] [ 0] /lib64/libc.so.6(+0x3fc30)[0x14bb1503fc30]
[genoahost097:1720349] [ 1] /lib64/libc.so.6(+0x8d02c)[0x14bb1508d02c]
[genoahost097:1720349] [ 2] /lib64/libc.so.6(raise+0x16)[0x14bb1503fb86]
[genoahost097:1720349] [ 3] /lib64/libc.so.6(abort+0xd3)[0x14bb15029873]
[genoahost097:1720349] [ 4] /lib64/libc.so.6(+0x2979b)[0x14bb1502979b]
[genoahost097:1720349] [ 5] /lib64/libc.so.6(+0x388c6)[0x14bb150388c6]
[genoahost097:1720349] [ 6] /direct/sdcc+u/poare/Grid/build/examples/./Example_spec_kryschur[0x4cc206]
[genoahost097:1720349] [ 7] /direct/sdcc+u/poare/Grid/build/examples/./Example_spec_kryschur[0x4cc2f1]
[genoahost097:1720349] [ 8] /direct/sdcc+u/poare/Grid/build/examples/./Example_spec_kryschur[0x4c7e95]
[genoahost097:1720349] [ 9] /direct/sdcc+u/poare/Grid/build/examples/./Example_spec_kryschur[0x4b5f4f]
[genoahost097:1720349] [10] /direct/sdcc+u/poare/Grid/build/examples/./Example_spec_kryschur[0x41180d]
[genoahost097:1720349] [11] /lib64/libc.so.6(+0x2a610)[0x14bb1502a610]
[genoahost097:1720349] [12] /lib64/libc.so.6(__libc_start_main+0x80)[0x14bb1502a6c0]
[genoahost097:1720349] [13] /direct/sdcc+u/poare/Grid/build/examples/./Example_spec_kryschur[0x4147f5]
[genoahost097:1720349] *** End of error message ***
Example_spec_kryschur: ../../Grid/communicator/SharedMemoryMPI.cc:434: static void Grid::GlobalSharedMemory::OptimalCommunicatorSharedMemory(const Coordinate&, ompi_communicator_t*&, Grid::Coordinate&): Assertion `WorldSize==Nprocessors' failed.
[genoahost097:1720348] *** Process received signal ***
[genoahost097:1720348] Signal: Aborted (6)
[genoahost097:1720348] Signal code:  (-6)
Example_spec_kryschur: ../../Grid/communicator/SharedMemoryMPI.cc:434: static void Grid::GlobalSharedMemory::OptimalCommunicatorSharedMemory(const Coordinate&, ompi_communicator_t*&, Grid::Coordinate&): Assertion `WorldSize==Nprocessors' failed.
[genoahost100:638347] *** Process received signal ***
[genoahost100:638347] Signal: Aborted (6)
[genoahost100:638347] Signal code:  (-6)
[genoahost097:1720348] [ 0] /lib64/libc.so.6(+0x3fc30)[0x14605d23fc30]
[genoahost097:1720348] [ 1] /lib64/libc.so.6(+0x8d02c)[0x14605d28d02c]
[genoahost097:1720348] [ 2] /lib64/libc.so.6(raise+0x16)[0x14605d23fb86]
[genoahost097:1720348] [ 3] /lib64/libc.so.6(abort+0xd3)[0x14605d229873]
[genoahost097:1720348] [ 4] /lib64/libc.so.6(+0x2979b)[0x14605d22979b]
[genoahost097:1720348] [ 5] /lib64/libc.so.6(+0x388c6)[0x14605d2388c6]
[genoahost097:1720348] [ 6] /direct/sdcc+u/poare/Grid/build/examples/./Example_spec_kryschur[0x4cc206]
[genoahost097:1720348] [ 7] /direct/sdcc+u/poare/Grid/build/examples/./Example_spec_kryschur[0x4cc2f1]
[genoahost097:1720348] [ 8] /direct/sdcc+u/poare/Grid/build/examples/./Example_spec_kryschur[0x4c7e95]
[genoahost097:1720348] [ 9] /direct/sdcc+u/poare/Grid/build/examples/./Example_spec_kryschur[0x4b5f4f]
[genoahost097:1720348] [10] /direct/sdcc+u/poare/Grid/build/examples/./Example_spec_kryschur[0x41180d]
[genoahost097:1720348] [11] /lib64/libc.so.6(+0x2a610)[0x14605d22a610]
[genoahost097:1720348] [12] /lib64/libc.so.6(__libc_start_main+0x80)[0x14605d22a6c0]
[genoahost097:1720348] [13] /direct/sdcc+u/poare/Grid/build/examples/./Example_spec_kryschur[0x4147f5]
[genoahost097:1720348] *** End of error message ***
[genoahost100:638347] [ 0] /lib64/libc.so.6(+0x3fc30)[0x153b6863fc30]
[genoahost100:638347] [ 1] /lib64/libc.so.6(+0x8d02c)[0x153b6868d02c]
[genoahost100:638347] [ 2] /lib64/libc.so.6(raise+0x16)[0x153b6863fb86]
[genoahost100:638347] [ 3] /lib64/libc.so.6(abort+0xd3)[0x153b68629873]
[genoahost100:638347] [ 4] /lib64/libc.so.6(+0x2979b)[0x153b6862979b]
[genoahost100:638347] [ 5] /lib64/libc.so.6(+0x388c6)[0x153b686388c6]
[genoahost100:638347] [ 6] /direct/sdcc+u/poare/Grid/build/examples/./Example_spec_kryschur[0x4cc206]
[genoahost100:638347] [ 7] /direct/sdcc+u/poare/Grid/build/examples/./Example_spec_kryschur[0x4cc2f1]
[genoahost100:638347] [ 8] /direct/sdcc+u/poare/Grid/build/examples/./Example_spec_kryschur[0x4c7e95]
[genoahost100:638347] [ 9] /direct/sdcc+u/poare/Grid/build/examples/./Example_spec_kryschur[0x4b5f4f]
[genoahost100:638347] [10] /direct/sdcc+u/poare/Grid/build/examples/./Example_spec_kryschur[0x41180d]
[genoahost100:638347] [11] /lib64/libc.so.6(+0x2a610)[0x153b6862a610]
[genoahost100:638347] [12] /lib64/libc.so.6(__libc_start_main+0x80)[0x153b6862a6c0]
[genoahost100:638347] [13] /direct/sdcc+u/poare/Grid/build/examples/./Example_spec_kryschur[0x4147f5]
[genoahost100:638347] *** End of error message ***
Example_spec_kryschur: ../../Grid/communicator/SharedMemoryMPI.cc:434: static void Grid::GlobalSharedMemory::OptimalCommunicatorSharedMemory(const Coordinate&, ompi_communicator_t*&, Grid::Coordinate&): Assertion `WorldSize==Nprocessors' failed.
[genoahost103:607136] *** Process received signal ***
[genoahost103:607136] Signal: Aborted (6)
[genoahost103:607136] Signal code:  (-6)
[genoahost103:607136] [ 0] /lib64/libc.so.6(+0x3fc30)[0x15187083fc30]
[genoahost103:607136] [ 1] /lib64/libc.so.6(+0x8d02c)[0x15187088d02c]
[genoahost103:607136] [ 2] /lib64/libc.so.6(raise+0x16)[0x15187083fb86]
[genoahost103:607136] [ 3] /lib64/libc.so.6(abort+0xd3)[0x151870829873]
[genoahost103:607136] [ 4] /lib64/libc.so.6(+0x2979b)[0x15187082979b]
[genoahost103:607136] [ 5] /lib64/libc.so.6(+0x388c6)[0x1518708388c6]
[genoahost103:607136] [ 6] /direct/sdcc+u/poare/Grid/build/examples/./Example_spec_kryschur[0x4cc206]
[genoahost103:607136] [ 7] /direct/sdcc+u/poare/Grid/build/examples/./Example_spec_kryschur[0x4cc2f1]
[genoahost103:607136] [ 8] /direct/sdcc+u/poare/Grid/build/examples/./Example_spec_kryschur[0x4c7e95]
[genoahost103:607136] [ 9] /direct/sdcc+u/poare/Grid/build/examples/./Example_spec_kryschur[0x4b5f4f]
[genoahost103:607136] [10] /direct/sdcc+u/poare/Grid/build/examples/./Example_spec_kryschur[0x41180d]
[genoahost103:607136] [11] /lib64/libc.so.6(+0x2a610)[0x15187082a610]
[genoahost103:607136] [12] /lib64/libc.so.6(__libc_start_main+0x80)[0x15187082a6c0]
[genoahost103:607136] [13] /direct/sdcc+u/poare/Grid/build/examples/./Example_spec_kryschur[0x4147f5]
[genoahost103:607136] *** End of error message ***
Example_spec_kryschur: ../../Grid/communicator/SharedMemoryMPI.cc:434: static void Grid::GlobalSharedMemory::OptimalCommunicatorSharedMemory(const Coordinate&, ompi_communicator_t*&, Grid::Coordinate&): Assertion `WorldSize==Nprocessors' failed.
[genoahost103:607137] *** Process received signal ***
[genoahost103:607137] Signal: Aborted (6)
[genoahost103:607137] Signal code:  (-6)
[genoahost103:607137] [ 0] /lib64/libc.so.6(+0x3fc30)[0x153e6b23fc30]
[genoahost103:607137] [ 1] /lib64/libc.so.6(+0x8d02c)[0x153e6b28d02c]
[genoahost103:607137] [ 2] /lib64/libc.so.6(raise+0x16)[0x153e6b23fb86]
[genoahost103:607137] [ 3] /lib64/libc.so.6(abort+0xd3)[0x153e6b229873]
[genoahost103:607137] [ 4] /lib64/libc.so.6(+0x2979b)[0x153e6b22979b]
[genoahost103:607137] [ 5] /lib64/libc.so.6(+0x388c6)[0x153e6b2388c6]
[genoahost103:607137] [ 6] /direct/sdcc+u/poare/Grid/build/examples/./Example_spec_kryschur[0x4cc206]
[genoahost103:607137] [ 7] /direct/sdcc+u/poare/Grid/build/examples/./Example_spec_kryschur[0x4cc2f1]
[genoahost103:607137] [ 8] /direct/sdcc+u/poare/Grid/build/examples/./Example_spec_kryschur[0x4c7e95]
[genoahost103:607137] [ 9] /direct/sdcc+u/poare/Grid/build/examples/./Example_spec_kryschur[0x4b5f4f]
[genoahost103:607137] [10] /direct/sdcc+u/poare/Grid/build/examples/./Example_spec_kryschur[0x41180d]
[genoahost103:607137] [11] /lib64/libc.so.6(+0x2a610)[0x153e6b22a610]
[genoahost103:607137] [12] /lib64/libc.so.6(__libc_start_main+0x80)[0x153e6b22a6c0]
[genoahost103:607137] [13] /direct/sdcc+u/poare/Grid/build/examples/./Example_spec_kryschur[0x4147f5]
[genoahost103:607137] *** End of error message ***
Example_spec_kryschur: ../../Grid/communicator/SharedMemoryMPI.cc:434: static void Grid::GlobalSharedMemory::OptimalCommunicatorSharedMemory(const Coordinate&, ompi_communicator_t*&, Grid::Coordinate&): Assertion `WorldSize==Nprocessors' failed.
[genoahost103:607145] *** Process received signal ***
[genoahost103:607145] Signal: Aborted (6)
[genoahost103:607145] Signal code:  (-6)
[genoahost103:607145] [ 0] /lib64/libc.so.6(+0x3fc30)[0x151217e3fc30]
[genoahost103:607145] [ 1] /lib64/libc.so.6(+0x8d02c)[0x151217e8d02c]
[genoahost103:607145] [ 2] /lib64/libc.so.6(raise+0x16)[0x151217e3fb86]
[genoahost103:607145] [ 3] /lib64/libc.so.6(abort+0xd3)[0x151217e29873]
[genoahost103:607145] [ 4] /lib64/libc.so.6(+0x2979b)[0x151217e2979b]
[genoahost103:607145] [ 5] /lib64/libc.so.6(+0x388c6)[0x151217e388c6]
[genoahost103:607145] [ 6] /direct/sdcc+u/poare/Grid/build/examples/./Example_spec_kryschur[0x4cc206]
[genoahost103:607145] [ 7] /direct/sdcc+u/poare/Grid/build/examples/./Example_spec_kryschur[0x4cc2f1]
[genoahost103:607145] [ 8] /direct/sdcc+u/poare/Grid/build/examples/./Example_spec_kryschur[0x4c7e95]
[genoahost103:607145] [ 9] /direct/sdcc+u/poare/Grid/build/examples/./Example_spec_kryschur[0x4b5f4f]
[genoahost103:607145] [10] /direct/sdcc+u/poare/Grid/build/examples/./Example_spec_kryschur[0x41180d]
[genoahost103:607145] [11] /lib64/libc.so.6(+0x2a610)[0x151217e2a610]
[genoahost103:607145] [12] /lib64/libc.so.6(__libc_start_main+0x80)[0x151217e2a6c0]
[genoahost103:607145] [13] /direct/sdcc+u/poare/Grid/build/examples/./Example_spec_kryschur[0x4147f5]
[genoahost103:607145] *** End of error message ***
Example_spec_kryschur: ../../Grid/communicator/SharedMemoryMPI.cc:434: static void Grid::GlobalSharedMemory::OptimalCommunicatorSharedMemory(const Coordinate&, ompi_communicator_t*&, Grid::Coordinate&): Assertion `WorldSize==Nprocessors' failed.
[genoahost103:607149] *** Process received signal ***
[genoahost103:607149] Signal: Aborted (6)
[genoahost103:607149] Signal code:  (-6)
[genoahost103:607149] [ 0] /lib64/libc.so.6(+0x3fc30)[0x151b4383fc30]
[genoahost103:607149] [ 1] /lib64/libc.so.6(+0x8d02c)[0x151b4388d02c]
[genoahost103:607149] [ 2] /lib64/libc.so.6(raise+0x16)[0x151b4383fb86]
[genoahost103:607149] [ 3] /lib64/libc.so.6(abort+0xd3)[0x151b43829873]
[genoahost103:607149] [ 4] /lib64/libc.so.6(+0x2979b)[0x151b4382979b]
[genoahost103:607149] [ 5] /lib64/libc.so.6(+0x388c6)[0x151b438388c6]
[genoahost103:607149] [ 6] /direct/sdcc+u/poare/Grid/build/examples/./Example_spec_kryschur[0x4cc206]
[genoahost103:607149] [ 7] /direct/sdcc+u/poare/Grid/build/examples/./Example_spec_kryschur[0x4cc2f1]
[genoahost103:607149] [ 8] /direct/sdcc+u/poare/Grid/build/examples/./Example_spec_kryschur[0x4c7e95]
[genoahost103:607149] [ 9] /direct/sdcc+u/poare/Grid/build/examples/./Example_spec_kryschur[0x4b5f4f]
[genoahost103:607149] [10] /direct/sdcc+u/poare/Grid/build/examples/./Example_spec_kryschur[0x41180d]
[genoahost103:607149] [11] /lib64/libc.so.6(+0x2a610)[0x151b4382a610]
[genoahost103:607149] [12] /lib64/libc.so.6(__libc_start_main+0x80)[0x151b4382a6c0]
[genoahost103:607149] [13] /direct/sdcc+u/poare/Grid/build/examples/./Example_spec_kryschur[0x4147f5]
[genoahost103:607149] *** End of error message ***
srun: error: genoahost098: tasks 17,21,27: Aborted (core dumped)
srun: error: genoahost098: tasks 25,29: Aborted (core dumped)
srun: error: genoahost097: tasks 1,5,9: Aborted (core dumped)
srun: error: genoahost097: task 14: Aborted (core dumped)
srun: error: genoahost099: task 45: Aborted (core dumped)
srun: error: genoahost104: task 119: Aborted (core dumped)
srun: error: genoahost104: task 127: Aborted (core dumped)
Example_spec_kryschur: ../../Grid/communicator/SharedMemoryMPI.cc:434: static void Grid::GlobalSharedMemory::OptimalCommunicatorSharedMemory(const Coordinate&, ompi_communicator_t*&, Grid::Coordinate&): Assertion `WorldSize==Nprocessors' failed.
[genoahost104:618391] *** Process received signal ***
[genoahost104:618391] Signal: Aborted (6)
[genoahost104:618391] Signal code:  (-6)
[genoahost104:618391] [ 0] /lib64/libc.so.6(+0x3fc30)[0x14ba6163fc30]
[genoahost104:618391] [ 1] /lib64/libc.so.6(+0x8d02c)[0x14ba6168d02c]
[genoahost104:618391] [ 2] /lib64/libc.so.6(raise+0x16)[0x14ba6163fb86]
[genoahost104:618391] [ 3] /lib64/libc.so.6(abort+0xd3)[0x14ba61629873]
[genoahost104:618391] [ 4] /lib64/libc.so.6(+0x2979b)[0x14ba6162979b]
[genoahost104:618391] [ 5] /lib64/libc.so.6(+0x388c6)[0x14ba616388c6]
[genoahost104:618391] [ 6] /direct/sdcc+u/poare/Grid/build/examples/./Example_spec_kryschur[0x4cc206]
[genoahost104:618391] [ 7] /direct/sdcc+u/poare/Grid/build/examples/./Example_spec_kryschur[0x4cc2f1]
[genoahost104:618391] [ 8] /direct/sdcc+u/poare/Grid/build/examples/./Example_spec_kryschur[0x4c7e95]
[genoahost104:618391] [ 9] /direct/sdcc+u/poare/Grid/build/examples/./Example_spec_kryschur[0x4b5f4f]
[genoahost104:618391] [10] /direct/sdcc+u/poare/Grid/build/examples/./Example_spec_kryschur[0x41180d]
[genoahost104:618391] [11] /lib64/libc.so.6(+0x2a610)[0x14ba6162a610]
[genoahost104:618391] [12] /lib64/libc.so.6(__libc_start_main+0x80)[0x14ba6162a6c0]
[genoahost104:618391] [13] /direct/sdcc+u/poare/Grid/build/examples/./Example_spec_kryschur[0x4147f5]
[genoahost104:618391] *** End of error message ***
Example_spec_kryschur: ../../Grid/communicator/SharedMemoryMPI.cc:434: static void Grid::GlobalSharedMemory::OptimalCommunicatorSharedMemory(const Coordinate&, ompi_communicator_t*&, Grid::Coordinate&): Assertion `WorldSize==Nprocessors' failed.
[genoahost100:638337] *** Process received signal ***
[genoahost100:638337] Signal: Aborted (6)
[genoahost100:638337] Signal code:  (-6)
[genoahost100:638337] [ 0] /lib64/libc.so.6(+0x3fc30)[0x14842143fc30]
[genoahost100:638337] [ 1] /lib64/libc.so.6(+0x8d02c)[0x14842148d02c]
[genoahost100:638337] [ 2] /lib64/libc.so.6(raise+0x16)[0x14842143fb86]
[genoahost100:638337] [ 3] /lib64/libc.so.6(abort+0xd3)[0x148421429873]
[genoahost100:638337] [ 4] /lib64/libc.so.6(+0x2979b)[0x14842142979b]
[genoahost100:638337] [ 5] /lib64/libc.so.6(+0x388c6)[0x1484214388c6]
[genoahost100:638337] [ 6] /direct/sdcc+u/poare/Grid/build/examples/./Example_spec_kryschur[0x4cc206]
[genoahost100:638337] [ 7] /direct/sdcc+u/poare/Grid/build/examples/./Example_spec_kryschur[0x4cc2f1]
[genoahost100:638337] [ 8] /direct/sdcc+u/poare/Grid/build/examples/./Example_spec_kryschur[0x4c7e95]
[genoahost100:638337] [ 9] /direct/sdcc+u/poare/Grid/build/examples/./Example_spec_kryschur[0x4b5f4f]
[genoahost100:638337] [10] /direct/sdcc+u/poare/Grid/build/examples/./Example_spec_kryschur[0x41180d]
[genoahost100:638337] [11] /lib64/libc.so.6(+0x2a610)[0x14842142a610]
[genoahost100:638337] [12] /lib64/libc.so.6(__libc_start_main+0x80)[0x14842142a6c0]
[genoahost100:638337] [13] /direct/sdcc+u/poare/Grid/build/examples/./Example_spec_kryschur[0x4147f5]
[genoahost100:638337] *** End of error message ***
srun: error: genoahost099: task 46: Aborted (core dumped)
srun: error: genoahost099: task 36: Aborted (core dumped)
srun: error: genoahost099: task 40: Aborted (core dumped)
Example_spec_kryschur: ../../Grid/communicator/SharedMemoryMPI.cc:434: static void Grid::GlobalSharedMemory::OptimalCommunicatorSharedMemory(const Coordinate&, ompi_communicator_t*&, Grid::Coordinate&): Assertion `WorldSize==Nprocessors' failed.
[genoahost099:1599063] *** Process received signal ***
[genoahost099:1599063] Signal: Aborted (6)
[genoahost099:1599063] Signal code:  (-6)
[genoahost099:1599063] [ 0] /lib64/libc.so.6(+0x3fc30)[0x15367a03fc30]
[genoahost099:1599063] [ 1] /lib64/libc.so.6(+0x8d02c)[0x15367a08d02c]
[genoahost099:1599063] [ 2] /lib64/libc.so.6(raise+0x16)[0x15367a03fb86]
[genoahost099:1599063] [ 3] /lib64/libc.so.6(abort+0xd3)[0x15367a029873]
[genoahost099:1599063] [ 4] /lib64/libc.so.6(+0x2979b)[0x15367a02979b]
[genoahost099:1599063] [ 5] /lib64/libc.so.6(+0x388c6)[0x15367a0388c6]
[genoahost099:1599063] [ 6] /direct/sdcc+u/poare/Grid/build/examples/./Example_spec_kryschur[0x4cc206]
[genoahost099:1599063] [ 7] /direct/sdcc+u/poare/Grid/build/examples/./Example_spec_kryschur[0x4cc2f1]
[genoahost099:1599063] [ 8] /direct/sdcc+u/poare/Grid/build/examples/./Example_spec_kryschur[0x4c7e95]
[genoahost099:1599063] [ 9] /direct/sdcc+u/poare/Grid/build/examples/./Example_spec_kryschur[0x4b5f4f]
[genoahost099:1599063] [10] /direct/sdcc+u/poare/Grid/build/examples/./Example_spec_kryschur[0x41180d]
[genoahost099:1599063] [11] /lib64/libc.so.6(+0x2a610)[0x15367a02a610]
[genoahost099:1599063] [12] /lib64/libc.so.6(__libc_start_main+0x80)[0x15367a02a6c0]
[genoahost099:1599063] [13] /direct/sdcc+u/poare/Grid/build/examples/./Example_spec_kryschur[0x4147f5]
[genoahost099:1599063] *** End of error message ***
Example_spec_kryschur: ../../Grid/communicator/SharedMemoryMPI.cc:434: static void Grid::GlobalSharedMemory::OptimalCommunicatorSharedMemory(const Coordinate&, ompi_communicator_t*&, Grid::Coordinate&): Assertion `WorldSize==Nprocessors' failed.
[genoahost099:1599068] *** Process received signal ***
[genoahost099:1599068] Signal: Aborted (6)
[genoahost099:1599068] Signal code:  (-6)
[genoahost099:1599068] [ 0] /lib64/libc.so.6(+0x3fc30)[0x14cde203fc30]
[genoahost099:1599068] [ 1] /lib64/libc.so.6(+0x8d02c)[0x14cde208d02c]
[genoahost099:1599068] [ 2] /lib64/libc.so.6(raise+0x16)[0x14cde203fb86]
[genoahost099:1599068] [ 3] /lib64/libc.so.6(abort+0xd3)[0x14cde2029873]
[genoahost099:1599068] [ 4] /lib64/libc.so.6(+0x2979b)[0x14cde202979b]
[genoahost099:1599068] [ 5] /lib64/libc.so.6(+0x388c6)[0x14cde20388c6]
[genoahost099:1599068] [ 6] /direct/sdcc+u/poare/Grid/build/examples/./Example_spec_kryschur[0x4cc206]
[genoahost099:1599068] [ 7] /direct/sdcc+u/poare/Grid/build/examples/./Example_spec_kryschur[0x4cc2f1]
[genoahost099:1599068] [ 8] /direct/sdcc+u/poare/Grid/build/examples/./Example_spec_kryschur[0x4c7e95]
[genoahost099:1599068] [ 9] /direct/sdcc+u/poare/Grid/build/examples/./Example_spec_kryschur[0x4b5f4f]
[genoahost099:1599068] [10] /direct/sdcc+u/poare/Grid/build/examples/./Example_spec_kryschur[0x41180d]
[genoahost099:1599068] [11] /lib64/libc.so.6(+0x2a610)[0x14cde202a610]
[genoahost099:1599068] [12] /lib64/libc.so.6(__libc_start_main+0x80)[0x14cde202a6c0]
[genoahost099:1599068] [13] /direct/sdcc+u/poare/Grid/build/examples/./Example_spec_kryschur[0x4147f5]
[genoahost099:1599068] *** End of error message ***
srun: error: genoahost102: tasks 80,91,93,95: Aborted (core dumped)
srun: error: genoahost102: tasks 83,88: Aborted (core dumped)
Example_spec_kryschur: ../../Grid/communicator/SharedMemoryMPI.cc:434: static void Grid::GlobalSharedMemory::OptimalCommunicatorSharedMemory(const Coordinate&, ompi_communicator_t*&, Grid::Coordinate&): Assertion `WorldSize==Nprocessors' failed.
[genoahost102:617671] *** Process received signal ***
[genoahost102:617671] Signal: Aborted (6)
[genoahost102:617671] Signal code:  (-6)
[genoahost102:617671] [ 0] /lib64/libc.so.6(+0x3fc30)[0x1514d6c3fc30]
[genoahost102:617671] [ 1] /lib64/libc.so.6(+0x8d02c)[0x1514d6c8d02c]
[genoahost102:617671] [ 2] /lib64/libc.so.6(raise+0x16)[0x1514d6c3fb86]
[genoahost102:617671] [ 3] /lib64/libc.so.6(abort+0xd3)[0x1514d6c29873]
[genoahost102:617671] [ 4] /lib64/libc.so.6(+0x2979b)[0x1514d6c2979b]
[genoahost102:617671] [ 5] /lib64/libc.so.6(+0x388c6)[0x1514d6c388c6]
[genoahost102:617671] [ 6] /direct/sdcc+u/poare/Grid/build/examples/./Example_spec_kryschur[0x4cc206]
[genoahost102:617671] [ 7] /direct/sdcc+u/poare/Grid/build/examples/./Example_spec_kryschur[0x4cc2f1]
[genoahost102:617671] [ 8] /direct/sdcc+u/poare/Grid/build/examples/./Example_spec_kryschur[0x4c7e95]
[genoahost102:617671] [ 9] /direct/sdcc+u/poare/Grid/build/examples/./Example_spec_kryschur[0x4b5f4f]
[genoahost102:617671] [10] /direct/sdcc+u/poare/Grid/build/examples/./Example_spec_kryschur[0x41180d]
[genoahost102:617671] [11] /lib64/libc.so.6(+0x2a610)[0x1514d6c2a610]
[genoahost102:617671] [12] /lib64/libc.so.6(__libc_start_main+0x80)[0x1514d6c2a6c0]
[genoahost102:617671] [13] /direct/sdcc+u/poare/Grid/build/examples/./Example_spec_kryschur[0x4147f5]
[genoahost102:617671] *** End of error message ***
Example_spec_kryschur: ../../Grid/communicator/SharedMemoryMPI.cc:434: static void Grid::GlobalSharedMemory::OptimalCommunicatorSharedMemory(const Coordinate&, ompi_communicator_t*&, Grid::Coordinate&): Assertion `WorldSize==Nprocessors' failed.
[genoahost102:617669] *** Process received signal ***
[genoahost102:617669] Signal: Aborted (6)
[genoahost102:617669] Signal code:  (-6)
[genoahost102:617669] [ 0] /lib64/libc.so.6(+0x3fc30)[0x148a50c3fc30]
[genoahost102:617669] [ 1] /lib64/libc.so.6(+0x8d02c)[0x148a50c8d02c]
[genoahost102:617669] [ 2] /lib64/libc.so.6(raise+0x16)[0x148a50c3fb86]
[genoahost102:617669] [ 3] /lib64/libc.so.6(abort+0xd3)[0x148a50c29873]
[genoahost102:617669] [ 4] /lib64/libc.so.6(+0x2979b)[0x148a50c2979b]
[genoahost102:617669] [ 5] /lib64/libc.so.6(+0x388c6)[0x148a50c388c6]
[genoahost102:617669] [ 6] /direct/sdcc+u/poare/Grid/build/examples/./Example_spec_kryschur[0x4cc206]
[genoahost102:617669] [ 7] /direct/sdcc+u/poare/Grid/build/examples/./Example_spec_kryschur[0x4cc2f1]
[genoahost102:617669] [ 8] /direct/sdcc+u/poare/Grid/build/examples/./Example_spec_kryschur[0x4c7e95]
[genoahost102:617669] [ 9] /direct/sdcc+u/poare/Grid/build/examples/./Example_spec_kryschur[0x4b5f4f]
[genoahost102:617669] [10] /direct/sdcc+u/poare/Grid/build/examples/./Example_spec_kryschur[0x41180d]
[genoahost102:617669] [11] /lib64/libc.so.6(+0x2a610)[0x148a50c2a610]
[genoahost102:617669] [12] /lib64/libc.so.6(__libc_start_main+0x80)[0x148a50c2a6c0]
[genoahost102:617669] [13] /direct/sdcc+u/poare/Grid/build/examples/./Example_spec_kryschur[0x4147f5]
[genoahost102:617669] *** End of error message ***
srun: error: genoahost104: task 115: Aborted (core dumped)
srun: error: genoahost097: task 15: Aborted (core dumped)
srun: error: genoahost103: task 107: Aborted (core dumped)
srun: error: genoahost104: task 118: Aborted (core dumped)
srun: error: genoahost100: task 49: Aborted (core dumped)
srun: error: genoahost100: tasks 52,54: Aborted (core dumped)
Example_spec_kryschur: ../../Grid/communicator/SharedMemoryMPI.cc:434: static void Grid::GlobalSharedMemory::OptimalCommunicatorSharedMemory(const Coordinate&, ompi_communicator_t*&, Grid::Coordinate&): Assertion `WorldSize==Nprocessors' failed.
[genoahost102:617663] *** Process received signal ***
[genoahost102:617663] Signal: Aborted (6)
[genoahost102:617663] Signal code:  (-6)
[genoahost102:617663] [ 0] /lib64/libc.so.6(+0x3fc30)[0x153aeda3fc30]
[genoahost102:617663] [ 1] /lib64/libc.so.6(+0x8d02c)[0x153aeda8d02c]
[genoahost102:617663] [ 2] /lib64/libc.so.6(raise+0x16)[0x153aeda3fb86]
[genoahost102:617663] [ 3] /lib64/libc.so.6(abort+0xd3)[0x153aeda29873]
[genoahost102:617663] [ 4] /lib64/libc.so.6(+0x2979b)[0x153aeda2979b]
[genoahost102:617663] [ 5] /lib64/libc.so.6(+0x388c6)[0x153aeda388c6]
[genoahost102:617663] [ 6] /direct/sdcc+u/poare/Grid/build/examples/./Example_spec_kryschur[0x4cc206]
[genoahost102:617663] [ 7] /direct/sdcc+u/poare/Grid/build/examples/./Example_spec_kryschur[0x4cc2f1]
[genoahost102:617663] [ 8] /direct/sdcc+u/poare/Grid/build/examples/./Example_spec_kryschur[0x4c7e95]
[genoahost102:617663] [ 9] /direct/sdcc+u/poare/Grid/build/examples/./Example_spec_kryschur[0x4b5f4f]
[genoahost102:617663] [10] /direct/sdcc+u/poare/Grid/build/examples/./Example_spec_kryschur[0x41180d]
[genoahost102:617663] [11] /lib64/libc.so.6(+0x2a610)[0x153aeda2a610]
[genoahost102:617663] [12] /lib64/libc.so.6(__libc_start_main+0x80)[0x153aeda2a6c0]
[genoahost102:617663] [13] /direct/sdcc+u/poare/Grid/build/examples/./Example_spec_kryschur[0x4147f5]
[genoahost102:617663] *** End of error message ***
srun: error: genoahost097: tasks 11-12: Aborted (core dumped)
srun: error: genoahost104: task 112: Aborted (core dumped)
srun: error: genoahost100: task 60: Aborted (core dumped)
srun: error: genoahost099: task 34: Aborted (core dumped)
srun: error: genoahost101: task 65: Aborted (core dumped)
srun: error: genoahost098: task 22: Aborted (core dumped)
srun: error: genoahost101: tasks 72-73,78: Aborted (core dumped)
srun: error: genoahost101: task 71: Aborted (core dumped)
srun: error: genoahost103: task 97: Aborted (core dumped)
srun: error: genoahost098: task 23: Aborted (core dumped)
srun: error: genoahost100: task 50: Aborted (core dumped)
srun: error: genoahost098: task 31: Aborted (core dumped)
srun: error: genoahost098: task 16: Aborted (core dumped)
srun: error: genoahost098: task 18: Aborted (core dumped)
srun: error: genoahost103: task 96: Aborted (core dumped)
srun: error: genoahost099: task 39: Aborted (core dumped)
Example_spec_kryschur: ../../Grid/communicator/SharedMemoryMPI.cc:434: static void Grid::GlobalSharedMemory::OptimalCommunicatorSharedMemory(const Coordinate&, ompi_communicator_t*&, Grid::Coordinate&): Assertion `WorldSize==Nprocessors' failed.
[genoahost101:1137575] *** Process received signal ***
[genoahost101:1137575] Signal: Aborted (6)
[genoahost101:1137575] Signal code:  (-6)
[genoahost101:1137575] [ 0] /lib64/libc.so.6(+0x3fc30)[0x15127723fc30]
[genoahost101:1137575] [ 1] /lib64/libc.so.6(+0x8d02c)[0x15127728d02c]
[genoahost101:1137575] [ 2] /lib64/libc.so.6(raise+0x16)[0x15127723fb86]
[genoahost101:1137575] [ 3] /lib64/libc.so.6(abort+0xd3)[0x151277229873]
[genoahost101:1137575] [ 4] /lib64/libc.so.6(+0x2979b)[0x15127722979b]
[genoahost101:1137575] [ 5] /lib64/libc.so.6(+0x388c6)[0x1512772388c6]
[genoahost101:1137575] [ 6] /direct/sdcc+u/poare/Grid/build/examples/./Example_spec_kryschur[0x4cc206]
[genoahost101:1137575] [ 7] /direct/sdcc+u/poare/Grid/build/examples/./Example_spec_kryschur[0x4cc2f1]
[genoahost101:1137575] [ 8] /direct/sdcc+u/poare/Grid/build/examples/./Example_spec_kryschur[0x4c7e95]
[genoahost101:1137575] [ 9] /direct/sdcc+u/poare/Grid/build/examples/./Example_spec_kryschur[0x4b5f4f]
[genoahost101:1137575] [10] /direct/sdcc+u/poare/Grid/build/examples/./Example_spec_kryschur[0x41180d]
[genoahost101:1137575] [11] /lib64/libc.so.6(+0x2a610)[0x15127722a610]
[genoahost101:1137575] [12] /lib64/libc.so.6(__libc_start_main+0x80)[0x15127722a6c0]
[genoahost101:1137575] [13] /direct/sdcc+u/poare/Grid/build/examples/./Example_spec_kryschur[0x4147f5]
[genoahost101:1137575] *** End of error message ***
Example_spec_kryschur: ../../Grid/communicator/SharedMemoryMPI.cc:434: static void Grid::GlobalSharedMemory::OptimalCommunicatorSharedMemory(const Coordinate&, ompi_communicator_t*&, Grid::Coordinate&): Assertion `WorldSize==Nprocessors' failed.
Example_spec_kryschur: ../../Grid/communicator/SharedMemoryMPI.cc:434: static void Grid::GlobalSharedMemory::OptimalCommunicatorSharedMemory(const Coordinate&, ompi_communicator_t*&, Grid::Coordinate&): Assertion `WorldSize==Nprocessors' failed.
[genoahost101:1137571] *** Process received signal ***
[genoahost101:1137571] Signal: Aborted (6)
[genoahost101:1137571] Signal code:  (-6)
[genoahost101:1137571] [ 0] /lib64/libc.so.6(+0x3fc30)[0x1521de43fc30]
[genoahost101:1137571] [ 1] /lib64/libc.so.6(+0x8d02c)[0x1521de48d02c]
[genoahost101:1137571] [ 2] /lib64/libc.so.6(raise+0x16)[0x1521de43fb86]
[genoahost101:1137571] [ 3] /lib64/libc.so.6(abort+0xd3)[0x1521de429873]
[genoahost101:1137571] [ 4] /lib64/libc.so.6(+0x2979b)[0x1521de42979b]
[genoahost101:1137571] [ 5] /lib64/libc.so.6(+0x388c6)[0x1521de4388c6]
[genoahost101:1137571] [ 6] /direct/sdcc+u/poare/Grid/build/examples/./Example_spec_kryschur[0x4cc206]
[genoahost101:1137571] [ 7] /direct/sdcc+u/poare/Grid/build/examples/./Example_spec_kryschur[0x4cc2f1]
[genoahost101:1137571] [ 8] /direct/sdcc+u/poare/Grid/build/examples/./Example_spec_kryschur[0x4c7e95]
[genoahost101:1137571] [ 9] /direct/sdcc+u/poare/Grid/build/examples/./Example_spec_kryschur[0x4b5f4f]
[genoahost101:1137571] [10] /direct/sdcc+u/poare/Grid/build/examples/./Example_spec_kryschur[0x41180d]
[genoahost101:1137571] [11] /lib64/libc.so.6(+0x2a610)[0x1521de42a610]
[genoahost101:1137571] [12] /lib64/libc.so.6(__libc_start_main+0x80)[0x1521de42a6c0]
[genoahost101:1137571] [13] /direct/sdcc+u/poare/Grid/build/examples/./Example_spec_kryschur[0x4147f5]
[genoahost101:1137571] *** End of error message ***
[genoahost101:1137569] *** Process received signal ***
[genoahost101:1137569] Signal: Aborted (6)
[genoahost101:1137569] Signal code:  (-6)
[genoahost101:1137569] [ 0] /lib64/libc.so.6(+0x3fc30)[0x15404ea3fc30]
[genoahost101:1137569] [ 1] /lib64/libc.so.6(+0x8d02c)[0x15404ea8d02c]
[genoahost101:1137569] [ 2] /lib64/libc.so.6(raise+0x16)[0x15404ea3fb86]
[genoahost101:1137569] [ 3] /lib64/libc.so.6(abort+0xd3)[0x15404ea29873]
[genoahost101:1137569] [ 4] /lib64/libc.so.6(+0x2979b)[0x15404ea2979b]
[genoahost101:1137569] [ 5] /lib64/libc.so.6(+0x388c6)[0x15404ea388c6]
[genoahost101:1137569] [ 6] /direct/sdcc+u/poare/Grid/build/examples/./Example_spec_kryschur[0x4cc206]
[genoahost101:1137569] [ 7] /direct/sdcc+u/poare/Grid/build/examples/./Example_spec_kryschur[0x4cc2f1]
[genoahost101:1137569] [ 8] /direct/sdcc+u/poare/Grid/build/examples/./Example_spec_kryschur[0x4c7e95]
[genoahost101:1137569] [ 9] /direct/sdcc+u/poare/Grid/build/examples/./Example_spec_kryschur[0x4b5f4f]
[genoahost101:1137569] [10] /direct/sdcc+u/poare/Grid/build/examples/./Example_spec_kryschur[0x41180d]
[genoahost101:1137569] [11] /lib64/libc.so.6(+0x2a610)[0x15404ea2a610]
[genoahost101:1137569] [12] /lib64/libc.so.6(__libc_start_main+0x80)[0x15404ea2a6c0]
[genoahost101:1137569] [13] /direct/sdcc+u/poare/Grid/build/examples/./Example_spec_kryschur[0x4147f5]
[genoahost101:1137569] *** End of error message ***
srun: error: genoahost103: tasks 105,109: Aborted (core dumped)
srun: error: genoahost099: task 44: Aborted (core dumped)
srun: error: genoahost102: task 87: Aborted (core dumped)
srun: error: genoahost102: task 89: Aborted (core dumped)
srun: error: genoahost102: task 81: Aborted (core dumped)
srun: error: genoahost101: task 74: Aborted (core dumped)
srun: error: genoahost101: task 70: Aborted (core dumped)
srun: error: genoahost101: task 68: Aborted (core dumped)
