8
128
2.4.4.4
No PMIx server was reachable, but a PMI1/2 was detected.
If srun is being used to launch application,  128 singletons will be started.
SharedMemoryMpi:  World communicator of size 1
SharedMemoryMpi:  Node  communicator of size 1
SharedMemoryMpi: SharedMemoryAllocate 17179869184 SHMOPEN implementation 
SharedMemoryMpi:  World communicator of size 1
SharedMemoryMpi:  Node  communicator of size 1
SharedMemoryMpi: SharedMemoryAllocate 17179869184 SHMOPEN implementation 
SharedMemoryMpi:  World communicator of size 1
SharedMemoryMpi:  Node  communicator of size 1
SharedMemoryMpi: SharedMemoryAllocate 17179869184 SHMOPEN implementation 
SharedMemoryMpi:  World communicator of size 1
SharedMemoryMpi:  Node  communicator of size 1
SharedMemoryMpi: SharedMemoryAllocate 17179869184 SHMOPEN implementation 
SharedMemoryMpi:  World communicator of size 1
SharedMemoryMpi:  Node  communicator of size 1
SharedMemoryMpi: SharedMemoryAllocate 17179869184 SHMOPEN implementation 
SharedMemoryMpi:  World communicator of size 1
SharedMemoryMpi:  Node  communicator of size 1
SharedMemoryMpi: SharedMemoryAllocate 17179869184 SHMOPEN implementation 
SharedMemoryMpi:  World communicator of size 1
SharedMemoryMpi:  Node  communicator of size 1
SharedMemoryMpi: SharedMemoryAllocate 17179869184 SHMOPEN implementation 
SharedMemoryMpi:  World communicator of size 1
SharedMemoryMpi:  Node  communicator of size 1
SharedMemoryMpi: SharedMemoryAllocate 17179869184 SHMOPEN implementation 
SharedMemoryMpi:  World communicator of size 1
SharedMemoryMpi:  Node  communicator of size 1
SharedMemoryMpi: SharedMemoryAllocate 17179869184 SHMOPEN implementation 
SharedMemoryMpi:  World communicator of size 1
SharedMemoryMpi:  Node  communicator of size 1
SharedMemoryMpi: SharedMemoryAllocate 17179869184 SHMOPEN implementation 
SharedMemoryMpi:  World communicator of size 1
SharedMemoryMpi:  Node  communicator of size 1
SharedMemoryMpi: SharedMemoryAllocate 17179869184 SHMOPEN implementation 
SharedMemoryMpi:  World communicator of size 1
SharedMemoryMpi:  Node  communicator of size 1
SharedMemoryMpi: SharedMemoryAllocate 17179869184 SHMOPEN implementation 
SharedMemoryMpi:  World communicator of size 1
SharedMemoryMpi:  Node  communicator of size 1
SharedMemoryMpi: SharedMemoryAllocate 17179869184 SHMOPEN implementation 
SharedMemoryMpi:  World communicator of size 1
SharedMemoryMpi:  Node  communicator of size 1
SharedMemoryMpi: SharedMemoryAllocate 17179869184 SHMOPEN implementation 
SharedMemoryMpi:  World communicator of size 1
SharedMemoryMpi:  Node  communicator of size 1
SharedMemoryMpi: SharedMemoryAllocate 17179869184 SHMOPEN implementation 
SharedMemoryMpi:  World communicator of size 1
SharedMemoryMpi:  Node  communicator of size 1
SharedMemoryMpi: SharedMemoryAllocate 17179869184 SHMOPEN implementation 
SharedMemoryMpi:  World communicator of size 1
SharedMemoryMpi:  Node  communicator of size 1
SharedMemoryMpi: SharedMemoryAllocate 17179869184 SHMOPEN implementation 
SharedMemoryMpi:  World communicator of size 1
SharedMemoryMpi:  Node  communicator of size 1
SharedMemoryMpi: SharedMemoryAllocate 17179869184 SHMOPEN implementation 
SharedMemoryMpi:  World communicator of size 1
SharedMemoryMpi:  Node  communicator of size 1
SharedMemoryMpi: SharedMemoryAllocate 17179869184 SHMOPEN implementation 
SharedMemoryMpi:  World communicator of size 1
SharedMemoryMpi:  Node  communicator of size 1
SharedMemoryMpi: SharedMemoryAllocate 17179869184 SHMOPEN implementation 
SharedMemoryMpi:  World communicator of size 1
SharedMemoryMpi:  Node  communicator of size 1
SharedMemoryMpi: SharedMemoryAllocate 17179869184 SHMOPEN implementation 
SharedMemoryMpi:  World communicator of size 1
SharedMemoryMpi:  Node  communicator of size 1
SharedMemoryMpi: SharedMemoryAllocate 17179869184 SHMOPEN implementation 
SharedMemoryMpi:  World communicator of size 1
SharedMemoryMpi:  Node  communicator of size 1
SharedMemoryMpi: SharedMemoryAllocate 17179869184 SHMOPEN implementation 
SharedMemoryMpi:  World communicator of size 1
SharedMemoryMpi:  Node  communicator of size 1
SharedMemoryMpi: SharedMemoryAllocate 17179869184 SHMOPEN implementation 
SharedMemoryMpi:  World communicator of size 1
SharedMemoryMpi:  Node  communicator of size 1
SharedMemoryMpi: SharedMemoryAllocate 17179869184 SHMOPEN implementation 
SharedMemoryMpi:  World communicator of size 1
SharedMemoryMpi:  Node  communicator of size 1
SharedMemoryMpi: SharedMemoryAllocate 17179869184 SHMOPEN implementation 
SharedMemoryMpi:  World communicator of size 1
SharedMemoryMpi:  Node  communicator of size 1
SharedMemoryMpi: SharedMemoryAllocate 17179869184 SHMOPEN implementation 
SharedMemoryMpi:  World communicator of size 1
SharedMemoryMpi:  Node  communicator of size 1
SharedMemoryMpi: SharedMemoryAllocate 17179869184 SHMOPEN implementation 
SharedMemoryMpi:  World communicator of size 1
SharedMemoryMpi:  Node  communicator of size 1
SharedMemoryMpi: SharedMemoryAllocate 17179869184 SHMOPEN implementation 
SharedMemoryMpi:  World communicator of size 1
SharedMemoryMpi:  Node  communicator of size 1
SharedMemoryMpi: SharedMemoryAllocate 17179869184 SHMOPEN implementation 
SharedMemoryMpi:  World communicator of size 1
SharedMemoryMpi:  Node  communicator of size 1
SharedMemoryMpi: SharedMemoryAllocate 17179869184 SHMOPEN implementation 
SharedMemoryMpi:  World communicator of size 1
SharedMemoryMpi:  Node  communicator of size 1
SharedMemoryMpi: SharedMemoryAllocate 17179869184 SHMOPEN implementation 
SharedMemoryMpi:  World communicator of size 1
SharedMemoryMpi:  Node  communicator of size 1
SharedMemoryMpi: SharedMemoryAllocate 17179869184 SHMOPEN implementation 
SharedMemoryMpi:  World communicator of size 1
SharedMemoryMpi:  Node  communicator of size 1
SharedMemoryMpi: SharedMemoryAllocate 17179869184 SHMOPEN implementation 
SharedMemoryMpi:  World communicator of size 1
SharedMemoryMpi:  Node  communicator of size 1
SharedMemoryMpi: SharedMemoryAllocate 17179869184 SHMOPEN implementation 
SharedMemoryMpi:  World communicator of size 1
SharedMemoryMpi:  Node  communicator of size 1
SharedMemoryMpi: SharedMemoryAllocate 17179869184 SHMOPEN implementation 
SharedMemoryMpi:  World communicator of size 1
SharedMemoryMpi:  Node  communicator of size 1
SharedMemoryMpi: SharedMemoryAllocate 17179869184 SHMOPEN implementation 
SharedMemoryMpi:  World communicator of size 1
SharedMemoryMpi:  Node  communicator of size 1
SharedMemoryMpi: SharedMemoryAllocate 17179869184 SHMOPEN implementation 
SharedMemoryMpi:  World communicator of size 1
SharedMemoryMpi:  Node  communicator of size 1
SharedMemoryMpi: SharedMemoryAllocate 17179869184 SHMOPEN implementation 
SharedMemoryMpi:  World communicator of size 1
SharedMemoryMpi:  Node  communicator of size 1
SharedMemoryMpi: SharedMemoryAllocate 17179869184 SHMOPEN implementation 
SharedMemoryMpi:  World communicator of size 1
SharedMemoryMpi:  Node  communicator of size 1
SharedMemoryMpi: SharedMemoryAllocate 17179869184 SHMOPEN implementation 
SharedMemoryMpi:  World communicator of size 1
SharedMemoryMpi:  Node  communicator of size 1
SharedMemoryMpi: SharedMemoryAllocate 17179869184 SHMOPEN implementation 
SharedMemoryMpi:  World communicator of size 1
SharedMemoryMpi:  Node  communicator of size 1
SharedMemoryMpi: SharedMemoryAllocate 17179869184 SHMOPEN implementation 
SharedMemoryMpi:  World communicator of size 1
SharedMemoryMpi:  Node  communicator of size 1
SharedMemoryMpi: SharedMemoryAllocate 17179869184 SHMOPEN implementation 
SharedMemoryMpi:  World communicator of size 1
SharedMemoryMpi:  Node  communicator of size 1
SharedMemoryMpi: SharedMemoryAllocate 17179869184 SHMOPEN implementation 
SharedMemoryMpi:  World communicator of size 1
SharedMemoryMpi:  Node  communicator of size 1
SharedMemoryMpi: SharedMemoryAllocate 17179869184 SHMOPEN implementation 
SharedMemoryMpi:  World communicator of size 1
SharedMemoryMpi:  Node  communicator of size 1
SharedMemoryMpi: SharedMemoryAllocate 17179869184 SHMOPEN implementation 
SharedMemoryMpi:  World communicator of size 1
SharedMemoryMpi:  Node  communicator of size 1
SharedMemoryMpi: SharedMemoryAllocate 17179869184 SHMOPEN implementation 
SharedMemoryMpi:  World communicator of size 1
SharedMemoryMpi:  Node  communicator of size 1
SharedMemoryMpi: SharedMemoryAllocate 17179869184 SHMOPEN implementation 
SharedMemoryMpi:  World communicator of size 1
SharedMemoryMpi:  Node  communicator of size 1
SharedMemoryMpi: SharedMemoryAllocate 17179869184 SHMOPEN implementation 
SharedMemoryMpi:  World communicator of size 1
SharedMemoryMpi:  Node  communicator of size 1
SharedMemoryMpi: SharedMemoryAllocate 17179869184 SHMOPEN implementation 
SharedMemoryMpi:  World communicator of size 1
SharedMemoryMpi:  Node  communicator of size 1
SharedMemoryMpi: SharedMemoryAllocate 17179869184 SHMOPEN implementation 
SharedMemoryMpi:  World communicator of size 1
SharedMemoryMpi:  Node  communicator of size 1
SharedMemoryMpi: SharedMemoryAllocate 17179869184 SHMOPEN implementation 
SharedMemoryMpi:  World communicator of size 1
SharedMemoryMpi:  Node  communicator of size 1
SharedMemoryMpi: SharedMemoryAllocate 17179869184 SHMOPEN implementation 
SharedMemoryMpi:  World communicator of size 1
SharedMemoryMpi:  Node  communicator of size 1
SharedMemoryMpi: SharedMemoryAllocate 17179869184 SHMOPEN implementation 
SharedMemoryMpi:  World communicator of size 1
SharedMemoryMpi:  Node  communicator of size 1
SharedMemoryMpi: SharedMemoryAllocate 17179869184 SHMOPEN implementation 
SharedMemoryMpi:  World communicator of size 1
SharedMemoryMpi:  Node  communicator of size 1
SharedMemoryMpi: SharedMemoryAllocate 17179869184 SHMOPEN implementation 
SharedMemoryMpi:  World communicator of size 1
SharedMemoryMpi:  Node  communicator of size 1
SharedMemoryMpi: SharedMemoryAllocate 17179869184 SHMOPEN implementation 
SharedMemoryMpi:  World communicator of size 1
SharedMemoryMpi:  Node  communicator of size 1
SharedMemoryMpi: SharedMemoryAllocate 17179869184 SHMOPEN implementation 
SharedMemoryMpi:  World communicator of size 1
SharedMemoryMpi:  Node  communicator of size 1
SharedMemoryMpi: SharedMemoryAllocate 17179869184 SHMOPEN implementation 
SharedMemoryMpi:  World communicator of size 1
SharedMemoryMpi:  Node  communicator of size 1
SharedMemoryMpi: SharedMemoryAllocate 17179869184 SHMOPEN implementation 
SharedMemoryMpi:  World communicator of size 1
SharedMemoryMpi:  Node  communicator of size 1
SharedMemoryMpi: SharedMemoryAllocate 17179869184 SHMOPEN implementation 
SharedMemoryMpi:  World communicator of size 1
SharedMemoryMpi:  Node  communicator of size 1
SharedMemoryMpi: SharedMemoryAllocate 17179869184 SHMOPEN implementation 
SharedMemoryMpi:  World communicator of size 1
SharedMemoryMpi:  Node  communicator of size 1
SharedMemoryMpi: SharedMemoryAllocate 17179869184 SHMOPEN implementation 
SharedMemoryMpi:  World communicator of size 1
SharedMemoryMpi:  Node  communicator of size 1
SharedMemoryMpi: SharedMemoryAllocate 17179869184 SHMOPEN implementation 
SharedMemoryMpi:  World communicator of size 1
SharedMemoryMpi:  Node  communicator of size 1
SharedMemoryMpi: SharedMemoryAllocate 17179869184 SHMOPEN implementation 
SharedMemoryMpi:  World communicator of size 1
SharedMemoryMpi:  Node  communicator of size 1
SharedMemoryMpi: SharedMemoryAllocate 17179869184 SHMOPEN implementation 
SharedMemoryMpi:  World communicator of size 1
SharedMemoryMpi:  Node  communicator of size 1
SharedMemoryMpi: SharedMemoryAllocate 17179869184 SHMOPEN implementation 
SharedMemoryMpi:  World communicator of size 1
SharedMemoryMpi:  Node  communicator of size 1
SharedMemoryMpi: SharedMemoryAllocate 17179869184 SHMOPEN implementation 
SharedMemoryMpi:  World communicator of size 1
SharedMemoryMpi:  Node  communicator of size 1
SharedMemoryMpi: SharedMemoryAllocate 17179869184 SHMOPEN implementation 
SharedMemoryMpi:  World communicator of size 1
SharedMemoryMpi:  Node  communicator of size 1
SharedMemoryMpi: SharedMemoryAllocate 17179869184 SHMOPEN implementation 
SharedMemoryMpi:  World communicator of size 1
SharedMemoryMpi:  Node  communicator of size 1
SharedMemoryMpi: SharedMemoryAllocate 17179869184 SHMOPEN implementation 
SharedMemoryMpi:  World communicator of size 1
SharedMemoryMpi:  Node  communicator of size 1
SharedMemoryMpi: SharedMemoryAllocate 17179869184 SHMOPEN implementation 
SharedMemoryMpi:  World communicator of size 1
SharedMemoryMpi:  Node  communicator of size 1
SharedMemoryMpi: SharedMemoryAllocate 17179869184 SHMOPEN implementation 
SharedMemoryMpi:  World communicator of size 1
SharedMemoryMpi:  Node  communicator of size 1
SharedMemoryMpi: SharedMemoryAllocate 17179869184 SHMOPEN implementation 
SharedMemoryMpi:  World communicator of size 1
SharedMemoryMpi:  Node  communicator of size 1
SharedMemoryMpi: SharedMemoryAllocate 17179869184 SHMOPEN implementation 
SharedMemoryMpi:  World communicator of size 1
SharedMemoryMpi:  Node  communicator of size 1
SharedMemoryMpi: SharedMemoryAllocate 17179869184 SHMOPEN implementation 
SharedMemoryMpi:  World communicator of size 1
SharedMemoryMpi:  Node  communicator of size 1
SharedMemoryMpi: SharedMemoryAllocate 17179869184 SHMOPEN implementation 
SharedMemoryMpi:  World communicator of size 1
SharedMemoryMpi:  Node  communicator of size 1
SharedMemoryMpi: SharedMemoryAllocate 17179869184 SHMOPEN implementation 
SharedMemoryMpi:  World communicator of size 1
SharedMemoryMpi:  Node  communicator of size 1
SharedMemoryMpi: SharedMemoryAllocate 17179869184 SHMOPEN implementation 
SharedMemoryMpi:  World communicator of size 1
SharedMemoryMpi:  Node  communicator of size 1
SharedMemoryMpi: SharedMemoryAllocate 17179869184 SHMOPEN implementation 
SharedMemoryMpi:  World communicator of size 1
SharedMemoryMpi:  Node  communicator of size 1
SharedMemoryMpi: SharedMemoryAllocate 17179869184 SHMOPEN implementation 
SharedMemoryMpi:  World communicator of size 1
SharedMemoryMpi:  Node  communicator of size 1
SharedMemoryMpi: SharedMemoryAllocate 17179869184 SHMOPEN implementation 
SharedMemoryMpi:  World communicator of size 1
SharedMemoryMpi:  Node  communicator of size 1
SharedMemoryMpi: SharedMemoryAllocate 17179869184 SHMOPEN implementation 
SharedMemoryMpi:  World communicator of size 1
SharedMemoryMpi:  Node  communicator of size 1
SharedMemoryMpi: SharedMemoryAllocate 17179869184 SHMOPEN implementation 
SharedMemoryMpi:  World communicator of size 1
SharedMemoryMpi:  Node  communicator of size 1
SharedMemoryMpi: SharedMemoryAllocate 17179869184 SHMOPEN implementation 
SharedMemoryMpi:  World communicator of size 1
SharedMemoryMpi:  Node  communicator of size 1
SharedMemoryMpi: SharedMemoryAllocate 17179869184 SHMOPEN implementation 
SharedMemoryMpi:  World communicator of size 1
SharedMemoryMpi:  Node  communicator of size 1
SharedMemoryMpi: SharedMemoryAllocate 17179869184 SHMOPEN implementation 
SharedMemoryMpi:  World communicator of size 1
SharedMemoryMpi:  Node  communicator of size 1
SharedMemoryMpi: SharedMemoryAllocate 17179869184 SHMOPEN implementation 
SharedMemoryMpi:  World communicator of size 1
SharedMemoryMpi:  Node  communicator of size 1
SharedMemoryMpi: SharedMemoryAllocate 17179869184 SHMOPEN implementation 
SharedMemoryMpi:  World communicator of size 1
SharedMemoryMpi:  Node  communicator of size 1
SharedMemoryMpi: SharedMemoryAllocate 17179869184 SHMOPEN implementation 
SharedMemoryMpi:  World communicator of size 1
SharedMemoryMpi:  Node  communicator of size 1
SharedMemoryMpi: SharedMemoryAllocate 17179869184 SHMOPEN implementation 
SharedMemoryMpi:  World communicator of size 1
SharedMemoryMpi:  Node  communicator of size 1
SharedMemoryMpi: SharedMemoryAllocate 17179869184 SHMOPEN implementation 
SharedMemoryMpi:  World communicator of size 1
SharedMemoryMpi:  Node  communicator of size 1
SharedMemoryMpi: SharedMemoryAllocate 17179869184 SHMOPEN implementation 
SharedMemoryMpi:  World communicator of size 1
SharedMemoryMpi:  Node  communicator of size 1
SharedMemoryMpi: SharedMemoryAllocate 17179869184 SHMOPEN implementation 
SharedMemoryMpi:  World communicator of size 1
SharedMemoryMpi:  Node  communicator of size 1
SharedMemoryMpi: SharedMemoryAllocate 17179869184 SHMOPEN implementation 
SharedMemoryMpi:  World communicator of size 1
SharedMemoryMpi:  Node  communicator of size 1
SharedMemoryMpi: SharedMemoryAllocate 17179869184 SHMOPEN implementation 
SharedMemoryMpi:  World communicator of size 1
SharedMemoryMpi:  Node  communicator of size 1
SharedMemoryMpi: SharedMemoryAllocate 17179869184 SHMOPEN implementation 
SharedMemoryMpi:  World communicator of size 1
SharedMemoryMpi:  Node  communicator of size 1
SharedMemoryMpi: SharedMemoryAllocate 17179869184 SHMOPEN implementation 
SharedMemoryMpi:  World communicator of size 1
SharedMemoryMpi:  Node  communicator of size 1
SharedMemoryMpi: SharedMemoryAllocate 17179869184 SHMOPEN implementation 
SharedMemoryMpi:  World communicator of size 1
SharedMemoryMpi:  Node  communicator of size 1
SharedMemoryMpi: SharedMemoryAllocate 17179869184 SHMOPEN implementation 
SharedMemoryMpi:  World communicator of size 1
SharedMemoryMpi:  Node  communicator of size 1
SharedMemoryMpi: SharedMemoryAllocate 17179869184 SHMOPEN implementation 
SharedMemoryMpi:  World communicator of size 1
SharedMemoryMpi:  Node  communicator of size 1
SharedMemoryMpi: SharedMemoryAllocate 17179869184 SHMOPEN implementation 
SharedMemoryMpi:  World communicator of size 1
SharedMemoryMpi:  Node  communicator of size 1
SharedMemoryMpi: SharedMemoryAllocate 17179869184 SHMOPEN implementation 
SharedMemoryMpi:  World communicator of size 1
SharedMemoryMpi:  Node  communicator of size 1
SharedMemoryMpi: SharedMemoryAllocate 17179869184 SHMOPEN implementation 
SharedMemoryMpi:  World communicator of size 1
SharedMemoryMpi:  Node  communicator of size 1
SharedMemoryMpi: SharedMemoryAllocate 17179869184 SHMOPEN implementation 
SharedMemoryMpi:  World communicator of size 1
SharedMemoryMpi:  Node  communicator of size 1
SharedMemoryMpi: SharedMemoryAllocate 17179869184 SHMOPEN implementation 
SharedMemoryMpi:  World communicator of size 1
SharedMemoryMpi:  Node  communicator of size 1
SharedMemoryMpi: SharedMemoryAllocate 17179869184 SHMOPEN implementation 
SharedMemoryMpi:  World communicator of size 1
SharedMemoryMpi:  Node  communicator of size 1
SharedMemoryMpi: SharedMemoryAllocate 17179869184 SHMOPEN implementation 
SharedMemoryMpi:  World communicator of size 1
SharedMemoryMpi:  Node  communicator of size 1
SharedMemoryMpi: SharedMemoryAllocate 17179869184 SHMOPEN implementation 
SharedMemoryMpi:  World communicator of size 1
SharedMemoryMpi:  Node  communicator of size 1
SharedMemoryMpi: SharedMemoryAllocate 17179869184 SHMOPEN implementation 
SharedMemoryMpi:  World communicator of size 1
SharedMemoryMpi:  Node  communicator of size 1
SharedMemoryMpi: SharedMemoryAllocate 17179869184 SHMOPEN implementation 
SharedMemoryMpi:  World communicator of size 1
SharedMemoryMpi:  Node  communicator of size 1
SharedMemoryMpi: SharedMemoryAllocate 17179869184 SHMOPEN implementation 
SharedMemoryMpi:  World communicator of size 1
SharedMemoryMpi:  Node  communicator of size 1
SharedMemoryMpi: SharedMemoryAllocate 17179869184 SHMOPEN implementation 
SharedMemoryMpi:  World communicator of size 1
SharedMemoryMpi:  Node  communicator of size 1
SharedMemoryMpi: SharedMemoryAllocate 17179869184 SHMOPEN implementation 
SharedMemoryMpi:  World communicator of size 1
SharedMemoryMpi:  Node  communicator of size 1
SharedMemoryMpi: SharedMemoryAllocate 17179869184 SHMOPEN implementation 
SharedMemoryMpi:  World communicator of size 1
SharedMemoryMpi:  Node  communicator of size 1
SharedMemoryMpi: SharedMemoryAllocate 17179869184 SHMOPEN implementation 
SharedMemoryMpi:  World communicator of size 1
SharedMemoryMpi:  Node  communicator of size 1
SharedMemoryMpi: SharedMemoryAllocate 17179869184 SHMOPEN implementation 
SharedMemoryMpi:  World communicator of size 1
SharedMemoryMpi:  Node  communicator of size 1
SharedMemoryMpi: SharedMemoryAllocate 17179869184 SHMOPEN implementation 
SharedMemoryMpi:  World communicator of size 1
SharedMemoryMpi:  Node  communicator of size 1
SharedMemoryMpi: SharedMemoryAllocate 17179869184 SHMOPEN implementation 
SharedMemoryMpi:  World communicator of size 1
SharedMemoryMpi:  Node  communicator of size 1
SharedMemoryMpi: SharedMemoryAllocate 17179869184 SHMOPEN implementation 
SharedMemoryMpi:  World communicator of size 1
SharedMemoryMpi:  Node  communicator of size 1
SharedMemoryMpi: SharedMemoryAllocate 17179869184 SHMOPEN implementation 
SharedMemoryMpi:  World communicator of size 1
SharedMemoryMpi:  Node  communicator of size 1
SharedMemoryMpi: SharedMemoryAllocate 17179869184 SHMOPEN implementation 
SharedMemoryMpi:  World communicator of size 1
SharedMemoryMpi:  Node  communicator of size 1
SharedMemoryMpi: SharedMemoryAllocate 17179869184 SHMOPEN implementation 
SharedMemoryMpi:  World communicator of size 1
SharedMemoryMpi:  Node  communicator of size 1
SharedMemoryMpi: SharedMemoryAllocate 17179869184 SHMOPEN implementation 
SharedMemoryMpi:  World communicator of size 1
SharedMemoryMpi:  Node  communicator of size 1
SharedMemoryMpi: SharedMemoryAllocate 17179869184 SHMOPEN implementation 
SharedMemoryMpi:  World communicator of size 1
SharedMemoryMpi:  Node  communicator of size 1
SharedMemoryMpi: SharedMemoryAllocate 17179869184 SHMOPEN implementation 
SharedMemoryMpi:  World communicator of size 1
SharedMemoryMpi:  Node  communicator of size 1
SharedMemoryMpi: SharedMemoryAllocate 17179869184 SHMOPEN implementation 

__|__|__|__|__|__|__|__|__|__|__|__|__|__|__
__|__|__|__|__|__|__|__|__|__|__|__|__|__|__
__|_ |  |  |  |  |  |  |  |  |  |  |  | _|__
__|_                                    _|__
__|_   GGGG    RRRR    III    DDDD      _|__
__|_  G        R   R    I     D   D     _|__
__|_  G        R   R    I     D    D    _|__
__|_  G  GG    RRRR     I     D    D    _|__
__|_  G   G    R  R     I     D   D     _|__
__|_   GGGG    R   R   III    DDDD      _|__
__|_                                    _|__
__|__|__|__|__|__|__|__|__|__|__|__|__|__|__
__|__|__|__|__|__|__|__|__|__|__|__|__|__|__
  |  |  |  |  |  |  |  |  |  |  |  |  |  |  


Copyright (C) 2015 Peter Boyle, Azusa Yamaguchi, Guido Cossu, Antonin Portelli and other authors

This program is free software; you can redistribute it and/or modify
it under the terms of the GNU General Public License as published by
the Free Software Foundation; either version 2 of the License, or
(at your option) any later version.

This program is distributed in the hope that it will be useful,
but WITHOUT ANY WARRANTY; without even the implied warranty of
MERCHANTABILITY or FITNESS FOR A PARTICULAR PURPOSE.  See the
GNU General Public License for more details.
Current Grid git commit hash=82d411ca7bb8ec4a5b5c3815df23674cfd291070: (HEAD -> develop, origin/develop, origin/HEAD) clean

Grid : Message : ================================================ 
Grid : Message : MPI is initialised and logging filters activated 
Grid : Message : ================================================ 
Grid : Message : This rank is running on host genoahost101.sdcc.bnl.local at local time 2026-02-27 11:52:19
Grid : Message : Requested 17179869184 byte stencil comms buffers 
Grid : Message : MemoryManager::Init() setting up
Grid : Message : MemoryManager::Init() cache pool for recent host   allocations: SMALL 8 LARGE 2 HUGE 0
Grid : Message : MemoryManager::Init() cache pool for recent device allocations: SMALL 16 LARGE 8 Huge 0
Grid : Message : MemoryManager::Init() cache pool for recent shared allocations: SMALL 16 LARGE 8 Huge 0
Grid : Message : MemoryManager::Init() Unified memory space
Sorting eigenvalues using EvalReSmall
Lattice size: [16 16 16 32]
Example_spec_kryschur: ../../Grid/communicator/SharedMemoryMPI.cc:434: static void Grid::GlobalSharedMemory::OptimalCommunicatorSharedMemory(const Coordinate&, ompi_communicator_t*&, Grid::Coordinate&): Assertion `WorldSize==Nprocessors' failed.
[genoahost101:1139376] *** Process received signal ***
[genoahost101:1139376] Signal: Aborted (6)
[genoahost101:1139376] Signal code:  (-6)
[genoahost101:1139376] [ 0] /lib64/libc.so.6(+0x3fc30)[0x149ba823fc30]
[genoahost101:1139376] [ 1] /lib64/libc.so.6(+0x8d02c)[0x149ba828d02c]
[genoahost101:1139376] [ 2] /lib64/libc.so.6(raise+0x16)[0x149ba823fb86]
[genoahost101:1139376] [ 3] /lib64/libc.so.6(abort+0xd3)[0x149ba8229873]
[genoahost101:1139376] [ 4] /lib64/libc.so.6(+0x2979b)[0x149ba822979b]
[genoahost101:1139376] [ 5] /lib64/libc.so.6(+0x388c6)[0x149ba82388c6]
[genoahost101:1139376] [ 6] /direct/sdcc+u/poare/Grid/build/examples/./Example_spec_kryschur[0x4cc206]
[genoahost101:1139376] [ 7] /direct/sdcc+u/poare/Grid/build/examples/./Example_spec_kryschur[0x4cc2f1]
[genoahost101:1139376] [ 8] /direct/sdcc+u/poare/Grid/build/examples/./Example_spec_kryschur[0x4c7e95]
[genoahost101:1139376] [ 9] /direct/sdcc+u/poare/Grid/build/examples/./Example_spec_kryschur[0x4b5f4f]
[genoahost101:1139376] [10] /direct/sdcc+u/poare/Grid/build/examples/./Example_spec_kryschur[0x41180d]
[genoahost101:1139376] [11] /lib64/libc.so.6(+0x2a610)[0x149ba822a610]
[genoahost101:1139376] [12] /lib64/libc.so.6(__libc_start_main+0x80)[0x149ba822a6c0]
[genoahost101:1139376] [13] /direct/sdcc+u/poare/Grid/build/examples/./Example_spec_kryschur[0x4147f5]
[genoahost101:1139376] *** End of error message ***

__|__|__|__|__|__|__|__|__|__|__|__|__|__|__
__|__|__|__|__|__|__|__|__|__|__|__|__|__|__
__|_ |  |  |  |  |  |  |  |  |  |  |  | _|__
__|_                                    _|__
__|_   GGGG    RRRR    III    DDDD      _|__
__|_  G        R   R    I     D   D     _|__
__|_  G        R   R    I     D    D    _|__
__|_  G  GG    RRRR     I     D    D    _|__
__|_  G   G    R  R     I     D   D     _|__
__|_   GGGG    R   R   III    DDDD      _|__
__|_                                    _|__
__|__|__|__|__|__|__|__|__|__|__|__|__|__|__
__|__|__|__|__|__|__|__|__|__|__|__|__|__|__
  |  |  |  |  |  |  |  |  |  |  |  |  |  |  


Copyright (C) 2015 Peter Boyle, Azusa Yamaguchi, Guido Cossu, Antonin Portelli and other authors

This program is free software; you can redistribute it and/or modify
it under the terms of the GNU General Public License as published by
the Free Software Foundation; either version 2 of the License, or
(at your option) any later version.

This program is distributed in the hope that it will be useful,
but WITHOUT ANY WARRANTY; without even the implied warranty of
MERCHANTABILITY or FITNESS FOR A PARTICULAR PURPOSE.  See the
GNU General Public License for more details.
Current Grid git commit hash=82d411ca7bb8ec4a5b5c3815df23674cfd291070: (HEAD -> develop, origin/develop, origin/HEAD) clean

Grid : Message : ================================================ 
Grid : Message : MPI is initialised and logging filters activated 
Grid : Message : ================================================ 
Grid : Message : This rank is running on host genoahost101.sdcc.bnl.local at local time 2026-02-27 11:52:19
Grid : Message : Requested 17179869184 byte stencil comms buffers 
Grid : Message : MemoryManager::Init() setting up
Grid : Message : MemoryManager::Init() cache pool for recent host   allocations: SMALL 8 LARGE 2 HUGE 0
Grid : Message : MemoryManager::Init() cache pool for recent device allocations: SMALL 16 LARGE 8 Huge 0
Grid : Message : MemoryManager::Init() cache pool for recent shared allocations: SMALL 16 LARGE 8 Huge 0
Grid : Message : MemoryManager::Init() Unified memory space
Sorting eigenvalues using EvalReSmall
Lattice size: [16 16 16 32]
Example_spec_kryschur: ../../Grid/communicator/SharedMemoryMPI.cc:434: static void Grid::GlobalSharedMemory::OptimalCommunicatorSharedMemory(const Coordinate&, ompi_communicator_t*&, Grid::Coordinate&): Assertion `WorldSize==Nprocessors' failed.
[genoahost101:1139387] *** Process received signal ***
[genoahost101:1139387] Signal: Aborted (6)
[genoahost101:1139387] Signal code:  (-6)
[genoahost101:1139387] [ 0] /lib64/libc.so.6(+0x3fc30)[0x14ba9523fc30]
[genoahost101:1139387] [ 1] /lib64/libc.so.6(+0x8d02c)[0x14ba9528d02c]
[genoahost101:1139387] [ 2] /lib64/libc.so.6(raise+0x16)[0x14ba9523fb86]
[genoahost101:1139387] [ 3] /lib64/libc.so.6(abort+0xd3)[0x14ba95229873]
[genoahost101:1139387] [ 4] /lib64/libc.so.6(+0x2979b)[0x14ba9522979b]
[genoahost101:1139387] [ 5] /lib64/libc.so.6(+0x388c6)[0x14ba952388c6]
[genoahost101:1139387] [ 6] /direct/sdcc+u/poare/Grid/build/examples/./Example_spec_kryschur[0x4cc206]
[genoahost101:1139387] [ 7] /direct/sdcc+u/poare/Grid/build/examples/./Example_spec_kryschur[0x4cc2f1]
[genoahost101:1139387] [ 8] /direct/sdcc+u/poare/Grid/build/examples/./Example_spec_kryschur[0x4c7e95]
[genoahost101:1139387] [ 9] /direct/sdcc+u/poare/Grid/build/examples/./Example_spec_kryschur[0x4b5f4f]
[genoahost101:1139387] [10] /direct/sdcc+u/poare/Grid/build/examples/./Example_spec_kryschur[0x41180d]
[genoahost101:1139387] [11] /lib64/libc.so.6(+0x2a610)[0x14ba9522a610]
[genoahost101:1139387] [12] /lib64/libc.so.6(__libc_start_main+0x80)[0x14ba9522a6c0]
[genoahost101:1139387] [13] /direct/sdcc+u/poare/Grid/build/examples/./Example_spec_kryschur[0x4147f5]
[genoahost101:1139387] *** End of error message ***
srun: error: genoahost101: task 67: Aborted (core dumped)

__|__|__|__|__|__|__|__|__|__|__|__|__|__|__
__|__|__|__|__|__|__|__|__|__|__|__|__|__|__
__|_ |  |  |  |  |  |  |  |  |  |  |  | _|__
__|_                                    _|__
__|_   GGGG    RRRR    III    DDDD      _|__
__|_  G        R   R    I     D   D     _|__
__|_  G        R   R    I     D    D    _|__
__|_  G  GG    RRRR     I     D    D    _|__
__|_  G   G    R  R     I     D   D     _|__
__|_   GGGG    R   R   III    DDDD      _|__
__|_                                    _|__
__|__|__|__|__|__|__|__|__|__|__|__|__|__|__
__|__|__|__|__|__|__|__|__|__|__|__|__|__|__
  |  |  |  |  |  |  |  |  |  |  |  |  |  |  


Copyright (C) 2015 Peter Boyle, Azusa Yamaguchi, Guido Cossu, Antonin Portelli and other authors

This program is free software; you can redistribute it and/or modify
it under the terms of the GNU General Public License as published by
the Free Software Foundation; either version 2 of the License, or
(at your option) any later version.

This program is distributed in the hope that it will be useful,
but WITHOUT ANY WARRANTY; without even the implied warranty of
MERCHANTABILITY or FITNESS FOR A PARTICULAR PURPOSE.  See the
GNU General Public License for more details.
Current Grid git commit hash=82d411ca7bb8ec4a5b5c3815df23674cfd291070: (HEAD -> develop, origin/develop, origin/HEAD) clean

Grid : Message : ================================================ 
Grid : Message : MPI is initialised and logging filters activated 
Grid : Message : ================================================ 
Grid : Message : This rank is running on host genoahost102.sdcc.bnl.local at local time 2026-02-27 11:52:33
Grid : Message : Requested 17179869184 byte stencil comms buffers 
Grid : Message : MemoryManager::Init() setting up
Grid : Message : MemoryManager::Init() cache pool for recent host   allocations: SMALL 8 LARGE 2 HUGE 0
Grid : Message : MemoryManager::Init() cache pool for recent device allocations: SMALL 16 LARGE 8 Huge 0
Grid : Message : MemoryManager::Init() cache pool for recent shared allocations: SMALL 16 LARGE 8 Huge 0
Grid : Message : MemoryManager::Init() Unified memory space
Sorting eigenvalues using EvalReSmall
Lattice size: [16 16 16 32]
Example_spec_kryschur: ../../Grid/communicator/SharedMemoryMPI.cc:434: static void Grid::GlobalSharedMemory::OptimalCommunicatorSharedMemory(const Coordinate&, ompi_communicator_t*&, Grid::Coordinate&): Assertion `WorldSize==Nprocessors' failed.
[genoahost102:619454] *** Process received signal ***
[genoahost102:619454] Signal: Aborted (6)
[genoahost102:619454] Signal code:  (-6)
[genoahost102:619454] [ 0] /lib64/libc.so.6(+0x3fc30)[0x14582ea3fc30]
[genoahost102:619454] [ 1] /lib64/libc.so.6(+0x8d02c)[0x14582ea8d02c]
[genoahost102:619454] [ 2] /lib64/libc.so.6(raise+0x16)[0x14582ea3fb86]
[genoahost102:619454] [ 3] /lib64/libc.so.6(abort+0xd3)[0x14582ea29873]
[genoahost102:619454] [ 4] /lib64/libc.so.6(+0x2979b)[0x14582ea2979b]
[genoahost102:619454] [ 5] /lib64/libc.so.6(+0x388c6)[0x14582ea388c6]
[genoahost102:619454] [ 6] /direct/sdcc+u/poare/Grid/build/examples/./Example_spec_kryschur[0x4cc206]
[genoahost102:619454] [ 7] /direct/sdcc+u/poare/Grid/build/examples/./Example_spec_kryschur[0x4cc2f1]
[genoahost102:619454] [ 8] /direct/sdcc+u/poare/Grid/build/examples/./Example_spec_kryschur[0x4c7e95]
[genoahost102:619454] [ 9] /direct/sdcc+u/poare/Grid/build/examples/./Example_spec_kryschur[0x4b5f4f]
[genoahost102:619454] [10] /direct/sdcc+u/poare/Grid/build/examples/./Example_spec_kryschur[0x41180d]
[genoahost102:619454] [11] /lib64/libc.so.6(+0x2a610)[0x14582ea2a610]
[genoahost102:619454] [12] /lib64/libc.so.6(__libc_start_main+0x80)[0x14582ea2a6c0]
[genoahost102:619454] [13] /direct/sdcc+u/poare/Grid/build/examples/./Example_spec_kryschur[0x4147f5]
[genoahost102:619454] *** End of error message ***

__|__|__|__|__|__|__|__|__|__|__|__|__|__|__
__|__|__|__|__|__|__|__|__|__|__|__|__|__|__
__|_ |  |  |  |  |  |  |  |  |  |  |  | _|__
__|_                                    _|__
__|_   GGGG    RRRR    III    DDDD      _|__
__|_  G        R   R    I     D   D     _|__
__|_  G        R   R    I     D    D    _|__
__|_  G  GG    RRRR     I     D    D    _|__
__|_  G   G    R  R     I     D   D     _|__
__|_   GGGG    R   R   III    DDDD      _|__
__|_                                    _|__
__|__|__|__|__|__|__|__|__|__|__|__|__|__|__
__|__|__|__|__|__|__|__|__|__|__|__|__|__|__
  |  |  |  |  |  |  |  |  |  |  |  |  |  |  


Copyright (C) 2015 Peter Boyle, Azusa Yamaguchi, Guido Cossu, Antonin Portelli and other authors

This program is free software; you can redistribute it and/or modify
it under the terms of the GNU General Public License as published by
the Free Software Foundation; either version 2 of the License, or
(at your option) any later version.

This program is distributed in the hope that it will be useful,
but WITHOUT ANY WARRANTY; without even the implied warranty of
MERCHANTABILITY or FITNESS FOR A PARTICULAR PURPOSE.  See the
GNU General Public License for more details.
Current Grid git commit hash=82d411ca7bb8ec4a5b5c3815df23674cfd291070: (HEAD -> develop, origin/develop, origin/HEAD) clean

Grid : Message : ================================================ 
Grid : Message : MPI is initialised and logging filters activated 
Grid : Message : ================================================ 
Grid : Message : This rank is running on host genoahost102.sdcc.bnl.local at local time 2026-02-27 11:52:34
Grid : Message : Requested 17179869184 byte stencil comms buffers 
Grid : Message : MemoryManager::Init() setting up
Grid : Message : MemoryManager::Init() cache pool for recent host   allocations: SMALL 8 LARGE 2 HUGE 0
Grid : Message : MemoryManager::Init() cache pool for recent device allocations: SMALL 16 LARGE 8 Huge 0
Grid : Message : MemoryManager::Init() cache pool for recent shared allocations: SMALL 16 LARGE 8 Huge 0
Grid : Message : MemoryManager::Init() Unified memory space
Sorting eigenvalues using EvalReSmall
Lattice size: [16 16 16 32]
Example_spec_kryschur: ../../Grid/communicator/SharedMemoryMPI.cc:434: static void Grid::GlobalSharedMemory::OptimalCommunicatorSharedMemory(const Coordinate&, ompi_communicator_t*&, Grid::Coordinate&): Assertion `WorldSize==Nprocessors' failed.
[genoahost102:619447] *** Process received signal ***
[genoahost102:619447] Signal: Aborted (6)
[genoahost102:619447] Signal code:  (-6)
[genoahost102:619447] [ 0] /lib64/libc.so.6(+0x3fc30)[0x1507c583fc30]
[genoahost102:619447] [ 1] /lib64/libc.so.6(+0x8d02c)[0x1507c588d02c]
[genoahost102:619447] [ 2] /lib64/libc.so.6(raise+0x16)[0x1507c583fb86]
[genoahost102:619447] [ 3] /lib64/libc.so.6(abort+0xd3)[0x1507c5829873]
[genoahost102:619447] [ 4] /lib64/libc.so.6(+0x2979b)[0x1507c582979b]
[genoahost102:619447] [ 5] /lib64/libc.so.6(+0x388c6)[0x1507c58388c6]
[genoahost102:619447] [ 6] /direct/sdcc+u/poare/Grid/build/examples/./Example_spec_kryschur[0x4cc206]
[genoahost102:619447] [ 7] /direct/sdcc+u/poare/Grid/build/examples/./Example_spec_kryschur[0x4cc2f1]
[genoahost102:619447] [ 8] /direct/sdcc+u/poare/Grid/build/examples/./Example_spec_kryschur[0x4c7e95]
[genoahost102:619447] [ 9] /direct/sdcc+u/poare/Grid/build/examples/./Example_spec_kryschur[0x4b5f4f]
[genoahost102:619447] [10] /direct/sdcc+u/poare/Grid/build/examples/./Example_spec_kryschur[0x41180d]
[genoahost102:619447] [11] /lib64/libc.so.6(+0x2a610)[0x1507c582a610]
[genoahost102:619447] [12] /lib64/libc.so.6(__libc_start_main+0x80)[0x1507c582a6c0]
[genoahost102:619447] [13] /direct/sdcc+u/poare/Grid/build/examples/./Example_spec_kryschur[0x4147f5]
[genoahost102:619447] *** End of error message ***

__|__|__|__|__|__|__|__|__|__|__|__|__|__|__
__|__|__|__|__|__|__|__|__|__|__|__|__|__|__
__|_ |  |  |  |  |  |  |  |  |  |  |  | _|__
__|_                                    _|__
__|_   GGGG    RRRR    III    DDDD      _|__
__|_  G        R   R    I     D   D     _|__
__|_  G        R   R    I     D    D    _|__
__|_  G  GG    RRRR     I     D    D    _|__
__|_  G   G    R  R     I     D   D     _|__
__|_   GGGG    R   R   III    DDDD      _|__
__|_                                    _|__
__|__|__|__|__|__|__|__|__|__|__|__|__|__|__
__|__|__|__|__|__|__|__|__|__|__|__|__|__|__
  |  |  |  |  |  |  |  |  |  |  |  |  |  |  


Copyright (C) 2015 Peter Boyle, Azusa Yamaguchi, Guido Cossu, Antonin Portelli and other authors

This program is free software; you can redistribute it and/or modify
it under the terms of the GNU General Public License as published by
the Free Software Foundation; either version 2 of the License, or
(at your option) any later version.

This program is distributed in the hope that it will be useful,
but WITHOUT ANY WARRANTY; without even the implied warranty of
MERCHANTABILITY or FITNESS FOR A PARTICULAR PURPOSE.  See the
GNU General Public License for more details.
Current Grid git commit hash=82d411ca7bb8ec4a5b5c3815df23674cfd291070: (HEAD -> develop, origin/develop, origin/HEAD) clean

Grid : Message : ================================================ 
Grid : Message : MPI is initialised and logging filters activated 
Grid : Message : ================================================ 
Grid : Message : This rank is running on host genoahost103.sdcc.bnl.local at local time 2026-02-27 11:52:36
Grid : Message : Requested 17179869184 byte stencil comms buffers 
Grid : Message : MemoryManager::Init() setting up
Grid : Message : MemoryManager::Init() cache pool for recent host   allocations: SMALL 8 LARGE 2 HUGE 0
Grid : Message : MemoryManager::Init() cache pool for recent device allocations: SMALL 16 LARGE 8 Huge 0
Grid : Message : MemoryManager::Init() cache pool for recent shared allocations: SMALL 16 LARGE 8 Huge 0
Grid : Message : MemoryManager::Init() Unified memory space
Sorting eigenvalues using EvalReSmall
Lattice size: [16 16 16 32]
Example_spec_kryschur: ../../Grid/communicator/SharedMemoryMPI.cc:434: static void Grid::GlobalSharedMemory::OptimalCommunicatorSharedMemory(const Coordinate&, ompi_communicator_t*&, Grid::Coordinate&): Assertion `WorldSize==Nprocessors' failed.
[genoahost103:608888] *** Process received signal ***
[genoahost103:608888] Signal: Aborted (6)
[genoahost103:608888] Signal code:  (-6)
[genoahost103:608888] [ 0] /lib64/libc.so.6(+0x3fc30)[0x14eb0003fc30]
[genoahost103:608888] [ 1] /lib64/libc.so.6(+0x8d02c)[0x14eb0008d02c]
[genoahost103:608888] [ 2] /lib64/libc.so.6(raise+0x16)[0x14eb0003fb86]
[genoahost103:608888] [ 3] /lib64/libc.so.6(abort+0xd3)[0x14eb00029873]
[genoahost103:608888] [ 4] /lib64/libc.so.6(+0x2979b)[0x14eb0002979b]
[genoahost103:608888] [ 5] /lib64/libc.so.6(+0x388c6)[0x14eb000388c6]
[genoahost103:608888] [ 6] /direct/sdcc+u/poare/Grid/build/examples/./Example_spec_kryschur[0x4cc206]
[genoahost103:608888] [ 7] /direct/sdcc+u/poare/Grid/build/examples/./Example_spec_kryschur[0x4cc2f1]
[genoahost103:608888] [ 8] /direct/sdcc+u/poare/Grid/build/examples/./Example_spec_kryschur[0x4c7e95]
[genoahost103:608888] [ 9] /direct/sdcc+u/poare/Grid/build/examples/./Example_spec_kryschur[0x4b5f4f]
[genoahost103:608888] [10] /direct/sdcc+u/poare/Grid/build/examples/./Example_spec_kryschur[0x41180d]
[genoahost103:608888] [11] /lib64/libc.so.6(+0x2a610)[0x14eb0002a610]
[genoahost103:608888] [12] /lib64/libc.so.6(__libc_start_main+0x80)[0x14eb0002a6c0]
[genoahost103:608888] [13] /direct/sdcc+u/poare/Grid/build/examples/./Example_spec_kryschur[0x4147f5]
[genoahost103:608888] *** End of error message ***

__|__|__|__|__|__|__|__|__|__|__|__|__|__|__
__|__|__|__|__|__|__|__|__|__|__|__|__|__|__
__|_ |  |  |  |  |  |  |  |  |  |  |  | _|__
__|_                                    _|__
__|_   GGGG    RRRR    III    DDDD      _|__
__|_  G        R   R    I     D   D     _|__
__|_  G        R   R    I     D    D    _|__
__|_  G  GG    RRRR     I     D    D    _|__
__|_  G   G    R  R     I     D   D     _|__
__|_   GGGG    R   R   III    DDDD      _|__
__|_                                    _|__
__|__|__|__|__|__|__|__|__|__|__|__|__|__|__
__|__|__|__|__|__|__|__|__|__|__|__|__|__|__
  |  |  |  |  |  |  |  |  |  |  |  |  |  |  


Copyright (C) 2015 Peter Boyle, Azusa Yamaguchi, Guido Cossu, Antonin Portelli and other authors

This program is free software; you can redistribute it and/or modify
it under the terms of the GNU General Public License as published by
the Free Software Foundation; either version 2 of the License, or
(at your option) any later version.

This program is distributed in the hope that it will be useful,
but WITHOUT ANY WARRANTY; without even the implied warranty of
MERCHANTABILITY or FITNESS FOR A PARTICULAR PURPOSE.  See the
GNU General Public License for more details.
Current Grid git commit hash=82d411ca7bb8ec4a5b5c3815df23674cfd291070: (HEAD -> develop, origin/develop, origin/HEAD) clean

Grid : Message : ================================================ 
Grid : Message : MPI is initialised and logging filters activated 
Grid : Message : ================================================ 
Grid : Message : This rank is running on host genoahost102.sdcc.bnl.local at local time 2026-02-27 11:52:37
Grid : Message : Requested 17179869184 byte stencil comms buffers 
Grid : Message : MemoryManager::Init() setting up
Grid : Message : MemoryManager::Init() cache pool for recent host   allocations: SMALL 8 LARGE 2 HUGE 0
Grid : Message : MemoryManager::Init() cache pool for recent device allocations: SMALL 16 LARGE 8 Huge 0
Grid : Message : MemoryManager::Init() cache pool for recent shared allocations: SMALL 16 LARGE 8 Huge 0
Grid : Message : MemoryManager::Init() Unified memory space
Sorting eigenvalues using EvalReSmall
Lattice size: [16 16 16 32]
Example_spec_kryschur: ../../Grid/communicator/SharedMemoryMPI.cc:434: static void Grid::GlobalSharedMemory::OptimalCommunicatorSharedMemory(const Coordinate&, ompi_communicator_t*&, Grid::Coordinate&): Assertion `WorldSize==Nprocessors' failed.
[genoahost102:619448] *** Process received signal ***
[genoahost102:619448] Signal: Aborted (6)
[genoahost102:619448] Signal code:  (-6)
[genoahost102:619448] [ 0] /lib64/libc.so.6(+0x3fc30)[0x154e7443fc30]
[genoahost102:619448] [ 1] /lib64/libc.so.6(+0x8d02c)[0x154e7448d02c]
[genoahost102:619448] [ 2] /lib64/libc.so.6(raise+0x16)[0x154e7443fb86]
[genoahost102:619448] [ 3] /lib64/libc.so.6(abort+0xd3)[0x154e74429873]
[genoahost102:619448] [ 4] /lib64/libc.so.6(+0x2979b)[0x154e7442979b]
[genoahost102:619448] [ 5] /lib64/libc.so.6(+0x388c6)[0x154e744388c6]
[genoahost102:619448] [ 6] /direct/sdcc+u/poare/Grid/build/examples/./Example_spec_kryschur[0x4cc206]
[genoahost102:619448] [ 7] /direct/sdcc+u/poare/Grid/build/examples/./Example_spec_kryschur[0x4cc2f1]
[genoahost102:619448] [ 8] /direct/sdcc+u/poare/Grid/build/examples/./Example_spec_kryschur[0x4c7e95]
[genoahost102:619448] [ 9] /direct/sdcc+u/poare/Grid/build/examples/./Example_spec_kryschur[0x4b5f4f]
[genoahost102:619448] [10] /direct/sdcc+u/poare/Grid/build/examples/./Example_spec_kryschur[0x41180d]
[genoahost102:619448] [11] /lib64/libc.so.6(+0x2a610)[0x154e7442a610]
[genoahost102:619448] [12] /lib64/libc.so.6(__libc_start_main+0x80)[0x154e7442a6c0]
[genoahost102:619448] [13] /direct/sdcc+u/poare/Grid/build/examples/./Example_spec_kryschur[0x4147f5]
[genoahost102:619448] *** End of error message ***

__|__|__|__|__|__|__|__|__|__|__|__|__|__|__
__|__|__|__|__|__|__|__|__|__|__|__|__|__|__
__|_ |  |  |  |  |  |  |  |  |  |  |  | _|__
__|_                                    _|__
__|_   GGGG    RRRR    III    DDDD      _|__
__|_  G        R   R    I     D   D     _|__
__|_  G        R   R    I     D    D    _|__
__|_  G  GG    RRRR     I     D    D    _|__
__|_  G   G    R  R     I     D   D     _|__
__|_   GGGG    R   R   III    DDDD      _|__
__|_                                    _|__
__|__|__|__|__|__|__|__|__|__|__|__|__|__|__
__|__|__|__|__|__|__|__|__|__|__|__|__|__|__
  |  |  |  |  |  |  |  |  |  |  |  |  |  |  


Copyright (C) 2015 Peter Boyle, Azusa Yamaguchi, Guido Cossu, Antonin Portelli and other authors

This program is free software; you can redistribute it and/or modify
it under the terms of the GNU General Public License as published by
the Free Software Foundation; either version 2 of the License, or
(at your option) any later version.

This program is distributed in the hope that it will be useful,
but WITHOUT ANY WARRANTY; without even the implied warranty of
MERCHANTABILITY or FITNESS FOR A PARTICULAR PURPOSE.  See the
GNU General Public License for more details.
Current Grid git commit hash=82d411ca7bb8ec4a5b5c3815df23674cfd291070: (HEAD -> develop, origin/develop, origin/HEAD) clean

Grid : Message : ================================================ 
Grid : Message : MPI is initialised and logging filters activated 
Grid : Message : ================================================ 
Grid : Message : This rank is running on host genoahost102.sdcc.bnl.local at local time 2026-02-27 11:52:37
Grid : Message : Requested 17179869184 byte stencil comms buffers 
Grid : Message : MemoryManager::Init() setting up
Grid : Message : MemoryManager::Init() cache pool for recent host   allocations: SMALL 8 LARGE 2 HUGE 0
Grid : Message : MemoryManager::Init() cache pool for recent device allocations: SMALL 16 LARGE 8 Huge 0
Grid : Message : MemoryManager::Init() cache pool for recent shared allocations: SMALL 16 LARGE 8 Huge 0
Grid : Message : MemoryManager::Init() Unified memory space
Sorting eigenvalues using EvalReSmall
Lattice size: [16 16 16 32]
Example_spec_kryschur: ../../Grid/communicator/SharedMemoryMPI.cc:434: static void Grid::GlobalSharedMemory::OptimalCommunicatorSharedMemory(const Coordinate&, ompi_communicator_t*&, Grid::Coordinate&): Assertion `WorldSize==Nprocessors' failed.
[genoahost102:619444] *** Process received signal ***
[genoahost102:619444] Signal: Aborted (6)
[genoahost102:619444] Signal code:  (-6)
[genoahost102:619444] [ 0] /lib64/libc.so.6(+0x3fc30)[0x14c13fc3fc30]
[genoahost102:619444] [ 1] /lib64/libc.so.6(+0x8d02c)[0x14c13fc8d02c]
[genoahost102:619444] [ 2] /lib64/libc.so.6(raise+0x16)[0x14c13fc3fb86]
[genoahost102:619444] [ 3] /lib64/libc.so.6(abort+0xd3)[0x14c13fc29873]
[genoahost102:619444] [ 4] /lib64/libc.so.6(+0x2979b)[0x14c13fc2979b]
[genoahost102:619444] [ 5] /lib64/libc.so.6(+0x388c6)[0x14c13fc388c6]
[genoahost102:619444] [ 6] /direct/sdcc+u/poare/Grid/build/examples/./Example_spec_kryschur[0x4cc206]
[genoahost102:619444] [ 7] /direct/sdcc+u/poare/Grid/build/examples/./Example_spec_kryschur[0x4cc2f1]
[genoahost102:619444] [ 8] /direct/sdcc+u/poare/Grid/build/examples/./Example_spec_kryschur[0x4c7e95]
[genoahost102:619444] [ 9] /direct/sdcc+u/poare/Grid/build/examples/./Example_spec_kryschur[0x4b5f4f]
[genoahost102:619444] [10] /direct/sdcc+u/poare/Grid/build/examples/./Example_spec_kryschur[0x41180d]
[genoahost102:619444] [11] /lib64/libc.so.6(+0x2a610)[0x14c13fc2a610]
[genoahost102:619444] [12] /lib64/libc.so.6(__libc_start_main+0x80)[0x14c13fc2a6c0]
[genoahost102:619444] [13] /direct/sdcc+u/poare/Grid/build/examples/./Example_spec_kryschur[0x4147f5]
[genoahost102:619444] *** End of error message ***

__|__|__|__|__|__|__|__|__|__|__|__|__|__|__
__|__|__|__|__|__|__|__|__|__|__|__|__|__|__
__|_ |  |  |  |  |  |  |  |  |  |  |  | _|__
__|_                                    _|__
__|_   GGGG    RRRR    III    DDDD      _|__
__|_  G        R   R    I     D   D     _|__
__|_  G        R   R    I     D    D    _|__
__|_  G  GG    RRRR     I     D    D    _|__
__|_  G   G    R  R     I     D   D     _|__
__|_   GGGG    R   R   III    DDDD      _|__
__|_                                    _|__
__|__|__|__|__|__|__|__|__|__|__|__|__|__|__
__|__|__|__|__|__|__|__|__|__|__|__|__|__|__
  |  |  |  |  |  |  |  |  |  |  |  |  |  |  


Copyright (C) 2015 Peter Boyle, Azusa Yamaguchi, Guido Cossu, Antonin Portelli and other authors

This program is free software; you can redistribute it and/or modify
it under the terms of the GNU General Public License as published by
the Free Software Foundation; either version 2 of the License, or
(at your option) any later version.

This program is distributed in the hope that it will be useful,
but WITHOUT ANY WARRANTY; without even the implied warranty of
MERCHANTABILITY or FITNESS FOR A PARTICULAR PURPOSE.  See the
GNU General Public License for more details.
Current Grid git commit hash=82d411ca7bb8ec4a5b5c3815df23674cfd291070: (HEAD -> develop, origin/develop, origin/HEAD) clean

Grid : Message : ================================================ 
Grid : Message : MPI is initialised and logging filters activated 
Grid : Message : ================================================ 
Grid : Message : This rank is running on host genoahost103.sdcc.bnl.local at local time 2026-02-27 11:52:38
Grid : Message : Requested 17179869184 byte stencil comms buffers 
Grid : Message : MemoryManager::Init() setting up
Grid : Message : MemoryManager::Init() cache pool for recent host   allocations: SMALL 8 LARGE 2 HUGE 0
Grid : Message : MemoryManager::Init() cache pool for recent device allocations: SMALL 16 LARGE 8 Huge 0
Grid : Message : MemoryManager::Init() cache pool for recent shared allocations: SMALL 16 LARGE 8 Huge 0
Grid : Message : MemoryManager::Init() Unified memory space
Sorting eigenvalues using EvalReSmall
Lattice size: [16 16 16 32]
Example_spec_kryschur: ../../Grid/communicator/SharedMemoryMPI.cc:434: static void Grid::GlobalSharedMemory::OptimalCommunicatorSharedMemory(const Coordinate&, ompi_communicator_t*&, Grid::Coordinate&): Assertion `WorldSize==Nprocessors' failed.
[genoahost103:608876] *** Process received signal ***
[genoahost103:608876] Signal: Aborted (6)
[genoahost103:608876] Signal code:  (-6)
[genoahost103:608876] [ 0] /lib64/libc.so.6(+0x3fc30)[0x14a449a3fc30]
[genoahost103:608876] [ 1] /lib64/libc.so.6(+0x8d02c)[0x14a449a8d02c]
[genoahost103:608876] [ 2] /lib64/libc.so.6(raise+0x16)[0x14a449a3fb86]
[genoahost103:608876] [ 3] /lib64/libc.so.6(abort+0xd3)[0x14a449a29873]
[genoahost103:608876] [ 4] /lib64/libc.so.6(+0x2979b)[0x14a449a2979b]
[genoahost103:608876] [ 5] /lib64/libc.so.6(+0x388c6)[0x14a449a388c6]
[genoahost103:608876] [ 6] /direct/sdcc+u/poare/Grid/build/examples/./Example_spec_kryschur[0x4cc206]
[genoahost103:608876] [ 7] /direct/sdcc+u/poare/Grid/build/examples/./Example_spec_kryschur[0x4cc2f1]
[genoahost103:608876] [ 8] /direct/sdcc+u/poare/Grid/build/examples/./Example_spec_kryschur[0x4c7e95]
[genoahost103:608876] [ 9] /direct/sdcc+u/poare/Grid/build/examples/./Example_spec_kryschur[0x4b5f4f]
[genoahost103:608876] [10] /direct/sdcc+u/poare/Grid/build/examples/./Example_spec_kryschur[0x41180d]
[genoahost103:608876] [11] /lib64/libc.so.6(+0x2a610)[0x14a449a2a610]
[genoahost103:608876] [12] /lib64/libc.so.6(__libc_start_main+0x80)[0x14a449a2a6c0]
[genoahost103:608876] [13] /direct/sdcc+u/poare/Grid/build/examples/./Example_spec_kryschur[0x4147f5]
[genoahost103:608876] *** End of error message ***

__|__|__|__|__|__|__|__|__|__|__|__|__|__|__
__|__|__|__|__|__|__|__|__|__|__|__|__|__|__
__|_ |  |  |  |  |  |  |  |  |  |  |  | _|__
__|_                                    _|__
__|_   GGGG    RRRR    III    DDDD      _|__
__|_  G        R   R    I     D   D     _|__
__|_  G        R   R    I     D    D    _|__
__|_  G  GG    RRRR     I     D    D    _|__
__|_  G   G    R  R     I     D   D     _|__
__|_   GGGG    R   R   III    DDDD      _|__
__|_                                    _|__
__|__|__|__|__|__|__|__|__|__|__|__|__|__|__
__|__|__|__|__|__|__|__|__|__|__|__|__|__|__
  |  |  |  |  |  |  |  |  |  |  |  |  |  |  


Copyright (C) 2015 Peter Boyle, Azusa Yamaguchi, Guido Cossu, Antonin Portelli and other authors

This program is free software; you can redistribute it and/or modify
it under the terms of the GNU General Public License as published by
the Free Software Foundation; either version 2 of the License, or
(at your option) any later version.

This program is distributed in the hope that it will be useful,
but WITHOUT ANY WARRANTY; without even the implied warranty of
MERCHANTABILITY or FITNESS FOR A PARTICULAR PURPOSE.  See the
GNU General Public License for more details.
Current Grid git commit hash=82d411ca7bb8ec4a5b5c3815df23674cfd291070: (HEAD -> develop, origin/develop, origin/HEAD) clean

Grid : Message : ================================================ 
Grid : Message : MPI is initialised and logging filters activated 
Grid : Message : ================================================ 
Grid : Message : This rank is running on host genoahost103.sdcc.bnl.local at local time 2026-02-27 11:52:38
Grid : Message : Requested 17179869184 byte stencil comms buffers 
Grid : Message : MemoryManager::Init() setting up
Grid : Message : MemoryManager::Init() cache pool for recent host   allocations: SMALL 8 LARGE 2 HUGE 0
Grid : Message : MemoryManager::Init() cache pool for recent device allocations: SMALL 16 LARGE 8 Huge 0
Grid : Message : MemoryManager::Init() cache pool for recent shared allocations: SMALL 16 LARGE 8 Huge 0
Grid : Message : MemoryManager::Init() Unified memory space
Sorting eigenvalues using EvalReSmall
Lattice size: [16 16 16 32]
Example_spec_kryschur: ../../Grid/communicator/SharedMemoryMPI.cc:434: static void Grid::GlobalSharedMemory::OptimalCommunicatorSharedMemory(const Coordinate&, ompi_communicator_t*&, Grid::Coordinate&): Assertion `WorldSize==Nprocessors' failed.
[genoahost103:608885] *** Process received signal ***
[genoahost103:608885] Signal: Aborted (6)
[genoahost103:608885] Signal code:  (-6)
[genoahost103:608885] [ 0] /lib64/libc.so.6(+0x3fc30)[0x1543c7a3fc30]
[genoahost103:608885] [ 1] /lib64/libc.so.6(+0x8d02c)[0x1543c7a8d02c]
[genoahost103:608885] [ 2] /lib64/libc.so.6(raise+0x16)[0x1543c7a3fb86]
[genoahost103:608885] [ 3] /lib64/libc.so.6(abort+0xd3)[0x1543c7a29873]
[genoahost103:608885] [ 4] /lib64/libc.so.6(+0x2979b)[0x1543c7a2979b]
[genoahost103:608885] [ 5] /lib64/libc.so.6(+0x388c6)[0x1543c7a388c6]
[genoahost103:608885] [ 6] /direct/sdcc+u/poare/Grid/build/examples/./Example_spec_kryschur[0x4cc206]
[genoahost103:608885] [ 7] /direct/sdcc+u/poare/Grid/build/examples/./Example_spec_kryschur[0x4cc2f1]
[genoahost103:608885] [ 8] /direct/sdcc+u/poare/Grid/build/examples/./Example_spec_kryschur[0x4c7e95]
[genoahost103:608885] [ 9] /direct/sdcc+u/poare/Grid/build/examples/./Example_spec_kryschur[0x4b5f4f]
[genoahost103:608885] [10] /direct/sdcc+u/poare/Grid/build/examples/./Example_spec_kryschur[0x41180d]
[genoahost103:608885] [11] /lib64/libc.so.6(+0x2a610)[0x1543c7a2a610]
[genoahost103:608885] [12] /lib64/libc.so.6(__libc_start_main+0x80)[0x1543c7a2a6c0]
[genoahost103:608885] [13] /direct/sdcc+u/poare/Grid/build/examples/./Example_spec_kryschur[0x4147f5]
[genoahost103:608885] *** End of error message ***

__|__|__|__|__|__|__|__|__|__|__|__|__|__|__
__|__|__|__|__|__|__|__|__|__|__|__|__|__|__
__|_ |  |  |  |  |  |  |  |  |  |  |  | _|__
__|_                                    _|__
__|_   GGGG    RRRR    III    DDDD      _|__
__|_  G        R   R    I     D   D     _|__
__|_  G        R   R    I     D    D    _|__
__|_  G  GG    RRRR     I     D    D    _|__
__|_  G   G    R  R     I     D   D     _|__
__|_   GGGG    R   R   III    DDDD      _|__
__|_                                    _|__
__|__|__|__|__|__|__|__|__|__|__|__|__|__|__
__|__|__|__|__|__|__|__|__|__|__|__|__|__|__
  |  |  |  |  |  |  |  |  |  |  |  |  |  |  


Copyright (C) 2015 Peter Boyle, Azusa Yamaguchi, Guido Cossu, Antonin Portelli and other authors

This program is free software; you can redistribute it and/or modify
it under the terms of the GNU General Public License as published by
the Free Software Foundation; either version 2 of the License, or
(at your option) any later version.

This program is distributed in the hope that it will be useful,
but WITHOUT ANY WARRANTY; without even the implied warranty of
MERCHANTABILITY or FITNESS FOR A PARTICULAR PURPOSE.  See the
GNU General Public License for more details.
Current Grid git commit hash=82d411ca7bb8ec4a5b5c3815df23674cfd291070: (HEAD -> develop, origin/develop, origin/HEAD) clean

Grid : Message : ================================================ 
Grid : Message : MPI is initialised and logging filters activated 
Grid : Message : ================================================ 
Grid : Message : This rank is running on host genoahost100.sdcc.bnl.local at local time 2026-02-27 11:52:38
Grid : Message : Requested 17179869184 byte stencil comms buffers 
Grid : Message : MemoryManager::Init() setting up
Grid : Message : MemoryManager::Init() cache pool for recent host   allocations: SMALL 8 LARGE 2 HUGE 0
Grid : Message : MemoryManager::Init() cache pool for recent device allocations: SMALL 16 LARGE 8 Huge 0
Grid : Message : MemoryManager::Init() cache pool for recent shared allocations: SMALL 16 LARGE 8 Huge 0
Grid : Message : MemoryManager::Init() Unified memory space
Sorting eigenvalues using EvalReSmall
Lattice size: [16 16 16 32]
Example_spec_kryschur: ../../Grid/communicator/SharedMemoryMPI.cc:434: static void Grid::GlobalSharedMemory::OptimalCommunicatorSharedMemory(const Coordinate&, ompi_communicator_t*&, Grid::Coordinate&): Assertion `WorldSize==Nprocessors' failed.
[genoahost100:640129] *** Process received signal ***
[genoahost100:640129] Signal: Aborted (6)
[genoahost100:640129] Signal code:  (-6)
[genoahost100:640129] [ 0] /lib64/libc.so.6(+0x3fc30)[0x1531e743fc30]
[genoahost100:640129] [ 1] /lib64/libc.so.6(+0x8d02c)[0x1531e748d02c]
[genoahost100:640129] [ 2] /lib64/libc.so.6(raise+0x16)[0x1531e743fb86]
[genoahost100:640129] [ 3] /lib64/libc.so.6(abort+0xd3)[0x1531e7429873]
[genoahost100:640129] [ 4] /lib64/libc.so.6(+0x2979b)[0x1531e742979b]
[genoahost100:640129] [ 5] /lib64/libc.so.6(+0x388c6)[0x1531e74388c6]
[genoahost100:640129] [ 6] /direct/sdcc+u/poare/Grid/build/examples/./Example_spec_kryschur[0x4cc206]
[genoahost100:640129] [ 7] /direct/sdcc+u/poare/Grid/build/examples/./Example_spec_kryschur[0x4cc2f1]
[genoahost100:640129] [ 8] /direct/sdcc+u/poare/Grid/build/examples/./Example_spec_kryschur[0x4c7e95]
[genoahost100:640129] [ 9] /direct/sdcc+u/poare/Grid/build/examples/./Example_spec_kryschur[0x4b5f4f]
[genoahost100:640129] [10] /direct/sdcc+u/poare/Grid/build/examples/./Example_spec_kryschur[0x41180d]
[genoahost100:640129] [11] /lib64/libc.so.6(+0x2a610)[0x1531e742a610]
[genoahost100:640129] [12] /lib64/libc.so.6(__libc_start_main+0x80)[0x1531e742a6c0]
[genoahost100:640129] [13] /direct/sdcc+u/poare/Grid/build/examples/./Example_spec_kryschur[0x4147f5]
[genoahost100:640129] *** End of error message ***

__|__|__|__|__|__|__|__|__|__|__|__|__|__|__
__|__|__|__|__|__|__|__|__|__|__|__|__|__|__
__|_ |  |  |  |  |  |  |  |  |  |  |  | _|__
__|_                                    _|__
__|_   GGGG    RRRR    III    DDDD      _|__
__|_  G        R   R    I     D   D     _|__
__|_  G        R   R    I     D    D    _|__
__|_  G  GG    RRRR     I     D    D    _|__
__|_  G   G    R  R     I     D   D     _|__
__|_   GGGG    R   R   III    DDDD      _|__
__|_                                    _|__
__|__|__|__|__|__|__|__|__|__|__|__|__|__|__
__|__|__|__|__|__|__|__|__|__|__|__|__|__|__
  |  |  |  |  |  |  |  |  |  |  |  |  |  |  


Copyright (C) 2015 Peter Boyle, Azusa Yamaguchi, Guido Cossu, Antonin Portelli and other authors

This program is free software; you can redistribute it and/or modify
it under the terms of the GNU General Public License as published by
the Free Software Foundation; either version 2 of the License, or
(at your option) any later version.

This program is distributed in the hope that it will be useful,
but WITHOUT ANY WARRANTY; without even the implied warranty of
MERCHANTABILITY or FITNESS FOR A PARTICULAR PURPOSE.  See the
GNU General Public License for more details.
Current Grid git commit hash=82d411ca7bb8ec4a5b5c3815df23674cfd291070: (HEAD -> develop, origin/develop, origin/HEAD) clean

Grid : Message : ================================================ 
Grid : Message : MPI is initialised and logging filters activated 
Grid : Message : ================================================ 
Grid : Message : This rank is running on host genoahost100.sdcc.bnl.local at local time 2026-02-27 11:52:38
Grid : Message : Requested 17179869184 byte stencil comms buffers 
Grid : Message : MemoryManager::Init() setting up
Grid : Message : MemoryManager::Init() cache pool for recent host   allocations: SMALL 8 LARGE 2 HUGE 0
Grid : Message : MemoryManager::Init() cache pool for recent device allocations: SMALL 16 LARGE 8 Huge 0
Grid : Message : MemoryManager::Init() cache pool for recent shared allocations: SMALL 16 LARGE 8 Huge 0
Grid : Message : MemoryManager::Init() Unified memory space
Sorting eigenvalues using EvalReSmall
Lattice size: [16 16 16 32]
Example_spec_kryschur: ../../Grid/communicator/SharedMemoryMPI.cc:434: static void Grid::GlobalSharedMemory::OptimalCommunicatorSharedMemory(const Coordinate&, ompi_communicator_t*&, Grid::Coordinate&): Assertion `WorldSize==Nprocessors' failed.
[genoahost100:640131] *** Process received signal ***
[genoahost100:640131] Signal: Aborted (6)
[genoahost100:640131] Signal code:  (-6)
[genoahost100:640131] [ 0] /lib64/libc.so.6(+0x3fc30)[0x14a9a643fc30]
[genoahost100:640131] [ 1] /lib64/libc.so.6(+0x8d02c)[0x14a9a648d02c]
[genoahost100:640131] [ 2] /lib64/libc.so.6(raise+0x16)[0x14a9a643fb86]
[genoahost100:640131] [ 3] /lib64/libc.so.6(abort+0xd3)[0x14a9a6429873]
[genoahost100:640131] [ 4] /lib64/libc.so.6(+0x2979b)[0x14a9a642979b]
[genoahost100:640131] [ 5] /lib64/libc.so.6(+0x388c6)[0x14a9a64388c6]
[genoahost100:640131] [ 6] /direct/sdcc+u/poare/Grid/build/examples/./Example_spec_kryschur[0x4cc206]
[genoahost100:640131] [ 7] /direct/sdcc+u/poare/Grid/build/examples/./Example_spec_kryschur[0x4cc2f1]
[genoahost100:640131] [ 8] /direct/sdcc+u/poare/Grid/build/examples/./Example_spec_kryschur[0x4c7e95]
[genoahost100:640131] [ 9] /direct/sdcc+u/poare/Grid/build/examples/./Example_spec_kryschur[0x4b5f4f]
[genoahost100:640131] [10] /direct/sdcc+u/poare/Grid/build/examples/./Example_spec_kryschur[0x41180d]
[genoahost100:640131] [11] /lib64/libc.so.6(+0x2a610)[0x14a9a642a610]
[genoahost100:640131] [12] /lib64/libc.so.6(__libc_start_main+0x80)[0x14a9a642a6c0]
[genoahost100:640131] [13] /direct/sdcc+u/poare/Grid/build/examples/./Example_spec_kryschur[0x4147f5]
[genoahost100:640131] *** End of error message ***

__|__|__|__|__|__|__|__|__|__|__|__|__|__|__
__|__|__|__|__|__|__|__|__|__|__|__|__|__|__
__|_ |  |  |  |  |  |  |  |  |  |  |  | _|__
__|_                                    _|__
__|_   GGGG    RRRR    III    DDDD      _|__
__|_  G        R   R    I     D   D     _|__
__|_  G        R   R    I     D    D    _|__
__|_  G  GG    RRRR     I     D    D    _|__
__|_  G   G    R  R     I     D   D     _|__
__|_   GGGG    R   R   III    DDDD      _|__
__|_                                    _|__
__|__|__|__|__|__|__|__|__|__|__|__|__|__|__
__|__|__|__|__|__|__|__|__|__|__|__|__|__|__
  |  |  |  |  |  |  |  |  |  |  |  |  |  |  


Copyright (C) 2015 Peter Boyle, Azusa Yamaguchi, Guido Cossu, Antonin Portelli and other authors

This program is free software; you can redistribute it and/or modify
it under the terms of the GNU General Public License as published by
the Free Software Foundation; either version 2 of the License, or
(at your option) any later version.

This program is distributed in the hope that it will be useful,
but WITHOUT ANY WARRANTY; without even the implied warranty of
MERCHANTABILITY or FITNESS FOR A PARTICULAR PURPOSE.  See the
GNU General Public License for more details.
Current Grid git commit hash=82d411ca7bb8ec4a5b5c3815df23674cfd291070: (HEAD -> develop, origin/develop, origin/HEAD) clean

Grid : Message : ================================================ 
Grid : Message : MPI is initialised and logging filters activated 
Grid : Message : ================================================ 
Grid : Message : This rank is running on host genoahost097.sdcc.bnl.local at local time 2026-02-27 11:52:41
Grid : Message : Requested 17179869184 byte stencil comms buffers 
Grid : Message : MemoryManager::Init() setting up
Grid : Message : MemoryManager::Init() cache pool for recent host   allocations: SMALL 8 LARGE 2 HUGE 0
Grid : Message : MemoryManager::Init() cache pool for recent device allocations: SMALL 16 LARGE 8 Huge 0
Grid : Message : MemoryManager::Init() cache pool for recent shared allocations: SMALL 16 LARGE 8 Huge 0
Grid : Message : MemoryManager::Init() Unified memory space
Sorting eigenvalues using EvalReSmall
Lattice size: [16 16 16 32]
Example_spec_kryschur: ../../Grid/communicator/SharedMemoryMPI.cc:434: static void Grid::GlobalSharedMemory::OptimalCommunicatorSharedMemory(const Coordinate&, ompi_communicator_t*&, Grid::Coordinate&): Assertion `WorldSize==Nprocessors' failed.
[genoahost097:1722551] *** Process received signal ***
[genoahost097:1722551] Signal: Aborted (6)
[genoahost097:1722551] Signal code:  (-6)
[genoahost097:1722551] [ 0] /lib64/libc.so.6(+0x3fc30)[0x14f0f203fc30]
[genoahost097:1722551] [ 1] /lib64/libc.so.6(+0x8d02c)[0x14f0f208d02c]
[genoahost097:1722551] [ 2] /lib64/libc.so.6(raise+0x16)[0x14f0f203fb86]
[genoahost097:1722551] [ 3] /lib64/libc.so.6(abort+0xd3)[0x14f0f2029873]
[genoahost097:1722551] [ 4] /lib64/libc.so.6(+0x2979b)[0x14f0f202979b]
[genoahost097:1722551] [ 5] /lib64/libc.so.6(+0x388c6)[0x14f0f20388c6]
[genoahost097:1722551] [ 6] /direct/sdcc+u/poare/Grid/build/examples/./Example_spec_kryschur[0x4cc206]
[genoahost097:1722551] [ 7] /direct/sdcc+u/poare/Grid/build/examples/./Example_spec_kryschur[0x4cc2f1]
[genoahost097:1722551] [ 8] /direct/sdcc+u/poare/Grid/build/examples/./Example_spec_kryschur[0x4c7e95]
[genoahost097:1722551] [ 9] /direct/sdcc+u/poare/Grid/build/examples/./Example_spec_kryschur[0x4b5f4f]
[genoahost097:1722551] [10] /direct/sdcc+u/poare/Grid/build/examples/./Example_spec_kryschur[0x41180d]
[genoahost097:1722551] [11] /lib64/libc.so.6(+0x2a610)[0x14f0f202a610]
[genoahost097:1722551] [12] /lib64/libc.so.6(__libc_start_main+0x80)[0x14f0f202a6c0]
[genoahost097:1722551] [13] /direct/sdcc+u/poare/Grid/build/examples/./Example_spec_kryschur[0x4147f5]
[genoahost097:1722551] *** End of error message ***

__|__|__|__|__|__|__|__|__|__|__|__|__|__|__
__|__|__|__|__|__|__|__|__|__|__|__|__|__|__
__|_ |  |  |  |  |  |  |  |  |  |  |  | _|__
__|_                                    _|__
__|_   GGGG    RRRR    III    DDDD      _|__
__|_  G        R   R    I     D   D     _|__
__|_  G        R   R    I     D    D    _|__
__|_  G  GG    RRRR     I     D    D    _|__
__|_  G   G    R  R     I     D   D     _|__
__|_   GGGG    R   R   III    DDDD      _|__
__|_                                    _|__
__|__|__|__|__|__|__|__|__|__|__|__|__|__|__
__|__|__|__|__|__|__|__|__|__|__|__|__|__|__
  |  |  |  |  |  |  |  |  |  |  |  |  |  |  


Copyright (C) 2015 Peter Boyle, Azusa Yamaguchi, Guido Cossu, Antonin Portelli and other authors

This program is free software; you can redistribute it and/or modify
it under the terms of the GNU General Public License as published by
the Free Software Foundation; either version 2 of the License, or
(at your option) any later version.

This program is distributed in the hope that it will be useful,
but WITHOUT ANY WARRANTY; without even the implied warranty of
MERCHANTABILITY or FITNESS FOR A PARTICULAR PURPOSE.  See the
GNU General Public License for more details.
Current Grid git commit hash=82d411ca7bb8ec4a5b5c3815df23674cfd291070: (HEAD -> develop, origin/develop, origin/HEAD) clean

Grid : Message : ================================================ 
Grid : Message : MPI is initialised and logging filters activated 
Grid : Message : ================================================ 
Grid : Message : This rank is running on host genoahost097.sdcc.bnl.local at local time 2026-02-27 11:52:41
Grid : Message : Requested 17179869184 byte stencil comms buffers 
Grid : Message : MemoryManager::Init() setting up
Grid : Message : MemoryManager::Init() cache pool for recent host   allocations: SMALL 8 LARGE 2 HUGE 0
Grid : Message : MemoryManager::Init() cache pool for recent device allocations: SMALL 16 LARGE 8 Huge 0
Grid : Message : MemoryManager::Init() cache pool for recent shared allocations: SMALL 16 LARGE 8 Huge 0
Grid : Message : MemoryManager::Init() Unified memory space
Sorting eigenvalues using EvalReSmall
Lattice size: [16 16 16 32]
Example_spec_kryschur: ../../Grid/communicator/SharedMemoryMPI.cc:434: static void Grid::GlobalSharedMemory::OptimalCommunicatorSharedMemory(const Coordinate&, ompi_communicator_t*&, Grid::Coordinate&): Assertion `WorldSize==Nprocessors' failed.
[genoahost097:1722556] *** Process received signal ***
[genoahost097:1722556] Signal: Aborted (6)
[genoahost097:1722556] Signal code:  (-6)
[genoahost097:1722556] [ 0] /lib64/libc.so.6(+0x3fc30)[0x147283a3fc30]
[genoahost097:1722556] [ 1] /lib64/libc.so.6(+0x8d02c)[0x147283a8d02c]
[genoahost097:1722556] [ 2] /lib64/libc.so.6(raise+0x16)[0x147283a3fb86]
[genoahost097:1722556] [ 3] /lib64/libc.so.6(abort+0xd3)[0x147283a29873]
[genoahost097:1722556] [ 4] /lib64/libc.so.6(+0x2979b)[0x147283a2979b]
[genoahost097:1722556] [ 5] /lib64/libc.so.6(+0x388c6)[0x147283a388c6]
[genoahost097:1722556] [ 6] /direct/sdcc+u/poare/Grid/build/examples/./Example_spec_kryschur[0x4cc206]
[genoahost097:1722556] [ 7] /direct/sdcc+u/poare/Grid/build/examples/./Example_spec_kryschur[0x4cc2f1]
[genoahost097:1722556] [ 8] /direct/sdcc+u/poare/Grid/build/examples/./Example_spec_kryschur[0x4c7e95]
[genoahost097:1722556] [ 9] /direct/sdcc+u/poare/Grid/build/examples/./Example_spec_kryschur[0x4b5f4f]
[genoahost097:1722556] [10] /direct/sdcc+u/poare/Grid/build/examples/./Example_spec_kryschur[0x41180d]
[genoahost097:1722556] [11] /lib64/libc.so.6(+0x2a610)[0x147283a2a610]
[genoahost097:1722556] [12] /lib64/libc.so.6(__libc_start_main+0x80)[0x147283a2a6c0]
[genoahost097:1722556] [13] /direct/sdcc+u/poare/Grid/build/examples/./Example_spec_kryschur[0x4147f5]
[genoahost097:1722556] *** End of error message ***
srun: error: genoahost103: task 97: Aborted (core dumped)
srun: error: genoahost100: task 58: Aborted (core dumped)

__|__|__|__|__|__|__|__|__|__|__|__|__|__|__
__|__|__|__|__|__|__|__|__|__|__|__|__|__|__
__|_ |  |  |  |  |  |  |  |  |  |  |  | _|__
__|_                                    _|__
__|_   GGGG    RRRR    III    DDDD      _|__
__|_  G        R   R    I     D   D     _|__
__|_  G        R   R    I     D    D    _|__
__|_  G  GG    RRRR     I     D    D    _|__
__|_  G   G    R  R     I     D   D     _|__
__|_   GGGG    R   R   III    DDDD      _|__
__|_                                    _|__
__|__|__|__|__|__|__|__|__|__|__|__|__|__|__
__|__|__|__|__|__|__|__|__|__|__|__|__|__|__
  |  |  |  |  |  |  |  |  |  |  |  |  |  |  


Copyright (C) 2015 Peter Boyle, Azusa Yamaguchi, Guido Cossu, Antonin Portelli and other authors

This program is free software; you can redistribute it and/or modify
it under the terms of the GNU General Public License as published by
the Free Software Foundation; either version 2 of the License, or
(at your option) any later version.

This program is distributed in the hope that it will be useful,
but WITHOUT ANY WARRANTY; without even the implied warranty of
MERCHANTABILITY or FITNESS FOR A PARTICULAR PURPOSE.  See the
GNU General Public License for more details.
Current Grid git commit hash=82d411ca7bb8ec4a5b5c3815df23674cfd291070: (HEAD -> develop, origin/develop, origin/HEAD) clean

Grid : Message : ================================================ 
Grid : Message : MPI is initialised and logging filters activated 
Grid : Message : ================================================ 
Grid : Message : This rank is running on host genoahost097.sdcc.bnl.local at local time 2026-02-27 11:52:42
Grid : Message : Requested 17179869184 byte stencil comms buffers 
Grid : Message : MemoryManager::Init() setting up
Grid : Message : MemoryManager::Init() cache pool for recent host   allocations: SMALL 8 LARGE 2 HUGE 0
Grid : Message : MemoryManager::Init() cache pool for recent device allocations: SMALL 16 LARGE 8 Huge 0
Grid : Message : MemoryManager::Init() cache pool for recent shared allocations: SMALL 16 LARGE 8 Huge 0
Grid : Message : MemoryManager::Init() Unified memory space
Sorting eigenvalues using EvalReSmall
Lattice size: [16 16 16 32]
Example_spec_kryschur: ../../Grid/communicator/SharedMemoryMPI.cc:434: static void Grid::GlobalSharedMemory::OptimalCommunicatorSharedMemory(const Coordinate&, ompi_communicator_t*&, Grid::Coordinate&): Assertion `WorldSize==Nprocessors' failed.
[genoahost097:1722544] *** Process received signal ***
[genoahost097:1722544] Signal: Aborted (6)
[genoahost097:1722544] Signal code:  (-6)
[genoahost097:1722544] [ 0] /lib64/libc.so.6(+0x3fc30)[0x1530d8c3fc30]
[genoahost097:1722544] [ 1] /lib64/libc.so.6(+0x8d02c)[0x1530d8c8d02c]
[genoahost097:1722544] [ 2] /lib64/libc.so.6(raise+0x16)[0x1530d8c3fb86]
[genoahost097:1722544] [ 3] /lib64/libc.so.6(abort+0xd3)[0x1530d8c29873]
[genoahost097:1722544] [ 4] /lib64/libc.so.6(+0x2979b)[0x1530d8c2979b]
[genoahost097:1722544] [ 5] /lib64/libc.so.6(+0x388c6)[0x1530d8c388c6]
[genoahost097:1722544] [ 6] /direct/sdcc+u/poare/Grid/build/examples/./Example_spec_kryschur[0x4cc206]
[genoahost097:1722544] [ 7] /direct/sdcc+u/poare/Grid/build/examples/./Example_spec_kryschur[0x4cc2f1]
[genoahost097:1722544] [ 8] /direct/sdcc+u/poare/Grid/build/examples/./Example_spec_kryschur[0x4c7e95]
[genoahost097:1722544] [ 9] /direct/sdcc+u/poare/Grid/build/examples/./Example_spec_kryschur[0x4b5f4f]
[genoahost097:1722544] [10] /direct/sdcc+u/poare/Grid/build/examples/./Example_spec_kryschur[0x41180d]
[genoahost097:1722544] [11] /lib64/libc.so.6(+0x2a610)[0x1530d8c2a610]
[genoahost097:1722544] [12] /lib64/libc.so.6(__libc_start_main+0x80)[0x1530d8c2a6c0]
[genoahost097:1722544] [13] /direct/sdcc+u/poare/Grid/build/examples/./Example_spec_kryschur[0x4147f5]
[genoahost097:1722544] *** End of error message ***

__|__|__|__|__|__|__|__|__|__|__|__|__|__|__
__|__|__|__|__|__|__|__|__|__|__|__|__|__|__
__|_ |  |  |  |  |  |  |  |  |  |  |  | _|__
__|_                                    _|__
__|_   GGGG    RRRR    III    DDDD      _|__
__|_  G        R   R    I     D   D     _|__
__|_  G        R   R    I     D    D    _|__
__|_  G  GG    RRRR     I     D    D    _|__
__|_  G   G    R  R     I     D   D     _|__
__|_   GGGG    R   R   III    DDDD      _|__
__|_                                    _|__
__|__|__|__|__|__|__|__|__|__|__|__|__|__|__
__|__|__|__|__|__|__|__|__|__|__|__|__|__|__
  |  |  |  |  |  |  |  |  |  |  |  |  |  |  


Copyright (C) 2015 Peter Boyle, Azusa Yamaguchi, Guido Cossu, Antonin Portelli and other authors

This program is free software; you can redistribute it and/or modify
it under the terms of the GNU General Public License as published by
the Free Software Foundation; either version 2 of the License, or
(at your option) any later version.

This program is distributed in the hope that it will be useful,
but WITHOUT ANY WARRANTY; without even the implied warranty of
MERCHANTABILITY or FITNESS FOR A PARTICULAR PURPOSE.  See the
GNU General Public License for more details.
Current Grid git commit hash=82d411ca7bb8ec4a5b5c3815df23674cfd291070: (HEAD -> develop, origin/develop, origin/HEAD) clean

Grid : Message : ================================================ 
Grid : Message : MPI is initialised and logging filters activated 
Grid : Message : ================================================ 
Grid : Message : This rank is running on host genoahost098.sdcc.bnl.local at local time 2026-02-27 11:52:44
Grid : Message : Requested 17179869184 byte stencil comms buffers 
Grid : Message : MemoryManager::Init() setting up
Grid : Message : MemoryManager::Init() cache pool for recent host   allocations: SMALL 8 LARGE 2 HUGE 0
Grid : Message : MemoryManager::Init() cache pool for recent device allocations: SMALL 16 LARGE 8 Huge 0
Grid : Message : MemoryManager::Init() cache pool for recent shared allocations: SMALL 16 LARGE 8 Huge 0
Grid : Message : MemoryManager::Init() Unified memory space
Sorting eigenvalues using EvalReSmall
Lattice size: [16 16 16 32]
Example_spec_kryschur: ../../Grid/communicator/SharedMemoryMPI.cc:434: static void Grid::GlobalSharedMemory::OptimalCommunicatorSharedMemory(const Coordinate&, ompi_communicator_t*&, Grid::Coordinate&): Assertion `WorldSize==Nprocessors' failed.
[genoahost098:1621599] *** Process received signal ***
[genoahost098:1621599] Signal: Aborted (6)
[genoahost098:1621599] Signal code:  (-6)
[genoahost098:1621599] [ 0] /lib64/libc.so.6(+0x3fc30)[0x14da42a3fc30]
[genoahost098:1621599] [ 1] /lib64/libc.so.6(+0x8d02c)[0x14da42a8d02c]
[genoahost098:1621599] [ 2] /lib64/libc.so.6(raise+0x16)[0x14da42a3fb86]
[genoahost098:1621599] [ 3] /lib64/libc.so.6(abort+0xd3)[0x14da42a29873]
[genoahost098:1621599] [ 4] /lib64/libc.so.6(+0x2979b)[0x14da42a2979b]
[genoahost098:1621599] [ 5] /lib64/libc.so.6(+0x388c6)[0x14da42a388c6]
[genoahost098:1621599] [ 6] /direct/sdcc+u/poare/Grid/build/examples/./Example_spec_kryschur[0x4cc206]
[genoahost098:1621599] [ 7] /direct/sdcc+u/poare/Grid/build/examples/./Example_spec_kryschur[0x4cc2f1]
[genoahost098:1621599] [ 8] /direct/sdcc+u/poare/Grid/build/examples/./Example_spec_kryschur[0x4c7e95]
[genoahost098:1621599] [ 9] /direct/sdcc+u/poare/Grid/build/examples/./Example_spec_kryschur[0x4b5f4f]
[genoahost098:1621599] [10] /direct/sdcc+u/poare/Grid/build/examples/./Example_spec_kryschur[0x41180d]
[genoahost098:1621599] [11] /lib64/libc.so.6(+0x2a610)[0x14da42a2a610]
[genoahost098:1621599] [12] /lib64/libc.so.6(__libc_start_main+0x80)[0x14da42a2a6c0]
[genoahost098:1621599] [13] /direct/sdcc+u/poare/Grid/build/examples/./Example_spec_kryschur[0x4147f5]
[genoahost098:1621599] *** End of error message ***

__|__|__|__|__|__|__|__|__|__|__|__|__|__|__
__|__|__|__|__|__|__|__|__|__|__|__|__|__|__
__|_ |  |  |  |  |  |  |  |  |  |  |  | _|__
__|_                                    _|__
__|_   GGGG    RRRR    III    DDDD      _|__
__|_  G        R   R    I     D   D     _|__
__|_  G        R   R    I     D    D    _|__
__|_  G  GG    RRRR     I     D    D    _|__
__|_  G   G    R  R     I     D   D     _|__
__|_   GGGG    R   R   III    DDDD      _|__
__|_                                    _|__
__|__|__|__|__|__|__|__|__|__|__|__|__|__|__
__|__|__|__|__|__|__|__|__|__|__|__|__|__|__
  |  |  |  |  |  |  |  |  |  |  |  |  |  |  


Copyright (C) 2015 Peter Boyle, Azusa Yamaguchi, Guido Cossu, Antonin Portelli and other authors

This program is free software; you can redistribute it and/or modify
it under the terms of the GNU General Public License as published by
the Free Software Foundation; either version 2 of the License, or
(at your option) any later version.

This program is distributed in the hope that it will be useful,
but WITHOUT ANY WARRANTY; without even the implied warranty of
MERCHANTABILITY or FITNESS FOR A PARTICULAR PURPOSE.  See the
GNU General Public License for more details.
Current Grid git commit hash=82d411ca7bb8ec4a5b5c3815df23674cfd291070: (HEAD -> develop, origin/develop, origin/HEAD) clean

Grid : Message : ================================================ 
Grid : Message : MPI is initialised and logging filters activated 
Grid : Message : ================================================ 
Grid : Message : This rank is running on host genoahost101.sdcc.bnl.local at local time 2026-02-27 11:52:45
Grid : Message : Requested 17179869184 byte stencil comms buffers 
Grid : Message : MemoryManager::Init() setting up
Grid : Message : MemoryManager::Init() cache pool for recent host   allocations: SMALL 8 LARGE 2 HUGE 0
Grid : Message : MemoryManager::Init() cache pool for recent device allocations: SMALL 16 LARGE 8 Huge 0
Grid : Message : MemoryManager::Init() cache pool for recent shared allocations: SMALL 16 LARGE 8 Huge 0
Grid : Message : MemoryManager::Init() Unified memory space
Sorting eigenvalues using EvalReSmall
Lattice size: [16 16 16 32]
Example_spec_kryschur: ../../Grid/communicator/SharedMemoryMPI.cc:434: static void Grid::GlobalSharedMemory::OptimalCommunicatorSharedMemory(const Coordinate&, ompi_communicator_t*&, Grid::Coordinate&): Assertion `WorldSize==Nprocessors' failed.
[genoahost101:1139386] *** Process received signal ***
[genoahost101:1139386] Signal: Aborted (6)
[genoahost101:1139386] Signal code:  (-6)
[genoahost101:1139386] [ 0] /lib64/libc.so.6(+0x3fc30)[0x151c55a3fc30]
[genoahost101:1139386] [ 1] /lib64/libc.so.6(+0x8d02c)[0x151c55a8d02c]
[genoahost101:1139386] [ 2] /lib64/libc.so.6(raise+0x16)[0x151c55a3fb86]
[genoahost101:1139386] [ 3] /lib64/libc.so.6(abort+0xd3)[0x151c55a29873]
[genoahost101:1139386] [ 4] /lib64/libc.so.6(+0x2979b)[0x151c55a2979b]
[genoahost101:1139386] [ 5] /lib64/libc.so.6(+0x388c6)[0x151c55a388c6]
[genoahost101:1139386] [ 6] /direct/sdcc+u/poare/Grid/build/examples/./Example_spec_kryschur[0x4cc206]
[genoahost101:1139386] [ 7] /direct/sdcc+u/poare/Grid/build/examples/./Example_spec_kryschur[0x4cc2f1]
[genoahost101:1139386] [ 8] /direct/sdcc+u/poare/Grid/build/examples/./Example_spec_kryschur[0x4c7e95]
[genoahost101:1139386] [ 9] /direct/sdcc+u/poare/Grid/build/examples/./Example_spec_kryschur[0x4b5f4f]
[genoahost101:1139386] [10] /direct/sdcc+u/poare/Grid/build/examples/./Example_spec_kryschur[0x41180d]
[genoahost101:1139386] [11] /lib64/libc.so.6(+0x2a610)[0x151c55a2a610]
[genoahost101:1139386] [12] /lib64/libc.so.6(__libc_start_main+0x80)[0x151c55a2a6c0]
[genoahost101:1139386] [13] /direct/sdcc+u/poare/Grid/build/examples/./Example_spec_kryschur[0x4147f5]
[genoahost101:1139386] *** End of error message ***

__|__|__|__|__|__|__|__|__|__|__|__|__|__|__
__|__|__|__|__|__|__|__|__|__|__|__|__|__|__
__|_ |  |  |  |  |  |  |  |  |  |  |  | _|__
__|_                                    _|__
__|_   GGGG    RRRR    III    DDDD      _|__
__|_  G        R   R    I     D   D     _|__
__|_  G        R   R    I     D    D    _|__
__|_  G  GG    RRRR     I     D    D    _|__
__|_  G   G    R  R     I     D   D     _|__
__|_   GGGG    R   R   III    DDDD      _|__
__|_                                    _|__
__|__|__|__|__|__|__|__|__|__|__|__|__|__|__
__|__|__|__|__|__|__|__|__|__|__|__|__|__|__
  |  |  |  |  |  |  |  |  |  |  |  |  |  |  


Copyright (C) 2015 Peter Boyle, Azusa Yamaguchi, Guido Cossu, Antonin Portelli and other authors

This program is free software; you can redistribute it and/or modify
it under the terms of the GNU General Public License as published by
the Free Software Foundation; either version 2 of the License, or
(at your option) any later version.

This program is distributed in the hope that it will be useful,
but WITHOUT ANY WARRANTY; without even the implied warranty of
MERCHANTABILITY or FITNESS FOR A PARTICULAR PURPOSE.  See the
GNU General Public License for more details.
Current Grid git commit hash=82d411ca7bb8ec4a5b5c3815df23674cfd291070: (HEAD -> develop, origin/develop, origin/HEAD) clean

Grid : Message : ================================================ 
Grid : Message : MPI is initialised and logging filters activated 
Grid : Message : ================================================ 
Grid : Message : This rank is running on host genoahost101.sdcc.bnl.local at local time 2026-02-27 11:52:45
Grid : Message : Requested 17179869184 byte stencil comms buffers 
Grid : Message : MemoryManager::Init() setting up
Grid : Message : MemoryManager::Init() cache pool for recent host   allocations: SMALL 8 LARGE 2 HUGE 0
Grid : Message : MemoryManager::Init() cache pool for recent device allocations: SMALL 16 LARGE 8 Huge 0
Grid : Message : MemoryManager::Init() cache pool for recent shared allocations: SMALL 16 LARGE 8 Huge 0
Grid : Message : MemoryManager::Init() Unified memory space
Sorting eigenvalues using EvalReSmall
Lattice size: [16 16 16 32]
Example_spec_kryschur: ../../Grid/communicator/SharedMemoryMPI.cc:434: static void Grid::GlobalSharedMemory::OptimalCommunicatorSharedMemory(const Coordinate&, ompi_communicator_t*&, Grid::Coordinate&): Assertion `WorldSize==Nprocessors' failed.
[genoahost101:1139375] *** Process received signal ***
[genoahost101:1139375] Signal: Aborted (6)
[genoahost101:1139375] Signal code:  (-6)
[genoahost101:1139375] [ 0] /lib64/libc.so.6(+0x3fc30)[0x14d23083fc30]
[genoahost101:1139375] [ 1] /lib64/libc.so.6(+0x8d02c)[0x14d23088d02c]
[genoahost101:1139375] [ 2] /lib64/libc.so.6(raise+0x16)[0x14d23083fb86]
[genoahost101:1139375] [ 3] /lib64/libc.so.6(abort+0xd3)[0x14d230829873]
[genoahost101:1139375] [ 4] /lib64/libc.so.6(+0x2979b)[0x14d23082979b]
[genoahost101:1139375] [ 5] /lib64/libc.so.6(+0x388c6)[0x14d2308388c6]
[genoahost101:1139375] [ 6] /direct/sdcc+u/poare/Grid/build/examples/./Example_spec_kryschur[0x4cc206]
[genoahost101:1139375] [ 7] /direct/sdcc+u/poare/Grid/build/examples/./Example_spec_kryschur[0x4cc2f1]
[genoahost101:1139375] [ 8] /direct/sdcc+u/poare/Grid/build/examples/./Example_spec_kryschur[0x4c7e95]
[genoahost101:1139375] [ 9] /direct/sdcc+u/poare/Grid/build/examples/./Example_spec_kryschur[0x4b5f4f]
[genoahost101:1139375] [10] /direct/sdcc+u/poare/Grid/build/examples/./Example_spec_kryschur[0x41180d]
[genoahost101:1139375] [11] /lib64/libc.so.6(+0x2a610)[0x14d23082a610]
[genoahost101:1139375] [12] /lib64/libc.so.6(__libc_start_main+0x80)[0x14d23082a6c0]
[genoahost101:1139375] [13] /direct/sdcc+u/poare/Grid/build/examples/./Example_spec_kryschur[0x4147f5]
[genoahost101:1139375] *** End of error message ***
srun: error: genoahost097: task 10: Aborted (core dumped)

__|__|__|__|__|__|__|__|__|__|__|__|__|__|__
__|__|__|__|__|__|__|__|__|__|__|__|__|__|__
__|_ |  |  |  |  |  |  |  |  |  |  |  | _|__
__|_                                    _|__
__|_   GGGG    RRRR    III    DDDD      _|__
__|_  G        R   R    I     D   D     _|__
__|_  G        R   R    I     D    D    _|__
__|_  G  GG    RRRR     I     D    D    _|__
__|_  G   G    R  R     I     D   D     _|__
__|_   GGGG    R   R   III    DDDD      _|__
__|_                                    _|__
__|__|__|__|__|__|__|__|__|__|__|__|__|__|__
__|__|__|__|__|__|__|__|__|__|__|__|__|__|__
  |  |  |  |  |  |  |  |  |  |  |  |  |  |  


Copyright (C) 2015 Peter Boyle, Azusa Yamaguchi, Guido Cossu, Antonin Portelli and other authors

This program is free software; you can redistribute it and/or modify
it under the terms of the GNU General Public License as published by
the Free Software Foundation; either version 2 of the License, or
(at your option) any later version.

This program is distributed in the hope that it will be useful,
but WITHOUT ANY WARRANTY; without even the implied warranty of
MERCHANTABILITY or FITNESS FOR A PARTICULAR PURPOSE.  See the
GNU General Public License for more details.
Current Grid git commit hash=82d411ca7bb8ec4a5b5c3815df23674cfd291070: (HEAD -> develop, origin/develop, origin/HEAD) clean

Grid : Message : ================================================ 
Grid : Message : MPI is initialised and logging filters activated 
Grid : Message : ================================================ 
Grid : Message : This rank is running on host genoahost104.sdcc.bnl.local at local time 2026-02-27 11:52:48
Grid : Message : Requested 17179869184 byte stencil comms buffers 
Grid : Message : MemoryManager::Init() setting up
Grid : Message : MemoryManager::Init() cache pool for recent host   allocations: SMALL 8 LARGE 2 HUGE 0
Grid : Message : MemoryManager::Init() cache pool for recent device allocations: SMALL 16 LARGE 8 Huge 0
Grid : Message : MemoryManager::Init() cache pool for recent shared allocations: SMALL 16 LARGE 8 Huge 0
Grid : Message : MemoryManager::Init() Unified memory space
Sorting eigenvalues using EvalReSmall
Lattice size: [16 16 16 32]
Example_spec_kryschur: ../../Grid/communicator/SharedMemoryMPI.cc:434: static void Grid::GlobalSharedMemory::OptimalCommunicatorSharedMemory(const Coordinate&, ompi_communicator_t*&, Grid::Coordinate&): Assertion `WorldSize==Nprocessors' failed.
[genoahost104:620326] *** Process received signal ***
[genoahost104:620326] Signal: Aborted (6)
[genoahost104:620326] Signal code:  (-6)
[genoahost104:620326] [ 0] /lib64/libc.so.6(+0x3fc30)[0x14617a83fc30]
[genoahost104:620326] [ 1] /lib64/libc.so.6(+0x8d02c)[0x14617a88d02c]
[genoahost104:620326] [ 2] /lib64/libc.so.6(raise+0x16)[0x14617a83fb86]
[genoahost104:620326] [ 3] /lib64/libc.so.6(abort+0xd3)[0x14617a829873]
[genoahost104:620326] [ 4] /lib64/libc.so.6(+0x2979b)[0x14617a82979b]
[genoahost104:620326] [ 5] /lib64/libc.so.6(+0x388c6)[0x14617a8388c6]
[genoahost104:620326] [ 6] /direct/sdcc+u/poare/Grid/build/examples/./Example_spec_kryschur[0x4cc206]
[genoahost104:620326] [ 7] /direct/sdcc+u/poare/Grid/build/examples/./Example_spec_kryschur[0x4cc2f1]
[genoahost104:620326] [ 8] /direct/sdcc+u/poare/Grid/build/examples/./Example_spec_kryschur[0x4c7e95]
[genoahost104:620326] [ 9] /direct/sdcc+u/poare/Grid/build/examples/./Example_spec_kryschur[0x4b5f4f]
[genoahost104:620326] [10] /direct/sdcc+u/poare/Grid/build/examples/./Example_spec_kryschur[0x41180d]
[genoahost104:620326] [11] /lib64/libc.so.6(+0x2a610)[0x14617a82a610]
[genoahost104:620326] [12] /lib64/libc.so.6(__libc_start_main+0x80)[0x14617a82a6c0]
[genoahost104:620326] [13] /direct/sdcc+u/poare/Grid/build/examples/./Example_spec_kryschur[0x4147f5]
[genoahost104:620326] *** End of error message ***

__|__|__|__|__|__|__|__|__|__|__|__|__|__|__
__|__|__|__|__|__|__|__|__|__|__|__|__|__|__
__|_ |  |  |  |  |  |  |  |  |  |  |  | _|__
__|_                                    _|__
__|_   GGGG    RRRR    III    DDDD      _|__
__|_  G        R   R    I     D   D     _|__
__|_  G        R   R    I     D    D    _|__
__|_  G  GG    RRRR     I     D    D    _|__
__|_  G   G    R  R     I     D   D     _|__
__|_   GGGG    R   R   III    DDDD      _|__
__|_                                    _|__
__|__|__|__|__|__|__|__|__|__|__|__|__|__|__
__|__|__|__|__|__|__|__|__|__|__|__|__|__|__
  |  |  |  |  |  |  |  |  |  |  |  |  |  |  


Copyright (C) 2015 Peter Boyle, Azusa Yamaguchi, Guido Cossu, Antonin Portelli and other authors

This program is free software; you can redistribute it and/or modify
it under the terms of the GNU General Public License as published by
the Free Software Foundation; either version 2 of the License, or
(at your option) any later version.

This program is distributed in the hope that it will be useful,
but WITHOUT ANY WARRANTY; without even the implied warranty of
MERCHANTABILITY or FITNESS FOR A PARTICULAR PURPOSE.  See the
GNU General Public License for more details.
Current Grid git commit hash=82d411ca7bb8ec4a5b5c3815df23674cfd291070: (HEAD -> develop, origin/develop, origin/HEAD) clean

Grid : Message : ================================================ 
Grid : Message : MPI is initialised and logging filters activated 
Grid : Message : ================================================ 
Grid : Message : This rank is running on host genoahost104.sdcc.bnl.local at local time 2026-02-27 11:52:48
Grid : Message : Requested 17179869184 byte stencil comms buffers 
Grid : Message : MemoryManager::Init() setting up
Grid : Message : MemoryManager::Init() cache pool for recent host   allocations: SMALL 8 LARGE 2 HUGE 0
Grid : Message : MemoryManager::Init() cache pool for recent device allocations: SMALL 16 LARGE 8 Huge 0
Grid : Message : MemoryManager::Init() cache pool for recent shared allocations: SMALL 16 LARGE 8 Huge 0
Grid : Message : MemoryManager::Init() Unified memory space
Sorting eigenvalues using EvalReSmall
Lattice size: [16 16 16 32]
Example_spec_kryschur: ../../Grid/communicator/SharedMemoryMPI.cc:434: static void Grid::GlobalSharedMemory::OptimalCommunicatorSharedMemory(const Coordinate&, ompi_communicator_t*&, Grid::Coordinate&): Assertion `WorldSize==Nprocessors' failed.
[genoahost104:620338] *** Process received signal ***
[genoahost104:620338] Signal: Aborted (6)
[genoahost104:620338] Signal code:  (-6)
[genoahost104:620338] [ 0] /lib64/libc.so.6(+0x3fc30)[0x14db4463fc30]
[genoahost104:620338] [ 1] /lib64/libc.so.6(+0x8d02c)[0x14db4468d02c]
[genoahost104:620338] [ 2] /lib64/libc.so.6(raise+0x16)[0x14db4463fb86]
[genoahost104:620338] [ 3] /lib64/libc.so.6(abort+0xd3)[0x14db44629873]
[genoahost104:620338] [ 4] /lib64/libc.so.6(+0x2979b)[0x14db4462979b]
[genoahost104:620338] [ 5] /lib64/libc.so.6(+0x388c6)[0x14db446388c6]
[genoahost104:620338] [ 6] /direct/sdcc+u/poare/Grid/build/examples/./Example_spec_kryschur[0x4cc206]
[genoahost104:620338] [ 7] /direct/sdcc+u/poare/Grid/build/examples/./Example_spec_kryschur[0x4cc2f1]
[genoahost104:620338] [ 8] /direct/sdcc+u/poare/Grid/build/examples/./Example_spec_kryschur[0x4c7e95]
[genoahost104:620338] [ 9] /direct/sdcc+u/poare/Grid/build/examples/./Example_spec_kryschur[0x4b5f4f]
[genoahost104:620338] [10] /direct/sdcc+u/poare/Grid/build/examples/./Example_spec_kryschur[0x41180d]
[genoahost104:620338] [11] /lib64/libc.so.6(+0x2a610)[0x14db4462a610]
[genoahost104:620338] [12] /lib64/libc.so.6(__libc_start_main+0x80)[0x14db4462a6c0]
[genoahost104:620338] [13] /direct/sdcc+u/poare/Grid/build/examples/./Example_spec_kryschur[0x4147f5]
[genoahost104:620338] *** End of error message ***
srun: error: genoahost102: task 86: Aborted (core dumped)
srun: error: genoahost103: task 106: Aborted (core dumped)
srun: error: genoahost104: task 114: Aborted (core dumped)

__|__|__|__|__|__|__|__|__|__|__|__|__|__|__
__|__|__|__|__|__|__|__|__|__|__|__|__|__|__
__|_ |  |  |  |  |  |  |  |  |  |  |  | _|__
__|_                                    _|__
__|_   GGGG    RRRR    III    DDDD      _|__
__|_  G        R   R    I     D   D     _|__
__|_  G        R   R    I     D    D    _|__
__|_  G  GG    RRRR     I     D    D    _|__
__|_  G   G    R  R     I     D   D     _|__
__|_   GGGG    R   R   III    DDDD      _|__
__|_                                    _|__
__|__|__|__|__|__|__|__|__|__|__|__|__|__|__
__|__|__|__|__|__|__|__|__|__|__|__|__|__|__
  |  |  |  |  |  |  |  |  |  |  |  |  |  |  


Copyright (C) 2015 Peter Boyle, Azusa Yamaguchi, Guido Cossu, Antonin Portelli and other authors

This program is free software; you can redistribute it and/or modify
it under the terms of the GNU General Public License as published by
the Free Software Foundation; either version 2 of the License, or
(at your option) any later version.

This program is distributed in the hope that it will be useful,
but WITHOUT ANY WARRANTY; without even the implied warranty of
MERCHANTABILITY or FITNESS FOR A PARTICULAR PURPOSE.  See the
GNU General Public License for more details.
Current Grid git commit hash=82d411ca7bb8ec4a5b5c3815df23674cfd291070: (HEAD -> develop, origin/develop, origin/HEAD) clean

Grid : Message : ================================================ 
Grid : Message : MPI is initialised and logging filters activated 
Grid : Message : ================================================ 
Grid : Message : This rank is running on host genoahost098.sdcc.bnl.local at local time 2026-02-27 11:52:54
Grid : Message : Requested 17179869184 byte stencil comms buffers 
Grid : Message : MemoryManager::Init() setting up
Grid : Message : MemoryManager::Init() cache pool for recent host   allocations: SMALL 8 LARGE 2 HUGE 0
Grid : Message : MemoryManager::Init() cache pool for recent device allocations: SMALL 16 LARGE 8 Huge 0
Grid : Message : MemoryManager::Init() cache pool for recent shared allocations: SMALL 16 LARGE 8 Huge 0
Grid : Message : MemoryManager::Init() Unified memory space
Sorting eigenvalues using EvalReSmall
Lattice size: [16 16 16 32]
Example_spec_kryschur: ../../Grid/communicator/SharedMemoryMPI.cc:434: static void Grid::GlobalSharedMemory::OptimalCommunicatorSharedMemory(const Coordinate&, ompi_communicator_t*&, Grid::Coordinate&): Assertion `WorldSize==Nprocessors' failed.
[genoahost098:1621606] *** Process received signal ***
[genoahost098:1621606] Signal: Aborted (6)
[genoahost098:1621606] Signal code:  (-6)
[genoahost098:1621606] [ 0] /lib64/libc.so.6(+0x3fc30)[0x14fe4ca3fc30]
[genoahost098:1621606] [ 1] /lib64/libc.so.6(+0x8d02c)[0x14fe4ca8d02c]
[genoahost098:1621606] [ 2] /lib64/libc.so.6(raise+0x16)[0x14fe4ca3fb86]
[genoahost098:1621606] [ 3] /lib64/libc.so.6(abort+0xd3)[0x14fe4ca29873]
[genoahost098:1621606] [ 4] /lib64/libc.so.6(+0x2979b)[0x14fe4ca2979b]
[genoahost098:1621606] [ 5] /lib64/libc.so.6(+0x388c6)[0x14fe4ca388c6]
[genoahost098:1621606] [ 6] /direct/sdcc+u/poare/Grid/build/examples/./Example_spec_kryschur[0x4cc206]
[genoahost098:1621606] [ 7] /direct/sdcc+u/poare/Grid/build/examples/./Example_spec_kryschur[0x4cc2f1]
[genoahost098:1621606] [ 8] /direct/sdcc+u/poare/Grid/build/examples/./Example_spec_kryschur[0x4c7e95]
[genoahost098:1621606] [ 9] /direct/sdcc+u/poare/Grid/build/examples/./Example_spec_kryschur[0x4b5f4f]
[genoahost098:1621606] [10] /direct/sdcc+u/poare/Grid/build/examples/./Example_spec_kryschur[0x41180d]
[genoahost098:1621606] [11] /lib64/libc.so.6(+0x2a610)[0x14fe4ca2a610]
[genoahost098:1621606] [12] /lib64/libc.so.6(__libc_start_main+0x80)[0x14fe4ca2a6c0]
[genoahost098:1621606] [13] /direct/sdcc+u/poare/Grid/build/examples/./Example_spec_kryschur[0x4147f5]
[genoahost098:1621606] *** End of error message ***

__|__|__|__|__|__|__|__|__|__|__|__|__|__|__
__|__|__|__|__|__|__|__|__|__|__|__|__|__|__
__|_ |  |  |  |  |  |  |  |  |  |  |  | _|__
__|_                                    _|__
__|_   GGGG    RRRR    III    DDDD      _|__
__|_  G        R   R    I     D   D     _|__
__|_  G        R   R    I     D    D    _|__
__|_  G  GG    RRRR     I     D    D    _|__
__|_  G   G    R  R     I     D   D     _|__
__|_   GGGG    R   R   III    DDDD      _|__
__|_                                    _|__
__|__|__|__|__|__|__|__|__|__|__|__|__|__|__
__|__|__|__|__|__|__|__|__|__|__|__|__|__|__
  |  |  |  |  |  |  |  |  |  |  |  |  |  |  


Copyright (C) 2015 Peter Boyle, Azusa Yamaguchi, Guido Cossu, Antonin Portelli and other authors

This program is free software; you can redistribute it and/or modify
it under the terms of the GNU General Public License as published by
the Free Software Foundation; either version 2 of the License, or
(at your option) any later version.

This program is distributed in the hope that it will be useful,
but WITHOUT ANY WARRANTY; without even the implied warranty of
MERCHANTABILITY or FITNESS FOR A PARTICULAR PURPOSE.  See the
GNU General Public License for more details.
Current Grid git commit hash=82d411ca7bb8ec4a5b5c3815df23674cfd291070: (HEAD -> develop, origin/develop, origin/HEAD) clean

Grid : Message : ================================================ 
Grid : Message : MPI is initialised and logging filters activated 
Grid : Message : ================================================ 
Grid : Message : This rank is running on host genoahost098.sdcc.bnl.local at local time 2026-02-27 11:52:54
Grid : Message : Requested 17179869184 byte stencil comms buffers 
Grid : Message : MemoryManager::Init() setting up
Grid : Message : MemoryManager::Init() cache pool for recent host   allocations: SMALL 8 LARGE 2 HUGE 0
Grid : Message : MemoryManager::Init() cache pool for recent device allocations: SMALL 16 LARGE 8 Huge 0
Grid : Message : MemoryManager::Init() cache pool for recent shared allocations: SMALL 16 LARGE 8 Huge 0
Grid : Message : MemoryManager::Init() Unified memory space
Sorting eigenvalues using EvalReSmall
Lattice size: [16 16 16 32]
Example_spec_kryschur: ../../Grid/communicator/SharedMemoryMPI.cc:434: static void Grid::GlobalSharedMemory::OptimalCommunicatorSharedMemory(const Coordinate&, ompi_communicator_t*&, Grid::Coordinate&): Assertion `WorldSize==Nprocessors' failed.
[genoahost098:1621596] *** Process received signal ***
[genoahost098:1621596] Signal: Aborted (6)
[genoahost098:1621596] Signal code:  (-6)
[genoahost098:1621596] [ 0] /lib64/libc.so.6(+0x3fc30)[0x15036103fc30]
[genoahost098:1621596] [ 1] /lib64/libc.so.6(+0x8d02c)[0x15036108d02c]
[genoahost098:1621596] [ 2] /lib64/libc.so.6(raise+0x16)[0x15036103fb86]
[genoahost098:1621596] [ 3] /lib64/libc.so.6(abort+0xd3)[0x150361029873]
[genoahost098:1621596] [ 4] /lib64/libc.so.6(+0x2979b)[0x15036102979b]
[genoahost098:1621596] [ 5] /lib64/libc.so.6(+0x388c6)[0x1503610388c6]
[genoahost098:1621596] [ 6] /direct/sdcc+u/poare/Grid/build/examples/./Example_spec_kryschur[0x4cc206]
[genoahost098:1621596] [ 7] /direct/sdcc+u/poare/Grid/build/examples/./Example_spec_kryschur[0x4cc2f1]
[genoahost098:1621596] [ 8] /direct/sdcc+u/poare/Grid/build/examples/./Example_spec_kryschur[0x4c7e95]
[genoahost098:1621596] [ 9] /direct/sdcc+u/poare/Grid/build/examples/./Example_spec_kryschur[0x4b5f4f]
[genoahost098:1621596] [10] /direct/sdcc+u/poare/Grid/build/examples/./Example_spec_kryschur[0x41180d]
[genoahost098:1621596] [11] /lib64/libc.so.6(+0x2a610)[0x15036102a610]
[genoahost098:1621596] [12] /lib64/libc.so.6(__libc_start_main+0x80)[0x15036102a6c0]
[genoahost098:1621596] [13] /direct/sdcc+u/poare/Grid/build/examples/./Example_spec_kryschur[0x4147f5]
[genoahost098:1621596] *** End of error message ***
srun: error: genoahost102: task 92: Aborted (core dumped)
srun: error: genoahost097: task 15: Aborted (core dumped)
srun: error: genoahost102: task 85: Aborted (core dumped)
srun: error: genoahost100: task 60: Aborted (core dumped)
srun: error: genoahost098: task 17: Aborted (core dumped)
srun: error: genoahost101: task 78: Aborted (core dumped)
srun: error: genoahost103: task 109: Aborted (core dumped)

__|__|__|__|__|__|__|__|__|__|__|__|__|__|__
__|__|__|__|__|__|__|__|__|__|__|__|__|__|__
__|_ |  |  |  |  |  |  |  |  |  |  |  | _|__
__|_                                    _|__
__|_   GGGG    RRRR    III    DDDD      _|__
__|_  G        R   R    I     D   D     _|__
__|_  G        R   R    I     D    D    _|__
__|_  G  GG    RRRR     I     D    D    _|__
__|_  G   G    R  R     I     D   D     _|__
__|_   GGGG    R   R   III    DDDD      _|__
__|_                                    _|__
__|__|__|__|__|__|__|__|__|__|__|__|__|__|__
__|__|__|__|__|__|__|__|__|__|__|__|__|__|__
  |  |  |  |  |  |  |  |  |  |  |  |  |  |  


Copyright (C) 2015 Peter Boyle, Azusa Yamaguchi, Guido Cossu, Antonin Portelli and other authors

This program is free software; you can redistribute it and/or modify
it under the terms of the GNU General Public License as published by
the Free Software Foundation; either version 2 of the License, or
(at your option) any later version.

This program is distributed in the hope that it will be useful,
but WITHOUT ANY WARRANTY; without even the implied warranty of
MERCHANTABILITY or FITNESS FOR A PARTICULAR PURPOSE.  See the
GNU General Public License for more details.
Current Grid git commit hash=82d411ca7bb8ec4a5b5c3815df23674cfd291070: (HEAD -> develop, origin/develop, origin/HEAD) clean

Grid : Message : ================================================ 
Grid : Message : MPI is initialised and logging filters activated 
Grid : Message : ================================================ 
Grid : Message : This rank is running on host genoahost102.sdcc.bnl.local at local time 2026-02-27 11:53:06
Grid : Message : Requested 17179869184 byte stencil comms buffers 
Grid : Message : MemoryManager::Init() setting up
Grid : Message : MemoryManager::Init() cache pool for recent host   allocations: SMALL 8 LARGE 2 HUGE 0
Grid : Message : MemoryManager::Init() cache pool for recent device allocations: SMALL 16 LARGE 8 Huge 0
Grid : Message : MemoryManager::Init() cache pool for recent shared allocations: SMALL 16 LARGE 8 Huge 0
Grid : Message : MemoryManager::Init() Unified memory space
Sorting eigenvalues using EvalReSmall
Lattice size: [16 16 16 32]
Example_spec_kryschur: ../../Grid/communicator/SharedMemoryMPI.cc:434: static void Grid::GlobalSharedMemory::OptimalCommunicatorSharedMemory(const Coordinate&, ompi_communicator_t*&, Grid::Coordinate&): Assertion `WorldSize==Nprocessors' failed.
[genoahost102:619450] *** Process received signal ***
[genoahost102:619450] Signal: Aborted (6)
[genoahost102:619450] Signal code:  (-6)
[genoahost102:619450] [ 0] /lib64/libc.so.6(+0x3fc30)[0x1466d4a3fc30]
[genoahost102:619450] [ 1] /lib64/libc.so.6(+0x8d02c)[0x1466d4a8d02c]
[genoahost102:619450] [ 2] /lib64/libc.so.6(raise+0x16)[0x1466d4a3fb86]
[genoahost102:619450] [ 3] /lib64/libc.so.6(abort+0xd3)[0x1466d4a29873]
[genoahost102:619450] [ 4] /lib64/libc.so.6(+0x2979b)[0x1466d4a2979b]
[genoahost102:619450] [ 5] /lib64/libc.so.6(+0x388c6)[0x1466d4a388c6]
[genoahost102:619450] [ 6] /direct/sdcc+u/poare/Grid/build/examples/./Example_spec_kryschur[0x4cc206]
[genoahost102:619450] [ 7] /direct/sdcc+u/poare/Grid/build/examples/./Example_spec_kryschur[0x4cc2f1]
[genoahost102:619450] [ 8] /direct/sdcc+u/poare/Grid/build/examples/./Example_spec_kryschur[0x4c7e95]
[genoahost102:619450] [ 9] /direct/sdcc+u/poare/Grid/build/examples/./Example_spec_kryschur[0x4b5f4f]
[genoahost102:619450] [10] /direct/sdcc+u/poare/Grid/build/examples/./Example_spec_kryschur[0x41180d]
[genoahost102:619450] [11] /lib64/libc.so.6(+0x2a610)[0x1466d4a2a610]
[genoahost102:619450] [12] /lib64/libc.so.6(__libc_start_main+0x80)[0x1466d4a2a6c0]
[genoahost102:619450] [13] /direct/sdcc+u/poare/Grid/build/examples/./Example_spec_kryschur[0x4147f5]
[genoahost102:619450] *** End of error message ***

__|__|__|__|__|__|__|__|__|__|__|__|__|__|__
__|__|__|__|__|__|__|__|__|__|__|__|__|__|__
__|_ |  |  |  |  |  |  |  |  |  |  |  | _|__
__|_                                    _|__
__|_   GGGG    RRRR    III    DDDD      _|__
__|_  G        R   R    I     D   D     _|__
__|_  G        R   R    I     D    D    _|__
__|_  G  GG    RRRR     I     D    D    _|__
__|_  G   G    R  R     I     D   D     _|__
__|_   GGGG    R   R   III    DDDD      _|__
__|_                                    _|__
__|__|__|__|__|__|__|__|__|__|__|__|__|__|__
__|__|__|__|__|__|__|__|__|__|__|__|__|__|__
  |  |  |  |  |  |  |  |  |  |  |  |  |  |  


Copyright (C) 2015 Peter Boyle, Azusa Yamaguchi, Guido Cossu, Antonin Portelli and other authors

This program is free software; you can redistribute it and/or modify
it under the terms of the GNU General Public License as published by
the Free Software Foundation; either version 2 of the License, or
(at your option) any later version.

This program is distributed in the hope that it will be useful,
but WITHOUT ANY WARRANTY; without even the implied warranty of
MERCHANTABILITY or FITNESS FOR A PARTICULAR PURPOSE.  See the
GNU General Public License for more details.
Current Grid git commit hash=82d411ca7bb8ec4a5b5c3815df23674cfd291070: (HEAD -> develop, origin/develop, origin/HEAD) clean

Grid : Message : ================================================ 
Grid : Message : MPI is initialised and logging filters activated 
Grid : Message : ================================================ 
Grid : Message : This rank is running on host genoahost101.sdcc.bnl.local at local time 2026-02-27 11:53:07
Grid : Message : Requested 17179869184 byte stencil comms buffers 
Grid : Message : MemoryManager::Init() setting up
Grid : Message : MemoryManager::Init() cache pool for recent host   allocations: SMALL 8 LARGE 2 HUGE 0
Grid : Message : MemoryManager::Init() cache pool for recent device allocations: SMALL 16 LARGE 8 Huge 0
Grid : Message : MemoryManager::Init() cache pool for recent shared allocations: SMALL 16 LARGE 8 Huge 0
Grid : Message : MemoryManager::Init() Unified memory space
Sorting eigenvalues using EvalReSmall
Lattice size: [16 16 16 32]
Example_spec_kryschur: ../../Grid/communicator/SharedMemoryMPI.cc:434: static void Grid::GlobalSharedMemory::OptimalCommunicatorSharedMemory(const Coordinate&, ompi_communicator_t*&, Grid::Coordinate&): Assertion `WorldSize==Nprocessors' failed.
[genoahost101:1139388] *** Process received signal ***
[genoahost101:1139388] Signal: Aborted (6)
[genoahost101:1139388] Signal code:  (-6)
[genoahost101:1139388] [ 0] /lib64/libc.so.6(+0x3fc30)[0x14f86d63fc30]
[genoahost101:1139388] [ 1] /lib64/libc.so.6(+0x8d02c)[0x14f86d68d02c]
[genoahost101:1139388] [ 2] /lib64/libc.so.6(raise+0x16)[0x14f86d63fb86]
[genoahost101:1139388] [ 3] /lib64/libc.so.6(abort+0xd3)[0x14f86d629873]
[genoahost101:1139388] [ 4] /lib64/libc.so.6(+0x2979b)[0x14f86d62979b]
[genoahost101:1139388] [ 5] /lib64/libc.so.6(+0x388c6)[0x14f86d6388c6]
[genoahost101:1139388] [ 6] /direct/sdcc+u/poare/Grid/build/examples/./Example_spec_kryschur[0x4cc206]
[genoahost101:1139388] [ 7] /direct/sdcc+u/poare/Grid/build/examples/./Example_spec_kryschur[0x4cc2f1]
[genoahost101:1139388] [ 8] /direct/sdcc+u/poare/Grid/build/examples/./Example_spec_kryschur[0x4c7e95]
[genoahost101:1139388] [ 9] /direct/sdcc+u/poare/Grid/build/examples/./Example_spec_kryschur[0x4b5f4f]
[genoahost101:1139388] [10] /direct/sdcc+u/poare/Grid/build/examples/./Example_spec_kryschur[0x41180d]
[genoahost101:1139388] [11] /lib64/libc.so.6(+0x2a610)[0x14f86d62a610]
[genoahost101:1139388] [12] /lib64/libc.so.6(__libc_start_main+0x80)[0x14f86d62a6c0]
[genoahost101:1139388] [13] /direct/sdcc+u/poare/Grid/build/examples/./Example_spec_kryschur[0x4147f5]
[genoahost101:1139388] *** End of error message ***
srun: error: genoahost101: task 77: Aborted (core dumped)
srun: error: genoahost101: task 66: Aborted (core dumped)
srun: error: genoahost097: task 3: Aborted (core dumped)

__|__|__|__|__|__|__|__|__|__|__|__|__|__|__
__|__|__|__|__|__|__|__|__|__|__|__|__|__|__
__|_ |  |  |  |  |  |  |  |  |  |  |  | _|__
__|_                                    _|__
__|_   GGGG    RRRR    III    DDDD      _|__
__|_  G        R   R    I     D   D     _|__
__|_  G        R   R    I     D    D    _|__
__|_  G  GG    RRRR     I     D    D    _|__
__|_  G   G    R  R     I     D   D     _|__
__|_   GGGG    R   R   III    DDDD      _|__
__|_                                    _|__
__|__|__|__|__|__|__|__|__|__|__|__|__|__|__
__|__|__|__|__|__|__|__|__|__|__|__|__|__|__
  |  |  |  |  |  |  |  |  |  |  |  |  |  |  


Copyright (C) 2015 Peter Boyle, Azusa Yamaguchi, Guido Cossu, Antonin Portelli and other authors

This program is free software; you can redistribute it and/or modify
it under the terms of the GNU General Public License as published by
the Free Software Foundation; either version 2 of the License, or
(at your option) any later version.

This program is distributed in the hope that it will be useful,
but WITHOUT ANY WARRANTY; without even the implied warranty of
MERCHANTABILITY or FITNESS FOR A PARTICULAR PURPOSE.  See the
GNU General Public License for more details.
Current Grid git commit hash=82d411ca7bb8ec4a5b5c3815df23674cfd291070: (HEAD -> develop, origin/develop, origin/HEAD) clean

Grid : Message : ================================================ 
Grid : Message : MPI is initialised and logging filters activated 
Grid : Message : ================================================ 
Grid : Message : This rank is running on host genoahost099.sdcc.bnl.local at local time 2026-02-27 11:53:10
Grid : Message : Requested 17179869184 byte stencil comms buffers 
Grid : Message : MemoryManager::Init() setting up
Grid : Message : MemoryManager::Init() cache pool for recent host   allocations: SMALL 8 LARGE 2 HUGE 0
Grid : Message : MemoryManager::Init() cache pool for recent device allocations: SMALL 16 LARGE 8 Huge 0
Grid : Message : MemoryManager::Init() cache pool for recent shared allocations: SMALL 16 LARGE 8 Huge 0
Grid : Message : MemoryManager::Init() Unified memory space
Sorting eigenvalues using EvalReSmall
Lattice size: [16 16 16 32]
Example_spec_kryschur: ../../Grid/communicator/SharedMemoryMPI.cc:434: static void Grid::GlobalSharedMemory::OptimalCommunicatorSharedMemory(const Coordinate&, ompi_communicator_t*&, Grid::Coordinate&): Assertion `WorldSize==Nprocessors' failed.
[genoahost099:1601367] *** Process received signal ***
[genoahost099:1601367] Signal: Aborted (6)
[genoahost099:1601367] Signal code:  (-6)
[genoahost099:1601367] [ 0] /lib64/libc.so.6(+0x3fc30)[0x14f8a983fc30]
[genoahost099:1601367] [ 1] /lib64/libc.so.6(+0x8d02c)[0x14f8a988d02c]
[genoahost099:1601367] [ 2] /lib64/libc.so.6(raise+0x16)[0x14f8a983fb86]
[genoahost099:1601367] [ 3] /lib64/libc.so.6(abort+0xd3)[0x14f8a9829873]
[genoahost099:1601367] [ 4] /lib64/libc.so.6(+0x2979b)[0x14f8a982979b]
[genoahost099:1601367] [ 5] /lib64/libc.so.6(+0x388c6)[0x14f8a98388c6]
[genoahost099:1601367] [ 6] /direct/sdcc+u/poare/Grid/build/examples/./Example_spec_kryschur[0x4cc206]
[genoahost099:1601367] [ 7] /direct/sdcc+u/poare/Grid/build/examples/./Example_spec_kryschur[0x4cc2f1]
[genoahost099:1601367] [ 8] /direct/sdcc+u/poare/Grid/build/examples/./Example_spec_kryschur[0x4c7e95]
[genoahost099:1601367] [ 9] /direct/sdcc+u/poare/Grid/build/examples/./Example_spec_kryschur[0x4b5f4f]
[genoahost099:1601367] [10] /direct/sdcc+u/poare/Grid/build/examples/./Example_spec_kryschur[0x41180d]
[genoahost099:1601367] [11] /lib64/libc.so.6(+0x2a610)[0x14f8a982a610]
[genoahost099:1601367] [12] /lib64/libc.so.6(__libc_start_main+0x80)[0x14f8a982a6c0]
[genoahost099:1601367] [13] /direct/sdcc+u/poare/Grid/build/examples/./Example_spec_kryschur[0x4147f5]
[genoahost099:1601367] *** End of error message ***

__|__|__|__|__|__|__|__|__|__|__|__|__|__|__
__|__|__|__|__|__|__|__|__|__|__|__|__|__|__
__|_ |  |  |  |  |  |  |  |  |  |  |  | _|__
__|_                                    _|__
__|_   GGGG    RRRR    III    DDDD      _|__
__|_  G        R   R    I     D   D     _|__
__|_  G        R   R    I     D    D    _|__
__|_  G  GG    RRRR     I     D    D    _|__
__|_  G   G    R  R     I     D   D     _|__
__|_   GGGG    R   R   III    DDDD      _|__
__|_                                    _|__
__|__|__|__|__|__|__|__|__|__|__|__|__|__|__
__|__|__|__|__|__|__|__|__|__|__|__|__|__|__
  |  |  |  |  |  |  |  |  |  |  |  |  |  |  


Copyright (C) 2015 Peter Boyle, Azusa Yamaguchi, Guido Cossu, Antonin Portelli and other authors

This program is free software; you can redistribute it and/or modify
it under the terms of the GNU General Public License as published by
the Free Software Foundation; either version 2 of the License, or
(at your option) any later version.

This program is distributed in the hope that it will be useful,
but WITHOUT ANY WARRANTY; without even the implied warranty of
MERCHANTABILITY or FITNESS FOR A PARTICULAR PURPOSE.  See the
GNU General Public License for more details.
Current Grid git commit hash=82d411ca7bb8ec4a5b5c3815df23674cfd291070: (HEAD -> develop, origin/develop, origin/HEAD) clean

Grid : Message : ================================================ 
Grid : Message : MPI is initialised and logging filters activated 
Grid : Message : ================================================ 
Grid : Message : This rank is running on host genoahost099.sdcc.bnl.local at local time 2026-02-27 11:53:10
Grid : Message : Requested 17179869184 byte stencil comms buffers 
Grid : Message : MemoryManager::Init() setting up
Grid : Message : MemoryManager::Init() cache pool for recent host   allocations: SMALL 8 LARGE 2 HUGE 0
Grid : Message : MemoryManager::Init() cache pool for recent device allocations: SMALL 16 LARGE 8 Huge 0
Grid : Message : MemoryManager::Init() cache pool for recent shared allocations: SMALL 16 LARGE 8 Huge 0
Grid : Message : MemoryManager::Init() Unified memory space
Sorting eigenvalues using EvalReSmall
Lattice size: [16 16 16 32]
Example_spec_kryschur: ../../Grid/communicator/SharedMemoryMPI.cc:434: static void Grid::GlobalSharedMemory::OptimalCommunicatorSharedMemory(const Coordinate&, ompi_communicator_t*&, Grid::Coordinate&): Assertion `WorldSize==Nprocessors' failed.
[genoahost099:1601372] *** Process received signal ***
[genoahost099:1601372] Signal: Aborted (6)
[genoahost099:1601372] Signal code:  (-6)
[genoahost099:1601372] [ 0] /lib64/libc.so.6(+0x3fc30)[0x15339823fc30]
[genoahost099:1601372] [ 1] /lib64/libc.so.6(+0x8d02c)[0x15339828d02c]
[genoahost099:1601372] [ 2] /lib64/libc.so.6(raise+0x16)[0x15339823fb86]
[genoahost099:1601372] [ 3] /lib64/libc.so.6(abort+0xd3)[0x153398229873]
[genoahost099:1601372] [ 4] /lib64/libc.so.6(+0x2979b)[0x15339822979b]
[genoahost099:1601372] [ 5] /lib64/libc.so.6(+0x388c6)[0x1533982388c6]
[genoahost099:1601372] [ 6] /direct/sdcc+u/poare/Grid/build/examples/./Example_spec_kryschur[0x4cc206]
[genoahost099:1601372] [ 7] /direct/sdcc+u/poare/Grid/build/examples/./Example_spec_kryschur[0x4cc2f1]
[genoahost099:1601372] [ 8] /direct/sdcc+u/poare/Grid/build/examples/./Example_spec_kryschur[0x4c7e95]
[genoahost099:1601372] [ 9] /direct/sdcc+u/poare/Grid/build/examples/./Example_spec_kryschur[0x4b5f4f]
[genoahost099:1601372] [10] /direct/sdcc+u/poare/Grid/build/examples/./Example_spec_kryschur[0x41180d]
[genoahost099:1601372] [11] /lib64/libc.so.6(+0x2a610)[0x15339822a610]
[genoahost099:1601372] [12] /lib64/libc.so.6(__libc_start_main+0x80)[0x15339822a6c0]
[genoahost099:1601372] [13] /direct/sdcc+u/poare/Grid/build/examples/./Example_spec_kryschur[0x4147f5]
[genoahost099:1601372] *** End of error message ***
srun: error: genoahost104: task 126: Aborted (core dumped)

__|__|__|__|__|__|__|__|__|__|__|__|__|__|__
__|__|__|__|__|__|__|__|__|__|__|__|__|__|__
__|_ |  |  |  |  |  |  |  |  |  |  |  | _|__
__|_                                    _|__
__|_   GGGG    RRRR    III    DDDD      _|__
__|_  G        R   R    I     D   D     _|__
__|_  G        R   R    I     D    D    _|__
__|_  G  GG    RRRR     I     D    D    _|__
__|_  G   G    R  R     I     D   D     _|__
__|_   GGGG    R   R   III    DDDD      _|__
__|_                                    _|__
__|__|__|__|__|__|__|__|__|__|__|__|__|__|__
__|__|__|__|__|__|__|__|__|__|__|__|__|__|__
  |  |  |  |  |  |  |  |  |  |  |  |  |  |  


Copyright (C) 2015 Peter Boyle, Azusa Yamaguchi, Guido Cossu, Antonin Portelli and other authors

This program is free software; you can redistribute it and/or modify
it under the terms of the GNU General Public License as published by
the Free Software Foundation; either version 2 of the License, or
(at your option) any later version.

This program is distributed in the hope that it will be useful,
but WITHOUT ANY WARRANTY; without even the implied warranty of
MERCHANTABILITY or FITNESS FOR A PARTICULAR PURPOSE.  See the
GNU General Public License for more details.
Current Grid git commit hash=82d411ca7bb8ec4a5b5c3815df23674cfd291070: (HEAD -> develop, origin/develop, origin/HEAD) clean

Grid : Message : ================================================ 
Grid : Message : MPI is initialised and logging filters activated 
Grid : Message : ================================================ 
Grid : Message : This rank is running on host genoahost100.sdcc.bnl.local at local time 2026-02-27 11:53:11
Grid : Message : Requested 17179869184 byte stencil comms buffers 
Grid : Message : MemoryManager::Init() setting up
Grid : Message : MemoryManager::Init() cache pool for recent host   allocations: SMALL 8 LARGE 2 HUGE 0
Grid : Message : MemoryManager::Init() cache pool for recent device allocations: SMALL 16 LARGE 8 Huge 0
Grid : Message : MemoryManager::Init() cache pool for recent shared allocations: SMALL 16 LARGE 8 Huge 0
Grid : Message : MemoryManager::Init() Unified memory space
Sorting eigenvalues using EvalReSmall
Lattice size: [16 16 16 32]
Example_spec_kryschur: ../../Grid/communicator/SharedMemoryMPI.cc:434: static void Grid::GlobalSharedMemory::OptimalCommunicatorSharedMemory(const Coordinate&, ompi_communicator_t*&, Grid::Coordinate&): Assertion `WorldSize==Nprocessors' failed.
[genoahost100:640120] *** Process received signal ***
[genoahost100:640120] Signal: Aborted (6)
[genoahost100:640120] Signal code:  (-6)
[genoahost100:640120] [ 0] /lib64/libc.so.6(+0x3fc30)[0x151f4f23fc30]
[genoahost100:640120] [ 1] /lib64/libc.so.6(+0x8d02c)[0x151f4f28d02c]
[genoahost100:640120] [ 2] /lib64/libc.so.6(raise+0x16)[0x151f4f23fb86]
[genoahost100:640120] [ 3] /lib64/libc.so.6(abort+0xd3)[0x151f4f229873]
[genoahost100:640120] [ 4] /lib64/libc.so.6(+0x2979b)[0x151f4f22979b]
[genoahost100:640120] [ 5] /lib64/libc.so.6(+0x388c6)[0x151f4f2388c6]
[genoahost100:640120] [ 6] /direct/sdcc+u/poare/Grid/build/examples/./Example_spec_kryschur[0x4cc206]
[genoahost100:640120] [ 7] /direct/sdcc+u/poare/Grid/build/examples/./Example_spec_kryschur[0x4cc2f1]
[genoahost100:640120] [ 8] /direct/sdcc+u/poare/Grid/build/examples/./Example_spec_kryschur[0x4c7e95]
[genoahost100:640120] [ 9] /direct/sdcc+u/poare/Grid/build/examples/./Example_spec_kryschur[0x4b5f4f]
[genoahost100:640120] [10] /direct/sdcc+u/poare/Grid/build/examples/./Example_spec_kryschur[0x41180d]
[genoahost100:640120] [11] /lib64/libc.so.6(+0x2a610)[0x151f4f22a610]
[genoahost100:640120] [12] /lib64/libc.so.6(__libc_start_main+0x80)[0x151f4f22a6c0]
[genoahost100:640120] [13] /direct/sdcc+u/poare/Grid/build/examples/./Example_spec_kryschur[0x4147f5]
[genoahost100:640120] *** End of error message ***

__|__|__|__|__|__|__|__|__|__|__|__|__|__|__
__|__|__|__|__|__|__|__|__|__|__|__|__|__|__
__|_ |  |  |  |  |  |  |  |  |  |  |  | _|__
__|_                                    _|__
__|_   GGGG    RRRR    III    DDDD      _|__
__|_  G        R   R    I     D   D     _|__
__|_  G        R   R    I     D    D    _|__
__|_  G  GG    RRRR     I     D    D    _|__
__|_  G   G    R  R     I     D   D     _|__
__|_   GGGG    R   R   III    DDDD      _|__
__|_                                    _|__
__|__|__|__|__|__|__|__|__|__|__|__|__|__|__
__|__|__|__|__|__|__|__|__|__|__|__|__|__|__
  |  |  |  |  |  |  |  |  |  |  |  |  |  |  


Copyright (C) 2015 Peter Boyle, Azusa Yamaguchi, Guido Cossu, Antonin Portelli and other authors

This program is free software; you can redistribute it and/or modify
it under the terms of the GNU General Public License as published by
the Free Software Foundation; either version 2 of the License, or
(at your option) any later version.

This program is distributed in the hope that it will be useful,
but WITHOUT ANY WARRANTY; without even the implied warranty of
MERCHANTABILITY or FITNESS FOR A PARTICULAR PURPOSE.  See the
GNU General Public License for more details.
Current Grid git commit hash=82d411ca7bb8ec4a5b5c3815df23674cfd291070: (HEAD -> develop, origin/develop, origin/HEAD) clean

Grid : Message : ================================================ 
Grid : Message : MPI is initialised and logging filters activated 
Grid : Message : ================================================ 
Grid : Message : This rank is running on host genoahost100.sdcc.bnl.local at local time 2026-02-27 11:53:12
Grid : Message : Requested 17179869184 byte stencil comms buffers 
Grid : Message : MemoryManager::Init() setting up
Grid : Message : MemoryManager::Init() cache pool for recent host   allocations: SMALL 8 LARGE 2 HUGE 0
Grid : Message : MemoryManager::Init() cache pool for recent device allocations: SMALL 16 LARGE 8 Huge 0
Grid : Message : MemoryManager::Init() cache pool for recent shared allocations: SMALL 16 LARGE 8 Huge 0
Grid : Message : MemoryManager::Init() Unified memory space
Sorting eigenvalues using EvalReSmall
Lattice size: [16 16 16 32]
Example_spec_kryschur: ../../Grid/communicator/SharedMemoryMPI.cc:434: static void Grid::GlobalSharedMemory::OptimalCommunicatorSharedMemory(const Coordinate&, ompi_communicator_t*&, Grid::Coordinate&): Assertion `WorldSize==Nprocessors' failed.
[genoahost100:640121] *** Process received signal ***
[genoahost100:640121] Signal: Aborted (6)
[genoahost100:640121] Signal code:  (-6)
[genoahost100:640121] [ 0] /lib64/libc.so.6(+0x3fc30)[0x14b4c783fc30]
[genoahost100:640121] [ 1] /lib64/libc.so.6(+0x8d02c)[0x14b4c788d02c]
[genoahost100:640121] [ 2] /lib64/libc.so.6(raise+0x16)[0x14b4c783fb86]
[genoahost100:640121] [ 3] /lib64/libc.so.6(abort+0xd3)[0x14b4c7829873]
[genoahost100:640121] [ 4] /lib64/libc.so.6(+0x2979b)[0x14b4c782979b]
[genoahost100:640121] [ 5] /lib64/libc.so.6(+0x388c6)[0x14b4c78388c6]
[genoahost100:640121] [ 6] /direct/sdcc+u/poare/Grid/build/examples/./Example_spec_kryschur[0x4cc206]
[genoahost100:640121] [ 7] /direct/sdcc+u/poare/Grid/build/examples/./Example_spec_kryschur[0x4cc2f1]
[genoahost100:640121] [ 8] /direct/sdcc+u/poare/Grid/build/examples/./Example_spec_kryschur[0x4c7e95]
[genoahost100:640121] [ 9] /direct/sdcc+u/poare/Grid/build/examples/./Example_spec_kryschur[0x4b5f4f]
[genoahost100:640121] [10] /direct/sdcc+u/poare/Grid/build/examples/./Example_spec_kryschur[0x41180d]
[genoahost100:640121] [11] /lib64/libc.so.6(+0x2a610)[0x14b4c782a610]
[genoahost100:640121] [12] /lib64/libc.so.6(__libc_start_main+0x80)[0x14b4c782a6c0]
[genoahost100:640121] [13] /direct/sdcc+u/poare/Grid/build/examples/./Example_spec_kryschur[0x4147f5]
[genoahost100:640121] *** End of error message ***

__|__|__|__|__|__|__|__|__|__|__|__|__|__|__
__|__|__|__|__|__|__|__|__|__|__|__|__|__|__
__|_ |  |  |  |  |  |  |  |  |  |  |  | _|__
__|_                                    _|__
__|_   GGGG    RRRR    III    DDDD      _|__
__|_  G        R   R    I     D   D     _|__
__|_  G        R   R    I     D    D    _|__
__|_  G  GG    RRRR     I     D    D    _|__
__|_  G   G    R  R     I     D   D     _|__
__|_   GGGG    R   R   III    DDDD      _|__
__|_                                    _|__
__|__|__|__|__|__|__|__|__|__|__|__|__|__|__
__|__|__|__|__|__|__|__|__|__|__|__|__|__|__
  |  |  |  |  |  |  |  |  |  |  |  |  |  |  


Copyright (C) 2015 Peter Boyle, Azusa Yamaguchi, Guido Cossu, Antonin Portelli and other authors

This program is free software; you can redistribute it and/or modify
it under the terms of the GNU General Public License as published by
the Free Software Foundation; either version 2 of the License, or
(at your option) any later version.

This program is distributed in the hope that it will be useful,
but WITHOUT ANY WARRANTY; without even the implied warranty of
MERCHANTABILITY or FITNESS FOR A PARTICULAR PURPOSE.  See the
GNU General Public License for more details.
Current Grid git commit hash=82d411ca7bb8ec4a5b5c3815df23674cfd291070: (HEAD -> develop, origin/develop, origin/HEAD) clean

Grid : Message : ================================================ 
Grid : Message : MPI is initialised and logging filters activated 
Grid : Message : ================================================ 
Grid : Message : This rank is running on host genoahost100.sdcc.bnl.local at local time 2026-02-27 11:53:12
Grid : Message : Requested 17179869184 byte stencil comms buffers 
Grid : Message : MemoryManager::Init() setting up
Grid : Message : MemoryManager::Init() cache pool for recent host   allocations: SMALL 8 LARGE 2 HUGE 0
Grid : Message : MemoryManager::Init() cache pool for recent device allocations: SMALL 16 LARGE 8 Huge 0
Grid : Message : MemoryManager::Init() cache pool for recent shared allocations: SMALL 16 LARGE 8 Huge 0
Grid : Message : MemoryManager::Init() Unified memory space
Sorting eigenvalues using EvalReSmall
Lattice size: [16 16 16 32]
Example_spec_kryschur: ../../Grid/communicator/SharedMemoryMPI.cc:434: static void Grid::GlobalSharedMemory::OptimalCommunicatorSharedMemory(const Coordinate&, ompi_communicator_t*&, Grid::Coordinate&): Assertion `WorldSize==Nprocessors' failed.
[genoahost100:640125] *** Process received signal ***
[genoahost100:640125] Signal: Aborted (6)
[genoahost100:640125] Signal code:  (-6)
[genoahost100:640125] [ 0] /lib64/libc.so.6(+0x3fc30)[0x14bed623fc30]
[genoahost100:640125] [ 1] /lib64/libc.so.6(+0x8d02c)[0x14bed628d02c]
[genoahost100:640125] [ 2] /lib64/libc.so.6(raise+0x16)[0x14bed623fb86]
[genoahost100:640125] [ 3] /lib64/libc.so.6(abort+0xd3)[0x14bed6229873]
[genoahost100:640125] [ 4] /lib64/libc.so.6(+0x2979b)[0x14bed622979b]
[genoahost100:640125] [ 5] /lib64/libc.so.6(+0x388c6)[0x14bed62388c6]
[genoahost100:640125] [ 6] /direct/sdcc+u/poare/Grid/build/examples/./Example_spec_kryschur[0x4cc206]
[genoahost100:640125] [ 7] /direct/sdcc+u/poare/Grid/build/examples/./Example_spec_kryschur[0x4cc2f1]
[genoahost100:640125] [ 8] /direct/sdcc+u/poare/Grid/build/examples/./Example_spec_kryschur[0x4c7e95]
[genoahost100:640125] [ 9] /direct/sdcc+u/poare/Grid/build/examples/./Example_spec_kryschur[0x4b5f4f]
[genoahost100:640125] [10] /direct/sdcc+u/poare/Grid/build/examples/./Example_spec_kryschur[0x41180d]
[genoahost100:640125] [11] /lib64/libc.so.6(+0x2a610)[0x14bed622a610]
[genoahost100:640125] [12] /lib64/libc.so.6(__libc_start_main+0x80)[0x14bed622a6c0]
[genoahost100:640125] [13] /direct/sdcc+u/poare/Grid/build/examples/./Example_spec_kryschur[0x4147f5]
[genoahost100:640125] *** End of error message ***
srun: error: genoahost098: task 20: Aborted (core dumped)

__|__|__|__|__|__|__|__|__|__|__|__|__|__|__
__|__|__|__|__|__|__|__|__|__|__|__|__|__|__
__|_ |  |  |  |  |  |  |  |  |  |  |  | _|__
__|_                                    _|__
__|_   GGGG    RRRR    III    DDDD      _|__
__|_  G        R   R    I     D   D     _|__
__|_  G        R   R    I     D    D    _|__
__|_  G  GG    RRRR     I     D    D    _|__
__|_  G   G    R  R     I     D   D     _|__
__|_   GGGG    R   R   III    DDDD      _|__
__|_                                    _|__
__|__|__|__|__|__|__|__|__|__|__|__|__|__|__
__|__|__|__|__|__|__|__|__|__|__|__|__|__|__
  |  |  |  |  |  |  |  |  |  |  |  |  |  |  


Copyright (C) 2015 Peter Boyle, Azusa Yamaguchi, Guido Cossu, Antonin Portelli and other authors

This program is free software; you can redistribute it and/or modify
it under the terms of the GNU General Public License as published by
the Free Software Foundation; either version 2 of the License, or
(at your option) any later version.

This program is distributed in the hope that it will be useful,
but WITHOUT ANY WARRANTY; without even the implied warranty of
MERCHANTABILITY or FITNESS FOR A PARTICULAR PURPOSE.  See the
GNU General Public License for more details.
Current Grid git commit hash=82d411ca7bb8ec4a5b5c3815df23674cfd291070: (HEAD -> develop, origin/develop, origin/HEAD) clean

Grid : Message : ================================================ 
Grid : Message : MPI is initialised and logging filters activated 
Grid : Message : ================================================ 
Grid : Message : This rank is running on host genoahost103.sdcc.bnl.local at local time 2026-02-27 11:53:15
Grid : Message : Requested 17179869184 byte stencil comms buffers 
Grid : Message : MemoryManager::Init() setting up
Grid : Message : MemoryManager::Init() cache pool for recent host   allocations: SMALL 8 LARGE 2 HUGE 0
Grid : Message : MemoryManager::Init() cache pool for recent device allocations: SMALL 16 LARGE 8 Huge 0
Grid : Message : MemoryManager::Init() cache pool for recent shared allocations: SMALL 16 LARGE 8 Huge 0
Grid : Message : MemoryManager::Init() Unified memory space
Sorting eigenvalues using EvalReSmall
Lattice size: [16 16 16 32]
Example_spec_kryschur: ../../Grid/communicator/SharedMemoryMPI.cc:434: static void Grid::GlobalSharedMemory::OptimalCommunicatorSharedMemory(const Coordinate&, ompi_communicator_t*&, Grid::Coordinate&): Assertion `WorldSize==Nprocessors' failed.
[genoahost103:608890] *** Process received signal ***
[genoahost103:608890] Signal: Aborted (6)
[genoahost103:608890] Signal code:  (-6)
[genoahost103:608890] [ 0] /lib64/libc.so.6(+0x3fc30)[0x14d3f323fc30]
[genoahost103:608890] [ 1] /lib64/libc.so.6(+0x8d02c)[0x14d3f328d02c]
[genoahost103:608890] [ 2] /lib64/libc.so.6(raise+0x16)[0x14d3f323fb86]
[genoahost103:608890] [ 3] /lib64/libc.so.6(abort+0xd3)[0x14d3f3229873]
[genoahost103:608890] [ 4] /lib64/libc.so.6(+0x2979b)[0x14d3f322979b]
[genoahost103:608890] [ 5] /lib64/libc.so.6(+0x388c6)[0x14d3f32388c6]
[genoahost103:608890] [ 6] /direct/sdcc+u/poare/Grid/build/examples/./Example_spec_kryschur[0x4cc206]
[genoahost103:608890] [ 7] /direct/sdcc+u/poare/Grid/build/examples/./Example_spec_kryschur[0x4cc2f1]
[genoahost103:608890] [ 8] /direct/sdcc+u/poare/Grid/build/examples/./Example_spec_kryschur[0x4c7e95]
[genoahost103:608890] [ 9] /direct/sdcc+u/poare/Grid/build/examples/./Example_spec_kryschur[0x4b5f4f]
[genoahost103:608890] [10] /direct/sdcc+u/poare/Grid/build/examples/./Example_spec_kryschur[0x41180d]
[genoahost103:608890] [11] /lib64/libc.so.6(+0x2a610)[0x14d3f322a610]
[genoahost103:608890] [12] /lib64/libc.so.6(__libc_start_main+0x80)[0x14d3f322a6c0]
[genoahost103:608890] [13] /direct/sdcc+u/poare/Grid/build/examples/./Example_spec_kryschur[0x4147f5]
[genoahost103:608890] *** End of error message ***

__|__|__|__|__|__|__|__|__|__|__|__|__|__|__
__|__|__|__|__|__|__|__|__|__|__|__|__|__|__
__|_ |  |  |  |  |  |  |  |  |  |  |  | _|__
__|_                                    _|__
__|_   GGGG    RRRR    III    DDDD      _|__
__|_  G        R   R    I     D   D     _|__
__|_  G        R   R    I     D    D    _|__
__|_  G  GG    RRRR     I     D    D    _|__
__|_  G   G    R  R     I     D   D     _|__
__|_   GGGG    R   R   III    DDDD      _|__
__|_                                    _|__
__|__|__|__|__|__|__|__|__|__|__|__|__|__|__
__|__|__|__|__|__|__|__|__|__|__|__|__|__|__
  |  |  |  |  |  |  |  |  |  |  |  |  |  |  


Copyright (C) 2015 Peter Boyle, Azusa Yamaguchi, Guido Cossu, Antonin Portelli and other authors

This program is free software; you can redistribute it and/or modify
it under the terms of the GNU General Public License as published by
the Free Software Foundation; either version 2 of the License, or
(at your option) any later version.

This program is distributed in the hope that it will be useful,
but WITHOUT ANY WARRANTY; without even the implied warranty of
MERCHANTABILITY or FITNESS FOR A PARTICULAR PURPOSE.  See the
GNU General Public License for more details.
Current Grid git commit hash=82d411ca7bb8ec4a5b5c3815df23674cfd291070: (HEAD -> develop, origin/develop, origin/HEAD) clean

Grid : Message : ================================================ 
Grid : Message : MPI is initialised and logging filters activated 
Grid : Message : ================================================ 
Grid : Message : This rank is running on host genoahost103.sdcc.bnl.local at local time 2026-02-27 11:53:16
Grid : Message : Requested 17179869184 byte stencil comms buffers 
Grid : Message : MemoryManager::Init() setting up
Grid : Message : MemoryManager::Init() cache pool for recent host   allocations: SMALL 8 LARGE 2 HUGE 0
Grid : Message : MemoryManager::Init() cache pool for recent device allocations: SMALL 16 LARGE 8 Huge 0
Grid : Message : MemoryManager::Init() cache pool for recent shared allocations: SMALL 16 LARGE 8 Huge 0
Grid : Message : MemoryManager::Init() Unified memory space
Sorting eigenvalues using EvalReSmall
Lattice size: [16 16 16 32]
Example_spec_kryschur: ../../Grid/communicator/SharedMemoryMPI.cc:434: static void Grid::GlobalSharedMemory::OptimalCommunicatorSharedMemory(const Coordinate&, ompi_communicator_t*&, Grid::Coordinate&): Assertion `WorldSize==Nprocessors' failed.
[genoahost103:608887] *** Process received signal ***
[genoahost103:608887] Signal: Aborted (6)
[genoahost103:608887] Signal code:  (-6)
[genoahost103:608887] [ 0] /lib64/libc.so.6(+0x3fc30)[0x147b9443fc30]
[genoahost103:608887] [ 1] /lib64/libc.so.6(+0x8d02c)[0x147b9448d02c]
[genoahost103:608887] [ 2] /lib64/libc.so.6(raise+0x16)[0x147b9443fb86]
[genoahost103:608887] [ 3] /lib64/libc.so.6(abort+0xd3)[0x147b94429873]
[genoahost103:608887] [ 4] /lib64/libc.so.6(+0x2979b)[0x147b9442979b]
[genoahost103:608887] [ 5] /lib64/libc.so.6(+0x388c6)[0x147b944388c6]
[genoahost103:608887] [ 6] /direct/sdcc+u/poare/Grid/build/examples/./Example_spec_kryschur[0x4cc206]
[genoahost103:608887] [ 7] /direct/sdcc+u/poare/Grid/build/examples/./Example_spec_kryschur[0x4cc2f1]
[genoahost103:608887] [ 8] /direct/sdcc+u/poare/Grid/build/examples/./Example_spec_kryschur[0x4c7e95]
[genoahost103:608887] [ 9] /direct/sdcc+u/poare/Grid/build/examples/./Example_spec_kryschur[0x4b5f4f]
[genoahost103:608887] [10] /direct/sdcc+u/poare/Grid/build/examples/./Example_spec_kryschur[0x41180d]
[genoahost103:608887] [11] /lib64/libc.so.6(+0x2a610)[0x147b9442a610]
[genoahost103:608887] [12] /lib64/libc.so.6(__libc_start_main+0x80)[0x147b9442a6c0]
[genoahost103:608887] [13] /direct/sdcc+u/poare/Grid/build/examples/./Example_spec_kryschur[0x4147f5]
[genoahost103:608887] *** End of error message ***
srun: error: genoahost099: task 35: Aborted (core dumped)
srun: error: genoahost098: task 27: Aborted (core dumped)

__|__|__|__|__|__|__|__|__|__|__|__|__|__|__
__|__|__|__|__|__|__|__|__|__|__|__|__|__|__
__|_ |  |  |  |  |  |  |  |  |  |  |  | _|__
__|_                                    _|__
__|_   GGGG    RRRR    III    DDDD      _|__
__|_  G        R   R    I     D   D     _|__
__|_  G        R   R    I     D    D    _|__
__|_  G  GG    RRRR     I     D    D    _|__
__|_  G   G    R  R     I     D   D     _|__
__|_   GGGG    R   R   III    DDDD      _|__
__|_                                    _|__
__|__|__|__|__|__|__|__|__|__|__|__|__|__|__
__|__|__|__|__|__|__|__|__|__|__|__|__|__|__
  |  |  |  |  |  |  |  |  |  |  |  |  |  |  


Copyright (C) 2015 Peter Boyle, Azusa Yamaguchi, Guido Cossu, Antonin Portelli and other authors

This program is free software; you can redistribute it and/or modify
it under the terms of the GNU General Public License as published by
the Free Software Foundation; either version 2 of the License, or
(at your option) any later version.

This program is distributed in the hope that it will be useful,
but WITHOUT ANY WARRANTY; without even the implied warranty of
MERCHANTABILITY or FITNESS FOR A PARTICULAR PURPOSE.  See the
GNU General Public License for more details.
Current Grid git commit hash=82d411ca7bb8ec4a5b5c3815df23674cfd291070: (HEAD -> develop, origin/develop, origin/HEAD) clean

Grid : Message : ================================================ 
Grid : Message : MPI is initialised and logging filters activated 
Grid : Message : ================================================ 
Grid : Message : This rank is running on host genoahost101.sdcc.bnl.local at local time 2026-02-27 11:53:20
Grid : Message : Requested 17179869184 byte stencil comms buffers 
Grid : Message : MemoryManager::Init() setting up
Grid : Message : MemoryManager::Init() cache pool for recent host   allocations: SMALL 8 LARGE 2 HUGE 0
Grid : Message : MemoryManager::Init() cache pool for recent device allocations: SMALL 16 LARGE 8 Huge 0
Grid : Message : MemoryManager::Init() cache pool for recent shared allocations: SMALL 16 LARGE 8 Huge 0
Grid : Message : MemoryManager::Init() Unified memory space
Sorting eigenvalues using EvalReSmall
Lattice size: [16 16 16 32]
Example_spec_kryschur: ../../Grid/communicator/SharedMemoryMPI.cc:434: static void Grid::GlobalSharedMemory::OptimalCommunicatorSharedMemory(const Coordinate&, ompi_communicator_t*&, Grid::Coordinate&): Assertion `WorldSize==Nprocessors' failed.
[genoahost101:1139378] *** Process received signal ***
[genoahost101:1139378] Signal: Aborted (6)
[genoahost101:1139378] Signal code:  (-6)
[genoahost101:1139378] [ 0] /lib64/libc.so.6(+0x3fc30)[0x1479ecc3fc30]
[genoahost101:1139378] [ 1] /lib64/libc.so.6(+0x8d02c)[0x1479ecc8d02c]
[genoahost101:1139378] [ 2] /lib64/libc.so.6(raise+0x16)[0x1479ecc3fb86]
[genoahost101:1139378] [ 3] /lib64/libc.so.6(abort+0xd3)[0x1479ecc29873]
[genoahost101:1139378] [ 4] /lib64/libc.so.6(+0x2979b)[0x1479ecc2979b]
[genoahost101:1139378] [ 5] /lib64/libc.so.6(+0x388c6)[0x1479ecc388c6]
[genoahost101:1139378] [ 6] /direct/sdcc+u/poare/Grid/build/examples/./Example_spec_kryschur[0x4cc206]
[genoahost101:1139378] [ 7] /direct/sdcc+u/poare/Grid/build/examples/./Example_spec_kryschur[0x4cc2f1]
[genoahost101:1139378] [ 8] /direct/sdcc+u/poare/Grid/build/examples/./Example_spec_kryschur[0x4c7e95]
[genoahost101:1139378] [ 9] /direct/sdcc+u/poare/Grid/build/examples/./Example_spec_kryschur[0x4b5f4f]
[genoahost101:1139378] [10] /direct/sdcc+u/poare/Grid/build/examples/./Example_spec_kryschur[0x41180d]
[genoahost101:1139378] [11] /lib64/libc.so.6(+0x2a610)[0x1479ecc2a610]
[genoahost101:1139378] [12] /lib64/libc.so.6(__libc_start_main+0x80)[0x1479ecc2a6c0]
[genoahost101:1139378] [13] /direct/sdcc+u/poare/Grid/build/examples/./Example_spec_kryschur[0x4147f5]
[genoahost101:1139378] *** End of error message ***
srun: error: genoahost099: task 40: Aborted (core dumped)

__|__|__|__|__|__|__|__|__|__|__|__|__|__|__
__|__|__|__|__|__|__|__|__|__|__|__|__|__|__
__|_ |  |  |  |  |  |  |  |  |  |  |  | _|__
__|_                                    _|__
__|_   GGGG    RRRR    III    DDDD      _|__
__|_  G        R   R    I     D   D     _|__
__|_  G        R   R    I     D    D    _|__
__|_  G  GG    RRRR     I     D    D    _|__
__|_  G   G    R  R     I     D   D     _|__
__|_   GGGG    R   R   III    DDDD      _|__
__|_                                    _|__
__|__|__|__|__|__|__|__|__|__|__|__|__|__|__
__|__|__|__|__|__|__|__|__|__|__|__|__|__|__
  |  |  |  |  |  |  |  |  |  |  |  |  |  |  


Copyright (C) 2015 Peter Boyle, Azusa Yamaguchi, Guido Cossu, Antonin Portelli and other authors

This program is free software; you can redistribute it and/or modify
it under the terms of the GNU General Public License as published by
the Free Software Foundation; either version 2 of the License, or
(at your option) any later version.

This program is distributed in the hope that it will be useful,
but WITHOUT ANY WARRANTY; without even the implied warranty of
MERCHANTABILITY or FITNESS FOR A PARTICULAR PURPOSE.  See the
GNU General Public License for more details.
Current Grid git commit hash=82d411ca7bb8ec4a5b5c3815df23674cfd291070: (HEAD -> develop, origin/develop, origin/HEAD) clean

Grid : Message : ================================================ 
Grid : Message : MPI is initialised and logging filters activated 
Grid : Message : ================================================ 
Grid : Message : This rank is running on host genoahost097.sdcc.bnl.local at local time 2026-02-27 11:53:26
Grid : Message : Requested 17179869184 byte stencil comms buffers 
Grid : Message : MemoryManager::Init() setting up
Grid : Message : MemoryManager::Init() cache pool for recent host   allocations: SMALL 8 LARGE 2 HUGE 0
Grid : Message : MemoryManager::Init() cache pool for recent device allocations: SMALL 16 LARGE 8 Huge 0
Grid : Message : MemoryManager::Init() cache pool for recent shared allocations: SMALL 16 LARGE 8 Huge 0
Grid : Message : MemoryManager::Init() Unified memory space
Sorting eigenvalues using EvalReSmall
Lattice size: [16 16 16 32]
Example_spec_kryschur: ../../Grid/communicator/SharedMemoryMPI.cc:434: static void Grid::GlobalSharedMemory::OptimalCommunicatorSharedMemory(const Coordinate&, ompi_communicator_t*&, Grid::Coordinate&): Assertion `WorldSize==Nprocessors' failed.
[genoahost097:1722541] *** Process received signal ***
[genoahost097:1722541] Signal: Aborted (6)
[genoahost097:1722541] Signal code:  (-6)
[genoahost097:1722541] [ 0] /lib64/libc.so.6(+0x3fc30)[0x153d1343fc30]
[genoahost097:1722541] [ 1] /lib64/libc.so.6(+0x8d02c)[0x153d1348d02c]
[genoahost097:1722541] [ 2] /lib64/libc.so.6(raise+0x16)[0x153d1343fb86]
[genoahost097:1722541] [ 3] /lib64/libc.so.6(abort+0xd3)[0x153d13429873]
[genoahost097:1722541] [ 4] /lib64/libc.so.6(+0x2979b)[0x153d1342979b]
[genoahost097:1722541] [ 5] /lib64/libc.so.6(+0x388c6)[0x153d134388c6]
[genoahost097:1722541] [ 6] /direct/sdcc+u/poare/Grid/build/examples/./Example_spec_kryschur[0x4cc206]
[genoahost097:1722541] [ 7] /direct/sdcc+u/poare/Grid/build/examples/./Example_spec_kryschur[0x4cc2f1]
[genoahost097:1722541] [ 8] /direct/sdcc+u/poare/Grid/build/examples/./Example_spec_kryschur[0x4c7e95]
[genoahost097:1722541] [ 9] /direct/sdcc+u/poare/Grid/build/examples/./Example_spec_kryschur[0x4b5f4f]
[genoahost097:1722541] [10] /direct/sdcc+u/poare/Grid/build/examples/./Example_spec_kryschur[0x41180d]
[genoahost097:1722541] [11] /lib64/libc.so.6(+0x2a610)[0x153d1342a610]
[genoahost097:1722541] [12] /lib64/libc.so.6(__libc_start_main+0x80)[0x153d1342a6c0]
[genoahost097:1722541] [13] /direct/sdcc+u/poare/Grid/build/examples/./Example_spec_kryschur[0x4147f5]
[genoahost097:1722541] *** End of error message ***

__|__|__|__|__|__|__|__|__|__|__|__|__|__|__
__|__|__|__|__|__|__|__|__|__|__|__|__|__|__
__|_ |  |  |  |  |  |  |  |  |  |  |  | _|__
__|_                                    _|__
__|_   GGGG    RRRR    III    DDDD      _|__
__|_  G        R   R    I     D   D     _|__
__|_  G        R   R    I     D    D    _|__
__|_  G  GG    RRRR     I     D    D    _|__
__|_  G   G    R  R     I     D   D     _|__
__|_   GGGG    R   R   III    DDDD      _|__
__|_                                    _|__
__|__|__|__|__|__|__|__|__|__|__|__|__|__|__
__|__|__|__|__|__|__|__|__|__|__|__|__|__|__
  |  |  |  |  |  |  |  |  |  |  |  |  |  |  


Copyright (C) 2015 Peter Boyle, Azusa Yamaguchi, Guido Cossu, Antonin Portelli and other authors

This program is free software; you can redistribute it and/or modify
it under the terms of the GNU General Public License as published by
the Free Software Foundation; either version 2 of the License, or
(at your option) any later version.

This program is distributed in the hope that it will be useful,
but WITHOUT ANY WARRANTY; without even the implied warranty of

__|__|__|__|__|__|__|__|__|__|__|__|__|__|__
__|__|__|__|__|__|__|__|__|__|__|__|__|__|__
__|_ |  |  |  |  |  |  |  |  |  |  |  | _|__
__|_                                    _|__
__|_   GGGG    RRRR    III    DDDD      _|__
__|_  G        R   R    I     D   D     _|__
__|_  G        R   R    I     D    D    _|__
__|_  G  GG    RRRR     I     D    D    _|__
__|_  G   G    R  R     I     D   D     _|__
__|_   GGGG    R   R   III    DDDD      _|__
__|_                                    _|__
__|__|__|__|__|__|__|__|__|__|__|__|__|__|__
__|__|__|__|__|__|__|__|__|__|__|__|__|__|__
  |  |  |  |  |  |  |  |  |  |  |  |  |  |  


Copyright (C) 2015 Peter Boyle, Azusa Yamaguchi, Guido Cossu, Antonin Portelli and other authors

This program is free software; you can redistribute it and/or modify
it under the terms of the GNU General Public License as published by
the Free Software Foundation; either version 2 of the License, or
(at your option) any later version.

This program is distributed in the hope that it will be useful,
but WITHOUT ANY WARRANTY; without even the implied warranty of
MERCHANTABILITY or FITNESS FOR A PARTICULAR PURPOSE.  See the
GNU General Public License for more details.
Current Grid git commit hash=82d411ca7bb8ec4a5b5c3815df23674cfd291070: (HEAD -> develop, origin/develop, origin/HEAD) clean

Grid : Message : ================================================ 
Grid : Message : MPI is initialised and logging filters activated 
Grid : Message : ================================================ 
Grid : Message : This rank is running on host genoahost104.sdcc.bnl.local at local time 2026-02-27 11:53:26
Grid : Message : Requested 17179869184 byte stencil comms buffers 
Grid : Message : MemoryManager::Init() setting up
Grid : Message : MemoryManager::Init() cache pool for recent host   allocations: SMALL 8 LARGE 2 HUGE 0
Grid : Message : MemoryManager::Init() cache pool for recent device allocations: SMALL 16 LARGE 8 Huge 0
Grid : Message : MemoryManager::Init() cache pool for recent shared allocations: SMALL 16 LARGE 8 Huge 0
Grid : Message : MemoryManager::Init() Unified memory space
Sorting eigenvalues using EvalReSmall
Lattice size: [16 16 16 32]
Example_spec_kryschur: ../../Grid/communicator/SharedMemoryMPI.cc:434: static void Grid::GlobalSharedMemory::OptimalCommunicatorSharedMemory(const Coordinate&, ompi_communicator_t*&, Grid::Coordinate&): Assertion `WorldSize==Nprocessors' failed.
[genoahost104:620333] *** Process received signal ***
[genoahost104:620333] Signal: Aborted (6)
[genoahost104:620333] Signal code:  (-6)
[genoahost104:620333] [ 0] /lib64/libc.so.6(+0x3fc30)[0x14662bc3fc30]
[genoahost104:620333] [ 1] /lib64/libc.so.6(+0x8d02c)[0x14662bc8d02c]
[genoahost104:620333] [ 2] /lib64/libc.so.6(raise+0x16)[0x14662bc3fb86]
[genoahost104:620333] [ 3] /lib64/libc.so.6(abort+0xd3)[0x14662bc29873]
[genoahost104:620333] [ 4] /lib64/libc.so.6(+0x2979b)[0x14662bc2979b]
[genoahost104:620333] [ 5] /lib64/libc.so.6(+0x388c6)[0x14662bc388c6]
[genoahost104:620333] [ 6] /direct/sdcc+u/poare/Grid/build/examples/./Example_spec_kryschur[0x4cc206]
[genoahost104:620333] [ 7] /direct/sdcc+u/poare/Grid/build/examples/./Example_spec_kryschur[0x4cc2f1]
[genoahost104:620333] [ 8] /direct/sdcc+u/poare/Grid/build/examples/./Example_spec_kryschur[0x4c7e95]
[genoahost104:620333] [ 9] /direct/sdcc+u/poare/Grid/build/examples/./Example_spec_kryschur[0x4b5f4f]
[genoahost104:620333] [10] /direct/sdcc+u/poare/Grid/build/examples/./Example_spec_kryschur[0x41180d]
[genoahost104:620333] [11] /lib64/libc.so.6(+0x2a610)[0x14662bc2a610]
[genoahost104:620333] [12] /lib64/libc.so.6(__libc_start_main+0x80)[0x14662bc2a6c0]
[genoahost104:620333] [13] /direct/sdcc+u/poare/Grid/build/examples/./Example_spec_kryschur[0x4147f5]
[genoahost104:620333] *** End of error message ***
MERCHANTABILITY or FITNESS FOR A PARTICULAR PURPOSE.  See the
GNU General Public License for more details.
Current Grid git commit hash=82d411ca7bb8ec4a5b5c3815df23674cfd291070: (HEAD -> develop, origin/develop, origin/HEAD) clean

Grid : Message : ================================================ 
Grid : Message : MPI is initialised and logging filters activated 
Grid : Message : ================================================ 
Grid : Message : This rank is running on host genoahost104.sdcc.bnl.local at local time 2026-02-27 11:53:26
Grid : Message : Requested 17179869184 byte stencil comms buffers 
Grid : Message : MemoryManager::Init() setting up
Grid : Message : MemoryManager::Init() cache pool for recent host   allocations: SMALL 8 LARGE 2 HUGE 0
Grid : Message : MemoryManager::Init() cache pool for recent device allocations: SMALL 16 LARGE 8 Huge 0
Grid : Message : MemoryManager::Init() cache pool for recent shared allocations: SMALL 16 LARGE 8 Huge 0
Grid : Message : MemoryManager::Init() Unified memory space
Sorting eigenvalues using EvalReSmall
Lattice size: [16 16 16 32]
Example_spec_kryschur: ../../Grid/communicator/SharedMemoryMPI.cc:434: static void Grid::GlobalSharedMemory::OptimalCommunicatorSharedMemory(const Coordinate&, ompi_communicator_t*&, Grid::Coordinate&): Assertion `WorldSize==Nprocessors' failed.
[genoahost104:620334] *** Process received signal ***
[genoahost104:620334] Signal: Aborted (6)
[genoahost104:620334] Signal code:  (-6)
[genoahost104:620334] [ 0] /lib64/libc.so.6(+0x3fc30)[0x147df2a3fc30]
[genoahost104:620334] [ 1] /lib64/libc.so.6(+0x8d02c)[0x147df2a8d02c]
[genoahost104:620334] [ 2] /lib64/libc.so.6(raise+0x16)[0x147df2a3fb86]
[genoahost104:620334] [ 3] /lib64/libc.so.6(abort+0xd3)[0x147df2a29873]
[genoahost104:620334] [ 4] /lib64/libc.so.6(+0x2979b)[0x147df2a2979b]
[genoahost104:620334] [ 5] /lib64/libc.so.6(+0x388c6)[0x147df2a388c6]
[genoahost104:620334] [ 6] /direct/sdcc+u/poare/Grid/build/examples/./Example_spec_kryschur[0x4cc206]
[genoahost104:620334] [ 7] /direct/sdcc+u/poare/Grid/build/examples/./Example_spec_kryschur[0x4cc2f1]
[genoahost104:620334] [ 8] /direct/sdcc+u/poare/Grid/build/examples/./Example_spec_kryschur[0x4c7e95]
[genoahost104:620334] [ 9] /direct/sdcc+u/poare/Grid/build/examples/./Example_spec_kryschur[0x4b5f4f]
[genoahost104:620334] [10] /direct/sdcc+u/poare/Grid/build/examples/./Example_spec_kryschur[0x41180d]
[genoahost104:620334] [11] /lib64/libc.so.6(+0x2a610)[0x147df2a2a610]
[genoahost104:620334] [12] /lib64/libc.so.6(__libc_start_main+0x80)[0x147df2a2a6c0]
[genoahost104:620334] [13] /direct/sdcc+u/poare/Grid/build/examples/./Example_spec_kryschur[0x4147f5]
[genoahost104:620334] *** End of error message ***

__|__|__|__|__|__|__|__|__|__|__|__|__|__|__
__|__|__|__|__|__|__|__|__|__|__|__|__|__|__
__|_ |  |  |  |  |  |  |  |  |  |  |  | _|__
__|_                                    _|__
__|_   GGGG    RRRR    III    DDDD      _|__
__|_  G        R   R    I     D   D     _|__
__|_  G        R   R    I     D    D    _|__
__|_  G  GG    RRRR     I     D    D    _|__
__|_  G   G    R  R     I     D   D     _|__
__|_   GGGG    R   R   III    DDDD      _|__
__|_                                    _|__
__|__|__|__|__|__|__|__|__|__|__|__|__|__|__
__|__|__|__|__|__|__|__|__|__|__|__|__|__|__
  |  |  |  |  |  |  |  |  |  |  |  |  |  |  


Copyright (C) 2015 Peter Boyle, Azusa Yamaguchi, Guido Cossu, Antonin Portelli and other authors

This program is free software; you can redistribute it and/or modify
it under the terms of the GNU General Public License as published by
the Free Software Foundation; either version 2 of the License, or
(at your option) any later version.

This program is distributed in the hope that it will be useful,
but WITHOUT ANY WARRANTY; without even the implied warranty of
MERCHANTABILITY or FITNESS FOR A PARTICULAR PURPOSE.  See the
GNU General Public License for more details.
Current Grid git commit hash=82d411ca7bb8ec4a5b5c3815df23674cfd291070: (HEAD -> develop, origin/develop, origin/HEAD) clean

Grid : Message : ================================================ 
Grid : Message : MPI is initialised and logging filters activated 
Grid : Message : ================================================ 
Grid : Message : This rank is running on host genoahost097.sdcc.bnl.local at local time 2026-02-27 11:53:26
Grid : Message : Requested 17179869184 byte stencil comms buffers 
Grid : Message : MemoryManager::Init() setting up
Grid : Message : MemoryManager::Init() cache pool for recent host   allocations: SMALL 8 LARGE 2 HUGE 0
Grid : Message : MemoryManager::Init() cache pool for recent device allocations: SMALL 16 LARGE 8 Huge 0
Grid : Message : MemoryManager::Init() cache pool for recent shared allocations: SMALL 16 LARGE 8 Huge 0
Grid : Message : MemoryManager::Init() Unified memory space
Sorting eigenvalues using EvalReSmall
Lattice size: [16 16 16 32]
Example_spec_kryschur: ../../Grid/communicator/SharedMemoryMPI.cc:434: static void Grid::GlobalSharedMemory::OptimalCommunicatorSharedMemory(const Coordinate&, ompi_communicator_t*&, Grid::Coordinate&): Assertion `WorldSize==Nprocessors' failed.
[genoahost097:1722548] *** Process received signal ***
[genoahost097:1722548] Signal: Aborted (6)
[genoahost097:1722548] Signal code:  (-6)
[genoahost097:1722548] [ 0] /lib64/libc.so.6(+0x3fc30)[0x14a4b4c3fc30]
[genoahost097:1722548] [ 1] /lib64/libc.so.6(+0x8d02c)[0x14a4b4c8d02c]
[genoahost097:1722548] [ 2] /lib64/libc.so.6(raise+0x16)[0x14a4b4c3fb86]
[genoahost097:1722548] [ 3] /lib64/libc.so.6(abort+0xd3)[0x14a4b4c29873]
[genoahost097:1722548] [ 4] /lib64/libc.so.6(+0x2979b)[0x14a4b4c2979b]
[genoahost097:1722548] [ 5] /lib64/libc.so.6(+0x388c6)[0x14a4b4c388c6]
[genoahost097:1722548] [ 6] /direct/sdcc+u/poare/Grid/build/examples/./Example_spec_kryschur[0x4cc206]
[genoahost097:1722548] [ 7] /direct/sdcc+u/poare/Grid/build/examples/./Example_spec_kryschur[0x4cc2f1]
[genoahost097:1722548] [ 8] /direct/sdcc+u/poare/Grid/build/examples/./Example_spec_kryschur[0x4c7e95]
[genoahost097:1722548] [ 9] /direct/sdcc+u/poare/Grid/build/examples/./Example_spec_kryschur[0x4b5f4f]
[genoahost097:1722548] [10] /direct/sdcc+u/poare/Grid/build/examples/./Example_spec_kryschur[0x41180d]
[genoahost097:1722548] [11] /lib64/libc.so.6(+0x2a610)[0x14a4b4c2a610]
[genoahost097:1722548] [12] /lib64/libc.so.6(__libc_start_main+0x80)[0x14a4b4c2a6c0]
[genoahost097:1722548] [13] /direct/sdcc+u/poare/Grid/build/examples/./Example_spec_kryschur[0x4147f5]
[genoahost097:1722548] *** End of error message ***

__|__|__|__|__|__|__|__|__|__|__|__|__|__|__
__|__|__|__|__|__|__|__|__|__|__|__|__|__|__
__|_ |  |  |  |  |  |  |  |  |  |  |  | _|__
__|_                                    _|__
__|_   GGGG    RRRR    III    DDDD      _|__
__|_  G        R   R    I     D   D     _|__
__|_  G        R   R    I     D    D    _|__
__|_  G  GG    RRRR     I     D    D    _|__
__|_  G   G    R  R     I     D   D     _|__
__|_   GGGG    R   R   III    DDDD      _|__
__|_                                    _|__
__|__|__|__|__|__|__|__|__|__|__|__|__|__|__
__|__|__|__|__|__|__|__|__|__|__|__|__|__|__
  |  |  |  |  |  |  |  |  |  |  |  |  |  |  


Copyright (C) 2015 Peter Boyle, Azusa Yamaguchi, Guido Cossu, Antonin Portelli and other authors

This program is free software; you can redistribute it and/or modify
it under the terms of the GNU General Public License as published by
the Free Software Foundation; either version 2 of the License, or
(at your option) any later version.

This program is distributed in the hope that it will be useful,
but WITHOUT ANY WARRANTY; without even the implied warranty of
MERCHANTABILITY or FITNESS FOR A PARTICULAR PURPOSE.  See the
GNU General Public License for more details.
Current Grid git commit hash=82d411ca7bb8ec4a5b5c3815df23674cfd291070: (HEAD -> develop, origin/develop, origin/HEAD) clean

Grid : Message : ================================================ 
Grid : Message : MPI is initialised and logging filters activated 
Grid : Message : ================================================ 
Grid : Message : This rank is running on host genoahost097.sdcc.bnl.local at local time 2026-02-27 11:53:27
Grid : Message : Requested 17179869184 byte stencil comms buffers 
Grid : Message : MemoryManager::Init() setting up
Grid : Message : MemoryManager::Init() cache pool for recent host   allocations: SMALL 8 LARGE 2 HUGE 0
Grid : Message : MemoryManager::Init() cache pool for recent device allocations: SMALL 16 LARGE 8 Huge 0
Grid : Message : MemoryManager::Init() cache pool for recent shared allocations: SMALL 16 LARGE 8 Huge 0
Grid : Message : MemoryManager::Init() Unified memory space
Sorting eigenvalues using EvalReSmall
Lattice size: [16 16 16 32]
Example_spec_kryschur: ../../Grid/communicator/SharedMemoryMPI.cc:434: static void Grid::GlobalSharedMemory::OptimalCommunicatorSharedMemory(const Coordinate&, ompi_communicator_t*&, Grid::Coordinate&): Assertion `WorldSize==Nprocessors' failed.
[genoahost097:1722546] *** Process received signal ***
[genoahost097:1722546] Signal: Aborted (6)
[genoahost097:1722546] Signal code:  (-6)
[genoahost097:1722546] [ 0] /lib64/libc.so.6(+0x3fc30)[0x14ca9023fc30]
[genoahost097:1722546] [ 1] /lib64/libc.so.6(+0x8d02c)[0x14ca9028d02c]
[genoahost097:1722546] [ 2] /lib64/libc.so.6(raise+0x16)[0x14ca9023fb86]
[genoahost097:1722546] [ 3] /lib64/libc.so.6(abort+0xd3)[0x14ca90229873]
[genoahost097:1722546] [ 4] /lib64/libc.so.6(+0x2979b)[0x14ca9022979b]
[genoahost097:1722546] [ 5] /lib64/libc.so.6(+0x388c6)[0x14ca902388c6]
[genoahost097:1722546] [ 6] /direct/sdcc+u/poare/Grid/build/examples/./Example_spec_kryschur[0x4cc206]
[genoahost097:1722546] [ 7] /direct/sdcc+u/poare/Grid/build/examples/./Example_spec_kryschur[0x4cc2f1]
[genoahost097:1722546] [ 8] /direct/sdcc+u/poare/Grid/build/examples/./Example_spec_kryschur[0x4c7e95]
[genoahost097:1722546] [ 9] /direct/sdcc+u/poare/Grid/build/examples/./Example_spec_kryschur[0x4b5f4f]
[genoahost097:1722546] [10] /direct/sdcc+u/poare/Grid/build/examples/./Example_spec_kryschur[0x41180d]
[genoahost097:1722546] [11] /lib64/libc.so.6(+0x2a610)[0x14ca9022a610]
[genoahost097:1722546] [12] /lib64/libc.so.6(__libc_start_main+0x80)[0x14ca9022a6c0]
[genoahost097:1722546] [13] /direct/sdcc+u/poare/Grid/build/examples/./Example_spec_kryschur[0x4147f5]
[genoahost097:1722546] *** End of error message ***

__|__|__|__|__|__|__|__|__|__|__|__|__|__|__
__|__|__|__|__|__|__|__|__|__|__|__|__|__|__
__|_ |  |  |  |  |  |  |  |  |  |  |  | _|__
__|_                                    _|__
__|_   GGGG    RRRR    III    DDDD      _|__
__|_  G        R   R    I     D   D     _|__
__|_  G        R   R    I     D    D    _|__
__|_  G  GG    RRRR     I     D    D    _|__
__|_  G   G    R  R     I     D   D     _|__
__|_   GGGG    R   R   III    DDDD      _|__
__|_                                    _|__
__|__|__|__|__|__|__|__|__|__|__|__|__|__|__
__|__|__|__|__|__|__|__|__|__|__|__|__|__|__
  |  |  |  |  |  |  |  |  |  |  |  |  |  |  


Copyright (C) 2015 Peter Boyle, Azusa Yamaguchi, Guido Cossu, Antonin Portelli and other authors

This program is free software; you can redistribute it and/or modify
it under the terms of the GNU General Public License as published by
the Free Software Foundation; either version 2 of the License, or
(at your option) any later version.

This program is distributed in the hope that it will be useful,
but WITHOUT ANY WARRANTY; without even the implied warranty of
MERCHANTABILITY or FITNESS FOR A PARTICULAR PURPOSE.  See the
GNU General Public License for more details.
Current Grid git commit hash=82d411ca7bb8ec4a5b5c3815df23674cfd291070: (HEAD -> develop, origin/develop, origin/HEAD) clean

Grid : Message : ================================================ 
Grid : Message : MPI is initialised and logging filters activated 
Grid : Message : ================================================ 
Grid : Message : This rank is running on host genoahost104.sdcc.bnl.local at local time 2026-02-27 11:53:27
Grid : Message : Requested 17179869184 byte stencil comms buffers 
Grid : Message : MemoryManager::Init() setting up
Grid : Message : MemoryManager::Init() cache pool for recent host   allocations: SMALL 8 LARGE 2 HUGE 0
Grid : Message : MemoryManager::Init() cache pool for recent device allocations: SMALL 16 LARGE 8 Huge 0
Grid : Message : MemoryManager::Init() cache pool for recent shared allocations: SMALL 16 LARGE 8 Huge 0
Grid : Message : MemoryManager::Init() Unified memory space
Sorting eigenvalues using EvalReSmall
Lattice size: [16 16 16 32]
Example_spec_kryschur: ../../Grid/communicator/SharedMemoryMPI.cc:434: static void Grid::GlobalSharedMemory::OptimalCommunicatorSharedMemory(const Coordinate&, ompi_communicator_t*&, Grid::Coordinate&): Assertion `WorldSize==Nprocessors' failed.
[genoahost104:620336] *** Process received signal ***
[genoahost104:620336] Signal: Aborted (6)
[genoahost104:620336] Signal code:  (-6)
[genoahost104:620336] [ 0] /lib64/libc.so.6(+0x3fc30)[0x14ead083fc30]
[genoahost104:620336] [ 1] /lib64/libc.so.6(+0x8d02c)[0x14ead088d02c]
[genoahost104:620336] [ 2] /lib64/libc.so.6(raise+0x16)[0x14ead083fb86]
[genoahost104:620336] [ 3] /lib64/libc.so.6(abort+0xd3)[0x14ead0829873]
[genoahost104:620336] [ 4] /lib64/libc.so.6(+0x2979b)[0x14ead082979b]
[genoahost104:620336] [ 5] /lib64/libc.so.6(+0x388c6)[0x14ead08388c6]
[genoahost104:620336] [ 6] /direct/sdcc+u/poare/Grid/build/examples/./Example_spec_kryschur[0x4cc206]
[genoahost104:620336] [ 7] /direct/sdcc+u/poare/Grid/build/examples/./Example_spec_kryschur[0x4cc2f1]
[genoahost104:620336] [ 8] /direct/sdcc+u/poare/Grid/build/examples/./Example_spec_kryschur[0x4c7e95]
[genoahost104:620336] [ 9] /direct/sdcc+u/poare/Grid/build/examples/./Example_spec_kryschur[0x4b5f4f]
[genoahost104:620336] [10] /direct/sdcc+u/poare/Grid/build/examples/./Example_spec_kryschur[0x41180d]
[genoahost104:620336] [11] /lib64/libc.so.6(+0x2a610)[0x14ead082a610]
[genoahost104:620336] [12] /lib64/libc.so.6(__libc_start_main+0x80)[0x14ead082a6c0]
[genoahost104:620336] [13] /direct/sdcc+u/poare/Grid/build/examples/./Example_spec_kryschur[0x4147f5]
[genoahost104:620336] *** End of error message ***

__|__|__|__|__|__|__|__|__|__|__|__|__|__|__
__|__|__|__|__|__|__|__|__|__|__|__|__|__|__
__|_ |  |  |  |  |  |  |  |  |  |  |  | _|__
__|_                                    _|__
__|_   GGGG    RRRR    III    DDDD      _|__
__|_  G        R   R    I     D   D     _|__
__|_  G        R   R    I     D    D    _|__
__|_  G  GG    RRRR     I     D    D    _|__
__|_  G   G    R  R     I     D   D     _|__
__|_   GGGG    R   R   III    DDDD      _|__
__|_                                    _|__
__|__|__|__|__|__|__|__|__|__|__|__|__|__|__
__|__|__|__|__|__|__|__|__|__|__|__|__|__|__
  |  |  |  |  |  |  |  |  |  |  |  |  |  |  


Copyright (C) 2015 Peter Boyle, Azusa Yamaguchi, Guido Cossu, Antonin Portelli and other authors

This program is free software; you can redistribute it and/or modify
it under the terms of the GNU General Public License as published by
the Free Software Foundation; either version 2 of the License, or
(at your option) any later version.

This program is distributed in the hope that it will be useful,
but WITHOUT ANY WARRANTY; without even the implied warranty of
MERCHANTABILITY or FITNESS FOR A PARTICULAR PURPOSE.  See the
GNU General Public License for more details.
Current Grid git commit hash=82d411ca7bb8ec4a5b5c3815df23674cfd291070: (HEAD -> develop, origin/develop, origin/HEAD) clean

Grid : Message : ================================================ 
Grid : Message : MPI is initialised and logging filters activated 
Grid : Message : ================================================ 
Grid : Message : This rank is running on host genoahost097.sdcc.bnl.local at local time 2026-02-27 11:53:27
Grid : Message : Requested 17179869184 byte stencil comms buffers 
Grid : Message : MemoryManager::Init() setting up
Grid : Message : MemoryManager::Init() cache pool for recent host   allocations: SMALL 8 LARGE 2 HUGE 0
Grid : Message : MemoryManager::Init() cache pool for recent device allocations: SMALL 16 LARGE 8 Huge 0
Grid : Message : MemoryManager::Init() cache pool for recent shared allocations: SMALL 16 LARGE 8 Huge 0
Grid : Message : MemoryManager::Init() Unified memory space
Sorting eigenvalues using EvalReSmall
Lattice size: [16 16 16 32]
Example_spec_kryschur: ../../Grid/communicator/SharedMemoryMPI.cc:434: static void Grid::GlobalSharedMemory::OptimalCommunicatorSharedMemory(const Coordinate&, ompi_communicator_t*&, Grid::Coordinate&): Assertion `WorldSize==Nprocessors' failed.
[genoahost097:1722553] *** Process received signal ***
[genoahost097:1722553] Signal: Aborted (6)
[genoahost097:1722553] Signal code:  (-6)

__|__|__|__|__|__|__|__|__|__|__|__|__|__|__
__|__|__|__|__|__|__|__|__|__|__|__|__|__|__
__|_ |  |  |  |  |  |  |  |  |  |  |  | _|__
__|_                                    _|__
__|_   GGGG    RRRR    III    DDDD      _|__
__|_  G        R   R    I     D   D     _|__
__|_  G        R   R    I     D    D    _|__
__|_  G  GG    RRRR     I     D    D    _|__
__|_  G   G    R  R     I     D   D     _|__
__|_   GGGG    R   R   III    DDDD      _|__
__|_                                    _|__
__|__|__|__|__|__|__|__|__|__|__|__|__|__|__
__|__|__|__|__|__|__|__|__|__|__|__|__|__|__
  |  |  |  |  |  |  |  |  |  |  |  |  |  |  


Copyright (C) 2015 Peter Boyle, Azusa Yamaguchi, Guido Cossu, Antonin Portelli and other authors

This program is free software; you can redistribute it and/or modify
it under the terms of the GNU General Public License as published by
the Free Software Foundation; either version 2 of the License, or
(at your option) any later version.

This program is distributed in the hope that it will be useful,
but WITHOUT ANY WARRANTY; without even the implied warranty of
MERCHANTABILITY or FITNESS FOR A PARTICULAR PURPOSE.  See the
GNU General Public License for more details.
Current Grid git commit hash=82d411ca7bb8ec4a5b5c3815df23674cfd291070: (HEAD -> develop, origin/develop, origin/HEAD) clean

Grid : Message : ================================================ 
Grid : Message : MPI is initialised and logging filters activated 
Grid : Message : ================================================ 
Grid : Message : This rank is running on host genoahost104.sdcc.bnl.local at local time 2026-02-27 11:53:27
Grid : Message : Requested 17179869184 byte stencil comms buffers 
Grid : Message : MemoryManager::Init() setting up
Grid : Message : MemoryManager::Init() cache pool for recent host   allocations: SMALL 8 LARGE 2 HUGE 0
Grid : Message : MemoryManager::Init() cache pool for recent device allocations: SMALL 16 LARGE 8 Huge 0
Grid : Message : MemoryManager::Init() cache pool for recent shared allocations: SMALL 16 LARGE 8 Huge 0
Grid : Message : MemoryManager::Init() Unified memory space
Sorting eigenvalues using EvalReSmall
Lattice size: [16 16 16 32]
Example_spec_kryschur: ../../Grid/communicator/SharedMemoryMPI.cc:434: static void Grid::GlobalSharedMemory::OptimalCommunicatorSharedMemory(const Coordinate&, ompi_communicator_t*&, Grid::Coordinate&): Assertion `WorldSize==Nprocessors' failed.
[genoahost104:620331] *** Process received signal ***
[genoahost104:620331] Signal: Aborted (6)
[genoahost104:620331] Signal code:  (-6)
[genoahost104:620331] [ 0] /lib64/libc.so.6(+0x3fc30)[0x1548bc43fc30]
[genoahost104:620331] [ 1] /lib64/libc.so.6(+0x8d02c)[0x1548bc48d02c]
[genoahost104:620331] [ 2] /lib64/libc.so.6(raise+0x16)[0x1548bc43fb86]
[genoahost104:620331] [ 3] /lib64/libc.so.6(abort+0xd3)[0x1548bc429873]
[genoahost104:620331] [ 4] /lib64/libc.so.6(+0x2979b)[0x1548bc42979b]
[genoahost104:620331] [ 5] /lib64/libc.so.6(+0x388c6)[0x1548bc4388c6]
[genoahost104:620331] [ 6] /direct/sdcc+u/poare/Grid/build/examples/./Example_spec_kryschur[0x4cc206]
[genoahost104:620331] [ 7] /direct/sdcc+u/poare/Grid/build/examples/./Example_spec_kryschur[0x4cc2f1]
[genoahost104:620331] [ 8] /direct/sdcc+u/poare/Grid/build/examples/./Example_spec_kryschur[0x4c7e95]
[genoahost104:620331] [ 9] /direct/sdcc+u/poare/Grid/build/examples/./Example_spec_kryschur[0x4b5f4f]
[genoahost104:620331] [10] /direct/sdcc+u/poare/Grid/build/examples/./Example_spec_kryschur[0x41180d]
[genoahost104:620331] [11] /lib64/libc.so.6(+0x2a610)[0x1548bc42a610]
[genoahost097:1722553] [ 0] /lib64/libc.so.6(+0x3fc30)[0x148629c3fc30]
[genoahost097:1722553] [ 1] /lib64/libc.so.6(+0x8d02c)[0x148629c8d02c]
[genoahost097:1722553] [ 2] /lib64/libc.so.6(raise+0x16)[0x148629c3fb86]
[genoahost097:1722553] [ 3] /lib64/libc.so.6(abort+0xd3)[0x148629c29873]
[genoahost097:1722553] [ 4] /lib64/libc.so.6(+0x2979b)[0x148629c2979b]
[genoahost097:1722553] [ 5] /lib64/libc.so.6(+0x388c6)[0x148629c388c6]
[genoahost097:1722553] [ 6] /direct/sdcc+u/poare/Grid/build/examples/./Example_spec_kryschur[0x4cc206]
[genoahost097:1722553] [ 7] /direct/sdcc+u/poare/Grid/build/examples/./Example_spec_kryschur[0x4cc2f1]
[genoahost097:1722553] [ 8] /direct/sdcc+u/poare/Grid/build/examples/./Example_spec_kryschur[0x4c7e95]
[genoahost097:1722553] [ 9] /direct/sdcc+u/poare/Grid/build/examples/./Example_spec_kryschur[0x4b5f4f]
[genoahost097:1722553] [10] /direct/sdcc+u/poare/Grid/build/examples/./Example_spec_kryschur[0x41180d]
[genoahost097:1722553] [11] /lib64/libc.so.6(+0x2a610)[0x148629c2a610]
[genoahost097:1722553] [12] /lib64/libc.so.6(__libc_start_main+0x80)[0x148629c2a6c0]
[genoahost097:1722553] [13] /direct/sdcc+u/poare/Grid/build/examples/./Example_spec_kryschur[0x4147f5]
[genoahost097:1722553] *** End of error message ***
[genoahost104:620331] [12] /lib64/libc.so.6(__libc_start_main+0x80)[0x1548bc42a6c0]
[genoahost104:620331] [13] /direct/sdcc+u/poare/Grid/build/examples/./Example_spec_kryschur[0x4147f5]
[genoahost104:620331] *** End of error message ***
srun: error: genoahost101: task 79: Aborted (core dumped)

__|__|__|__|__|__|__|__|__|__|__|__|__|__|__
__|__|__|__|__|__|__|__|__|__|__|__|__|__|__
__|_ |  |  |  |  |  |  |  |  |  |  |  | _|__
__|_                                    _|__
__|_   GGGG    RRRR    III    DDDD      _|__
__|_  G        R   R    I     D   D     _|__
__|_  G        R   R    I     D    D    _|__
__|_  G  GG    RRRR     I     D    D    _|__
__|_  G   G    R  R     I     D   D     _|__
__|_   GGGG    R   R   III    DDDD      _|__
__|_                                    _|__
__|__|__|__|__|__|__|__|__|__|__|__|__|__|__
__|__|__|__|__|__|__|__|__|__|__|__|__|__|__
  |  |  |  |  |  |  |  |  |  |  |  |  |  |  


Copyright (C) 2015 Peter Boyle, Azusa Yamaguchi, Guido Cossu, Antonin Portelli and other authors

This program is free software; you can redistribute it and/or modify
it under the terms of the GNU General Public License as published by
the Free Software Foundation; either version 2 of the License, or
(at your option) any later version.

This program is distributed in the hope that it will be useful,
but WITHOUT ANY WARRANTY; without even the implied warranty of
MERCHANTABILITY or FITNESS FOR A PARTICULAR PURPOSE.  See the
GNU General Public License for more details.
Current Grid git commit hash=82d411ca7bb8ec4a5b5c3815df23674cfd291070: (HEAD -> develop, origin/develop, origin/HEAD) clean

Grid : Message : ================================================ 
Grid : Message : MPI is initialised and logging filters activated 
Grid : Message : ================================================ 
Grid : Message : This rank is running on host genoahost102.sdcc.bnl.local at local time 2026-02-27 11:53:28
Grid : Message : Requested 17179869184 byte stencil comms buffers 
Grid : Message : MemoryManager::Init() setting up
Grid : Message : MemoryManager::Init() cache pool for recent host   allocations: SMALL 8 LARGE 2 HUGE 0
Grid : Message : MemoryManager::Init() cache pool for recent device allocations: SMALL 16 LARGE 8 Huge 0
Grid : Message : MemoryManager::Init() cache pool for recent shared allocations: SMALL 16 LARGE 8 Huge 0
Grid : Message : MemoryManager::Init() Unified memory space
Sorting eigenvalues using EvalReSmall
Lattice size: [16 16 16 32]
Example_spec_kryschur: ../../Grid/communicator/SharedMemoryMPI.cc:434: static void Grid::GlobalSharedMemory::OptimalCommunicatorSharedMemory(const Coordinate&, ompi_communicator_t*&, Grid::Coordinate&): Assertion `WorldSize==Nprocessors' failed.
[genoahost102:619453] *** Process received signal ***
[genoahost102:619453] Signal: Aborted (6)
[genoahost102:619453] Signal code:  (-6)
[genoahost102:619453] [ 0] /lib64/libc.so.6(+0x3fc30)[0x15540a23fc30]
[genoahost102:619453] [ 1] /lib64/libc.so.6(+0x8d02c)[0x15540a28d02c]
[genoahost102:619453] [ 2] /lib64/libc.so.6(raise+0x16)[0x15540a23fb86]
[genoahost102:619453] [ 3] /lib64/libc.so.6(abort+0xd3)[0x15540a229873]
[genoahost102:619453] [ 4] /lib64/libc.so.6(+0x2979b)[0x15540a22979b]
[genoahost102:619453] [ 5] /lib64/libc.so.6(+0x388c6)[0x15540a2388c6]
[genoahost102:619453] [ 6] /direct/sdcc+u/poare/Grid/build/examples/./Example_spec_kryschur[0x4cc206]
[genoahost102:619453] [ 7] /direct/sdcc+u/poare/Grid/build/examples/./Example_spec_kryschur[0x4cc2f1]
[genoahost102:619453] [ 8] /direct/sdcc+u/poare/Grid/build/examples/./Example_spec_kryschur[0x4c7e95]
[genoahost102:619453] [ 9] /direct/sdcc+u/poare/Grid/build/examples/./Example_spec_kryschur[0x4b5f4f]
[genoahost102:619453] [10] /direct/sdcc+u/poare/Grid/build/examples/./Example_spec_kryschur[0x41180d]
[genoahost102:619453] [11] /lib64/libc.so.6(+0x2a610)[0x15540a22a610]
[genoahost102:619453] [12] /lib64/libc.so.6(__libc_start_main+0x80)[0x15540a22a6c0]
[genoahost102:619453] [13] /direct/sdcc+u/poare/Grid/build/examples/./Example_spec_kryschur[0x4147f5]
[genoahost102:619453] *** End of error message ***

__|__|__|__|__|__|__|__|__|__|__|__|__|__|__
__|__|__|__|__|__|__|__|__|__|__|__|__|__|__
__|_ |  |  |  |  |  |  |  |  |  |  |  | _|__
__|_                                    _|__
__|_   GGGG    RRRR    III    DDDD      _|__
__|_  G        R   R    I     D   D     _|__
__|_  G        R   R    I     D    D    _|__
__|_  G  GG    RRRR     I     D    D    _|__
__|_  G   G    R  R     I     D   D     _|__
__|_   GGGG    R   R   III    DDDD      _|__
__|_                                    _|__
__|__|__|__|__|__|__|__|__|__|__|__|__|__|__
__|__|__|__|__|__|__|__|__|__|__|__|__|__|__
  |  |  |  |  |  |  |  |  |  |  |  |  |  |  


Copyright (C) 2015 Peter Boyle, Azusa Yamaguchi, Guido Cossu, Antonin Portelli and other authors

This program is free software; you can redistribute it and/or modify
it under the terms of the GNU General Public License as published by
the Free Software Foundation; either version 2 of the License, or
(at your option) any later version.

This program is distributed in the hope that it will be useful,
but WITHOUT ANY WARRANTY; without even the implied warranty of
MERCHANTABILITY or FITNESS FOR A PARTICULAR PURPOSE.  See the
GNU General Public License for more details.
Current Grid git commit hash=82d411ca7bb8ec4a5b5c3815df23674cfd291070: (HEAD -> develop, origin/develop, origin/HEAD) clean

Grid : Message : ================================================ 
Grid : Message : MPI is initialised and logging filters activated 
Grid : Message : ================================================ 
Grid : Message : This rank is running on host genoahost104.sdcc.bnl.local at local time 2026-02-27 11:53:28
Grid : Message : Requested 17179869184 byte stencil comms buffers 
Grid : Message : MemoryManager::Init() setting up
Grid : Message : MemoryManager::Init() cache pool for recent host   allocations: SMALL 8 LARGE 2 HUGE 0
Grid : Message : MemoryManager::Init() cache pool for recent device allocations: SMALL 16 LARGE 8 Huge 0
Grid : Message : MemoryManager::Init() cache pool for recent shared allocations: SMALL 16 LARGE 8 Huge 0
Grid : Message : MemoryManager::Init() Unified memory space
Sorting eigenvalues using EvalReSmall
Lattice size: [16 16 16 32]
Example_spec_kryschur: ../../Grid/communicator/SharedMemoryMPI.cc:434: static void Grid::GlobalSharedMemory::OptimalCommunicatorSharedMemory(const Coordinate&, ompi_communicator_t*&, Grid::Coordinate&): Assertion `WorldSize==Nprocessors' failed.
[genoahost104:620324] *** Process received signal ***
[genoahost104:620324] Signal: Aborted (6)
[genoahost104:620324] Signal code:  (-6)
[genoahost104:620324] [ 0] /lib64/libc.so.6(+0x3fc30)[0x14a2d103fc30]
[genoahost104:620324] [ 1] /lib64/libc.so.6(+0x8d02c)[0x14a2d108d02c]
[genoahost104:620324] [ 2] /lib64/libc.so.6(raise+0x16)[0x14a2d103fb86]
[genoahost104:620324] [ 3] /lib64/libc.so.6(abort+0xd3)[0x14a2d1029873]
[genoahost104:620324] [ 4] /lib64/libc.so.6(+0x2979b)[0x14a2d102979b]
[genoahost104:620324] [ 5] /lib64/libc.so.6(+0x388c6)[0x14a2d10388c6]
[genoahost104:620324] [ 6] /direct/sdcc+u/poare/Grid/build/examples/./Example_spec_kryschur[0x4cc206]
[genoahost104:620324] [ 7] /direct/sdcc+u/poare/Grid/build/examples/./Example_spec_kryschur[0x4cc2f1]
[genoahost104:620324] [ 8] /direct/sdcc+u/poare/Grid/build/examples/./Example_spec_kryschur[0x4c7e95]
[genoahost104:620324] [ 9] /direct/sdcc+u/poare/Grid/build/examples/./Example_spec_kryschur[0x4b5f4f]
[genoahost104:620324] [10] /direct/sdcc+u/poare/Grid/build/examples/./Example_spec_kryschur[0x41180d]
[genoahost104:620324] [11] /lib64/libc.so.6(+0x2a610)[0x14a2d102a610]
[genoahost104:620324] [12] /lib64/libc.so.6(__libc_start_main+0x80)[0x14a2d102a6c0]
[genoahost104:620324] [13] /direct/sdcc+u/poare/Grid/build/examples/./Example_spec_kryschur[0x4147f5]
[genoahost104:620324] *** End of error message ***
srun: error: genoahost102: task 88: Aborted (core dumped)

__|__|__|__|__|__|__|__|__|__|__|__|__|__|__
__|__|__|__|__|__|__|__|__|__|__|__|__|__|__
__|_ |  |  |  |  |  |  |  |  |  |  |  | _|__
__|_                                    _|__
__|_   GGGG    RRRR    III    DDDD      _|__
__|_  G        R   R    I     D   D     _|__
__|_  G        R   R    I     D    D    _|__
__|_  G  GG    RRRR     I     D    D    _|__
__|_  G   G    R  R     I     D   D     _|__
__|_   GGGG    R   R   III    DDDD      _|__
__|_                                    _|__
__|__|__|__|__|__|__|__|__|__|__|__|__|__|__
__|__|__|__|__|__|__|__|__|__|__|__|__|__|__
  |  |  |  |  |  |  |  |  |  |  |  |  |  |  


Copyright (C) 2015 Peter Boyle, Azusa Yamaguchi, Guido Cossu, Antonin Portelli and other authors

This program is free software; you can redistribute it and/or modify
it under the terms of the GNU General Public License as published by
the Free Software Foundation; either version 2 of the License, or
(at your option) any later version.

This program is distributed in the hope that it will be useful,
but WITHOUT ANY WARRANTY; without even the implied warranty of
MERCHANTABILITY or FITNESS FOR A PARTICULAR PURPOSE.  See the
GNU General Public License for more details.
Current Grid git commit hash=82d411ca7bb8ec4a5b5c3815df23674cfd291070: (HEAD -> develop, origin/develop, origin/HEAD) clean

Grid : Message : ================================================ 
Grid : Message : MPI is initialised and logging filters activated 
Grid : Message : ================================================ 
Grid : Message : This rank is running on host genoahost104.sdcc.bnl.local at local time 2026-02-27 11:53:28
Grid : Message : Requested 17179869184 byte stencil comms buffers 
Grid : Message : MemoryManager::Init() setting up
Grid : Message : MemoryManager::Init() cache pool for recent host   allocations: SMALL 8 LARGE 2 HUGE 0
Grid : Message : MemoryManager::Init() cache pool for recent device allocations: SMALL 16 LARGE 8 Huge 0
Grid : Message : MemoryManager::Init() cache pool for recent shared allocations: SMALL 16 LARGE 8 Huge 0
Grid : Message : MemoryManager::Init() Unified memory space
Sorting eigenvalues using EvalReSmall
Lattice size: [16 16 16 32]
Example_spec_kryschur: ../../Grid/communicator/SharedMemoryMPI.cc:434: static void Grid::GlobalSharedMemory::OptimalCommunicatorSharedMemory(const Coordinate&, ompi_communicator_t*&, Grid::Coordinate&): Assertion `WorldSize==Nprocessors' failed.
[genoahost104:620325] *** Process received signal ***
[genoahost104:620325] Signal: Aborted (6)
[genoahost104:620325] Signal code:  (-6)
[genoahost104:620325] [ 0] /lib64/libc.so.6(+0x3fc30)[0x1472d203fc30]
[genoahost104:620325] [ 1] /lib64/libc.so.6(+0x8d02c)[0x1472d208d02c]
[genoahost104:620325] [ 2] /lib64/libc.so.6(raise+0x16)[0x1472d203fb86]
[genoahost104:620325] [ 3] /lib64/libc.so.6(abort+0xd3)[0x1472d2029873]
[genoahost104:620325] [ 4] /lib64/libc.so.6(+0x2979b)[0x1472d202979b]
[genoahost104:620325] [ 5] /lib64/libc.so.6(+0x388c6)[0x1472d20388c6]
[genoahost104:620325] [ 6] /direct/sdcc+u/poare/Grid/build/examples/./Example_spec_kryschur[0x4cc206]
[genoahost104:620325] [ 7] /direct/sdcc+u/poare/Grid/build/examples/./Example_spec_kryschur[0x4cc2f1]
[genoahost104:620325] [ 8] /direct/sdcc+u/poare/Grid/build/examples/./Example_spec_kryschur[0x4c7e95]
[genoahost104:620325] [ 9] /direct/sdcc+u/poare/Grid/build/examples/./Example_spec_kryschur[0x4b5f4f]
[genoahost104:620325] [10] /direct/sdcc+u/poare/Grid/build/examples/./Example_spec_kryschur[0x41180d]
[genoahost104:620325] [11] /lib64/libc.so.6(+0x2a610)[0x1472d202a610]
[genoahost104:620325] [12] /lib64/libc.so.6(__libc_start_main+0x80)[0x1472d202a6c0]
[genoahost104:620325] [13] /direct/sdcc+u/poare/Grid/build/examples/./Example_spec_kryschur[0x4147f5]
[genoahost104:620325] *** End of error message ***

__|__|__|__|__|__|__|__|__|__|__|__|__|__|__
__|__|__|__|__|__|__|__|__|__|__|__|__|__|__
__|_ |  |  |  |  |  |  |  |  |  |  |  | _|__
__|_                                    _|__
__|_   GGGG    RRRR    III    DDDD      _|__
__|_  G        R   R    I     D   D     _|__
__|_  G        R   R    I     D    D    _|__
__|_  G  GG    RRRR     I     D    D    _|__
__|_  G   G    R  R     I     D   D     _|__
__|_   GGGG    R   R   III    DDDD      _|__
__|_                                    _|__
__|__|__|__|__|__|__|__|__|__|__|__|__|__|__
__|__|__|__|__|__|__|__|__|__|__|__|__|__|__
  |  |  |  |  |  |  |  |  |  |  |  |  |  |  


Copyright (C) 2015 Peter Boyle, Azusa Yamaguchi, Guido Cossu, Antonin Portelli and other authors

This program is free software; you can redistribute it and/or modify
it under the terms of the GNU General Public License as published by
the Free Software Foundation; either version 2 of the License, or
(at your option) any later version.

This program is distributed in the hope that it will be useful,
but WITHOUT ANY WARRANTY; without even the implied warranty of
MERCHANTABILITY or FITNESS FOR A PARTICULAR PURPOSE.  See the
GNU General Public License for more details.
Current Grid git commit hash=82d411ca7bb8ec4a5b5c3815df23674cfd291070: (HEAD -> develop, origin/develop, origin/HEAD) clean

Grid : Message : ================================================ 
Grid : Message : MPI is initialised and logging filters activated 
Grid : Message : ================================================ 
Grid : Message : This rank is running on host genoahost099.sdcc.bnl.local at local time 2026-02-27 11:53:29
Grid : Message : Requested 17179869184 byte stencil comms buffers 
Grid : Message : MemoryManager::Init() setting up
Grid : Message : MemoryManager::Init() cache pool for recent host   allocations: SMALL 8 LARGE 2 HUGE 0
Grid : Message : MemoryManager::Init() cache pool for recent device allocations: SMALL 16 LARGE 8 Huge 0
Grid : Message : MemoryManager::Init() cache pool for recent shared allocations: SMALL 16 LARGE 8 Huge 0
Grid : Message : MemoryManager::Init() Unified memory space
Sorting eigenvalues using EvalReSmall
Lattice size: [16 16 16 32]
Example_spec_kryschur: ../../Grid/communicator/SharedMemoryMPI.cc:434: static void Grid::GlobalSharedMemory::OptimalCommunicatorSharedMemory(const Coordinate&, ompi_communicator_t*&, Grid::Coordinate&): Assertion `WorldSize==Nprocessors' failed.
[genoahost099:1601366] *** Process received signal ***
[genoahost099:1601366] Signal: Aborted (6)
[genoahost099:1601366] Signal code:  (-6)
[genoahost099:1601366] [ 0] /lib64/libc.so.6(+0x3fc30)[0x14860d63fc30]
[genoahost099:1601366] [ 1] /lib64/libc.so.6(+0x8d02c)[0x14860d68d02c]
[genoahost099:1601366] [ 2] /lib64/libc.so.6(raise+0x16)[0x14860d63fb86]
[genoahost099:1601366] [ 3] /lib64/libc.so.6(abort+0xd3)[0x14860d629873]
[genoahost099:1601366] [ 4] /lib64/libc.so.6(+0x2979b)[0x14860d62979b]
[genoahost099:1601366] [ 5] /lib64/libc.so.6(+0x388c6)[0x14860d6388c6]
[genoahost099:1601366] [ 6] /direct/sdcc+u/poare/Grid/build/examples/./Example_spec_kryschur[0x4cc206]
[genoahost099:1601366] [ 7] /direct/sdcc+u/poare/Grid/build/examples/./Example_spec_kryschur[0x4cc2f1]
[genoahost099:1601366] [ 8] /direct/sdcc+u/poare/Grid/build/examples/./Example_spec_kryschur[0x4c7e95]
[genoahost099:1601366] [ 9] /direct/sdcc+u/poare/Grid/build/examples/./Example_spec_kryschur[0x4b5f4f]
[genoahost099:1601366] [10] /direct/sdcc+u/poare/Grid/build/examples/./Example_spec_kryschur[0x41180d]
[genoahost099:1601366] [11] /lib64/libc.so.6(+0x2a610)[0x14860d62a610]
[genoahost099:1601366] [12] /lib64/libc.so.6(__libc_start_main+0x80)[0x14860d62a6c0]
[genoahost099:1601366] [13] /direct/sdcc+u/poare/Grid/build/examples/./Example_spec_kryschur[0x4147f5]
[genoahost099:1601366] *** End of error message ***
srun: error: genoahost102: task 82: Aborted (core dumped)

__|__|__|__|__|__|__|__|__|__|__|__|__|__|__
__|__|__|__|__|__|__|__|__|__|__|__|__|__|__
__|_ |  |  |  |  |  |  |  |  |  |  |  | _|__
__|_                                    _|__
__|_   GGGG    RRRR    III    DDDD      _|__
__|_  G        R   R    I     D   D     _|__
__|_  G        R   R    I     D    D    _|__
__|_  G  GG    RRRR     I     D    D    _|__
__|_  G   G    R  R     I     D   D     _|__
__|_   GGGG    R   R   III    DDDD      _|__
__|_                                    _|__
__|__|__|__|__|__|__|__|__|__|__|__|__|__|__
__|__|__|__|__|__|__|__|__|__|__|__|__|__|__
  |  |  |  |  |  |  |  |  |  |  |  |  |  |  


Copyright (C) 2015 Peter Boyle, Azusa Yamaguchi, Guido Cossu, Antonin Portelli and other authors

This program is free software; you can redistribute it and/or modify
it under the terms of the GNU General Public License as published by
the Free Software Foundation; either version 2 of the License, or
(at your option) any later version.

This program is distributed in the hope that it will be useful,
but WITHOUT ANY WARRANTY; without even the implied warranty of
MERCHANTABILITY or FITNESS FOR A PARTICULAR PURPOSE.  See the
GNU General Public License for more details.
Current Grid git commit hash=82d411ca7bb8ec4a5b5c3815df23674cfd291070: (HEAD -> develop, origin/develop, origin/HEAD) clean

Grid : Message : ================================================ 
Grid : Message : MPI is initialised and logging filters activated 
Grid : Message : ================================================ 
Grid : Message : This rank is running on host genoahost099.sdcc.bnl.local at local time 2026-02-27 11:53:30
Grid : Message : Requested 17179869184 byte stencil comms buffers 
Grid : Message : MemoryManager::Init() setting up
Grid : Message : MemoryManager::Init() cache pool for recent host   allocations: SMALL 8 LARGE 2 HUGE 0
Grid : Message : MemoryManager::Init() cache pool for recent device allocations: SMALL 16 LARGE 8 Huge 0
Grid : Message : MemoryManager::Init() cache pool for recent shared allocations: SMALL 16 LARGE 8 Huge 0
Grid : Message : MemoryManager::Init() Unified memory space
Sorting eigenvalues using EvalReSmall
Lattice size: [16 16 16 32]
Example_spec_kryschur: ../../Grid/communicator/SharedMemoryMPI.cc:434: static void Grid::GlobalSharedMemory::OptimalCommunicatorSharedMemory(const Coordinate&, ompi_communicator_t*&, Grid::Coordinate&): Assertion `WorldSize==Nprocessors' failed.
[genoahost099:1601379] *** Process received signal ***
[genoahost099:1601379] Signal: Aborted (6)
[genoahost099:1601379] Signal code:  (-6)
[genoahost099:1601379] [ 0] /lib64/libc.so.6(+0x3fc30)[0x14bd5763fc30]
[genoahost099:1601379] [ 1] /lib64/libc.so.6(+0x8d02c)[0x14bd5768d02c]
[genoahost099:1601379] [ 2] /lib64/libc.so.6(raise+0x16)[0x14bd5763fb86]
[genoahost099:1601379] [ 3] /lib64/libc.so.6(abort+0xd3)[0x14bd57629873]
[genoahost099:1601379] [ 4] /lib64/libc.so.6(+0x2979b)[0x14bd5762979b]
[genoahost099:1601379] [ 5] /lib64/libc.so.6(+0x388c6)[0x14bd576388c6]
[genoahost099:1601379] [ 6] /direct/sdcc+u/poare/Grid/build/examples/./Example_spec_kryschur[0x4cc206]
[genoahost099:1601379] [ 7] /direct/sdcc+u/poare/Grid/build/examples/./Example_spec_kryschur[0x4cc2f1]
[genoahost099:1601379] [ 8] /direct/sdcc+u/poare/Grid/build/examples/./Example_spec_kryschur[0x4c7e95]
[genoahost099:1601379] [ 9] /direct/sdcc+u/poare/Grid/build/examples/./Example_spec_kryschur[0x4b5f4f]
[genoahost099:1601379] [10] /direct/sdcc+u/poare/Grid/build/examples/./Example_spec_kryschur[0x41180d]
[genoahost099:1601379] [11] /lib64/libc.so.6(+0x2a610)[0x14bd5762a610]
[genoahost099:1601379] [12] /lib64/libc.so.6(__libc_start_main+0x80)[0x14bd5762a6c0]
[genoahost099:1601379] [13] /direct/sdcc+u/poare/Grid/build/examples/./Example_spec_kryschur[0x4147f5]
[genoahost099:1601379] *** End of error message ***

__|__|__|__|__|__|__|__|__|__|__|__|__|__|__
__|__|__|__|__|__|__|__|__|__|__|__|__|__|__
__|_ |  |  |  |  |  |  |  |  |  |  |  | _|__
__|_                                    _|__
__|_   GGGG    RRRR    III    DDDD      _|__
__|_  G        R   R    I     D   D     _|__
__|_  G        R   R    I     D    D    _|__
__|_  G  GG    RRRR     I     D    D    _|__
__|_  G   G    R  R     I     D   D     _|__
__|_   GGGG    R   R   III    DDDD      _|__
__|_                                    _|__
__|__|__|__|__|__|__|__|__|__|__|__|__|__|__
__|__|__|__|__|__|__|__|__|__|__|__|__|__|__
  |  |  |  |  |  |  |  |  |  |  |  |  |  |  


Copyright (C) 2015 Peter Boyle, Azusa Yamaguchi, Guido Cossu, Antonin Portelli and other authors

This program is free software; you can redistribute it and/or modify
it under the terms of the GNU General Public License as published by
the Free Software Foundation; either version 2 of the License, or
(at your option) any later version.

This program is distributed in the hope that it will be useful,
but WITHOUT ANY WARRANTY; without even the implied warranty of
MERCHANTABILITY or FITNESS FOR A PARTICULAR PURPOSE.  See the
GNU General Public License for more details.
Current Grid git commit hash=82d411ca7bb8ec4a5b5c3815df23674cfd291070: (HEAD -> develop, origin/develop, origin/HEAD) clean

Grid : Message : ================================================ 
Grid : Message : MPI is initialised and logging filters activated 
Grid : Message : ================================================ 
Grid : Message : This rank is running on host genoahost099.sdcc.bnl.local at local time 2026-02-27 11:53:30
Grid : Message : Requested 17179869184 byte stencil comms buffers 
Grid : Message : MemoryManager::Init() setting up
Grid : Message : MemoryManager::Init() cache pool for recent host   allocations: SMALL 8 LARGE 2 HUGE 0
Grid : Message : MemoryManager::Init() cache pool for recent device allocations: SMALL 16 LARGE 8 Huge 0
Grid : Message : MemoryManager::Init() cache pool for recent shared allocations: SMALL 16 LARGE 8 Huge 0
Grid : Message : MemoryManager::Init() Unified memory space
Sorting eigenvalues using EvalReSmall
Lattice size: [16 16 16 32]
Example_spec_kryschur: ../../Grid/communicator/SharedMemoryMPI.cc:434: static void Grid::GlobalSharedMemory::OptimalCommunicatorSharedMemory(const Coordinate&, ompi_communicator_t*&, Grid::Coordinate&): Assertion `WorldSize==Nprocessors' failed.
[genoahost099:1601373] *** Process received signal ***
[genoahost099:1601373] Signal: Aborted (6)
[genoahost099:1601373] Signal code:  (-6)
[genoahost099:1601373] [ 0] /lib64/libc.so.6(+0x3fc30)[0x14ad9123fc30]
[genoahost099:1601373] [ 1] /lib64/libc.so.6(+0x8d02c)[0x14ad9128d02c]
[genoahost099:1601373] [ 2] /lib64/libc.so.6(raise+0x16)[0x14ad9123fb86]
[genoahost099:1601373] [ 3] /lib64/libc.so.6(abort+0xd3)[0x14ad91229873]
[genoahost099:1601373] [ 4] /lib64/libc.so.6(+0x2979b)[0x14ad9122979b]
[genoahost099:1601373] [ 5] /lib64/libc.so.6(+0x388c6)[0x14ad912388c6]
[genoahost099:1601373] [ 6] /direct/sdcc+u/poare/Grid/build/examples/./Example_spec_kryschur[0x4cc206]
[genoahost099:1601373] [ 7] /direct/sdcc+u/poare/Grid/build/examples/./Example_spec_kryschur[0x4cc2f1]
[genoahost099:1601373] [ 8] /direct/sdcc+u/poare/Grid/build/examples/./Example_spec_kryschur[0x4c7e95]
[genoahost099:1601373] [ 9] /direct/sdcc+u/poare/Grid/build/examples/./Example_spec_kryschur[0x4b5f4f]
[genoahost099:1601373] [10] /direct/sdcc+u/poare/Grid/build/examples/./Example_spec_kryschur[0x41180d]
[genoahost099:1601373] [11] /lib64/libc.so.6(+0x2a610)[0x14ad9122a610]
[genoahost099:1601373] [12] /lib64/libc.so.6(__libc_start_main+0x80)[0x14ad9122a6c0]
[genoahost099:1601373] [13] /direct/sdcc+u/poare/Grid/build/examples/./Example_spec_kryschur[0x4147f5]
[genoahost099:1601373] *** End of error message ***

__|__|__|__|__|__|__|__|__|__|__|__|__|__|__
__|__|__|__|__|__|__|__|__|__|__|__|__|__|__
__|_ |  |  |  |  |  |  |  |  |  |  |  | _|__
__|_                                    _|__
__|_   GGGG    RRRR    III    DDDD      _|__
__|_  G        R   R    I     D   D     _|__
__|_  G        R   R    I     D    D    _|__
__|_  G  GG    RRRR     I     D    D    _|__
__|_  G   G    R  R     I     D   D     _|__
__|_   GGGG    R   R   III    DDDD      _|__
__|_                                    _|__
__|__|__|__|__|__|__|__|__|__|__|__|__|__|__
__|__|__|__|__|__|__|__|__|__|__|__|__|__|__
  |  |  |  |  |  |  |  |  |  |  |  |  |  |  


Copyright (C) 2015 Peter Boyle, Azusa Yamaguchi, Guido Cossu, Antonin Portelli and other authors

This program is free software; you can redistribute it and/or modify
it under the terms of the GNU General Public License as published by
the Free Software Foundation; either version 2 of the License, or
(at your option) any later version.

This program is distributed in the hope that it will be useful,
but WITHOUT ANY WARRANTY; without even the implied warranty of
MERCHANTABILITY or FITNESS FOR A PARTICULAR PURPOSE.  See the
GNU General Public License for more details.
Current Grid git commit hash=82d411ca7bb8ec4a5b5c3815df23674cfd291070: (HEAD -> develop, origin/develop, origin/HEAD) clean

Grid : Message : ================================================ 
Grid : Message : MPI is initialised and logging filters activated 
Grid : Message : ================================================ 
Grid : Message : This rank is running on host genoahost101.sdcc.bnl.local at local time 2026-02-27 11:53:31
Grid : Message : Requested 17179869184 byte stencil comms buffers 
Grid : Message : MemoryManager::Init() setting up
Grid : Message : MemoryManager::Init() cache pool for recent host   allocations: SMALL 8 LARGE 2 HUGE 0
Grid : Message : MemoryManager::Init() cache pool for recent device allocations: SMALL 16 LARGE 8 Huge 0
Grid : Message : MemoryManager::Init() cache pool for recent shared allocations: SMALL 16 LARGE 8 Huge 0
Grid : Message : MemoryManager::Init() Unified memory space
Sorting eigenvalues using EvalReSmall
Lattice size: [16 16 16 32]
Example_spec_kryschur: ../../Grid/communicator/SharedMemoryMPI.cc:434: static void Grid::GlobalSharedMemory::OptimalCommunicatorSharedMemory(const Coordinate&, ompi_communicator_t*&, Grid::Coordinate&): Assertion `WorldSize==Nprocessors' failed.
[genoahost101:1139380] *** Process received signal ***
[genoahost101:1139380] Signal: Aborted (6)
[genoahost101:1139380] Signal code:  (-6)
[genoahost101:1139380] [ 0] /lib64/libc.so.6(+0x3fc30)[0x1497f443fc30]
[genoahost101:1139380] [ 1] /lib64/libc.so.6(+0x8d02c)[0x1497f448d02c]
[genoahost101:1139380] [ 2] /lib64/libc.so.6(raise+0x16)[0x1497f443fb86]
[genoahost101:1139380] [ 3] /lib64/libc.so.6(abort+0xd3)[0x1497f4429873]
[genoahost101:1139380] [ 4] /lib64/libc.so.6(+0x2979b)[0x1497f442979b]
[genoahost101:1139380] [ 5] /lib64/libc.so.6(+0x388c6)[0x1497f44388c6]
[genoahost101:1139380] [ 6] /direct/sdcc+u/poare/Grid/build/examples/./Example_spec_kryschur[0x4cc206]
[genoahost101:1139380] [ 7] /direct/sdcc+u/poare/Grid/build/examples/./Example_spec_kryschur[0x4cc2f1]
[genoahost101:1139380] [ 8] /direct/sdcc+u/poare/Grid/build/examples/./Example_spec_kryschur[0x4c7e95]
[genoahost101:1139380] [ 9] /direct/sdcc+u/poare/Grid/build/examples/./Example_spec_kryschur[0x4b5f4f]
[genoahost101:1139380] [10] /direct/sdcc+u/poare/Grid/build/examples/./Example_spec_kryschur[0x41180d]
[genoahost101:1139380] [11] /lib64/libc.so.6(+0x2a610)[0x1497f442a610]
[genoahost101:1139380] [12] /lib64/libc.so.6(__libc_start_main+0x80)[0x1497f442a6c0]
[genoahost101:1139380] [13] /direct/sdcc+u/poare/Grid/build/examples/./Example_spec_kryschur[0x4147f5]
[genoahost101:1139380] *** End of error message ***

__|__|__|__|__|__|__|__|__|__|__|__|__|__|__
__|__|__|__|__|__|__|__|__|__|__|__|__|__|__
__|_ |  |  |  |  |  |  |  |  |  |  |  | _|__
__|_                                    _|__
__|_   GGGG    RRRR    III    DDDD      _|__
__|_  G        R   R    I     D   D     _|__
__|_  G        R   R    I     D    D    _|__
__|_  G  GG    RRRR     I     D    D    _|__
__|_  G   G    R  R     I     D   D     _|__
__|_   GGGG    R   R   III    DDDD      _|__
__|_                                    _|__
__|__|__|__|__|__|__|__|__|__|__|__|__|__|__
__|__|__|__|__|__|__|__|__|__|__|__|__|__|__
  |  |  |  |  |  |  |  |  |  |  |  |  |  |  


Copyright (C) 2015 Peter Boyle, Azusa Yamaguchi, Guido Cossu, Antonin Portelli and other authors

This program is free software; you can redistribute it and/or modify
it under the terms of the GNU General Public License as published by
the Free Software Foundation; either version 2 of the License, or
(at your option) any later version.

This program is distributed in the hope that it will be useful,
but WITHOUT ANY WARRANTY; without even the implied warranty of
MERCHANTABILITY or FITNESS FOR A PARTICULAR PURPOSE.  See the
GNU General Public License for more details.
Current Grid git commit hash=82d411ca7bb8ec4a5b5c3815df23674cfd291070: (HEAD -> develop, origin/develop, origin/HEAD) clean

Grid : Message : ================================================ 
Grid : Message : MPI is initialised and logging filters activated 
Grid : Message : ================================================ 
Grid : Message : This rank is running on host genoahost101.sdcc.bnl.local at local time 2026-02-27 11:53:31
Grid : Message : Requested 17179869184 byte stencil comms buffers 
Grid : Message : MemoryManager::Init() setting up
Grid : Message : MemoryManager::Init() cache pool for recent host   allocations: SMALL 8 LARGE 2 HUGE 0
Grid : Message : MemoryManager::Init() cache pool for recent device allocations: SMALL 16 LARGE 8 Huge 0
Grid : Message : MemoryManager::Init() cache pool for recent shared allocations: SMALL 16 LARGE 8 Huge 0
Grid : Message : MemoryManager::Init() Unified memory space
Sorting eigenvalues using EvalReSmall
Lattice size: [16 16 16 32]
Example_spec_kryschur: ../../Grid/communicator/SharedMemoryMPI.cc:434: static void Grid::GlobalSharedMemory::OptimalCommunicatorSharedMemory(const Coordinate&, ompi_communicator_t*&, Grid::Coordinate&): Assertion `WorldSize==Nprocessors' failed.
[genoahost101:1139377] *** Process received signal ***
[genoahost101:1139377] Signal: Aborted (6)
[genoahost101:1139377] Signal code:  (-6)

__|__|__|__|__|__|__|__|__|__|__|__|__|__|__
__|__|__|__|__|__|__|__|__|__|__|__|__|__|__
__|_ |  |  |  |  |  |  |  |  |  |  |  | _|__
__|_                                    _|__
__|_   GGGG    RRRR    III    DDDD      _|__
__|_  G        R   R    I     D   D     _|__
__|_  G        R   R    I     D    D    _|__
__|_  G  GG    RRRR     I     D    D    _|__
__|_  G   G    R  R     I     D   D     _|__
__|_   GGGG    R   R   III    DDDD      _|__
__|_                                    _|__
__|__|__|__|__|__|__|__|__|__|__|__|__|__|__
__|__|__|__|__|__|__|__|__|__|__|__|__|__|__
  |  |  |  |  |  |  |  |  |  |  |  |  |  |  


Copyright (C) 2015 Peter Boyle, Azusa Yamaguchi, Guido Cossu, Antonin Portelli and other authors

This program is free software; you can redistribute it and/or modify
it under the terms of the GNU General Public License as published by
the Free Software Foundation; either version 2 of the License, or
(at your option) any later version.


__|__|__|__|__|__|__|__|__|__|__|__|__|__|__
__|__|__|__|__|__|__|__|__|__|__|__|__|__|__
__|_ |  |  |  |  |  |  |  |  |  |  |  | _|__
__|_                                    _|__
__|_   GGGG    RRRR    III    DDDD      _|__
__|_  G        R   R    I     D   D     _|__
__|_  G        R   R    I     D    D    _|__
__|_  G  GG    RRRR     I     D    D    _|__
__|_  G   G    R  R     I     D   D     _|__
__|_   GGGG    R   R   III    DDDD      _|__
__|_                                    _|__
__|__|__|__|__|__|__|__|__|__|__|__|__|__|__
__|__|__|__|__|__|__|__|__|__|__|__|__|__|__
  |  |  |  |  |  |  |  |  |  |  |  |  |  |  
This program is distributed in the hope that it will be useful,
but WITHOUT ANY WARRANTY; without even the implied warranty of
MERCHANTABILITY or FITNESS FOR A PARTICULAR PURPOSE.  See the
GNU General Public License for more details.
Current Grid git commit hash=82d411ca7bb8ec4a5b5c3815df23674cfd291070: (HEAD -> develop, origin/develop, origin/HEAD) clean

Grid : Message : ================================================ 
Grid : Message : MPI is initialised and logging filters activated 
Grid : Message : ================================================ 


Copyright (C) 2015 Peter Boyle, Azusa Yamaguchi, Guido Cossu, Antonin Portelli and other authors

This program is free software; you can redistribute it and/or modify
it under the terms of the GNU General Public License as published by
the Free Software Foundation; either version 2 of the License, or
(at your option) any later version.

This program is distributed in the hope that it will be useful,
but WITHOUT ANY WARRANTY; without even the implied warranty of
MERCHANTABILITY or FITNESS FOR A PARTICULAR PURPOSE.  See the
GNU General Public License for more details.
Current Grid git commit hash=82d411ca7bb8ec4a5b5c3815df23674cfd291070: (HEAD -> develop, origin/develop, origin/HEAD) clean

[genoahost101:1139377] [ 0] /lib64/libc.so.6(+0x3fc30)[0x1457ab03fc30]
Grid : Message : This rank is running on host genoahost098.sdcc.bnl.local at local time 2026-02-27 11:53:31
Grid : Message : Requested 17179869184 byte stencil comms buffers 
Grid : Message : MemoryManager::Init() setting up
[genoahost101:1139377] [ 1] /lib64/libc.so.6(+0x8d02c)[0x1457ab08d02c]
Grid : Message : ================================================ 
Grid : Message : MPI is initialised and logging filters activated 
Grid : Message : ================================================ 
[genoahost101:1139377] [ 2] /lib64/libc.so.6(raise+0x16)[0x1457ab03fb86]
Grid : Message : MemoryManager::Init() cache pool for recent host   allocations: SMALL 8 LARGE 2 HUGE 0
Grid : Message : MemoryManager::Init() cache pool for recent device allocations: SMALL 16 LARGE 8 Huge 0
Grid : Message : MemoryManager::Init() cache pool for recent shared allocations: SMALL 16 LARGE 8 Huge 0
Grid : Message : MemoryManager::Init() Unified memory space
[genoahost101:1139377] [ 3] /lib64/libc.so.6(abort+0xd3)[0x1457ab029873]
Grid : Message : This rank is running on host genoahost099.sdcc.bnl.local at local time 2026-02-27 11:53:31
[genoahost101:1139377] [ 4] /lib64/libc.so.6(+0x2979b)[0x1457ab02979b]
[genoahost101:1139377] [ 5] /lib64/libc.so.6(+0x388c6)[0x1457ab0388c6]
Grid : Message : Requested 17179869184 byte stencil comms buffers 
Grid : Message : MemoryManager::Init() setting up
Grid : Message : MemoryManager::Init() cache pool for recent host   allocations: SMALL 8 LARGE 2 HUGE 0
Grid : Message : MemoryManager::Init() cache pool for recent device allocations: SMALL 16 LARGE 8 Huge 0
Grid : Message : MemoryManager::Init() cache pool for recent shared allocations: SMALL 16 LARGE 8 Huge 0
Grid : Message : MemoryManager::Init() Unified memory space
[genoahost101:1139377] [ 6] /direct/sdcc+u/poare/Grid/build/examples/./Example_spec_kryschur[0x4cc206]
[genoahost101:1139377] [ 7] /direct/sdcc+u/poare/Grid/build/examples/./Example_spec_kryschur[0x4cc2f1]
[genoahost101:1139377] [ 8] /direct/sdcc+u/poare/Grid/build/examples/./Example_spec_kryschur[0x4c7e95]
[genoahost101:1139377] [ 9] /direct/sdcc+u/poare/Grid/build/examples/./Example_spec_kryschur[0x4b5f4f]
[genoahost101:1139377] [10] /direct/sdcc+u/poare/Grid/build/examples/./Example_spec_kryschur[0x41180d]
[genoahost101:1139377] [11] /lib64/libc.so.6(+0x2a610)[0x1457ab02a610]
Sorting eigenvalues using EvalReSmall
Lattice size: [16 16 16 32]
[genoahost101:1139377] [12] /lib64/libc.so.6(__libc_start_main+0x80)[0x1457ab02a6c0]
[genoahost101:1139377] [13] /direct/sdcc+u/poare/Grid/build/examples/./Example_spec_kryschur[0x4147f5]
[genoahost101:1139377] *** End of error message ***
Example_spec_kryschur: ../../Grid/communicator/SharedMemoryMPI.cc:434: static void Grid::GlobalSharedMemory::OptimalCommunicatorSharedMemory(const Coordinate&, ompi_communicator_t*&, Grid::Coordinate&): Assertion `WorldSize==Nprocessors' failed.
[genoahost098:1621597] *** Process received signal ***
[genoahost098:1621597] Signal: Aborted (6)
[genoahost098:1621597] Signal code:  (-6)
Sorting eigenvalues using EvalReSmall
Lattice size: [16 16 16 32]
Example_spec_kryschur: ../../Grid/communicator/SharedMemoryMPI.cc:434: static void Grid::GlobalSharedMemory::OptimalCommunicatorSharedMemory(const Coordinate&, ompi_communicator_t*&, Grid::Coordinate&): Assertion `WorldSize==Nprocessors' failed.
[genoahost099:1601364] *** Process received signal ***
[genoahost099:1601364] Signal: Aborted (6)
[genoahost099:1601364] Signal code:  (-6)
[genoahost098:1621597] [ 0] /lib64/libc.so.6(+0x3fc30)[0x1550e3c3fc30]
[genoahost098:1621597] [ 1] /lib64/libc.so.6(+0x8d02c)[0x1550e3c8d02c]
[genoahost098:1621597] [ 2] /lib64/libc.so.6(raise+0x16)[0x1550e3c3fb86]
[genoahost098:1621597] [ 3] /lib64/libc.so.6(abort+0xd3)[0x1550e3c29873]
[genoahost098:1621597] [ 4] /lib64/libc.so.6(+0x2979b)[0x1550e3c2979b]
[genoahost099:1601364] [ 0] /lib64/libc.so.6(+0x3fc30)[0x14d86623fc30]
[genoahost098:1621597] [ 5] /lib64/libc.so.6(+0x388c6)[0x1550e3c388c6]
[genoahost098:1621597] [ 6] /direct/sdcc+u/poare/Grid/build/examples/./Example_spec_kryschur[0x4cc206]
[genoahost098:1621597] [ 7] /direct/sdcc+u/poare/Grid/build/examples/./Example_spec_kryschur[0x4cc2f1]
[genoahost099:1601364] [ 1] /lib64/libc.so.6(+0x8d02c)[0x14d86628d02c]
[genoahost098:1621597] [ 8] /direct/sdcc+u/poare/Grid/build/examples/./Example_spec_kryschur[0x4c7e95]
[genoahost098:1621597] [ 9] /direct/sdcc+u/poare/Grid/build/examples/./Example_spec_kryschur[0x4b5f4f]
[genoahost099:1601364] [ 2] /lib64/libc.so.6(raise+0x16)[0x14d86623fb86]
[genoahost098:1621597] [10] /direct/sdcc+u/poare/Grid/build/examples/./Example_spec_kryschur[0x41180d]
[genoahost098:1621597] [11] /lib64/libc.so.6(+0x2a610)[0x1550e3c2a610]
[genoahost099:1601364] [ 3] /lib64/libc.so.6(abort+0xd3)[0x14d866229873]
[genoahost098:1621597] [12] /lib64/libc.so.6(__libc_start_main+0x80)[0x1550e3c2a6c0]
[genoahost098:1621597] [13] /direct/sdcc+u/poare/Grid/build/examples/./Example_spec_kryschur[0x4147f5]
[genoahost099:1601364] [ 4] /lib64/libc.so.6(+0x2979b)[0x14d86622979b]
[genoahost098:1621597] *** End of error message ***
[genoahost099:1601364] [ 5] /lib64/libc.so.6(+0x388c6)[0x14d8662388c6]
[genoahost099:1601364] [ 6] /direct/sdcc+u/poare/Grid/build/examples/./Example_spec_kryschur[0x4cc206]
[genoahost099:1601364] [ 7] /direct/sdcc+u/poare/Grid/build/examples/./Example_spec_kryschur[0x4cc2f1]
[genoahost099:1601364] [ 8] /direct/sdcc+u/poare/Grid/build/examples/./Example_spec_kryschur[0x4c7e95]
[genoahost099:1601364] [ 9] /direct/sdcc+u/poare/Grid/build/examples/./Example_spec_kryschur[0x4b5f4f]
[genoahost099:1601364] [10] /direct/sdcc+u/poare/Grid/build/examples/./Example_spec_kryschur[0x41180d]
[genoahost099:1601364] [11] /lib64/libc.so.6(+0x2a610)[0x14d86622a610]
[genoahost099:1601364] [12] /lib64/libc.so.6(__libc_start_main+0x80)[0x14d86622a6c0]
[genoahost099:1601364] [13] /direct/sdcc+u/poare/Grid/build/examples/./Example_spec_kryschur[0x4147f5]
[genoahost099:1601364] *** End of error message ***

__|__|__|__|__|__|__|__|__|__|__|__|__|__|__
__|__|__|__|__|__|__|__|__|__|__|__|__|__|__
__|_ |  |  |  |  |  |  |  |  |  |  |  | _|__
__|_                                    _|__
__|_   GGGG    RRRR    III    DDDD      _|__
__|_  G        R   R    I     D   D     _|__
__|_  G        R   R    I     D    D    _|__
__|_  G  GG    RRRR     I     D    D    _|__
__|_  G   G    R  R     I     D   D     _|__
__|_   GGGG    R   R   III    DDDD      _|__
__|_                                    _|__
__|__|__|__|__|__|__|__|__|__|__|__|__|__|__
__|__|__|__|__|__|__|__|__|__|__|__|__|__|__
  |  |  |  |  |  |  |  |  |  |  |  |  |  |  


Copyright (C) 2015 Peter Boyle, Azusa Yamaguchi, Guido Cossu, Antonin Portelli and other authors

This program is free software; you can redistribute it and/or modify
it under the terms of the GNU General Public License as published by
the Free Software Foundation; either version 2 of the License, or
(at your option) any later version.

This program is distributed in the hope that it will be useful,
but WITHOUT ANY WARRANTY; without even the implied warranty of
MERCHANTABILITY or FITNESS FOR A PARTICULAR PURPOSE.  See the
GNU General Public License for more details.
Current Grid git commit hash=82d411ca7bb8ec4a5b5c3815df23674cfd291070: (HEAD -> develop, origin/develop, origin/HEAD) clean

Grid : Message : ================================================ 
Grid : Message : MPI is initialised and logging filters activated 
Grid : Message : ================================================ 
Grid : Message : This rank is running on host genoahost098.sdcc.bnl.local at local time 2026-02-27 11:53:31
Grid : Message : Requested 17179869184 byte stencil comms buffers 
Grid : Message : MemoryManager::Init() setting up
Grid : Message : MemoryManager::Init() cache pool for recent host   allocations: SMALL 8 LARGE 2 HUGE 0
Grid : Message : MemoryManager::Init() cache pool for recent device allocations: SMALL 16 LARGE 8 Huge 0
Grid : Message : MemoryManager::Init() cache pool for recent shared allocations: SMALL 16 LARGE 8 Huge 0
Grid : Message : MemoryManager::Init() Unified memory space
Sorting eigenvalues using EvalReSmall
Lattice size: [16 16 16 32]
Example_spec_kryschur: ../../Grid/communicator/SharedMemoryMPI.cc:434: static void Grid::GlobalSharedMemory::OptimalCommunicatorSharedMemory(const Coordinate&, ompi_communicator_t*&, Grid::Coordinate&): Assertion `WorldSize==Nprocessors' failed.
[genoahost098:1621609] *** Process received signal ***
[genoahost098:1621609] Signal: Aborted (6)
[genoahost098:1621609] Signal code:  (-6)
[genoahost098:1621609] [ 0] /lib64/libc.so.6(+0x3fc30)[0x15072623fc30]
[genoahost098:1621609] [ 1] /lib64/libc.so.6(+0x8d02c)[0x15072628d02c]
[genoahost098:1621609] [ 2] /lib64/libc.so.6(raise+0x16)[0x15072623fb86]
[genoahost098:1621609] [ 3] /lib64/libc.so.6(abort+0xd3)[0x150726229873]
[genoahost098:1621609] [ 4] /lib64/libc.so.6(+0x2979b)[0x15072622979b]
[genoahost098:1621609] [ 5] /lib64/libc.so.6(+0x388c6)[0x1507262388c6]
[genoahost098:1621609] [ 6] /direct/sdcc+u/poare/Grid/build/examples/./Example_spec_kryschur[0x4cc206]
[genoahost098:1621609] [ 7] /direct/sdcc+u/poare/Grid/build/examples/./Example_spec_kryschur[0x4cc2f1]
[genoahost098:1621609] [ 8] /direct/sdcc+u/poare/Grid/build/examples/./Example_spec_kryschur[0x4c7e95]
[genoahost098:1621609] [ 9] /direct/sdcc+u/poare/Grid/build/examples/./Example_spec_kryschur[0x4b5f4f]
[genoahost098:1621609] [10] /direct/sdcc+u/poare/Grid/build/examples/./Example_spec_kryschur[0x41180d]
[genoahost098:1621609] [11] /lib64/libc.so.6(+0x2a610)[0x15072622a610]
[genoahost098:1621609] [12] /lib64/libc.so.6(__libc_start_main+0x80)[0x15072622a6c0]
[genoahost098:1621609] [13] /direct/sdcc+u/poare/Grid/build/examples/./Example_spec_kryschur[0x4147f5]
[genoahost098:1621609] *** End of error message ***

__|__|__|__|__|__|__|__|__|__|__|__|__|__|__
__|__|__|__|__|__|__|__|__|__|__|__|__|__|__
__|_ |  |  |  |  |  |  |  |  |  |  |  | _|__
__|_                                    _|__
__|_   GGGG    RRRR    III    DDDD      _|__
__|_  G        R   R    I     D   D     _|__
__|_  G        R   R    I     D    D    _|__
__|_  G  GG    RRRR     I     D    D    _|__
__|_  G   G    R  R     I     D   D     _|__
__|_   GGGG    R   R   III    DDDD      _|__
__|_                                    _|__
__|__|__|__|__|__|__|__|__|__|__|__|__|__|__
__|__|__|__|__|__|__|__|__|__|__|__|__|__|__
  |  |  |  |  |  |  |  |  |  |  |  |  |  |  


Copyright (C) 2015 Peter Boyle, Azusa Yamaguchi, Guido Cossu, Antonin Portelli and other authors

This program is free software; you can redistribute it and/or modify
it under the terms of the GNU General Public License as published by
the Free Software Foundation; either version 2 of the License, or
(at your option) any later version.

This program is distributed in the hope that it will be useful,
but WITHOUT ANY WARRANTY; without even the implied warranty of
MERCHANTABILITY or FITNESS FOR A PARTICULAR PURPOSE.  See the
GNU General Public License for more details.
Current Grid git commit hash=82d411ca7bb8ec4a5b5c3815df23674cfd291070: (HEAD -> develop, origin/develop, origin/HEAD) clean

Grid : Message : ================================================ 
Grid : Message : MPI is initialised and logging filters activated 
Grid : Message : ================================================ 
Grid : Message : This rank is running on host genoahost098.sdcc.bnl.local at local time 2026-02-27 11:53:31
Grid : Message : Requested 17179869184 byte stencil comms buffers 
Grid : Message : MemoryManager::Init() setting up
Grid : Message : MemoryManager::Init() cache pool for recent host   allocations: SMALL 8 LARGE 2 HUGE 0
Grid : Message : MemoryManager::Init() cache pool for recent device allocations: SMALL 16 LARGE 8 Huge 0
Grid : Message : MemoryManager::Init() cache pool for recent shared allocations: SMALL 16 LARGE 8 Huge 0
Grid : Message : MemoryManager::Init() Unified memory space
Sorting eigenvalues using EvalReSmall
Lattice size: [16 16 16 32]
Example_spec_kryschur: ../../Grid/communicator/SharedMemoryMPI.cc:434: static void Grid::GlobalSharedMemory::OptimalCommunicatorSharedMemory(const Coordinate&, ompi_communicator_t*&, Grid::Coordinate&): Assertion `WorldSize==Nprocessors' failed.
[genoahost098:1621602] *** Process received signal ***
[genoahost098:1621602] Signal: Aborted (6)
[genoahost098:1621602] Signal code:  (-6)
[genoahost098:1621602] [ 0] /lib64/libc.so.6(+0x3fc30)[0x14a0bd03fc30]
[genoahost098:1621602] [ 1] /lib64/libc.so.6(+0x8d02c)[0x14a0bd08d02c]
[genoahost098:1621602] [ 2] /lib64/libc.so.6(raise+0x16)[0x14a0bd03fb86]
[genoahost098:1621602] [ 3] /lib64/libc.so.6(abort+0xd3)[0x14a0bd029873]
[genoahost098:1621602] [ 4] /lib64/libc.so.6(+0x2979b)[0x14a0bd02979b]
[genoahost098:1621602] [ 5] /lib64/libc.so.6(+0x388c6)[0x14a0bd0388c6]
[genoahost098:1621602] [ 6] /direct/sdcc+u/poare/Grid/build/examples/./Example_spec_kryschur[0x4cc206]
[genoahost098:1621602] [ 7] /direct/sdcc+u/poare/Grid/build/examples/./Example_spec_kryschur[0x4cc2f1]
[genoahost098:1621602] [ 8] /direct/sdcc+u/poare/Grid/build/examples/./Example_spec_kryschur[0x4c7e95]
[genoahost098:1621602] [ 9] /direct/sdcc+u/poare/Grid/build/examples/./Example_spec_kryschur[0x4b5f4f]
[genoahost098:1621602] [10] /direct/sdcc+u/poare/Grid/build/examples/./Example_spec_kryschur[0x41180d]
[genoahost098:1621602] [11] /lib64/libc.so.6(+0x2a610)[0x14a0bd02a610]
[genoahost098:1621602] [12] /lib64/libc.so.6(__libc_start_main+0x80)[0x14a0bd02a6c0]
[genoahost098:1621602] [13] /direct/sdcc+u/poare/Grid/build/examples/./Example_spec_kryschur[0x4147f5]
[genoahost098:1621602] *** End of error message ***

__|__|__|__|__|__|__|__|__|__|__|__|__|__|__
__|__|__|__|__|__|__|__|__|__|__|__|__|__|__
__|_ |  |  |  |  |  |  |  |  |  |  |  | _|__
__|_                                    _|__
__|_   GGGG    RRRR    III    DDDD      _|__
__|_  G        R   R    I     D   D     _|__
__|_  G        R   R    I     D    D    _|__
__|_  G  GG    RRRR     I     D    D    _|__
__|_  G   G    R  R     I     D   D     _|__
__|_   GGGG    R   R   III    DDDD      _|__
__|_                                    _|__
__|__|__|__|__|__|__|__|__|__|__|__|__|__|__
__|__|__|__|__|__|__|__|__|__|__|__|__|__|__
  |  |  |  |  |  |  |  |  |  |  |  |  |  |  


Copyright (C) 2015 Peter Boyle, Azusa Yamaguchi, Guido Cossu, Antonin Portelli and other authors

This program is free software; you can redistribute it and/or modify
it under the terms of the GNU General Public License as published by
the Free Software Foundation; either version 2 of the License, or
(at your option) any later version.

This program is distributed in the hope that it will be useful,
but WITHOUT ANY WARRANTY; without even the implied warranty of
MERCHANTABILITY or FITNESS FOR A PARTICULAR PURPOSE.  See the
GNU General Public License for more details.
Current Grid git commit hash=82d411ca7bb8ec4a5b5c3815df23674cfd291070: (HEAD -> develop, origin/develop, origin/HEAD) clean

Grid : Message : ================================================ 
Grid : Message : MPI is initialised and logging filters activated 
Grid : Message : ================================================ 
Grid : Message : This rank is running on host genoahost098.sdcc.bnl.local at local time 2026-02-27 11:53:31
Grid : Message : Requested 17179869184 byte stencil comms buffers 
Grid : Message : MemoryManager::Init() setting up
Grid : Message : MemoryManager::Init() cache pool for recent host   allocations: SMALL 8 LARGE 2 HUGE 0
Grid : Message : MemoryManager::Init() cache pool for recent device allocations: SMALL 16 LARGE 8 Huge 0
Grid : Message : MemoryManager::Init() cache pool for recent shared allocations: SMALL 16 LARGE 8 Huge 0
Grid : Message : MemoryManager::Init() Unified memory space
Sorting eigenvalues using EvalReSmall
Lattice size: [16 16 16 32]
Example_spec_kryschur: ../../Grid/communicator/SharedMemoryMPI.cc:434: static void Grid::GlobalSharedMemory::OptimalCommunicatorSharedMemory(const Coordinate&, ompi_communicator_t*&, Grid::Coordinate&): Assertion `WorldSize==Nprocessors' failed.

__|__|__|__|__|__|__|__|__|__|__|__|__|__|__
__|__|__|__|__|__|__|__|__|__|__|__|__|__|__
__|_ |  |  |  |  |  |  |  |  |  |  |  | _|__
__|_                                    _|__
__|_   GGGG    RRRR    III    DDDD      _|__
__|_  G        R   R    I     D   D     _|__
__|_  G        R   R    I     D    D    _|__
__|_  G  GG    RRRR     I     D    D    _|__
__|_  G   G    R  R     I     D   D     _|__
__|_   GGGG    R   R   III    DDDD      _|__
__|_                                    _|__
__|__|__|__|__|__|__|__|__|__|__|__|__|__|__
__|__|__|__|__|__|__|__|__|__|__|__|__|__|__
  |  |  |  |  |  |  |  |  |  |  |  |  |  |  


Copyright (C) 2015 Peter Boyle, Azusa Yamaguchi, Guido Cossu, Antonin Portelli and other authors

This program is free software; you can redistribute it and/or modify
it under the terms of the GNU General Public License as published by
the Free Software Foundation; either version 2 of the License, or
(at your option) any later version.

This program is distributed in the hope that it will be useful,
but WITHOUT ANY WARRANTY; without even the implied warranty of
MERCHANTABILITY or FITNESS FOR A PARTICULAR PURPOSE.  See the
GNU General Public License for more details.
Current Grid git commit hash=82d411ca7bb8ec4a5b5c3815df23674cfd291070: (HEAD -> develop, origin/develop, origin/HEAD) clean

Grid : Message : ================================================ 
Grid : Message : MPI is initialised and logging filters activated 
Grid : Message : ================================================ 
Grid : Message : This rank is running on host genoahost099.sdcc.bnl.local at local time 2026-02-27 11:53:31
Grid : Message : Requested 17179869184 byte stencil comms buffers 
Grid : Message : MemoryManager::Init() setting up
Grid : Message : MemoryManager::Init() cache pool for recent host   allocations: SMALL 8 LARGE 2 HUGE 0
Grid : Message : MemoryManager::Init() cache pool for recent device allocations: SMALL 16 LARGE 8 Huge 0
Grid : Message : MemoryManager::Init() cache pool for recent shared allocations: SMALL 16 LARGE 8 Huge 0
Grid : Message : MemoryManager::Init() Unified memory space
Sorting eigenvalues using EvalReSmall
Lattice size: [16 16 16 32]
Example_spec_kryschur: ../../Grid/communicator/SharedMemoryMPI.cc:434: static void Grid::GlobalSharedMemory::OptimalCommunicatorSharedMemory(const Coordinate&, ompi_communicator_t*&, Grid::Coordinate&): Assertion `WorldSize==Nprocessors' failed.
[genoahost099:1601370] *** Process received signal ***
[genoahost099:1601370] Signal: Aborted (6)
[genoahost099:1601370] Signal code:  (-6)
[genoahost099:1601370] [ 0] /lib64/libc.so.6(+0x3fc30)[0x14c5cac3fc30]
[genoahost099:1601370] [ 1] /lib64/libc.so.6(+0x8d02c)[0x14c5cac8d02c]
[genoahost099:1601370] [ 2] /lib64/libc.so.6(raise+0x16)[0x14c5cac3fb86]
[genoahost099:1601370] [ 3] /lib64/libc.so.6(abort+0xd3)[0x14c5cac29873]
[genoahost099:1601370] [ 4] /lib64/libc.so.6(+0x2979b)[0x14c5cac2979b]
[genoahost099:1601370] [ 5] /lib64/libc.so.6(+0x388c6)[0x14c5cac388c6]
[genoahost099:1601370] [ 6] /direct/sdcc+u/poare/Grid/build/examples/./Example_spec_kryschur[0x4cc206]
[genoahost099:1601370] [ 7] /direct/sdcc+u/poare/Grid/build/examples/./Example_spec_kryschur[0x4cc2f1]
[genoahost099:1601370] [ 8] /direct/sdcc+u/poare/Grid/build/examples/./Example_spec_kryschur[0x4c7e95]
[genoahost099:1601370] [ 9] /direct/sdcc+u/poare/Grid/build/examples/./Example_spec_kryschur[0x4b5f4f]
[genoahost099:1601370] [10] /direct/sdcc+u/poare/Grid/build/examples/./Example_spec_kryschur[0x41180d]
[genoahost099:1601370] [11] /lib64/libc.so.6(+0x2a610)[0x14c5cac2a610]
[genoahost099:1601370] [12] /lib64/libc.so.6(__libc_start_main+0x80)[0x14c5cac2a6c0]
[genoahost099:1601370] [13] /direct/sdcc+u/poare/Grid/build/examples/./Example_spec_kryschur[0x4147f5]
[genoahost099:1601370] *** End of error message ***
[genoahost098:1621605] *** Process received signal ***
[genoahost098:1621605] Signal: Aborted (6)
[genoahost098:1621605] Signal code:  (-6)
[genoahost098:1621605] [ 0] /lib64/libc.so.6(+0x3fc30)[0x1544c9c3fc30]
[genoahost098:1621605] [ 1] /lib64/libc.so.6(+0x8d02c)[0x1544c9c8d02c]
[genoahost098:1621605] [ 2] /lib64/libc.so.6(raise+0x16)[0x1544c9c3fb86]
[genoahost098:1621605] [ 3] /lib64/libc.so.6(abort+0xd3)[0x1544c9c29873]
[genoahost098:1621605] [ 4] /lib64/libc.so.6(+0x2979b)[0x1544c9c2979b]
[genoahost098:1621605] [ 5] /lib64/libc.so.6(+0x388c6)[0x1544c9c388c6]
[genoahost098:1621605] [ 6] /direct/sdcc+u/poare/Grid/build/examples/./Example_spec_kryschur[0x4cc206]
[genoahost098:1621605] [ 7] /direct/sdcc+u/poare/Grid/build/examples/./Example_spec_kryschur[0x4cc2f1]
[genoahost098:1621605] [ 8] /direct/sdcc+u/poare/Grid/build/examples/./Example_spec_kryschur[0x4c7e95]
[genoahost098:1621605] [ 9] /direct/sdcc+u/poare/Grid/build/examples/./Example_spec_kryschur[0x4b5f4f]
[genoahost098:1621605] [10] /direct/sdcc+u/poare/Grid/build/examples/./Example_spec_kryschur[0x41180d]
[genoahost098:1621605] [11] /lib64/libc.so.6(+0x2a610)[0x1544c9c2a610]
[genoahost098:1621605] [12] /lib64/libc.so.6(__libc_start_main+0x80)[0x1544c9c2a6c0]
[genoahost098:1621605] [13] /direct/sdcc+u/poare/Grid/build/examples/./Example_spec_kryschur[0x4147f5]
[genoahost098:1621605] *** End of error message ***

__|__|__|__|__|__|__|__|__|__|__|__|__|__|__
__|__|__|__|__|__|__|__|__|__|__|__|__|__|__
__|_ |  |  |  |  |  |  |  |  |  |  |  | _|__
__|_                                    _|__
__|_   GGGG    RRRR    III    DDDD      _|__
__|_  G        R   R    I     D   D     _|__
__|_  G        R   R    I     D    D    _|__
__|_  G  GG    RRRR     I     D    D    _|__
__|_  G   G    R  R     I     D   D     _|__
__|_   GGGG    R   R   III    DDDD      _|__
__|_                                    _|__
__|__|__|__|__|__|__|__|__|__|__|__|__|__|__
__|__|__|__|__|__|__|__|__|__|__|__|__|__|__
  |  |  |  |  |  |  |  |  |  |  |  |  |  |  


Copyright (C) 2015 Peter Boyle, Azusa Yamaguchi, Guido Cossu, Antonin Portelli and other authors

This program is free software; you can redistribute it and/or modify
it under the terms of the GNU General Public License as published by
the Free Software Foundation; either version 2 of the License, or
(at your option) any later version.

This program is distributed in the hope that it will be useful,
but WITHOUT ANY WARRANTY; without even the implied warranty of
MERCHANTABILITY or FITNESS FOR A PARTICULAR PURPOSE.  See the
GNU General Public License for more details.
Current Grid git commit hash=82d411ca7bb8ec4a5b5c3815df23674cfd291070: (HEAD -> develop, origin/develop, origin/HEAD) clean

Grid : Message : ================================================ 
Grid : Message : MPI is initialised and logging filters activated 
Grid : Message : ================================================ 
Grid : Message : This rank is running on host genoahost099.sdcc.bnl.local at local time 2026-02-27 11:53:31
Grid : Message : Requested 17179869184 byte stencil comms buffers 
Grid : Message : MemoryManager::Init() setting up
Grid : Message : MemoryManager::Init() cache pool for recent host   allocations: SMALL 8 LARGE 2 HUGE 0
Grid : Message : MemoryManager::Init() cache pool for recent device allocations: SMALL 16 LARGE 8 Huge 0
Grid : Message : MemoryManager::Init() cache pool for recent shared allocations: SMALL 16 LARGE 8 Huge 0
Grid : Message : MemoryManager::Init() Unified memory space
Sorting eigenvalues using EvalReSmall
Lattice size: [16 16 16 32]
Example_spec_kryschur: ../../Grid/communicator/SharedMemoryMPI.cc:434: static void Grid::GlobalSharedMemory::OptimalCommunicatorSharedMemory(const Coordinate&, ompi_communicator_t*&, Grid::Coordinate&): Assertion `WorldSize==Nprocessors' failed.
[genoahost099:1601365] *** Process received signal ***
[genoahost099:1601365] Signal: Aborted (6)
[genoahost099:1601365] Signal code:  (-6)
[genoahost099:1601365] [ 0] /lib64/libc.so.6(+0x3fc30)[0x151d7363fc30]
[genoahost099:1601365] [ 1] /lib64/libc.so.6(+0x8d02c)[0x151d7368d02c]
[genoahost099:1601365] [ 2] /lib64/libc.so.6(raise+0x16)[0x151d7363fb86]
[genoahost099:1601365] [ 3] /lib64/libc.so.6(abort+0xd3)[0x151d73629873]
[genoahost099:1601365] [ 4] /lib64/libc.so.6(+0x2979b)[0x151d7362979b]
[genoahost099:1601365] [ 5] /lib64/libc.so.6(+0x388c6)[0x151d736388c6]
[genoahost099:1601365] [ 6] /direct/sdcc+u/poare/Grid/build/examples/./Example_spec_kryschur[0x4cc206]
[genoahost099:1601365] [ 7] /direct/sdcc+u/poare/Grid/build/examples/./Example_spec_kryschur[0x4cc2f1]
[genoahost099:1601365] [ 8] /direct/sdcc+u/poare/Grid/build/examples/./Example_spec_kryschur[0x4c7e95]
[genoahost099:1601365] [ 9] /direct/sdcc+u/poare/Grid/build/examples/./Example_spec_kryschur[0x4b5f4f]
[genoahost099:1601365] [10] /direct/sdcc+u/poare/Grid/build/examples/./Example_spec_kryschur[0x41180d]
[genoahost099:1601365] [11] /lib64/libc.so.6(+0x2a610)[0x151d7362a610]
[genoahost099:1601365] [12] /lib64/libc.so.6(__libc_start_main+0x80)[0x151d7362a6c0]
[genoahost099:1601365] [13] /direct/sdcc+u/poare/Grid/build/examples/./Example_spec_kryschur[0x4147f5]
[genoahost099:1601365] *** End of error message ***

__|__|__|__|__|__|__|__|__|__|__|__|__|__|__
__|__|__|__|__|__|__|__|__|__|__|__|__|__|__
__|_ |  |  |  |  |  |  |  |  |  |  |  | _|__
__|_                                    _|__
__|_   GGGG    RRRR    III    DDDD      _|__
__|_  G        R   R    I     D   D     _|__
__|_  G        R   R    I     D    D    _|__
__|_  G  GG    RRRR     I     D    D    _|__
__|_  G   G    R  R     I     D   D     _|__
__|_   GGGG    R   R   III    DDDD      _|__
__|_                                    _|__
__|__|__|__|__|__|__|__|__|__|__|__|__|__|__
__|__|__|__|__|__|__|__|__|__|__|__|__|__|__
  |  |  |  |  |  |  |  |  |  |  |  |  |  |  


Copyright (C) 2015 Peter Boyle, Azusa Yamaguchi, Guido Cossu, Antonin Portelli and other authors

This program is free software; you can redistribute it and/or modify
it under the terms of the GNU General Public License as published by
the Free Software Foundation; either version 2 of the License, or
(at your option) any later version.

This program is distributed in the hope that it will be useful,
but WITHOUT ANY WARRANTY; without even the implied warranty of
MERCHANTABILITY or FITNESS FOR A PARTICULAR PURPOSE.  See the
GNU General Public License for more details.
Current Grid git commit hash=82d411ca7bb8ec4a5b5c3815df23674cfd291070: (HEAD -> develop, origin/develop, origin/HEAD) clean

Grid : Message : ================================================ 
Grid : Message : MPI is initialised and logging filters activated 
Grid : Message : ================================================ 
Grid : Message : This rank is running on host genoahost099.sdcc.bnl.local at local time 2026-02-27 11:53:31
Grid : Message : Requested 17179869184 byte stencil comms buffers 
Grid : Message : MemoryManager::Init() setting up
Grid : Message : MemoryManager::Init() cache pool for recent host   allocations: SMALL 8 LARGE 2 HUGE 0
Grid : Message : MemoryManager::Init() cache pool for recent device allocations: SMALL 16 LARGE 8 Huge 0
Grid : Message : MemoryManager::Init() cache pool for recent shared allocations: SMALL 16 LARGE 8 Huge 0
Grid : Message : MemoryManager::Init() Unified memory space
Sorting eigenvalues using EvalReSmall
Lattice size: [16 16 16 32]
Example_spec_kryschur: ../../Grid/communicator/SharedMemoryMPI.cc:434: static void Grid::GlobalSharedMemory::OptimalCommunicatorSharedMemory(const Coordinate&, ompi_communicator_t*&, Grid::Coordinate&): Assertion `WorldSize==Nprocessors' failed.
[genoahost099:1601376] *** Process received signal ***
[genoahost099:1601376] Signal: Aborted (6)
[genoahost099:1601376] Signal code:  (-6)
[genoahost099:1601376] [ 0] /lib64/libc.so.6(+0x3fc30)[0x1464e1e3fc30]
[genoahost099:1601376] [ 1] /lib64/libc.so.6(+0x8d02c)[0x1464e1e8d02c]
[genoahost099:1601376] [ 2] /lib64/libc.so.6(raise+0x16)[0x1464e1e3fb86]
[genoahost099:1601376] [ 3] /lib64/libc.so.6(abort+0xd3)[0x1464e1e29873]
[genoahost099:1601376] [ 4] /lib64/libc.so.6(+0x2979b)[0x1464e1e2979b]
[genoahost099:1601376] [ 5] /lib64/libc.so.6(+0x388c6)[0x1464e1e388c6]
[genoahost099:1601376] [ 6] /direct/sdcc+u/poare/Grid/build/examples/./Example_spec_kryschur[0x4cc206]
[genoahost099:1601376] [ 7] /direct/sdcc+u/poare/Grid/build/examples/./Example_spec_kryschur[0x4cc2f1]
[genoahost099:1601376] [ 8] /direct/sdcc+u/poare/Grid/build/examples/./Example_spec_kryschur[0x4c7e95]
[genoahost099:1601376] [ 9] /direct/sdcc+u/poare/Grid/build/examples/./Example_spec_kryschur[0x4b5f4f]
[genoahost099:1601376] [10] /direct/sdcc+u/poare/Grid/build/examples/./Example_spec_kryschur[0x41180d]
[genoahost099:1601376] [11] /lib64/libc.so.6(+0x2a610)[0x1464e1e2a610]
[genoahost099:1601376] [12] /lib64/libc.so.6(__libc_start_main+0x80)[0x1464e1e2a6c0]
[genoahost099:1601376] [13] /direct/sdcc+u/poare/Grid/build/examples/./Example_spec_kryschur[0x4147f5]
[genoahost099:1601376] *** End of error message ***

__|__|__|__|__|__|__|__|__|__|__|__|__|__|__
__|__|__|__|__|__|__|__|__|__|__|__|__|__|__
__|_ |  |  |  |  |  |  |  |  |  |  |  | _|__
__|_                                    _|__
__|_   GGGG    RRRR    III    DDDD      _|__
__|_  G        R   R    I     D   D     _|__
__|_  G        R   R    I     D    D    _|__
__|_  G  GG    RRRR     I     D    D    _|__
__|_  G   G    R  R     I     D   D     _|__
__|_   GGGG    R   R   III    DDDD      _|__
__|_                                    _|__
__|__|__|__|__|__|__|__|__|__|__|__|__|__|__
__|__|__|__|__|__|__|__|__|__|__|__|__|__|__
  |  |  |  |  |  |  |  |  |  |  |  |  |  |  


Copyright (C) 2015 Peter Boyle, Azusa Yamaguchi, Guido Cossu, Antonin Portelli and other authors

This program is free software; you can redistribute it and/or modify
it under the terms of the GNU General Public License as published by
the Free Software Foundation; either version 2 of the License, or
(at your option) any later version.

This program is distributed in the hope that it will be useful,
but WITHOUT ANY WARRANTY; without even the implied warranty of
MERCHANTABILITY or FITNESS FOR A PARTICULAR PURPOSE.  See the
GNU General Public License for more details.
Current Grid git commit hash=82d411ca7bb8ec4a5b5c3815df23674cfd291070: (HEAD -> develop, origin/develop, origin/HEAD) clean

Grid : Message : ================================================ 
Grid : Message : MPI is initialised and logging filters activated 
Grid : Message : ================================================ 
Grid : Message : This rank is running on host genoahost098.sdcc.bnl.local at local time 2026-02-27 11:53:31
Grid : Message : Requested 17179869184 byte stencil comms buffers 
Grid : Message : MemoryManager::Init() setting up
Grid : Message : MemoryManager::Init() cache pool for recent host   allocations: SMALL 8 LARGE 2 HUGE 0
Grid : Message : MemoryManager::Init() cache pool for recent device allocations: SMALL 16 LARGE 8 Huge 0
Grid : Message : MemoryManager::Init() cache pool for recent shared allocations: SMALL 16 LARGE 8 Huge 0
Grid : Message : MemoryManager::Init() Unified memory space
Sorting eigenvalues using EvalReSmall
Lattice size: [16 16 16 32]
Example_spec_kryschur: ../../Grid/communicator/SharedMemoryMPI.cc:434: static void Grid::GlobalSharedMemory::OptimalCommunicatorSharedMemory(const Coordinate&, ompi_communicator_t*&, Grid::Coordinate&): Assertion `WorldSize==Nprocessors' failed.
[genoahost098:1621601] *** Process received signal ***
[genoahost098:1621601] Signal: Aborted (6)
[genoahost098:1621601] Signal code:  (-6)
[genoahost098:1621601] [ 0] /lib64/libc.so.6(+0x3fc30)[0x15551943fc30]
[genoahost098:1621601] [ 1] /lib64/libc.so.6(+0x8d02c)[0x15551948d02c]
[genoahost098:1621601] [ 2] /lib64/libc.so.6(raise+0x16)[0x15551943fb86]
[genoahost098:1621601] [ 3] /lib64/libc.so.6(abort+0xd3)[0x155519429873]
[genoahost098:1621601] [ 4] /lib64/libc.so.6(+0x2979b)[0x15551942979b]
[genoahost098:1621601] [ 5] /lib64/libc.so.6(+0x388c6)[0x1555194388c6]
[genoahost098:1621601] [ 6] /direct/sdcc+u/poare/Grid/build/examples/./Example_spec_kryschur[0x4cc206]
[genoahost098:1621601] [ 7] /direct/sdcc+u/poare/Grid/build/examples/./Example_spec_kryschur[0x4cc2f1]
[genoahost098:1621601] [ 8] /direct/sdcc+u/poare/Grid/build/examples/./Example_spec_kryschur[0x4c7e95]
[genoahost098:1621601] [ 9] /direct/sdcc+u/poare/Grid/build/examples/./Example_spec_kryschur[0x4b5f4f]
[genoahost098:1621601] [10] /direct/sdcc+u/poare/Grid/build/examples/./Example_spec_kryschur[0x41180d]
[genoahost098:1621601] [11] /lib64/libc.so.6(+0x2a610)[0x15551942a610]
[genoahost098:1621601] [12] /lib64/libc.so.6(__libc_start_main+0x80)[0x15551942a6c0]
[genoahost098:1621601] [13] /direct/sdcc+u/poare/Grid/build/examples/./Example_spec_kryschur[0x4147f5]
[genoahost098:1621601] *** End of error message ***

__|__|__|__|__|__|__|__|__|__|__|__|__|__|__
__|__|__|__|__|__|__|__|__|__|__|__|__|__|__
__|_ |  |  |  |  |  |  |  |  |  |  |  | _|__
__|_                                    _|__
__|_   GGGG    RRRR    III    DDDD      _|__
__|_  G        R   R    I     D   D     _|__
__|_  G        R   R    I     D    D    _|__
__|_  G  GG    RRRR     I     D    D    _|__
__|_  G   G    R  R     I     D   D     _|__
__|_   GGGG    R   R   III    DDDD      _|__
__|_                                    _|__
__|__|__|__|__|__|__|__|__|__|__|__|__|__|__
__|__|__|__|__|__|__|__|__|__|__|__|__|__|__
  |  |  |  |  |  |  |  |  |  |  |  |  |  |  


Copyright (C) 2015 Peter Boyle, Azusa Yamaguchi, Guido Cossu, Antonin Portelli and other authors

This program is free software; you can redistribute it and/or modify
it under the terms of the GNU General Public License as published by
the Free Software Foundation; either version 2 of the License, or
(at your option) any later version.

This program is distributed in the hope that it will be useful,
but WITHOUT ANY WARRANTY; without even the implied warranty of
MERCHANTABILITY or FITNESS FOR A PARTICULAR PURPOSE.  See the
GNU General Public License for more details.
Current Grid git commit hash=82d411ca7bb8ec4a5b5c3815df23674cfd291070: (HEAD -> develop, origin/develop, origin/HEAD) clean

Grid : Message : ================================================ 
Grid : Message : MPI is initialised and logging filters activated 
Grid : Message : ================================================ 
Grid : Message : This rank is running on host genoahost098.sdcc.bnl.local at local time 2026-02-27 11:53:32
Grid : Message : Requested 17179869184 byte stencil comms buffers 
Grid : Message : MemoryManager::Init() setting up
Grid : Message : MemoryManager::Init() cache pool for recent host   allocations: SMALL 8 LARGE 2 HUGE 0
Grid : Message : MemoryManager::Init() cache pool for recent device allocations: SMALL 16 LARGE 8 Huge 0
Grid : Message : MemoryManager::Init() cache pool for recent shared allocations: SMALL 16 LARGE 8 Huge 0
Grid : Message : MemoryManager::Init() Unified memory space
Sorting eigenvalues using EvalReSmall
Lattice size: [16 16 16 32]
Example_spec_kryschur: ../../Grid/communicator/SharedMemoryMPI.cc:434: static void Grid::GlobalSharedMemory::OptimalCommunicatorSharedMemory(const Coordinate&, ompi_communicator_t*&, Grid::Coordinate&): Assertion `WorldSize==Nprocessors' failed.
[genoahost098:1621604] *** Process received signal ***
[genoahost098:1621604] Signal: Aborted (6)
[genoahost098:1621604] Signal code:  (-6)
[genoahost098:1621604] [ 0] /lib64/libc.so.6(+0x3fc30)[0x15514a43fc30]
[genoahost098:1621604] [ 1] /lib64/libc.so.6(+0x8d02c)[0x15514a48d02c]
[genoahost098:1621604] [ 2] /lib64/libc.so.6(raise+0x16)[0x15514a43fb86]
[genoahost098:1621604] [ 3] /lib64/libc.so.6(abort+0xd3)[0x15514a429873]
[genoahost098:1621604] [ 4] /lib64/libc.so.6(+0x2979b)[0x15514a42979b]
[genoahost098:1621604] [ 5] /lib64/libc.so.6(+0x388c6)[0x15514a4388c6]
[genoahost098:1621604] [ 6] /direct/sdcc+u/poare/Grid/build/examples/./Example_spec_kryschur[0x4cc206]
[genoahost098:1621604] [ 7] /direct/sdcc+u/poare/Grid/build/examples/./Example_spec_kryschur[0x4cc2f1]
[genoahost098:1621604] [ 8] /direct/sdcc+u/poare/Grid/build/examples/./Example_spec_kryschur[0x4c7e95]
[genoahost098:1621604] [ 9] /direct/sdcc+u/poare/Grid/build/examples/./Example_spec_kryschur[0x4b5f4f]
[genoahost098:1621604] [10] /direct/sdcc+u/poare/Grid/build/examples/./Example_spec_kryschur[0x41180d]
[genoahost098:1621604] [11] /lib64/libc.so.6(+0x2a610)[0x15514a42a610]
[genoahost098:1621604] [12] /lib64/libc.so.6(__libc_start_main+0x80)[0x15514a42a6c0]
[genoahost098:1621604] [13] /direct/sdcc+u/poare/Grid/build/examples/./Example_spec_kryschur[0x4147f5]
[genoahost098:1621604] *** End of error message ***

__|__|__|__|__|__|__|__|__|__|__|__|__|__|__
__|__|__|__|__|__|__|__|__|__|__|__|__|__|__
__|_ |  |  |  |  |  |  |  |  |  |  |  | _|__
__|_                                    _|__
__|_   GGGG    RRRR    III    DDDD      _|__
__|_  G        R   R    I     D   D     _|__
__|_  G        R   R    I     D    D    _|__
__|_  G  GG    RRRR     I     D    D    _|__
__|_  G   G    R  R     I     D   D     _|__
__|_   GGGG    R   R   III    DDDD      _|__
__|_                                    _|__
__|__|__|__|__|__|__|__|__|__|__|__|__|__|__
__|__|__|__|__|__|__|__|__|__|__|__|__|__|__
  |  |  |  |  |  |  |  |  |  |  |  |  |  |  


Copyright (C) 2015 Peter Boyle, Azusa Yamaguchi, Guido Cossu, Antonin Portelli and other authors

This program is free software; you can redistribute it and/or modify
it under the terms of the GNU General Public License as published by
the Free Software Foundation; either version 2 of the License, or
(at your option) any later version.

This program is distributed in the hope that it will be useful,
but WITHOUT ANY WARRANTY; without even the implied warranty of
MERCHANTABILITY or FITNESS FOR A PARTICULAR PURPOSE.  See the
GNU General Public License for more details.
Current Grid git commit hash=82d411ca7bb8ec4a5b5c3815df23674cfd291070: (HEAD -> develop, origin/develop, origin/HEAD) clean

Grid : Message : ================================================ 
Grid : Message : MPI is initialised and logging filters activated 
Grid : Message : ================================================ 
Grid : Message : This rank is running on host genoahost101.sdcc.bnl.local at local time 2026-02-27 11:53:40
Grid : Message : Requested 17179869184 byte stencil comms buffers 
Grid : Message : MemoryManager::Init() setting up
Grid : Message : MemoryManager::Init() cache pool for recent host   allocations: SMALL 8 LARGE 2 HUGE 0
Grid : Message : MemoryManager::Init() cache pool for recent device allocations: SMALL 16 LARGE 8 Huge 0
Grid : Message : MemoryManager::Init() cache pool for recent shared allocations: SMALL 16 LARGE 8 Huge 0
Grid : Message : MemoryManager::Init() Unified memory space
Sorting eigenvalues using EvalReSmall
Lattice size: [16 16 16 32]
Example_spec_kryschur: ../../Grid/communicator/SharedMemoryMPI.cc:434: static void Grid::GlobalSharedMemory::OptimalCommunicatorSharedMemory(const Coordinate&, ompi_communicator_t*&, Grid::Coordinate&): Assertion `WorldSize==Nprocessors' failed.
[genoahost101:1139379] *** Process received signal ***
[genoahost101:1139379] Signal: Aborted (6)
[genoahost101:1139379] Signal code:  (-6)
[genoahost101:1139379] [ 0] /lib64/libc.so.6(+0x3fc30)[0x14c33923fc30]
[genoahost101:1139379] [ 1] /lib64/libc.so.6(+0x8d02c)[0x14c33928d02c]
[genoahost101:1139379] [ 2] /lib64/libc.so.6(raise+0x16)[0x14c33923fb86]
[genoahost101:1139379] [ 3] /lib64/libc.so.6(abort+0xd3)[0x14c339229873]
[genoahost101:1139379] [ 4] /lib64/libc.so.6(+0x2979b)[0x14c33922979b]
[genoahost101:1139379] [ 5] /lib64/libc.so.6(+0x388c6)[0x14c3392388c6]
[genoahost101:1139379] [ 6] /direct/sdcc+u/poare/Grid/build/examples/./Example_spec_kryschur[0x4cc206]
[genoahost101:1139379] [ 7] /direct/sdcc+u/poare/Grid/build/examples/./Example_spec_kryschur[0x4cc2f1]
[genoahost101:1139379] [ 8] /direct/sdcc+u/poare/Grid/build/examples/./Example_spec_kryschur[0x4c7e95]
[genoahost101:1139379] [ 9] /direct/sdcc+u/poare/Grid/build/examples/./Example_spec_kryschur[0x4b5f4f]
[genoahost101:1139379] [10] /direct/sdcc+u/poare/Grid/build/examples/./Example_spec_kryschur[0x41180d]
[genoahost101:1139379] [11] /lib64/libc.so.6(+0x2a610)[0x14c33922a610]
[genoahost101:1139379] [12] /lib64/libc.so.6(__libc_start_main+0x80)[0x14c33922a6c0]
[genoahost101:1139379] [13] /direct/sdcc+u/poare/Grid/build/examples/./Example_spec_kryschur[0x4147f5]
[genoahost101:1139379] *** End of error message ***

__|__|__|__|__|__|__|__|__|__|__|__|__|__|__
__|__|__|__|__|__|__|__|__|__|__|__|__|__|__
__|_ |  |  |  |  |  |  |  |  |  |  |  | _|__
__|_                                    _|__
__|_   GGGG    RRRR    III    DDDD      _|__
__|_  G        R   R    I     D   D     _|__
__|_  G        R   R    I     D    D    _|__
__|_  G  GG    RRRR     I     D    D    _|__
__|_  G   G    R  R     I     D   D     _|__
__|_   GGGG    R   R   III    DDDD      _|__
__|_                                    _|__
__|__|__|__|__|__|__|__|__|__|__|__|__|__|__
__|__|__|__|__|__|__|__|__|__|__|__|__|__|__
  |  |  |  |  |  |  |  |  |  |  |  |  |  |  


Copyright (C) 2015 Peter Boyle, Azusa Yamaguchi, Guido Cossu, Antonin Portelli and other authors

This program is free software; you can redistribute it and/or modify
it under the terms of the GNU General Public License as published by
the Free Software Foundation; either version 2 of the License, or
(at your option) any later version.

This program is distributed in the hope that it will be useful,
but WITHOUT ANY WARRANTY; without even the implied warranty of
MERCHANTABILITY or FITNESS FOR A PARTICULAR PURPOSE.  See the
GNU General Public License for more details.
Current Grid git commit hash=82d411ca7bb8ec4a5b5c3815df23674cfd291070: (HEAD -> develop, origin/develop, origin/HEAD) clean

Grid : Message : ================================================ 
Grid : Message : MPI is initialised and logging filters activated 
Grid : Message : ================================================ 
Grid : Message : This rank is running on host genoahost101.sdcc.bnl.local at local time 2026-02-27 11:53:40
Grid : Message : Requested 17179869184 byte stencil comms buffers 
Grid : Message : MemoryManager::Init() setting up
Grid : Message : MemoryManager::Init() cache pool for recent host   allocations: SMALL 8 LARGE 2 HUGE 0
Grid : Message : MemoryManager::Init() cache pool for recent device allocations: SMALL 16 LARGE 8 Huge 0
Grid : Message : MemoryManager::Init() cache pool for recent shared allocations: SMALL 16 LARGE 8 Huge 0
Grid : Message : MemoryManager::Init() Unified memory space
Sorting eigenvalues using EvalReSmall
Lattice size: [16 16 16 32]
Example_spec_kryschur: ../../Grid/communicator/SharedMemoryMPI.cc:434: static void Grid::GlobalSharedMemory::OptimalCommunicatorSharedMemory(const Coordinate&, ompi_communicator_t*&, Grid::Coordinate&): Assertion `WorldSize==Nprocessors' failed.
[genoahost101:1139384] *** Process received signal ***
[genoahost101:1139384] Signal: Aborted (6)
[genoahost101:1139384] Signal code:  (-6)
[genoahost101:1139384] [ 0] /lib64/libc.so.6(+0x3fc30)[0x14bf5303fc30]
[genoahost101:1139384] [ 1] /lib64/libc.so.6(+0x8d02c)[0x14bf5308d02c]
[genoahost101:1139384] [ 2] /lib64/libc.so.6(raise+0x16)[0x14bf5303fb86]
[genoahost101:1139384] [ 3] /lib64/libc.so.6(abort+0xd3)[0x14bf53029873]
[genoahost101:1139384] [ 4] /lib64/libc.so.6(+0x2979b)[0x14bf5302979b]
[genoahost101:1139384] [ 5] /lib64/libc.so.6(+0x388c6)[0x14bf530388c6]
[genoahost101:1139384] [ 6] /direct/sdcc+u/poare/Grid/build/examples/./Example_spec_kryschur[0x4cc206]
[genoahost101:1139384] [ 7] /direct/sdcc+u/poare/Grid/build/examples/./Example_spec_kryschur[0x4cc2f1]
[genoahost101:1139384] [ 8] /direct/sdcc+u/poare/Grid/build/examples/./Example_spec_kryschur[0x4c7e95]
[genoahost101:1139384] [ 9] /direct/sdcc+u/poare/Grid/build/examples/./Example_spec_kryschur[0x4b5f4f]
[genoahost101:1139384] [10] /direct/sdcc+u/poare/Grid/build/examples/./Example_spec_kryschur[0x41180d]
[genoahost101:1139384] [11] /lib64/libc.so.6(+0x2a610)[0x14bf5302a610]
[genoahost101:1139384] [12] /lib64/libc.so.6(__libc_start_main+0x80)[0x14bf5302a6c0]
[genoahost101:1139384] [13] /direct/sdcc+u/poare/Grid/build/examples/./Example_spec_kryschur[0x4147f5]
[genoahost101:1139384] *** End of error message ***

__|__|__|__|__|__|__|__|__|__|__|__|__|__|__
__|__|__|__|__|__|__|__|__|__|__|__|__|__|__
__|_ |  |  |  |  |  |  |  |  |  |  |  | _|__
__|_                                    _|__
__|_   GGGG    RRRR    III    DDDD      _|__
__|_  G        R   R    I     D   D     _|__
__|_  G        R   R    I     D    D    _|__
__|_  G  GG    RRRR     I     D    D    _|__
__|_  G   G    R  R     I     D   D     _|__
__|_   GGGG    R   R   III    DDDD      _|__
__|_                                    _|__
__|__|__|__|__|__|__|__|__|__|__|__|__|__|__
__|__|__|__|__|__|__|__|__|__|__|__|__|__|__
  |  |  |  |  |  |  |  |  |  |  |  |  |  |  


Copyright (C) 2015 Peter Boyle, Azusa Yamaguchi, Guido Cossu, Antonin Portelli and other authors

This program is free software; you can redistribute it and/or modify
it under the terms of the GNU General Public License as published by
the Free Software Foundation; either version 2 of the License, or
(at your option) any later version.

This program is distributed in the hope that it will be useful,
but WITHOUT ANY WARRANTY; without even the implied warranty of
MERCHANTABILITY or FITNESS FOR A PARTICULAR PURPOSE.  See the
GNU General Public License for more details.
Current Grid git commit hash=82d411ca7bb8ec4a5b5c3815df23674cfd291070: (HEAD -> develop, origin/develop, origin/HEAD) clean

Grid : Message : ================================================ 
Grid : Message : MPI is initialised and logging filters activated 
Grid : Message : ================================================ 
Grid : Message : This rank is running on host genoahost102.sdcc.bnl.local at local time 2026-02-27 11:53:41
Grid : Message : Requested 17179869184 byte stencil comms buffers 
Grid : Message : MemoryManager::Init() setting up
Grid : Message : MemoryManager::Init() cache pool for recent host   allocations: SMALL 8 LARGE 2 HUGE 0
Grid : Message : MemoryManager::Init() cache pool for recent device allocations: SMALL 16 LARGE 8 Huge 0
Grid : Message : MemoryManager::Init() cache pool for recent shared allocations: SMALL 16 LARGE 8 Huge 0
Grid : Message : MemoryManager::Init() Unified memory space
Sorting eigenvalues using EvalReSmall
Lattice size: [16 16 16 32]
Example_spec_kryschur: ../../Grid/communicator/SharedMemoryMPI.cc:434: static void Grid::GlobalSharedMemory::OptimalCommunicatorSharedMemory(const Coordinate&, ompi_communicator_t*&, Grid::Coordinate&): Assertion `WorldSize==Nprocessors' failed.
[genoahost102:619457] *** Process received signal ***
[genoahost102:619457] Signal: Aborted (6)
[genoahost102:619457] Signal code:  (-6)
[genoahost102:619457] [ 0] /lib64/libc.so.6(+0x3fc30)[0x152a0823fc30]
[genoahost102:619457] [ 1] /lib64/libc.so.6(+0x8d02c)[0x152a0828d02c]
[genoahost102:619457] [ 2] /lib64/libc.so.6(raise+0x16)[0x152a0823fb86]
[genoahost102:619457] [ 3] /lib64/libc.so.6(abort+0xd3)[0x152a08229873]
[genoahost102:619457] [ 4] /lib64/libc.so.6(+0x2979b)[0x152a0822979b]
[genoahost102:619457] [ 5] /lib64/libc.so.6(+0x388c6)[0x152a082388c6]
[genoahost102:619457] [ 6] /direct/sdcc+u/poare/Grid/build/examples/./Example_spec_kryschur[0x4cc206]
[genoahost102:619457] [ 7] /direct/sdcc+u/poare/Grid/build/examples/./Example_spec_kryschur[0x4cc2f1]
[genoahost102:619457] [ 8] /direct/sdcc+u/poare/Grid/build/examples/./Example_spec_kryschur[0x4c7e95]
[genoahost102:619457] [ 9] /direct/sdcc+u/poare/Grid/build/examples/./Example_spec_kryschur[0x4b5f4f]
[genoahost102:619457] [10] /direct/sdcc+u/poare/Grid/build/examples/./Example_spec_kryschur[0x41180d]
[genoahost102:619457] [11] /lib64/libc.so.6(+0x2a610)[0x152a0822a610]
[genoahost102:619457] [12] /lib64/libc.so.6(__libc_start_main+0x80)[0x152a0822a6c0]
[genoahost102:619457] [13] /direct/sdcc+u/poare/Grid/build/examples/./Example_spec_kryschur[0x4147f5]
[genoahost102:619457] *** End of error message ***

__|__|__|__|__|__|__|__|__|__|__|__|__|__|__
__|__|__|__|__|__|__|__|__|__|__|__|__|__|__
__|_ |  |  |  |  |  |  |  |  |  |  |  | _|__
__|_                                    _|__
__|_   GGGG    RRRR    III    DDDD      _|__
__|_  G        R   R    I     D   D     _|__
__|_  G        R   R    I     D    D    _|__
__|_  G  GG    RRRR     I     D    D    _|__
__|_  G   G    R  R     I     D   D     _|__
__|_   GGGG    R   R   III    DDDD      _|__
__|_                                    _|__
__|__|__|__|__|__|__|__|__|__|__|__|__|__|__
__|__|__|__|__|__|__|__|__|__|__|__|__|__|__
  |  |  |  |  |  |  |  |  |  |  |  |  |  |  


Copyright (C) 2015 Peter Boyle, Azusa Yamaguchi, Guido Cossu, Antonin Portelli and other authors

This program is free software; you can redistribute it and/or modify
it under the terms of the GNU General Public License as published by
the Free Software Foundation; either version 2 of the License, or
(at your option) any later version.

This program is distributed in the hope that it will be useful,
but WITHOUT ANY WARRANTY; without even the implied warranty of
MERCHANTABILITY or FITNESS FOR A PARTICULAR PURPOSE.  See the
GNU General Public License for more details.
Current Grid git commit hash=82d411ca7bb8ec4a5b5c3815df23674cfd291070: (HEAD -> develop, origin/develop, origin/HEAD) clean

Grid : Message : ================================================ 
Grid : Message : MPI is initialised and logging filters activated 
Grid : Message : ================================================ 
Grid : Message : This rank is running on host genoahost102.sdcc.bnl.local at local time 2026-02-27 11:53:41
Grid : Message : Requested 17179869184 byte stencil comms buffers 
Grid : Message : MemoryManager::Init() setting up
Grid : Message : MemoryManager::Init() cache pool for recent host   allocations: SMALL 8 LARGE 2 HUGE 0
Grid : Message : MemoryManager::Init() cache pool for recent device allocations: SMALL 16 LARGE 8 Huge 0
Grid : Message : MemoryManager::Init() cache pool for recent shared allocations: SMALL 16 LARGE 8 Huge 0
Grid : Message : MemoryManager::Init() Unified memory space
Sorting eigenvalues using EvalReSmall
Lattice size: [16 16 16 32]
Example_spec_kryschur: ../../Grid/communicator/SharedMemoryMPI.cc:434: static void Grid::GlobalSharedMemory::OptimalCommunicatorSharedMemory(const Coordinate&, ompi_communicator_t*&, Grid::Coordinate&): Assertion `WorldSize==Nprocessors' failed.
[genoahost102:619452] *** Process received signal ***
[genoahost102:619452] Signal: Aborted (6)
[genoahost102:619452] Signal code:  (-6)
[genoahost102:619452] [ 0] /lib64/libc.so.6(+0x3fc30)[0x14a5e4e3fc30]
[genoahost102:619452] [ 1] /lib64/libc.so.6(+0x8d02c)[0x14a5e4e8d02c]
[genoahost102:619452] [ 2] /lib64/libc.so.6(raise+0x16)[0x14a5e4e3fb86]
[genoahost102:619452] [ 3] /lib64/libc.so.6(abort+0xd3)[0x14a5e4e29873]
[genoahost102:619452] [ 4] /lib64/libc.so.6(+0x2979b)[0x14a5e4e2979b]
[genoahost102:619452] [ 5] /lib64/libc.so.6(+0x388c6)[0x14a5e4e388c6]
[genoahost102:619452] [ 6] /direct/sdcc+u/poare/Grid/build/examples/./Example_spec_kryschur[0x4cc206]
[genoahost102:619452] [ 7] /direct/sdcc+u/poare/Grid/build/examples/./Example_spec_kryschur[0x4cc2f1]
[genoahost102:619452] [ 8] /direct/sdcc+u/poare/Grid/build/examples/./Example_spec_kryschur[0x4c7e95]
[genoahost102:619452] [ 9] /direct/sdcc+u/poare/Grid/build/examples/./Example_spec_kryschur[0x4b5f4f]
[genoahost102:619452] [10] /direct/sdcc+u/poare/Grid/build/examples/./Example_spec_kryschur[0x41180d]
[genoahost102:619452] [11] /lib64/libc.so.6(+0x2a610)[0x14a5e4e2a610]
[genoahost102:619452] [12] /lib64/libc.so.6(__libc_start_main+0x80)[0x14a5e4e2a6c0]
[genoahost102:619452] [13] /direct/sdcc+u/poare/Grid/build/examples/./Example_spec_kryschur[0x4147f5]
[genoahost102:619452] *** End of error message ***
srun: error: genoahost101: task 69: Aborted (core dumped)
srun: error: genoahost100: task 49: Aborted (core dumped)

__|__|__|__|__|__|__|__|__|__|__|__|__|__|__
__|__|__|__|__|__|__|__|__|__|__|__|__|__|__
__|_ |  |  |  |  |  |  |  |  |  |  |  | _|__
__|_                                    _|__
__|_   GGGG    RRRR    III    DDDD      _|__
__|_  G        R   R    I     D   D     _|__
__|_  G        R   R    I     D    D    _|__
__|_  G  GG    RRRR     I     D    D    _|__
__|_  G   G    R  R     I     D   D     _|__
__|_   GGGG    R   R   III    DDDD      _|__
__|_                                    _|__
__|__|__|__|__|__|__|__|__|__|__|__|__|__|__
__|__|__|__|__|__|__|__|__|__|__|__|__|__|__
  |  |  |  |  |  |  |  |  |  |  |  |  |  |  


Copyright (C) 2015 Peter Boyle, Azusa Yamaguchi, Guido Cossu, Antonin Portelli and other authors

This program is free software; you can redistribute it and/or modify
it under the terms of the GNU General Public License as published by
the Free Software Foundation; either version 2 of the License, or
(at your option) any later version.

This program is distributed in the hope that it will be useful,
but WITHOUT ANY WARRANTY; without even the implied warranty of
MERCHANTABILITY or FITNESS FOR A PARTICULAR PURPOSE.  See the
GNU General Public License for more details.
Current Grid git commit hash=82d411ca7bb8ec4a5b5c3815df23674cfd291070: (HEAD -> develop, origin/develop, origin/HEAD) clean

Grid : Message : ================================================ 
Grid : Message : MPI is initialised and logging filters activated 
Grid : Message : ================================================ 
Grid : Message : This rank is running on host genoahost100.sdcc.bnl.local at local time 2026-02-27 11:53:47
Grid : Message : Requested 17179869184 byte stencil comms buffers 
Grid : Message : MemoryManager::Init() setting up
Grid : Message : MemoryManager::Init() cache pool for recent host   allocations: SMALL 8 LARGE 2 HUGE 0
Grid : Message : MemoryManager::Init() cache pool for recent device allocations: SMALL 16 LARGE 8 Huge 0
Grid : Message : MemoryManager::Init() cache pool for recent shared allocations: SMALL 16 LARGE 8 Huge 0
Grid : Message : MemoryManager::Init() Unified memory space
Sorting eigenvalues using EvalReSmall
Lattice size: [16 16 16 32]
Example_spec_kryschur: ../../Grid/communicator/SharedMemoryMPI.cc:434: static void Grid::GlobalSharedMemory::OptimalCommunicatorSharedMemory(const Coordinate&, ompi_communicator_t*&, Grid::Coordinate&): Assertion `WorldSize==Nprocessors' failed.
[genoahost100:640127] *** Process received signal ***
[genoahost100:640127] Signal: Aborted (6)
[genoahost100:640127] Signal code:  (-6)
[genoahost100:640127] [ 0] /lib64/libc.so.6(+0x3fc30)[0x152cb6a3fc30]
[genoahost100:640127] [ 1] /lib64/libc.so.6(+0x8d02c)[0x152cb6a8d02c]
[genoahost100:640127] [ 2] /lib64/libc.so.6(raise+0x16)[0x152cb6a3fb86]
[genoahost100:640127] [ 3] /lib64/libc.so.6(abort+0xd3)[0x152cb6a29873]
[genoahost100:640127] [ 4] /lib64/libc.so.6(+0x2979b)[0x152cb6a2979b]
[genoahost100:640127] [ 5] /lib64/libc.so.6(+0x388c6)[0x152cb6a388c6]
[genoahost100:640127] [ 6] /direct/sdcc+u/poare/Grid/build/examples/./Example_spec_kryschur[0x4cc206]
[genoahost100:640127] [ 7] /direct/sdcc+u/poare/Grid/build/examples/./Example_spec_kryschur[0x4cc2f1]
[genoahost100:640127] [ 8] /direct/sdcc+u/poare/Grid/build/examples/./Example_spec_kryschur[0x4c7e95]
[genoahost100:640127] [ 9] /direct/sdcc+u/poare/Grid/build/examples/./Example_spec_kryschur[0x4b5f4f]
[genoahost100:640127] [10] /direct/sdcc+u/poare/Grid/build/examples/./Example_spec_kryschur[0x41180d]
[genoahost100:640127] [11] /lib64/libc.so.6(+0x2a610)[0x152cb6a2a610]
[genoahost100:640127] [12] /lib64/libc.so.6(__libc_start_main+0x80)[0x152cb6a2a6c0]
[genoahost100:640127] [13] /direct/sdcc+u/poare/Grid/build/examples/./Example_spec_kryschur[0x4147f5]
[genoahost100:640127] *** End of error message ***

__|__|__|__|__|__|__|__|__|__|__|__|__|__|__
__|__|__|__|__|__|__|__|__|__|__|__|__|__|__
__|_ |  |  |  |  |  |  |  |  |  |  |  | _|__
__|_                                    _|__
__|_   GGGG    RRRR    III    DDDD      _|__
__|_  G        R   R    I     D   D     _|__
__|_  G        R   R    I     D    D    _|__
__|_  G  GG    RRRR     I     D    D    _|__
__|_  G   G    R  R     I     D   D     _|__
__|_   GGGG    R   R   III    DDDD      _|__
__|_                                    _|__
__|__|__|__|__|__|__|__|__|__|__|__|__|__|__
__|__|__|__|__|__|__|__|__|__|__|__|__|__|__
  |  |  |  |  |  |  |  |  |  |  |  |  |  |  


Copyright (C) 2015 Peter Boyle, Azusa Yamaguchi, Guido Cossu, Antonin Portelli and other authors

This program is free software; you can redistribute it and/or modify
it under the terms of the GNU General Public License as published by
the Free Software Foundation; either version 2 of the License, or
(at your option) any later version.

This program is distributed in the hope that it will be useful,
but WITHOUT ANY WARRANTY; without even the implied warranty of
MERCHANTABILITY or FITNESS FOR A PARTICULAR PURPOSE.  See the
GNU General Public License for more details.
Current Grid git commit hash=82d411ca7bb8ec4a5b5c3815df23674cfd291070: (HEAD -> develop, origin/develop, origin/HEAD) clean

Grid : Message : ================================================ 
Grid : Message : MPI is initialised and logging filters activated 
Grid : Message : ================================================ 
Grid : Message : This rank is running on host genoahost100.sdcc.bnl.local at local time 2026-02-27 11:53:47
Grid : Message : Requested 17179869184 byte stencil comms buffers 
Grid : Message : MemoryManager::Init() setting up
Grid : Message : MemoryManager::Init() cache pool for recent host   allocations: SMALL 8 LARGE 2 HUGE 0
Grid : Message : MemoryManager::Init() cache pool for recent device allocations: SMALL 16 LARGE 8 Huge 0
Grid : Message : MemoryManager::Init() cache pool for recent shared allocations: SMALL 16 LARGE 8 Huge 0
Grid : Message : MemoryManager::Init() Unified memory space
Sorting eigenvalues using EvalReSmall
Lattice size: [16 16 16 32]
Example_spec_kryschur: ../../Grid/communicator/SharedMemoryMPI.cc:434: static void Grid::GlobalSharedMemory::OptimalCommunicatorSharedMemory(const Coordinate&, ompi_communicator_t*&, Grid::Coordinate&): Assertion `WorldSize==Nprocessors' failed.
[genoahost100:640119] *** Process received signal ***
[genoahost100:640119] Signal: Aborted (6)
[genoahost100:640119] Signal code:  (-6)
[genoahost100:640119] [ 0] /lib64/libc.so.6(+0x3fc30)[0x14b0ebc3fc30]
[genoahost100:640119] [ 1] /lib64/libc.so.6(+0x8d02c)[0x14b0ebc8d02c]
[genoahost100:640119] [ 2] /lib64/libc.so.6(raise+0x16)[0x14b0ebc3fb86]
[genoahost100:640119] [ 3] /lib64/libc.so.6(abort+0xd3)[0x14b0ebc29873]
[genoahost100:640119] [ 4] /lib64/libc.so.6(+0x2979b)[0x14b0ebc2979b]
[genoahost100:640119] [ 5] /lib64/libc.so.6(+0x388c6)[0x14b0ebc388c6]
[genoahost100:640119] [ 6] /direct/sdcc+u/poare/Grid/build/examples/./Example_spec_kryschur[0x4cc206]
[genoahost100:640119] [ 7] /direct/sdcc+u/poare/Grid/build/examples/./Example_spec_kryschur[0x4cc2f1]
[genoahost100:640119] [ 8] /direct/sdcc+u/poare/Grid/build/examples/./Example_spec_kryschur[0x4c7e95]
[genoahost100:640119] [ 9] /direct/sdcc+u/poare/Grid/build/examples/./Example_spec_kryschur[0x4b5f4f]
[genoahost100:640119] [10] /direct/sdcc+u/poare/Grid/build/examples/./Example_spec_kryschur[0x41180d]
[genoahost100:640119] [11] /lib64/libc.so.6(+0x2a610)[0x14b0ebc2a610]
[genoahost100:640119] [12] /lib64/libc.so.6(__libc_start_main+0x80)[0x14b0ebc2a6c0]
[genoahost100:640119] [13] /direct/sdcc+u/poare/Grid/build/examples/./Example_spec_kryschur[0x4147f5]
[genoahost100:640119] *** End of error message ***

__|__|__|__|__|__|__|__|__|__|__|__|__|__|__
__|__|__|__|__|__|__|__|__|__|__|__|__|__|__
__|_ |  |  |  |  |  |  |  |  |  |  |  | _|__
__|_                                    _|__
__|_   GGGG    RRRR    III    DDDD      _|__
__|_  G        R   R    I     D   D     _|__
__|_  G        R   R    I     D    D    _|__
__|_  G  GG    RRRR     I     D    D    _|__
__|_  G   G    R  R     I     D   D     _|__
__|_   GGGG    R   R   III    DDDD      _|__
__|_                                    _|__
__|__|__|__|__|__|__|__|__|__|__|__|__|__|__
__|__|__|__|__|__|__|__|__|__|__|__|__|__|__
  |  |  |  |  |  |  |  |  |  |  |  |  |  |  


Copyright (C) 2015 Peter Boyle, Azusa Yamaguchi, Guido Cossu, Antonin Portelli and other authors

This program is free software; you can redistribute it and/or modify
it under the terms of the GNU General Public License as published by
the Free Software Foundation; either version 2 of the License, or
(at your option) any later version.

This program is distributed in the hope that it will be useful,
but WITHOUT ANY WARRANTY; without even the implied warranty of
MERCHANTABILITY or FITNESS FOR A PARTICULAR PURPOSE.  See the
GNU General Public License for more details.
Current Grid git commit hash=82d411ca7bb8ec4a5b5c3815df23674cfd291070: (HEAD -> develop, origin/develop, origin/HEAD) clean

Grid : Message : ================================================ 
Grid : Message : MPI is initialised and logging filters activated 
Grid : Message : ================================================ 
Grid : Message : This rank is running on host genoahost103.sdcc.bnl.local at local time 2026-02-27 11:53:47
Grid : Message : Requested 17179869184 byte stencil comms buffers 
Grid : Message : MemoryManager::Init() setting up
Grid : Message : MemoryManager::Init() cache pool for recent host   allocations: SMALL 8 LARGE 2 HUGE 0
Grid : Message : MemoryManager::Init() cache pool for recent device allocations: SMALL 16 LARGE 8 Huge 0
Grid : Message : MemoryManager::Init() cache pool for recent shared allocations: SMALL 16 LARGE 8 Huge 0
Grid : Message : MemoryManager::Init() Unified memory space
Sorting eigenvalues using EvalReSmall
Lattice size: [16 16 16 32]
Example_spec_kryschur: ../../Grid/communicator/SharedMemoryMPI.cc:434: static void Grid::GlobalSharedMemory::OptimalCommunicatorSharedMemory(const Coordinate&, ompi_communicator_t*&, Grid::Coordinate&): Assertion `WorldSize==Nprocessors' failed.
[genoahost103:608889] *** Process received signal ***
[genoahost103:608889] Signal: Aborted (6)
[genoahost103:608889] Signal code:  (-6)
[genoahost103:608889] [ 0] /lib64/libc.so.6(+0x3fc30)[0x14c58523fc30]
[genoahost103:608889] [ 1] /lib64/libc.so.6(+0x8d02c)[0x14c58528d02c]
[genoahost103:608889] [ 2] /lib64/libc.so.6(raise+0x16)[0x14c58523fb86]
[genoahost103:608889] [ 3] /lib64/libc.so.6(abort+0xd3)[0x14c585229873]
[genoahost103:608889] [ 4] /lib64/libc.so.6(+0x2979b)[0x14c58522979b]
[genoahost103:608889] [ 5] /lib64/libc.so.6(+0x388c6)[0x14c5852388c6]
[genoahost103:608889] [ 6] /direct/sdcc+u/poare/Grid/build/examples/./Example_spec_kryschur[0x4cc206]
[genoahost103:608889] [ 7] /direct/sdcc+u/poare/Grid/build/examples/./Example_spec_kryschur[0x4cc2f1]
[genoahost103:608889] [ 8] /direct/sdcc+u/poare/Grid/build/examples/./Example_spec_kryschur[0x4c7e95]
[genoahost103:608889] [ 9] /direct/sdcc+u/poare/Grid/build/examples/./Example_spec_kryschur[0x4b5f4f]
[genoahost103:608889] [10] /direct/sdcc+u/poare/Grid/build/examples/./Example_spec_kryschur[0x41180d]
[genoahost103:608889] [11] /lib64/libc.so.6(+0x2a610)[0x14c58522a610]
[genoahost103:608889] [12] /lib64/libc.so.6(__libc_start_main+0x80)[0x14c58522a6c0]
[genoahost103:608889] [13] /direct/sdcc+u/poare/Grid/build/examples/./Example_spec_kryschur[0x4147f5]
[genoahost103:608889] *** End of error message ***

__|__|__|__|__|__|__|__|__|__|__|__|__|__|__
__|__|__|__|__|__|__|__|__|__|__|__|__|__|__
__|_ |  |  |  |  |  |  |  |  |  |  |  | _|__
__|_                                    _|__
__|_   GGGG    RRRR    III    DDDD      _|__
__|_  G        R   R    I     D   D     _|__
__|_  G        R   R    I     D    D    _|__
__|_  G  GG    RRRR     I     D    D    _|__
__|_  G   G    R  R     I     D   D     _|__
__|_   GGGG    R   R   III    DDDD      _|__
__|_                                    _|__
__|__|__|__|__|__|__|__|__|__|__|__|__|__|__
__|__|__|__|__|__|__|__|__|__|__|__|__|__|__
  |  |  |  |  |  |  |  |  |  |  |  |  |  |  


Copyright (C) 2015 Peter Boyle, Azusa Yamaguchi, Guido Cossu, Antonin Portelli and other authors

This program is free software; you can redistribute it and/or modify
it under the terms of the GNU General Public License as published by
the Free Software Foundation; either version 2 of the License, or
(at your option) any later version.

This program is distributed in the hope that it will be useful,
but WITHOUT ANY WARRANTY; without even the implied warranty of
MERCHANTABILITY or FITNESS FOR A PARTICULAR PURPOSE.  See the
GNU General Public License for more details.
Current Grid git commit hash=82d411ca7bb8ec4a5b5c3815df23674cfd291070: (HEAD -> develop, origin/develop, origin/HEAD) clean

Grid : Message : ================================================ 
Grid : Message : MPI is initialised and logging filters activated 
Grid : Message : ================================================ 
Grid : Message : This rank is running on host genoahost103.sdcc.bnl.local at local time 2026-02-27 11:53:48
Grid : Message : Requested 17179869184 byte stencil comms buffers 
Grid : Message : MemoryManager::Init() setting up
Grid : Message : MemoryManager::Init() cache pool for recent host   allocations: SMALL 8 LARGE 2 HUGE 0
Grid : Message : MemoryManager::Init() cache pool for recent device allocations: SMALL 16 LARGE 8 Huge 0
Grid : Message : MemoryManager::Init() cache pool for recent shared allocations: SMALL 16 LARGE 8 Huge 0
Grid : Message : MemoryManager::Init() Unified memory space
Sorting eigenvalues using EvalReSmall
Lattice size: [16 16 16 32]
Example_spec_kryschur: ../../Grid/communicator/SharedMemoryMPI.cc:434: static void Grid::GlobalSharedMemory::OptimalCommunicatorSharedMemory(const Coordinate&, ompi_communicator_t*&, Grid::Coordinate&): Assertion `WorldSize==Nprocessors' failed.
[genoahost103:608880] *** Process received signal ***
[genoahost103:608880] Signal: Aborted (6)
[genoahost103:608880] Signal code:  (-6)
[genoahost103:608880] [ 0] /lib64/libc.so.6(+0x3fc30)[0x154efc83fc30]
[genoahost103:608880] [ 1] /lib64/libc.so.6(+0x8d02c)[0x154efc88d02c]
[genoahost103:608880] [ 2] /lib64/libc.so.6(raise+0x16)[0x154efc83fb86]
[genoahost103:608880] [ 3] /lib64/libc.so.6(abort+0xd3)[0x154efc829873]
[genoahost103:608880] [ 4] /lib64/libc.so.6(+0x2979b)[0x154efc82979b]
[genoahost103:608880] [ 5] /lib64/libc.so.6(+0x388c6)[0x154efc8388c6]
[genoahost103:608880] [ 6] /direct/sdcc+u/poare/Grid/build/examples/./Example_spec_kryschur[0x4cc206]
[genoahost103:608880] [ 7] /direct/sdcc+u/poare/Grid/build/examples/./Example_spec_kryschur[0x4cc2f1]
[genoahost103:608880] [ 8] /direct/sdcc+u/poare/Grid/build/examples/./Example_spec_kryschur[0x4c7e95]
[genoahost103:608880] [ 9] /direct/sdcc+u/poare/Grid/build/examples/./Example_spec_kryschur[0x4b5f4f]
[genoahost103:608880] [10] /direct/sdcc+u/poare/Grid/build/examples/./Example_spec_kryschur[0x41180d]
[genoahost103:608880] [11] /lib64/libc.so.6(+0x2a610)[0x154efc82a610]
[genoahost103:608880] [12] /lib64/libc.so.6(__libc_start_main+0x80)[0x154efc82a6c0]
[genoahost103:608880] [13] /direct/sdcc+u/poare/Grid/build/examples/./Example_spec_kryschur[0x4147f5]
[genoahost103:608880] *** End of error message ***

__|__|__|__|__|__|__|__|__|__|__|__|__|__|__
__|__|__|__|__|__|__|__|__|__|__|__|__|__|__
__|_ |  |  |  |  |  |  |  |  |  |  |  | _|__
__|_                                    _|__
__|_   GGGG    RRRR    III    DDDD      _|__
__|_  G        R   R    I     D   D     _|__
__|_  G        R   R    I     D    D    _|__
__|_  G  GG    RRRR     I     D    D    _|__
__|_  G   G    R  R     I     D   D     _|__
__|_   GGGG    R   R   III    DDDD      _|__
__|_                                    _|__
__|__|__|__|__|__|__|__|__|__|__|__|__|__|__
__|__|__|__|__|__|__|__|__|__|__|__|__|__|__
  |  |  |  |  |  |  |  |  |  |  |  |  |  |  


Copyright (C) 2015 Peter Boyle, Azusa Yamaguchi, Guido Cossu, Antonin Portelli and other authors

This program is free software; you can redistribute it and/or modify
it under the terms of the GNU General Public License as published by
the Free Software Foundation; either version 2 of the License, or
(at your option) any later version.

This program is distributed in the hope that it will be useful,
but WITHOUT ANY WARRANTY; without even the implied warranty of
MERCHANTABILITY or FITNESS FOR A PARTICULAR PURPOSE.  See the
GNU General Public License for more details.
Current Grid git commit hash=82d411ca7bb8ec4a5b5c3815df23674cfd291070: (HEAD -> develop, origin/develop, origin/HEAD) clean

Grid : Message : ================================================ 
Grid : Message : MPI is initialised and logging filters activated 
Grid : Message : ================================================ 
Grid : Message : This rank is running on host genoahost100.sdcc.bnl.local at local time 2026-02-27 11:53:48
Grid : Message : Requested 17179869184 byte stencil comms buffers 
Grid : Message : MemoryManager::Init() setting up
Grid : Message : MemoryManager::Init() cache pool for recent host   allocations: SMALL 8 LARGE 2 HUGE 0
Grid : Message : MemoryManager::Init() cache pool for recent device allocations: SMALL 16 LARGE 8 Huge 0
Grid : Message : MemoryManager::Init() cache pool for recent shared allocations: SMALL 16 LARGE 8 Huge 0
Grid : Message : MemoryManager::Init() Unified memory space
Sorting eigenvalues using EvalReSmall
Lattice size: [16 16 16 32]
Example_spec_kryschur: ../../Grid/communicator/SharedMemoryMPI.cc:434: static void Grid::GlobalSharedMemory::OptimalCommunicatorSharedMemory(const Coordinate&, ompi_communicator_t*&, Grid::Coordinate&): Assertion `WorldSize==Nprocessors' failed.
[genoahost100:640126] *** Process received signal ***
[genoahost100:640126] Signal: Aborted (6)
[genoahost100:640126] Signal code:  (-6)
[genoahost100:640126] [ 0] /lib64/libc.so.6(+0x3fc30)[0x149c9ec3fc30]
[genoahost100:640126] [ 1] /lib64/libc.so.6(+0x8d02c)[0x149c9ec8d02c]
[genoahost100:640126] [ 2] /lib64/libc.so.6(raise+0x16)[0x149c9ec3fb86]
[genoahost100:640126] [ 3] /lib64/libc.so.6(abort+0xd3)[0x149c9ec29873]
[genoahost100:640126] [ 4] /lib64/libc.so.6(+0x2979b)[0x149c9ec2979b]
[genoahost100:640126] [ 5] /lib64/libc.so.6(+0x388c6)[0x149c9ec388c6]
[genoahost100:640126] [ 6] /direct/sdcc+u/poare/Grid/build/examples/./Example_spec_kryschur[0x4cc206]
[genoahost100:640126] [ 7] /direct/sdcc+u/poare/Grid/build/examples/./Example_spec_kryschur[0x4cc2f1]
[genoahost100:640126] [ 8] /direct/sdcc+u/poare/Grid/build/examples/./Example_spec_kryschur[0x4c7e95]
[genoahost100:640126] [ 9] /direct/sdcc+u/poare/Grid/build/examples/./Example_spec_kryschur[0x4b5f4f]
[genoahost100:640126] [10] /direct/sdcc+u/poare/Grid/build/examples/./Example_spec_kryschur[0x41180d]
[genoahost100:640126] [11] /lib64/libc.so.6(+0x2a610)[0x149c9ec2a610]
[genoahost100:640126] [12] /lib64/libc.so.6(__libc_start_main+0x80)[0x149c9ec2a6c0]
[genoahost100:640126] [13] /direct/sdcc+u/poare/Grid/build/examples/./Example_spec_kryschur[0x4147f5]
[genoahost100:640126] *** End of error message ***

__|__|__|__|__|__|__|__|__|__|__|__|__|__|__
__|__|__|__|__|__|__|__|__|__|__|__|__|__|__
__|_ |  |  |  |  |  |  |  |  |  |  |  | _|__
__|_                                    _|__
__|_   GGGG    RRRR    III    DDDD      _|__
__|_  G        R   R    I     D   D     _|__
__|_  G        R   R    I     D    D    _|__
__|_  G  GG    RRRR     I     D    D    _|__
__|_  G   G    R  R     I     D   D     _|__
__|_   GGGG    R   R   III    DDDD      _|__
__|_                                    _|__
__|__|__|__|__|__|__|__|__|__|__|__|__|__|__
__|__|__|__|__|__|__|__|__|__|__|__|__|__|__
  |  |  |  |  |  |  |  |  |  |  |  |  |  |  


Copyright (C) 2015 Peter Boyle, Azusa Yamaguchi, Guido Cossu, Antonin Portelli and other authors

This program is free software; you can redistribute it and/or modify
it under the terms of the GNU General Public License as published by
the Free Software Foundation; either version 2 of the License, or
(at your option) any later version.

This program is distributed in the hope that it will be useful,
but WITHOUT ANY WARRANTY; without even the implied warranty of
MERCHANTABILITY or FITNESS FOR A PARTICULAR PURPOSE.  See the
GNU General Public License for more details.
Current Grid git commit hash=82d411ca7bb8ec4a5b5c3815df23674cfd291070: (HEAD -> develop, origin/develop, origin/HEAD) clean

Grid : Message : ================================================ 
Grid : Message : MPI is initialised and logging filters activated 
Grid : Message : ================================================ 
Grid : Message : This rank is running on host genoahost100.sdcc.bnl.local at local time 2026-02-27 11:53:48
Grid : Message : Requested 17179869184 byte stencil comms buffers 
Grid : Message : MemoryManager::Init() setting up
Grid : Message : MemoryManager::Init() cache pool for recent host   allocations: SMALL 8 LARGE 2 HUGE 0
Grid : Message : MemoryManager::Init() cache pool for recent device allocations: SMALL 16 LARGE 8 Huge 0
Grid : Message : MemoryManager::Init() cache pool for recent shared allocations: SMALL 16 LARGE 8 Huge 0
Grid : Message : MemoryManager::Init() Unified memory space
Sorting eigenvalues using EvalReSmall
Lattice size: [16 16 16 32]
Example_spec_kryschur: ../../Grid/communicator/SharedMemoryMPI.cc:434: static void Grid::GlobalSharedMemory::OptimalCommunicatorSharedMemory(const Coordinate&, ompi_communicator_t*&, Grid::Coordinate&): Assertion `WorldSize==Nprocessors' failed.
[genoahost100:640130] *** Process received signal ***
[genoahost100:640130] Signal: Aborted (6)
[genoahost100:640130] Signal code:  (-6)
[genoahost100:640130] [ 0] /lib64/libc.so.6(+0x3fc30)[0x152f01c3fc30]
[genoahost100:640130] [ 1] /lib64/libc.so.6(+0x8d02c)[0x152f01c8d02c]
[genoahost100:640130] [ 2] /lib64/libc.so.6(raise+0x16)[0x152f01c3fb86]
[genoahost100:640130] [ 3] /lib64/libc.so.6(abort+0xd3)[0x152f01c29873]
[genoahost100:640130] [ 4] /lib64/libc.so.6(+0x2979b)[0x152f01c2979b]
[genoahost100:640130] [ 5] /lib64/libc.so.6(+0x388c6)[0x152f01c388c6]
[genoahost100:640130] [ 6] /direct/sdcc+u/poare/Grid/build/examples/./Example_spec_kryschur[0x4cc206]
[genoahost100:640130] [ 7] /direct/sdcc+u/poare/Grid/build/examples/./Example_spec_kryschur[0x4cc2f1]
[genoahost100:640130] [ 8] /direct/sdcc+u/poare/Grid/build/examples/./Example_spec_kryschur[0x4c7e95]
[genoahost100:640130] [ 9] /direct/sdcc+u/poare/Grid/build/examples/./Example_spec_kryschur[0x4b5f4f]
[genoahost100:640130] [10] /direct/sdcc+u/poare/Grid/build/examples/./Example_spec_kryschur[0x41180d]
[genoahost100:640130] [11] /lib64/libc.so.6(+0x2a610)[0x152f01c2a610]
[genoahost100:640130] [12] /lib64/libc.so.6(__libc_start_main+0x80)[0x152f01c2a6c0]
[genoahost100:640130] [13] /direct/sdcc+u/poare/Grid/build/examples/./Example_spec_kryschur[0x4147f5]
[genoahost100:640130] *** End of error message ***

__|__|__|__|__|__|__|__|__|__|__|__|__|__|__
__|__|__|__|__|__|__|__|__|__|__|__|__|__|__
__|_ |  |  |  |  |  |  |  |  |  |  |  | _|__
__|_                                    _|__
__|_   GGGG    RRRR    III    DDDD      _|__
__|_  G        R   R    I     D   D     _|__
__|_  G        R   R    I     D    D    _|__
__|_  G  GG    RRRR     I     D    D    _|__
__|_  G   G    R  R     I     D   D     _|__
__|_   GGGG    R   R   III    DDDD      _|__
__|_                                    _|__
__|__|__|__|__|__|__|__|__|__|__|__|__|__|__
__|__|__|__|__|__|__|__|__|__|__|__|__|__|__
  |  |  |  |  |  |  |  |  |  |  |  |  |  |  


Copyright (C) 2015 Peter Boyle, Azusa Yamaguchi, Guido Cossu, Antonin Portelli and other authors

This program is free software; you can redistribute it and/or modify
it under the terms of the GNU General Public License as published by
the Free Software Foundation; either version 2 of the License, or
(at your option) any later version.

This program is distributed in the hope that it will be useful,
but WITHOUT ANY WARRANTY; without even the implied warranty of
MERCHANTABILITY or FITNESS FOR A PARTICULAR PURPOSE.  See the
GNU General Public License for more details.
Current Grid git commit hash=82d411ca7bb8ec4a5b5c3815df23674cfd291070: (HEAD -> develop, origin/develop, origin/HEAD) clean

Grid : Message : ================================================ 
Grid : Message : MPI is initialised and logging filters activated 
Grid : Message : ================================================ 
Grid : Message : This rank is running on host genoahost103.sdcc.bnl.local at local time 2026-02-27 11:53:48
Grid : Message : Requested 17179869184 byte stencil comms buffers 
Grid : Message : MemoryManager::Init() setting up
Grid : Message : MemoryManager::Init() cache pool for recent host   allocations: SMALL 8 LARGE 2 HUGE 0
Grid : Message : MemoryManager::Init() cache pool for recent device allocations: SMALL 16 LARGE 8 Huge 0
Grid : Message : MemoryManager::Init() cache pool for recent shared allocations: SMALL 16 LARGE 8 Huge 0
Grid : Message : MemoryManager::Init() Unified memory space
Sorting eigenvalues using EvalReSmall
Lattice size: [16 16 16 32]
Example_spec_kryschur: ../../Grid/communicator/SharedMemoryMPI.cc:434: static void Grid::GlobalSharedMemory::OptimalCommunicatorSharedMemory(const Coordinate&, ompi_communicator_t*&, Grid::Coordinate&): Assertion `WorldSize==Nprocessors' failed.
[genoahost103:608883] *** Process received signal ***
[genoahost103:608883] Signal: Aborted (6)
[genoahost103:608883] Signal code:  (-6)
[genoahost103:608883] [ 0] /lib64/libc.so.6(+0x3fc30)[0x15030fa3fc30]
[genoahost103:608883] [ 1] /lib64/libc.so.6(+0x8d02c)[0x15030fa8d02c]
[genoahost103:608883] [ 2] /lib64/libc.so.6(raise+0x16)[0x15030fa3fb86]
[genoahost103:608883] [ 3] /lib64/libc.so.6(abort+0xd3)[0x15030fa29873]
[genoahost103:608883] [ 4] /lib64/libc.so.6(+0x2979b)[0x15030fa2979b]
[genoahost103:608883] [ 5] /lib64/libc.so.6(+0x388c6)[0x15030fa388c6]
[genoahost103:608883] [ 6] /direct/sdcc+u/poare/Grid/build/examples/./Example_spec_kryschur[0x4cc206]
[genoahost103:608883] [ 7] /direct/sdcc+u/poare/Grid/build/examples/./Example_spec_kryschur[0x4cc2f1]
[genoahost103:608883] [ 8] /direct/sdcc+u/poare/Grid/build/examples/./Example_spec_kryschur[0x4c7e95]
[genoahost103:608883] [ 9] /direct/sdcc+u/poare/Grid/build/examples/./Example_spec_kryschur[0x4b5f4f]
[genoahost103:608883] [10] /direct/sdcc+u/poare/Grid/build/examples/./Example_spec_kryschur[0x41180d]
[genoahost103:608883] [11] /lib64/libc.so.6(+0x2a610)[0x15030fa2a610]
[genoahost103:608883] [12] /lib64/libc.so.6(__libc_start_main+0x80)[0x15030fa2a6c0]
[genoahost103:608883] [13] /direct/sdcc+u/poare/Grid/build/examples/./Example_spec_kryschur[0x4147f5]
[genoahost103:608883] *** End of error message ***

__|__|__|__|__|__|__|__|__|__|__|__|__|__|__
__|__|__|__|__|__|__|__|__|__|__|__|__|__|__
__|_ |  |  |  |  |  |  |  |  |  |  |  | _|__
__|_                                    _|__
__|_   GGGG    RRRR    III    DDDD      _|__
__|_  G        R   R    I     D   D     _|__
__|_  G        R   R    I     D    D    _|__
__|_  G  GG    RRRR     I     D    D    _|__
__|_  G   G    R  R     I     D   D     _|__
__|_   GGGG    R   R   III    DDDD      _|__
__|_                                    _|__
__|__|__|__|__|__|__|__|__|__|__|__|__|__|__
__|__|__|__|__|__|__|__|__|__|__|__|__|__|__
  |  |  |  |  |  |  |  |  |  |  |  |  |  |  


Copyright (C) 2015 Peter Boyle, Azusa Yamaguchi, Guido Cossu, Antonin Portelli and other authors

This program is free software; you can redistribute it and/or modify
it under the terms of the GNU General Public License as published by
the Free Software Foundation; either version 2 of the License, or
(at your option) any later version.

This program is distributed in the hope that it will be useful,
but WITHOUT ANY WARRANTY; without even the implied warranty of
MERCHANTABILITY or FITNESS FOR A PARTICULAR PURPOSE.  See the
GNU General Public License for more details.
Current Grid git commit hash=82d411ca7bb8ec4a5b5c3815df23674cfd291070: (HEAD -> develop, origin/develop, origin/HEAD) clean

Grid : Message : ================================================ 
Grid : Message : MPI is initialised and logging filters activated 
Grid : Message : ================================================ 
Grid : Message : This rank is running on host genoahost103.sdcc.bnl.local at local time 2026-02-27 11:53:48
Grid : Message : Requested 17179869184 byte stencil comms buffers 
Grid : Message : MemoryManager::Init() setting up
Grid : Message : MemoryManager::Init() cache pool for recent host   allocations: SMALL 8 LARGE 2 HUGE 0
Grid : Message : MemoryManager::Init() cache pool for recent device allocations: SMALL 16 LARGE 8 Huge 0
Grid : Message : MemoryManager::Init() cache pool for recent shared allocations: SMALL 16 LARGE 8 Huge 0
Grid : Message : MemoryManager::Init() Unified memory space
Sorting eigenvalues using EvalReSmall
Lattice size: [16 16 16 32]
Example_spec_kryschur: ../../Grid/communicator/SharedMemoryMPI.cc:434: static void Grid::GlobalSharedMemory::OptimalCommunicatorSharedMemory(const Coordinate&, ompi_communicator_t*&, Grid::Coordinate&): Assertion `WorldSize==Nprocessors' failed.
[genoahost103:608882] *** Process received signal ***
[genoahost103:608882] Signal: Aborted (6)
[genoahost103:608882] Signal code:  (-6)
[genoahost103:608882] [ 0] /lib64/libc.so.6(+0x3fc30)[0x1473e823fc30]
[genoahost103:608882] [ 1] /lib64/libc.so.6(+0x8d02c)[0x1473e828d02c]
[genoahost103:608882] [ 2] /lib64/libc.so.6(raise+0x16)[0x1473e823fb86]
[genoahost103:608882] [ 3] /lib64/libc.so.6(abort+0xd3)[0x1473e8229873]
[genoahost103:608882] [ 4] /lib64/libc.so.6(+0x2979b)[0x1473e822979b]
[genoahost103:608882] [ 5] /lib64/libc.so.6(+0x388c6)[0x1473e82388c6]
[genoahost103:608882] [ 6] /direct/sdcc+u/poare/Grid/build/examples/./Example_spec_kryschur[0x4cc206]
[genoahost103:608882] [ 7] /direct/sdcc+u/poare/Grid/build/examples/./Example_spec_kryschur[0x4cc2f1]
[genoahost103:608882] [ 8] /direct/sdcc+u/poare/Grid/build/examples/./Example_spec_kryschur[0x4c7e95]
[genoahost103:608882] [ 9] /direct/sdcc+u/poare/Grid/build/examples/./Example_spec_kryschur[0x4b5f4f]
[genoahost103:608882] [10] /direct/sdcc+u/poare/Grid/build/examples/./Example_spec_kryschur[0x41180d]
[genoahost103:608882] [11] /lib64/libc.so.6(+0x2a610)[0x1473e822a610]
[genoahost103:608882] [12] /lib64/libc.so.6(__libc_start_main+0x80)[0x1473e822a6c0]
[genoahost103:608882] [13] /direct/sdcc+u/poare/Grid/build/examples/./Example_spec_kryschur[0x4147f5]
[genoahost103:608882] *** End of error message ***
srun: error: genoahost103: task 111: Aborted (core dumped)
srun: error: genoahost100: task 50: Aborted (core dumped)
srun: error: genoahost103: task 108: Aborted (core dumped)
srun: error: genoahost102: task 91: Aborted (core dumped)
srun: error: genoahost100: task 54: Aborted (core dumped)
srun: error: genoahost101: task 68: Aborted (core dumped)
srun: error: genoahost101: task 71: Aborted (core dumped)

__|__|__|__|__|__|__|__|__|__|__|__|__|__|__
__|__|__|__|__|__|__|__|__|__|__|__|__|__|__
__|_ |  |  |  |  |  |  |  |  |  |  |  | _|__
__|_                                    _|__
__|_   GGGG    RRRR    III    DDDD      _|__
__|_  G        R   R    I     D   D     _|__
__|_  G        R   R    I     D    D    _|__
__|_  G  GG    RRRR     I     D    D    _|__
__|_  G   G    R  R     I     D   D     _|__
__|_   GGGG    R   R   III    DDDD      _|__
__|_                                    _|__
__|__|__|__|__|__|__|__|__|__|__|__|__|__|__
__|__|__|__|__|__|__|__|__|__|__|__|__|__|__
  |  |  |  |  |  |  |  |  |  |  |  |  |  |  


Copyright (C) 2015 Peter Boyle, Azusa Yamaguchi, Guido Cossu, Antonin Portelli and other authors

This program is free software; you can redistribute it and/or modify
it under the terms of the GNU General Public License as published by
the Free Software Foundation; either version 2 of the License, or
(at your option) any later version.

This program is distributed in the hope that it will be useful,
but WITHOUT ANY WARRANTY; without even the implied warranty of
MERCHANTABILITY or FITNESS FOR A PARTICULAR PURPOSE.  See the
GNU General Public License for more details.
Current Grid git commit hash=82d411ca7bb8ec4a5b5c3815df23674cfd291070: (HEAD -> develop, origin/develop, origin/HEAD) clean

Grid : Message : ================================================ 
Grid : Message : MPI is initialised and logging filters activated 
Grid : Message : ================================================ 
Grid : Message : This rank is running on host genoahost102.sdcc.bnl.local at local time 2026-02-27 11:53:54
Grid : Message : Requested 17179869184 byte stencil comms buffers 
Grid : Message : MemoryManager::Init() setting up
Grid : Message : MemoryManager::Init() cache pool for recent host   allocations: SMALL 8 LARGE 2 HUGE 0
Grid : Message : MemoryManager::Init() cache pool for recent device allocations: SMALL 16 LARGE 8 Huge 0
Grid : Message : MemoryManager::Init() cache pool for recent shared allocations: SMALL 16 LARGE 8 Huge 0
Grid : Message : MemoryManager::Init() Unified memory space
Sorting eigenvalues using EvalReSmall
Lattice size: [16 16 16 32]
Example_spec_kryschur: ../../Grid/communicator/SharedMemoryMPI.cc:434: static void Grid::GlobalSharedMemory::OptimalCommunicatorSharedMemory(const Coordinate&, ompi_communicator_t*&, Grid::Coordinate&): Assertion `WorldSize==Nprocessors' failed.
[genoahost102:619451] *** Process received signal ***
[genoahost102:619451] Signal: Aborted (6)
[genoahost102:619451] Signal code:  (-6)
[genoahost102:619451] [ 0] /lib64/libc.so.6(+0x3fc30)[0x147b76a3fc30]
[genoahost102:619451] [ 1] /lib64/libc.so.6(+0x8d02c)[0x147b76a8d02c]
[genoahost102:619451] [ 2] /lib64/libc.so.6(raise+0x16)[0x147b76a3fb86]
[genoahost102:619451] [ 3] /lib64/libc.so.6(abort+0xd3)[0x147b76a29873]
[genoahost102:619451] [ 4] /lib64/libc.so.6(+0x2979b)[0x147b76a2979b]
[genoahost102:619451] [ 5] /lib64/libc.so.6(+0x388c6)[0x147b76a388c6]
[genoahost102:619451] [ 6] /direct/sdcc+u/poare/Grid/build/examples/./Example_spec_kryschur[0x4cc206]
[genoahost102:619451] [ 7] /direct/sdcc+u/poare/Grid/build/examples/./Example_spec_kryschur[0x4cc2f1]
[genoahost102:619451] [ 8] /direct/sdcc+u/poare/Grid/build/examples/./Example_spec_kryschur[0x4c7e95]
[genoahost102:619451] [ 9] /direct/sdcc+u/poare/Grid/build/examples/./Example_spec_kryschur[0x4b5f4f]
[genoahost102:619451] [10] /direct/sdcc+u/poare/Grid/build/examples/./Example_spec_kryschur[0x41180d]
[genoahost102:619451] [11] /lib64/libc.so.6(+0x2a610)[0x147b76a2a610]
[genoahost102:619451] [12] /lib64/libc.so.6(__libc_start_main+0x80)[0x147b76a2a6c0]
[genoahost102:619451] [13] /direct/sdcc+u/poare/Grid/build/examples/./Example_spec_kryschur[0x4147f5]
[genoahost102:619451] *** End of error message ***

__|__|__|__|__|__|__|__|__|__|__|__|__|__|__
__|__|__|__|__|__|__|__|__|__|__|__|__|__|__
__|_ |  |  |  |  |  |  |  |  |  |  |  | _|__
__|_                                    _|__
__|_   GGGG    RRRR    III    DDDD      _|__
__|_  G        R   R    I     D   D     _|__
__|_  G        R   R    I     D    D    _|__
__|_  G  GG    RRRR     I     D    D    _|__
__|_  G   G    R  R     I     D   D     _|__
__|_   GGGG    R   R   III    DDDD      _|__
__|_                                    _|__
__|__|__|__|__|__|__|__|__|__|__|__|__|__|__
__|__|__|__|__|__|__|__|__|__|__|__|__|__|__
  |  |  |  |  |  |  |  |  |  |  |  |  |  |  


Copyright (C) 2015 Peter Boyle, Azusa Yamaguchi, Guido Cossu, Antonin Portelli and other authors

This program is free software; you can redistribute it and/or modify
it under the terms of the GNU General Public License as published by
the Free Software Foundation; either version 2 of the License, or
(at your option) any later version.

This program is distributed in the hope that it will be useful,
but WITHOUT ANY WARRANTY; without even the implied warranty of
MERCHANTABILITY or FITNESS FOR A PARTICULAR PURPOSE.  See the
GNU General Public License for more details.
Current Grid git commit hash=82d411ca7bb8ec4a5b5c3815df23674cfd291070: (HEAD -> develop, origin/develop, origin/HEAD) clean

Grid : Message : ================================================ 
Grid : Message : MPI is initialised and logging filters activated 
Grid : Message : ================================================ 
Grid : Message : This rank is running on host genoahost102.sdcc.bnl.local at local time 2026-02-27 11:53:54
Grid : Message : Requested 17179869184 byte stencil comms buffers 
Grid : Message : MemoryManager::Init() setting up
Grid : Message : MemoryManager::Init() cache pool for recent host   allocations: SMALL 8 LARGE 2 HUGE 0
Grid : Message : MemoryManager::Init() cache pool for recent device allocations: SMALL 16 LARGE 8 Huge 0
Grid : Message : MemoryManager::Init() cache pool for recent shared allocations: SMALL 16 LARGE 8 Huge 0
Grid : Message : MemoryManager::Init() Unified memory space
Sorting eigenvalues using EvalReSmall
Lattice size: [16 16 16 32]
Example_spec_kryschur: ../../Grid/communicator/SharedMemoryMPI.cc:434: static void Grid::GlobalSharedMemory::OptimalCommunicatorSharedMemory(const Coordinate&, ompi_communicator_t*&, Grid::Coordinate&): Assertion `WorldSize==Nprocessors' failed.
[genoahost102:619456] *** Process received signal ***
[genoahost102:619456] Signal: Aborted (6)
[genoahost102:619456] Signal code:  (-6)
[genoahost102:619456] [ 0] /lib64/libc.so.6(+0x3fc30)[0x14730bc3fc30]
[genoahost102:619456] [ 1] /lib64/libc.so.6(+0x8d02c)[0x14730bc8d02c]
[genoahost102:619456] [ 2] /lib64/libc.so.6(raise+0x16)[0x14730bc3fb86]
[genoahost102:619456] [ 3] /lib64/libc.so.6(abort+0xd3)[0x14730bc29873]
[genoahost102:619456] [ 4] /lib64/libc.so.6(+0x2979b)[0x14730bc2979b]
[genoahost102:619456] [ 5] /lib64/libc.so.6(+0x388c6)[0x14730bc388c6]
[genoahost102:619456] [ 6] /direct/sdcc+u/poare/Grid/build/examples/./Example_spec_kryschur[0x4cc206]
[genoahost102:619456] [ 7] /direct/sdcc+u/poare/Grid/build/examples/./Example_spec_kryschur[0x4cc2f1]
[genoahost102:619456] [ 8] /direct/sdcc+u/poare/Grid/build/examples/./Example_spec_kryschur[0x4c7e95]
[genoahost102:619456] [ 9] /direct/sdcc+u/poare/Grid/build/examples/./Example_spec_kryschur[0x4b5f4f]
[genoahost102:619456] [10] /direct/sdcc+u/poare/Grid/build/examples/./Example_spec_kryschur[0x41180d]
[genoahost102:619456] [11] /lib64/libc.so.6(+0x2a610)[0x14730bc2a610]
[genoahost102:619456] [12] /lib64/libc.so.6(__libc_start_main+0x80)[0x14730bc2a6c0]
[genoahost102:619456] [13] /direct/sdcc+u/poare/Grid/build/examples/./Example_spec_kryschur[0x4147f5]
[genoahost102:619456] *** End of error message ***
srun: error: genoahost101: tasks 70,75: Aborted (core dumped)

__|__|__|__|__|__|__|__|__|__|__|__|__|__|__
__|__|__|__|__|__|__|__|__|__|__|__|__|__|__
__|_ |  |  |  |  |  |  |  |  |  |  |  | _|__
__|_                                    _|__
__|_   GGGG    RRRR    III    DDDD      _|__
__|_  G        R   R    I     D   D     _|__
__|_  G        R   R    I     D    D    _|__
__|_  G  GG    RRRR     I     D    D    _|__
__|_  G   G    R  R     I     D   D     _|__
__|_   GGGG    R   R   III    DDDD      _|__
__|_                                    _|__
__|__|__|__|__|__|__|__|__|__|__|__|__|__|__
__|__|__|__|__|__|__|__|__|__|__|__|__|__|__
  |  |  |  |  |  |  |  |  |  |  |  |  |  |  


Copyright (C) 2015 Peter Boyle, Azusa Yamaguchi, Guido Cossu, Antonin Portelli and other authors

This program is free software; you can redistribute it and/or modify
it under the terms of the GNU General Public License as published by
the Free Software Foundation; either version 2 of the License, or
(at your option) any later version.

This program is distributed in the hope that it will be useful,
but WITHOUT ANY WARRANTY; without even the implied warranty of
MERCHANTABILITY or FITNESS FOR A PARTICULAR PURPOSE.  See the
GNU General Public License for more details.
Current Grid git commit hash=82d411ca7bb8ec4a5b5c3815df23674cfd291070: (HEAD -> develop, origin/develop, origin/HEAD) clean

Grid : Message : ================================================ 
Grid : Message : MPI is initialised and logging filters activated 
Grid : Message : ================================================ 
Grid : Message : This rank is running on host genoahost097.sdcc.bnl.local at local time 2026-02-27 11:54:04
Grid : Message : Requested 17179869184 byte stencil comms buffers 
Grid : Message : MemoryManager::Init() setting up
Grid : Message : MemoryManager::Init() cache pool for recent host   allocations: SMALL 8 LARGE 2 HUGE 0
Grid : Message : MemoryManager::Init() cache pool for recent device allocations: SMALL 16 LARGE 8 Huge 0
Grid : Message : MemoryManager::Init() cache pool for recent shared allocations: SMALL 16 LARGE 8 Huge 0
Grid : Message : MemoryManager::Init() Unified memory space
Sorting eigenvalues using EvalReSmall
Lattice size: [16 16 16 32]
Example_spec_kryschur: ../../Grid/communicator/SharedMemoryMPI.cc:434: static void Grid::GlobalSharedMemory::OptimalCommunicatorSharedMemory(const Coordinate&, ompi_communicator_t*&, Grid::Coordinate&): Assertion `WorldSize==Nprocessors' failed.
[genoahost097:1722547] *** Process received signal ***
[genoahost097:1722547] Signal: Aborted (6)
[genoahost097:1722547] Signal code:  (-6)
[genoahost097:1722547] [ 0] /lib64/libc.so.6(+0x3fc30)[0x14c4f103fc30]
[genoahost097:1722547] [ 1] /lib64/libc.so.6(+0x8d02c)[0x14c4f108d02c]
[genoahost097:1722547] [ 2] /lib64/libc.so.6(raise+0x16)[0x14c4f103fb86]
[genoahost097:1722547] [ 3] /lib64/libc.so.6(abort+0xd3)[0x14c4f1029873]
[genoahost097:1722547] [ 4] /lib64/libc.so.6(+0x2979b)[0x14c4f102979b]
[genoahost097:1722547] [ 5] /lib64/libc.so.6(+0x388c6)[0x14c4f10388c6]
[genoahost097:1722547] [ 6] /direct/sdcc+u/poare/Grid/build/examples/./Example_spec_kryschur[0x4cc206]
[genoahost097:1722547] [ 7] /direct/sdcc+u/poare/Grid/build/examples/./Example_spec_kryschur[0x4cc2f1]
[genoahost097:1722547] [ 8] /direct/sdcc+u/poare/Grid/build/examples/./Example_spec_kryschur[0x4c7e95]
[genoahost097:1722547] [ 9] /direct/sdcc+u/poare/Grid/build/examples/./Example_spec_kryschur[0x4b5f4f]
[genoahost097:1722547] [10] /direct/sdcc+u/poare/Grid/build/examples/./Example_spec_kryschur[0x41180d]
[genoahost097:1722547] [11] /lib64/libc.so.6(+0x2a610)[0x14c4f102a610]
[genoahost097:1722547] [12] /lib64/libc.so.6(__libc_start_main+0x80)[0x14c4f102a6c0]
[genoahost097:1722547] [13] /direct/sdcc+u/poare/Grid/build/examples/./Example_spec_kryschur[0x4147f5]
[genoahost097:1722547] *** End of error message ***

__|__|__|__|__|__|__|__|__|__|__|__|__|__|__
__|__|__|__|__|__|__|__|__|__|__|__|__|__|__
__|_ |  |  |  |  |  |  |  |  |  |  |  | _|__
__|_                                    _|__
__|_   GGGG    RRRR    III    DDDD      _|__
__|_  G        R   R    I     D   D     _|__
__|_  G        R   R    I     D    D    _|__
__|_  G  GG    RRRR     I     D    D    _|__
__|_  G   G    R  R     I     D   D     _|__
__|_   GGGG    R   R   III    DDDD      _|__
__|_                                    _|__
__|__|__|__|__|__|__|__|__|__|__|__|__|__|__
__|__|__|__|__|__|__|__|__|__|__|__|__|__|__
  |  |  |  |  |  |  |  |  |  |  |  |  |  |  


Copyright (C) 2015 Peter Boyle, Azusa Yamaguchi, Guido Cossu, Antonin Portelli and other authors

This program is free software; you can redistribute it and/or modify
it under the terms of the GNU General Public License as published by
the Free Software Foundation; either version 2 of the License, or
(at your option) any later version.

This program is distributed in the hope that it will be useful,
but WITHOUT ANY WARRANTY; without even the implied warranty of
MERCHANTABILITY or FITNESS FOR A PARTICULAR PURPOSE.  See the
GNU General Public License for more details.
Current Grid git commit hash=82d411ca7bb8ec4a5b5c3815df23674cfd291070: (HEAD -> develop, origin/develop, origin/HEAD) clean

Grid : Message : ================================================ 
Grid : Message : MPI is initialised and logging filters activated 
Grid : Message : ================================================ 
Grid : Message : This rank is running on host genoahost097.sdcc.bnl.local at local time 2026-02-27 11:54:04
Grid : Message : Requested 17179869184 byte stencil comms buffers 
Grid : Message : MemoryManager::Init() setting up
Grid : Message : MemoryManager::Init() cache pool for recent host   allocations: SMALL 8 LARGE 2 HUGE 0
Grid : Message : MemoryManager::Init() cache pool for recent device allocations: SMALL 16 LARGE 8 Huge 0
Grid : Message : MemoryManager::Init() cache pool for recent shared allocations: SMALL 16 LARGE 8 Huge 0
Grid : Message : MemoryManager::Init() Unified memory space
Sorting eigenvalues using EvalReSmall
Lattice size: [16 16 16 32]
Example_spec_kryschur: ../../Grid/communicator/SharedMemoryMPI.cc:434: static void Grid::GlobalSharedMemory::OptimalCommunicatorSharedMemory(const Coordinate&, ompi_communicator_t*&, Grid::Coordinate&): Assertion `WorldSize==Nprocessors' failed.
[genoahost097:1722545] *** Process received signal ***
[genoahost097:1722545] Signal: Aborted (6)
[genoahost097:1722545] Signal code:  (-6)
[genoahost097:1722545] [ 0] /lib64/libc.so.6(+0x3fc30)[0x14a64a83fc30]
[genoahost097:1722545] [ 1] /lib64/libc.so.6(+0x8d02c)[0x14a64a88d02c]
[genoahost097:1722545] [ 2] /lib64/libc.so.6(raise+0x16)[0x14a64a83fb86]
[genoahost097:1722545] [ 3] /lib64/libc.so.6(abort+0xd3)[0x14a64a829873]
[genoahost097:1722545] [ 4] /lib64/libc.so.6(+0x2979b)[0x14a64a82979b]
[genoahost097:1722545] [ 5] /lib64/libc.so.6(+0x388c6)[0x14a64a8388c6]
[genoahost097:1722545] [ 6] /direct/sdcc+u/poare/Grid/build/examples/./Example_spec_kryschur[0x4cc206]
[genoahost097:1722545] [ 7] /direct/sdcc+u/poare/Grid/build/examples/./Example_spec_kryschur[0x4cc2f1]
[genoahost097:1722545] [ 8] /direct/sdcc+u/poare/Grid/build/examples/./Example_spec_kryschur[0x4c7e95]
[genoahost097:1722545] [ 9] /direct/sdcc+u/poare/Grid/build/examples/./Example_spec_kryschur[0x4b5f4f]
[genoahost097:1722545] [10] /direct/sdcc+u/poare/Grid/build/examples/./Example_spec_kryschur[0x41180d]
[genoahost097:1722545] [11] /lib64/libc.so.6(+0x2a610)[0x14a64a82a610]
[genoahost097:1722545] [12] /lib64/libc.so.6(__libc_start_main+0x80)[0x14a64a82a6c0]
[genoahost097:1722545] [13] /direct/sdcc+u/poare/Grid/build/examples/./Example_spec_kryschur[0x4147f5]
[genoahost097:1722545] *** End of error message ***

__|__|__|__|__|__|__|__|__|__|__|__|__|__|__
__|__|__|__|__|__|__|__|__|__|__|__|__|__|__
__|_ |  |  |  |  |  |  |  |  |  |  |  | _|__
__|_                                    _|__
__|_   GGGG    RRRR    III    DDDD      _|__
__|_  G        R   R    I     D   D     _|__
__|_  G        R   R    I     D    D    _|__
__|_  G  GG    RRRR     I     D    D    _|__
__|_  G   G    R  R     I     D   D     _|__
__|_   GGGG    R   R   III    DDDD      _|__
__|_                                    _|__
__|__|__|__|__|__|__|__|__|__|__|__|__|__|__
__|__|__|__|__|__|__|__|__|__|__|__|__|__|__
  |  |  |  |  |  |  |  |  |  |  |  |  |  |  


Copyright (C) 2015 Peter Boyle, Azusa Yamaguchi, Guido Cossu, Antonin Portelli and other authors

This program is free software; you can redistribute it and/or modify
it under the terms of the GNU General Public License as published by
the Free Software Foundation; either version 2 of the License, or
(at your option) any later version.

This program is distributed in the hope that it will be useful,
but WITHOUT ANY WARRANTY; without even the implied warranty of
MERCHANTABILITY or FITNESS FOR A PARTICULAR PURPOSE.  See the
GNU General Public License for more details.
Current Grid git commit hash=82d411ca7bb8ec4a5b5c3815df23674cfd291070: (HEAD -> develop, origin/develop, origin/HEAD) clean

Grid : Message : ================================================ 
Grid : Message : MPI is initialised and logging filters activated 
Grid : Message : ================================================ 
Grid : Message : This rank is running on host genoahost097.sdcc.bnl.local at local time 2026-02-27 11:54:04
Grid : Message : Requested 17179869184 byte stencil comms buffers 
Grid : Message : MemoryManager::Init() setting up
Grid : Message : MemoryManager::Init() cache pool for recent host   allocations: SMALL 8 LARGE 2 HUGE 0
Grid : Message : MemoryManager::Init() cache pool for recent device allocations: SMALL 16 LARGE 8 Huge 0
Grid : Message : MemoryManager::Init() cache pool for recent shared allocations: SMALL 16 LARGE 8 Huge 0
Grid : Message : MemoryManager::Init() Unified memory space
Sorting eigenvalues using EvalReSmall
Lattice size: [16 16 16 32]
Example_spec_kryschur: ../../Grid/communicator/SharedMemoryMPI.cc:434: static void Grid::GlobalSharedMemory::OptimalCommunicatorSharedMemory(const Coordinate&, ompi_communicator_t*&, Grid::Coordinate&): Assertion `WorldSize==Nprocessors' failed.
[genoahost097:1722542] *** Process received signal ***
[genoahost097:1722542] Signal: Aborted (6)
[genoahost097:1722542] Signal code:  (-6)
[genoahost097:1722542] [ 0] /lib64/libc.so.6(+0x3fc30)[0x152f3283fc30]
[genoahost097:1722542] [ 1] /lib64/libc.so.6(+0x8d02c)[0x152f3288d02c]
[genoahost097:1722542] [ 2] /lib64/libc.so.6(raise+0x16)[0x152f3283fb86]
[genoahost097:1722542] [ 3] /lib64/libc.so.6(abort+0xd3)[0x152f32829873]
[genoahost097:1722542] [ 4] /lib64/libc.so.6(+0x2979b)[0x152f3282979b]
[genoahost097:1722542] [ 5] /lib64/libc.so.6(+0x388c6)[0x152f328388c6]
[genoahost097:1722542] [ 6] /direct/sdcc+u/poare/Grid/build/examples/./Example_spec_kryschur[0x4cc206]
[genoahost097:1722542] [ 7] /direct/sdcc+u/poare/Grid/build/examples/./Example_spec_kryschur[0x4cc2f1]
[genoahost097:1722542] [ 8] /direct/sdcc+u/poare/Grid/build/examples/./Example_spec_kryschur[0x4c7e95]
[genoahost097:1722542] [ 9] /direct/sdcc+u/poare/Grid/build/examples/./Example_spec_kryschur[0x4b5f4f]
[genoahost097:1722542] [10] /direct/sdcc+u/poare/Grid/build/examples/./Example_spec_kryschur[0x41180d]
[genoahost097:1722542] [11] /lib64/libc.so.6(+0x2a610)[0x152f3282a610]
[genoahost097:1722542] [12] /lib64/libc.so.6(__libc_start_main+0x80)[0x152f3282a6c0]
[genoahost097:1722542] [13] /direct/sdcc+u/poare/Grid/build/examples/./Example_spec_kryschur[0x4147f5]
[genoahost097:1722542] *** End of error message ***

__|__|__|__|__|__|__|__|__|__|__|__|__|__|__
__|__|__|__|__|__|__|__|__|__|__|__|__|__|__
__|_ |  |  |  |  |  |  |  |  |  |  |  | _|__
__|_                                    _|__
__|_   GGGG    RRRR    III    DDDD      _|__
__|_  G        R   R    I     D   D     _|__
__|_  G        R   R    I     D    D    _|__
__|_  G  GG    RRRR     I     D    D    _|__
__|_  G   G    R  R     I     D   D     _|__
__|_   GGGG    R   R   III    DDDD      _|__
__|_                                    _|__
__|__|__|__|__|__|__|__|__|__|__|__|__|__|__
__|__|__|__|__|__|__|__|__|__|__|__|__|__|__
  |  |  |  |  |  |  |  |  |  |  |  |  |  |  


Copyright (C) 2015 Peter Boyle, Azusa Yamaguchi, Guido Cossu, Antonin Portelli and other authors

This program is free software; you can redistribute it and/or modify
it under the terms of the GNU General Public License as published by
the Free Software Foundation; either version 2 of the License, or
(at your option) any later version.

This program is distributed in the hope that it will be useful,
but WITHOUT ANY WARRANTY; without even the implied warranty of
MERCHANTABILITY or FITNESS FOR A PARTICULAR PURPOSE.  See the
GNU General Public License for more details.
Current Grid git commit hash=82d411ca7bb8ec4a5b5c3815df23674cfd291070: (HEAD -> develop, origin/develop, origin/HEAD) clean

Grid : Message : ================================================ 
Grid : Message : MPI is initialised and logging filters activated 
Grid : Message : ================================================ 
Grid : Message : This rank is running on host genoahost102.sdcc.bnl.local at local time 2026-02-27 11:54:05
Grid : Message : Requested 17179869184 byte stencil comms buffers 
Grid : Message : MemoryManager::Init() setting up
Grid : Message : MemoryManager::Init() cache pool for recent host   allocations: SMALL 8 LARGE 2 HUGE 0
Grid : Message : MemoryManager::Init() cache pool for recent device allocations: SMALL 16 LARGE 8 Huge 0
Grid : Message : MemoryManager::Init() cache pool for recent shared allocations: SMALL 16 LARGE 8 Huge 0
Grid : Message : MemoryManager::Init() Unified memory space
Sorting eigenvalues using EvalReSmall
Lattice size: [16 16 16 32]
Example_spec_kryschur: ../../Grid/communicator/SharedMemoryMPI.cc:434: static void Grid::GlobalSharedMemory::OptimalCommunicatorSharedMemory(const Coordinate&, ompi_communicator_t*&, Grid::Coordinate&): Assertion `WorldSize==Nprocessors' failed.
[genoahost102:619449] *** Process received signal ***
[genoahost102:619449] Signal: Aborted (6)
[genoahost102:619449] Signal code:  (-6)
[genoahost102:619449] [ 0] /lib64/libc.so.6(+0x3fc30)[0x150d6823fc30]
[genoahost102:619449] [ 1] /lib64/libc.so.6(+0x8d02c)[0x150d6828d02c]
[genoahost102:619449] [ 2] /lib64/libc.so.6(raise+0x16)[0x150d6823fb86]
[genoahost102:619449] [ 3] /lib64/libc.so.6(abort+0xd3)[0x150d68229873]
[genoahost102:619449] [ 4] /lib64/libc.so.6(+0x2979b)[0x150d6822979b]
[genoahost102:619449] [ 5] /lib64/libc.so.6(+0x388c6)[0x150d682388c6]
[genoahost102:619449] [ 6] /direct/sdcc+u/poare/Grid/build/examples/./Example_spec_kryschur[0x4cc206]
[genoahost102:619449] [ 7] /direct/sdcc+u/poare/Grid/build/examples/./Example_spec_kryschur[0x4cc2f1]
[genoahost102:619449] [ 8] /direct/sdcc+u/poare/Grid/build/examples/./Example_spec_kryschur[0x4c7e95]
[genoahost102:619449] [ 9] /direct/sdcc+u/poare/Grid/build/examples/./Example_spec_kryschur[0x4b5f4f]
[genoahost102:619449] [10] /direct/sdcc+u/poare/Grid/build/examples/./Example_spec_kryschur[0x41180d]
[genoahost102:619449] [11] /lib64/libc.so.6(+0x2a610)[0x150d6822a610]
[genoahost102:619449] [12] /lib64/libc.so.6(__libc_start_main+0x80)[0x150d6822a6c0]
[genoahost102:619449] [13] /direct/sdcc+u/poare/Grid/build/examples/./Example_spec_kryschur[0x4147f5]
[genoahost102:619449] *** End of error message ***

__|__|__|__|__|__|__|__|__|__|__|__|__|__|__
__|__|__|__|__|__|__|__|__|__|__|__|__|__|__
__|_ |  |  |  |  |  |  |  |  |  |  |  | _|__
__|_                                    _|__
__|_   GGGG    RRRR    III    DDDD      _|__
__|_  G        R   R    I     D   D     _|__
__|_  G        R   R    I     D    D    _|__
__|_  G  GG    RRRR     I     D    D    _|__
__|_  G   G    R  R     I     D   D     _|__
__|_   GGGG    R   R   III    DDDD      _|__
__|_                                    _|__
__|__|__|__|__|__|__|__|__|__|__|__|__|__|__
__|__|__|__|__|__|__|__|__|__|__|__|__|__|__
  |  |  |  |  |  |  |  |  |  |  |  |  |  |  


Copyright (C) 2015 Peter Boyle, Azusa Yamaguchi, Guido Cossu, Antonin Portelli and other authors

This program is free software; you can redistribute it and/or modify
it under the terms of the GNU General Public License as published by
the Free Software Foundation; either version 2 of the License, or
(at your option) any later version.

This program is distributed in the hope that it will be useful,
but WITHOUT ANY WARRANTY; without even the implied warranty of
MERCHANTABILITY or FITNESS FOR A PARTICULAR PURPOSE.  See the
GNU General Public License for more details.
Current Grid git commit hash=82d411ca7bb8ec4a5b5c3815df23674cfd291070: (HEAD -> develop, origin/develop, origin/HEAD) clean

Grid : Message : ================================================ 
Grid : Message : MPI is initialised and logging filters activated 
Grid : Message : ================================================ 
Grid : Message : This rank is running on host genoahost102.sdcc.bnl.local at local time 2026-02-27 11:54:05
Grid : Message : Requested 17179869184 byte stencil comms buffers 
Grid : Message : MemoryManager::Init() setting up
Grid : Message : MemoryManager::Init() cache pool for recent host   allocations: SMALL 8 LARGE 2 HUGE 0
Grid : Message : MemoryManager::Init() cache pool for recent device allocations: SMALL 16 LARGE 8 Huge 0
Grid : Message : MemoryManager::Init() cache pool for recent shared allocations: SMALL 16 LARGE 8 Huge 0
Grid : Message : MemoryManager::Init() Unified memory space
Sorting eigenvalues using EvalReSmall
Lattice size: [16 16 16 32]
Example_spec_kryschur: ../../Grid/communicator/SharedMemoryMPI.cc:434: static void Grid::GlobalSharedMemory::OptimalCommunicatorSharedMemory(const Coordinate&, ompi_communicator_t*&, Grid::Coordinate&): Assertion `WorldSize==Nprocessors' failed.
[genoahost102:619446] *** Process received signal ***
[genoahost102:619446] Signal: Aborted (6)
[genoahost102:619446] Signal code:  (-6)
[genoahost102:619446] [ 0] /lib64/libc.so.6(+0x3fc30)[0x154c78e3fc30]
[genoahost102:619446] [ 1] /lib64/libc.so.6(+0x8d02c)[0x154c78e8d02c]
[genoahost102:619446] [ 2] /lib64/libc.so.6(raise+0x16)[0x154c78e3fb86]
[genoahost102:619446] [ 3] /lib64/libc.so.6(abort+0xd3)[0x154c78e29873]
[genoahost102:619446] [ 4] /lib64/libc.so.6(+0x2979b)[0x154c78e2979b]
[genoahost102:619446] [ 5] /lib64/libc.so.6(+0x388c6)[0x154c78e388c6]
[genoahost102:619446] [ 6] /direct/sdcc+u/poare/Grid/build/examples/./Example_spec_kryschur[0x4cc206]
[genoahost102:619446] [ 7] /direct/sdcc+u/poare/Grid/build/examples/./Example_spec_kryschur[0x4cc2f1]
[genoahost102:619446] [ 8] /direct/sdcc+u/poare/Grid/build/examples/./Example_spec_kryschur[0x4c7e95]
[genoahost102:619446] [ 9] /direct/sdcc+u/poare/Grid/build/examples/./Example_spec_kryschur[0x4b5f4f]
[genoahost102:619446] [10] /direct/sdcc+u/poare/Grid/build/examples/./Example_spec_kryschur[0x41180d]
[genoahost102:619446] [11] /lib64/libc.so.6(+0x2a610)[0x154c78e2a610]
[genoahost102:619446] [12] /lib64/libc.so.6(__libc_start_main+0x80)[0x154c78e2a6c0]
[genoahost102:619446] [13] /direct/sdcc+u/poare/Grid/build/examples/./Example_spec_kryschur[0x4147f5]
[genoahost102:619446] *** End of error message ***

__|__|__|__|__|__|__|__|__|__|__|__|__|__|__
__|__|__|__|__|__|__|__|__|__|__|__|__|__|__
__|_ |  |  |  |  |  |  |  |  |  |  |  | _|__
__|_                                    _|__
__|_   GGGG    RRRR    III    DDDD      _|__
__|_  G        R   R    I     D   D     _|__
__|_  G        R   R    I     D    D    _|__
__|_  G  GG    RRRR     I     D    D    _|__
__|_  G   G    R  R     I     D   D     _|__
__|_   GGGG    R   R   III    DDDD      _|__
__|_                                    _|__
__|__|__|__|__|__|__|__|__|__|__|__|__|__|__
__|__|__|__|__|__|__|__|__|__|__|__|__|__|__
  |  |  |  |  |  |  |  |  |  |  |  |  |  |  


Copyright (C) 2015 Peter Boyle, Azusa Yamaguchi, Guido Cossu, Antonin Portelli and other authors

This program is free software; you can redistribute it and/or modify
it under the terms of the GNU General Public License as published by
the Free Software Foundation; either version 2 of the License, or
(at your option) any later version.

This program is distributed in the hope that it will be useful,
but WITHOUT ANY WARRANTY; without even the implied warranty of
MERCHANTABILITY or FITNESS FOR A PARTICULAR PURPOSE.  See the
GNU General Public License for more details.
Current Grid git commit hash=82d411ca7bb8ec4a5b5c3815df23674cfd291070: (HEAD -> develop, origin/develop, origin/HEAD) clean

Grid : Message : ================================================ 
Grid : Message : MPI is initialised and logging filters activated 
Grid : Message : ================================================ 
Grid : Message : This rank is running on host genoahost097.sdcc.bnl.local at local time 2026-02-27 11:54:05
Grid : Message : Requested 17179869184 byte stencil comms buffers 
Grid : Message : MemoryManager::Init() setting up
Grid : Message : MemoryManager::Init() cache pool for recent host   allocations: SMALL 8 LARGE 2 HUGE 0
Grid : Message : MemoryManager::Init() cache pool for recent device allocations: SMALL 16 LARGE 8 Huge 0
Grid : Message : MemoryManager::Init() cache pool for recent shared allocations: SMALL 16 LARGE 8 Huge 0
Grid : Message : MemoryManager::Init() Unified memory space
Sorting eigenvalues using EvalReSmall
Lattice size: [16 16 16 32]
Example_spec_kryschur: ../../Grid/communicator/SharedMemoryMPI.cc:434: static void Grid::GlobalSharedMemory::OptimalCommunicatorSharedMemory(const Coordinate&, ompi_communicator_t*&, Grid::Coordinate&): Assertion `WorldSize==Nprocessors' failed.
[genoahost097:1722555] *** Process received signal ***
[genoahost097:1722555] Signal: Aborted (6)
[genoahost097:1722555] Signal code:  (-6)
[genoahost097:1722555] [ 0] /lib64/libc.so.6(+0x3fc30)[0x148a4583fc30]
[genoahost097:1722555] [ 1] /lib64/libc.so.6(+0x8d02c)[0x148a4588d02c]
[genoahost097:1722555] [ 2] /lib64/libc.so.6(raise+0x16)[0x148a4583fb86]
[genoahost097:1722555] [ 3] /lib64/libc.so.6(abort+0xd3)[0x148a45829873]
[genoahost097:1722555] [ 4] /lib64/libc.so.6(+0x2979b)[0x148a4582979b]
[genoahost097:1722555] [ 5] /lib64/libc.so.6(+0x388c6)[0x148a458388c6]
[genoahost097:1722555] [ 6] /direct/sdcc+u/poare/Grid/build/examples/./Example_spec_kryschur[0x4cc206]
[genoahost097:1722555] [ 7] /direct/sdcc+u/poare/Grid/build/examples/./Example_spec_kryschur[0x4cc2f1]
[genoahost097:1722555] [ 8] /direct/sdcc+u/poare/Grid/build/examples/./Example_spec_kryschur[0x4c7e95]
[genoahost097:1722555] [ 9] /direct/sdcc+u/poare/Grid/build/examples/./Example_spec_kryschur[0x4b5f4f]
[genoahost097:1722555] [10] /direct/sdcc+u/poare/Grid/build/examples/./Example_spec_kryschur[0x41180d]
[genoahost097:1722555] [11] /lib64/libc.so.6(+0x2a610)[0x148a4582a610]
[genoahost097:1722555] [12] /lib64/libc.so.6(__libc_start_main+0x80)[0x148a4582a6c0]
[genoahost097:1722555] [13] /direct/sdcc+u/poare/Grid/build/examples/./Example_spec_kryschur[0x4147f5]
[genoahost097:1722555] *** End of error message ***

__|__|__|__|__|__|__|__|__|__|__|__|__|__|__
__|__|__|__|__|__|__|__|__|__|__|__|__|__|__
__|_ |  |  |  |  |  |  |  |  |  |  |  | _|__
__|_                                    _|__
__|_   GGGG    RRRR    III    DDDD      _|__
__|_  G        R   R    I     D   D     _|__
__|_  G        R   R    I     D    D    _|__
__|_  G  GG    RRRR     I     D    D    _|__
__|_  G   G    R  R     I     D   D     _|__
__|_   GGGG    R   R   III    DDDD      _|__
__|_                                    _|__
__|__|__|__|__|__|__|__|__|__|__|__|__|__|__
__|__|__|__|__|__|__|__|__|__|__|__|__|__|__
  |  |  |  |  |  |  |  |  |  |  |  |  |  |  


Copyright (C) 2015 Peter Boyle, Azusa Yamaguchi, Guido Cossu, Antonin Portelli and other authors

This program is free software; you can redistribute it and/or modify
it under the terms of the GNU General Public License as published by
the Free Software Foundation; either version 2 of the License, or
(at your option) any later version.

This program is distributed in the hope that it will be useful,
but WITHOUT ANY WARRANTY; without even the implied warranty of
MERCHANTABILITY or FITNESS FOR A PARTICULAR PURPOSE.  See the
GNU General Public License for more details.
Current Grid git commit hash=82d411ca7bb8ec4a5b5c3815df23674cfd291070: (HEAD -> develop, origin/develop, origin/HEAD) clean

Grid : Message : ================================================ 
Grid : Message : MPI is initialised and logging filters activated 
Grid : Message : ================================================ 
Grid : Message : This rank is running on host genoahost097.sdcc.bnl.local at local time 2026-02-27 11:54:06
Grid : Message : Requested 17179869184 byte stencil comms buffers 
Grid : Message : MemoryManager::Init() setting up
Grid : Message : MemoryManager::Init() cache pool for recent host   allocations: SMALL 8 LARGE 2 HUGE 0
Grid : Message : MemoryManager::Init() cache pool for recent device allocations: SMALL 16 LARGE 8 Huge 0
Grid : Message : MemoryManager::Init() cache pool for recent shared allocations: SMALL 16 LARGE 8 Huge 0
Grid : Message : MemoryManager::Init() Unified memory space
Sorting eigenvalues using EvalReSmall
Lattice size: [16 16 16 32]
Example_spec_kryschur: ../../Grid/communicator/SharedMemoryMPI.cc:434: static void Grid::GlobalSharedMemory::OptimalCommunicatorSharedMemory(const Coordinate&, ompi_communicator_t*&, Grid::Coordinate&): Assertion `WorldSize==Nprocessors' failed.
[genoahost097:1722554] *** Process received signal ***
[genoahost097:1722554] Signal: Aborted (6)
[genoahost097:1722554] Signal code:  (-6)
[genoahost097:1722554] [ 0] /lib64/libc.so.6(+0x3fc30)[0x1529e0c3fc30]
[genoahost097:1722554] [ 1] /lib64/libc.so.6(+0x8d02c)[0x1529e0c8d02c]
[genoahost097:1722554] [ 2] /lib64/libc.so.6(raise+0x16)[0x1529e0c3fb86]
[genoahost097:1722554] [ 3] /lib64/libc.so.6(abort+0xd3)[0x1529e0c29873]
[genoahost097:1722554] [ 4] /lib64/libc.so.6(+0x2979b)[0x1529e0c2979b]
[genoahost097:1722554] [ 5] /lib64/libc.so.6(+0x388c6)[0x1529e0c388c6]
[genoahost097:1722554] [ 6] /direct/sdcc+u/poare/Grid/build/examples/./Example_spec_kryschur[0x4cc206]
[genoahost097:1722554] [ 7] /direct/sdcc+u/poare/Grid/build/examples/./Example_spec_kryschur[0x4cc2f1]
[genoahost097:1722554] [ 8] /direct/sdcc+u/poare/Grid/build/examples/./Example_spec_kryschur[0x4c7e95]
[genoahost097:1722554] [ 9] /direct/sdcc+u/poare/Grid/build/examples/./Example_spec_kryschur[0x4b5f4f]
[genoahost097:1722554] [10] /direct/sdcc+u/poare/Grid/build/examples/./Example_spec_kryschur[0x41180d]
[genoahost097:1722554] [11] /lib64/libc.so.6(+0x2a610)[0x1529e0c2a610]
[genoahost097:1722554] [12] /lib64/libc.so.6(__libc_start_main+0x80)[0x1529e0c2a6c0]
[genoahost097:1722554] [13] /direct/sdcc+u/poare/Grid/build/examples/./Example_spec_kryschur[0x4147f5]
[genoahost097:1722554] *** End of error message ***
srun: error: genoahost102: task 95: Aborted (core dumped)
srun: error: genoahost102: task 90: Aborted (core dumped)
srun: error: genoahost097: task 0: Aborted (core dumped)
srun: error: genoahost097: task 7: Aborted (core dumped)
srun: error: genoahost097: tasks 5,12: Aborted (core dumped)

__|__|__|__|__|__|__|__|__|__|__|__|__|__|__
__|__|__|__|__|__|__|__|__|__|__|__|__|__|__
__|_ |  |  |  |  |  |  |  |  |  |  |  | _|__
__|_                                    _|__
__|_   GGGG    RRRR    III    DDDD      _|__
__|_  G        R   R    I     D   D     _|__
__|_  G        R   R    I     D    D    _|__
__|_  G  GG    RRRR     I     D    D    _|__
__|_  G   G    R  R     I     D   D     _|__
__|_   GGGG    R   R   III    DDDD      _|__
__|_                                    _|__
__|__|__|__|__|__|__|__|__|__|__|__|__|__|__
__|__|__|__|__|__|__|__|__|__|__|__|__|__|__
  |  |  |  |  |  |  |  |  |  |  |  |  |  |  


Copyright (C) 2015 Peter Boyle, Azusa Yamaguchi, Guido Cossu, Antonin Portelli and other authors

This program is free software; you can redistribute it and/or modify
it under the terms of the GNU General Public License as published by
the Free Software Foundation; either version 2 of the License, or
(at your option) any later version.

This program is distributed in the hope that it will be useful,
but WITHOUT ANY WARRANTY; without even the implied warranty of
MERCHANTABILITY or FITNESS FOR A PARTICULAR PURPOSE.  See the
GNU General Public License for more details.
Current Grid git commit hash=82d411ca7bb8ec4a5b5c3815df23674cfd291070: (HEAD -> develop, origin/develop, origin/HEAD) clean

Grid : Message : ================================================ 
Grid : Message : MPI is initialised and logging filters activated 
Grid : Message : ================================================ 
Grid : Message : This rank is running on host genoahost104.sdcc.bnl.local at local time 2026-02-27 11:54:09
Grid : Message : Requested 17179869184 byte stencil comms buffers 
Grid : Message : MemoryManager::Init() setting up
Grid : Message : MemoryManager::Init() cache pool for recent host   allocations: SMALL 8 LARGE 2 HUGE 0
Grid : Message : MemoryManager::Init() cache pool for recent device allocations: SMALL 16 LARGE 8 Huge 0
Grid : Message : MemoryManager::Init() cache pool for recent shared allocations: SMALL 16 LARGE 8 Huge 0
Grid : Message : MemoryManager::Init() Unified memory space
Sorting eigenvalues using EvalReSmall
Lattice size: [16 16 16 32]
Example_spec_kryschur: ../../Grid/communicator/SharedMemoryMPI.cc:434: static void Grid::GlobalSharedMemory::OptimalCommunicatorSharedMemory(const Coordinate&, ompi_communicator_t*&, Grid::Coordinate&): Assertion `WorldSize==Nprocessors' failed.
[genoahost104:620337] *** Process received signal ***
[genoahost104:620337] Signal: Aborted (6)
[genoahost104:620337] Signal code:  (-6)
[genoahost104:620337] [ 0] /lib64/libc.so.6(+0x3fc30)[0x15326983fc30]
[genoahost104:620337] [ 1] /lib64/libc.so.6(+0x8d02c)[0x15326988d02c]
[genoahost104:620337] [ 2] /lib64/libc.so.6(raise+0x16)[0x15326983fb86]
[genoahost104:620337] [ 3] /lib64/libc.so.6(abort+0xd3)[0x153269829873]
[genoahost104:620337] [ 4] /lib64/libc.so.6(+0x2979b)[0x15326982979b]
[genoahost104:620337] [ 5] /lib64/libc.so.6(+0x388c6)[0x1532698388c6]
[genoahost104:620337] [ 6] /direct/sdcc+u/poare/Grid/build/examples/./Example_spec_kryschur[0x4cc206]
[genoahost104:620337] [ 7] /direct/sdcc+u/poare/Grid/build/examples/./Example_spec_kryschur[0x4cc2f1]
[genoahost104:620337] [ 8] /direct/sdcc+u/poare/Grid/build/examples/./Example_spec_kryschur[0x4c7e95]
[genoahost104:620337] [ 9] /direct/sdcc+u/poare/Grid/build/examples/./Example_spec_kryschur[0x4b5f4f]
[genoahost104:620337] [10] /direct/sdcc+u/poare/Grid/build/examples/./Example_spec_kryschur[0x41180d]
[genoahost104:620337] [11] /lib64/libc.so.6(+0x2a610)[0x15326982a610]
[genoahost104:620337] [12] /lib64/libc.so.6(__libc_start_main+0x80)[0x15326982a6c0]
[genoahost104:620337] [13] /direct/sdcc+u/poare/Grid/build/examples/./Example_spec_kryschur[0x4147f5]
[genoahost104:620337] *** End of error message ***
srun: error: genoahost104: task 119: Aborted (core dumped)

__|__|__|__|__|__|__|__|__|__|__|__|__|__|__
__|__|__|__|__|__|__|__|__|__|__|__|__|__|__
__|_ |  |  |  |  |  |  |  |  |  |  |  | _|__
__|_                                    _|__
__|_   GGGG    RRRR    III    DDDD      _|__
__|_  G        R   R    I     D   D     _|__
__|_  G        R   R    I     D    D    _|__
__|_  G  GG    RRRR     I     D    D    _|__
__|_  G   G    R  R     I     D   D     _|__
__|_   GGGG    R   R   III    DDDD      _|__
__|_                                    _|__
__|__|__|__|__|__|__|__|__|__|__|__|__|__|__
__|__|__|__|__|__|__|__|__|__|__|__|__|__|__
  |  |  |  |  |  |  |  |  |  |  |  |  |  |  


Copyright (C) 2015 Peter Boyle, Azusa Yamaguchi, Guido Cossu, Antonin Portelli and other authors

This program is free software; you can redistribute it and/or modify
it under the terms of the GNU General Public License as published by
the Free Software Foundation; either version 2 of the License, or
(at your option) any later version.

This program is distributed in the hope that it will be useful,
but WITHOUT ANY WARRANTY; without even the implied warranty of
MERCHANTABILITY or FITNESS FOR A PARTICULAR PURPOSE.  See the
GNU General Public License for more details.
Current Grid git commit hash=82d411ca7bb8ec4a5b5c3815df23674cfd291070: (HEAD -> develop, origin/develop, origin/HEAD) clean

Grid : Message : ================================================ 
Grid : Message : MPI is initialised and logging filters activated 
Grid : Message : ================================================ 
Grid : Message : This rank is running on host genoahost104.sdcc.bnl.local at local time 2026-02-27 11:54:10
Grid : Message : Requested 17179869184 byte stencil comms buffers 
Grid : Message : MemoryManager::Init() setting up
Grid : Message : MemoryManager::Init() cache pool for recent host   allocations: SMALL 8 LARGE 2 HUGE 0
Grid : Message : MemoryManager::Init() cache pool for recent device allocations: SMALL 16 LARGE 8 Huge 0
Grid : Message : MemoryManager::Init() cache pool for recent shared allocations: SMALL 16 LARGE 8 Huge 0
Grid : Message : MemoryManager::Init() Unified memory space
Sorting eigenvalues using EvalReSmall
Lattice size: [16 16 16 32]
Example_spec_kryschur: ../../Grid/communicator/SharedMemoryMPI.cc:434: static void Grid::GlobalSharedMemory::OptimalCommunicatorSharedMemory(const Coordinate&, ompi_communicator_t*&, Grid::Coordinate&): Assertion `WorldSize==Nprocessors' failed.
[genoahost104:620330] *** Process received signal ***
[genoahost104:620330] Signal: Aborted (6)
[genoahost104:620330] Signal code:  (-6)
[genoahost104:620330] [ 0] /lib64/libc.so.6(+0x3fc30)[0x1538d703fc30]
[genoahost104:620330] [ 1] /lib64/libc.so.6(+0x8d02c)[0x1538d708d02c]
[genoahost104:620330] [ 2] /lib64/libc.so.6(raise+0x16)[0x1538d703fb86]
[genoahost104:620330] [ 3] /lib64/libc.so.6(abort+0xd3)[0x1538d7029873]
[genoahost104:620330] [ 4] /lib64/libc.so.6(+0x2979b)[0x1538d702979b]
[genoahost104:620330] [ 5] /lib64/libc.so.6(+0x388c6)[0x1538d70388c6]
[genoahost104:620330] [ 6] /direct/sdcc+u/poare/Grid/build/examples/./Example_spec_kryschur[0x4cc206]
[genoahost104:620330] [ 7] /direct/sdcc+u/poare/Grid/build/examples/./Example_spec_kryschur[0x4cc2f1]
[genoahost104:620330] [ 8] /direct/sdcc+u/poare/Grid/build/examples/./Example_spec_kryschur[0x4c7e95]
[genoahost104:620330] [ 9] /direct/sdcc+u/poare/Grid/build/examples/./Example_spec_kryschur[0x4b5f4f]
[genoahost104:620330] [10] /direct/sdcc+u/poare/Grid/build/examples/./Example_spec_kryschur[0x41180d]
[genoahost104:620330] [11] /lib64/libc.so.6(+0x2a610)[0x1538d702a610]
[genoahost104:620330] [12] /lib64/libc.so.6(__libc_start_main+0x80)[0x1538d702a6c0]
[genoahost104:620330] [13] /direct/sdcc+u/poare/Grid/build/examples/./Example_spec_kryschur[0x4147f5]
[genoahost104:620330] *** End of error message ***

__|__|__|__|__|__|__|__|__|__|__|__|__|__|__
__|__|__|__|__|__|__|__|__|__|__|__|__|__|__
__|_ |  |  |  |  |  |  |  |  |  |  |  | _|__
__|_                                    _|__
__|_   GGGG    RRRR    III    DDDD      _|__
__|_  G        R   R    I     D   D     _|__
__|_  G        R   R    I     D    D    _|__
__|_  G  GG    RRRR     I     D    D    _|__
__|_  G   G    R  R     I     D   D     _|__
__|_   GGGG    R   R   III    DDDD      _|__
__|_                                    _|__
__|__|__|__|__|__|__|__|__|__|__|__|__|__|__
__|__|__|__|__|__|__|__|__|__|__|__|__|__|__
  |  |  |  |  |  |  |  |  |  |  |  |  |  |  


Copyright (C) 2015 Peter Boyle, Azusa Yamaguchi, Guido Cossu, Antonin Portelli and other authors

This program is free software; you can redistribute it and/or modify
it under the terms of the GNU General Public License as published by
the Free Software Foundation; either version 2 of the License, or
(at your option) any later version.

This program is distributed in the hope that it will be useful,
but WITHOUT ANY WARRANTY; without even the implied warranty of
MERCHANTABILITY or FITNESS FOR A PARTICULAR PURPOSE.  See the
GNU General Public License for more details.
Current Grid git commit hash=82d411ca7bb8ec4a5b5c3815df23674cfd291070: (HEAD -> develop, origin/develop, origin/HEAD) clean

Grid : Message : ================================================ 
Grid : Message : MPI is initialised and logging filters activated 
Grid : Message : ================================================ 
Grid : Message : This rank is running on host genoahost104.sdcc.bnl.local at local time 2026-02-27 11:54:10
Grid : Message : Requested 17179869184 byte stencil comms buffers 
Grid : Message : MemoryManager::Init() setting up
Grid : Message : MemoryManager::Init() cache pool for recent host   allocations: SMALL 8 LARGE 2 HUGE 0
Grid : Message : MemoryManager::Init() cache pool for recent device allocations: SMALL 16 LARGE 8 Huge 0
Grid : Message : MemoryManager::Init() cache pool for recent shared allocations: SMALL 16 LARGE 8 Huge 0
Grid : Message : MemoryManager::Init() Unified memory space
Sorting eigenvalues using EvalReSmall
Lattice size: [16 16 16 32]
Example_spec_kryschur: ../../Grid/communicator/SharedMemoryMPI.cc:434: static void Grid::GlobalSharedMemory::OptimalCommunicatorSharedMemory(const Coordinate&, ompi_communicator_t*&, Grid::Coordinate&): Assertion `WorldSize==Nprocessors' failed.
[genoahost104:620339] *** Process received signal ***
[genoahost104:620339] Signal: Aborted (6)
[genoahost104:620339] Signal code:  (-6)
[genoahost104:620339] [ 0] /lib64/libc.so.6(+0x3fc30)[0x14db3fe3fc30]
[genoahost104:620339] [ 1] /lib64/libc.so.6(+0x8d02c)[0x14db3fe8d02c]
[genoahost104:620339] [ 2] /lib64/libc.so.6(raise+0x16)[0x14db3fe3fb86]
[genoahost104:620339] [ 3] /lib64/libc.so.6(abort+0xd3)[0x14db3fe29873]
[genoahost104:620339] [ 4] /lib64/libc.so.6(+0x2979b)[0x14db3fe2979b]
[genoahost104:620339] [ 5] /lib64/libc.so.6(+0x388c6)[0x14db3fe388c6]
[genoahost104:620339] [ 6] /direct/sdcc+u/poare/Grid/build/examples/./Example_spec_kryschur[0x4cc206]
[genoahost104:620339] [ 7] /direct/sdcc+u/poare/Grid/build/examples/./Example_spec_kryschur[0x4cc2f1]
[genoahost104:620339] [ 8] /direct/sdcc+u/poare/Grid/build/examples/./Example_spec_kryschur[0x4c7e95]
[genoahost104:620339] [ 9] /direct/sdcc+u/poare/Grid/build/examples/./Example_spec_kryschur[0x4b5f4f]
[genoahost104:620339] [10] /direct/sdcc+u/poare/Grid/build/examples/./Example_spec_kryschur[0x41180d]
[genoahost104:620339] [11] /lib64/libc.so.6(+0x2a610)[0x14db3fe2a610]
[genoahost104:620339] [12] /lib64/libc.so.6(__libc_start_main+0x80)[0x14db3fe2a6c0]
[genoahost104:620339] [13] /direct/sdcc+u/poare/Grid/build/examples/./Example_spec_kryschur[0x4147f5]
[genoahost104:620339] *** End of error message ***

__|__|__|__|__|__|__|__|__|__|__|__|__|__|__
__|__|__|__|__|__|__|__|__|__|__|__|__|__|__
__|_ |  |  |  |  |  |  |  |  |  |  |  | _|__
__|_                                    _|__
__|_   GGGG    RRRR    III    DDDD      _|__
__|_  G        R   R    I     D   D     _|__
__|_  G        R   R    I     D    D    _|__
__|_  G  GG    RRRR     I     D    D    _|__
__|_  G   G    R  R     I     D   D     _|__
__|_   GGGG    R   R   III    DDDD      _|__
__|_                                    _|__
__|__|__|__|__|__|__|__|__|__|__|__|__|__|__
__|__|__|__|__|__|__|__|__|__|__|__|__|__|__
  |  |  |  |  |  |  |  |  |  |  |  |  |  |  


Copyright (C) 2015 Peter Boyle, Azusa Yamaguchi, Guido Cossu, Antonin Portelli and other authors

This program is free software; you can redistribute it and/or modify
it under the terms of the GNU General Public License as published by
the Free Software Foundation; either version 2 of the License, or
(at your option) any later version.

This program is distributed in the hope that it will be useful,
but WITHOUT ANY WARRANTY; without even the implied warranty of
MERCHANTABILITY or FITNESS FOR A PARTICULAR PURPOSE.  See the
GNU General Public License for more details.
Current Grid git commit hash=82d411ca7bb8ec4a5b5c3815df23674cfd291070: (HEAD -> develop, origin/develop, origin/HEAD) clean

Grid : Message : ================================================ 
Grid : Message : MPI is initialised and logging filters activated 
Grid : Message : ================================================ 
Grid : Message : This rank is running on host genoahost098.sdcc.bnl.local at local time 2026-02-27 11:54:10
Grid : Message : Requested 17179869184 byte stencil comms buffers 
Grid : Message : MemoryManager::Init() setting up
Grid : Message : MemoryManager::Init() cache pool for recent host   allocations: SMALL 8 LARGE 2 HUGE 0
Grid : Message : MemoryManager::Init() cache pool for recent device allocations: SMALL 16 LARGE 8 Huge 0
Grid : Message : MemoryManager::Init() cache pool for recent shared allocations: SMALL 16 LARGE 8 Huge 0
Grid : Message : MemoryManager::Init() Unified memory space
Sorting eigenvalues using EvalReSmall
Lattice size: [16 16 16 32]
Example_spec_kryschur: ../../Grid/communicator/SharedMemoryMPI.cc:434: static void Grid::GlobalSharedMemory::OptimalCommunicatorSharedMemory(const Coordinate&, ompi_communicator_t*&, Grid::Coordinate&): Assertion `WorldSize==Nprocessors' failed.
[genoahost098:1621595] *** Process received signal ***
[genoahost098:1621595] Signal: Aborted (6)
[genoahost098:1621595] Signal code:  (-6)
[genoahost098:1621595] [ 0] /lib64/libc.so.6(+0x3fc30)[0x1484fd23fc30]
[genoahost098:1621595] [ 1] /lib64/libc.so.6(+0x8d02c)[0x1484fd28d02c]
[genoahost098:1621595] [ 2] /lib64/libc.so.6(raise+0x16)[0x1484fd23fb86]
[genoahost098:1621595] [ 3] /lib64/libc.so.6(abort+0xd3)[0x1484fd229873]
[genoahost098:1621595] [ 4] /lib64/libc.so.6(+0x2979b)[0x1484fd22979b]
[genoahost098:1621595] [ 5] /lib64/libc.so.6(+0x388c6)[0x1484fd2388c6]
[genoahost098:1621595] [ 6] /direct/sdcc+u/poare/Grid/build/examples/./Example_spec_kryschur[0x4cc206]
[genoahost098:1621595] [ 7] /direct/sdcc+u/poare/Grid/build/examples/./Example_spec_kryschur[0x4cc2f1]
[genoahost098:1621595] [ 8] /direct/sdcc+u/poare/Grid/build/examples/./Example_spec_kryschur[0x4c7e95]
[genoahost098:1621595] [ 9] /direct/sdcc+u/poare/Grid/build/examples/./Example_spec_kryschur[0x4b5f4f]
[genoahost098:1621595] [10] /direct/sdcc+u/poare/Grid/build/examples/./Example_spec_kryschur[0x41180d]
[genoahost098:1621595] [11] /lib64/libc.so.6(+0x2a610)[0x1484fd22a610]
[genoahost098:1621595] [12] /lib64/libc.so.6(__libc_start_main+0x80)[0x1484fd22a6c0]
[genoahost098:1621595] [13] /direct/sdcc+u/poare/Grid/build/examples/./Example_spec_kryschur[0x4147f5]
[genoahost098:1621595] *** End of error message ***

__|__|__|__|__|__|__|__|__|__|__|__|__|__|__
__|__|__|__|__|__|__|__|__|__|__|__|__|__|__
__|_ |  |  |  |  |  |  |  |  |  |  |  | _|__
__|_                                    _|__
__|_   GGGG    RRRR    III    DDDD      _|__
__|_  G        R   R    I     D   D     _|__
__|_  G        R   R    I     D    D    _|__
__|_  G  GG    RRRR     I     D    D    _|__
__|_  G   G    R  R     I     D   D     _|__
__|_   GGGG    R   R   III    DDDD      _|__
__|_                                    _|__
__|__|__|__|__|__|__|__|__|__|__|__|__|__|__
__|__|__|__|__|__|__|__|__|__|__|__|__|__|__
  |  |  |  |  |  |  |  |  |  |  |  |  |  |  


Copyright (C) 2015 Peter Boyle, Azusa Yamaguchi, Guido Cossu, Antonin Portelli and other authors

This program is free software; you can redistribute it and/or modify
it under the terms of the GNU General Public License as published by
the Free Software Foundation; either version 2 of the License, or
(at your option) any later version.

This program is distributed in the hope that it will be useful,
but WITHOUT ANY WARRANTY; without even the implied warranty of
MERCHANTABILITY or FITNESS FOR A PARTICULAR PURPOSE.  See the
GNU General Public License for more details.
Current Grid git commit hash=82d411ca7bb8ec4a5b5c3815df23674cfd291070: (HEAD -> develop, origin/develop, origin/HEAD) clean

Grid : Message : ================================================ 
Grid : Message : MPI is initialised and logging filters activated 
Grid : Message : ================================================ 
Grid : Message : This rank is running on host genoahost098.sdcc.bnl.local at local time 2026-02-27 11:54:10
Grid : Message : Requested 17179869184 byte stencil comms buffers 
Grid : Message : MemoryManager::Init() setting up
Grid : Message : MemoryManager::Init() cache pool for recent host   allocations: SMALL 8 LARGE 2 HUGE 0
Grid : Message : MemoryManager::Init() cache pool for recent device allocations: SMALL 16 LARGE 8 Huge 0
Grid : Message : MemoryManager::Init() cache pool for recent shared allocations: SMALL 16 LARGE 8 Huge 0
Grid : Message : MemoryManager::Init() Unified memory space
Sorting eigenvalues using EvalReSmall
Lattice size: [16 16 16 32]
Example_spec_kryschur: ../../Grid/communicator/SharedMemoryMPI.cc:434: static void Grid::GlobalSharedMemory::OptimalCommunicatorSharedMemory(const Coordinate&, ompi_communicator_t*&, Grid::Coordinate&): Assertion `WorldSize==Nprocessors' failed.
[genoahost098:1621610] *** Process received signal ***
[genoahost098:1621610] Signal: Aborted (6)
[genoahost098:1621610] Signal code:  (-6)
[genoahost098:1621610] [ 0] /lib64/libc.so.6(+0x3fc30)[0x14c557c3fc30]
[genoahost098:1621610] [ 1] /lib64/libc.so.6(+0x8d02c)[0x14c557c8d02c]
[genoahost098:1621610] [ 2] /lib64/libc.so.6(raise+0x16)[0x14c557c3fb86]
[genoahost098:1621610] [ 3] /lib64/libc.so.6(abort+0xd3)[0x14c557c29873]
[genoahost098:1621610] [ 4] /lib64/libc.so.6(+0x2979b)[0x14c557c2979b]
[genoahost098:1621610] [ 5] /lib64/libc.so.6(+0x388c6)[0x14c557c388c6]
[genoahost098:1621610] [ 6] /direct/sdcc+u/poare/Grid/build/examples/./Example_spec_kryschur[0x4cc206]
[genoahost098:1621610] [ 7] /direct/sdcc+u/poare/Grid/build/examples/./Example_spec_kryschur[0x4cc2f1]
[genoahost098:1621610] [ 8] /direct/sdcc+u/poare/Grid/build/examples/./Example_spec_kryschur[0x4c7e95]
[genoahost098:1621610] [ 9] /direct/sdcc+u/poare/Grid/build/examples/./Example_spec_kryschur[0x4b5f4f]
[genoahost098:1621610] [10] /direct/sdcc+u/poare/Grid/build/examples/./Example_spec_kryschur[0x41180d]
[genoahost098:1621610] [11] /lib64/libc.so.6(+0x2a610)[0x14c557c2a610]
[genoahost098:1621610] [12] /lib64/libc.so.6(__libc_start_main+0x80)[0x14c557c2a6c0]
[genoahost098:1621610] [13] /direct/sdcc+u/poare/Grid/build/examples/./Example_spec_kryschur[0x4147f5]
[genoahost098:1621610] *** End of error message ***

__|__|__|__|__|__|__|__|__|__|__|__|__|__|__
__|__|__|__|__|__|__|__|__|__|__|__|__|__|__
__|_ |  |  |  |  |  |  |  |  |  |  |  | _|__
__|_                                    _|__
__|_   GGGG    RRRR    III    DDDD      _|__
__|_  G        R   R    I     D   D     _|__
__|_  G        R   R    I     D    D    _|__
__|_  G  GG    RRRR     I     D    D    _|__
__|_  G   G    R  R     I     D   D     _|__
__|_   GGGG    R   R   III    DDDD      _|__
__|_                                    _|__
__|__|__|__|__|__|__|__|__|__|__|__|__|__|__
__|__|__|__|__|__|__|__|__|__|__|__|__|__|__
  |  |  |  |  |  |  |  |  |  |  |  |  |  |  


Copyright (C) 2015 Peter Boyle, Azusa Yamaguchi, Guido Cossu, Antonin Portelli and other authors

This program is free software; you can redistribute it and/or modify
it under the terms of the GNU General Public License as published by
the Free Software Foundation; either version 2 of the License, or
(at your option) any later version.

This program is distributed in the hope that it will be useful,
but WITHOUT ANY WARRANTY; without even the implied warranty of
MERCHANTABILITY or FITNESS FOR A PARTICULAR PURPOSE.  See the
GNU General Public License for more details.
Current Grid git commit hash=82d411ca7bb8ec4a5b5c3815df23674cfd291070: (HEAD -> develop, origin/develop, origin/HEAD) clean

Grid : Message : ================================================ 
Grid : Message : MPI is initialised and logging filters activated 
Grid : Message : ================================================ 
Grid : Message : This rank is running on host genoahost100.sdcc.bnl.local at local time 2026-02-27 11:54:11
Grid : Message : Requested 17179869184 byte stencil comms buffers 
Grid : Message : MemoryManager::Init() setting up
Grid : Message : MemoryManager::Init() cache pool for recent host   allocations: SMALL 8 LARGE 2 HUGE 0
Grid : Message : MemoryManager::Init() cache pool for recent device allocations: SMALL 16 LARGE 8 Huge 0
Grid : Message : MemoryManager::Init() cache pool for recent shared allocations: SMALL 16 LARGE 8 Huge 0
Grid : Message : MemoryManager::Init() Unified memory space
Sorting eigenvalues using EvalReSmall
Lattice size: [16 16 16 32]
Example_spec_kryschur: ../../Grid/communicator/SharedMemoryMPI.cc:434: static void Grid::GlobalSharedMemory::OptimalCommunicatorSharedMemory(const Coordinate&, ompi_communicator_t*&, Grid::Coordinate&): Assertion `WorldSize==Nprocessors' failed.
[genoahost100:640122] *** Process received signal ***
[genoahost100:640122] Signal: Aborted (6)
[genoahost100:640122] Signal code:  (-6)
[genoahost100:640122] [ 0] /lib64/libc.so.6(+0x3fc30)[0x147c0c63fc30]
[genoahost100:640122] [ 1] /lib64/libc.so.6(+0x8d02c)[0x147c0c68d02c]
[genoahost100:640122] [ 2] /lib64/libc.so.6(raise+0x16)[0x147c0c63fb86]
[genoahost100:640122] [ 3] /lib64/libc.so.6(abort+0xd3)[0x147c0c629873]
[genoahost100:640122] [ 4] /lib64/libc.so.6(+0x2979b)[0x147c0c62979b]
[genoahost100:640122] [ 5] /lib64/libc.so.6(+0x388c6)[0x147c0c6388c6]
[genoahost100:640122] [ 6] /direct/sdcc+u/poare/Grid/build/examples/./Example_spec_kryschur[0x4cc206]
[genoahost100:640122] [ 7] /direct/sdcc+u/poare/Grid/build/examples/./Example_spec_kryschur[0x4cc2f1]
[genoahost100:640122] [ 8] /direct/sdcc+u/poare/Grid/build/examples/./Example_spec_kryschur[0x4c7e95]
[genoahost100:640122] [ 9] /direct/sdcc+u/poare/Grid/build/examples/./Example_spec_kryschur[0x4b5f4f]
[genoahost100:640122] [10] /direct/sdcc+u/poare/Grid/build/examples/./Example_spec_kryschur[0x41180d]
[genoahost100:640122] [11] /lib64/libc.so.6(+0x2a610)[0x147c0c62a610]
[genoahost100:640122] [12] /lib64/libc.so.6(__libc_start_main+0x80)[0x147c0c62a6c0]
[genoahost100:640122] [13] /direct/sdcc+u/poare/Grid/build/examples/./Example_spec_kryschur[0x4147f5]
[genoahost100:640122] *** End of error message ***

__|__|__|__|__|__|__|__|__|__|__|__|__|__|__
__|__|__|__|__|__|__|__|__|__|__|__|__|__|__
__|_ |  |  |  |  |  |  |  |  |  |  |  | _|__
__|_                                    _|__
__|_   GGGG    RRRR    III    DDDD      _|__
__|_  G        R   R    I     D   D     _|__
__|_  G        R   R    I     D    D    _|__
__|_  G  GG    RRRR     I     D    D    _|__
__|_  G   G    R  R     I     D   D     _|__
__|_   GGGG    R   R   III    DDDD      _|__
__|_                                    _|__
__|__|__|__|__|__|__|__|__|__|__|__|__|__|__
__|__|__|__|__|__|__|__|__|__|__|__|__|__|__
  |  |  |  |  |  |  |  |  |  |  |  |  |  |  


Copyright (C) 2015 Peter Boyle, Azusa Yamaguchi, Guido Cossu, Antonin Portelli and other authors

This program is free software; you can redistribute it and/or modify
it under the terms of the GNU General Public License as published by
the Free Software Foundation; either version 2 of the License, or
(at your option) any later version.

This program is distributed in the hope that it will be useful,
but WITHOUT ANY WARRANTY; without even the implied warranty of
MERCHANTABILITY or FITNESS FOR A PARTICULAR PURPOSE.  See the
GNU General Public License for more details.
Current Grid git commit hash=82d411ca7bb8ec4a5b5c3815df23674cfd291070: (HEAD -> develop, origin/develop, origin/HEAD) clean

Grid : Message : ================================================ 
Grid : Message : MPI is initialised and logging filters activated 
Grid : Message : ================================================ 
Grid : Message : This rank is running on host genoahost098.sdcc.bnl.local at local time 2026-02-27 11:54:11
Grid : Message : Requested 17179869184 byte stencil comms buffers 
Grid : Message : MemoryManager::Init() setting up
Grid : Message : MemoryManager::Init() cache pool for recent host   allocations: SMALL 8 LARGE 2 HUGE 0
Grid : Message : MemoryManager::Init() cache pool for recent device allocations: SMALL 16 LARGE 8 Huge 0
Grid : Message : MemoryManager::Init() cache pool for recent shared allocations: SMALL 16 LARGE 8 Huge 0
Grid : Message : MemoryManager::Init() Unified memory space
Sorting eigenvalues using EvalReSmall
Lattice size: [16 16 16 32]
Example_spec_kryschur: ../../Grid/communicator/SharedMemoryMPI.cc:434: static void Grid::GlobalSharedMemory::OptimalCommunicatorSharedMemory(const Coordinate&, ompi_communicator_t*&, Grid::Coordinate&): Assertion `WorldSize==Nprocessors' failed.
[genoahost098:1621603] *** Process received signal ***
[genoahost098:1621603] Signal: Aborted (6)
[genoahost098:1621603] Signal code:  (-6)
[genoahost098:1621603] [ 0] /lib64/libc.so.6(+0x3fc30)[0x14aa3723fc30]
[genoahost098:1621603] [ 1] /lib64/libc.so.6(+0x8d02c)[0x14aa3728d02c]
[genoahost098:1621603] [ 2] /lib64/libc.so.6(raise+0x16)[0x14aa3723fb86]
[genoahost098:1621603] [ 3] /lib64/libc.so.6(abort+0xd3)[0x14aa37229873]
[genoahost098:1621603] [ 4] /lib64/libc.so.6(+0x2979b)[0x14aa3722979b]
[genoahost098:1621603] [ 5] /lib64/libc.so.6(+0x388c6)[0x14aa372388c6]
[genoahost098:1621603] [ 6] /direct/sdcc+u/poare/Grid/build/examples/./Example_spec_kryschur[0x4cc206]
[genoahost098:1621603] [ 7] /direct/sdcc+u/poare/Grid/build/examples/./Example_spec_kryschur[0x4cc2f1]
[genoahost098:1621603] [ 8] /direct/sdcc+u/poare/Grid/build/examples/./Example_spec_kryschur[0x4c7e95]
[genoahost098:1621603] [ 9] /direct/sdcc+u/poare/Grid/build/examples/./Example_spec_kryschur[0x4b5f4f]
[genoahost098:1621603] [10] /direct/sdcc+u/poare/Grid/build/examples/./Example_spec_kryschur[0x41180d]
[genoahost098:1621603] [11] /lib64/libc.so.6(+0x2a610)[0x14aa3722a610]
[genoahost098:1621603] [12] /lib64/libc.so.6(__libc_start_main+0x80)[0x14aa3722a6c0]
[genoahost098:1621603] [13] /direct/sdcc+u/poare/Grid/build/examples/./Example_spec_kryschur[0x4147f5]
[genoahost098:1621603] *** End of error message ***

__|__|__|__|__|__|__|__|__|__|__|__|__|__|__
__|__|__|__|__|__|__|__|__|__|__|__|__|__|__
__|_ |  |  |  |  |  |  |  |  |  |  |  | _|__
__|_                                    _|__
__|_   GGGG    RRRR    III    DDDD      _|__
__|_  G        R   R    I     D   D     _|__
__|_  G        R   R    I     D    D    _|__
__|_  G  GG    RRRR     I     D    D    _|__
__|_  G   G    R  R     I     D   D     _|__
__|_   GGGG    R   R   III    DDDD      _|__
__|_                                    _|__
__|__|__|__|__|__|__|__|__|__|__|__|__|__|__
__|__|__|__|__|__|__|__|__|__|__|__|__|__|__
  |  |  |  |  |  |  |  |  |  |  |  |  |  |  


Copyright (C) 2015 Peter Boyle, Azusa Yamaguchi, Guido Cossu, Antonin Portelli and other authors

This program is free software; you can redistribute it and/or modify
it under the terms of the GNU General Public License as published by
the Free Software Foundation; either version 2 of the License, or
(at your option) any later version.

This program is distributed in the hope that it will be useful,
but WITHOUT ANY WARRANTY; without even the implied warranty of
MERCHANTABILITY or FITNESS FOR A PARTICULAR PURPOSE.  See the
GNU General Public License for more details.
Current Grid git commit hash=82d411ca7bb8ec4a5b5c3815df23674cfd291070: (HEAD -> develop, origin/develop, origin/HEAD) clean

Grid : Message : ================================================ 
Grid : Message : MPI is initialised and logging filters activated 
Grid : Message : ================================================ 
Grid : Message : This rank is running on host genoahost100.sdcc.bnl.local at local time 2026-02-27 11:54:11
Grid : Message : Requested 17179869184 byte stencil comms buffers 
Grid : Message : MemoryManager::Init() setting up
Grid : Message : MemoryManager::Init() cache pool for recent host   allocations: SMALL 8 LARGE 2 HUGE 0
Grid : Message : MemoryManager::Init() cache pool for recent device allocations: SMALL 16 LARGE 8 Huge 0
Grid : Message : MemoryManager::Init() cache pool for recent shared allocations: SMALL 16 LARGE 8 Huge 0
Grid : Message : MemoryManager::Init() Unified memory space
Sorting eigenvalues using EvalReSmall
Lattice size: [16 16 16 32]
Example_spec_kryschur: ../../Grid/communicator/SharedMemoryMPI.cc:434: static void Grid::GlobalSharedMemory::OptimalCommunicatorSharedMemory(const Coordinate&, ompi_communicator_t*&, Grid::Coordinate&): Assertion `WorldSize==Nprocessors' failed.
[genoahost100:640133] *** Process received signal ***
[genoahost100:640133] Signal: Aborted (6)
[genoahost100:640133] Signal code:  (-6)
[genoahost100:640133] [ 0] /lib64/libc.so.6(+0x3fc30)[0x154b4023fc30]
[genoahost100:640133] [ 1] /lib64/libc.so.6(+0x8d02c)[0x154b4028d02c]
[genoahost100:640133] [ 2] /lib64/libc.so.6(raise+0x16)[0x154b4023fb86]
[genoahost100:640133] [ 3] /lib64/libc.so.6(abort+0xd3)[0x154b40229873]
[genoahost100:640133] [ 4] /lib64/libc.so.6(+0x2979b)[0x154b4022979b]
[genoahost100:640133] [ 5] /lib64/libc.so.6(+0x388c6)[0x154b402388c6]
[genoahost100:640133] [ 6] /direct/sdcc+u/poare/Grid/build/examples/./Example_spec_kryschur[0x4cc206]
[genoahost100:640133] [ 7] /direct/sdcc+u/poare/Grid/build/examples/./Example_spec_kryschur[0x4cc2f1]
[genoahost100:640133] [ 8] /direct/sdcc+u/poare/Grid/build/examples/./Example_spec_kryschur[0x4c7e95]
[genoahost100:640133] [ 9] /direct/sdcc+u/poare/Grid/build/examples/./Example_spec_kryschur[0x4b5f4f]
[genoahost100:640133] [10] /direct/sdcc+u/poare/Grid/build/examples/./Example_spec_kryschur[0x41180d]
[genoahost100:640133] [11] /lib64/libc.so.6(+0x2a610)[0x154b4022a610]
[genoahost100:640133] [12] /lib64/libc.so.6(__libc_start_main+0x80)[0x154b4022a6c0]
[genoahost100:640133] [13] /direct/sdcc+u/poare/Grid/build/examples/./Example_spec_kryschur[0x4147f5]
[genoahost100:640133] *** End of error message ***

__|__|__|__|__|__|__|__|__|__|__|__|__|__|__
__|__|__|__|__|__|__|__|__|__|__|__|__|__|__
__|_ |  |  |  |  |  |  |  |  |  |  |  | _|__
__|_                                    _|__
__|_   GGGG    RRRR    III    DDDD      _|__
__|_  G        R   R    I     D   D     _|__
__|_  G        R   R    I     D    D    _|__
__|_  G  GG    RRRR     I     D    D    _|__
__|_  G   G    R  R     I     D   D     _|__
__|_   GGGG    R   R   III    DDDD      _|__
__|_                                    _|__
__|__|__|__|__|__|__|__|__|__|__|__|__|__|__
__|__|__|__|__|__|__|__|__|__|__|__|__|__|__
  |  |  |  |  |  |  |  |  |  |  |  |  |  |  


Copyright (C) 2015 Peter Boyle, Azusa Yamaguchi, Guido Cossu, Antonin Portelli and other authors

This program is free software; you can redistribute it and/or modify
it under the terms of the GNU General Public License as published by
the Free Software Foundation; either version 2 of the License, or
(at your option) any later version.

This program is distributed in the hope that it will be useful,
but WITHOUT ANY WARRANTY; without even the implied warranty of
MERCHANTABILITY or FITNESS FOR A PARTICULAR PURPOSE.  See the
GNU General Public License for more details.
Current Grid git commit hash=82d411ca7bb8ec4a5b5c3815df23674cfd291070: (HEAD -> develop, origin/develop, origin/HEAD) clean

Grid : Message : ================================================ 
Grid : Message : MPI is initialised and logging filters activated 
Grid : Message : ================================================ 
Grid : Message : This rank is running on host genoahost100.sdcc.bnl.local at local time 2026-02-27 11:54:11
Grid : Message : Requested 17179869184 byte stencil comms buffers 
Grid : Message : MemoryManager::Init() setting up
Grid : Message : MemoryManager::Init() cache pool for recent host   allocations: SMALL 8 LARGE 2 HUGE 0
Grid : Message : MemoryManager::Init() cache pool for recent device allocations: SMALL 16 LARGE 8 Huge 0
Grid : Message : MemoryManager::Init() cache pool for recent shared allocations: SMALL 16 LARGE 8 Huge 0
Grid : Message : MemoryManager::Init() Unified memory space
Sorting eigenvalues using EvalReSmall
Lattice size: [16 16 16 32]
Example_spec_kryschur: ../../Grid/communicator/SharedMemoryMPI.cc:434: static void Grid::GlobalSharedMemory::OptimalCommunicatorSharedMemory(const Coordinate&, ompi_communicator_t*&, Grid::Coordinate&): Assertion `WorldSize==Nprocessors' failed.
[genoahost100:640132] *** Process received signal ***
[genoahost100:640132] Signal: Aborted (6)
[genoahost100:640132] Signal code:  (-6)
[genoahost100:640132] [ 0] /lib64/libc.so.6(+0x3fc30)[0x14d55c63fc30]
[genoahost100:640132] [ 1] /lib64/libc.so.6(+0x8d02c)[0x14d55c68d02c]
[genoahost100:640132] [ 2] /lib64/libc.so.6(raise+0x16)[0x14d55c63fb86]
[genoahost100:640132] [ 3] /lib64/libc.so.6(abort+0xd3)[0x14d55c629873]
[genoahost100:640132] [ 4] /lib64/libc.so.6(+0x2979b)[0x14d55c62979b]
[genoahost100:640132] [ 5] /lib64/libc.so.6(+0x388c6)[0x14d55c6388c6]
[genoahost100:640132] [ 6] /direct/sdcc+u/poare/Grid/build/examples/./Example_spec_kryschur[0x4cc206]
[genoahost100:640132] [ 7] /direct/sdcc+u/poare/Grid/build/examples/./Example_spec_kryschur[0x4cc2f1]
[genoahost100:640132] [ 8] /direct/sdcc+u/poare/Grid/build/examples/./Example_spec_kryschur[0x4c7e95]
[genoahost100:640132] [ 9] /direct/sdcc+u/poare/Grid/build/examples/./Example_spec_kryschur[0x4b5f4f]
[genoahost100:640132] [10] /direct/sdcc+u/poare/Grid/build/examples/./Example_spec_kryschur[0x41180d]
[genoahost100:640132] [11] /lib64/libc.so.6(+0x2a610)[0x14d55c62a610]
[genoahost100:640132] [12] /lib64/libc.so.6(__libc_start_main+0x80)[0x14d55c62a6c0]
[genoahost100:640132] [13] /direct/sdcc+u/poare/Grid/build/examples/./Example_spec_kryschur[0x4147f5]
[genoahost100:640132] *** End of error message ***

__|__|__|__|__|__|__|__|__|__|__|__|__|__|__
__|__|__|__|__|__|__|__|__|__|__|__|__|__|__
__|_ |  |  |  |  |  |  |  |  |  |  |  | _|__
__|_                                    _|__
__|_   GGGG    RRRR    III    DDDD      _|__
__|_  G        R   R    I     D   D     _|__
__|_  G        R   R    I     D    D    _|__
__|_  G  GG    RRRR     I     D    D    _|__
__|_  G   G    R  R     I     D   D     _|__
__|_   GGGG    R   R   III    DDDD      _|__
__|_                                    _|__
__|__|__|__|__|__|__|__|__|__|__|__|__|__|__
__|__|__|__|__|__|__|__|__|__|__|__|__|__|__
  |  |  |  |  |  |  |  |  |  |  |  |  |  |  


Copyright (C) 2015 Peter Boyle, Azusa Yamaguchi, Guido Cossu, Antonin Portelli and other authors

This program is free software; you can redistribute it and/or modify
it under the terms of the GNU General Public License as published by
the Free Software Foundation; either version 2 of the License, or
(at your option) any later version.

This program is distributed in the hope that it will be useful,
but WITHOUT ANY WARRANTY; without even the implied warranty of
MERCHANTABILITY or FITNESS FOR A PARTICULAR PURPOSE.  See the
GNU General Public License for more details.
Current Grid git commit hash=82d411ca7bb8ec4a5b5c3815df23674cfd291070: (HEAD -> develop, origin/develop, origin/HEAD) clean

Grid : Message : ================================================ 
Grid : Message : MPI is initialised and logging filters activated 
Grid : Message : ================================================ 
Grid : Message : This rank is running on host genoahost103.sdcc.bnl.local at local time 2026-02-27 11:54:12
Grid : Message : Requested 17179869184 byte stencil comms buffers 
Grid : Message : MemoryManager::Init() setting up
Grid : Message : MemoryManager::Init() cache pool for recent host   allocations: SMALL 8 LARGE 2 HUGE 0
Grid : Message : MemoryManager::Init() cache pool for recent device allocations: SMALL 16 LARGE 8 Huge 0
Grid : Message : MemoryManager::Init() cache pool for recent shared allocations: SMALL 16 LARGE 8 Huge 0
Grid : Message : MemoryManager::Init() Unified memory space
Sorting eigenvalues using EvalReSmall
Lattice size: [16 16 16 32]
Example_spec_kryschur: ../../Grid/communicator/SharedMemoryMPI.cc:434: static void Grid::GlobalSharedMemory::OptimalCommunicatorSharedMemory(const Coordinate&, ompi_communicator_t*&, Grid::Coordinate&): Assertion `WorldSize==Nprocessors' failed.
[genoahost103:608886] *** Process received signal ***
[genoahost103:608886] Signal: Aborted (6)
[genoahost103:608886] Signal code:  (-6)
[genoahost103:608886] [ 0] /lib64/libc.so.6(+0x3fc30)[0x15538a23fc30]
[genoahost103:608886] [ 1] /lib64/libc.so.6(+0x8d02c)[0x15538a28d02c]
[genoahost103:608886] [ 2] /lib64/libc.so.6(raise+0x16)[0x15538a23fb86]
[genoahost103:608886] [ 3] /lib64/libc.so.6(abort+0xd3)[0x15538a229873]
[genoahost103:608886] [ 4] /lib64/libc.so.6(+0x2979b)[0x15538a22979b]
[genoahost103:608886] [ 5] /lib64/libc.so.6(+0x388c6)[0x15538a2388c6]
[genoahost103:608886] [ 6] /direct/sdcc+u/poare/Grid/build/examples/./Example_spec_kryschur[0x4cc206]
[genoahost103:608886] [ 7] /direct/sdcc+u/poare/Grid/build/examples/./Example_spec_kryschur[0x4cc2f1]
[genoahost103:608886] [ 8] /direct/sdcc+u/poare/Grid/build/examples/./Example_spec_kryschur[0x4c7e95]
[genoahost103:608886] [ 9] /direct/sdcc+u/poare/Grid/build/examples/./Example_spec_kryschur[0x4b5f4f]
[genoahost103:608886] [10] /direct/sdcc+u/poare/Grid/build/examples/./Example_spec_kryschur[0x41180d]
[genoahost103:608886] [11] /lib64/libc.so.6(+0x2a610)[0x15538a22a610]
[genoahost103:608886] [12] /lib64/libc.so.6(__libc_start_main+0x80)[0x15538a22a6c0]
[genoahost103:608886] [13] /direct/sdcc+u/poare/Grid/build/examples/./Example_spec_kryschur[0x4147f5]
[genoahost103:608886] *** End of error message ***

__|__|__|__|__|__|__|__|__|__|__|__|__|__|__
__|__|__|__|__|__|__|__|__|__|__|__|__|__|__
__|_ |  |  |  |  |  |  |  |  |  |  |  | _|__
__|_                                    _|__
__|_   GGGG    RRRR    III    DDDD      _|__
__|_  G        R   R    I     D   D     _|__
__|_  G        R   R    I     D    D    _|__
__|_  G  GG    RRRR     I     D    D    _|__
__|_  G   G    R  R     I     D   D     _|__
__|_   GGGG    R   R   III    DDDD      _|__
__|_                                    _|__
__|__|__|__|__|__|__|__|__|__|__|__|__|__|__
__|__|__|__|__|__|__|__|__|__|__|__|__|__|__
  |  |  |  |  |  |  |  |  |  |  |  |  |  |  


Copyright (C) 2015 Peter Boyle, Azusa Yamaguchi, Guido Cossu, Antonin Portelli and other authors

This program is free software; you can redistribute it and/or modify
it under the terms of the GNU General Public License as published by
the Free Software Foundation; either version 2 of the License, or
(at your option) any later version.

This program is distributed in the hope that it will be useful,
but WITHOUT ANY WARRANTY; without even the implied warranty of
MERCHANTABILITY or FITNESS FOR A PARTICULAR PURPOSE.  See the
GNU General Public License for more details.
Current Grid git commit hash=82d411ca7bb8ec4a5b5c3815df23674cfd291070: (HEAD -> develop, origin/develop, origin/HEAD) clean

Grid : Message : ================================================ 
Grid : Message : MPI is initialised and logging filters activated 
Grid : Message : ================================================ 
Grid : Message : This rank is running on host genoahost103.sdcc.bnl.local at local time 2026-02-27 11:54:12
Grid : Message : Requested 17179869184 byte stencil comms buffers 
Grid : Message : MemoryManager::Init() setting up
Grid : Message : MemoryManager::Init() cache pool for recent host   allocations: SMALL 8 LARGE 2 HUGE 0
Grid : Message : MemoryManager::Init() cache pool for recent device allocations: SMALL 16 LARGE 8 Huge 0
Grid : Message : MemoryManager::Init() cache pool for recent shared allocations: SMALL 16 LARGE 8 Huge 0
Grid : Message : MemoryManager::Init() Unified memory space
Sorting eigenvalues using EvalReSmall
Lattice size: [16 16 16 32]
Example_spec_kryschur: ../../Grid/communicator/SharedMemoryMPI.cc:434: static void Grid::GlobalSharedMemory::OptimalCommunicatorSharedMemory(const Coordinate&, ompi_communicator_t*&, Grid::Coordinate&): Assertion `WorldSize==Nprocessors' failed.
[genoahost103:608877] *** Process received signal ***
[genoahost103:608877] Signal: Aborted (6)
[genoahost103:608877] Signal code:  (-6)
[genoahost103:608877] [ 0] /lib64/libc.so.6(+0x3fc30)[0x14fcae23fc30]
[genoahost103:608877] [ 1] /lib64/libc.so.6(+0x8d02c)[0x14fcae28d02c]
[genoahost103:608877] [ 2] /lib64/libc.so.6(raise+0x16)[0x14fcae23fb86]
[genoahost103:608877] [ 3] /lib64/libc.so.6(abort+0xd3)[0x14fcae229873]
[genoahost103:608877] [ 4] /lib64/libc.so.6(+0x2979b)[0x14fcae22979b]
[genoahost103:608877] [ 5] /lib64/libc.so.6(+0x388c6)[0x14fcae2388c6]
[genoahost103:608877] [ 6] /direct/sdcc+u/poare/Grid/build/examples/./Example_spec_kryschur[0x4cc206]
[genoahost103:608877] [ 7] /direct/sdcc+u/poare/Grid/build/examples/./Example_spec_kryschur[0x4cc2f1]
[genoahost103:608877] [ 8] /direct/sdcc+u/poare/Grid/build/examples/./Example_spec_kryschur[0x4c7e95]
[genoahost103:608877] [ 9] /direct/sdcc+u/poare/Grid/build/examples/./Example_spec_kryschur[0x4b5f4f]
[genoahost103:608877] [10] /direct/sdcc+u/poare/Grid/build/examples/./Example_spec_kryschur[0x41180d]
[genoahost103:608877] [11] /lib64/libc.so.6(+0x2a610)[0x14fcae22a610]
[genoahost103:608877] [12] /lib64/libc.so.6(__libc_start_main+0x80)[0x14fcae22a6c0]
[genoahost103:608877] [13] /direct/sdcc+u/poare/Grid/build/examples/./Example_spec_kryschur[0x4147f5]
[genoahost103:608877] *** End of error message ***

__|__|__|__|__|__|__|__|__|__|__|__|__|__|__
__|__|__|__|__|__|__|__|__|__|__|__|__|__|__
__|_ |  |  |  |  |  |  |  |  |  |  |  | _|__
__|_                                    _|__
__|_   GGGG    RRRR    III    DDDD      _|__
__|_  G        R   R    I     D   D     _|__
__|_  G        R   R    I     D    D    _|__
__|_  G  GG    RRRR     I     D    D    _|__
__|_  G   G    R  R     I     D   D     _|__
__|_   GGGG    R   R   III    DDDD      _|__
__|_                                    _|__
__|__|__|__|__|__|__|__|__|__|__|__|__|__|__
__|__|__|__|__|__|__|__|__|__|__|__|__|__|__
  |  |  |  |  |  |  |  |  |  |  |  |  |  |  


Copyright (C) 2015 Peter Boyle, Azusa Yamaguchi, Guido Cossu, Antonin Portelli and other authors

This program is free software; you can redistribute it and/or modify
it under the terms of the GNU General Public License as published by
the Free Software Foundation; either version 2 of the License, or
(at your option) any later version.

This program is distributed in the hope that it will be useful,
but WITHOUT ANY WARRANTY; without even the implied warranty of
MERCHANTABILITY or FITNESS FOR A PARTICULAR PURPOSE.  See the
GNU General Public License for more details.
Current Grid git commit hash=82d411ca7bb8ec4a5b5c3815df23674cfd291070: (HEAD -> develop, origin/develop, origin/HEAD) clean

Grid : Message : ================================================ 
Grid : Message : MPI is initialised and logging filters activated 
Grid : Message : ================================================ 
Grid : Message : This rank is running on host genoahost103.sdcc.bnl.local at local time 2026-02-27 11:54:12
Grid : Message : Requested 17179869184 byte stencil comms buffers 
Grid : Message : MemoryManager::Init() setting up
Grid : Message : MemoryManager::Init() cache pool for recent host   allocations: SMALL 8 LARGE 2 HUGE 0
Grid : Message : MemoryManager::Init() cache pool for recent device allocations: SMALL 16 LARGE 8 Huge 0
Grid : Message : MemoryManager::Init() cache pool for recent shared allocations: SMALL 16 LARGE 8 Huge 0
Grid : Message : MemoryManager::Init() Unified memory space
Sorting eigenvalues using EvalReSmall
Lattice size: [16 16 16 32]
Example_spec_kryschur: ../../Grid/communicator/SharedMemoryMPI.cc:434: static void Grid::GlobalSharedMemory::OptimalCommunicatorSharedMemory(const Coordinate&, ompi_communicator_t*&, Grid::Coordinate&): Assertion `WorldSize==Nprocessors' failed.
[genoahost103:608878] *** Process received signal ***
[genoahost103:608878] Signal: Aborted (6)
[genoahost103:608878] Signal code:  (-6)
[genoahost103:608878] [ 0] /lib64/libc.so.6(+0x3fc30)[0x149641e3fc30]
[genoahost103:608878] [ 1] /lib64/libc.so.6(+0x8d02c)[0x149641e8d02c]
[genoahost103:608878] [ 2] /lib64/libc.so.6(raise+0x16)[0x149641e3fb86]
[genoahost103:608878] [ 3] /lib64/libc.so.6(abort+0xd3)[0x149641e29873]
[genoahost103:608878] [ 4] /lib64/libc.so.6(+0x2979b)[0x149641e2979b]
[genoahost103:608878] [ 5] /lib64/libc.so.6(+0x388c6)[0x149641e388c6]
[genoahost103:608878] [ 6] /direct/sdcc+u/poare/Grid/build/examples/./Example_spec_kryschur[0x4cc206]
[genoahost103:608878] [ 7] /direct/sdcc+u/poare/Grid/build/examples/./Example_spec_kryschur[0x4cc2f1]
[genoahost103:608878] [ 8] /direct/sdcc+u/poare/Grid/build/examples/./Example_spec_kryschur[0x4c7e95]
[genoahost103:608878] [ 9] /direct/sdcc+u/poare/Grid/build/examples/./Example_spec_kryschur[0x4b5f4f]
[genoahost103:608878] [10] /direct/sdcc+u/poare/Grid/build/examples/./Example_spec_kryschur[0x41180d]
[genoahost103:608878] [11] /lib64/libc.so.6(+0x2a610)[0x149641e2a610]
[genoahost103:608878] [12] /lib64/libc.so.6(__libc_start_main+0x80)[0x149641e2a6c0]
[genoahost103:608878] [13] /direct/sdcc+u/poare/Grid/build/examples/./Example_spec_kryschur[0x4147f5]
[genoahost103:608878] *** End of error message ***
srun: error: genoahost104: tasks 121-122: Aborted (core dumped)

__|__|__|__|__|__|__|__|__|__|__|__|__|__|__
__|__|__|__|__|__|__|__|__|__|__|__|__|__|__
__|_ |  |  |  |  |  |  |  |  |  |  |  | _|__
__|_                                    _|__
__|_   GGGG    RRRR    III    DDDD      _|__
__|_  G        R   R    I     D   D     _|__
__|_  G        R   R    I     D    D    _|__
__|_  G  GG    RRRR     I     D    D    _|__
__|_  G   G    R  R     I     D   D     _|__
__|_   GGGG    R   R   III    DDDD      _|__
__|_                                    _|__
__|__|__|__|__|__|__|__|__|__|__|__|__|__|__
__|__|__|__|__|__|__|__|__|__|__|__|__|__|__
  |  |  |  |  |  |  |  |  |  |  |  |  |  |  


Copyright (C) 2015 Peter Boyle, Azusa Yamaguchi, Guido Cossu, Antonin Portelli and other authors

This program is free software; you can redistribute it and/or modify
it under the terms of the GNU General Public License as published by
the Free Software Foundation; either version 2 of the License, or
(at your option) any later version.

This program is distributed in the hope that it will be useful,
but WITHOUT ANY WARRANTY; without even the implied warranty of
MERCHANTABILITY or FITNESS FOR A PARTICULAR PURPOSE.  See the
GNU General Public License for more details.
Current Grid git commit hash=82d411ca7bb8ec4a5b5c3815df23674cfd291070: (HEAD -> develop, origin/develop, origin/HEAD) clean

Grid : Message : ================================================ 
Grid : Message : MPI is initialised and logging filters activated 
Grid : Message : ================================================ 
Grid : Message : This rank is running on host genoahost099.sdcc.bnl.local at local time 2026-02-27 11:54:13
Grid : Message : Requested 17179869184 byte stencil comms buffers 
Grid : Message : MemoryManager::Init() setting up
Grid : Message : MemoryManager::Init() cache pool for recent host   allocations: SMALL 8 LARGE 2 HUGE 0
Grid : Message : MemoryManager::Init() cache pool for recent device allocations: SMALL 16 LARGE 8 Huge 0
Grid : Message : MemoryManager::Init() cache pool for recent shared allocations: SMALL 16 LARGE 8 Huge 0
Grid : Message : MemoryManager::Init() Unified memory space
Sorting eigenvalues using EvalReSmall
Lattice size: [16 16 16 32]
Example_spec_kryschur: ../../Grid/communicator/SharedMemoryMPI.cc:434: static void Grid::GlobalSharedMemory::OptimalCommunicatorSharedMemory(const Coordinate&, ompi_communicator_t*&, Grid::Coordinate&): Assertion `WorldSize==Nprocessors' failed.
[genoahost099:1601375] *** Process received signal ***
[genoahost099:1601375] Signal: Aborted (6)
[genoahost099:1601375] Signal code:  (-6)
[genoahost099:1601375] [ 0] /lib64/libc.so.6(+0x3fc30)[0x1508cc83fc30]
[genoahost099:1601375] [ 1] /lib64/libc.so.6(+0x8d02c)[0x1508cc88d02c]
[genoahost099:1601375] [ 2] /lib64/libc.so.6(raise+0x16)[0x1508cc83fb86]
[genoahost099:1601375] [ 3] /lib64/libc.so.6(abort+0xd3)[0x1508cc829873]
[genoahost099:1601375] [ 4] /lib64/libc.so.6(+0x2979b)[0x1508cc82979b]
[genoahost099:1601375] [ 5] /lib64/libc.so.6(+0x388c6)[0x1508cc8388c6]
[genoahost099:1601375] [ 6] /direct/sdcc+u/poare/Grid/build/examples/./Example_spec_kryschur[0x4cc206]
[genoahost099:1601375] [ 7] /direct/sdcc+u/poare/Grid/build/examples/./Example_spec_kryschur[0x4cc2f1]
[genoahost099:1601375] [ 8] /direct/sdcc+u/poare/Grid/build/examples/./Example_spec_kryschur[0x4c7e95]
[genoahost099:1601375] [ 9] /direct/sdcc+u/poare/Grid/build/examples/./Example_spec_kryschur[0x4b5f4f]
[genoahost099:1601375] [10] /direct/sdcc+u/poare/Grid/build/examples/./Example_spec_kryschur[0x41180d]
[genoahost099:1601375] [11] /lib64/libc.so.6(+0x2a610)[0x1508cc82a610]
[genoahost099:1601375] [12] /lib64/libc.so.6(__libc_start_main+0x80)[0x1508cc82a6c0]
[genoahost099:1601375] [13] /direct/sdcc+u/poare/Grid/build/examples/./Example_spec_kryschur[0x4147f5]
[genoahost099:1601375] *** End of error message ***

__|__|__|__|__|__|__|__|__|__|__|__|__|__|__
__|__|__|__|__|__|__|__|__|__|__|__|__|__|__
__|_ |  |  |  |  |  |  |  |  |  |  |  | _|__
__|_                                    _|__
__|_   GGGG    RRRR    III    DDDD      _|__
__|_  G        R   R    I     D   D     _|__
__|_  G        R   R    I     D    D    _|__
__|_  G  GG    RRRR     I     D    D    _|__
__|_  G   G    R  R     I     D   D     _|__
__|_   GGGG    R   R   III    DDDD      _|__
__|_                                    _|__
__|__|__|__|__|__|__|__|__|__|__|__|__|__|__
__|__|__|__|__|__|__|__|__|__|__|__|__|__|__
  |  |  |  |  |  |  |  |  |  |  |  |  |  |  


Copyright (C) 2015 Peter Boyle, Azusa Yamaguchi, Guido Cossu, Antonin Portelli and other authors

This program is free software; you can redistribute it and/or modify
it under the terms of the GNU General Public License as published by
the Free Software Foundation; either version 2 of the License, or
(at your option) any later version.

This program is distributed in the hope that it will be useful,
but WITHOUT ANY WARRANTY; without even the implied warranty of
MERCHANTABILITY or FITNESS FOR A PARTICULAR PURPOSE.  See the
GNU General Public License for more details.
Current Grid git commit hash=82d411ca7bb8ec4a5b5c3815df23674cfd291070: (HEAD -> develop, origin/develop, origin/HEAD) clean

Grid : Message : ================================================ 
Grid : Message : MPI is initialised and logging filters activated 
Grid : Message : ================================================ 
Grid : Message : This rank is running on host genoahost099.sdcc.bnl.local at local time 2026-02-27 11:54:13
Grid : Message : Requested 17179869184 byte stencil comms buffers 
Grid : Message : MemoryManager::Init() setting up
Grid : Message : MemoryManager::Init() cache pool for recent host   allocations: SMALL 8 LARGE 2 HUGE 0
Grid : Message : MemoryManager::Init() cache pool for recent device allocations: SMALL 16 LARGE 8 Huge 0
Grid : Message : MemoryManager::Init() cache pool for recent shared allocations: SMALL 16 LARGE 8 Huge 0
Grid : Message : MemoryManager::Init() Unified memory space
Sorting eigenvalues using EvalReSmall
Lattice size: [16 16 16 32]
Example_spec_kryschur: ../../Grid/communicator/SharedMemoryMPI.cc:434: static void Grid::GlobalSharedMemory::OptimalCommunicatorSharedMemory(const Coordinate&, ompi_communicator_t*&, Grid::Coordinate&): Assertion `WorldSize==Nprocessors' failed.
[genoahost099:1601374] *** Process received signal ***
[genoahost099:1601374] Signal: Aborted (6)
[genoahost099:1601374] Signal code:  (-6)
[genoahost099:1601374] [ 0] /lib64/libc.so.6(+0x3fc30)[0x14b0bde3fc30]
[genoahost099:1601374] [ 1] /lib64/libc.so.6(+0x8d02c)[0x14b0bde8d02c]
[genoahost099:1601374] [ 2] /lib64/libc.so.6(raise+0x16)[0x14b0bde3fb86]
[genoahost099:1601374] [ 3] /lib64/libc.so.6(abort+0xd3)[0x14b0bde29873]
[genoahost099:1601374] [ 4] /lib64/libc.so.6(+0x2979b)[0x14b0bde2979b]
[genoahost099:1601374] [ 5] /lib64/libc.so.6(+0x388c6)[0x14b0bde388c6]
[genoahost099:1601374] [ 6] /direct/sdcc+u/poare/Grid/build/examples/./Example_spec_kryschur[0x4cc206]
[genoahost099:1601374] [ 7] /direct/sdcc+u/poare/Grid/build/examples/./Example_spec_kryschur[0x4cc2f1]
[genoahost099:1601374] [ 8] /direct/sdcc+u/poare/Grid/build/examples/./Example_spec_kryschur[0x4c7e95]
[genoahost099:1601374] [ 9] /direct/sdcc+u/poare/Grid/build/examples/./Example_spec_kryschur[0x4b5f4f]
[genoahost099:1601374] [10] /direct/sdcc+u/poare/Grid/build/examples/./Example_spec_kryschur[0x41180d]
[genoahost099:1601374] [11] /lib64/libc.so.6(+0x2a610)[0x14b0bde2a610]
[genoahost099:1601374] [12] /lib64/libc.so.6(__libc_start_main+0x80)[0x14b0bde2a6c0]
[genoahost099:1601374] [13] /direct/sdcc+u/poare/Grid/build/examples/./Example_spec_kryschur[0x4147f5]
[genoahost099:1601374] *** End of error message ***
srun: error: genoahost098: task 30: Aborted (core dumped)
srun: error: genoahost098: task 26: Aborted (core dumped)
srun: error: genoahost104: task 124: Aborted (core dumped)
srun: error: genoahost098: tasks 18,23: Aborted (core dumped)
srun: error: genoahost098: task 22: Aborted (core dumped)
srun: error: genoahost104: tasks 112-113: Aborted (core dumped)
srun: error: genoahost098: task 25: Aborted (core dumped)
srun: error: genoahost099: task 34: Aborted (core dumped)
srun: error: genoahost099: task 47: Aborted (core dumped)
srun: error: genoahost102: task 89: Aborted (core dumped)
srun: error: genoahost102: task 94: Aborted (core dumped)
srun: error: genoahost099: tasks 41,44: Aborted (core dumped)
srun: error: genoahost099: tasks 32-33,38: Aborted (core dumped)
srun: error: genoahost102: tasks 84,87: Aborted (core dumped)
srun: error: genoahost100: task 48: Aborted (core dumped)

__|__|__|__|__|__|__|__|__|__|__|__|__|__|__
__|__|__|__|__|__|__|__|__|__|__|__|__|__|__
__|_ |  |  |  |  |  |  |  |  |  |  |  | _|__
__|_                                    _|__
__|_   GGGG    RRRR    III    DDDD      _|__
__|_  G        R   R    I     D   D     _|__
__|_  G        R   R    I     D    D    _|__
__|_  G  GG    RRRR     I     D    D    _|__
__|_  G   G    R  R     I     D   D     _|__
__|_   GGGG    R   R   III    DDDD      _|__
__|_                                    _|__
__|__|__|__|__|__|__|__|__|__|__|__|__|__|__
__|__|__|__|__|__|__|__|__|__|__|__|__|__|__
  |  |  |  |  |  |  |  |  |  |  |  |  |  |  


Copyright (C) 2015 Peter Boyle, Azusa Yamaguchi, Guido Cossu, Antonin Portelli and other authors

This program is free software; you can redistribute it and/or modify
it under the terms of the GNU General Public License as published by
the Free Software Foundation; either version 2 of the License, or
(at your option) any later version.

This program is distributed in the hope that it will be useful,
but WITHOUT ANY WARRANTY; without even the implied warranty of
MERCHANTABILITY or FITNESS FOR A PARTICULAR PURPOSE.  See the
GNU General Public License for more details.
Current Grid git commit hash=82d411ca7bb8ec4a5b5c3815df23674cfd291070: (HEAD -> develop, origin/develop, origin/HEAD) clean

Grid : Message : ================================================ 
Grid : Message : MPI is initialised and logging filters activated 
Grid : Message : ================================================ 
Grid : Message : This rank is running on host genoahost097.sdcc.bnl.local at local time 2026-02-27 11:54:25
Grid : Message : Requested 17179869184 byte stencil comms buffers 
Grid : Message : MemoryManager::Init() setting up
Grid : Message : MemoryManager::Init() cache pool for recent host   allocations: SMALL 8 LARGE 2 HUGE 0
Grid : Message : MemoryManager::Init() cache pool for recent device allocations: SMALL 16 LARGE 8 Huge 0
Grid : Message : MemoryManager::Init() cache pool for recent shared allocations: SMALL 16 LARGE 8 Huge 0
Grid : Message : MemoryManager::Init() Unified memory space
Sorting eigenvalues using EvalReSmall
Lattice size: [16 16 16 32]
Example_spec_kryschur: ../../Grid/communicator/SharedMemoryMPI.cc:434: static void Grid::GlobalSharedMemory::OptimalCommunicatorSharedMemory(const Coordinate&, ompi_communicator_t*&, Grid::Coordinate&): Assertion `WorldSize==Nprocessors' failed.
[genoahost097:1722550] *** Process received signal ***
[genoahost097:1722550] Signal: Aborted (6)
[genoahost097:1722550] Signal code:  (-6)
[genoahost097:1722550] [ 0] /lib64/libc.so.6(+0x3fc30)[0x14842363fc30]
[genoahost097:1722550] [ 1] /lib64/libc.so.6(+0x8d02c)[0x14842368d02c]
[genoahost097:1722550] [ 2] /lib64/libc.so.6(raise+0x16)[0x14842363fb86]
[genoahost097:1722550] [ 3] /lib64/libc.so.6(abort+0xd3)[0x148423629873]
[genoahost097:1722550] [ 4] /lib64/libc.so.6(+0x2979b)[0x14842362979b]
[genoahost097:1722550] [ 5] /lib64/libc.so.6(+0x388c6)[0x1484236388c6]
[genoahost097:1722550] [ 6] /direct/sdcc+u/poare/Grid/build/examples/./Example_spec_kryschur[0x4cc206]
[genoahost097:1722550] [ 7] /direct/sdcc+u/poare/Grid/build/examples/./Example_spec_kryschur[0x4cc2f1]
[genoahost097:1722550] [ 8] /direct/sdcc+u/poare/Grid/build/examples/./Example_spec_kryschur[0x4c7e95]
[genoahost097:1722550] [ 9] /direct/sdcc+u/poare/Grid/build/examples/./Example_spec_kryschur[0x4b5f4f]
[genoahost097:1722550] [10] /direct/sdcc+u/poare/Grid/build/examples/./Example_spec_kryschur[0x41180d]
[genoahost097:1722550] [11] /lib64/libc.so.6(+0x2a610)[0x14842362a610]
[genoahost097:1722550] [12] /lib64/libc.so.6(__libc_start_main+0x80)[0x14842362a6c0]
[genoahost097:1722550] [13] /direct/sdcc+u/poare/Grid/build/examples/./Example_spec_kryschur[0x4147f5]
[genoahost097:1722550] *** End of error message ***

__|__|__|__|__|__|__|__|__|__|__|__|__|__|__
__|__|__|__|__|__|__|__|__|__|__|__|__|__|__
__|_ |  |  |  |  |  |  |  |  |  |  |  | _|__
__|_                                    _|__
__|_   GGGG    RRRR    III    DDDD      _|__
__|_  G        R   R    I     D   D     _|__
__|_  G        R   R    I     D    D    _|__
__|_  G  GG    RRRR     I     D    D    _|__
__|_  G   G    R  R     I     D   D     _|__
__|_   GGGG    R   R   III    DDDD      _|__
__|_                                    _|__
__|__|__|__|__|__|__|__|__|__|__|__|__|__|__
__|__|__|__|__|__|__|__|__|__|__|__|__|__|__
  |  |  |  |  |  |  |  |  |  |  |  |  |  |  


Copyright (C) 2015 Peter Boyle, Azusa Yamaguchi, Guido Cossu, Antonin Portelli and other authors

This program is free software; you can redistribute it and/or modify
it under the terms of the GNU General Public License as published by
the Free Software Foundation; either version 2 of the License, or
(at your option) any later version.

This program is distributed in the hope that it will be useful,
but WITHOUT ANY WARRANTY; without even the implied warranty of
MERCHANTABILITY or FITNESS FOR A PARTICULAR PURPOSE.  See the
GNU General Public License for more details.
Current Grid git commit hash=82d411ca7bb8ec4a5b5c3815df23674cfd291070: (HEAD -> develop, origin/develop, origin/HEAD) clean

Grid : Message : ================================================ 
Grid : Message : MPI is initialised and logging filters activated 
Grid : Message : ================================================ 
Grid : Message : This rank is running on host genoahost098.sdcc.bnl.local at local time 2026-02-27 11:54:25
Grid : Message : Requested 17179869184 byte stencil comms buffers 
Grid : Message : MemoryManager::Init() setting up
Grid : Message : MemoryManager::Init() cache pool for recent host   allocations: SMALL 8 LARGE 2 HUGE 0
Grid : Message : MemoryManager::Init() cache pool for recent device allocations: SMALL 16 LARGE 8 Huge 0
Grid : Message : MemoryManager::Init() cache pool for recent shared allocations: SMALL 16 LARGE 8 Huge 0
Grid : Message : MemoryManager::Init() Unified memory space
Sorting eigenvalues using EvalReSmall
Lattice size: [16 16 16 32]
Example_spec_kryschur: ../../Grid/communicator/SharedMemoryMPI.cc:434: static void Grid::GlobalSharedMemory::OptimalCommunicatorSharedMemory(const Coordinate&, ompi_communicator_t*&, Grid::Coordinate&): Assertion `WorldSize==Nprocessors' failed.
[genoahost098:1621598] *** Process received signal ***
[genoahost098:1621598] Signal: Aborted (6)
[genoahost098:1621598] Signal code:  (-6)
[genoahost098:1621598] [ 0] /lib64/libc.so.6(+0x3fc30)[0x14d041a3fc30]
[genoahost098:1621598] [ 1] /lib64/libc.so.6(+0x8d02c)[0x14d041a8d02c]
[genoahost098:1621598] [ 2] /lib64/libc.so.6(raise+0x16)[0x14d041a3fb86]
[genoahost098:1621598] [ 3] /lib64/libc.so.6(abort+0xd3)[0x14d041a29873]
[genoahost098:1621598] [ 4] /lib64/libc.so.6(+0x2979b)[0x14d041a2979b]
[genoahost098:1621598] [ 5] /lib64/libc.so.6(+0x388c6)[0x14d041a388c6]
[genoahost098:1621598] [ 6] /direct/sdcc+u/poare/Grid/build/examples/./Example_spec_kryschur[0x4cc206]
[genoahost098:1621598] [ 7] /direct/sdcc+u/poare/Grid/build/examples/./Example_spec_kryschur[0x4cc2f1]
[genoahost098:1621598] [ 8] /direct/sdcc+u/poare/Grid/build/examples/./Example_spec_kryschur[0x4c7e95]
[genoahost098:1621598] [ 9] /direct/sdcc+u/poare/Grid/build/examples/./Example_spec_kryschur[0x4b5f4f]
[genoahost098:1621598] [10] /direct/sdcc+u/poare/Grid/build/examples/./Example_spec_kryschur[0x41180d]
[genoahost098:1621598] [11] /lib64/libc.so.6(+0x2a610)[0x14d041a2a610]
[genoahost098:1621598] [12] /lib64/libc.so.6(__libc_start_main+0x80)[0x14d041a2a6c0]
[genoahost098:1621598] [13] /direct/sdcc+u/poare/Grid/build/examples/./Example_spec_kryschur[0x4147f5]
[genoahost098:1621598] *** End of error message ***
srun: error: genoahost103: task 110: Aborted (core dumped)
srun: error: genoahost100: task 56: Aborted (core dumped)
srun: error: genoahost103: task 101: Aborted (core dumped)
srun: error: genoahost103: tasks 103-104: Aborted (core dumped)
srun: error: genoahost100: task 55: Aborted (core dumped)
srun: error: genoahost100: task 59: Aborted (core dumped)

__|__|__|__|__|__|__|__|__|__|__|__|__|__|__
__|__|__|__|__|__|__|__|__|__|__|__|__|__|__
__|_ |  |  |  |  |  |  |  |  |  |  |  | _|__
__|_                                    _|__
__|_   GGGG    RRRR    III    DDDD      _|__
__|_  G        R   R    I     D   D     _|__
__|_  G        R   R    I     D    D    _|__
__|_  G  GG    RRRR     I     D    D    _|__
__|_  G   G    R  R     I     D   D     _|__
__|_   GGGG    R   R   III    DDDD      _|__
__|_                                    _|__
__|__|__|__|__|__|__|__|__|__|__|__|__|__|__
__|__|__|__|__|__|__|__|__|__|__|__|__|__|__
  |  |  |  |  |  |  |  |  |  |  |  |  |  |  


Copyright (C) 2015 Peter Boyle, Azusa Yamaguchi, Guido Cossu, Antonin Portelli and other authors

This program is free software; you can redistribute it and/or modify
it under the terms of the GNU General Public License as published by
the Free Software Foundation; either version 2 of the License, or
(at your option) any later version.

This program is distributed in the hope that it will be useful,
but WITHOUT ANY WARRANTY; without even the implied warranty of
MERCHANTABILITY or FITNESS FOR A PARTICULAR PURPOSE.  See the
GNU General Public License for more details.
Current Grid git commit hash=82d411ca7bb8ec4a5b5c3815df23674cfd291070: (HEAD -> develop, origin/develop, origin/HEAD) clean

Grid : Message : ================================================ 
Grid : Message : MPI is initialised and logging filters activated 
Grid : Message : ================================================ 
Grid : Message : This rank is running on host genoahost104.sdcc.bnl.local at local time 2026-02-27 11:54:29
Grid : Message : Requested 17179869184 byte stencil comms buffers 
Grid : Message : MemoryManager::Init() setting up
Grid : Message : MemoryManager::Init() cache pool for recent host   allocations: SMALL 8 LARGE 2 HUGE 0
Grid : Message : MemoryManager::Init() cache pool for recent device allocations: SMALL 16 LARGE 8 Huge 0
Grid : Message : MemoryManager::Init() cache pool for recent shared allocations: SMALL 16 LARGE 8 Huge 0
Grid : Message : MemoryManager::Init() Unified memory space
Sorting eigenvalues using EvalReSmall
Lattice size: [16 16 16 32]
Example_spec_kryschur: ../../Grid/communicator/SharedMemoryMPI.cc:434: static void Grid::GlobalSharedMemory::OptimalCommunicatorSharedMemory(const Coordinate&, ompi_communicator_t*&, Grid::Coordinate&): Assertion `WorldSize==Nprocessors' failed.
[genoahost104:620329] *** Process received signal ***
[genoahost104:620329] Signal: Aborted (6)
[genoahost104:620329] Signal code:  (-6)
[genoahost104:620329] [ 0] /lib64/libc.so.6(+0x3fc30)[0x147f9e23fc30]
[genoahost104:620329] [ 1] /lib64/libc.so.6(+0x8d02c)[0x147f9e28d02c]
[genoahost104:620329] [ 2] /lib64/libc.so.6(raise+0x16)[0x147f9e23fb86]
[genoahost104:620329] [ 3] /lib64/libc.so.6(abort+0xd3)[0x147f9e229873]
[genoahost104:620329] [ 4] /lib64/libc.so.6(+0x2979b)[0x147f9e22979b]
[genoahost104:620329] [ 5] /lib64/libc.so.6(+0x388c6)[0x147f9e2388c6]
[genoahost104:620329] [ 6] /direct/sdcc+u/poare/Grid/build/examples/./Example_spec_kryschur[0x4cc206]
[genoahost104:620329] [ 7] /direct/sdcc+u/poare/Grid/build/examples/./Example_spec_kryschur[0x4cc2f1]
[genoahost104:620329] [ 8] /direct/sdcc+u/poare/Grid/build/examples/./Example_spec_kryschur[0x4c7e95]
[genoahost104:620329] [ 9] /direct/sdcc+u/poare/Grid/build/examples/./Example_spec_kryschur[0x4b5f4f]
[genoahost104:620329] [10] /direct/sdcc+u/poare/Grid/build/examples/./Example_spec_kryschur[0x41180d]
[genoahost104:620329] [11] /lib64/libc.so.6(+0x2a610)[0x147f9e22a610]
[genoahost104:620329] [12] /lib64/libc.so.6(__libc_start_main+0x80)[0x147f9e22a6c0]
[genoahost104:620329] [13] /direct/sdcc+u/poare/Grid/build/examples/./Example_spec_kryschur[0x4147f5]
[genoahost104:620329] *** End of error message ***

__|__|__|__|__|__|__|__|__|__|__|__|__|__|__
__|__|__|__|__|__|__|__|__|__|__|__|__|__|__
__|_ |  |  |  |  |  |  |  |  |  |  |  | _|__
__|_                                    _|__
__|_   GGGG    RRRR    III    DDDD      _|__
__|_  G        R   R    I     D   D     _|__
__|_  G        R   R    I     D    D    _|__
__|_  G  GG    RRRR     I     D    D    _|__
__|_  G   G    R  R     I     D   D     _|__
__|_   GGGG    R   R   III    DDDD      _|__
__|_                                    _|__
__|__|__|__|__|__|__|__|__|__|__|__|__|__|__
__|__|__|__|__|__|__|__|__|__|__|__|__|__|__
  |  |  |  |  |  |  |  |  |  |  |  |  |  |  


Copyright (C) 2015 Peter Boyle, Azusa Yamaguchi, Guido Cossu, Antonin Portelli and other authors

This program is free software; you can redistribute it and/or modify
it under the terms of the GNU General Public License as published by
the Free Software Foundation; either version 2 of the License, or
(at your option) any later version.

This program is distributed in the hope that it will be useful,
but WITHOUT ANY WARRANTY; without even the implied warranty of
MERCHANTABILITY or FITNESS FOR A PARTICULAR PURPOSE.  See the
GNU General Public License for more details.
Current Grid git commit hash=82d411ca7bb8ec4a5b5c3815df23674cfd291070: (HEAD -> develop, origin/develop, origin/HEAD) clean

Grid : Message : ================================================ 
Grid : Message : MPI is initialised and logging filters activated 
Grid : Message : ================================================ 
Grid : Message : This rank is running on host genoahost104.sdcc.bnl.local at local time 2026-02-27 11:54:29
Grid : Message : Requested 17179869184 byte stencil comms buffers 
Grid : Message : MemoryManager::Init() setting up
Grid : Message : MemoryManager::Init() cache pool for recent host   allocations: SMALL 8 LARGE 2 HUGE 0
Grid : Message : MemoryManager::Init() cache pool for recent device allocations: SMALL 16 LARGE 8 Huge 0
Grid : Message : MemoryManager::Init() cache pool for recent shared allocations: SMALL 16 LARGE 8 Huge 0
Grid : Message : MemoryManager::Init() Unified memory space
Sorting eigenvalues using EvalReSmall
Lattice size: [16 16 16 32]
Example_spec_kryschur: ../../Grid/communicator/SharedMemoryMPI.cc:434: static void Grid::GlobalSharedMemory::OptimalCommunicatorSharedMemory(const Coordinate&, ompi_communicator_t*&, Grid::Coordinate&): Assertion `WorldSize==Nprocessors' failed.
[genoahost104:620332] *** Process received signal ***
[genoahost104:620332] Signal: Aborted (6)
[genoahost104:620332] Signal code:  (-6)
[genoahost104:620332] [ 0] /lib64/libc.so.6(+0x3fc30)[0x146ffd03fc30]
[genoahost104:620332] [ 1] /lib64/libc.so.6(+0x8d02c)[0x146ffd08d02c]
[genoahost104:620332] [ 2] /lib64/libc.so.6(raise+0x16)[0x146ffd03fb86]
[genoahost104:620332] [ 3] /lib64/libc.so.6(abort+0xd3)[0x146ffd029873]
[genoahost104:620332] [ 4] /lib64/libc.so.6(+0x2979b)[0x146ffd02979b]
[genoahost104:620332] [ 5] /lib64/libc.so.6(+0x388c6)[0x146ffd0388c6]
[genoahost104:620332] [ 6] /direct/sdcc+u/poare/Grid/build/examples/./Example_spec_kryschur[0x4cc206]
[genoahost104:620332] [ 7] /direct/sdcc+u/poare/Grid/build/examples/./Example_spec_kryschur[0x4cc2f1]
[genoahost104:620332] [ 8] /direct/sdcc+u/poare/Grid/build/examples/./Example_spec_kryschur[0x4c7e95]
[genoahost104:620332] [ 9] /direct/sdcc+u/poare/Grid/build/examples/./Example_spec_kryschur[0x4b5f4f]
[genoahost104:620332] [10] /direct/sdcc+u/poare/Grid/build/examples/./Example_spec_kryschur[0x41180d]
[genoahost104:620332] [11] /lib64/libc.so.6(+0x2a610)[0x146ffd02a610]
[genoahost104:620332] [12] /lib64/libc.so.6(__libc_start_main+0x80)[0x146ffd02a6c0]
[genoahost104:620332] [13] /direct/sdcc+u/poare/Grid/build/examples/./Example_spec_kryschur[0x4147f5]
[genoahost104:620332] *** End of error message ***

__|__|__|__|__|__|__|__|__|__|__|__|__|__|__
__|__|__|__|__|__|__|__|__|__|__|__|__|__|__
__|_ |  |  |  |  |  |  |  |  |  |  |  | _|__
__|_                                    _|__
__|_   GGGG    RRRR    III    DDDD      _|__
__|_  G        R   R    I     D   D     _|__
__|_  G        R   R    I     D    D    _|__
__|_  G  GG    RRRR     I     D    D    _|__
__|_  G   G    R  R     I     D   D     _|__
__|_   GGGG    R   R   III    DDDD      _|__
__|_                                    _|__
__|__|__|__|__|__|__|__|__|__|__|__|__|__|__
__|__|__|__|__|__|__|__|__|__|__|__|__|__|__
  |  |  |  |  |  |  |  |  |  |  |  |  |  |  


Copyright (C) 2015 Peter Boyle, Azusa Yamaguchi, Guido Cossu, Antonin Portelli and other authors

This program is free software; you can redistribute it and/or modify
it under the terms of the GNU General Public License as published by
the Free Software Foundation; either version 2 of the License, or
(at your option) any later version.

This program is distributed in the hope that it will be useful,
but WITHOUT ANY WARRANTY; without even the implied warranty of
MERCHANTABILITY or FITNESS FOR A PARTICULAR PURPOSE.  See the
GNU General Public License for more details.
Current Grid git commit hash=82d411ca7bb8ec4a5b5c3815df23674cfd291070: (HEAD -> develop, origin/develop, origin/HEAD) clean

Grid : Message : ================================================ 
Grid : Message : MPI is initialised and logging filters activated 
Grid : Message : ================================================ 
Grid : Message : This rank is running on host genoahost100.sdcc.bnl.local at local time 2026-02-27 11:54:29
Grid : Message : Requested 17179869184 byte stencil comms buffers 
Grid : Message : MemoryManager::Init() setting up
Grid : Message : MemoryManager::Init() cache pool for recent host   allocations: SMALL 8 LARGE 2 HUGE 0
Grid : Message : MemoryManager::Init() cache pool for recent device allocations: SMALL 16 LARGE 8 Huge 0
Grid : Message : MemoryManager::Init() cache pool for recent shared allocations: SMALL 16 LARGE 8 Huge 0
Grid : Message : MemoryManager::Init() Unified memory space
Sorting eigenvalues using EvalReSmall
Lattice size: [16 16 16 32]
Example_spec_kryschur: ../../Grid/communicator/SharedMemoryMPI.cc:434: static void Grid::GlobalSharedMemory::OptimalCommunicatorSharedMemory(const Coordinate&, ompi_communicator_t*&, Grid::Coordinate&): Assertion `WorldSize==Nprocessors' failed.
[genoahost100:640128] *** Process received signal ***
[genoahost100:640128] Signal: Aborted (6)
[genoahost100:640128] Signal code:  (-6)
[genoahost100:640128] [ 0] /lib64/libc.so.6(+0x3fc30)[0x152a0823fc30]
[genoahost100:640128] [ 1] /lib64/libc.so.6(+0x8d02c)[0x152a0828d02c]
[genoahost100:640128] [ 2] /lib64/libc.so.6(raise+0x16)[0x152a0823fb86]
[genoahost100:640128] [ 3] /lib64/libc.so.6(abort+0xd3)[0x152a08229873]
[genoahost100:640128] [ 4] /lib64/libc.so.6(+0x2979b)[0x152a0822979b]
[genoahost100:640128] [ 5] /lib64/libc.so.6(+0x388c6)[0x152a082388c6]
[genoahost100:640128] [ 6] /direct/sdcc+u/poare/Grid/build/examples/./Example_spec_kryschur[0x4cc206]
[genoahost100:640128] [ 7] /direct/sdcc+u/poare/Grid/build/examples/./Example_spec_kryschur[0x4cc2f1]
[genoahost100:640128] [ 8] /direct/sdcc+u/poare/Grid/build/examples/./Example_spec_kryschur[0x4c7e95]
[genoahost100:640128] [ 9] /direct/sdcc+u/poare/Grid/build/examples/./Example_spec_kryschur[0x4b5f4f]
[genoahost100:640128] [10] /direct/sdcc+u/poare/Grid/build/examples/./Example_spec_kryschur[0x41180d]
[genoahost100:640128] [11] /lib64/libc.so.6(+0x2a610)[0x152a0822a610]
[genoahost100:640128] [12] /lib64/libc.so.6(__libc_start_main+0x80)[0x152a0822a6c0]
[genoahost100:640128] [13] /direct/sdcc+u/poare/Grid/build/examples/./Example_spec_kryschur[0x4147f5]
[genoahost100:640128] *** End of error message ***

__|__|__|__|__|__|__|__|__|__|__|__|__|__|__
__|__|__|__|__|__|__|__|__|__|__|__|__|__|__
__|_ |  |  |  |  |  |  |  |  |  |  |  | _|__
__|_                                    _|__
__|_   GGGG    RRRR    III    DDDD      _|__
__|_  G        R   R    I     D   D     _|__
__|_  G        R   R    I     D    D    _|__
__|_  G  GG    RRRR     I     D    D    _|__
__|_  G   G    R  R     I     D   D     _|__
__|_   GGGG    R   R   III    DDDD      _|__
__|_                                    _|__
__|__|__|__|__|__|__|__|__|__|__|__|__|__|__
__|__|__|__|__|__|__|__|__|__|__|__|__|__|__
  |  |  |  |  |  |  |  |  |  |  |  |  |  |  


Copyright (C) 2015 Peter Boyle, Azusa Yamaguchi, Guido Cossu, Antonin Portelli and other authors

This program is free software; you can redistribute it and/or modify
it under the terms of the GNU General Public License as published by
the Free Software Foundation; either version 2 of the License, or
(at your option) any later version.

This program is distributed in the hope that it will be useful,
but WITHOUT ANY WARRANTY; without even the implied warranty of
MERCHANTABILITY or FITNESS FOR A PARTICULAR PURPOSE.  See the
GNU General Public License for more details.
Current Grid git commit hash=82d411ca7bb8ec4a5b5c3815df23674cfd291070: (HEAD -> develop, origin/develop, origin/HEAD) clean

Grid : Message : ================================================ 
Grid : Message : MPI is initialised and logging filters activated 
Grid : Message : ================================================ 
Grid : Message : This rank is running on host genoahost104.sdcc.bnl.local at local time 2026-02-27 11:54:30
Grid : Message : Requested 17179869184 byte stencil comms buffers 
Grid : Message : MemoryManager::Init() setting up
Grid : Message : MemoryManager::Init() cache pool for recent host   allocations: SMALL 8 LARGE 2 HUGE 0
Grid : Message : MemoryManager::Init() cache pool for recent device allocations: SMALL 16 LARGE 8 Huge 0
Grid : Message : MemoryManager::Init() cache pool for recent shared allocations: SMALL 16 LARGE 8 Huge 0
Grid : Message : MemoryManager::Init() Unified memory space
Sorting eigenvalues using EvalReSmall
Lattice size: [16 16 16 32]
Example_spec_kryschur: ../../Grid/communicator/SharedMemoryMPI.cc:434: static void Grid::GlobalSharedMemory::OptimalCommunicatorSharedMemory(const Coordinate&, ompi_communicator_t*&, Grid::Coordinate&): Assertion `WorldSize==Nprocessors' failed.
[genoahost104:620328] *** Process received signal ***
[genoahost104:620328] Signal: Aborted (6)
[genoahost104:620328] Signal code:  (-6)
[genoahost104:620328] [ 0] /lib64/libc.so.6(+0x3fc30)[0x14baa163fc30]
[genoahost104:620328] [ 1] /lib64/libc.so.6(+0x8d02c)[0x14baa168d02c]
[genoahost104:620328] [ 2] /lib64/libc.so.6(raise+0x16)[0x14baa163fb86]
[genoahost104:620328] [ 3] /lib64/libc.so.6(abort+0xd3)[0x14baa1629873]
[genoahost104:620328] [ 4] /lib64/libc.so.6(+0x2979b)[0x14baa162979b]
[genoahost104:620328] [ 5] /lib64/libc.so.6(+0x388c6)[0x14baa16388c6]
[genoahost104:620328] [ 6] /direct/sdcc+u/poare/Grid/build/examples/./Example_spec_kryschur[0x4cc206]
[genoahost104:620328] [ 7] /direct/sdcc+u/poare/Grid/build/examples/./Example_spec_kryschur[0x4cc2f1]
[genoahost104:620328] [ 8] /direct/sdcc+u/poare/Grid/build/examples/./Example_spec_kryschur[0x4c7e95]
[genoahost104:620328] [ 9] /direct/sdcc+u/poare/Grid/build/examples/./Example_spec_kryschur[0x4b5f4f]
[genoahost104:620328] [10] /direct/sdcc+u/poare/Grid/build/examples/./Example_spec_kryschur[0x41180d]
[genoahost104:620328] [11] /lib64/libc.so.6(+0x2a610)[0x14baa162a610]
[genoahost104:620328] [12] /lib64/libc.so.6(__libc_start_main+0x80)[0x14baa162a6c0]
[genoahost104:620328] [13] /direct/sdcc+u/poare/Grid/build/examples/./Example_spec_kryschur[0x4147f5]
[genoahost104:620328] *** End of error message ***

__|__|__|__|__|__|__|__|__|__|__|__|__|__|__
__|__|__|__|__|__|__|__|__|__|__|__|__|__|__
__|_ |  |  |  |  |  |  |  |  |  |  |  | _|__
__|_                                    _|__
__|_   GGGG    RRRR    III    DDDD      _|__
__|_  G        R   R    I     D   D     _|__
__|_  G        R   R    I     D    D    _|__
__|_  G  GG    RRRR     I     D    D    _|__
__|_  G   G    R  R     I     D   D     _|__
__|_   GGGG    R   R   III    DDDD      _|__
__|_                                    _|__
__|__|__|__|__|__|__|__|__|__|__|__|__|__|__
__|__|__|__|__|__|__|__|__|__|__|__|__|__|__
  |  |  |  |  |  |  |  |  |  |  |  |  |  |  


Copyright (C) 2015 Peter Boyle, Azusa Yamaguchi, Guido Cossu, Antonin Portelli and other authors

This program is free software; you can redistribute it and/or modify
it under the terms of the GNU General Public License as published by
the Free Software Foundation; either version 2 of the License, or
(at your option) any later version.

This program is distributed in the hope that it will be useful,
but WITHOUT ANY WARRANTY; without even the implied warranty of
MERCHANTABILITY or FITNESS FOR A PARTICULAR PURPOSE.  See the
GNU General Public License for more details.
Current Grid git commit hash=82d411ca7bb8ec4a5b5c3815df23674cfd291070: (HEAD -> develop, origin/develop, origin/HEAD) clean

Grid : Message : ================================================ 
Grid : Message : MPI is initialised and logging filters activated 
Grid : Message : ================================================ 
Grid : Message : This rank is running on host genoahost100.sdcc.bnl.local at local time 2026-02-27 11:54:30
Grid : Message : Requested 17179869184 byte stencil comms buffers 
Grid : Message : MemoryManager::Init() setting up
Grid : Message : MemoryManager::Init() cache pool for recent host   allocations: SMALL 8 LARGE 2 HUGE 0
Grid : Message : MemoryManager::Init() cache pool for recent device allocations: SMALL 16 LARGE 8 Huge 0
Grid : Message : MemoryManager::Init() cache pool for recent shared allocations: SMALL 16 LARGE 8 Huge 0
Grid : Message : MemoryManager::Init() Unified memory space
Sorting eigenvalues using EvalReSmall
Lattice size: [16 16 16 32]
Example_spec_kryschur: ../../Grid/communicator/SharedMemoryMPI.cc:434: static void Grid::GlobalSharedMemory::OptimalCommunicatorSharedMemory(const Coordinate&, ompi_communicator_t*&, Grid::Coordinate&): Assertion `WorldSize==Nprocessors' failed.
[genoahost100:640134] *** Process received signal ***
[genoahost100:640134] Signal: Aborted (6)
[genoahost100:640134] Signal code:  (-6)
[genoahost100:640134] [ 0] /lib64/libc.so.6(+0x3fc30)[0x1528bba3fc30]
[genoahost100:640134] [ 1] /lib64/libc.so.6(+0x8d02c)[0x1528bba8d02c]
[genoahost100:640134] [ 2] /lib64/libc.so.6(raise+0x16)[0x1528bba3fb86]
[genoahost100:640134] [ 3] /lib64/libc.so.6(abort+0xd3)[0x1528bba29873]
[genoahost100:640134] [ 4] /lib64/libc.so.6(+0x2979b)[0x1528bba2979b]
[genoahost100:640134] [ 5] /lib64/libc.so.6(+0x388c6)[0x1528bba388c6]
[genoahost100:640134] [ 6] /direct/sdcc+u/poare/Grid/build/examples/./Example_spec_kryschur[0x4cc206]
[genoahost100:640134] [ 7] /direct/sdcc+u/poare/Grid/build/examples/./Example_spec_kryschur[0x4cc2f1]
[genoahost100:640134] [ 8] /direct/sdcc+u/poare/Grid/build/examples/./Example_spec_kryschur[0x4c7e95]
[genoahost100:640134] [ 9] /direct/sdcc+u/poare/Grid/build/examples/./Example_spec_kryschur[0x4b5f4f]
[genoahost100:640134] [10] /direct/sdcc+u/poare/Grid/build/examples/./Example_spec_kryschur[0x41180d]
[genoahost100:640134] [11] /lib64/libc.so.6(+0x2a610)[0x1528bba2a610]
[genoahost100:640134] [12] /lib64/libc.so.6(__libc_start_main+0x80)[0x1528bba2a6c0]
[genoahost100:640134] [13] /direct/sdcc+u/poare/Grid/build/examples/./Example_spec_kryschur[0x4147f5]
[genoahost100:640134] *** End of error message ***

__|__|__|__|__|__|__|__|__|__|__|__|__|__|__
__|__|__|__|__|__|__|__|__|__|__|__|__|__|__
__|_ |  |  |  |  |  |  |  |  |  |  |  | _|__
__|_                                    _|__
__|_   GGGG    RRRR    III    DDDD      _|__
__|_  G        R   R    I     D   D     _|__
__|_  G        R   R    I     D    D    _|__
__|_  G  GG    RRRR     I     D    D    _|__
__|_  G   G    R  R     I     D   D     _|__
__|_   GGGG    R   R   III    DDDD      _|__
__|_                                    _|__
__|__|__|__|__|__|__|__|__|__|__|__|__|__|__
__|__|__|__|__|__|__|__|__|__|__|__|__|__|__
  |  |  |  |  |  |  |  |  |  |  |  |  |  |  


Copyright (C) 2015 Peter Boyle, Azusa Yamaguchi, Guido Cossu, Antonin Portelli and other authors

This program is free software; you can redistribute it and/or modify
it under the terms of the GNU General Public License as published by
the Free Software Foundation; either version 2 of the License, or
(at your option) any later version.

This program is distributed in the hope that it will be useful,
but WITHOUT ANY WARRANTY; without even the implied warranty of
MERCHANTABILITY or FITNESS FOR A PARTICULAR PURPOSE.  See the
GNU General Public License for more details.
Current Grid git commit hash=82d411ca7bb8ec4a5b5c3815df23674cfd291070: (HEAD -> develop, origin/develop, origin/HEAD) clean

Grid : Message : ================================================ 
Grid : Message : MPI is initialised and logging filters activated 
Grid : Message : ================================================ 
Grid : Message : This rank is running on host genoahost103.sdcc.bnl.local at local time 2026-02-27 11:54:30
Grid : Message : Requested 17179869184 byte stencil comms buffers 
Grid : Message : MemoryManager::Init() setting up
Grid : Message : MemoryManager::Init() cache pool for recent host   allocations: SMALL 8 LARGE 2 HUGE 0
Grid : Message : MemoryManager::Init() cache pool for recent device allocations: SMALL 16 LARGE 8 Huge 0
Grid : Message : MemoryManager::Init() cache pool for recent shared allocations: SMALL 16 LARGE 8 Huge 0
Grid : Message : MemoryManager::Init() Unified memory space
Sorting eigenvalues using EvalReSmall
Lattice size: [16 16 16 32]
Example_spec_kryschur: ../../Grid/communicator/SharedMemoryMPI.cc:434: static void Grid::GlobalSharedMemory::OptimalCommunicatorSharedMemory(const Coordinate&, ompi_communicator_t*&, Grid::Coordinate&): Assertion `WorldSize==Nprocessors' failed.
[genoahost103:608884] *** Process received signal ***
[genoahost103:608884] Signal: Aborted (6)
[genoahost103:608884] Signal code:  (-6)
[genoahost103:608884] [ 0] /lib64/libc.so.6(+0x3fc30)[0x14a60b03fc30]
[genoahost103:608884] [ 1] /lib64/libc.so.6(+0x8d02c)[0x14a60b08d02c]
[genoahost103:608884] [ 2] /lib64/libc.so.6(raise+0x16)[0x14a60b03fb86]
[genoahost103:608884] [ 3] /lib64/libc.so.6(abort+0xd3)[0x14a60b029873]
[genoahost103:608884] [ 4] /lib64/libc.so.6(+0x2979b)[0x14a60b02979b]
[genoahost103:608884] [ 5] /lib64/libc.so.6(+0x388c6)[0x14a60b0388c6]
[genoahost103:608884] [ 6] /direct/sdcc+u/poare/Grid/build/examples/./Example_spec_kryschur[0x4cc206]
[genoahost103:608884] [ 7] /direct/sdcc+u/poare/Grid/build/examples/./Example_spec_kryschur[0x4cc2f1]
[genoahost103:608884] [ 8] /direct/sdcc+u/poare/Grid/build/examples/./Example_spec_kryschur[0x4c7e95]
[genoahost103:608884] [ 9] /direct/sdcc+u/poare/Grid/build/examples/./Example_spec_kryschur[0x4b5f4f]
[genoahost103:608884] [10] /direct/sdcc+u/poare/Grid/build/examples/./Example_spec_kryschur[0x41180d]
[genoahost103:608884] [11] /lib64/libc.so.6(+0x2a610)[0x14a60b02a610]
[genoahost103:608884] [12] /lib64/libc.so.6(__libc_start_main+0x80)[0x14a60b02a6c0]
[genoahost103:608884] [13] /direct/sdcc+u/poare/Grid/build/examples/./Example_spec_kryschur[0x4147f5]
[genoahost103:608884] *** End of error message ***

__|__|__|__|__|__|__|__|__|__|__|__|__|__|__
__|__|__|__|__|__|__|__|__|__|__|__|__|__|__
__|_ |  |  |  |  |  |  |  |  |  |  |  | _|__
__|_                                    _|__
__|_   GGGG    RRRR    III    DDDD      _|__
__|_  G        R   R    I     D   D     _|__
__|_  G        R   R    I     D    D    _|__
__|_  G  GG    RRRR     I     D    D    _|__
__|_  G   G    R  R     I     D   D     _|__
__|_   GGGG    R   R   III    DDDD      _|__
__|_                                    _|__
__|__|__|__|__|__|__|__|__|__|__|__|__|__|__
__|__|__|__|__|__|__|__|__|__|__|__|__|__|__
  |  |  |  |  |  |  |  |  |  |  |  |  |  |  


Copyright (C) 2015 Peter Boyle, Azusa Yamaguchi, Guido Cossu, Antonin Portelli and other authors

This program is free software; you can redistribute it and/or modify
it under the terms of the GNU General Public License as published by
the Free Software Foundation; either version 2 of the License, or
(at your option) any later version.

This program is distributed in the hope that it will be useful,
but WITHOUT ANY WARRANTY; without even the implied warranty of
MERCHANTABILITY or FITNESS FOR A PARTICULAR PURPOSE.  See the
GNU General Public License for more details.
Current Grid git commit hash=82d411ca7bb8ec4a5b5c3815df23674cfd291070: (HEAD -> develop, origin/develop, origin/HEAD) clean

Grid : Message : ================================================ 
Grid : Message : MPI is initialised and logging filters activated 
Grid : Message : ================================================ 
Grid : Message : This rank is running on host genoahost104.sdcc.bnl.local at local time 2026-02-27 11:54:30
Grid : Message : Requested 17179869184 byte stencil comms buffers 
Grid : Message : MemoryManager::Init() setting up
Grid : Message : MemoryManager::Init() cache pool for recent host   allocations: SMALL 8 LARGE 2 HUGE 0
Grid : Message : MemoryManager::Init() cache pool for recent device allocations: SMALL 16 LARGE 8 Huge 0
Grid : Message : MemoryManager::Init() cache pool for recent shared allocations: SMALL 16 LARGE 8 Huge 0
Grid : Message : MemoryManager::Init() Unified memory space
Sorting eigenvalues using EvalReSmall
Lattice size: [16 16 16 32]
Example_spec_kryschur: ../../Grid/communicator/SharedMemoryMPI.cc:434: static void Grid::GlobalSharedMemory::OptimalCommunicatorSharedMemory(const Coordinate&, ompi_communicator_t*&, Grid::Coordinate&): Assertion `WorldSize==Nprocessors' failed.
[genoahost104:620327] *** Process received signal ***
[genoahost104:620327] Signal: Aborted (6)
[genoahost104:620327] Signal code:  (-6)
[genoahost104:620327] [ 0] /lib64/libc.so.6(+0x3fc30)[0x146219e3fc30]
[genoahost104:620327] [ 1] /lib64/libc.so.6(+0x8d02c)[0x146219e8d02c]
[genoahost104:620327] [ 2] /lib64/libc.so.6(raise+0x16)[0x146219e3fb86]
[genoahost104:620327] [ 3] /lib64/libc.so.6(abort+0xd3)[0x146219e29873]
[genoahost104:620327] [ 4] /lib64/libc.so.6(+0x2979b)[0x146219e2979b]
[genoahost104:620327] [ 5] /lib64/libc.so.6(+0x388c6)[0x146219e388c6]
[genoahost104:620327] [ 6] /direct/sdcc+u/poare/Grid/build/examples/./Example_spec_kryschur[0x4cc206]
[genoahost104:620327] [ 7] /direct/sdcc+u/poare/Grid/build/examples/./Example_spec_kryschur[0x4cc2f1]
[genoahost104:620327] [ 8] /direct/sdcc+u/poare/Grid/build/examples/./Example_spec_kryschur[0x4c7e95]
[genoahost104:620327] [ 9] /direct/sdcc+u/poare/Grid/build/examples/./Example_spec_kryschur[0x4b5f4f]
[genoahost104:620327] [10] /direct/sdcc+u/poare/Grid/build/examples/./Example_spec_kryschur[0x41180d]
[genoahost104:620327] [11] /lib64/libc.so.6(+0x2a610)[0x146219e2a610]
[genoahost104:620327] [12] /lib64/libc.so.6(__libc_start_main+0x80)[0x146219e2a6c0]
[genoahost104:620327] [13] /direct/sdcc+u/poare/Grid/build/examples/./Example_spec_kryschur[0x4147f5]
[genoahost104:620327] *** End of error message ***

__|__|__|__|__|__|__|__|__|__|__|__|__|__|__
__|__|__|__|__|__|__|__|__|__|__|__|__|__|__
__|_ |  |  |  |  |  |  |  |  |  |  |  | _|__
__|_                                    _|__
__|_   GGGG    RRRR    III    DDDD      _|__
__|_  G        R   R    I     D   D     _|__
__|_  G        R   R    I     D    D    _|__
__|_  G  GG    RRRR     I     D    D    _|__
__|_  G   G    R  R     I     D   D     _|__
__|_   GGGG    R   R   III    DDDD      _|__
__|_                                    _|__
__|__|__|__|__|__|__|__|__|__|__|__|__|__|__
__|__|__|__|__|__|__|__|__|__|__|__|__|__|__
  |  |  |  |  |  |  |  |  |  |  |  |  |  |  


Copyright (C) 2015 Peter Boyle, Azusa Yamaguchi, Guido Cossu, Antonin Portelli and other authors

This program is free software; you can redistribute it and/or modify
it under the terms of the GNU General Public License as published by
the Free Software Foundation; either version 2 of the License, or
(at your option) any later version.

This program is distributed in the hope that it will be useful,
but WITHOUT ANY WARRANTY; without even the implied warranty of
MERCHANTABILITY or FITNESS FOR A PARTICULAR PURPOSE.  See the
GNU General Public License for more details.
Current Grid git commit hash=82d411ca7bb8ec4a5b5c3815df23674cfd291070: (HEAD -> develop, origin/develop, origin/HEAD) clean

Grid : Message : ================================================ 
Grid : Message : MPI is initialised and logging filters activated 
Grid : Message : ================================================ 
Grid : Message : This rank is running on host genoahost099.sdcc.bnl.local at local time 2026-02-27 11:54:31
Grid : Message : Requested 17179869184 byte stencil comms buffers 
Grid : Message : MemoryManager::Init() setting up
Grid : Message : MemoryManager::Init() cache pool for recent host   allocations: SMALL 8 LARGE 2 HUGE 0
Grid : Message : MemoryManager::Init() cache pool for recent device allocations: SMALL 16 LARGE 8 Huge 0
Grid : Message : MemoryManager::Init() cache pool for recent shared allocations: SMALL 16 LARGE 8 Huge 0
Grid : Message : MemoryManager::Init() Unified memory space
Sorting eigenvalues using EvalReSmall
Lattice size: [16 16 16 32]
Example_spec_kryschur: ../../Grid/communicator/SharedMemoryMPI.cc:434: static void Grid::GlobalSharedMemory::OptimalCommunicatorSharedMemory(const Coordinate&, ompi_communicator_t*&, Grid::Coordinate&): Assertion `WorldSize==Nprocessors' failed.
[genoahost099:1601377] *** Process received signal ***
[genoahost099:1601377] Signal: Aborted (6)
[genoahost099:1601377] Signal code:  (-6)
[genoahost099:1601377] [ 0] /lib64/libc.so.6(+0x3fc30)[0x149816e3fc30]
[genoahost099:1601377] [ 1] /lib64/libc.so.6(+0x8d02c)[0x149816e8d02c]
[genoahost099:1601377] [ 2] /lib64/libc.so.6(raise+0x16)[0x149816e3fb86]
[genoahost099:1601377] [ 3] /lib64/libc.so.6(abort+0xd3)[0x149816e29873]
[genoahost099:1601377] [ 4] /lib64/libc.so.6(+0x2979b)[0x149816e2979b]
[genoahost099:1601377] [ 5] /lib64/libc.so.6(+0x388c6)[0x149816e388c6]
[genoahost099:1601377] [ 6] /direct/sdcc+u/poare/Grid/build/examples/./Example_spec_kryschur[0x4cc206]
[genoahost099:1601377] [ 7] /direct/sdcc+u/poare/Grid/build/examples/./Example_spec_kryschur[0x4cc2f1]
[genoahost099:1601377] [ 8] /direct/sdcc+u/poare/Grid/build/examples/./Example_spec_kryschur[0x4c7e95]
[genoahost099:1601377] [ 9] /direct/sdcc+u/poare/Grid/build/examples/./Example_spec_kryschur[0x4b5f4f]
[genoahost099:1601377] [10] /direct/sdcc+u/poare/Grid/build/examples/./Example_spec_kryschur[0x41180d]
[genoahost099:1601377] [11] /lib64/libc.so.6(+0x2a610)[0x149816e2a610]
[genoahost099:1601377] [12] /lib64/libc.so.6(__libc_start_main+0x80)[0x149816e2a6c0]
[genoahost099:1601377] [13] /direct/sdcc+u/poare/Grid/build/examples/./Example_spec_kryschur[0x4147f5]
[genoahost099:1601377] *** End of error message ***

__|__|__|__|__|__|__|__|__|__|__|__|__|__|__
__|__|__|__|__|__|__|__|__|__|__|__|__|__|__
__|_ |  |  |  |  |  |  |  |  |  |  |  | _|__
__|_                                    _|__
__|_   GGGG    RRRR    III    DDDD      _|__
__|_  G        R   R    I     D   D     _|__
__|_  G        R   R    I     D    D    _|__
__|_  G  GG    RRRR     I     D    D    _|__
__|_  G   G    R  R     I     D   D     _|__
__|_   GGGG    R   R   III    DDDD      _|__
__|_                                    _|__
__|__|__|__|__|__|__|__|__|__|__|__|__|__|__
__|__|__|__|__|__|__|__|__|__|__|__|__|__|__
  |  |  |  |  |  |  |  |  |  |  |  |  |  |  


Copyright (C) 2015 Peter Boyle, Azusa Yamaguchi, Guido Cossu, Antonin Portelli and other authors

This program is free software; you can redistribute it and/or modify
it under the terms of the GNU General Public License as published by
the Free Software Foundation; either version 2 of the License, or
(at your option) any later version.

This program is distributed in the hope that it will be useful,
but WITHOUT ANY WARRANTY; without even the implied warranty of
MERCHANTABILITY or FITNESS FOR A PARTICULAR PURPOSE.  See the
GNU General Public License for more details.
Current Grid git commit hash=82d411ca7bb8ec4a5b5c3815df23674cfd291070: (HEAD -> develop, origin/develop, origin/HEAD) clean

Grid : Message : ================================================ 
Grid : Message : MPI is initialised and logging filters activated 
Grid : Message : ================================================ 
Grid : Message : This rank is running on host genoahost099.sdcc.bnl.local at local time 2026-02-27 11:54:31
Grid : Message : Requested 17179869184 byte stencil comms buffers 
Grid : Message : MemoryManager::Init() setting up
Grid : Message : MemoryManager::Init() cache pool for recent host   allocations: SMALL 8 LARGE 2 HUGE 0
Grid : Message : MemoryManager::Init() cache pool for recent device allocations: SMALL 16 LARGE 8 Huge 0
Grid : Message : MemoryManager::Init() cache pool for recent shared allocations: SMALL 16 LARGE 8 Huge 0
Grid : Message : MemoryManager::Init() Unified memory space
Sorting eigenvalues using EvalReSmall
Lattice size: [16 16 16 32]
Example_spec_kryschur: ../../Grid/communicator/SharedMemoryMPI.cc:434: static void Grid::GlobalSharedMemory::OptimalCommunicatorSharedMemory(const Coordinate&, ompi_communicator_t*&, Grid::Coordinate&): Assertion `WorldSize==Nprocessors' failed.
[genoahost099:1601369] *** Process received signal ***
[genoahost099:1601369] Signal: Aborted (6)
[genoahost099:1601369] Signal code:  (-6)
[genoahost099:1601369] [ 0] /lib64/libc.so.6(+0x3fc30)[0x148abf03fc30]
[genoahost099:1601369] [ 1] /lib64/libc.so.6(+0x8d02c)[0x148abf08d02c]
[genoahost099:1601369] [ 2] /lib64/libc.so.6(raise+0x16)[0x148abf03fb86]
[genoahost099:1601369] [ 3] /lib64/libc.so.6(abort+0xd3)[0x148abf029873]
[genoahost099:1601369] [ 4] /lib64/libc.so.6(+0x2979b)[0x148abf02979b]
[genoahost099:1601369] [ 5] /lib64/libc.so.6(+0x388c6)[0x148abf0388c6]
[genoahost099:1601369] [ 6] /direct/sdcc+u/poare/Grid/build/examples/./Example_spec_kryschur[0x4cc206]
[genoahost099:1601369] [ 7] /direct/sdcc+u/poare/Grid/build/examples/./Example_spec_kryschur[0x4cc2f1]
[genoahost099:1601369] [ 8] /direct/sdcc+u/poare/Grid/build/examples/./Example_spec_kryschur[0x4c7e95]
[genoahost099:1601369] [ 9] /direct/sdcc+u/poare/Grid/build/examples/./Example_spec_kryschur[0x4b5f4f]
[genoahost099:1601369] [10] /direct/sdcc+u/poare/Grid/build/examples/./Example_spec_kryschur[0x41180d]
[genoahost099:1601369] [11] /lib64/libc.so.6(+0x2a610)[0x148abf02a610]
[genoahost099:1601369] [12] /lib64/libc.so.6(__libc_start_main+0x80)[0x148abf02a6c0]
[genoahost099:1601369] [13] /direct/sdcc+u/poare/Grid/build/examples/./Example_spec_kryschur[0x4147f5]
[genoahost099:1601369] *** End of error message ***

__|__|__|__|__|__|__|__|__|__|__|__|__|__|__
__|__|__|__|__|__|__|__|__|__|__|__|__|__|__
__|_ |  |  |  |  |  |  |  |  |  |  |  | _|__
__|_                                    _|__
__|_   GGGG    RRRR    III    DDDD      _|__
__|_  G        R   R    I     D   D     _|__
__|_  G        R   R    I     D    D    _|__
__|_  G  GG    RRRR     I     D    D    _|__
__|_  G   G    R  R     I     D   D     _|__
__|_   GGGG    R   R   III    DDDD      _|__
__|_                                    _|__
__|__|__|__|__|__|__|__|__|__|__|__|__|__|__
__|__|__|__|__|__|__|__|__|__|__|__|__|__|__
  |  |  |  |  |  |  |  |  |  |  |  |  |  |  


Copyright (C) 2015 Peter Boyle, Azusa Yamaguchi, Guido Cossu, Antonin Portelli and other authors

This program is free software; you can redistribute it and/or modify
it under the terms of the GNU General Public License as published by
the Free Software Foundation; either version 2 of the License, or
(at your option) any later version.

This program is distributed in the hope that it will be useful,
but WITHOUT ANY WARRANTY; without even the implied warranty of
MERCHANTABILITY or FITNESS FOR A PARTICULAR PURPOSE.  See the
GNU General Public License for more details.
Current Grid git commit hash=82d411ca7bb8ec4a5b5c3815df23674cfd291070: (HEAD -> develop, origin/develop, origin/HEAD) clean

Grid : Message : ================================================ 
Grid : Message : MPI is initialised and logging filters activated 
Grid : Message : ================================================ 
Grid : Message : This rank is running on host genoahost099.sdcc.bnl.local at local time 2026-02-27 11:54:31
Grid : Message : Requested 17179869184 byte stencil comms buffers 
Grid : Message : MemoryManager::Init() setting up
Grid : Message : MemoryManager::Init() cache pool for recent host   allocations: SMALL 8 LARGE 2 HUGE 0
Grid : Message : MemoryManager::Init() cache pool for recent device allocations: SMALL 16 LARGE 8 Huge 0
Grid : Message : MemoryManager::Init() cache pool for recent shared allocations: SMALL 16 LARGE 8 Huge 0
Grid : Message : MemoryManager::Init() Unified memory space
Sorting eigenvalues using EvalReSmall
Lattice size: [16 16 16 32]
Example_spec_kryschur: ../../Grid/communicator/SharedMemoryMPI.cc:434: static void Grid::GlobalSharedMemory::OptimalCommunicatorSharedMemory(const Coordinate&, ompi_communicator_t*&, Grid::Coordinate&): Assertion `WorldSize==Nprocessors' failed.
[genoahost099:1601378] *** Process received signal ***
[genoahost099:1601378] Signal: Aborted (6)
[genoahost099:1601378] Signal code:  (-6)
[genoahost099:1601378] [ 0] /lib64/libc.so.6(+0x3fc30)[0x14950b23fc30]
[genoahost099:1601378] [ 1] /lib64/libc.so.6(+0x8d02c)[0x14950b28d02c]
[genoahost099:1601378] [ 2] /lib64/libc.so.6(raise+0x16)[0x14950b23fb86]
[genoahost099:1601378] [ 3] /lib64/libc.so.6(abort+0xd3)[0x14950b229873]
[genoahost099:1601378] [ 4] /lib64/libc.so.6(+0x2979b)[0x14950b22979b]
[genoahost099:1601378] [ 5] /lib64/libc.so.6(+0x388c6)[0x14950b2388c6]
[genoahost099:1601378] [ 6] /direct/sdcc+u/poare/Grid/build/examples/./Example_spec_kryschur[0x4cc206]
[genoahost099:1601378] [ 7] /direct/sdcc+u/poare/Grid/build/examples/./Example_spec_kryschur[0x4cc2f1]
[genoahost099:1601378] [ 8] /direct/sdcc+u/poare/Grid/build/examples/./Example_spec_kryschur[0x4c7e95]
[genoahost099:1601378] [ 9] /direct/sdcc+u/poare/Grid/build/examples/./Example_spec_kryschur[0x4b5f4f]
[genoahost099:1601378] [10] /direct/sdcc+u/poare/Grid/build/examples/./Example_spec_kryschur[0x41180d]
[genoahost099:1601378] [11] /lib64/libc.so.6(+0x2a610)[0x14950b22a610]
[genoahost099:1601378] [12] /lib64/libc.so.6(__libc_start_main+0x80)[0x14950b22a6c0]
[genoahost099:1601378] [13] /direct/sdcc+u/poare/Grid/build/examples/./Example_spec_kryschur[0x4147f5]
[genoahost099:1601378] *** End of error message ***
srun: error: genoahost098: task 16: Aborted (core dumped)
srun: error: genoahost098: task 31: Aborted (core dumped)
srun: error: genoahost098: task 24: Aborted (core dumped)

__|__|__|__|__|__|__|__|__|__|__|__|__|__|__
__|__|__|__|__|__|__|__|__|__|__|__|__|__|__
__|_ |  |  |  |  |  |  |  |  |  |  |  | _|__
__|_                                    _|__
__|_   GGGG    RRRR    III    DDDD      _|__
__|_  G        R   R    I     D   D     _|__
__|_  G        R   R    I     D    D    _|__
__|_  G  GG    RRRR     I     D    D    _|__
__|_  G   G    R  R     I     D   D     _|__
__|_   GGGG    R   R   III    DDDD      _|__
__|_                                    _|__
__|__|__|__|__|__|__|__|__|__|__|__|__|__|__
__|__|__|__|__|__|__|__|__|__|__|__|__|__|__
  |  |  |  |  |  |  |  |  |  |  |  |  |  |  


Copyright (C) 2015 Peter Boyle, Azusa Yamaguchi, Guido Cossu, Antonin Portelli and other authors

This program is free software; you can redistribute it and/or modify
it under the terms of the GNU General Public License as published by
the Free Software Foundation; either version 2 of the License, or
(at your option) any later version.

This program is distributed in the hope that it will be useful,
but WITHOUT ANY WARRANTY; without even the implied warranty of
MERCHANTABILITY or FITNESS FOR A PARTICULAR PURPOSE.  See the
GNU General Public License for more details.
Current Grid git commit hash=82d411ca7bb8ec4a5b5c3815df23674cfd291070: (HEAD -> develop, origin/develop, origin/HEAD) clean

Grid : Message : ================================================ 
Grid : Message : MPI is initialised and logging filters activated 
Grid : Message : ================================================ 
Grid : Message : This rank is running on host genoahost101.sdcc.bnl.local at local time 2026-02-27 11:54:39
Grid : Message : Requested 17179869184 byte stencil comms buffers 
Grid : Message : MemoryManager::Init() setting up
Grid : Message : MemoryManager::Init() cache pool for recent host   allocations: SMALL 8 LARGE 2 HUGE 0
Grid : Message : MemoryManager::Init() cache pool for recent device allocations: SMALL 16 LARGE 8 Huge 0
Grid : Message : MemoryManager::Init() cache pool for recent shared allocations: SMALL 16 LARGE 8 Huge 0
Grid : Message : MemoryManager::Init() Unified memory space
Sorting eigenvalues using EvalReSmall
Lattice size: [16 16 16 32]
Example_spec_kryschur: ../../Grid/communicator/SharedMemoryMPI.cc:434: static void Grid::GlobalSharedMemory::OptimalCommunicatorSharedMemory(const Coordinate&, ompi_communicator_t*&, Grid::Coordinate&): Assertion `WorldSize==Nprocessors' failed.
[genoahost101:1139382] *** Process received signal ***
[genoahost101:1139382] Signal: Aborted (6)
[genoahost101:1139382] Signal code:  (-6)
[genoahost101:1139382] [ 0] /lib64/libc.so.6(+0x3fc30)[0x154015c3fc30]
[genoahost101:1139382] [ 1] /lib64/libc.so.6(+0x8d02c)[0x154015c8d02c]
[genoahost101:1139382] [ 2] /lib64/libc.so.6(raise+0x16)[0x154015c3fb86]
[genoahost101:1139382] [ 3] /lib64/libc.so.6(abort+0xd3)[0x154015c29873]
[genoahost101:1139382] [ 4] /lib64/libc.so.6(+0x2979b)[0x154015c2979b]
[genoahost101:1139382] [ 5] /lib64/libc.so.6(+0x388c6)[0x154015c388c6]
[genoahost101:1139382] [ 6] /direct/sdcc+u/poare/Grid/build/examples/./Example_spec_kryschur[0x4cc206]
[genoahost101:1139382] [ 7] /direct/sdcc+u/poare/Grid/build/examples/./Example_spec_kryschur[0x4cc2f1]
[genoahost101:1139382] [ 8] /direct/sdcc+u/poare/Grid/build/examples/./Example_spec_kryschur[0x4c7e95]
[genoahost101:1139382] [ 9] /direct/sdcc+u/poare/Grid/build/examples/./Example_spec_kryschur[0x4b5f4f]
[genoahost101:1139382] [10] /direct/sdcc+u/poare/Grid/build/examples/./Example_spec_kryschur[0x41180d]
[genoahost101:1139382] [11] /lib64/libc.so.6(+0x2a610)[0x154015c2a610]
[genoahost101:1139382] [12] /lib64/libc.so.6(__libc_start_main+0x80)[0x154015c2a6c0]
[genoahost101:1139382] [13] /direct/sdcc+u/poare/Grid/build/examples/./Example_spec_kryschur[0x4147f5]
[genoahost101:1139382] *** End of error message ***
srun: error: genoahost097: tasks 4,6: Aborted (core dumped)
srun: error: genoahost097: task 1: Aborted (core dumped)
srun: error: genoahost097: task 14: Aborted (core dumped)

__|__|__|__|__|__|__|__|__|__|__|__|__|__|__
__|__|__|__|__|__|__|__|__|__|__|__|__|__|__
__|_ |  |  |  |  |  |  |  |  |  |  |  | _|__
__|_                                    _|__
__|_   GGGG    RRRR    III    DDDD      _|__
__|_  G        R   R    I     D   D     _|__
__|_  G        R   R    I     D    D    _|__
__|_  G  GG    RRRR     I     D    D    _|__
__|_  G   G    R  R     I     D   D     _|__
__|_   GGGG    R   R   III    DDDD      _|__
__|_                                    _|__
__|__|__|__|__|__|__|__|__|__|__|__|__|__|__
__|__|__|__|__|__|__|__|__|__|__|__|__|__|__
  |  |  |  |  |  |  |  |  |  |  |  |  |  |  


Copyright (C) 2015 Peter Boyle, Azusa Yamaguchi, Guido Cossu, Antonin Portelli and other authors

This program is free software; you can redistribute it and/or modify
it under the terms of the GNU General Public License as published by
the Free Software Foundation; either version 2 of the License, or
(at your option) any later version.

This program is distributed in the hope that it will be useful,
but WITHOUT ANY WARRANTY; without even the implied warranty of
MERCHANTABILITY or FITNESS FOR A PARTICULAR PURPOSE.  See the
GNU General Public License for more details.
Current Grid git commit hash=82d411ca7bb8ec4a5b5c3815df23674cfd291070: (HEAD -> develop, origin/develop, origin/HEAD) clean

Grid : Message : ================================================ 
Grid : Message : MPI is initialised and logging filters activated 
Grid : Message : ================================================ 
Grid : Message : This rank is running on host genoahost100.sdcc.bnl.local at local time 2026-02-27 11:54:41
Grid : Message : Requested 17179869184 byte stencil comms buffers 
Grid : Message : MemoryManager::Init() setting up
Grid : Message : MemoryManager::Init() cache pool for recent host   allocations: SMALL 8 LARGE 2 HUGE 0
Grid : Message : MemoryManager::Init() cache pool for recent device allocations: SMALL 16 LARGE 8 Huge 0
Grid : Message : MemoryManager::Init() cache pool for recent shared allocations: SMALL 16 LARGE 8 Huge 0
Grid : Message : MemoryManager::Init() Unified memory space
Sorting eigenvalues using EvalReSmall
Lattice size: [16 16 16 32]
Example_spec_kryschur: ../../Grid/communicator/SharedMemoryMPI.cc:434: static void Grid::GlobalSharedMemory::OptimalCommunicatorSharedMemory(const Coordinate&, ompi_communicator_t*&, Grid::Coordinate&): Assertion `WorldSize==Nprocessors' failed.
[genoahost100:640123] *** Process received signal ***
[genoahost100:640123] Signal: Aborted (6)
[genoahost100:640123] Signal code:  (-6)
[genoahost100:640123] [ 0] /lib64/libc.so.6(+0x3fc30)[0x14a16963fc30]
[genoahost100:640123] [ 1] /lib64/libc.so.6(+0x8d02c)[0x14a16968d02c]
[genoahost100:640123] [ 2] /lib64/libc.so.6(raise+0x16)[0x14a16963fb86]
[genoahost100:640123] [ 3] /lib64/libc.so.6(abort+0xd3)[0x14a169629873]
[genoahost100:640123] [ 4] /lib64/libc.so.6(+0x2979b)[0x14a16962979b]
[genoahost100:640123] [ 5] /lib64/libc.so.6(+0x388c6)[0x14a1696388c6]
[genoahost100:640123] [ 6] /direct/sdcc+u/poare/Grid/build/examples/./Example_spec_kryschur[0x4cc206]
[genoahost100:640123] [ 7] /direct/sdcc+u/poare/Grid/build/examples/./Example_spec_kryschur[0x4cc2f1]
[genoahost100:640123] [ 8] /direct/sdcc+u/poare/Grid/build/examples/./Example_spec_kryschur[0x4c7e95]
[genoahost100:640123] [ 9] /direct/sdcc+u/poare/Grid/build/examples/./Example_spec_kryschur[0x4b5f4f]
[genoahost100:640123] [10] /direct/sdcc+u/poare/Grid/build/examples/./Example_spec_kryschur[0x41180d]
[genoahost100:640123] [11] /lib64/libc.so.6(+0x2a610)[0x14a16962a610]
[genoahost100:640123] [12] /lib64/libc.so.6(__libc_start_main+0x80)[0x14a16962a6c0]
[genoahost100:640123] [13] /direct/sdcc+u/poare/Grid/build/examples/./Example_spec_kryschur[0x4147f5]
[genoahost100:640123] *** End of error message ***

__|__|__|__|__|__|__|__|__|__|__|__|__|__|__
__|__|__|__|__|__|__|__|__|__|__|__|__|__|__
__|_ |  |  |  |  |  |  |  |  |  |  |  | _|__
__|_                                    _|__
__|_   GGGG    RRRR    III    DDDD      _|__
__|_  G        R   R    I     D   D     _|__
__|_  G        R   R    I     D    D    _|__
__|_  G  GG    RRRR     I     D    D    _|__
__|_  G   G    R  R     I     D   D     _|__
__|_   GGGG    R   R   III    DDDD      _|__
__|_                                    _|__
__|__|__|__|__|__|__|__|__|__|__|__|__|__|__
__|__|__|__|__|__|__|__|__|__|__|__|__|__|__
  |  |  |  |  |  |  |  |  |  |  |  |  |  |  


Copyright (C) 2015 Peter Boyle, Azusa Yamaguchi, Guido Cossu, Antonin Portelli and other authors

This program is free software; you can redistribute it and/or modify
it under the terms of the GNU General Public License as published by
the Free Software Foundation; either version 2 of the License, or
(at your option) any later version.

This program is distributed in the hope that it will be useful,
but WITHOUT ANY WARRANTY; without even the implied warranty of
MERCHANTABILITY or FITNESS FOR A PARTICULAR PURPOSE.  See the
GNU General Public License for more details.
Current Grid git commit hash=82d411ca7bb8ec4a5b5c3815df23674cfd291070: (HEAD -> develop, origin/develop, origin/HEAD) clean

Grid : Message : ================================================ 
Grid : Message : MPI is initialised and logging filters activated 
Grid : Message : ================================================ 
Grid : Message : This rank is running on host genoahost103.sdcc.bnl.local at local time 2026-02-27 11:54:41
Grid : Message : Requested 17179869184 byte stencil comms buffers 
Grid : Message : MemoryManager::Init() setting up
Grid : Message : MemoryManager::Init() cache pool for recent host   allocations: SMALL 8 LARGE 2 HUGE 0
Grid : Message : MemoryManager::Init() cache pool for recent device allocations: SMALL 16 LARGE 8 Huge 0
Grid : Message : MemoryManager::Init() cache pool for recent shared allocations: SMALL 16 LARGE 8 Huge 0
Grid : Message : MemoryManager::Init() Unified memory space
Sorting eigenvalues using EvalReSmall
Lattice size: [16 16 16 32]
Example_spec_kryschur: ../../Grid/communicator/SharedMemoryMPI.cc:434: static void Grid::GlobalSharedMemory::OptimalCommunicatorSharedMemory(const Coordinate&, ompi_communicator_t*&, Grid::Coordinate&): Assertion `WorldSize==Nprocessors' failed.
[genoahost103:608881] *** Process received signal ***
[genoahost103:608881] Signal: Aborted (6)
[genoahost103:608881] Signal code:  (-6)
[genoahost103:608881] [ 0] /lib64/libc.so.6(+0x3fc30)[0x14a54aa3fc30]
[genoahost103:608881] [ 1] /lib64/libc.so.6(+0x8d02c)[0x14a54aa8d02c]
[genoahost103:608881] [ 2] /lib64/libc.so.6(raise+0x16)[0x14a54aa3fb86]
[genoahost103:608881] [ 3] /lib64/libc.so.6(abort+0xd3)[0x14a54aa29873]
[genoahost103:608881] [ 4] /lib64/libc.so.6(+0x2979b)[0x14a54aa2979b]
[genoahost103:608881] [ 5] /lib64/libc.so.6(+0x388c6)[0x14a54aa388c6]
[genoahost103:608881] [ 6] /direct/sdcc+u/poare/Grid/build/examples/./Example_spec_kryschur[0x4cc206]
[genoahost103:608881] [ 7] /direct/sdcc+u/poare/Grid/build/examples/./Example_spec_kryschur[0x4cc2f1]
[genoahost103:608881] [ 8] /direct/sdcc+u/poare/Grid/build/examples/./Example_spec_kryschur[0x4c7e95]
[genoahost103:608881] [ 9] /direct/sdcc+u/poare/Grid/build/examples/./Example_spec_kryschur[0x4b5f4f]
[genoahost103:608881] [10] /direct/sdcc+u/poare/Grid/build/examples/./Example_spec_kryschur[0x41180d]
[genoahost103:608881] [11] /lib64/libc.so.6(+0x2a610)[0x14a54aa2a610]
[genoahost103:608881] [12] /lib64/libc.so.6(__libc_start_main+0x80)[0x14a54aa2a6c0]
[genoahost103:608881] [13] /direct/sdcc+u/poare/Grid/build/examples/./Example_spec_kryschur[0x4147f5]
[genoahost103:608881] *** End of error message ***
srun: error: genoahost097: task 13: Aborted (core dumped)

__|__|__|__|__|__|__|__|__|__|__|__|__|__|__
__|__|__|__|__|__|__|__|__|__|__|__|__|__|__
__|_ |  |  |  |  |  |  |  |  |  |  |  | _|__
__|_                                    _|__
__|_   GGGG    RRRR    III    DDDD      _|__
__|_  G        R   R    I     D   D     _|__
__|_  G        R   R    I     D    D    _|__
__|_  G  GG    RRRR     I     D    D    _|__
__|_  G   G    R  R     I     D   D     _|__
__|_   GGGG    R   R   III    DDDD      _|__
__|_                                    _|__
__|__|__|__|__|__|__|__|__|__|__|__|__|__|__
__|__|__|__|__|__|__|__|__|__|__|__|__|__|__
  |  |  |  |  |  |  |  |  |  |  |  |  |  |  


Copyright (C) 2015 Peter Boyle, Azusa Yamaguchi, Guido Cossu, Antonin Portelli and other authors

This program is free software; you can redistribute it and/or modify
it under the terms of the GNU General Public License as published by
the Free Software Foundation; either version 2 of the License, or
(at your option) any later version.

This program is distributed in the hope that it will be useful,
but WITHOUT ANY WARRANTY; without even the implied warranty of
MERCHANTABILITY or FITNESS FOR A PARTICULAR PURPOSE.  See the
GNU General Public License for more details.
Current Grid git commit hash=82d411ca7bb8ec4a5b5c3815df23674cfd291070: (HEAD -> develop, origin/develop, origin/HEAD) clean

Grid : Message : ================================================ 
Grid : Message : MPI is initialised and logging filters activated 
Grid : Message : ================================================ 
Grid : Message : This rank is running on host genoahost100.sdcc.bnl.local at local time 2026-02-27 11:54:41
Grid : Message : Requested 17179869184 byte stencil comms buffers 
Grid : Message : MemoryManager::Init() setting up
Grid : Message : MemoryManager::Init() cache pool for recent host   allocations: SMALL 8 LARGE 2 HUGE 0
Grid : Message : MemoryManager::Init() cache pool for recent device allocations: SMALL 16 LARGE 8 Huge 0
Grid : Message : MemoryManager::Init() cache pool for recent shared allocations: SMALL 16 LARGE 8 Huge 0
Grid : Message : MemoryManager::Init() Unified memory space
Sorting eigenvalues using EvalReSmall
Lattice size: [16 16 16 32]
Example_spec_kryschur: ../../Grid/communicator/SharedMemoryMPI.cc:434: static void Grid::GlobalSharedMemory::OptimalCommunicatorSharedMemory(const Coordinate&, ompi_communicator_t*&, Grid::Coordinate&): Assertion `WorldSize==Nprocessors' failed.
[genoahost100:640124] *** Process received signal ***
[genoahost100:640124] Signal: Aborted (6)
[genoahost100:640124] Signal code:  (-6)
[genoahost100:640124] [ 0] /lib64/libc.so.6(+0x3fc30)[0x1502f563fc30]
[genoahost100:640124] [ 1] /lib64/libc.so.6(+0x8d02c)[0x1502f568d02c]
[genoahost100:640124] [ 2] /lib64/libc.so.6(raise+0x16)[0x1502f563fb86]
[genoahost100:640124] [ 3] /lib64/libc.so.6(abort+0xd3)[0x1502f5629873]
[genoahost100:640124] [ 4] /lib64/libc.so.6(+0x2979b)[0x1502f562979b]
[genoahost100:640124] [ 5] /lib64/libc.so.6(+0x388c6)[0x1502f56388c6]
[genoahost100:640124] [ 6] /direct/sdcc+u/poare/Grid/build/examples/./Example_spec_kryschur[0x4cc206]
[genoahost100:640124] [ 7] /direct/sdcc+u/poare/Grid/build/examples/./Example_spec_kryschur[0x4cc2f1]
[genoahost100:640124] [ 8] /direct/sdcc+u/poare/Grid/build/examples/./Example_spec_kryschur[0x4c7e95]
[genoahost100:640124] [ 9] /direct/sdcc+u/poare/Grid/build/examples/./Example_spec_kryschur[0x4b5f4f]
[genoahost100:640124] [10] /direct/sdcc+u/poare/Grid/build/examples/./Example_spec_kryschur[0x41180d]
[genoahost100:640124] [11] /lib64/libc.so.6(+0x2a610)[0x1502f562a610]
[genoahost100:640124] [12] /lib64/libc.so.6(__libc_start_main+0x80)[0x1502f562a6c0]
[genoahost100:640124] [13] /direct/sdcc+u/poare/Grid/build/examples/./Example_spec_kryschur[0x4147f5]
[genoahost100:640124] *** End of error message ***

__|__|__|__|__|__|__|__|__|__|__|__|__|__|__
__|__|__|__|__|__|__|__|__|__|__|__|__|__|__
__|_ |  |  |  |  |  |  |  |  |  |  |  | _|__
__|_                                    _|__
__|_   GGGG    RRRR    III    DDDD      _|__
__|_  G        R   R    I     D   D     _|__
__|_  G        R   R    I     D    D    _|__
__|_  G  GG    RRRR     I     D    D    _|__
__|_  G   G    R  R     I     D   D     _|__
__|_   GGGG    R   R   III    DDDD      _|__
__|_                                    _|__
__|__|__|__|__|__|__|__|__|__|__|__|__|__|__
__|__|__|__|__|__|__|__|__|__|__|__|__|__|__
  |  |  |  |  |  |  |  |  |  |  |  |  |  |  


Copyright (C) 2015 Peter Boyle, Azusa Yamaguchi, Guido Cossu, Antonin Portelli and other authors

This program is free software; you can redistribute it and/or modify
it under the terms of the GNU General Public License as published by
the Free Software Foundation; either version 2 of the License, or
(at your option) any later version.

This program is distributed in the hope that it will be useful,
but WITHOUT ANY WARRANTY; without even the implied warranty of
MERCHANTABILITY or FITNESS FOR A PARTICULAR PURPOSE.  See the
GNU General Public License for more details.
Current Grid git commit hash=82d411ca7bb8ec4a5b5c3815df23674cfd291070: (HEAD -> develop, origin/develop, origin/HEAD) clean

Grid : Message : ================================================ 
Grid : Message : MPI is initialised and logging filters activated 
Grid : Message : ================================================ 
Grid : Message : This rank is running on host genoahost103.sdcc.bnl.local at local time 2026-02-27 11:54:41
Grid : Message : Requested 17179869184 byte stencil comms buffers 
Grid : Message : MemoryManager::Init() setting up
Grid : Message : MemoryManager::Init() cache pool for recent host   allocations: SMALL 8 LARGE 2 HUGE 0
Grid : Message : MemoryManager::Init() cache pool for recent device allocations: SMALL 16 LARGE 8 Huge 0
Grid : Message : MemoryManager::Init() cache pool for recent shared allocations: SMALL 16 LARGE 8 Huge 0
Grid : Message : MemoryManager::Init() Unified memory space
Sorting eigenvalues using EvalReSmall
Lattice size: [16 16 16 32]
Example_spec_kryschur: ../../Grid/communicator/SharedMemoryMPI.cc:434: static void Grid::GlobalSharedMemory::OptimalCommunicatorSharedMemory(const Coordinate&, ompi_communicator_t*&, Grid::Coordinate&): Assertion `WorldSize==Nprocessors' failed.
[genoahost103:608875] *** Process received signal ***
[genoahost103:608875] Signal: Aborted (6)
[genoahost103:608875] Signal code:  (-6)
[genoahost103:608875] [ 0] /lib64/libc.so.6(+0x3fc30)[0x14c47503fc30]
[genoahost103:608875] [ 1] /lib64/libc.so.6(+0x8d02c)[0x14c47508d02c]
[genoahost103:608875] [ 2] /lib64/libc.so.6(raise+0x16)[0x14c47503fb86]
[genoahost103:608875] [ 3] /lib64/libc.so.6(abort+0xd3)[0x14c475029873]
[genoahost103:608875] [ 4] /lib64/libc.so.6(+0x2979b)[0x14c47502979b]
[genoahost103:608875] [ 5] /lib64/libc.so.6(+0x388c6)[0x14c4750388c6]
[genoahost103:608875] [ 6] /direct/sdcc+u/poare/Grid/build/examples/./Example_spec_kryschur[0x4cc206]
[genoahost103:608875] [ 7] /direct/sdcc+u/poare/Grid/build/examples/./Example_spec_kryschur[0x4cc2f1]
[genoahost103:608875] [ 8] /direct/sdcc+u/poare/Grid/build/examples/./Example_spec_kryschur[0x4c7e95]
[genoahost103:608875] [ 9] /direct/sdcc+u/poare/Grid/build/examples/./Example_spec_kryschur[0x4b5f4f]
[genoahost103:608875] [10] /direct/sdcc+u/poare/Grid/build/examples/./Example_spec_kryschur[0x41180d]
[genoahost103:608875] [11] /lib64/libc.so.6(+0x2a610)[0x14c47502a610]
[genoahost103:608875] [12] /lib64/libc.so.6(__libc_start_main+0x80)[0x14c47502a6c0]
[genoahost103:608875] [13] /direct/sdcc+u/poare/Grid/build/examples/./Example_spec_kryschur[0x4147f5]
[genoahost103:608875] *** End of error message ***
srun: error: genoahost099: tasks 42-43: Aborted (core dumped)
srun: error: genoahost104: task 125: Aborted (core dumped)

__|__|__|__|__|__|__|__|__|__|__|__|__|__|__
__|__|__|__|__|__|__|__|__|__|__|__|__|__|__
__|_ |  |  |  |  |  |  |  |  |  |  |  | _|__
__|_                                    _|__
__|_   GGGG    RRRR    III    DDDD      _|__
__|_  G        R   R    I     D   D     _|__
__|_  G        R   R    I     D    D    _|__
__|_  G  GG    RRRR     I     D    D    _|__
__|_  G   G    R  R     I     D   D     _|__
__|_   GGGG    R   R   III    DDDD      _|__
__|_                                    _|__
__|__|__|__|__|__|__|__|__|__|__|__|__|__|__
__|__|__|__|__|__|__|__|__|__|__|__|__|__|__
  |  |  |  |  |  |  |  |  |  |  |  |  |  |  


Copyright (C) 2015 Peter Boyle, Azusa Yamaguchi, Guido Cossu, Antonin Portelli and other authors

This program is free software; you can redistribute it and/or modify
it under the terms of the GNU General Public License as published by
the Free Software Foundation; either version 2 of the License, or
(at your option) any later version.

This program is distributed in the hope that it will be useful,
but WITHOUT ANY WARRANTY; without even the implied warranty of
MERCHANTABILITY or FITNESS FOR A PARTICULAR PURPOSE.  See the
GNU General Public License for more details.
Current Grid git commit hash=82d411ca7bb8ec4a5b5c3815df23674cfd291070: (HEAD -> develop, origin/develop, origin/HEAD) clean

Grid : Message : ================================================ 
Grid : Message : MPI is initialised and logging filters activated 
Grid : Message : ================================================ 
Grid : Message : This rank is running on host genoahost097.sdcc.bnl.local at local time 2026-02-27 11:54:42
Grid : Message : Requested 17179869184 byte stencil comms buffers 
Grid : Message : MemoryManager::Init() setting up
Grid : Message : MemoryManager::Init() cache pool for recent host   allocations: SMALL 8 LARGE 2 HUGE 0
Grid : Message : MemoryManager::Init() cache pool for recent device allocations: SMALL 16 LARGE 8 Huge 0
Grid : Message : MemoryManager::Init() cache pool for recent shared allocations: SMALL 16 LARGE 8 Huge 0
Grid : Message : MemoryManager::Init() Unified memory space
Sorting eigenvalues using EvalReSmall
Lattice size: [16 16 16 32]
Example_spec_kryschur: ../../Grid/communicator/SharedMemoryMPI.cc:434: static void Grid::GlobalSharedMemory::OptimalCommunicatorSharedMemory(const Coordinate&, ompi_communicator_t*&, Grid::Coordinate&): Assertion `WorldSize==Nprocessors' failed.
[genoahost097:1722549] *** Process received signal ***
[genoahost097:1722549] Signal: Aborted (6)
[genoahost097:1722549] Signal code:  (-6)
[genoahost097:1722549] [ 0] /lib64/libc.so.6(+0x3fc30)[0x150155a3fc30]
[genoahost097:1722549] [ 1] /lib64/libc.so.6(+0x8d02c)[0x150155a8d02c]
[genoahost097:1722549] [ 2] /lib64/libc.so.6(raise+0x16)[0x150155a3fb86]
[genoahost097:1722549] [ 3] /lib64/libc.so.6(abort+0xd3)[0x150155a29873]
[genoahost097:1722549] [ 4] /lib64/libc.so.6(+0x2979b)[0x150155a2979b]
[genoahost097:1722549] [ 5] /lib64/libc.so.6(+0x388c6)[0x150155a388c6]
[genoahost097:1722549] [ 6] /direct/sdcc+u/poare/Grid/build/examples/./Example_spec_kryschur[0x4cc206]
[genoahost097:1722549] [ 7] /direct/sdcc+u/poare/Grid/build/examples/./Example_spec_kryschur[0x4cc2f1]
[genoahost097:1722549] [ 8] /direct/sdcc+u/poare/Grid/build/examples/./Example_spec_kryschur[0x4c7e95]
[genoahost097:1722549] [ 9] /direct/sdcc+u/poare/Grid/build/examples/./Example_spec_kryschur[0x4b5f4f]
[genoahost097:1722549] [10] /direct/sdcc+u/poare/Grid/build/examples/./Example_spec_kryschur[0x41180d]
[genoahost097:1722549] [11] /lib64/libc.so.6(+0x2a610)[0x150155a2a610]
[genoahost097:1722549] [12] /lib64/libc.so.6(__libc_start_main+0x80)[0x150155a2a6c0]
[genoahost097:1722549] [13] /direct/sdcc+u/poare/Grid/build/examples/./Example_spec_kryschur[0x4147f5]
[genoahost097:1722549] *** End of error message ***

__|__|__|__|__|__|__|__|__|__|__|__|__|__|__
__|__|__|__|__|__|__|__|__|__|__|__|__|__|__
__|_ |  |  |  |  |  |  |  |  |  |  |  | _|__
__|_                                    _|__
__|_   GGGG    RRRR    III    DDDD      _|__
__|_  G        R   R    I     D   D     _|__
__|_  G        R   R    I     D    D    _|__
__|_  G  GG    RRRR     I     D    D    _|__
__|_  G   G    R  R     I     D   D     _|__
__|_   GGGG    R   R   III    DDDD      _|__
__|_                                    _|__
__|__|__|__|__|__|__|__|__|__|__|__|__|__|__
__|__|__|__|__|__|__|__|__|__|__|__|__|__|__
  |  |  |  |  |  |  |  |  |  |  |  |  |  |  


Copyright (C) 2015 Peter Boyle, Azusa Yamaguchi, Guido Cossu, Antonin Portelli and other authors

This program is free software; you can redistribute it and/or modify
it under the terms of the GNU General Public License as published by
the Free Software Foundation; either version 2 of the License, or
(at your option) any later version.

This program is distributed in the hope that it will be useful,
but WITHOUT ANY WARRANTY; without even the implied warranty of
MERCHANTABILITY or FITNESS FOR A PARTICULAR PURPOSE.  See the
GNU General Public License for more details.
Current Grid git commit hash=82d411ca7bb8ec4a5b5c3815df23674cfd291070: (HEAD -> develop, origin/develop, origin/HEAD) clean

Grid : Message : ================================================ 
Grid : Message : MPI is initialised and logging filters activated 
Grid : Message : ================================================ 
Grid : Message : This rank is running on host genoahost097.sdcc.bnl.local at local time 2026-02-27 11:54:42
Grid : Message : Requested 17179869184 byte stencil comms buffers 
Grid : Message : MemoryManager::Init() setting up
Grid : Message : MemoryManager::Init() cache pool for recent host   allocations: SMALL 8 LARGE 2 HUGE 0
Grid : Message : MemoryManager::Init() cache pool for recent device allocations: SMALL 16 LARGE 8 Huge 0
Grid : Message : MemoryManager::Init() cache pool for recent shared allocations: SMALL 16 LARGE 8 Huge 0
Grid : Message : MemoryManager::Init() Unified memory space
Sorting eigenvalues using EvalReSmall
Lattice size: [16 16 16 32]
Example_spec_kryschur: ../../Grid/communicator/SharedMemoryMPI.cc:434: static void Grid::GlobalSharedMemory::OptimalCommunicatorSharedMemory(const Coordinate&, ompi_communicator_t*&, Grid::Coordinate&): Assertion `WorldSize==Nprocessors' failed.
[genoahost097:1722543] *** Process received signal ***
[genoahost097:1722543] Signal: Aborted (6)
[genoahost097:1722543] Signal code:  (-6)
[genoahost097:1722543] [ 0] /lib64/libc.so.6(+0x3fc30)[0x14fa7d83fc30]
[genoahost097:1722543] [ 1] /lib64/libc.so.6(+0x8d02c)[0x14fa7d88d02c]
[genoahost097:1722543] [ 2] /lib64/libc.so.6(raise+0x16)[0x14fa7d83fb86]
[genoahost097:1722543] [ 3] /lib64/libc.so.6(abort+0xd3)[0x14fa7d829873]
[genoahost097:1722543] [ 4] /lib64/libc.so.6(+0x2979b)[0x14fa7d82979b]
[genoahost097:1722543] [ 5] /lib64/libc.so.6(+0x388c6)[0x14fa7d8388c6]
[genoahost097:1722543] [ 6] /direct/sdcc+u/poare/Grid/build/examples/./Example_spec_kryschur[0x4cc206]
[genoahost097:1722543] [ 7] /direct/sdcc+u/poare/Grid/build/examples/./Example_spec_kryschur[0x4cc2f1]
[genoahost097:1722543] [ 8] /direct/sdcc+u/poare/Grid/build/examples/./Example_spec_kryschur[0x4c7e95]
[genoahost097:1722543] [ 9] /direct/sdcc+u/poare/Grid/build/examples/./Example_spec_kryschur[0x4b5f4f]
[genoahost097:1722543] [10] /direct/sdcc+u/poare/Grid/build/examples/./Example_spec_kryschur[0x41180d]
[genoahost097:1722543] [11] /lib64/libc.so.6(+0x2a610)[0x14fa7d82a610]
[genoahost097:1722543] [12] /lib64/libc.so.6(__libc_start_main+0x80)[0x14fa7d82a6c0]
[genoahost097:1722543] [13] /direct/sdcc+u/poare/Grid/build/examples/./Example_spec_kryschur[0x4147f5]
[genoahost097:1722543] *** End of error message ***
srun: error: genoahost104: task 127: Aborted (core dumped)
srun: error: genoahost104: task 118: Aborted (core dumped)

__|__|__|__|__|__|__|__|__|__|__|__|__|__|__
__|__|__|__|__|__|__|__|__|__|__|__|__|__|__
__|_ |  |  |  |  |  |  |  |  |  |  |  | _|__
__|_                                    _|__
__|_   GGGG    RRRR    III    DDDD      _|__
__|_  G        R   R    I     D   D     _|__
__|_  G        R   R    I     D    D    _|__
__|_  G  GG    RRRR     I     D    D    _|__
__|_  G   G    R  R     I     D   D     _|__
__|_   GGGG    R   R   III    DDDD      _|__
__|_                                    _|__
__|__|__|__|__|__|__|__|__|__|__|__|__|__|__
__|__|__|__|__|__|__|__|__|__|__|__|__|__|__
  |  |  |  |  |  |  |  |  |  |  |  |  |  |  


Copyright (C) 2015 Peter Boyle, Azusa Yamaguchi, Guido Cossu, Antonin Portelli and other authors

This program is free software; you can redistribute it and/or modify
it under the terms of the GNU General Public License as published by
the Free Software Foundation; either version 2 of the License, or
(at your option) any later version.

This program is distributed in the hope that it will be useful,
but WITHOUT ANY WARRANTY; without even the implied warranty of
MERCHANTABILITY or FITNESS FOR A PARTICULAR PURPOSE.  See the
GNU General Public License for more details.
Current Grid git commit hash=82d411ca7bb8ec4a5b5c3815df23674cfd291070: (HEAD -> develop, origin/develop, origin/HEAD) clean

Grid : Message : ================================================ 
Grid : Message : MPI is initialised and logging filters activated 
Grid : Message : ================================================ 
Grid : Message : This rank is running on host genoahost098.sdcc.bnl.local at local time 2026-02-27 11:54:42
Grid : Message : Requested 17179869184 byte stencil comms buffers 
Grid : Message : MemoryManager::Init() setting up
Grid : Message : MemoryManager::Init() cache pool for recent host   allocations: SMALL 8 LARGE 2 HUGE 0
Grid : Message : MemoryManager::Init() cache pool for recent device allocations: SMALL 16 LARGE 8 Huge 0
Grid : Message : MemoryManager::Init() cache pool for recent shared allocations: SMALL 16 LARGE 8 Huge 0
Grid : Message : MemoryManager::Init() Unified memory space
Sorting eigenvalues using EvalReSmall
Lattice size: [16 16 16 32]
Example_spec_kryschur: ../../Grid/communicator/SharedMemoryMPI.cc:434: static void Grid::GlobalSharedMemory::OptimalCommunicatorSharedMemory(const Coordinate&, ompi_communicator_t*&, Grid::Coordinate&): Assertion `WorldSize==Nprocessors' failed.
[genoahost098:1621607] *** Process received signal ***
[genoahost098:1621607] Signal: Aborted (6)
[genoahost098:1621607] Signal code:  (-6)
[genoahost098:1621607] [ 0] /lib64/libc.so.6(+0x3fc30)[0x153f8503fc30]
[genoahost098:1621607] [ 1] /lib64/libc.so.6(+0x8d02c)[0x153f8508d02c]
[genoahost098:1621607] [ 2] /lib64/libc.so.6(raise+0x16)[0x153f8503fb86]
[genoahost098:1621607] [ 3] /lib64/libc.so.6(abort+0xd3)[0x153f85029873]
[genoahost098:1621607] [ 4] /lib64/libc.so.6(+0x2979b)[0x153f8502979b]
[genoahost098:1621607] [ 5] /lib64/libc.so.6(+0x388c6)[0x153f850388c6]
[genoahost098:1621607] [ 6] /direct/sdcc+u/poare/Grid/build/examples/./Example_spec_kryschur[0x4cc206]
[genoahost098:1621607] [ 7] /direct/sdcc+u/poare/Grid/build/examples/./Example_spec_kryschur[0x4cc2f1]
[genoahost098:1621607] [ 8] /direct/sdcc+u/poare/Grid/build/examples/./Example_spec_kryschur[0x4c7e95]
[genoahost098:1621607] [ 9] /direct/sdcc+u/poare/Grid/build/examples/./Example_spec_kryschur[0x4b5f4f]
[genoahost098:1621607] [10] /direct/sdcc+u/poare/Grid/build/examples/./Example_spec_kryschur[0x41180d]
[genoahost098:1621607] [11] /lib64/libc.so.6(+0x2a610)[0x153f8502a610]
[genoahost098:1621607] [12] /lib64/libc.so.6(__libc_start_main+0x80)[0x153f8502a6c0]
[genoahost098:1621607] [13] /direct/sdcc+u/poare/Grid/build/examples/./Example_spec_kryschur[0x4147f5]
[genoahost098:1621607] *** End of error message ***

__|__|__|__|__|__|__|__|__|__|__|__|__|__|__
__|__|__|__|__|__|__|__|__|__|__|__|__|__|__
__|_ |  |  |  |  |  |  |  |  |  |  |  | _|__
__|_                                    _|__
__|_   GGGG    RRRR    III    DDDD      _|__
__|_  G        R   R    I     D   D     _|__
__|_  G        R   R    I     D    D    _|__
__|_  G  GG    RRRR     I     D    D    _|__
__|_  G   G    R  R     I     D   D     _|__
__|_   GGGG    R   R   III    DDDD      _|__
__|_                                    _|__
__|__|__|__|__|__|__|__|__|__|__|__|__|__|__
__|__|__|__|__|__|__|__|__|__|__|__|__|__|__
  |  |  |  |  |  |  |  |  |  |  |  |  |  |  


Copyright (C) 2015 Peter Boyle, Azusa Yamaguchi, Guido Cossu, Antonin Portelli and other authors

This program is free software; you can redistribute it and/or modify
it under the terms of the GNU General Public License as published by
the Free Software Foundation; either version 2 of the License, or
(at your option) any later version.

This program is distributed in the hope that it will be useful,
but WITHOUT ANY WARRANTY; without even the implied warranty of
MERCHANTABILITY or FITNESS FOR A PARTICULAR PURPOSE.  See the
GNU General Public License for more details.
Current Grid git commit hash=82d411ca7bb8ec4a5b5c3815df23674cfd291070: (HEAD -> develop, origin/develop, origin/HEAD) clean

Grid : Message : ================================================ 
Grid : Message : MPI is initialised and logging filters activated 
Grid : Message : ================================================ 
Grid : Message : This rank is running on host genoahost101.sdcc.bnl.local at local time 2026-02-27 11:54:42
Grid : Message : Requested 17179869184 byte stencil comms buffers 
Grid : Message : MemoryManager::Init() setting up
Grid : Message : MemoryManager::Init() cache pool for recent host   allocations: SMALL 8 LARGE 2 HUGE 0
Grid : Message : MemoryManager::Init() cache pool for recent device allocations: SMALL 16 LARGE 8 Huge 0
Grid : Message : MemoryManager::Init() cache pool for recent shared allocations: SMALL 16 LARGE 8 Huge 0
Grid : Message : MemoryManager::Init() Unified memory space
Sorting eigenvalues using EvalReSmall
Lattice size: [16 16 16 32]
Example_spec_kryschur: ../../Grid/communicator/SharedMemoryMPI.cc:434: static void Grid::GlobalSharedMemory::OptimalCommunicatorSharedMemory(const Coordinate&, ompi_communicator_t*&, Grid::Coordinate&): Assertion `WorldSize==Nprocessors' failed.
[genoahost101:1139383] *** Process received signal ***
[genoahost101:1139383] Signal: Aborted (6)
[genoahost101:1139383] Signal code:  (-6)
[genoahost101:1139383] [ 0] /lib64/libc.so.6(+0x3fc30)[0x14864363fc30]
[genoahost101:1139383] [ 1] /lib64/libc.so.6(+0x8d02c)[0x14864368d02c]
[genoahost101:1139383] [ 2] /lib64/libc.so.6(raise+0x16)[0x14864363fb86]
[genoahost101:1139383] [ 3] /lib64/libc.so.6(abort+0xd3)[0x148643629873]
[genoahost101:1139383] [ 4] /lib64/libc.so.6(+0x2979b)[0x14864362979b]
[genoahost101:1139383] [ 5] /lib64/libc.so.6(+0x388c6)[0x1486436388c6]
[genoahost101:1139383] [ 6] /direct/sdcc+u/poare/Grid/build/examples/./Example_spec_kryschur[0x4cc206]
[genoahost101:1139383] [ 7] /direct/sdcc+u/poare/Grid/build/examples/./Example_spec_kryschur[0x4cc2f1]
[genoahost101:1139383] [ 8] /direct/sdcc+u/poare/Grid/build/examples/./Example_spec_kryschur[0x4c7e95]
[genoahost101:1139383] [ 9] /direct/sdcc+u/poare/Grid/build/examples/./Example_spec_kryschur[0x4b5f4f]
[genoahost101:1139383] [10] /direct/sdcc+u/poare/Grid/build/examples/./Example_spec_kryschur[0x41180d]
[genoahost101:1139383] [11] /lib64/libc.so.6(+0x2a610)[0x14864362a610]
[genoahost101:1139383] [12] /lib64/libc.so.6(__libc_start_main+0x80)[0x14864362a6c0]
[genoahost101:1139383] [13] /direct/sdcc+u/poare/Grid/build/examples/./Example_spec_kryschur[0x4147f5]
[genoahost101:1139383] *** End of error message ***

__|__|__|__|__|__|__|__|__|__|__|__|__|__|__
__|__|__|__|__|__|__|__|__|__|__|__|__|__|__
__|_ |  |  |  |  |  |  |  |  |  |  |  | _|__
__|_                                    _|__
__|_   GGGG    RRRR    III    DDDD      _|__
__|_  G        R   R    I     D   D     _|__
__|_  G        R   R    I     D    D    _|__
__|_  G  GG    RRRR     I     D    D    _|__
__|_  G   G    R  R     I     D   D     _|__
__|_   GGGG    R   R   III    DDDD      _|__
__|_                                    _|__
__|__|__|__|__|__|__|__|__|__|__|__|__|__|__
__|__|__|__|__|__|__|__|__|__|__|__|__|__|__
  |  |  |  |  |  |  |  |  |  |  |  |  |  |  


Copyright (C) 2015 Peter Boyle, Azusa Yamaguchi, Guido Cossu, Antonin Portelli and other authors

This program is free software; you can redistribute it and/or modify
it under the terms of the GNU General Public License as published by
the Free Software Foundation; either version 2 of the License, or
(at your option) any later version.

This program is distributed in the hope that it will be useful,
but WITHOUT ANY WARRANTY; without even the implied warranty of
MERCHANTABILITY or FITNESS FOR A PARTICULAR PURPOSE.  See the
GNU General Public License for more details.
Current Grid git commit hash=82d411ca7bb8ec4a5b5c3815df23674cfd291070: (HEAD -> develop, origin/develop, origin/HEAD) clean

Grid : Message : ================================================ 
Grid : Message : MPI is initialised and logging filters activated 
Grid : Message : ================================================ 
Grid : Message : This rank is running on host genoahost098.sdcc.bnl.local at local time 2026-02-27 11:54:42
Grid : Message : Requested 17179869184 byte stencil comms buffers 
Grid : Message : MemoryManager::Init() setting up
Grid : Message : MemoryManager::Init() cache pool for recent host   allocations: SMALL 8 LARGE 2 HUGE 0
Grid : Message : MemoryManager::Init() cache pool for recent device allocations: SMALL 16 LARGE 8 Huge 0
Grid : Message : MemoryManager::Init() cache pool for recent shared allocations: SMALL 16 LARGE 8 Huge 0
Grid : Message : MemoryManager::Init() Unified memory space
Sorting eigenvalues using EvalReSmall
Lattice size: [16 16 16 32]
Example_spec_kryschur: ../../Grid/communicator/SharedMemoryMPI.cc:434: static void Grid::GlobalSharedMemory::OptimalCommunicatorSharedMemory(const Coordinate&, ompi_communicator_t*&, Grid::Coordinate&): Assertion `WorldSize==Nprocessors' failed.
[genoahost098:1621608] *** Process received signal ***
[genoahost098:1621608] Signal: Aborted (6)
[genoahost098:1621608] Signal code:  (-6)
[genoahost098:1621608] [ 0] /lib64/libc.so.6(+0x3fc30)[0x15488863fc30]
[genoahost098:1621608] [ 1] /lib64/libc.so.6(+0x8d02c)[0x15488868d02c]
[genoahost098:1621608] [ 2] /lib64/libc.so.6(raise+0x16)[0x15488863fb86]
[genoahost098:1621608] [ 3] /lib64/libc.so.6(abort+0xd3)[0x154888629873]
[genoahost098:1621608] [ 4] /lib64/libc.so.6(+0x2979b)[0x15488862979b]
[genoahost098:1621608] [ 5] /lib64/libc.so.6(+0x388c6)[0x1548886388c6]
[genoahost098:1621608] [ 6] /direct/sdcc+u/poare/Grid/build/examples/./Example_spec_kryschur[0x4cc206]
[genoahost098:1621608] [ 7] /direct/sdcc+u/poare/Grid/build/examples/./Example_spec_kryschur[0x4cc2f1]
[genoahost098:1621608] [ 8] /direct/sdcc+u/poare/Grid/build/examples/./Example_spec_kryschur[0x4c7e95]
[genoahost098:1621608] [ 9] /direct/sdcc+u/poare/Grid/build/examples/./Example_spec_kryschur[0x4b5f4f]
[genoahost098:1621608] [10] /direct/sdcc+u/poare/Grid/build/examples/./Example_spec_kryschur[0x41180d]
[genoahost098:1621608] [11] /lib64/libc.so.6(+0x2a610)[0x15488862a610]
[genoahost098:1621608] [12] /lib64/libc.so.6(__libc_start_main+0x80)[0x15488862a6c0]
[genoahost098:1621608] [13] /direct/sdcc+u/poare/Grid/build/examples/./Example_spec_kryschur[0x4147f5]
[genoahost098:1621608] *** End of error message ***

__|__|__|__|__|__|__|__|__|__|__|__|__|__|__
__|__|__|__|__|__|__|__|__|__|__|__|__|__|__
__|_ |  |  |  |  |  |  |  |  |  |  |  | _|__
__|_                                    _|__
__|_   GGGG    RRRR    III    DDDD      _|__
__|_  G        R   R    I     D   D     _|__
__|_  G        R   R    I     D    D    _|__
__|_  G  GG    RRRR     I     D    D    _|__
__|_  G   G    R  R     I     D   D     _|__
__|_   GGGG    R   R   III    DDDD      _|__
__|_                                    _|__
__|__|__|__|__|__|__|__|__|__|__|__|__|__|__
__|__|__|__|__|__|__|__|__|__|__|__|__|__|__
  |  |  |  |  |  |  |  |  |  |  |  |  |  |  


Copyright (C) 2015 Peter Boyle, Azusa Yamaguchi, Guido Cossu, Antonin Portelli and other authors

This program is free software; you can redistribute it and/or modify
it under the terms of the GNU General Public License as published by
the Free Software Foundation; either version 2 of the License, or
(at your option) any later version.

This program is distributed in the hope that it will be useful,
but WITHOUT ANY WARRANTY; without even the implied warranty of
MERCHANTABILITY or FITNESS FOR A PARTICULAR PURPOSE.  See the
GNU General Public License for more details.
Current Grid git commit hash=82d411ca7bb8ec4a5b5c3815df23674cfd291070: (HEAD -> develop, origin/develop, origin/HEAD) clean

Grid : Message : ================================================ 
Grid : Message : MPI is initialised and logging filters activated 
Grid : Message : ================================================ 
Grid : Message : This rank is running on host genoahost101.sdcc.bnl.local at local time 2026-02-27 11:54:42
Grid : Message : Requested 17179869184 byte stencil comms buffers 
Grid : Message : MemoryManager::Init() setting up
Grid : Message : MemoryManager::Init() cache pool for recent host   allocations: SMALL 8 LARGE 2 HUGE 0
Grid : Message : MemoryManager::Init() cache pool for recent device allocations: SMALL 16 LARGE 8 Huge 0
Grid : Message : MemoryManager::Init() cache pool for recent shared allocations: SMALL 16 LARGE 8 Huge 0
Grid : Message : MemoryManager::Init() Unified memory space
Sorting eigenvalues using EvalReSmall
Lattice size: [16 16 16 32]
Example_spec_kryschur: ../../Grid/communicator/SharedMemoryMPI.cc:434: static void Grid::GlobalSharedMemory::OptimalCommunicatorSharedMemory(const Coordinate&, ompi_communicator_t*&, Grid::Coordinate&): Assertion `WorldSize==Nprocessors' failed.
[genoahost101:1139385] *** Process received signal ***
[genoahost101:1139385] Signal: Aborted (6)
[genoahost101:1139385] Signal code:  (-6)
[genoahost101:1139385] [ 0] /lib64/libc.so.6(+0x3fc30)[0x14c75223fc30]
[genoahost101:1139385] [ 1] /lib64/libc.so.6(+0x8d02c)[0x14c75228d02c]
[genoahost101:1139385] [ 2] /lib64/libc.so.6(raise+0x16)[0x14c75223fb86]
[genoahost101:1139385] [ 3] /lib64/libc.so.6(abort+0xd3)[0x14c752229873]
[genoahost101:1139385] [ 4] /lib64/libc.so.6(+0x2979b)[0x14c75222979b]
[genoahost101:1139385] [ 5] /lib64/libc.so.6(+0x388c6)[0x14c7522388c6]
[genoahost101:1139385] [ 6] /direct/sdcc+u/poare/Grid/build/examples/./Example_spec_kryschur[0x4cc206]
[genoahost101:1139385] [ 7] /direct/sdcc+u/poare/Grid/build/examples/./Example_spec_kryschur[0x4cc2f1]
[genoahost101:1139385] [ 8] /direct/sdcc+u/poare/Grid/build/examples/./Example_spec_kryschur[0x4c7e95]
[genoahost101:1139385] [ 9] /direct/sdcc+u/poare/Grid/build/examples/./Example_spec_kryschur[0x4b5f4f]
[genoahost101:1139385] [10] /direct/sdcc+u/poare/Grid/build/examples/./Example_spec_kryschur[0x41180d]
[genoahost101:1139385] [11] /lib64/libc.so.6(+0x2a610)[0x14c75222a610]
[genoahost101:1139385] [12] /lib64/libc.so.6(__libc_start_main+0x80)[0x14c75222a6c0]
[genoahost101:1139385] [13] /direct/sdcc+u/poare/Grid/build/examples/./Example_spec_kryschur[0x4147f5]
[genoahost101:1139385] *** End of error message ***

__|__|__|__|__|__|__|__|__|__|__|__|__|__|__
__|__|__|__|__|__|__|__|__|__|__|__|__|__|__
__|_ |  |  |  |  |  |  |  |  |  |  |  | _|__
__|_                                    _|__
__|_   GGGG    RRRR    III    DDDD      _|__
__|_  G        R   R    I     D   D     _|__
__|_  G        R   R    I     D    D    _|__
__|_  G  GG    RRRR     I     D    D    _|__
__|_  G   G    R  R     I     D   D     _|__
__|_   GGGG    R   R   III    DDDD      _|__
__|_                                    _|__
__|__|__|__|__|__|__|__|__|__|__|__|__|__|__
__|__|__|__|__|__|__|__|__|__|__|__|__|__|__
  |  |  |  |  |  |  |  |  |  |  |  |  |  |  


Copyright (C) 2015 Peter Boyle, Azusa Yamaguchi, Guido Cossu, Antonin Portelli and other authors

This program is free software; you can redistribute it and/or modify
it under the terms of the GNU General Public License as published by
the Free Software Foundation; either version 2 of the License, or
(at your option) any later version.

This program is distributed in the hope that it will be useful,
but WITHOUT ANY WARRANTY; without even the implied warranty of
MERCHANTABILITY or FITNESS FOR A PARTICULAR PURPOSE.  See the
GNU General Public License for more details.
Current Grid git commit hash=82d411ca7bb8ec4a5b5c3815df23674cfd291070: (HEAD -> develop, origin/develop, origin/HEAD) clean

Grid : Message : ================================================ 
Grid : Message : MPI is initialised and logging filters activated 
Grid : Message : ================================================ 
Grid : Message : This rank is running on host genoahost101.sdcc.bnl.local at local time 2026-02-27 11:54:42
Grid : Message : Requested 17179869184 byte stencil comms buffers 
Grid : Message : MemoryManager::Init() setting up
Grid : Message : MemoryManager::Init() cache pool for recent host   allocations: SMALL 8 LARGE 2 HUGE 0
Grid : Message : MemoryManager::Init() cache pool for recent device allocations: SMALL 16 LARGE 8 Huge 0
Grid : Message : MemoryManager::Init() cache pool for recent shared allocations: SMALL 16 LARGE 8 Huge 0
Grid : Message : MemoryManager::Init() Unified memory space
Sorting eigenvalues using EvalReSmall
Lattice size: [16 16 16 32]
Example_spec_kryschur: ../../Grid/communicator/SharedMemoryMPI.cc:434: static void Grid::GlobalSharedMemory::OptimalCommunicatorSharedMemory(const Coordinate&, ompi_communicator_t*&, Grid::Coordinate&): Assertion `WorldSize==Nprocessors' failed.
[genoahost101:1139373] *** Process received signal ***
[genoahost101:1139373] Signal: Aborted (6)
[genoahost101:1139373] Signal code:  (-6)
[genoahost101:1139373] [ 0] /lib64/libc.so.6(+0x3fc30)[0x15414923fc30]
[genoahost101:1139373] [ 1] /lib64/libc.so.6(+0x8d02c)[0x15414928d02c]
[genoahost101:1139373] [ 2] /lib64/libc.so.6(raise+0x16)[0x15414923fb86]
[genoahost101:1139373] [ 3] /lib64/libc.so.6(abort+0xd3)[0x154149229873]
[genoahost101:1139373] [ 4] /lib64/libc.so.6(+0x2979b)[0x15414922979b]
[genoahost101:1139373] [ 5] /lib64/libc.so.6(+0x388c6)[0x1541492388c6]
[genoahost101:1139373] [ 6] /direct/sdcc+u/poare/Grid/build/examples/./Example_spec_kryschur[0x4cc206]
[genoahost101:1139373] [ 7] /direct/sdcc+u/poare/Grid/build/examples/./Example_spec_kryschur[0x4cc2f1]
[genoahost101:1139373] [ 8] /direct/sdcc+u/poare/Grid/build/examples/./Example_spec_kryschur[0x4c7e95]
[genoahost101:1139373] [ 9] /direct/sdcc+u/poare/Grid/build/examples/./Example_spec_kryschur[0x4b5f4f]
[genoahost101:1139373] [10] /direct/sdcc+u/poare/Grid/build/examples/./Example_spec_kryschur[0x41180d]
[genoahost101:1139373] [11] /lib64/libc.so.6(+0x2a610)[0x15414922a610]
[genoahost101:1139373] [12] /lib64/libc.so.6(__libc_start_main+0x80)[0x15414922a6c0]
[genoahost101:1139373] [13] /direct/sdcc+u/poare/Grid/build/examples/./Example_spec_kryschur[0x4147f5]
[genoahost101:1139373] *** End of error message ***

__|__|__|__|__|__|__|__|__|__|__|__|__|__|__
__|__|__|__|__|__|__|__|__|__|__|__|__|__|__
__|_ |  |  |  |  |  |  |  |  |  |  |  | _|__
__|_                                    _|__
__|_   GGGG    RRRR    III    DDDD      _|__
__|_  G        R   R    I     D   D     _|__
__|_  G        R   R    I     D    D    _|__
__|_  G  GG    RRRR     I     D    D    _|__
__|_  G   G    R  R     I     D   D     _|__
__|_   GGGG    R   R   III    DDDD      _|__
__|_                                    _|__
__|__|__|__|__|__|__|__|__|__|__|__|__|__|__
__|__|__|__|__|__|__|__|__|__|__|__|__|__|__
  |  |  |  |  |  |  |  |  |  |  |  |  |  |  


Copyright (C) 2015 Peter Boyle, Azusa Yamaguchi, Guido Cossu, Antonin Portelli and other authors

This program is free software; you can redistribute it and/or modify
it under the terms of the GNU General Public License as published by
the Free Software Foundation; either version 2 of the License, or
(at your option) any later version.

This program is distributed in the hope that it will be useful,
but WITHOUT ANY WARRANTY; without even the implied warranty of
MERCHANTABILITY or FITNESS FOR A PARTICULAR PURPOSE.  See the
GNU General Public License for more details.
Current Grid git commit hash=82d411ca7bb8ec4a5b5c3815df23674cfd291070: (HEAD -> develop, origin/develop, origin/HEAD) clean

Grid : Message : ================================================ 
Grid : Message : MPI is initialised and logging filters activated 
Grid : Message : ================================================ 
Grid : Message : This rank is running on host genoahost101.sdcc.bnl.local at local time 2026-02-27 11:54:42
Grid : Message : Requested 17179869184 byte stencil comms buffers 
Grid : Message : MemoryManager::Init() setting up
Grid : Message : MemoryManager::Init() cache pool for recent host   allocations: SMALL 8 LARGE 2 HUGE 0
Grid : Message : MemoryManager::Init() cache pool for recent device allocations: SMALL 16 LARGE 8 Huge 0
Grid : Message : MemoryManager::Init() cache pool for recent shared allocations: SMALL 16 LARGE 8 Huge 0
Grid : Message : MemoryManager::Init() Unified memory space
Sorting eigenvalues using EvalReSmall
Lattice size: [16 16 16 32]
Example_spec_kryschur: ../../Grid/communicator/SharedMemoryMPI.cc:434: static void Grid::GlobalSharedMemory::OptimalCommunicatorSharedMemory(const Coordinate&, ompi_communicator_t*&, Grid::Coordinate&): Assertion `WorldSize==Nprocessors' failed.

__|__|__|__|__|__|__|__|__|__|__|__|__|__|__
__|__|__|__|__|__|__|__|__|__|__|__|__|__|__
__|_ |  |  |  |  |  |  |  |  |  |  |  | _|__
__|_                                    _|__
__|_   GGGG    RRRR    III    DDDD      _|__
__|_  G        R   R    I     D   D     _|__
__|_  G        R   R    I     D    D    _|__
__|_  G  GG    RRRR     I     D    D    _|__
__|_  G   G    R  R     I     D   D     _|__
__|_   GGGG    R   R   III    DDDD      _|__
__|_                                    _|__
__|__|__|__|__|__|__|__|__|__|__|__|__|__|__
__|__|__|__|__|__|__|__|__|__|__|__|__|__|__
  |  |  |  |  |  |  |  |  |  |  |  |  |  |  


Copyright (C) 2015 Peter Boyle, Azusa Yamaguchi, Guido Cossu, Antonin Portelli and other authors

This program is free software; you can redistribute it and/or modify
it under the terms of the GNU General Public License as published by
the Free Software Foundation; either version 2 of the License, or
(at your option) any later version.

This program is distributed in the hope that it will be useful,
but WITHOUT ANY WARRANTY; without even the implied warranty of
MERCHANTABILITY or FITNESS FOR A PARTICULAR PURPOSE.  See the
GNU General Public License for more details.
Current Grid git commit hash=82d411ca7bb8ec4a5b5c3815df23674cfd291070: (HEAD -> develop, origin/develop, origin/HEAD) clean

Grid : Message : ================================================ 
Grid : Message : MPI is initialised and logging filters activated 
Grid : Message : ================================================ 
Grid : Message : This rank is running on host genoahost101.sdcc.bnl.local at local time 2026-02-27 11:54:43
Grid : Message : Requested 17179869184 byte stencil comms buffers 
Grid : Message : MemoryManager::Init() setting up
Grid : Message : MemoryManager::Init() cache pool for recent host   allocations: SMALL 8 LARGE 2 HUGE 0
Grid : Message : MemoryManager::Init() cache pool for recent device allocations: SMALL 16 LARGE 8 Huge 0
Grid : Message : MemoryManager::Init() cache pool for recent shared allocations: SMALL 16 LARGE 8 Huge 0
Grid : Message : MemoryManager::Init() Unified memory space
Sorting eigenvalues using EvalReSmall
Lattice size: [16 16 16 32]
Example_spec_kryschur: ../../Grid/communicator/SharedMemoryMPI.cc:434: static void Grid::GlobalSharedMemory::OptimalCommunicatorSharedMemory(const Coordinate&, ompi_communicator_t*&, Grid::Coordinate&): Assertion `WorldSize==Nprocessors' failed.
[genoahost101:1139381] *** Process received signal ***
[genoahost101:1139381] Signal: Aborted (6)
[genoahost101:1139381] Signal code:  (-6)
[genoahost101:1139381] [ 0] /lib64/libc.so.6(+0x3fc30)[0x15523a03fc30]
[genoahost101:1139381] [ 1] /lib64/libc.so.6(+0x8d02c)[0x15523a08d02c]
[genoahost101:1139381] [ 2] /lib64/libc.so.6(raise+0x16)[0x15523a03fb86]
[genoahost101:1139381] [ 3] /lib64/libc.so.6(abort+0xd3)[0x15523a029873]
[genoahost101:1139381] [ 4] /lib64/libc.so.6(+0x2979b)[0x15523a02979b]
[genoahost101:1139381] [ 5] /lib64/libc.so.6(+0x388c6)[0x15523a0388c6]
[genoahost101:1139381] [ 6] /direct/sdcc+u/poare/Grid/build/examples/./Example_spec_kryschur[0x4cc206]
[genoahost101:1139381] [ 7] /direct/sdcc+u/poare/Grid/build/examples/./Example_spec_kryschur[0x4cc2f1]
[genoahost101:1139381] [ 8] /direct/sdcc+u/poare/Grid/build/examples/./Example_spec_kryschur[0x4c7e95]
[genoahost101:1139381] [ 9] /direct/sdcc+u/poare/Grid/build/examples/./Example_spec_kryschur[0x4b5f4f]
[genoahost101:1139381] [10] /direct/sdcc+u/poare/Grid/build/examples/./Example_spec_kryschur[0x41180d]
[genoahost101:1139381] [11] /lib64/libc.so.6(+0x2a610)[0x15523a02a610]
[genoahost101:1139381] [12] /lib64/libc.so.6(__libc_start_main+0x80)[0x15523a02a6c0]
[genoahost101:1139381] [13] /direct/sdcc+u/poare/Grid/build/examples/./Example_spec_kryschur[0x4147f5]
[genoahost101:1139381] *** End of error message ***
[genoahost101:1139374] *** Process received signal ***
[genoahost101:1139374] Signal: Aborted (6)
[genoahost101:1139374] Signal code:  (-6)
[genoahost101:1139374] [ 0] /lib64/libc.so.6(+0x3fc30)[0x14924943fc30]
[genoahost101:1139374] [ 1] /lib64/libc.so.6(+0x8d02c)[0x14924948d02c]
[genoahost101:1139374] [ 2] /lib64/libc.so.6(raise+0x16)[0x14924943fb86]
[genoahost101:1139374] [ 3] /lib64/libc.so.6(abort+0xd3)[0x149249429873]
[genoahost101:1139374] [ 4] /lib64/libc.so.6(+0x2979b)[0x14924942979b]
[genoahost101:1139374] [ 5] /lib64/libc.so.6(+0x388c6)[0x1492494388c6]
[genoahost101:1139374] [ 6] /direct/sdcc+u/poare/Grid/build/examples/./Example_spec_kryschur[0x4cc206]
[genoahost101:1139374] [ 7] /direct/sdcc+u/poare/Grid/build/examples/./Example_spec_kryschur[0x4cc2f1]
[genoahost101:1139374] [ 8] /direct/sdcc+u/poare/Grid/build/examples/./Example_spec_kryschur[0x4c7e95]
[genoahost101:1139374] [ 9] /direct/sdcc+u/poare/Grid/build/examples/./Example_spec_kryschur[0x4b5f4f]
[genoahost101:1139374] [10] /direct/sdcc+u/poare/Grid/build/examples/./Example_spec_kryschur[0x41180d]
[genoahost101:1139374] [11] /lib64/libc.so.6(+0x2a610)[0x14924942a610]
[genoahost101:1139374] [12] /lib64/libc.so.6(__libc_start_main+0x80)[0x14924942a6c0]
[genoahost101:1139374] [13] /direct/sdcc+u/poare/Grid/build/examples/./Example_spec_kryschur[0x4147f5]
[genoahost101:1139374] *** End of error message ***

__|__|__|__|__|__|__|__|__|__|__|__|__|__|__
__|__|__|__|__|__|__|__|__|__|__|__|__|__|__
__|_ |  |  |  |  |  |  |  |  |  |  |  | _|__
__|_                                    _|__
__|_   GGGG    RRRR    III    DDDD      _|__
__|_  G        R   R    I     D   D     _|__
__|_  G        R   R    I     D    D    _|__
__|_  G  GG    RRRR     I     D    D    _|__
__|_  G   G    R  R     I     D   D     _|__
__|_   GGGG    R   R   III    DDDD      _|__
__|_                                    _|__
__|__|__|__|__|__|__|__|__|__|__|__|__|__|__
__|__|__|__|__|__|__|__|__|__|__|__|__|__|__
  |  |  |  |  |  |  |  |  |  |  |  |  |  |  


Copyright (C) 2015 Peter Boyle, Azusa Yamaguchi, Guido Cossu, Antonin Portelli and other authors

This program is free software; you can redistribute it and/or modify
it under the terms of the GNU General Public License as published by
the Free Software Foundation; either version 2 of the License, or
(at your option) any later version.

This program is distributed in the hope that it will be useful,
but WITHOUT ANY WARRANTY; without even the implied warranty of
MERCHANTABILITY or FITNESS FOR A PARTICULAR PURPOSE.  See the
GNU General Public License for more details.
Current Grid git commit hash=82d411ca7bb8ec4a5b5c3815df23674cfd291070: (HEAD -> develop, origin/develop, origin/HEAD) clean

Grid : Message : ================================================ 
Grid : Message : MPI is initialised and logging filters activated 
Grid : Message : ================================================ 
Grid : Message : This rank is running on host genoahost099.sdcc.bnl.local at local time 2026-02-27 11:54:43
Grid : Message : Requested 17179869184 byte stencil comms buffers 
Grid : Message : MemoryManager::Init() setting up
Grid : Message : MemoryManager::Init() cache pool for recent host   allocations: SMALL 8 LARGE 2 HUGE 0
Grid : Message : MemoryManager::Init() cache pool for recent device allocations: SMALL 16 LARGE 8 Huge 0
Grid : Message : MemoryManager::Init() cache pool for recent shared allocations: SMALL 16 LARGE 8 Huge 0
Grid : Message : MemoryManager::Init() Unified memory space
Sorting eigenvalues using EvalReSmall
Lattice size: [16 16 16 32]
Example_spec_kryschur: ../../Grid/communicator/SharedMemoryMPI.cc:434: static void Grid::GlobalSharedMemory::OptimalCommunicatorSharedMemory(const Coordinate&, ompi_communicator_t*&, Grid::Coordinate&): Assertion `WorldSize==Nprocessors' failed.
[genoahost099:1601371] *** Process received signal ***
[genoahost099:1601371] Signal: Aborted (6)
[genoahost099:1601371] Signal code:  (-6)
[genoahost099:1601371] [ 0] /lib64/libc.so.6(+0x3fc30)[0x148a83a3fc30]
[genoahost099:1601371] [ 1] /lib64/libc.so.6(+0x8d02c)[0x148a83a8d02c]
[genoahost099:1601371] [ 2] /lib64/libc.so.6(raise+0x16)[0x148a83a3fb86]
[genoahost099:1601371] [ 3] /lib64/libc.so.6(abort+0xd3)[0x148a83a29873]
[genoahost099:1601371] [ 4] /lib64/libc.so.6(+0x2979b)[0x148a83a2979b]
[genoahost099:1601371] [ 5] /lib64/libc.so.6(+0x388c6)[0x148a83a388c6]
[genoahost099:1601371] [ 6] /direct/sdcc+u/poare/Grid/build/examples/./Example_spec_kryschur[0x4cc206]
[genoahost099:1601371] [ 7] /direct/sdcc+u/poare/Grid/build/examples/./Example_spec_kryschur[0x4cc2f1]
[genoahost099:1601371] [ 8] /direct/sdcc+u/poare/Grid/build/examples/./Example_spec_kryschur[0x4c7e95]
[genoahost099:1601371] [ 9] /direct/sdcc+u/poare/Grid/build/examples/./Example_spec_kryschur[0x4b5f4f]
[genoahost099:1601371] [10] /direct/sdcc+u/poare/Grid/build/examples/./Example_spec_kryschur[0x41180d]
[genoahost099:1601371] [11] /lib64/libc.so.6(+0x2a610)[0x148a83a2a610]
[genoahost099:1601371] [12] /lib64/libc.so.6(__libc_start_main+0x80)[0x148a83a2a6c0]
[genoahost099:1601371] [13] /direct/sdcc+u/poare/Grid/build/examples/./Example_spec_kryschur[0x4147f5]
[genoahost099:1601371] *** End of error message ***
srun: error: genoahost098: task 19: Aborted (core dumped)
srun: error: genoahost103: task 98: Aborted (core dumped)
srun: error: genoahost103: tasks 99,107: Aborted (core dumped)
srun: error: genoahost100: tasks 51,62: Aborted (core dumped)
srun: error: genoahost100: task 61: Aborted (core dumped)

__|__|__|__|__|__|__|__|__|__|__|__|__|__|__
__|__|__|__|__|__|__|__|__|__|__|__|__|__|__
__|_ |  |  |  |  |  |  |  |  |  |  |  | _|__
__|_                                    _|__
__|_   GGGG    RRRR    III    DDDD      _|__
__|_  G        R   R    I     D   D     _|__
__|_  G        R   R    I     D    D    _|__
__|_  G  GG    RRRR     I     D    D    _|__
__|_  G   G    R  R     I     D   D     _|__
__|_   GGGG    R   R   III    DDDD      _|__
__|_                                    _|__
__|__|__|__|__|__|__|__|__|__|__|__|__|__|__
__|__|__|__|__|__|__|__|__|__|__|__|__|__|__
  |  |  |  |  |  |  |  |  |  |  |  |  |  |  


Copyright (C) 2015 Peter Boyle, Azusa Yamaguchi, Guido Cossu, Antonin Portelli and other authors

This program is free software; you can redistribute it and/or modify
it under the terms of the GNU General Public License as published by
the Free Software Foundation; either version 2 of the License, or
(at your option) any later version.

This program is distributed in the hope that it will be useful,
but WITHOUT ANY WARRANTY; without even the implied warranty of
MERCHANTABILITY or FITNESS FOR A PARTICULAR PURPOSE.  See the
GNU General Public License for more details.
Current Grid git commit hash=82d411ca7bb8ec4a5b5c3815df23674cfd291070: (HEAD -> develop, origin/develop, origin/HEAD) clean

Grid : Message : ================================================ 
Grid : Message : MPI is initialised and logging filters activated 
Grid : Message : ================================================ 
Grid : Message : This rank is running on host genoahost098.sdcc.bnl.local at local time 2026-02-27 11:54:46
Grid : Message : Requested 17179869184 byte stencil comms buffers 
Grid : Message : MemoryManager::Init() setting up
Grid : Message : MemoryManager::Init() cache pool for recent host   allocations: SMALL 8 LARGE 2 HUGE 0
Grid : Message : MemoryManager::Init() cache pool for recent device allocations: SMALL 16 LARGE 8 Huge 0
Grid : Message : MemoryManager::Init() cache pool for recent shared allocations: SMALL 16 LARGE 8 Huge 0
Grid : Message : MemoryManager::Init() Unified memory space
Sorting eigenvalues using EvalReSmall
Lattice size: [16 16 16 32]
Example_spec_kryschur: ../../Grid/communicator/SharedMemoryMPI.cc:434: static void Grid::GlobalSharedMemory::OptimalCommunicatorSharedMemory(const Coordinate&, ompi_communicator_t*&, Grid::Coordinate&): Assertion `WorldSize==Nprocessors' failed.
[genoahost098:1621600] *** Process received signal ***
[genoahost098:1621600] Signal: Aborted (6)
[genoahost098:1621600] Signal code:  (-6)
[genoahost098:1621600] [ 0] /lib64/libc.so.6(+0x3fc30)[0x150774c3fc30]
[genoahost098:1621600] [ 1] /lib64/libc.so.6(+0x8d02c)[0x150774c8d02c]
[genoahost098:1621600] [ 2] /lib64/libc.so.6(raise+0x16)[0x150774c3fb86]
[genoahost098:1621600] [ 3] /lib64/libc.so.6(abort+0xd3)[0x150774c29873]
[genoahost098:1621600] [ 4] /lib64/libc.so.6(+0x2979b)[0x150774c2979b]
[genoahost098:1621600] [ 5] /lib64/libc.so.6(+0x388c6)[0x150774c388c6]
[genoahost098:1621600] [ 6] /direct/sdcc+u/poare/Grid/build/examples/./Example_spec_kryschur[0x4cc206]
[genoahost098:1621600] [ 7] /direct/sdcc+u/poare/Grid/build/examples/./Example_spec_kryschur[0x4cc2f1]
[genoahost098:1621600] [ 8] /direct/sdcc+u/poare/Grid/build/examples/./Example_spec_kryschur[0x4c7e95]
[genoahost098:1621600] [ 9] /direct/sdcc+u/poare/Grid/build/examples/./Example_spec_kryschur[0x4b5f4f]
[genoahost098:1621600] [10] /direct/sdcc+u/poare/Grid/build/examples/./Example_spec_kryschur[0x41180d]
[genoahost098:1621600] [11] /lib64/libc.so.6(+0x2a610)[0x150774c2a610]
[genoahost098:1621600] [12] /lib64/libc.so.6(__libc_start_main+0x80)[0x150774c2a6c0]
[genoahost098:1621600] [13] /direct/sdcc+u/poare/Grid/build/examples/./Example_spec_kryschur[0x4147f5]
[genoahost098:1621600] *** End of error message ***
srun: error: genoahost101: task 72: Aborted (core dumped)

__|__|__|__|__|__|__|__|__|__|__|__|__|__|__
__|__|__|__|__|__|__|__|__|__|__|__|__|__|__
__|_ |  |  |  |  |  |  |  |  |  |  |  | _|__
__|_                                    _|__
__|_   GGGG    RRRR    III    DDDD      _|__
__|_  G        R   R    I     D   D     _|__
__|_  G        R   R    I     D    D    _|__
__|_  G  GG    RRRR     I     D    D    _|__
__|_  G   G    R  R     I     D   D     _|__
__|_   GGGG    R   R   III    DDDD      _|__
__|_                                    _|__
__|__|__|__|__|__|__|__|__|__|__|__|__|__|__
__|__|__|__|__|__|__|__|__|__|__|__|__|__|__
  |  |  |  |  |  |  |  |  |  |  |  |  |  |  


Copyright (C) 2015 Peter Boyle, Azusa Yamaguchi, Guido Cossu, Antonin Portelli and other authors

This program is free software; you can redistribute it and/or modify
it under the terms of the GNU General Public License as published by
the Free Software Foundation; either version 2 of the License, or
(at your option) any later version.

This program is distributed in the hope that it will be useful,
but WITHOUT ANY WARRANTY; without even the implied warranty of
MERCHANTABILITY or FITNESS FOR A PARTICULAR PURPOSE.  See the
GNU General Public License for more details.
Current Grid git commit hash=82d411ca7bb8ec4a5b5c3815df23674cfd291070: (HEAD -> develop, origin/develop, origin/HEAD) clean

Grid : Message : ================================================ 
Grid : Message : MPI is initialised and logging filters activated 
Grid : Message : ================================================ 
Grid : Message : This rank is running on host genoahost103.sdcc.bnl.local at local time 2026-02-27 11:54:48
Grid : Message : Requested 17179869184 byte stencil comms buffers 
Grid : Message : MemoryManager::Init() setting up
Grid : Message : MemoryManager::Init() cache pool for recent host   allocations: SMALL 8 LARGE 2 HUGE 0
Grid : Message : MemoryManager::Init() cache pool for recent device allocations: SMALL 16 LARGE 8 Huge 0
Grid : Message : MemoryManager::Init() cache pool for recent shared allocations: SMALL 16 LARGE 8 Huge 0
Grid : Message : MemoryManager::Init() Unified memory space
Sorting eigenvalues using EvalReSmall
Lattice size: [16 16 16 32]
Example_spec_kryschur: ../../Grid/communicator/SharedMemoryMPI.cc:434: static void Grid::GlobalSharedMemory::OptimalCommunicatorSharedMemory(const Coordinate&, ompi_communicator_t*&, Grid::Coordinate&): Assertion `WorldSize==Nprocessors' failed.
[genoahost103:608879] *** Process received signal ***
[genoahost103:608879] Signal: Aborted (6)
[genoahost103:608879] Signal code:  (-6)
[genoahost103:608879] [ 0] /lib64/libc.so.6(+0x3fc30)[0x151e2d43fc30]
[genoahost103:608879] [ 1] /lib64/libc.so.6(+0x8d02c)[0x151e2d48d02c]
[genoahost103:608879] [ 2] /lib64/libc.so.6(raise+0x16)[0x151e2d43fb86]
[genoahost103:608879] [ 3] /lib64/libc.so.6(abort+0xd3)[0x151e2d429873]
[genoahost103:608879] [ 4] /lib64/libc.so.6(+0x2979b)[0x151e2d42979b]
[genoahost103:608879] [ 5] /lib64/libc.so.6(+0x388c6)[0x151e2d4388c6]
[genoahost103:608879] [ 6] /direct/sdcc+u/poare/Grid/build/examples/./Example_spec_kryschur[0x4cc206]
[genoahost103:608879] [ 7] /direct/sdcc+u/poare/Grid/build/examples/./Example_spec_kryschur[0x4cc2f1]
[genoahost103:608879] [ 8] /direct/sdcc+u/poare/Grid/build/examples/./Example_spec_kryschur[0x4c7e95]
[genoahost103:608879] [ 9] /direct/sdcc+u/poare/Grid/build/examples/./Example_spec_kryschur[0x4b5f4f]
[genoahost103:608879] [10] /direct/sdcc+u/poare/Grid/build/examples/./Example_spec_kryschur[0x41180d]
[genoahost103:608879] [11] /lib64/libc.so.6(+0x2a610)[0x151e2d42a610]
[genoahost103:608879] [12] /lib64/libc.so.6(__libc_start_main+0x80)[0x151e2d42a6c0]
[genoahost103:608879] [13] /direct/sdcc+u/poare/Grid/build/examples/./Example_spec_kryschur[0x4147f5]
[genoahost103:608879] *** End of error message ***
srun: error: genoahost097: task 9: Aborted (core dumped)

__|__|__|__|__|__|__|__|__|__|__|__|__|__|__
__|__|__|__|__|__|__|__|__|__|__|__|__|__|__
__|_ |  |  |  |  |  |  |  |  |  |  |  | _|__
__|_                                    _|__
__|_   GGGG    RRRR    III    DDDD      _|__
__|_  G        R   R    I     D   D     _|__
__|_  G        R   R    I     D    D    _|__
__|_  G  GG    RRRR     I     D    D    _|__
__|_  G   G    R  R     I     D   D     _|__
__|_   GGGG    R   R   III    DDDD      _|__
__|_                                    _|__
__|__|__|__|__|__|__|__|__|__|__|__|__|__|__
__|__|__|__|__|__|__|__|__|__|__|__|__|__|__
  |  |  |  |  |  |  |  |  |  |  |  |  |  |  


Copyright (C) 2015 Peter Boyle, Azusa Yamaguchi, Guido Cossu, Antonin Portelli and other authors

This program is free software; you can redistribute it and/or modify
it under the terms of the GNU General Public License as published by
the Free Software Foundation; either version 2 of the License, or
(at your option) any later version.

This program is distributed in the hope that it will be useful,
but WITHOUT ANY WARRANTY; without even the implied warranty of
MERCHANTABILITY or FITNESS FOR A PARTICULAR PURPOSE.  See the
GNU General Public License for more details.
Current Grid git commit hash=82d411ca7bb8ec4a5b5c3815df23674cfd291070: (HEAD -> develop, origin/develop, origin/HEAD) clean

Grid : Message : ================================================ 
Grid : Message : MPI is initialised and logging filters activated 
Grid : Message : ================================================ 
Grid : Message : This rank is running on host genoahost097.sdcc.bnl.local at local time 2026-02-27 11:54:51
Grid : Message : Requested 17179869184 byte stencil comms buffers 
Grid : Message : MemoryManager::Init() setting up
Grid : Message : MemoryManager::Init() cache pool for recent host   allocations: SMALL 8 LARGE 2 HUGE 0
Grid : Message : MemoryManager::Init() cache pool for recent device allocations: SMALL 16 LARGE 8 Huge 0
Grid : Message : MemoryManager::Init() cache pool for recent shared allocations: SMALL 16 LARGE 8 Huge 0
Grid : Message : MemoryManager::Init() Unified memory space
Sorting eigenvalues using EvalReSmall
Lattice size: [16 16 16 32]
Example_spec_kryschur: ../../Grid/communicator/SharedMemoryMPI.cc:434: static void Grid::GlobalSharedMemory::OptimalCommunicatorSharedMemory(const Coordinate&, ompi_communicator_t*&, Grid::Coordinate&): Assertion `WorldSize==Nprocessors' failed.
[genoahost097:1722552] *** Process received signal ***
[genoahost097:1722552] Signal: Aborted (6)
[genoahost097:1722552] Signal code:  (-6)
[genoahost097:1722552] [ 0] /lib64/libc.so.6(+0x3fc30)[0x1532ea23fc30]
[genoahost097:1722552] [ 1] /lib64/libc.so.6(+0x8d02c)[0x1532ea28d02c]
[genoahost097:1722552] [ 2] /lib64/libc.so.6(raise+0x16)[0x1532ea23fb86]
[genoahost097:1722552] [ 3] /lib64/libc.so.6(abort+0xd3)[0x1532ea229873]
[genoahost097:1722552] [ 4] /lib64/libc.so.6(+0x2979b)[0x1532ea22979b]
[genoahost097:1722552] [ 5] /lib64/libc.so.6(+0x388c6)[0x1532ea2388c6]
[genoahost097:1722552] [ 6] /direct/sdcc+u/poare/Grid/build/examples/./Example_spec_kryschur[0x4cc206]
[genoahost097:1722552] [ 7] /direct/sdcc+u/poare/Grid/build/examples/./Example_spec_kryschur[0x4cc2f1]
[genoahost097:1722552] [ 8] /direct/sdcc+u/poare/Grid/build/examples/./Example_spec_kryschur[0x4c7e95]
[genoahost097:1722552] [ 9] /direct/sdcc+u/poare/Grid/build/examples/./Example_spec_kryschur[0x4b5f4f]
[genoahost097:1722552] [10] /direct/sdcc+u/poare/Grid/build/examples/./Example_spec_kryschur[0x41180d]
[genoahost097:1722552] [11] /lib64/libc.so.6(+0x2a610)[0x1532ea22a610]
[genoahost097:1722552] [12] /lib64/libc.so.6(__libc_start_main+0x80)[0x1532ea22a6c0]
[genoahost097:1722552] [13] /direct/sdcc+u/poare/Grid/build/examples/./Example_spec_kryschur[0x4147f5]
[genoahost097:1722552] *** End of error message ***

__|__|__|__|__|__|__|__|__|__|__|__|__|__|__
__|__|__|__|__|__|__|__|__|__|__|__|__|__|__
__|_ |  |  |  |  |  |  |  |  |  |  |  | _|__
__|_                                    _|__
__|_   GGGG    RRRR    III    DDDD      _|__
__|_  G        R   R    I     D   D     _|__
__|_  G        R   R    I     D    D    _|__
__|_  G  GG    RRRR     I     D    D    _|__
__|_  G   G    R  R     I     D   D     _|__
__|_   GGGG    R   R   III    DDDD      _|__
__|_                                    _|__
__|__|__|__|__|__|__|__|__|__|__|__|__|__|__
__|__|__|__|__|__|__|__|__|__|__|__|__|__|__
  |  |  |  |  |  |  |  |  |  |  |  |  |  |  


Copyright (C) 2015 Peter Boyle, Azusa Yamaguchi, Guido Cossu, Antonin Portelli and other authors

This program is free software; you can redistribute it and/or modify
it under the terms of the GNU General Public License as published by
the Free Software Foundation; either version 2 of the License, or
(at your option) any later version.

This program is distributed in the hope that it will be useful,
but WITHOUT ANY WARRANTY; without even the implied warranty of
MERCHANTABILITY or FITNESS FOR A PARTICULAR PURPOSE.  See the
GNU General Public License for more details.
Current Grid git commit hash=82d411ca7bb8ec4a5b5c3815df23674cfd291070: (HEAD -> develop, origin/develop, origin/HEAD) clean

Grid : Message : ================================================ 
Grid : Message : MPI is initialised and logging filters activated 
Grid : Message : ================================================ 
Grid : Message : This rank is running on host genoahost102.sdcc.bnl.local at local time 2026-02-27 11:54:52
Grid : Message : Requested 17179869184 byte stencil comms buffers 
Grid : Message : MemoryManager::Init() setting up
Grid : Message : MemoryManager::Init() cache pool for recent host   allocations: SMALL 8 LARGE 2 HUGE 0
Grid : Message : MemoryManager::Init() cache pool for recent device allocations: SMALL 16 LARGE 8 Huge 0
Grid : Message : MemoryManager::Init() cache pool for recent shared allocations: SMALL 16 LARGE 8 Huge 0
Grid : Message : MemoryManager::Init() Unified memory space
Sorting eigenvalues using EvalReSmall
Lattice size: [16 16 16 32]
Example_spec_kryschur: ../../Grid/communicator/SharedMemoryMPI.cc:434: static void Grid::GlobalSharedMemory::OptimalCommunicatorSharedMemory(const Coordinate&, ompi_communicator_t*&, Grid::Coordinate&): Assertion `WorldSize==Nprocessors' failed.
[genoahost102:619443] *** Process received signal ***
[genoahost102:619443] Signal: Aborted (6)
[genoahost102:619443] Signal code:  (-6)
[genoahost102:619443] [ 0] /lib64/libc.so.6(+0x3fc30)[0x15552683fc30]
[genoahost102:619443] [ 1] /lib64/libc.so.6(+0x8d02c)[0x15552688d02c]
[genoahost102:619443] [ 2] /lib64/libc.so.6(raise+0x16)[0x15552683fb86]
[genoahost102:619443] [ 3] /lib64/libc.so.6(abort+0xd3)[0x155526829873]
[genoahost102:619443] [ 4] /lib64/libc.so.6(+0x2979b)[0x15552682979b]
[genoahost102:619443] [ 5] /lib64/libc.so.6(+0x388c6)[0x1555268388c6]
[genoahost102:619443] [ 6] /direct/sdcc+u/poare/Grid/build/examples/./Example_spec_kryschur[0x4cc206]
[genoahost102:619443] [ 7] /direct/sdcc+u/poare/Grid/build/examples/./Example_spec_kryschur[0x4cc2f1]
[genoahost102:619443] [ 8] /direct/sdcc+u/poare/Grid/build/examples/./Example_spec_kryschur[0x4c7e95]
[genoahost102:619443] [ 9] /direct/sdcc+u/poare/Grid/build/examples/./Example_spec_kryschur[0x4b5f4f]
[genoahost102:619443] [10] /direct/sdcc+u/poare/Grid/build/examples/./Example_spec_kryschur[0x41180d]
[genoahost102:619443] [11] /lib64/libc.so.6(+0x2a610)[0x15552682a610]
[genoahost102:619443] [12] /lib64/libc.so.6(__libc_start_main+0x80)[0x15552682a6c0]
[genoahost102:619443] [13] /direct/sdcc+u/poare/Grid/build/examples/./Example_spec_kryschur[0x4147f5]
[genoahost102:619443] *** End of error message ***

__|__|__|__|__|__|__|__|__|__|__|__|__|__|__
__|__|__|__|__|__|__|__|__|__|__|__|__|__|__
__|_ |  |  |  |  |  |  |  |  |  |  |  | _|__
__|_                                    _|__
__|_   GGGG    RRRR    III    DDDD      _|__
__|_  G        R   R    I     D   D     _|__
__|_  G        R   R    I     D    D    _|__
__|_  G  GG    RRRR     I     D    D    _|__
__|_  G   G    R  R     I     D   D     _|__
__|_   GGGG    R   R   III    DDDD      _|__
__|_                                    _|__
__|__|__|__|__|__|__|__|__|__|__|__|__|__|__
__|__|__|__|__|__|__|__|__|__|__|__|__|__|__
  |  |  |  |  |  |  |  |  |  |  |  |  |  |  


Copyright (C) 2015 Peter Boyle, Azusa Yamaguchi, Guido Cossu, Antonin Portelli and other authors

This program is free software; you can redistribute it and/or modify
it under the terms of the GNU General Public License as published by
the Free Software Foundation; either version 2 of the License, or
(at your option) any later version.

This program is distributed in the hope that it will be useful,
but WITHOUT ANY WARRANTY; without even the implied warranty of
MERCHANTABILITY or FITNESS FOR A PARTICULAR PURPOSE.  See the
GNU General Public License for more details.
Current Grid git commit hash=82d411ca7bb8ec4a5b5c3815df23674cfd291070: (HEAD -> develop, origin/develop, origin/HEAD) clean

Grid : Message : ================================================ 
Grid : Message : MPI is initialised and logging filters activated 
Grid : Message : ================================================ 
Grid : Message : This rank is running on host genoahost102.sdcc.bnl.local at local time 2026-02-27 11:54:52
Grid : Message : Requested 17179869184 byte stencil comms buffers 
Grid : Message : MemoryManager::Init() setting up
Grid : Message : MemoryManager::Init() cache pool for recent host   allocations: SMALL 8 LARGE 2 HUGE 0
Grid : Message : MemoryManager::Init() cache pool for recent device allocations: SMALL 16 LARGE 8 Huge 0
Grid : Message : MemoryManager::Init() cache pool for recent shared allocations: SMALL 16 LARGE 8 Huge 0
Grid : Message : MemoryManager::Init() Unified memory space
Sorting eigenvalues using EvalReSmall
Lattice size: [16 16 16 32]
Example_spec_kryschur: ../../Grid/communicator/SharedMemoryMPI.cc:434: static void Grid::GlobalSharedMemory::OptimalCommunicatorSharedMemory(const Coordinate&, ompi_communicator_t*&, Grid::Coordinate&): Assertion `WorldSize==Nprocessors' failed.
[genoahost102:619445] *** Process received signal ***
[genoahost102:619445] Signal: Aborted (6)
[genoahost102:619445] Signal code:  (-6)
[genoahost102:619445] [ 0] /lib64/libc.so.6(+0x3fc30)[0x15489ec3fc30]
[genoahost102:619445] [ 1] /lib64/libc.so.6(+0x8d02c)[0x15489ec8d02c]
[genoahost102:619445] [ 2] /lib64/libc.so.6(raise+0x16)[0x15489ec3fb86]
[genoahost102:619445] [ 3] /lib64/libc.so.6(abort+0xd3)[0x15489ec29873]
[genoahost102:619445] [ 4] /lib64/libc.so.6(+0x2979b)[0x15489ec2979b]
[genoahost102:619445] [ 5] /lib64/libc.so.6(+0x388c6)[0x15489ec388c6]
[genoahost102:619445] [ 6] /direct/sdcc+u/poare/Grid/build/examples/./Example_spec_kryschur[0x4cc206]
[genoahost102:619445] [ 7] /direct/sdcc+u/poare/Grid/build/examples/./Example_spec_kryschur[0x4cc2f1]
[genoahost102:619445] [ 8] /direct/sdcc+u/poare/Grid/build/examples/./Example_spec_kryschur[0x4c7e95]
[genoahost102:619445] [ 9] /direct/sdcc+u/poare/Grid/build/examples/./Example_spec_kryschur[0x4b5f4f]
[genoahost102:619445] [10] /direct/sdcc+u/poare/Grid/build/examples/./Example_spec_kryschur[0x41180d]
[genoahost102:619445] [11] /lib64/libc.so.6(+0x2a610)[0x15489ec2a610]
[genoahost102:619445] [12] /lib64/libc.so.6(__libc_start_main+0x80)[0x15489ec2a6c0]
[genoahost102:619445] [13] /direct/sdcc+u/poare/Grid/build/examples/./Example_spec_kryschur[0x4147f5]
[genoahost102:619445] *** End of error message ***

__|__|__|__|__|__|__|__|__|__|__|__|__|__|__
__|__|__|__|__|__|__|__|__|__|__|__|__|__|__
__|_ |  |  |  |  |  |  |  |  |  |  |  | _|__
__|_                                    _|__
__|_   GGGG    RRRR    III    DDDD      _|__
__|_  G        R   R    I     D   D     _|__
__|_  G        R   R    I     D    D    _|__
__|_  G  GG    RRRR     I     D    D    _|__
__|_  G   G    R  R     I     D   D     _|__
__|_   GGGG    R   R   III    DDDD      _|__
__|_                                    _|__
__|__|__|__|__|__|__|__|__|__|__|__|__|__|__
__|__|__|__|__|__|__|__|__|__|__|__|__|__|__
  |  |  |  |  |  |  |  |  |  |  |  |  |  |  


Copyright (C) 2015 Peter Boyle, Azusa Yamaguchi, Guido Cossu, Antonin Portelli and other authors

This program is free software; you can redistribute it and/or modify
it under the terms of the GNU General Public License as published by
the Free Software Foundation; either version 2 of the License, or
(at your option) any later version.

This program is distributed in the hope that it will be useful,
but WITHOUT ANY WARRANTY; without even the implied warranty of
MERCHANTABILITY or FITNESS FOR A PARTICULAR PURPOSE.  See the
GNU General Public License for more details.
Current Grid git commit hash=82d411ca7bb8ec4a5b5c3815df23674cfd291070: (HEAD -> develop, origin/develop, origin/HEAD) clean

Grid : Message : ================================================ 
Grid : Message : MPI is initialised and logging filters activated 
Grid : Message : ================================================ 
Grid : Message : This rank is running on host genoahost102.sdcc.bnl.local at local time 2026-02-27 11:54:52
Grid : Message : Requested 17179869184 byte stencil comms buffers 
Grid : Message : MemoryManager::Init() setting up
Grid : Message : MemoryManager::Init() cache pool for recent host   allocations: SMALL 8 LARGE 2 HUGE 0
Grid : Message : MemoryManager::Init() cache pool for recent device allocations: SMALL 16 LARGE 8 Huge 0
Grid : Message : MemoryManager::Init() cache pool for recent shared allocations: SMALL 16 LARGE 8 Huge 0
Grid : Message : MemoryManager::Init() Unified memory space
Sorting eigenvalues using EvalReSmall
Lattice size: [16 16 16 32]
Example_spec_kryschur: ../../Grid/communicator/SharedMemoryMPI.cc:434: static void Grid::GlobalSharedMemory::OptimalCommunicatorSharedMemory(const Coordinate&, ompi_communicator_t*&, Grid::Coordinate&): Assertion `WorldSize==Nprocessors' failed.
[genoahost102:619455] *** Process received signal ***
[genoahost102:619455] Signal: Aborted (6)
[genoahost102:619455] Signal code:  (-6)
[genoahost102:619455] [ 0] /lib64/libc.so.6(+0x3fc30)[0x1475a0c3fc30]
[genoahost102:619455] [ 1] /lib64/libc.so.6(+0x8d02c)[0x1475a0c8d02c]
[genoahost102:619455] [ 2] /lib64/libc.so.6(raise+0x16)[0x1475a0c3fb86]
[genoahost102:619455] [ 3] /lib64/libc.so.6(abort+0xd3)[0x1475a0c29873]
[genoahost102:619455] [ 4] /lib64/libc.so.6(+0x2979b)[0x1475a0c2979b]
[genoahost102:619455] [ 5] /lib64/libc.so.6(+0x388c6)[0x1475a0c388c6]
[genoahost102:619455] [ 6] /direct/sdcc+u/poare/Grid/build/examples/./Example_spec_kryschur[0x4cc206]
[genoahost102:619455] [ 7] /direct/sdcc+u/poare/Grid/build/examples/./Example_spec_kryschur[0x4cc2f1]
[genoahost102:619455] [ 8] /direct/sdcc+u/poare/Grid/build/examples/./Example_spec_kryschur[0x4c7e95]
[genoahost102:619455] [ 9] /direct/sdcc+u/poare/Grid/build/examples/./Example_spec_kryschur[0x4b5f4f]
[genoahost102:619455] [10] /direct/sdcc+u/poare/Grid/build/examples/./Example_spec_kryschur[0x41180d]
[genoahost102:619455] [11] /lib64/libc.so.6(+0x2a610)[0x1475a0c2a610]
[genoahost102:619455] [12] /lib64/libc.so.6(__libc_start_main+0x80)[0x1475a0c2a6c0]
[genoahost102:619455] [13] /direct/sdcc+u/poare/Grid/build/examples/./Example_spec_kryschur[0x4147f5]
[genoahost102:619455] *** End of error message ***

__|__|__|__|__|__|__|__|__|__|__|__|__|__|__
__|__|__|__|__|__|__|__|__|__|__|__|__|__|__
__|_ |  |  |  |  |  |  |  |  |  |  |  | _|__
__|_                                    _|__
__|_   GGGG    RRRR    III    DDDD      _|__
__|_  G        R   R    I     D   D     _|__
__|_  G        R   R    I     D    D    _|__
__|_  G  GG    RRRR     I     D    D    _|__
__|_  G   G    R  R     I     D   D     _|__
__|_   GGGG    R   R   III    DDDD      _|__
__|_                                    _|__
__|__|__|__|__|__|__|__|__|__|__|__|__|__|__
__|__|__|__|__|__|__|__|__|__|__|__|__|__|__
  |  |  |  |  |  |  |  |  |  |  |  |  |  |  


Copyright (C) 2015 Peter Boyle, Azusa Yamaguchi, Guido Cossu, Antonin Portelli and other authors

This program is free software; you can redistribute it and/or modify
it under the terms of the GNU General Public License as published by
the Free Software Foundation; either version 2 of the License, or
(at your option) any later version.

This program is distributed in the hope that it will be useful,
but WITHOUT ANY WARRANTY; without even the implied warranty of
MERCHANTABILITY or FITNESS FOR A PARTICULAR PURPOSE.  See the
GNU General Public License for more details.
Current Grid git commit hash=82d411ca7bb8ec4a5b5c3815df23674cfd291070: (HEAD -> develop, origin/develop, origin/HEAD) clean

Grid : Message : ================================================ 
Grid : Message : MPI is initialised and logging filters activated 
Grid : Message : ================================================ 
Grid : Message : This rank is running on host genoahost102.sdcc.bnl.local at local time 2026-02-27 11:54:52
Grid : Message : Requested 17179869184 byte stencil comms buffers 
Grid : Message : MemoryManager::Init() setting up
Grid : Message : MemoryManager::Init() cache pool for recent host   allocations: SMALL 8 LARGE 2 HUGE 0
Grid : Message : MemoryManager::Init() cache pool for recent device allocations: SMALL 16 LARGE 8 Huge 0
Grid : Message : MemoryManager::Init() cache pool for recent shared allocations: SMALL 16 LARGE 8 Huge 0
Grid : Message : MemoryManager::Init() Unified memory space
Sorting eigenvalues using EvalReSmall
Lattice size: [16 16 16 32]
Example_spec_kryschur: ../../Grid/communicator/SharedMemoryMPI.cc:434: static void Grid::GlobalSharedMemory::OptimalCommunicatorSharedMemory(const Coordinate&, ompi_communicator_t*&, Grid::Coordinate&): Assertion `WorldSize==Nprocessors' failed.
[genoahost102:619442] *** Process received signal ***
[genoahost102:619442] Signal: Aborted (6)
[genoahost102:619442] Signal code:  (-6)
[genoahost102:619442] [ 0] /lib64/libc.so.6(+0x3fc30)[0x14bba563fc30]
[genoahost102:619442] [ 1] /lib64/libc.so.6(+0x8d02c)[0x14bba568d02c]
[genoahost102:619442] [ 2] /lib64/libc.so.6(raise+0x16)[0x14bba563fb86]
[genoahost102:619442] [ 3] /lib64/libc.so.6(abort+0xd3)[0x14bba5629873]
[genoahost102:619442] [ 4] /lib64/libc.so.6(+0x2979b)[0x14bba562979b]
[genoahost102:619442] [ 5] /lib64/libc.so.6(+0x388c6)[0x14bba56388c6]
[genoahost102:619442] [ 6] /direct/sdcc+u/poare/Grid/build/examples/./Example_spec_kryschur[0x4cc206]
[genoahost102:619442] [ 7] /direct/sdcc+u/poare/Grid/build/examples/./Example_spec_kryschur[0x4cc2f1]
[genoahost102:619442] [ 8] /direct/sdcc+u/poare/Grid/build/examples/./Example_spec_kryschur[0x4c7e95]
[genoahost102:619442] [ 9] /direct/sdcc+u/poare/Grid/build/examples/./Example_spec_kryschur[0x4b5f4f]
[genoahost102:619442] [10] /direct/sdcc+u/poare/Grid/build/examples/./Example_spec_kryschur[0x41180d]
[genoahost102:619442] [11] /lib64/libc.so.6(+0x2a610)[0x14bba562a610]
[genoahost102:619442] [12] /lib64/libc.so.6(__libc_start_main+0x80)[0x14bba562a6c0]
[genoahost102:619442] [13] /direct/sdcc+u/poare/Grid/build/examples/./Example_spec_kryschur[0x4147f5]
[genoahost102:619442] *** End of error message ***
srun: error: genoahost103: task 105: Aborted (core dumped)

__|__|__|__|__|__|__|__|__|__|__|__|__|__|__
__|__|__|__|__|__|__|__|__|__|__|__|__|__|__
__|_ |  |  |  |  |  |  |  |  |  |  |  | _|__
__|_                                    _|__
__|_   GGGG    RRRR    III    DDDD      _|__
__|_  G        R   R    I     D   D     _|__
__|_  G        R   R    I     D    D    _|__
__|_  G  GG    RRRR     I     D    D    _|__
__|_  G   G    R  R     I     D   D     _|__
__|_   GGGG    R   R   III    DDDD      _|__
__|_                                    _|__
__|__|__|__|__|__|__|__|__|__|__|__|__|__|__
__|__|__|__|__|__|__|__|__|__|__|__|__|__|__
  |  |  |  |  |  |  |  |  |  |  |  |  |  |  


Copyright (C) 2015 Peter Boyle, Azusa Yamaguchi, Guido Cossu, Antonin Portelli and other authors

This program is free software; you can redistribute it and/or modify
it under the terms of the GNU General Public License as published by
the Free Software Foundation; either version 2 of the License, or
(at your option) any later version.

This program is distributed in the hope that it will be useful,
but WITHOUT ANY WARRANTY; without even the implied warranty of
MERCHANTABILITY or FITNESS FOR A PARTICULAR PURPOSE.  See the
GNU General Public License for more details.
Current Grid git commit hash=82d411ca7bb8ec4a5b5c3815df23674cfd291070: (HEAD -> develop, origin/develop, origin/HEAD) clean

Grid : Message : ================================================ 
Grid : Message : MPI is initialised and logging filters activated 
Grid : Message : ================================================ 
Grid : Message : This rank is running on host genoahost104.sdcc.bnl.local at local time 2026-02-27 11:54:53
Grid : Message : Requested 17179869184 byte stencil comms buffers 
Grid : Message : MemoryManager::Init() setting up
Grid : Message : MemoryManager::Init() cache pool for recent host   allocations: SMALL 8 LARGE 2 HUGE 0
Grid : Message : MemoryManager::Init() cache pool for recent device allocations: SMALL 16 LARGE 8 Huge 0
Grid : Message : MemoryManager::Init() cache pool for recent shared allocations: SMALL 16 LARGE 8 Huge 0
Grid : Message : MemoryManager::Init() Unified memory space
Sorting eigenvalues using EvalReSmall
Lattice size: [16 16 16 32]
Example_spec_kryschur: ../../Grid/communicator/SharedMemoryMPI.cc:434: static void Grid::GlobalSharedMemory::OptimalCommunicatorSharedMemory(const Coordinate&, ompi_communicator_t*&, Grid::Coordinate&): Assertion `WorldSize==Nprocessors' failed.
[genoahost104:620335] *** Process received signal ***
[genoahost104:620335] Signal: Aborted (6)
[genoahost104:620335] Signal code:  (-6)
[genoahost104:620335] [ 0] /lib64/libc.so.6(+0x3fc30)[0x15456723fc30]
[genoahost104:620335] [ 1] /lib64/libc.so.6(+0x8d02c)[0x15456728d02c]
[genoahost104:620335] [ 2] /lib64/libc.so.6(raise+0x16)[0x15456723fb86]
[genoahost104:620335] [ 3] /lib64/libc.so.6(abort+0xd3)[0x154567229873]
[genoahost104:620335] [ 4] /lib64/libc.so.6(+0x2979b)[0x15456722979b]
[genoahost104:620335] [ 5] /lib64/libc.so.6(+0x388c6)[0x1545672388c6]
[genoahost104:620335] [ 6] /direct/sdcc+u/poare/Grid/build/examples/./Example_spec_kryschur[0x4cc206]
[genoahost104:620335] [ 7] /direct/sdcc+u/poare/Grid/build/examples/./Example_spec_kryschur[0x4cc2f1]
[genoahost104:620335] [ 8] /direct/sdcc+u/poare/Grid/build/examples/./Example_spec_kryschur[0x4c7e95]
[genoahost104:620335] [ 9] /direct/sdcc+u/poare/Grid/build/examples/./Example_spec_kryschur[0x4b5f4f]
[genoahost104:620335] [10] /direct/sdcc+u/poare/Grid/build/examples/./Example_spec_kryschur[0x41180d]
[genoahost104:620335] [11] /lib64/libc.so.6(+0x2a610)[0x15456722a610]
[genoahost104:620335] [12] /lib64/libc.so.6(__libc_start_main+0x80)[0x15456722a6c0]
[genoahost104:620335] [13] /direct/sdcc+u/poare/Grid/build/examples/./Example_spec_kryschur[0x4147f5]
[genoahost104:620335] *** End of error message ***
srun: error: genoahost104: task 115: Aborted (core dumped)
srun: error: genoahost100: task 57: Aborted (core dumped)
srun: error: genoahost100: task 63: Aborted (core dumped)
srun: error: genoahost104: task 116: Aborted (core dumped)
srun: error: genoahost098: task 29: Aborted (core dumped)
srun: error: genoahost099: tasks 37,45: Aborted (core dumped)
srun: error: genoahost099: task 46: Aborted (core dumped)
srun: error: genoahost098: task 28: Aborted (core dumped)
srun: error: genoahost104: tasks 117,120: Aborted (core dumped)
srun: error: genoahost102: task 80: Aborted (core dumped)
srun: error: genoahost098: task 21: Aborted (core dumped)
srun: error: genoahost100: task 52: Aborted (core dumped)
srun: error: genoahost097: task 8: Aborted (core dumped)
srun: error: genoahost101: task 73: Aborted (core dumped)
srun: error: genoahost097: task 2: Aborted (core dumped)
srun: error: genoahost100: task 53: Aborted (core dumped)

__|__|__|__|__|__|__|__|__|__|__|__|__|__|__
__|__|__|__|__|__|__|__|__|__|__|__|__|__|__
__|_ |  |  |  |  |  |  |  |  |  |  |  | _|__
__|_                                    _|__
__|_   GGGG    RRRR    III    DDDD      _|__
__|_  G        R   R    I     D   D     _|__
__|_  G        R   R    I     D    D    _|__
__|_  G  GG    RRRR     I     D    D    _|__
__|_  G   G    R  R     I     D   D     _|__
__|_   GGGG    R   R   III    DDDD      _|__
__|_                                    _|__
__|__|__|__|__|__|__|__|__|__|__|__|__|__|__
__|__|__|__|__|__|__|__|__|__|__|__|__|__|__
  |  |  |  |  |  |  |  |  |  |  |  |  |  |  


Copyright (C) 2015 Peter Boyle, Azusa Yamaguchi, Guido Cossu, Antonin Portelli and other authors

This program is free software; you can redistribute it and/or modify
it under the terms of the GNU General Public License as published by
the Free Software Foundation; either version 2 of the License, or
(at your option) any later version.

This program is distributed in the hope that it will be useful,
but WITHOUT ANY WARRANTY; without even the implied warranty of
MERCHANTABILITY or FITNESS FOR A PARTICULAR PURPOSE.  See the
GNU General Public License for more details.
Current Grid git commit hash=82d411ca7bb8ec4a5b5c3815df23674cfd291070: (HEAD -> develop, origin/develop, origin/HEAD) clean

Grid : Message : ================================================ 
Grid : Message : MPI is initialised and logging filters activated 
Grid : Message : ================================================ 
Grid : Message : This rank is running on host genoahost099.sdcc.bnl.local at local time 2026-02-27 11:54:58
Grid : Message : Requested 17179869184 byte stencil comms buffers 
Grid : Message : MemoryManager::Init() setting up
Grid : Message : MemoryManager::Init() cache pool for recent host   allocations: SMALL 8 LARGE 2 HUGE 0
Grid : Message : MemoryManager::Init() cache pool for recent device allocations: SMALL 16 LARGE 8 Huge 0
Grid : Message : MemoryManager::Init() cache pool for recent shared allocations: SMALL 16 LARGE 8 Huge 0
Grid : Message : MemoryManager::Init() Unified memory space
Sorting eigenvalues using EvalReSmall
Lattice size: [16 16 16 32]
Example_spec_kryschur: ../../Grid/communicator/SharedMemoryMPI.cc:434: static void Grid::GlobalSharedMemory::OptimalCommunicatorSharedMemory(const Coordinate&, ompi_communicator_t*&, Grid::Coordinate&): Assertion `WorldSize==Nprocessors' failed.
[genoahost099:1601368] *** Process received signal ***
[genoahost099:1601368] Signal: Aborted (6)
[genoahost099:1601368] Signal code:  (-6)
[genoahost099:1601368] [ 0] /lib64/libc.so.6(+0x3fc30)[0x14617723fc30]
[genoahost099:1601368] [ 1] /lib64/libc.so.6(+0x8d02c)[0x14617728d02c]
[genoahost099:1601368] [ 2] /lib64/libc.so.6(raise+0x16)[0x14617723fb86]
[genoahost099:1601368] [ 3] /lib64/libc.so.6(abort+0xd3)[0x146177229873]
[genoahost099:1601368] [ 4] /lib64/libc.so.6(+0x2979b)[0x14617722979b]
[genoahost099:1601368] [ 5] /lib64/libc.so.6(+0x388c6)[0x1461772388c6]
[genoahost099:1601368] [ 6] /direct/sdcc+u/poare/Grid/build/examples/./Example_spec_kryschur[0x4cc206]
[genoahost099:1601368] [ 7] /direct/sdcc+u/poare/Grid/build/examples/./Example_spec_kryschur[0x4cc2f1]
[genoahost099:1601368] [ 8] /direct/sdcc+u/poare/Grid/build/examples/./Example_spec_kryschur[0x4c7e95]
[genoahost099:1601368] [ 9] /direct/sdcc+u/poare/Grid/build/examples/./Example_spec_kryschur[0x4b5f4f]
[genoahost099:1601368] [10] /direct/sdcc+u/poare/Grid/build/examples/./Example_spec_kryschur[0x41180d]
[genoahost099:1601368] [11] /lib64/libc.so.6(+0x2a610)[0x14617722a610]
[genoahost099:1601368] [12] /lib64/libc.so.6(__libc_start_main+0x80)[0x14617722a6c0]
[genoahost099:1601368] [13] /direct/sdcc+u/poare/Grid/build/examples/./Example_spec_kryschur[0x4147f5]
[genoahost099:1601368] *** End of error message ***
srun: error: genoahost099: task 39: Aborted (core dumped)
srun: error: genoahost104: task 123: Aborted (core dumped)
srun: error: genoahost103: tasks 96,102: Aborted (core dumped)
srun: error: genoahost097: task 11: Aborted (core dumped)
srun: error: genoahost103: task 100: Aborted (core dumped)
srun: error: genoahost101: task 64: Aborted (core dumped)
srun: error: genoahost099: task 36: Aborted (core dumped)
srun: error: genoahost102: task 93: Aborted (core dumped)
srun: error: genoahost101: tasks 65,76: Aborted (core dumped)
srun: error: genoahost101: task 74: Aborted (core dumped)
srun: error: genoahost102: task 81: Aborted (core dumped)
srun: error: genoahost102: task 83: Aborted (core dumped)
